html_url,id,names.types.ror_display,status,types,names.types.alias,names.types.label,names.types.acronym,links.type.website,links.type.wikipedia,domains,established,external_ids.type.fundref.all,external_ids.type.fundref.preferred,external_ids.type.grid.all,external_ids.type.grid.preferred,external_ids.type.isni.all,external_ids.type.isni.preferred,external_ids.type.wikidata.all,external_ids.type.wikidata.preferred,city,country,locations.geonames_id,ror_id,parent,child,related,successor,predecessor
,https://ror.org/04p87ck46,Niimi University*en,active,education,,Niimi University*en; 新見公立大学*ja,,https://www.niimi-u.ac.jp/,https://ja.wikipedia.org/wiki/%E6%96%B0%E8%A6%8B%E5%85%AC%E7%AB%8B%E5%A4%A7%E5%AD%A6,niimi-u.ac.jp,2010,,,,,,,Q3551856,Q3551856,Niimi,Japan,1855416,,,,,,https://ror.org/00z2xnx25
,https://ror.org/01rbder42,Kawasaki City College of Nursing*en,active,education,,Kawasaki City College of Nursing*en; 川崎市立看護大学*ja,,https://www.kawasaki-cn.ac.jp/,,kawasaki-cn.ac.jp,2022,,,,,,,,,Kawasaki,Japan,1859642,,,,,,https://ror.org/02kk7cr85
,https://ror.org/025m0xt81,Tohoku Professional University of Agriculture and Forestry*en,active,education,,Tohoku Professional University of Agriculture and Forestry*en; 東北農林専門職大学*ja,,https://tpuaf.ac.jp/university/,https://ja.wikipedia.org/wiki/東北農林専門職大学,,2024,,,,,,,Q125926535,Q125926535,Shinjō,Japan,2111065,,,,,,
,https://ror.org/04t3x5555,Asahikawa City University Junior College*en,active,education,Asahikawa University Junior College*en,Asahikawa City University Junior College*en; 旭川市立大学短期大学部*ja,,https://www.asahikawa-u.ac.jp/,https://ja.wikipedia.org/wiki/旭川市立大学短期大学部,asahikawa-u.ac.jp,1964,,,,,,,Q119712742,Q119712742,Asahikawa,Japan,2130629,,https://ror.org/03vgqy581,,,,
,https://ror.org/01rbxcg91,The University of Aizu Junior College Division*en,active,education,,The University of Aizu Junior College Division*en; 会津大学短期大学部*ja,,https://www.jc.u-aizu.ac.jp/,https://ja.wikipedia.org/wiki/会津大学短期大学部,jc.u-aizu.ac.jp,1951,,,,,,,Q11381235,Q11381235,Aizu-Wakamatsu,Japan,6822148,,https://ror.org/02pg0e883,,,,
,https://ror.org/00vzkmz75,"Iwate Prefectural University, Miyako Junior College*en",active,education,Miyako Junior College*en,"Iwate Prefectural University, Miyako Junior College*en; 岩手県立大学宮古短期大学部*ja",,https://www-myk.iwate-pu.ac.jp/,https://ja.wikipedia.org/wiki/岩手県立大学宮古短期大学部,iwate-pu.ac.jp,1990,,,,,,,Q6884265,Q6884265,Miyako,Japan,2111884,,https://ror.org/054dx8336,,,,
,https://ror.org/0058gw980,"Morioka Junior College, Iwate Prefectural University*en",active,education,,"Morioka Junior College, Iwate Prefectural University*en; 岩手県立大学盛岡短期大学部*ja; Iwate Prefectural University, Morioka Junior College*en",,https://www.iwate-pu.ac.jp/academics/junior-college/morioka,https://ja.wikipedia.org/wiki/%E5%B2%A9%E6%89%8B%E7%9C%8C%E7%AB%8B%E5%A4%A7%E5%AD%A6%E7%9B%9B%E5%B2%A1%E7%9F%AD%E6%9C%9F%E5%A4%A7%E5%AD%A6%E9%83%A8,,1951,,,,,,,Q6912296,Q6912296,Takizawa,Japan,11611224,,https://ror.org/054dx8336,,,,
,https://ror.org/01jgxj038,Ministry of Foreign Affairs of Japan*en,active,government,,Ministry of Foreign Affairs of Japan*en; 外務省*ja,MOFA*en,https://www.mofa.go.jp/,https://ja.wikipedia.org/wiki/外務省,mofa.go.jp,1869,,,,,0000 0001 2170 4152,0000 0001 2170 4152,Q222241,Q222241,Tokyo,Japan,1850147,,,,,,
,https://ror.org/017a22487,National Police Agency*en,active,government,,National Police Agency*en; 警察庁*ja,NPA*en,https://www.npa.go.jp/,https://ja.wikipedia.org/wiki/警察庁,npa.go.jp,1954,,,,,0000 0001 0740 4575,0000 0001 0740 4575,Q154200,Q154200,Tokyo,Japan,1850147,,,https://ror.org/0155e5d19; https://ror.org/03g9ek587,,,
,https://ror.org/046402m75,Public Security Intelligence Agency*en,active,government,,Public Security Intelligence Agency*en; 公安調査庁*ja,,https://www.moj.go.jp/psia/,https://ja.wikipedia.org/wiki/公安調査庁,,1952,,,,,,,Q1346667,Q1346667,Tokyo,Japan,1850147,,https://ror.org/05tjbsh85,,,,
,https://ror.org/015d8pj67,National Tax Agency*en,active,government,,National Tax Agency*en; 国税庁*ja,,https://www.nta.go.jp,https://ja.wikipedia.org/wiki/国税庁,nta.go.jp,1949,,,,,,,Q11421205,Q11421205,Tokyo,Japan,1850147,,https://ror.org/03x529519,https://ror.org/03z692463,,,
,https://ror.org/044fnrk44,Fire and Disaster Management Agency*en,active,government,,Fire and Disaster Management Agency*en; 消防庁*ja,FDMA*en,https://www.fdma.go.jp/,https://ja.wikipedia.org/wiki/消防庁,fdma.go.jp,1960,,,,,0000 0001 0744 6054,0000 0001 0744 6054,Q6477686,Q6477686,Tokyo,Japan,1850147,,,,https://ror.org/00arw9a52,,
,https://ror.org/04vv3cn72,Fisheries Agency*en,active,government,Fisheries Agency*en,Fisheries Agency*en; 水産庁*ja,,https://www.jfa.maff.go.jp/e/,https://ja.wikipedia.org/wiki/水産庁,,1948,,,,,,,Q11548989,Q11548989,Tokyo,Japan,1850147,,,,,,
,https://ror.org/04tk1hm87,Economic and Social Research Institute*en,active,government,,Economic and Social Research Institute*en; 経済社会総合研究所*ja,ESRI*en,https://www.esri.cao.go.jp/index-e.html,https://ja.wikipedia.org/wiki/経済社会総合研究所,,2001,,,,,0000 0001 2225 3824,0000 0001 2225 3824,Q11606477,Q11606477,Tokyo,Japan,1850147,,https://ror.org/007f5s288,,,,
,https://ror.org/00j6vfx17,Naval Systems Research Center*en,active,government,,Naval Systems Research Center*en; 艦艇装備研究所*ja,,,,,2006,,,,,,,Q108804821,Q108804821,Tokyo,Japan,1850147,,,,https://ror.org/05axzm004,,
,https://ror.org/044kx7750,Air Systems Research Center*en,active,government,,Air Systems Research Center*en; 航空装備研究所*ja,,,,,2015,,,,,,,Q108804819,Q108804819,Tachikawa,Japan,11611487,,,,https://ror.org/05axzm004,,
,https://ror.org/05azer930,Future Capabilities Development Center*en,active,government,次世代装備研究所*ja,Future Capabilities Development Center*en; 新世代装備研究所*ja,,,,,2021,,,,,,,,,Tokyo,Japan,1850147,,https://ror.org/05axzm004,,,,
,https://ror.org/00k09a054,Ground Systems Research Center*en,active,government,,Ground Systems Research Center*en; 陸上装備研究所*ja,,,,,,,,,,,,Q108804820,Q108804820,Sagamihara,Japan,11611609,,https://ror.org/05axzm004,,,,
,https://ror.org/02qdj6q38,"National Institute of Maritime, Port and Aviation Technology*en",active,government,,"National Institute of Maritime, Port and Aviation Technology*en; 海上・港湾・航空技術研究所*ja",MPAT*en,https://www.mpat.go.jp/,https://ja.wikipedia.org/wiki/海上・港湾・航空技術研究所,mpat.go.jp,2016,,,,,,,Q24865283,Q24865283,Mitaka,Japan,11790343,,,https://ror.org/02wxcdf69; https://ror.org/05r26zf79; https://ror.org/000050t83,,,
,https://ror.org/003gm7003,Japan Agency of Maritime Education and Training for Seafarers*en,active,government,Marine Technical Education Agency*en,Japan Agency of Maritime Education and Training for Seafarers*en; 海技教育機構*ja,JMETS*en,https://www.jmets.ac.jp/,https://ja.wikipedia.org/wiki/海技教育機構,jmets.ac.jp,2016,,,,,,,Q11558940,Q11558940,Yokohama,Japan,1848354,,,,,,
,https://ror.org/02f7zp262,"Japan Organization for Employment of the Elderly, Persons with Disabilities and Job Seekers*en",active,government,Japan Organization for Employment of the Elderly and Persons with Disabilities*en,"Japan Organization for Employment of the Elderly, Persons with Disabilities and Job Seekers*en; 高齢・障害・求職者雇用支援機構*ja",JEED*en,https://www.jeed.go.jp,https://ja.wikipedia.org/wiki/高齢・障害・求職者雇用支援機構,jeed.go.jp,2003,,,,,,,Q11673322,Q11673322,Chiba,Japan,2113015,,,,https://ror.org/02f0psx94,,
,https://ror.org/024azge89,Northern Territories Issue Association*en,active,government,,Northern Territories Issue Association*en; 北方領土問題対策協会*ja,,https://www.hoppou.go.jp/,https://ja.wikipedia.org/wiki/北方領土問題対策協会,hoppou.go.jp,2003,,,,,,,Q11401847,Q11401847,Tokyo,Japan,1850147,,,,,,
,https://ror.org/0158cd746,Organization for Technical Intern Training*en,active,government,,Organization for Technical Intern Training*en; 外国人技能実習機構*ja,OTIT*en,https://www.otit.go.jp/,https://ja.wikipedia.org/wiki/外国人技能実習機構,otit.go.jp,2017,,,,,,,Q30927319,Q30927319,Tokyo,Japan,1850147,,,,,,
,https://ror.org/052cve260,Japan Financial Literacy and Education Corporation*en,active,government,,Japan Financial Literacy and Education Corporation*en; 金融経済教育推進機構*ja,J-FLEC*en,https://www.j-flec.go.jp/,https://ja.wikipedia.org/wiki/金融経済教育推進機構,j-flec.go.jp,2024,,,,,,,Q132976692,Q132976692,Tokyo,Japan,1850147,,,,,,
,https://ror.org/04k9ehr77,Banks' Shareholdings Purchase Corporation*en,active,government,,Banks' Shareholdings Purchase Corporation*en; 銀行等保有株式取得機構*ja,,https://www.bspc.jp/,,bspc.jp,2002,,,,,,,,,Tokyo,Japan,1850147,,,,,,
,https://ror.org/056h68362,Nuclear Damage Compensation and Decommissioning Facilitation Corporation*en,active,government,,Nuclear Damage Compensation and Decommissioning Facilitation Corporation*en; 原子力損害賠償・廃炉等支援機構*ja,NDF*en,https://www.ndf.go.jp,https://ja.wikipedia.org/wiki/原子力損害賠償・廃炉等支援機構,ndf.go.jp,2011,,,,,,,Q11409520,Q11409520,Tokyo,Japan,1850147,,,,,,
,https://ror.org/059zxgq90,Nuclear Reprocessing and Decommissioning facilitation Organization of Japan*en,active,government,Nuclear Reprocessing Organization of Japan*en; 使用済燃料再処理機構*ja,Nuclear Reprocessing and Decommissioning facilitation Organization of Japan*en; 使用済燃料再処理・廃炉推進機構*ja,NuRO*en,https://www.nuro.or.jp/,https://ja.wikipedia.org/wiki/使用済燃料再処理・廃炉推進機構,nuro.or.jp,2016,,,,,,,Q27146997,Q27146997,Aomori,Japan,2130658,,,,,,
,https://ror.org/05p1r9m18,Osaka Bay Regional Offshore Environmental Improvement Center*en,active,government,,Osaka Bay Regional Offshore Environmental Improvement Center*en; 大阪湾広域臨海環境整備センター*ja,,https://www.osakawan-center.or.jp/,https://ja.wikipedia.org/wiki/大阪湾広域臨海環境整備センター,osakawan-center.or.jp,1982,,,,,,,Q11441522,Q11441522,Osaka,Japan,1853909,,,,,,
,https://ror.org/02m449e61,GX Acceleration Agency*en,active,government,,GX Acceleration Agency*en; 脱炭素成長型経済構造移行推進機構*ja; GX推進機構*ja; Organization for the Promotion of Decarbonized Growth Economic Structure Transition*en,GXA*en,https://www.gxa.go.jp/,,gxa.go.jp,2024,,,,,,,,,Tokyo,Japan,1850147,,,,,,
,https://ror.org/00kshn604,"Organization for Cross-regional Coordination of Transmission Operators, Japan*en",active,government,,"Organization for Cross-regional Coordination of Transmission Operators, Japan*en; 電力広域的運営推進機関*ja",OCCTO*en,https://www.occto.or.jp/,https://ja.wikipedia.org/wiki/電力広域的運営推進機関,occto.or.jp,2015,,,,,,,Q19753441,Q19753441,Tokyo,Japan,1850147,,,,,,
,https://ror.org/02jprr117,Agricultural and Fishery Co-operative Savings Insurance Corporation*en,active,government,,Agricultural and Fishery Co-operative Savings Insurance Corporation*en; 農水産業協同組合貯金保険機構*ja,SIC*en,https://www.sic.or.jp/,https://ja.wikipedia.org/wiki/農水産業協同組合貯金保険機構,sic.or.jp,1973,,,,,,,Q17215222,Q17215222,Tokyo,Japan,1850147,,,,,,
,https://ror.org/051bpez68,Deposit Insurance Corporation of Japan*en,active,government,,Deposit Insurance Corporation of Japan*en; 預金保険機構*ja,DICJ*en,https://www.dic.go.jp/,https://ja.wikipedia.org/wiki/預金保険機構,dic.go.jp,1971,,,,,,,Q3024278,Q3024278,Tokyo,Japan,1850147,,,,,,
,https://ror.org/05v44vg62,Aichi Prefectural Institute of Public Health*en,active,government,,Aichi Prefectural Institute of Public Health*en; 愛知県衛生研究所*ja,,https://www.pref.aichi.jp/eiseiken/,https://ja.wikipedia.org/wiki/愛知県衛生研究所,,1948,,,,,,,Q94579025,Q94579025,Nagoya,Japan,1856057,,https://ror.org/05gtpxs59,,,,
,https://ror.org/00gwkdn37,Aichi Environmental Research Center*en,active,facility,,Aichi Environmental Research Center*en; 愛知県環境調査センター*ja,AERC*en,https://www.pref.aichi.jp/kankyo-c/,,,1970,,,,,,,,,Nagoya,Japan,1856057,,https://ror.org/05gtpxs59,,,,
,https://ror.org/01dd5q076,Aichi Fisheries Research Institute*en,active,facility,,Aichi Fisheries Research Institute*en; 愛知県水産試験場*ja,,https://www.pref.aichi.jp/site/suisanshiken/,,,,,,,,,,,,Gamagōri,Japan,1863693,,https://ror.org/05gtpxs59,,,,
,https://ror.org/05gpv5q82,Aichi Psychiatric Medical Center*en,active,healthcare,,Aichi Psychiatric Medical Center*en; 愛知県精神医療センター*ja,,https://apmc.pref.aichi.jp/,https://ja.wikipedia.org/wiki/愛知県精神医療センター,apmc.pref.aichi.jp,1932,,,,,,,Q11494194,Q11494194,Nagoya,Japan,1856057,,,,,,
,https://ror.org/03dnysm98,Aichi Agricultural Research Center*en,active,facility,,Aichi Agricultural Research Center*en; 愛知県農業総合試験場*ja,,https://www.pref.aichi.jp/site/nososi/,https://ja.wikipedia.org/wiki/%E6%84%9B%E7%9F%A5%E7%9C%8C%E8%BE%B2%E6%A5%AD%E7%B7%8F%E5%90%88%E8%A9%A6%E9%A8%93%E5%A0%B4,,1966,,,,,,,Q117814482,Q117814482,Nagakute,Japan,11611613,,https://ror.org/05gtpxs59,,,,
,https://ror.org/00ht8k307,Ehime Prefectural Police*en,active,government,,Ehime Prefectural Police*en; 愛媛県警察*ja,,https://www.police.pref.ehime.jp/,https://ja.wikipedia.org/wiki/愛媛県警察,police.pref.ehime.jp,,,,,,,,Q11493680,Q11493680,Matsuyama,Japan,1926099,,,,,,
,https://ror.org/02wvfa390,Ehime Institute of Industrial Technology*en,active,facility,,Ehime Institute of Industrial Technology*en; 愛媛県産業技術研究所*ja,,https://www.pref.ehime.jp/page/9337.html,,,,,,,,,,,,Matsuyama,Japan,1926099,,https://ror.org/05jvtxd47,https://ror.org/042ag0556,,,
,https://ror.org/036jbxs25,Ehime Prefectural Institute of Public Health and Environmental Science*en,active,government,,Ehime Prefectural Institute of Public Health and Environmental Science*en; 愛媛県立衛生環境研究所*ja,,https://www.pref.ehime.jp/soshiki/59/,,,,,,,,,,,,Tōon,Japan,11611474,,https://ror.org/05jvtxd47,,,,
,https://ror.org/02xw27y14,Asahikawa Municipal Industrial Technology Center*en,active,facility,,Asahikawa Municipal Industrial Technology Center*en; 旭川市工業技術センター*ja,,,,,,,,,,,,,,Asahikawa,Japan,2130629,,,,,,
,https://ror.org/04fxx2f72,Asahikawa Industrial Arts Center*en,active,government,,Asahikawa Industrial Arts Center*en; 旭川市工芸センター*ja,,https://www.city.asahikawa.hokkaido.jp/kurashi/364/365/369/d053192.html,,,1955,,,,,,,,,Asahikawa,Japan,2130629,,,,,,
,https://ror.org/00th4sq50,Okinawa Industrial Technology Center*en,active,facility,,Okinawa Industrial Technology Center*en; 沖縄県工業技術センター*ja,,https://www.pref.okinawa.jp/shigoto/kenkyu/1011573/index.html,,,1959,,,,,,,,,Uruma,Japan,6822153,,,,,,
,https://ror.org/04q0g8q62,Okinawa Crafts Promotion Center*en,active,facility,沖縄県工芸技術支援センター*ja,Okinawa Crafts Promotion Center*en; 沖縄県工芸振興センター*ja,,https://www.pref.okinawa.lg.jp/shigoto/kogyo/1011626/1011647/index.html,,,1974,,,,,,,,,Tomigusuku,Japan,1850108,,,,,,
,https://ror.org/03ysqn907,Kaga Medical Center*en,active,healthcare,,Kaga Medical Center*en; 加賀市医療センター*ja,,https://kagacityhp.jp/,,kagacityhp.jp,2016,,,,,,,,,Kaga,Japan,6822141,,,,,,
,https://ror.org/00rsqww47,Iwate Prefectural Police*en,active,government,,Iwate Prefectural Police*en; 岩手県警察*ja,,https://www.pref.iwate.jp/kenkei/,,,,,,,,,,,,Morioka,Japan,2111834,,,,,,
,https://ror.org/04qaba707,Iwate Agricultural Research Center*en,active,facility,,Iwate Agricultural Research Center*en; 岩手県農業研究センター*ja,,https://www.pref.iwate.jp/agri/nouken/index.html,,,,,,,,,,,,Kitakami,Japan,2112227,,https://ror.org/05g6ct380,,,,
,https://ror.org/00595q774,Iwate Prefectural Chubu Hospital*en,active,healthcare,,Iwate Prefectural Chubu Hospital*en; 岩手県立中部病院*ja,,https://www.chubu-hp.com/,https://ja.wikipedia.org/wiki/岩手県立中部病院,chubu-hp.com,2009,,,,,,,Q60985755,Q60985755,Kitakami,Japan,2112227,,,,,,
,https://ror.org/01x02ev64,Miyazaki Prefectural Police*en,active,government,,Miyazaki Prefectural Police*en; 宮崎県警察*ja,,https://www.pref.miyazaki.lg.jp/police/,,,,,,,,,,,,Miyazaki,Japan,1856717,,,,,,
,https://ror.org/02gqct795,Miyagi Prefecture Environmental Radiation Monitoring Center*en,active,facility,宮城県原子力センター*ja,Miyagi Prefecture Environmental Radiation Monitoring Center*en; 宮城県環境放射線監視センター*ja,,https://ermc.pref.miyagi.jp/,,ermc.pref.miyagi.jp,,,,,,,,,,Sendai,Japan,2111149,,https://ror.org/016nnmm16,,,,
,https://ror.org/03bh5pg97,Miyagi Prefectural Police*en,active,government,,Miyagi Prefectural Police*en; 宮城県警察*ja,,https://www.police.pref.miyagi.jp/,,police.pref.miyagi.jp,,,,,,,,,,Sendai,Japan,2111149,,,https://ror.org/04kze4f18,,,
,https://ror.org/014f8ms73,"Industrial Technology Institute, Miyagi Prefectural Government*en",active,facility,,"Industrial Technology Institute, Miyagi Prefectural Government*en; 宮城県産業技術総合センター*ja",,https://www.mit.pref.miyagi.jp/,,mit.pref.miyagi.jp,1968,,,,,,,,,Sendai,Japan,2111149,,https://ror.org/016nnmm16,,,,
,https://ror.org/00rnbhy12,Miyagi Prefectural Institute of Public Health and Environment*en,active,facility,,Miyagi Prefectural Institute of Public Health and Environment*en; 宮城県保健環境センター*ja,,https://www.pref.miyagi.jp/site/hokans/,,,,,,,,,,,,Sendai,Japan,2111149,,https://ror.org/016nnmm16,,,,
,https://ror.org/00wy31x60,Kyoto City General Education Center*en,active,facility,,Kyoto City General Education Center*en; 京都市総合教育センター*ja,,https://skc-cms.edu.city.kyoto.jp/sogokyoiku/,,,1986,,,,,,,,,Kyoto,Japan,1857910,,,,,,
,https://ror.org/017ytjn57,Gunma Agricultural Technology Center*en,active,facility,Agricultural Technology Center of Gunma Prefecture*en,Gunma Agricultural Technology Center*en; 群馬県農業技術センター*ja,,https://www.pref.gunma.jp/soshiki/139/,,,2003,,,,,,,,,Isesaki,Japan,1861436,,https://ror.org/03ggkx359,,,,
,https://ror.org/00ncaj706,Ariake Medical Center*en,active,healthcare,Arao Municipal Hospital*en,Ariake Medical Center*en; 荒尾市立有明医療センター*ja,,https://www.hospital.arao.kumamoto.jp/,,hospital.arao.kumamoto.jp,1941,,,,,,,,,Arao,Japan,11274040,,,,,,
,https://ror.org/00cb7ax41,Kagawa Prefectural Research Institute for Environmental Sciences and Public Health*en,active,facility,,Kagawa Prefectural Research Institute for Environmental Sciences and Public Health*en; 香川県環境保健研究センター*ja,,https://www.pref.kagawa.lg.jp/kanpoken/index.html,,,2002,,,,,,,,,Takamatsu,Japan,1851100,,https://ror.org/05fsqrn62,,,,
,https://ror.org/04z3wdm90,Kagawa Prefectural Education Center*en,active,education,,Kagawa Prefectural Education Center*en; 香川県教育センター*ja,,https://www.kagawa-edu.jp/educ01/,,,,,,,,,,,,Takamatsu,Japan,1851100,,,,,,
,https://ror.org/04h0t6460,Kagawa Prefectural Police*en,active,government,,Kagawa Prefectural Police*en; 香川県警察*ja,,https://www.pref.kagawa.lg.jp/police/,https://ja.wikipedia.org/wiki/香川県警察,,1954,,,,,,,Q11667414,Q11667414,Takamatsu,Japan,1851100,,,,,,
,https://ror.org/0570vda73,Kagawa Prefectural Fisheries Experimental Station*en,active,facility,,Kagawa Prefectural Fisheries Experimental Station*en; 香川県水産試験場*ja,,https://www.pref.kagawa.lg.jp/suisanshiken/,,,,,,,,,,,,Takamatsu,Japan,1851100,,https://ror.org/05fsqrn62,,https://ror.org/002tq9174,,
,https://ror.org/02thvyd57,Kochi Prefectural Industrial Technology Center*en,active,facility,,Kochi Prefectural Industrial Technology Center*en; 高知県工業技術センター*ja,,https://www.pref.kochi.lg.jp/itc/,,,1941,,,,,,,,,Kochi,Japan,1859146,,https://ror.org/00xcsac28,,,,
,https://ror.org/04qbv8786,Minamata City General Hospital and Medical Center*en,active,healthcare,,Minamata City General Hospital and Medical Center*en; 国保水俣市立総合医療センター*ja,,https://minamata-hp.jp/,https://ja.wikipedia.org/wiki/%E5%9B%BD%E4%BF%9D%E6%B0%B4%E4%BF%A3%E5%B8%82%E7%AB%8B%E7%B7%8F%E5%90%88%E5%8C%BB%E7%99%82%E3%82%BB%E3%83%B3%E3%82%BF%E3%83%BC,minamata-hp.jp,1953,,,,,,,Q11420472,Q11420472,Minamata,Japan,1857208,,,,,,
,https://ror.org/03mn2yn48,Saga Agricultural Research Center*en,active,facility,Saga Prefectural Agricultural Research Center*en,Saga Agricultural Research Center*en; 佐賀県農業試験研究センター*ja,,https://www.pref.saga.lg.jp/kiji00322235/index.html,,,,,,,,,,,,Saga,Japan,1853303,,https://ror.org/02f3v2286,,,,
,https://ror.org/01xgpn880,Saga Ceramics Research Laboratory*en,active,facility,,Saga Ceramics Research Laboratory*en; 佐賀県窯業技術センター*ja,,https://www.scrl.gr.jp/,,scrl.gr.jp,1928,,,,,,,,,Arita,Japan,1865103,,https://ror.org/02f3v2286,,,,
,https://ror.org/01jvz9590,Saitama Prefectural Institute of Public Health*en,active,government,Saitama Institute of Public Health*en,Saitama Prefectural Institute of Public Health*en; 埼玉県衛生研究所*ja,,https://www.pref.saitama.lg.jp/soshiki/b0714/index.html,,,1953,,,,,,,,,Yoshimi,Japan,1848179,,https://ror.org/03ykm7q16,,,,
,https://ror.org/059tb9q13,Yamagata Prefectural Advanced Technology Research and Development Center*en,active,facility,Yamagata Advanced Technology Research and Development Center*en,Yamagata Prefectural Advanced Technology Research and Development Center*en; 山形県高度技術研究開発センター*ja,,,,,,,,,,,,,,Yamagata,Japan,2110556,,https://ror.org/04k6amx66,,https://ror.org/03axg0947,,
,https://ror.org/00xnzcc29,Shiga Prefectural Institute of Public Health*en,active,government,,Shiga Prefectural Institute of Public Health*en; 滋賀県衛生科学センター*ja,,https://www.pref.shiga.lg.jp/eiseikagaku/,,,,,,,,,,,,Ōtsu,Japan,1853574,,https://ror.org/03mffej36,,,,
,https://ror.org/00f3rjp31,Shiga Prefectural Police*en,active,government,,Shiga Prefectural Police*en; 滋賀県警察*ja,,https://www.pref.shiga.lg.jp/police/,https://ja.wikipedia.org/wiki/滋賀県警察,,,,,,,,,Q11564697,Q11564697,Ōtsu,Japan,1853574,,,,,,
,https://ror.org/01e1z7129,Lake Biwa Environmental Research Institute*en,active,facility,,Lake Biwa Environmental Research Institute*en; 滋賀県琵琶湖環境科学研究センター*ja,,https://www.lberi.jp/,,lberi.jp,2005,,,,,,,,,Ōtsu,Japan,1853574,,https://ror.org/03mffej36,,,,
,https://ror.org/03nqesb62,Kagoshima Prefectural Institute of Environmental Radiation Research and Monitoring*en,active,facility,,Kagoshima Prefectural Institute of Environmental Radiation Research and Monitoring*en; 鹿児島県環境放射線監視センター*ja,,https://www.pref.kagoshima.jp/aj02/infra/energy/atomic/1_2gouki/index3.html,,,,,,,,,,,,Satsumasendai,Japan,1852736,,https://ror.org/05xsza309,,,,
,https://ror.org/00bdg2728,Akita Agricultural Experiment Station*en,active,facility,Akita Prefectural Agricultural Experiment Station*en,Akita Agricultural Experiment Station*en; 秋田県農業試験場*ja,,https://www.pref.akita.lg.jp/pages/genre/agri-ex,,,1891,,,,,,,,,Akita,Japan,2113126,,https://ror.org/00ytawf04,,,,
,https://ror.org/052z2my14,Niigata Prefectural Institute of Public Health and Environmental Sciences*en,active,government,,Niigata Prefectural Institute of Public Health and Environmental Sciences*en; 新潟県保健環境科学研究所*ja,,https://www.pref.niigata.lg.jp/sec/hokanken/,,,1971,,,,,,,Q107438761,Q107438761,Niigata,Japan,1855431,,https://ror.org/05kapbh20,,,,
,https://ror.org/04jfp3d15,Kanagawa Prefectural Fisheries Technology Center*en,active,facility,,Kanagawa Prefectural Fisheries Technology Center*en; 神奈川県水産技術センター*ja,,https://www.pref.kanagawa.jp/docs/mx7/index.html,,,1912,,,,,,,,,Miura,Japan,1907309,,https://ror.org/0305wnm79,,,,
,https://ror.org/02w07sg98,Kanagawa Prefectural Livestock Industry Technology Center*en,active,facility,,Kanagawa Prefectural Livestock Industry Technology Center*en; 神奈川県畜産技術センター*ja,,https://www.pref.kanagawa.jp/div/1622/index.html,,,,,,,,,,,,Ebina,Japan,6822128,,https://ror.org/0305wnm79,,,,
,https://ror.org/0579fvb89,Kanagawa Agricultural Technology Center*en,active,facility,,Kanagawa Agricultural Technology Center*en; 神奈川県農業技術センター*ja,,https://www.pref.kanagawa.jp/div/1611/,,,2005,,,,,,,,,Hiratsuka,Japan,1862462,,https://ror.org/0305wnm79,,,,
,https://ror.org/00djmmy48,Mizunami City Ceramic Industrial Technical Laboratory*en,active,facility,,Mizunami City Ceramic Industrial Technical Laboratory*en; 瑞浪市窯業技術研究所*ja,,https://www.city.mizunami.lg.jp/sangyou_business/gijutsu_labo/,https://ja.wikipedia.org/wiki/%E7%91%9E%E6%B5%AA%E5%B8%82%E7%AA%AF%E6%A5%AD%E6%8A%80%E8%A1%93%E7%A0%94%E7%A9%B6%E6%89%80,,1969,,,,,,,Q109359423,Q109359423,Mizunami,Japan,1856667,,,,,,
,https://ror.org/00j3b9a73,Sendai City Education Center*en,active,facility,,Sendai City Education Center*en; 仙台市教育センター*ja,,https://sites.google.com/g.sendai-c.ed.jp/center,,,,,,,,,,,,Sendai,Japan,2111149,,,,,,
,https://ror.org/02xhpff16,Chiba Prefectural Agriculture and Forestry Research Center*en,active,facility,,Chiba Prefectural Agriculture and Forestry Research Center*en; 千葉県農林総合研究センター*ja,,https://www.pref.chiba.lg.jp/lab-nourin/,,,1908,,,,,,,,,Chiba,Japan,2113015,,https://ror.org/05y846g09,https://ror.org/0268fey62,,,
,https://ror.org/02etc5a69,Kawasaki Municipal Ida Hospital*en,active,healthcare,,Kawasaki Municipal Ida Hospital*en; 川崎市立井田病院*ja,,https://www.city.kawasaki.jp/ida_hospital/,https://ja.wikipedia.org/wiki/%E5%B7%9D%E5%B4%8E%E5%B8%82%E7%AB%8B%E4%BA%95%E7%94%B0%E7%97%85%E9%99%A2,,1949,,,,,,,Q131105828,Q131105828,Kawasaki,Japan,1859642,,,,,,
,https://ror.org/01zsn5506,Kawasaki Municipal Tama Hospital*en,active,healthcare,,Kawasaki Municipal Tama Hospital*en; 川崎市立多摩病院*ja,,https://tama.marianna-u.ac.jp/,https://ja.wikipedia.org/wiki/%E5%B7%9D%E5%B4%8E%E5%B8%82%E7%AB%8B%E5%A4%9A%E6%91%A9%E7%97%85%E9%99%A2,tama.marianna-u.ac.jp,2006,,,,,,,Q11478432,Q11478432,Kawasaki,Japan,1859642,,,,https://ror.org/043axf581,,
,https://ror.org/0283z8740,Sagamihara City Institute of Public Health*en,active,facility,"Institute of Public Health, Sagamihara City*en",Sagamihara City Institute of Public Health*en; 相模原市衛生研究所*ja,,https://www.city.sagamihara.kanagawa.jp/kosodate/kenko/1026624/eiseishikenjo/index.html,,,2000,,,,,,,,,Sagamihara,Japan,11611609,,,,,,
,https://ror.org/04qf6y061,Sagamihara City Environmental Information Center*en,active,facility,エコパークさがみはら*ja; 相模原市環境情報センター*ja,Sagamihara City Environmental Information Center*en; 相模原市立環境情報センター*ja,,https://www.ecopark-sagamihara.com/,,ecopark-sagamihara.com,,,,,,,,,,Sagamihara,Japan,11611609,,,,,,
,https://ror.org/05etq9d46,Tajimi City Hospital*en,active,healthcare,,Tajimi City Hospital*en; 多治見市民病院*ja,,https://kouseikai-tajimi-shimin.jp/,,kouseikai-tajimi-shimin.jp,,,,,,,,,,Tajimi,Japan,1851193,,,,,,
,https://ror.org/02q8gfh22,Odate Municipal General Hospital*en,active,healthcare,,Odate Municipal General Hospital*en; 大館市立総合病院*ja,,https://www.odate-hp.odate.akita.jp/,https://ja.wikipedia.org/wiki/大館市立総合病院,odate-hp.odate.akita.jp,1966,,,,,,,Q11441922,Q11441922,Odate,Japan,2128787,,,,,,
,https://ror.org/00ecnmr47,Osaka City Education Center*en,active,facility,大阪市教育センター*ja,Osaka City Education Center*en; 大阪市総合教育センター*ja,,https://www.city.osaka.lg.jp/contents/wdu230/ocec/index.html,,,1984,,,,,,,,,Osaka,Japan,1853909,,,,,,
,https://ror.org/00jy4pp23,Oita Prefectural Institute of Health and Environment*en,active,government,,Oita Prefectural Institute of Health and Environment*en; 大分県衛生環境研究センター*ja,,https://www.pref.oita.jp/site/13002/,,,1951,,,,,,,,,Oita,Japan,1854487,,,,,,
,https://ror.org/027amag59,Oita Prefectural Education Center*en,active,government,,Oita Prefectural Education Center*en; 大分県教育センター*ja,,https://www.pref.oita.jp/soshiki/31401/,https://ja.wikipedia.org/wiki/大分県教育センター,,1970,,,,,,,Q17221093,Q17221093,Ōita,Japan,1854487,,https://ror.org/01h18yg90,,,,
,https://ror.org/03q5zsw32,Oita Prefectural Government*en,active,government,,Oita Prefectural Government*en; 大分県庁*ja,,https://www.pref.oita.jp/,https://ja.wikipedia.org/wiki/大分県庁,pref.oita.jp,,,,,,,,Q11432812,Q11432812,Ōita,Japan,1854487,,,,,,
,https://ror.org/00asj8203,Tatsuno City Hospital Organization*en,active,healthcare,,Tatsuno City Hospital Organization*en; たつの市民病院機構*ja,,https://www.tatsuno-shiminbyoin.com/,,tatsuno-shiminbyoin.com,2020,,,,,,,,,Tatsuno,Japan,11612326,,,,,,
,https://ror.org/03v590867,Ashiya Central Hospital*en,active,healthcare,,Ashiya Central Hospital*en; 芦屋中央病院*ja,,https://www.ashiya-central-hospital.jp/,,ashiya-central-hospital.jp,2015,,,,,,,,,Ashiya,Japan,1864986,,,,,,
,https://ror.org/043g1jf64,Iwate Industrial Research Institute*en,active,facility,,Iwate Industrial Research Institute*en; 岩手県工業技術センター*ja,,https://www2.pref.iwate.jp/~kiri/,,,2006,,,,,,,,,Morioka,Japan,2111834,,https://ror.org/05g6ct380,,,,
,https://ror.org/00dd7aq52,Kyoto City Hospital Organization*en,active,healthcare,,Kyoto City Hospital Organization*en; 京都市立病院機構*ja,,https://www.kch-org.jp/kcho,,,2011,,,,,,,,,Kyoto,Japan,1857910,,,https://ror.org/01605g366,,,
,https://ror.org/04a8m9s75,Hiroshima Prefectural Hospital Organization*en,active,healthcare,,Hiroshima Prefectural Hospital Organization*en; 広島県立病院機構*ja,,https://hpho.jp/,,hpho.jp,2025,,,,,,,,,Hiroshima,Japan,1862415,,,https://ror.org/01rrd4612,,,
,https://ror.org/025np4f71,Hiroshima City Hospital Organization*en,active,healthcare,,Hiroshima City Hospital Organization*en; 広島市立病院機構*ja,,https://www.hcho.jp,,hcho.jp,2014,,,,,,,,,Hiroshima,Japan,1862415,,,https://ror.org/01hkncq81,,,
,https://ror.org/036teaj70,Hiroo-Town National Health Insurance Hospital*en,active,healthcare,,Hiroo-Town National Health Insurance Hospital*en; 広尾町国民健康保険病院*ja,,https://hiroo-hospital.or.jp/,,hiroo-hospital.or.jp,,,,,,,,,,Hiroo,Japan,2130061,,,,,,
,https://ror.org/03t9ryv75,Yamagata Prefectural and Sakata Municipal Hospital Organization*en,active,healthcare,,Yamagata Prefectural and Sakata Municipal Hospital Organization*en; 山形県・酒田市病院機構*ja,,https://www.nihonkai-hos.jp/,,nihonkai-hos.jp,2008,,,,,,,,,Sakata,Japan,1853140,,,https://ror.org/01nqa4s53,,,
,https://ror.org/038b8rw83,Yamaguchi Prefectural Hospital Organization*en,active,healthcare,,Yamaguchi Prefectural Hospital Organization*en; 山口県立病院機構*ja,,,,,2011,,,,,,,,,Hōfu,Japan,1862302,,,https://ror.org/051pzmv95,https://ror.org/00b3mwd12,,
,https://ror.org/049hmff33,Yamanashi Prefectural Hospital Organization*en,active,healthcare,,Yamanashi Prefectural Hospital Organization*en; 山梨県立病院機構*ja,,https://www.ych.pref.yamanashi.jp/kiko/,,,2010,,,,,,,,,Kofu,Japan,1859100,,,https://ror.org/05r286q94,,,
,https://ror.org/02857wb67,Akita Prefectural Hospital Organization*en,active,healthcare,,Akita Prefectural Hospital Organization*en; 秋田県立病院機構*ja,,https://www.akita-hos.or.jp/,https://ja.wikipedia.org/wiki/%E7%A7%8B%E7%94%B0%E7%9C%8C%E7%AB%8B%E7%97%85%E9%99%A2%E6%A9%9F%E6%A7%8B,akita-hos.or.jp,2009,,,,,,,Q11595486,Q11595486,Akita,Japan,2113126,,,https://ror.org/003z23p70,,,
,https://ror.org/02zdw8g43,Kobe City Hospital Organization*en,active,healthcare,,Kobe City Hospital Organization*en; 神戸市民病院機構*ja,,https://www.kcho.jp,,kcho.jp,2009,,,,,,,,,Kobe,Japan,1859171,,,https://ror.org/04j4nak57; https://ror.org/0466c1b11; https://ror.org/02mvsxw13,,,
,https://ror.org/05kfzh247,Kawasaki Municipality Hospital*en,active,healthcare,,Kawasaki Municipality Hospital*en; 川崎町立病院*ja,,https://kawasaki-hospital.com/,,kawasaki-hospital.com,,,,,,,,,,Kawasaki,Japan,1859647,,,,,,
,https://ror.org/01sq0ek77,Otsuki Municipal Hospital*en,active,healthcare,,Otsuki Municipal Hospital*en; 大月市立中央病院*ja,,https://otsuki-hosp.jp/,,otsuki-hosp.jp,,,,,,,,,,Ōtsuki,Japan,1853564,,,,,,
,https://ror.org/03nrm1d84,Osaka City Hospital Organization*en,active,healthcare,,Osaka City Hospital Organization*en; 大阪市民病院機構*ja,,https://www.osakacity-hp.or.jp/,https://ja.wikipedia.org/wiki/大阪市民病院機構,osakacity-hp.or.jp,2014,,,,,,,Q107921506,Q107921506,Osaka,Japan,1853909,,,https://ror.org/00v053551,,,
,https://ror.org/00fb90w44,Osaka Prefectural Hospital Organization*en,active,healthcare,,Osaka Prefectural Hospital Organization*en; 大阪府立病院機構*ja,,https://www.opho.jp/,,opho.jp,2006,,,,,,,,,Osaka,Japan,1853909,,,https://ror.org/00nx7n658; https://ror.org/00vcb6036; https://ror.org/05xvwhv53,,,
,https://ror.org/02mqegk41,Nagasaki City Hospital Organization*en,active,healthcare,,Nagasaki City Hospital Organization*en; 長崎市立病院機構*ja,,https://www.nmh.jp/,,nmh.jp,2012,,,,,,,,,Nagasaki,Japan,1856177,,,https://ror.org/00bs3zm56,,,
,https://ror.org/03cqxaf95,Nagano Prefectural Hospital Organization*en,active,healthcare,,Nagano Prefectural Hospital Organization*en; 長野県立病院機構*ja,,https://www.pref-nagano-hosp.jp/,,pref-nagano-hosp.jp,2010,,,,,,,,,Nagano,Japan,1856215,,,https://ror.org/00xmy4x78; https://ror.org/048txfb61,,,
,https://ror.org/02vs4sj06,Tochigi Prefectural Rehabilitation Center*en,active,healthcare,Tochigi Rehabilitation Center*en,Tochigi Prefectural Rehabilitation Center*en; 栃木県立リハビリテーションセンター*ja,,https://tochigi-riha.jp/,,tochigi-riha.jp,2018,,,,,,,,,Utsunomiya,Japan,1849053,,https://ror.org/03prf0r66,,,,
,https://ror.org/047t1gr18,Nara Prefectural Hospital Organization*en,active,healthcare,,Nara Prefectural Hospital Organization*en; 奈良県立病院機構*ja,,http://www.nara-pho.jp/,https://ja.wikipedia.org/wiki/%E5%A5%88%E8%89%AF%E7%9C%8C%E7%AB%8B%E7%97%85%E9%99%A2%E6%A9%9F%E6%A7%8B,nara-pho.jp,2014,,,,,,,Q131105925,Q131105925,Nara,Japan,1855612,,,https://ror.org/00bhf8j88,,,
,https://ror.org/00rrwzq74,Fukuoka City Hospital Organization*en,active,healthcare,,Fukuoka City Hospital Organization*en; 福岡市立病院機構*ja,,https://www.fcho.jp/,,fcho.jp,2010,,,,,,,,,Fukuoka,Japan,1863967,,,https://ror.org/05exqw945; https://ror.org/017kgtg39,,,
,https://ror.org/03e6nzg67,Nagano Prefectural Fisheries Experimental Station*en,active,facility,,Nagano Prefectural Fisheries Experimental Station*en; 長野県水産試験場*ja,,https://www.pref.nagano.lg.jp/suisan/,https://ja.wikipedia.org/wiki/長野県水産試験場,,1926,,,,,,,Q85884252,Q85884252,Azumino,Japan,6822111,,https://ror.org/05tre4438,,,,
,https://ror.org/0286wpy51,Nagano Agricultural Experiment Station*en,active,facility,Nagano Prefecture Agricultural Experiment Station*en,Nagano Agricultural Experiment Station*en; 長野県農業試験場*ja,,https://www.pref.nagano.lg.jp/nogyoshiken/,,,1897,,,,,,,,,Suzaka,Japan,1851357,,https://ror.org/05tre4438,,,,
,https://ror.org/05xmr3b66,Tottori Prefectural Institute of Public Health and Environmental Science*en,active,government,,Tottori Prefectural Institute of Public Health and Environmental Science*en; 鳥取県衛生環境研究所*ja,,https://www.pref.tottori.lg.jp/eiken/,,,1948,,,,,,,,,Yurihama,Japan,7392259,,https://ror.org/056zesk73,,,,
,https://ror.org/05t4qfp76,Tottori Prefectural Fisheries Experiment Station*en,active,facility,,Tottori Prefectural Fisheries Experiment Station*en; 鳥取県水産試験場*ja,,https://www.pref.tottori.lg.jp/suishi/,https://ja.wikipedia.org/wiki/%E9%B3%A5%E5%8F%96%E7%9C%8C%E6%B0%B4%E7%94%A3%E8%A9%A6%E9%A8%93%E5%A0%B4,,1900,,,,,,,Q11674558,Q11674558,Sakaiminato,Japan,1853174,,https://ror.org/056zesk73,,,,
,https://ror.org/05gjw7357,Tottori Prefectural Forestry Research Center*en,active,facility,Tottori Prefecture Forest Experiment Station*en,Tottori Prefectural Forestry Research Center*en; 鳥取県林業試験場*ja,,https://www.pref.tottori.lg.jp/ringyoshiken/,,,1955,,,,,,,,,Tottori,Japan,1849892,,https://ror.org/056zesk73,,,,
,https://ror.org/00qnk8076,Toki Municipal Institute of Ceramics*en,active,facility,Ceratechno Toki*en,Toki Municipal Institute of Ceramics*en; 土岐市立陶磁器試験場*ja,,https://www.city.toki.lg.jp/sangyo/sangyo/1004876/1006412/1009215.html,https://ja.wikipedia.org/wiki/%E5%9C%9F%E5%B2%90%E5%B8%82%E7%AB%8B%E9%99%B6%E7%A3%81%E5%99%A8%E8%A9%A6%E9%A8%93%E5%A0%B4,,1958,,,,,,,Q109359425,Q109359425,Toki,Japan,1850207,,,,,,
,https://ror.org/049gdn582,Shimane Prefectural Fisheries Technology Center*en,active,facility,,Shimane Prefectural Fisheries Technology Center*en; 島根県水産技術センター*ja,,https://www.pref.shimane.lg.jp/suigi/,,,,,,,,,,,,Hamada,Japan,1863310,,https://ror.org/00fg4wc36,,,,
,https://ror.org/029e5y797,Shimane Prefectural Livestock Technology Center*en,active,facility,,Shimane Prefectural Livestock Technology Center*en; 島根県畜産技術センター*ja,,https://www.pref.shimane.lg.jp/chikusan/,,,,,,,,,,,,Izumo,Japan,1861084,,https://ror.org/00fg4wc36,,,,
,https://ror.org/01prxvc80,Shimane Agricultural Technology Center*en,active,facility,,Shimane Agricultural Technology Center*en; 島根県農業技術センター*ja,,https://www.pref.shimane.lg.jp/nogyogijutsu/,,,,,,,,,,,,Izumo,Japan,1861084,,https://ror.org/00fg4wc36,,,,
,https://ror.org/033gx2110,Higashiosaka City Environmental Hygiene Inspection Center*en,active,government,,Higashiosaka City Environmental Hygiene Inspection Center*en; 東大阪市環境衛生検査センター*ja,,https://www.city.higashiosaka.lg.jp/0000004966.html,,,,,,,,,,,,Higashiosaka,Japan,1862752,,,,,,
,https://ror.org/01dpyzx22,Tochigi Prefectural Institute of Public Health and Environmental Science*en,active,facility,,Tochigi Prefectural Institute of Public Health and Environmental Science*en; 栃木県保健環境センター*ja,,https://www.pref.tochigi.lg.jp/e60/,,,1996,,,,,,,,,Utsunomiya,Japan,1849053,,https://ror.org/03prf0r66,,,,
,https://ror.org/00ak8zt86,Nara Prefectural Police*en,active,government,,Nara Prefectural Police*en; 奈良県警察*ja,,https://www.police.pref.nara.jp/,https://ja.wikipedia.org/wiki/奈良県警察,police.pref.nara.jp,,,,,,,,Q11445244,Q11445244,Nara,Japan,1855612,,,,,,
,https://ror.org/01zfafr37,Nara Forest Research Institute*en,active,facility,,Nara Forest Research Institute*en; 奈良県森林技術センター*ja,,https://www.pref.nara.jp/1771.htm,,,1963,,,,,,,,,Takatori,Japan,1850925,,,,,,
,https://ror.org/019xf2m87,Nara Prefectural Government*en,active,government,,Nara Prefectural Government*en; 奈良県庁*ja,,https://www.pref.nara.lg.jp/,https://ja.wikipedia.org/wiki/%E5%A5%88%E8%89%AF%E7%9C%8C%E5%BA%81,pref.nara.lg.jp,,,,,,,,Q11445164,Q11445164,Nara,Japan,1855612,,,,,,
,https://ror.org/01a2brd78,Iida Municipal Hospital*en,active,healthcare,,Iida Municipal Hospital*en; 飯田市立病院*ja,,https://www.imh.jp/,https://ja.wikipedia.org/wiki/飯田市立病院,imh.jp,1951,,,,,,,Q11666525,Q11666525,Iida,Japan,1861864,,,,,,
,https://ror.org/04dhe8m38,Himeji City Institute of Environmental Health*en,active,government,,Himeji City Institute of Environmental Health*en; 姫路市環境衛生研究所*ja,,https://www.city.himeji.lg.jp/soshiki/6-5-9-0-0.html,,,,,,,,,,,,Himeji,Japan,1862627,,,,,,
,https://ror.org/01bjkb333,Furano Viticulture and Enology Experiment Station*en,active,government,Furano Wine*en,Furano Viticulture and Enology Experiment Station*en; 富良野市ぶどう果樹研究所*ja,,https://www.furanowine.jp/,,furanowine.jp,1972,,,,,,,,,Furano,Japan,2130306,,,,,,
,https://ror.org/05akwzh07,Fukui Prefectural Institute of Public Health and Environmental Science*en,active,government,,Fukui Prefectural Institute of Public Health and Environmental Science*en; 福井県衛生環境研究センター*ja,,https://www.erc.pref.fukui.jp/center/,,,2002,,,,,,,,,Fukui-shi,Japan,1863985,,https://ror.org/03ccw9774,,,,
,https://ror.org/04hw3ty02,Industrial Technology Center of Fukui Prefecture*en,active,facility,,Industrial Technology Center of Fukui Prefecture*en; 福井県工業技術センター*ja,,https://www.fklab.fukui.fukui.jp/kougi/,,,1902,,,,,,,,,Fukui,Japan,1863985,,https://ror.org/03ccw9774,,,,
,https://ror.org/02wnrx276,Fukui Prefectural Fisheries Experimental Station*en,active,facility,,Fukui Prefectural Fisheries Experimental Station*en; 福井県水産試験場*ja,,https://www.fklab.fukui.fukui.jp/ss/,,,1920,,,,,,,,,Obama,Japan,1854849,,https://ror.org/03ccw9774,,https://ror.org/006j39w13,,
,https://ror.org/03q58tk03,Fukui Agricultural Experiment Station*en,active,facility,,Fukui Agricultural Experiment Station*en; 福井県農業試験場*ja,,https://www.pref.fukui.lg.jp/doc/noushi/,https://ja.wikipedia.org/wiki/福井県農業試験場,,,,,,,,,Q11591506,Q11591506,Fukui,Japan,1863985,,https://ror.org/03ccw9774,https://ror.org/047fh3h41,,,
,https://ror.org/02wf33d88,Fukuoka City Institute of Health and Environment*en,active,government,Fukuoka City Institute for Hygiene and the Environment*en,Fukuoka City Institute of Health and Environment*en; 福岡市保健環境研究所*ja,,https://www.city.fukuoka.lg.jp/hokanken/index.html,,,,,,,,,,,,Fukuoka,Japan,1863967,,,,,,
,https://ror.org/04msjke16,Fukushima Prefectural Fisheries and Marine Science Research Centre*en,active,facility,Fukushima Prefectural Fisheries Experimental Station*en,Fukushima Prefectural Fisheries and Marine Science Research Centre*en; 福島県水産海洋研究センター*ja,,https://www.pref.fukushima.lg.jp/sec/37380b/,,,,,,,,,,,,Iwaki,Japan,2112539,,https://ror.org/05ptvzg43,,,,
,https://ror.org/034ry5365,AICHI Medical College of Rehabilitation*en,active,education,,AICHI Medical College of Rehabilitation*en; 愛知医療学院大学*ja,,https://amcr.ac.jp,,amcr.ac.jp,2024,,,,,,,,,Kiyosu,Japan,1859210,,,,,,https://ror.org/01rqxmc80
,https://ror.org/042z0pe91,Kansai University of Health Sciences*en,active,education,,Kansai University of Health Sciences*en; 関西医療大学*ja,,https://www.kansai.ac.jp/,https://ja.wikipedia.org/wiki/関西医療大学,kansai.ac.jp,2003,,,,,,,Q17209396,Q17209396,Kumatori,Japan,1858403,,,,https://ror.org/001pvd496,,
,https://ror.org/013xm1d84,Gifu University of Health Science*en,active,education,Gifu University of Health Sciences*en,Gifu University of Health Science*en; 岐阜保健大学*ja,,https://www.gifuhoken.ac.jp/,https://ja.wikipedia.org/wiki/岐阜保健大学,gifuhoken.ac.jp,2019,,,,,,,Q65264834,Q65264834,Gifu,Japan,1863641,,,,,,
,https://ror.org/02e1pz841,Kyoto Arts and Crafts University*en,active,education,Kyoto University of Arts and Crafts*en,Kyoto Arts and Crafts University*en; 京都美術工芸大学*ja,KYOBI*en,https://www.kyobi.ac.jp/,https://ja.wikipedia.org/wiki/京都美術工芸大学,kyobi.ac.jp,2012,,,,,,,Q11375670,Q11375670,Kyoto,Japan,1857910,,,,,,
,https://ror.org/05tv2ff85,The Graduate School of Management and Education Technology*en,active,education,,The Graduate School of Management and Education Technology*en; 教育テック大学院大学*ja,,https://www.e-mbatech.ac.jp/,https://ja.wikipedia.org/wiki/教育テック大学院大学,e-mbatech.ac.jp,2025,,,,,,,Q134626251,Q134626251,Iruma,Japan,6822163,,,,,,
,https://ror.org/05k7wzb88,Toho Gakuen Graduate School*en,active,education,,Toho Gakuen Graduate School*en; 桐朋学園大学院大学*ja,,,https://ja.wikipedia.org/wiki/桐朋学園大学院大学,,1999,,,,,,,Q11537237,Q11537237,Toyama,Japan,1849876,,,,https://ror.org/04ysgxa85,,
,https://ror.org/05sbwbk55,Health Science University*en,active,education,,Health Science University*en; 健康科学大学*ja,,https://www.kenkoudai.ac.jp/,https://ja.wikipedia.org/wiki/健康科学大学,kenkoudai.ac.jp,2003,,,,,,,Q5690657,Q5690657,Fujikawaguchiko,Japan,7281819,,,,,,
,https://ror.org/04rr0x142,Kochi Gakuen University*en,active,education,,Kochi Gakuen University*en; 高知学園大学*ja,,https://kochi-gu.ac.jp/,https://ja.wikipedia.org/wiki/高知学園大学,kochi-gu.ac.jp,2020,,,,,,,Q97163260,Q97163260,Kochi,Japan,1859146,,,https://ror.org/018yv5e79,,,
,https://ror.org/044g90p69,Sapporo University of Health Sciences*en,active,education,,Sapporo University of Health Sciences*en; 札幌保健医療大学*ja,,https://www.sapporo-hokeniryou-u.ac.jp/,https://ja.wikipedia.org/wiki/%E6%9C%AD%E5%B9%8C%E4%BF%9D%E5%81%A5%E5%8C%BB%E7%99%82%E5%A4%A7%E5%AD%A6,sapporo-hokeniryou-u.ac.jp,2013,,,,,,,Q11521151,Q11521151,Sapporo,Japan,2128295,,,,,,
,https://ror.org/03cy0nc50,St. Mary's College*en,active,education,,St. Mary's College*en; 聖マリア学院大学*ja,,https://www.st-mary.ac.jp/,https://ja.wikipedia.org/wiki/%E8%81%96%E3%83%9E%E3%83%AA%E3%82%A2%E5%AD%A6%E9%99%A2%E5%A4%A7%E5%AD%A6,st-mary.ac.jp,2006,,,,,,,Q7590269,Q7590269,Kurume,Japan,1858088,,,,https://ror.org/00czkns73,,
,https://ror.org/00k2cmz78,Seisen University*en,active,education,,Seisen University*en; 聖泉大学*ja,,https://www.seisen.ac.jp,https://ja.wikipedia.org/wiki/聖泉大学,seisen.ac.jp,2003,,,,,,,Q7446927,Q7446927,Hikone,Japan,1862636,,,,,,
,https://ror.org/01naby648,Sendai Seiyo Gakuin University*en,active,education,,Sendai Seiyo Gakuin University*en; 仙台青葉学院大学*ja,,https://www.seiyogakuin.ac.jp/university/,,,2024,,,,,,,,,Sendai,Japan,2111149,,,https://ror.org/03e1t0653,,,
,https://ror.org/05myy2410,Shizenkan University*en,active,education,"Graduate School of Leadership and Innovation, Shizenkan University*en",Shizenkan University*en; 大学院大学至善館*ja,,https://shizenkan.ac.jp/en/,https://ja.wikipedia.org/wiki/大学院大学至善館,,2018,,,,,,,Q55530586,Q55530586,Tokyo,Japan,1850147,,,,,,
,https://ror.org/02k17r167,International Professional University of Technology in Osaka*en,active,education,,International Professional University of Technology in Osaka*en; 大阪国際工科専門職大学*ja,,https://www.iput.ac.jp/osaka/,https://ja.wikipedia.org/wiki/%E5%A4%A7%E9%98%AA%E5%9B%BD%E9%9A%9B%E5%B7%A5%E7%A7%91%E5%B0%82%E9%96%80%E8%81%B7%E5%A4%A7%E5%AD%A6,,2021,,,,,,,Q108732413,Q108732413,Osaka,Japan,1853909,,,,,,
,https://ror.org/03erez087,Tokyo Management University*en,active,education,,Tokyo Management University*en; 東京経営大学*ja,,https://tokyomanagement-u.ac.jp/,https://ja.wikipedia.org/wiki/%E6%9D%B1%E4%BA%AC%E7%B5%8C%E5%96%B6%E5%A4%A7%E5%AD%A6,tokyomanagement-u.ac.jp,2025,,,,,,,Q134626209,Q134626209,Tokyo,Japan,1850147,,,,,,
,https://ror.org/022qx1208,Fukuoka International University of Health and Welfare*en,active,education,,Fukuoka International University of Health and Welfare*en; 福岡国際医療福祉大学*ja,,https://fiuhw.takagigakuen.ac.jp/,https://ja.wikipedia.org/wiki/%E7%A6%8F%E5%B2%A1%E5%9B%BD%E9%9A%9B%E5%8C%BB%E7%99%82%E7%A6%8F%E7%A5%89%E5%A4%A7%E5%AD%A6,fiuhw.takagigakuen.ac.jp,2019,,,,,,,Q65277028,Q65277028,Fukuoka,Japan,1863967,,,,https://ror.org/053d3tv41,,
,https://ror.org/00fc35q23,Hokkaido Musashi Women's University*en,active,education,,Hokkaido Musashi Women's University*en; 北海道武蔵女子大学*ja,,https://www.hmu.ac.jp/,https://ja.wikipedia.org/wiki/%E5%8C%97%E6%B5%B7%E9%81%93%E6%AD%A6%E8%94%B5%E5%A5%B3%E5%AD%90%E5%A4%A7%E5%AD%A6,hmu.ac.jp,2024,,,,,,,Q137303676,Q137303676,Sapporo,Japan,2128295,,,https://ror.org/04d32wy52,,,
,https://ror.org/05ggdq949,Aikoku Gakuen Junior College*en,active,education,,Aikoku Gakuen Junior College*en; 愛国学園短期大学*ja,,https://www.aikoku-jc.ac.jp,https://ja.wikipedia.org/wiki/愛国学園短期大学,aikoku-jc.ac.jp,1962,,,,,,,Q4696978,Q4696978,Tokyo,Japan,1850147,,https://ror.org/05ga5zc50,,,,
,https://ror.org/00d8hnb52,"Junior College, Aichi Gakuin University*en",active,education,Aichi Gakuin University Junior College*en; AGU Junior College*en,"Junior College, Aichi Gakuin University*en; 愛知学院大学短期大学部*ja",,https://tandai.agu.ac.jp/,https://ja.wikipedia.org/wiki/愛知学院大学短期大学部,tandai.agu.ac.jp,1950,,,,,,,Q11494041,Q11494041,Nagoya,Japan,1856057,,https://ror.org/01rwx7470,,,,
,https://ror.org/055r1fb87,Aichi Sangyo University Junior College*en,active,education,Aichi Sangyo University College*en; Tokai Sangyo Junior College*en,Aichi Sangyo University Junior College*en; 愛知産業大学短期大学*ja,,https://www.aisan-tsukyo.jp/tandai/,https://ja.wikipedia.org/wiki/%E6%84%9B%E7%9F%A5%E7%94%A3%E6%A5%AD%E5%A4%A7%E5%AD%A6%E7%9F%AD%E6%9C%9F%E5%A4%A7%E5%AD%A6,,1986,,,,,,,Q4696589,Q4696589,Okazaki,Japan,1854376,,https://ror.org/05f0cs849,,,,
,https://ror.org/03hjn8b71,Aichi University Junior College*en,active,education,,Aichi University Junior College*en; 愛知大学短期大学部*ja,,https://www.aichi-u.ac.jp/college/juni,https://ja.wikipedia.org/wiki/愛知大学短期大学部,,1959,,,,,,,Q11494033,Q11494033,Toyohashi,Japan,1849846,,https://ror.org/0172hvg27,,,,
,https://ror.org/00d0yjk09,Gifu Shotoku Gakuen University Junior College*en,active,education,Shotoku Gakuen Women's Junior College*en,Gifu Shotoku Gakuen University Junior College*en; 岐阜聖徳学園大学短期大学部*ja,,https://www.shotoku.ac.jp/academics/junior-college/,https://ja.wikipedia.org/wiki/岐阜聖徳学園大学短期大学部,,1966,,,,,,,Q11471877,Q11471877,Gifu,Japan,1863641,,https://ror.org/05tvatp40,,,,
,https://ror.org/01zd2a710,Kyoritsu Women's Junior College*en,active,education,,Kyoritsu Women's Junior College*en; 共立女子短期大学*ja,,https://www.kyoritsu-wu.ac.jp,https://ja.wikipedia.org/wiki/共立女子短期大学,kyoritsu-wu.ac.jp,1950,,,,,0000 0001 0177 5236,0000 0001 0177 5236,Q6452071,Q6452071,Tokyo,Japan,1850147,,https://ror.org/00vmdr162,,,,
,https://ror.org/046hj7m97,Gunma Mirai University Junior College*en,active,education,Kiryu University Junior College*en; 桐生大学短期大学部*ja; Kiryu Junior College*en,Gunma Mirai University Junior College*en; ぐんま未来大学短期大学部*ja,,https://www.gmu.ac.jp,https://ja.wikipedia.org/wiki/ぐんま未来大学短期大学部,gmu.ac.jp,1963,,,,,,,Q11537279,Q11537279,Midori,Japan,6822155,,https://ror.org/02snehe53,,,,
,https://ror.org/05n51za53,Kyushu Junior College of Kindai University*en,active,education,,Kyushu Junior College of Kindai University*en; 近畿大学九州短期大学*ja,,https://www.kjc.kindai.ac.jp/,https://ja.wikipedia.org/wiki/近畿大学九州短期大学,kjc.kindai.ac.jp,1966,,,,,,,Q6452810,Q6452810,Iizuka,Japan,1861835,,https://ror.org/05kt9ap64,,,,
,https://ror.org/002mch476,Kindai University Junior College Division*en,active,education,,Kindai University Junior College Division*en; 近畿大学短期大学部*ja,,https://www.kindai.ac.jp/jc/,https://ja.wikipedia.org/wiki/近畿大学短期大学部,,1950,,,,,,,Q11638617,Q11638617,Higashiosaka,Japan,1862752,,https://ror.org/05kt9ap64,,,,
,https://ror.org/01zqqw873,"Kyushu Sangyo University, Zokei Junior College of Art and Design*en",active,education,Kyushu Zokei Art College*en,"Kyushu Sangyo University, Zokei Junior College of Art and Design*en; 九州産業大学造形短期大学部*ja",,https://www.zokei.kyusan-u.ac.jp/,https://ja.wikipedia.org/wiki/九州産業大学造形短期大学部,zokei.kyusan-u.ac.jp,1968,,,,,,,Q6452863,Q6452863,Fukuoka,Japan,1863967,,https://ror.org/01wqrpc44,,,,
,https://ror.org/023b8vj06,Kyushu Women's Junior College*en,active,education,,Kyushu Women's Junior College*en; 九州女子短期大学*ja,,http://www.kwuc.ac.jp/,https://en.wikipedia.org/wiki/Kyushu_Women's_Junior_College,kwuc.ac.jp,1960,,,,,,,Q6452859,Q6452859,Kitakyushu,Japan,1859307,,https://ror.org/03m60k875,,,,
,https://ror.org/01qjbmr89,Gunma University of Health and Welfare Two-year College Course*en,active,education,,Gunma University of Health and Welfare Two-year College Course*en; 群馬医療福祉大学短期大学部*ja,,https://www.shoken-gakuen.jp/university/,https://ja.wikipedia.org/wiki/群馬医療福祉大学短期大学部,,1996,,,,,,,Q11609548,Q11609548,Maebashi,Japan,1857843,,https://ror.org/059hx7q04,,,,
,https://ror.org/02hzqw981,Takasaki University of Commerce Junior College*en,active,education,,Takasaki University of Commerce Junior College*en; 高崎商科大学短期大学部*ja,,https://www.tuc.ac.jp/,https://ja.wikipedia.org/wiki/高崎商科大学短期大学部,,1988,,,,,,,Q11669743,Q11669743,Takasaki,Japan,1851002,,https://ror.org/049d63v97,,,,
,https://ror.org/04yb19314,Shinshu Junior College*en,active,education,,Shinshu Junior College*en; 佐久大学信州短期大学部*ja,,https://www.saku.ac.jp/tanki_daigakubu/,https://ja.wikipedia.org/wiki/佐久大学信州短期大学部,,1988,,,,,,,Q7497761,Q7497761,Saku,Japan,1853081,,https://ror.org/01sbmsw53,,,,
,https://ror.org/04y2q8h92,Sano Nihon University College*en,active,education,,Sano Nihon University College*en; 佐野日本大学短期大学*ja,,https://sanotan.jp/,https://ja.wikipedia.org/wiki/佐野日本大学短期大学,sanotan.jp,1990,,,,,,,Q7418873,Q7418873,Sano,Japan,1852964,,https://ror.org/05jk51a88,,,,
,https://ror.org/05hgh6b39,Saitama Medical University College*en,active,education,,Saitama Medical University College*en; 埼玉医科大学短期大学*ja,,,https://ja.wikipedia.org/wiki/%E5%9F%BC%E7%8E%89%E5%8C%BB%E7%A7%91%E5%A4%A7%E5%AD%A6%E7%9F%AD%E6%9C%9F%E5%A4%A7%E5%AD%A6,,1989,,,,,,,Q7402538,Q7402538,Morohongō,Japan,1856560,,https://ror.org/04zb31v77,,,,
,https://ror.org/000d2fb70,Sakushin Gakuin University Women's College*en,active,education,Sakushin Gakuin University Women's Junior College*en,Sakushin Gakuin University Women's College*en; 作新学院大学短期大学部*ja; 作新学院大学女子短期大学部*ja,,https://www.sakushin-u.ac.jp/sjc/index.php,https://ja.wikipedia.org/wiki/作新学院大学女子短期大学部,,1967,,,,,,,Q11385370,Q11385370,Utsunomiya,Japan,1849053,,https://ror.org/01xjgpq49,,,,
,https://ror.org/00k8d6e83,Shitennoji University Junior College*en,active,education,,Shitennoji University Junior College*en; 四天王寺大学短期大学部*ja,,https://www.shitennoji.ac.jp/faculty/jc/,https://ja.wikipedia.org/wiki/四天王寺大学短期大学部,,1957,,,,,,,Q11419824,Q11419824,Habikino,Japan,6825496,,https://ror.org/00m007a06,,,,
,https://ror.org/035bhvm64,Kagoshima Immaculate Heart College*en,active,education,,Kagoshima Immaculate Heart College*en; 鹿児島純心女子短期大学*ja,,https://www.k-junshin.ac.jp/juntan/,https://ja.wikipedia.org/wiki/鹿児島純心女子短期大学,,1960,,,,,,,Q6346651,Q6346651,Kagoshima,Japan,1860827,,https://ror.org/02sqfdy44,,,,
,https://ror.org/00akqsa26,Shubun University Junior College*en,active,education,Ichinomiya Women's Junior College*en,Shubun University Junior College*en; 修文大学短期大学部*ja,,https://www.shubun.ac.jp,https://ja.wikipedia.org/wiki/修文大学短期大学部,shubun.ac.jp,1955,,,,,,,Q5986258,Q5986258,Ichinomiya,Japan,1861949,,https://ror.org/048j6n969,,,,
,https://ror.org/02z887e11,Junior College of Japan Nutrition University*en,active,education,Junior College of Kagawa Nutrition University*en; 女子栄養大学短期大学部*ja,Junior College of Japan Nutrition University*en; 日本栄養大学短期大学部*ja,,https://www.eiyo.ac.jp/faculty/juniorcollege/,https://ja.wikipedia.org/wiki/日本栄養大学短期大学部,,1950,,,,,,,Q11446381,Q11446381,Tokyo,Japan,1850147,,https://ror.org/03ayf0c60,,,,
,https://ror.org/04kkjsr74,Shokei University Junior College*en,active,education,Shokei Junior College*en,Shokei University Junior College*en; 尚絅大学短期大学部*ja,,https://www.shokei-gakuen.ac.jp/univ/,https://ja.wikipedia.org/wiki/尚絅大学短期大学部,,1952,,,,,,,Q11464806,Q11464806,Kumamoto,Japan,1858421,,https://ror.org/04r04yh88,,,,
,https://ror.org/01zx9zy80,Matsumoto University Matsusho Junior College*en,active,education,Matsusho Gakuen Junior College*en,Matsumoto University Matsusho Junior College*en; 松本大学松商短期大学部*ja,,https://www.matsumoto-u.ac.jp/faculty/junior/,https://ja.wikipedia.org/wiki/松本大学松商短期大学部,,1953,,,,,,,Q11530980,Q11530980,Matsumoto,Japan,1857519,,https://ror.org/02rttk866,,,,
,https://ror.org/034zb9d03,Sophia University Junior College Division*en,active,education,Sophia Junior College*en; 上智短期大学*ja,Sophia University Junior College Division*en; 上智大学短期大学部*ja,,https://www.jrc.sophia.ac.jp/,https://ja.wikipedia.org/wiki/上智大学短期大学部,jrc.sophia.ac.jp,1973,,,,,0000 0000 8597 5405,0000 0000 8597 5405,Q6379129,Q6379129,Hadano,Japan,1863431,,https://ror.org/01nckkm68,,,,
,https://ror.org/00es0b916,Ueno Gakuen Junior College*en,active,education,上野学園大学短期大学部*ja,Ueno Gakuen Junior College*en; 上野学園短期大学*ja,,https://www.uenogakuen.ac.jp,https://ja.wikipedia.org/wiki/%E4%B8%8A%E9%87%8E%E5%AD%A6%E5%9C%92%E7%9F%AD%E6%9C%9F%E5%A4%A7%E5%AD%A6,uenogakuen.ac.jp,1952,,,,,,,Q7877460,Q7877460,Tokyo,Japan,1850147,,,,https://ror.org/05yge8w48,,
,https://ror.org/030bnwn86,Kanagawa Dental University Junior College*en,active,education,Shonan Junior College*en,Kanagawa Dental University Junior College*en; 神奈川歯科大学短期大学部*ja,,https://tandai.kdu.ac.jp/,https://ja.wikipedia.org/wiki/神奈川歯科大学短期大学部,tandai.kdu.ac.jp,1952,,,,,,,Q7500370,Q7500370,Yokosuka,Japan,1848313,,https://ror.org/0514c4d93,,,,
,https://ror.org/02awwwj81,Seibi Gakuen College*en,active,education,,Seibi Gakuen College*en; 星美学園短期大学*ja,,https://www.seibi.ac.jp/college/,https://ja.wikipedia.org/wiki/星美学園短期大学,,1960,,,,,,,Q7446576,Q7446576,Tokyo,Japan,1850147,,,,,,
,https://ror.org/01gg5g080,Seisen University Junior College*en,active,education,清泉女学院短期大学*ja,Seisen University Junior College*en; 清泉大学短期大学部*ja,,https://u-seisen.ac.jp,https://ja.wikipedia.org/wiki/%E6%B8%85%E6%B3%89%E5%A4%A7%E5%AD%A6%E7%9F%AD%E6%9C%9F%E5%A4%A7%E5%AD%A6%E9%83%A8,u-seisen.ac.jp,1981,,,,,,,Q7446925,Q7446925,Nagano,Japan,1856215,,https://ror.org/010nsv610,,,,
,https://ror.org/01pawd381,Seiwa University Junior College*en,active,education,Seiwa Junior College*en,Seiwa University Junior College*en; 清和大学短期大学部*ja,,https://seiwa-jc.ac.jp/,https://ja.wikipedia.org/wiki/清和大学短期大学部,seiwa-jc.ac.jp,1967,,,,,,,Q15472619,Q15472619,Kisarazu,Japan,1859393,,https://ror.org/03bya9897,,,,
,https://ror.org/039mhsg03,Seitoku University Junior College*en,active,education,,Seitoku University Junior College*en; 聖徳大学短期大学部*ja,,https://www.seitoku-u.ac.jp/,,seitoku-u.ac.jp,1965,,,,,,,,,Matsudo,Japan,1857553,,https://ror.org/0441s6w50,,,,
,https://ror.org/02bq6q302,Nishikyushu University Junior College*en,active,education,,Nishikyushu University Junior College*en; 西九州大学短期大学部*ja,,https://www.nisikyu-u.ac.jp/junior_college/,https://ja.wikipedia.org/wiki/西九州大学短期大学部,,1963,,,,,,,Q7040611,Q7040611,Saga,Japan,1853303,,https://ror.org/05yhrkh78,,,,
,https://ror.org/00pqmwd21,Seinan Jo Gakuin University Junior College*en,active,education,,Seinan Jo Gakuin University Junior College*en; 西南女学院大学短期大学部*ja,,https://www.seinan-jo.ac.jp/,,seinan-jo.ac.jp,1950,,,,,,,,,Kitakyushu,Japan,1859307,,https://ror.org/04zbaj011,,,,
,https://ror.org/021n4wc85,Shizuoka Eiwa Gakuin University Junior College*en,active,education,,Shizuoka Eiwa Gakuin University Junior College*en; 静岡英和学院大学短期大学部*ja,,https://www.shizuoka-eiwa.ac.jp/,,shizuoka-eiwa.ac.jp,1966,,,,,,,Q11663582,Q11663582,Shizuoka,Japan,1851717,,https://ror.org/0480pdg65,,,,
,https://ror.org/05m47re93,Sagami Women's Junior College*en,active,education,,Sagami Women's Junior College*en; 相模女子大学短期大学部*ja,,https://www.sagami-wu.ac.jp/junior_college/,https://ja.wikipedia.org/wiki/相模女子大学短期大学部,,1951,,,,,,,Q11582149,Q11582149,Sagamihara,Japan,11611609,,https://ror.org/0264cyj93,,,,
,https://ror.org/02swwvh07,Otsuma Women's University Junior College Division*en,active,education,,Otsuma Women's University Junior College Division*en; 大妻女子大学短期大学部*ja,,https://www.jun.otsuma.ac.jp/,https://ja.wikipedia.org/wiki/大妻女子大学短期大学部,jun.otsuma.ac.jp,1950,,,,,,,Q7109084,Q7109084,Tokyo,Japan,1850147,,https://ror.org/012322w18,,,,
,https://ror.org/000m0wr67,Osaka Jogakuin College*en,active,education,Osaka Jogakuin Junior College*en,Osaka Jogakuin College*en; 大阪女学院短期大学*ja,,https://www.wilmina.ac.jp/college/index.html,https://ja.wikipedia.org/wiki/大阪女学院短期大学,,1968,,,,,,,Q7105573,Q7105573,Osaka,Japan,1853909,,https://ror.org/05r2k0m61,,,,
,https://ror.org/03t0sk855,Takushoku University Hokkaido Junior College*en,active,education,,Takushoku University Hokkaido Junior College*en; 拓殖大学北海道短期大学*ja,,https://www.takushoku-hc.ac.jp/,https://ja.wikipedia.org/wiki/拓殖大学北海道短期大学,takushoku-hc.ac.jp,1966,,,,,,,Q11077173,Q11077173,Fukagawa,Japan,2130332,,https://ror.org/05qh38f12,,,,
,https://ror.org/01rtxmr12,Nakamura Gakuen University Junior College*en,active,education,Nakamura Gakuen Junior College*en,Nakamura Gakuen University Junior College*en; 中村学園大学短期大学部*ja,,https://www.nakamura-u.ac.jp,,nakamura-u.ac.jp,1957,,,,,,,,,Fukuoka,Japan,1863967,,https://ror.org/00qm2vr07,,,,
,https://ror.org/034at9r92,Nagano Junior College*en,active,education,Nagano Women's Junior College*en; 長野女子短期大学*ja,Nagano Junior College*en; 長野短期大学*ja,,https://www.naganojc.ac.jp,https://ja.wikipedia.org/wiki/%E9%95%B7%E9%87%8E%E7%9F%AD%E6%9C%9F%E5%A4%A7%E5%AD%A6,naganojc.ac.jp,1967,,,,,,,Q6958445,Q6958445,Nagano,Japan,1856215,,,,,,
,https://ror.org/01y27my20,Teikyo University Junior College*en,active,education,,Teikyo University Junior College*en; 帝京大学短期大学*ja,,https://www.teikyo-u.ac.jp/faculties/junior_college,https://ja.wikipedia.org/wiki/%E5%B8%9D%E4%BA%AC%E5%A4%A7%E5%AD%A6%E7%9F%AD%E6%9C%9F%E5%A4%A7%E5%AD%A6,,1965,,,,,,,Q7695036,Q7695036,Hachiōji,Japan,1863440,,https://ror.org/01gaw2478,,,,
,https://ror.org/012yxhg63,Tokai Gakuin University School of Junior College Division*en,active,education,東海女子短期大学*ja,Tokai Gakuin University School of Junior College Division*en; 東海学院大学短期大学部*ja,,https://www.tokaigakuin-u.ac.jp/,,tokaigakuin-u.ac.jp,1963,,,,,,,,,Kakamigahara,Japan,1860735,,https://ror.org/03b55sb49,,,,
,https://ror.org/03znqn673,"Tokyo University of Social Welfare, Junior College*en",active,education,,"Tokyo University of Social Welfare, Junior College*en; 東京福祉大学短期大学部*ja",,,https://ja.wikipedia.org/wiki/東京福祉大学短期大学部,,2006,,,,,,,Q7814021,Q7814021,Isesaki,Japan,1861436,,https://ror.org/049fvjs25,,,,
,https://ror.org/01jqqdw38,Tokushima Bunri University Junior College*en,active,education,,Tokushima Bunri University Junior College*en; 徳島文理大学短期大学部*ja,,https://www.bunri-u.ac.jp/faculty/j-college/,https://ja.wikipedia.org/wiki/徳島文理大学短期大学部,,1961,,,,,,,Q11489831,Q11489831,Tokushima,Japan,1850158,,https://ror.org/00smwky98,,,,
,https://ror.org/03nygeb08,The Nippon Dental University College at Niigata*en,active,education,,The Nippon Dental University College at Niigata*en; 日本歯科大学新潟短期大学*ja,,https://www.ngt.ndu.ac.jp/jc/,https://ja.wikipedia.org/wiki/%E6%97%A5%E6%9C%AC%E6%AD%AF%E7%A7%91%E5%A4%A7%E5%AD%A6%E6%96%B0%E6%BD%9F%E7%9F%AD%E6%9C%9F%E5%A4%A7%E5%AD%A6,,1987,,,,,,,Q7754224,Q7754224,Niigata,Japan,1855431,,https://ror.org/01s1hm369,,,,
,https://ror.org/00q16zn92,Nippon Dental University College at Tokyo*en,active,education,,Nippon Dental University College at Tokyo*en; 日本歯科大学東京短期大学*ja,,https://www.tky.ndu.ac.jp/jc/,https://ja.wikipedia.org/wiki/日本歯科大学東京短期大学,,1968,,,,,,,Q7754229,Q7754229,Tokyo,Japan,1850147,,https://ror.org/01s1hm369,,,,
,https://ror.org/01nkeep81,Nihon University Junior College*en,active,education,,Nihon University Junior College*en; 日本大学短期大学部*ja,,,https://ja.wikipedia.org/wiki/日本大学短期大学部,,1950,,,,,,,Q7034310,Q7034310,Funabashi,Japan,11611630,,https://ror.org/05jk51a88,,,,
,https://ror.org/03a14fz40,Hijiyama University Junior College*en,active,education,Hijiyama Women's Junior College*en,Hijiyama University Junior College*en; 比治山大学短期大学部*ja,,https://www.hijiyama-u.ac.jp/,https://ja.wikipedia.org/wiki/比治山大学短期大学部,hijiyama-u.ac.jp,1966,,,,,,,Q11126131,Q11126131,Hiroshima,Japan,1862415,,https://ror.org/00f5esq17,,,,
,https://ror.org/00c9b3k84,Hamamatsu Gakuin University Junior College*en,active,education,,Hamamatsu Gakuin University Junior College*en; 浜松学院大学短期大学部*ja,,https://www.hamagaku.ac.jp/hamatan/,https://ja.wikipedia.org/wiki/浜松学院大学短期大学部,,1951,,,,,,,Q11557777,Q11557777,Hamamatsu,Japan,1863289,,https://ror.org/04frsmv44,,,,
,https://ror.org/03yazmq89,Mukogawa Women's University Junior College Division*en,active,education,,Mukogawa Women's University Junior College Division*en; 武庫川女子大学短期大学部*ja,,,https://ja.wikipedia.org/wiki/%E6%AD%A6%E5%BA%AB%E5%B7%9D%E5%A5%B3%E5%AD%90%E5%A4%A7%E5%AD%A6%E7%9F%AD%E6%9C%9F%E5%A4%A7%E5%AD%A6%E9%83%A8,,1950,,,,,,,Q11545986,Q11545986,Nishinomiya,Japan,1855207,,https://ror.org/009x65438,,,,
,https://ror.org/03622pn42,Fukuoka Jo Gakuin University Junior College*en,active,education,Fukuoka Jo Gakuin Junior College*en,Fukuoka Jo Gakuin University Junior College*en; 福岡女学院大学短期大学部*ja,,https://www.fukujo.ac.jp/university/faculty/jc/,https://ja.wikipedia.org/wiki/%E7%A6%8F%E5%B2%A1%E5%A5%B3%E5%AD%A6%E9%99%A2%E5%A4%A7%E5%AD%A6%E7%9F%AD%E6%9C%9F%E5%A4%A7%E5%AD%A6%E9%83%A8,,1964,,,,,,,Q11592209,Q11592209,Fukuoka,Japan,1863967,,https://ror.org/03cjmb844,,,,
,https://ror.org/04rnmx135,Beppu University Junior College*en,active,education,,Beppu University Junior College*en; 別府大学短期大学部*ja,,https://www.beppu-u.ac.jp/junior/,https://ja.wikipedia.org/wiki/別府大学短期大学部,,1954,,,,,,,Q11396707,Q11396707,Beppu,Japan,1864750,,https://ror.org/05j412v70,,,,
,https://ror.org/02v4dr183,Hokusei Gakuen University Junior College*en,active,education,,Hokusei Gakuen University Junior College*en; 北星学園大学短期大学部*ja,,https://www.hokusei.ac.jp/junior_college/,https://ja.wikipedia.org/wiki/北星学園大学短期大学部,,1951,,,,,,,Q11401881,Q11401881,Sapporo,Japan,2128295,,https://ror.org/02mqbt594,,,,
,https://ror.org/05khwjn03,College of Nagoya Women's University*en,active,education,,College of Nagoya Women's University*en; 名古屋女子大学短期大学部*ja,,https://www.nagoya-aoi.ac.jp/,https://ja.wikipedia.org/wiki/名古屋女子大学短期大学部,nagoya-aoi.ac.jp,1950,,,,,,,Q11414923,Q11414923,Nagoya,Japan,1856057,,https://ror.org/001nzxd62,,,,
,https://ror.org/046fcsk12,College of Nagoya Bunri University*en,active,education,,College of Nagoya Bunri University*en; 名古屋文理大学短期大学部*ja,,https://www.nagoya-bunri.ac.jp/COL/,https://ja.wikipedia.org/wiki/名古屋文理大学短期大学部,,1966,,,,,,,Q11415182,Q11415182,Nagoya,Japan,1856057,,https://ror.org/00z249n13,,,,
,https://ror.org/05deq9r62,Mejiro University College*en,active,education,目白学園女子短期大学*ja,Mejiro University College*en; 目白大学短期大学部*ja,,https://www.mejiro.ac.jp/college/,https://ja.wikipedia.org/wiki/目白大学短期大学部,,1963,,,,,,,Q11581580,Q11581580,Tokyo,Japan,1850147,,https://ror.org/047wxqn68,,,,
,https://ror.org/03ek3zg96,Ryukoku University Junior College*en,active,education,,Ryukoku University Junior College*en; 龍谷大学短期大学部*ja,,https://www.human.ryukoku.ac.jp/,https://en.wikipedia.org/wiki/Ryukoku_University_Faculty_of_Junior_College,human.ryukoku.ac.jp,1950,,,,,,,Q7385532,Q7385532,Kyoto,Japan,1857910,,https://ror.org/012tqgb57,,,,
,https://ror.org/00r5eh013,Kindai University Technical College*en,active,education,Kinki University Technical College*en,Kindai University Technical College*en; 近畿大学工業高等専門学校*ja,,https://www.ktc.ac.jp/,https://ja.wikipedia.org/wiki/近畿大学工業高等専門学校,ktc.ac.jp,1962,,,,,,,Q11638614,Q11638614,Nabari,Japan,1856293,,,,https://ror.org/05kt9ap64,,
,https://ror.org/03483a970,"Kamiyama Marugoto College of Design, Engineering and Entrepreneurship*en",active,education,,"Kamiyama Marugoto College of Design, Engineering and Entrepreneurship*en; 神山まるごと高等専門学校*ja",,https://www.kamiyama.ac.jp/,https://ja.wikipedia.org/wiki/%E7%A5%9E%E5%B1%B1%E3%81%BE%E3%82%8B%E3%81%94%E3%81%A8%E9%AB%98%E7%AD%89%E5%B0%82%E9%96%80%E5%AD%A6%E6%A0%A1,kamiyama.ac.jp,2023,,,,,,,Q115227571,Q115227571,Kamiyama,Japan,7406328,,,,,,
,https://ror.org/007grg262,Bio-energy (Japan),active,company,,Bio-energy (Japan); Bio-energy*ja,,https://bio-energy0801.wixsite.com/top-jp,,,2001,,,,,,,,,Amagasaki,Japan,1865387,,,,https://ror.org/000ww0d42; https://ror.org/03tgsfw79,,
,https://ror.org/05vws4y25,DOWA Holdings (Japan),active,company,,"DOWA Holdings (Japan); DOWA Holdings Co., Ltd.; DOWAホールディングス*ja",,https://www.dowa.co.jp/,https://ja.wikipedia.org/wiki/DOWAホールディングス,dowa.co.jp,1937,,,,,,,Q5302643,Q5302643,Tokyo,Japan,1850147,,,https://ror.org/02gee1c21,,,
,https://ror.org/02hz6a710,LocationMind (Japan),active,company,,LocationMind (Japan),,https://locationmind.com/,,locationmind.com,2019,,,,,,,,,Tokyo,Japan,1850147,,,,https://ror.org/057zh3y96,,
,https://ror.org/03sybgb69,MS&AD Insurance Group Holdings (Japan),active,company,,"MS&AD Insurance Group Holdings (Japan); MS&AD Insurance Group Holdings, Inc.; MS&ADインシュアランスグループホールディングス*ja",,https://www.ms-ad-hd.com/,https://ja.wikipedia.org/wiki/MS%26AD%E3%82%A4%E3%83%B3%E3%82%B7%E3%83%A5%E3%82%A2%E3%83%A9%E3%83%B3%E3%82%B9%E3%82%B0%E3%83%AB%E3%83%BC%E3%83%97%E3%83%9B%E3%83%BC%E3%83%AB%E3%83%87%E3%82%A3%E3%83%B3%E3%82%B0%E3%82%B9,ms-ad-hd.com,2008,,,,,,,Q5215769,Q5215769,Tokyo,Japan,1850147,,,,,,
,https://ror.org/00t3pav37,RP Topla (Japan),active,company,,RP Topla (Japan); RP東プラ*ja,,https://rptopla.co.jp/,,rptopla.co.jp,1955,,,,,,,,,Suita,Japan,1851483,,,,,,
,https://ror.org/00esnrt68,Sumitomo Electric Optifrontier (Japan),active,company,SEI Optifrontier; SEIオプティフロンティア*ja,Sumitomo Electric Optifrontier (Japan); 住友電工オプティフロンティア*ja,,https://www.seof.co.jp/,https://ja.wikipedia.org/wiki/住友電工オプティフロンティア,seof.co.jp,1939,,,,,,,Q11321506,Q11321506,Yokohama,Japan,1848354,,,,https://ror.org/05rnkb382,,
,https://ror.org/05ty42d13,SUMCO TECHXIV (Japan),active,company,Komatsu Electronic Metals,SUMCO TECHXIV (Japan); SUMCO TECHXIV*ja,,,https://ja.wikipedia.org/wiki/SUMCO_TECHXIV,,1960,,,,,,,Q11244896,Q11244896,Ōmura,Japan,1854093,,https://ror.org/01yp72g57,,,,
,https://ror.org/02y0g4e44,TPR Industry (Japan),active,company,,"TPR Industry (Japan); TPR Industry Co., Ltd.; TPR工業*ja",,https://www.tpkk.jp/,,tpkk.jp,1970,,,,,,,,,Sagae,Japan,2111248,,https://ror.org/01vyk9j55,,,,
,https://ror.org/03h2gkz65,Ark Techno-Research (Japan),active,company,,Ark Techno-Research (Japan); アーク・テクノリサーチ*ja,,,,,,,,,,,,,,Kyoto,Japan,1857910,,,,,,
,https://ror.org/0125cx945,ASKA (Japan),active,company,,ASKA (Japan); アスカ*ja,,https://www.aska.co.jp/,,aska.co.jp,1953,,,,,,,,,Kariya,Japan,1860034,,,,,,
,https://ror.org/0309w7y57,FMG & Mission (Japan),active,company,"Avon Products Co., Ltd.; エイボン・プロダクツ*ja",,,https://www.fmg-mission.jp/,,fmg-mission.jp,1973,,,,,,,,,Tokyo,Japan,1850147,,,,,,
,https://ror.org/04qr56b70,NKK Tubes (Japan),active,company,Tenaris NKK Tubes,NKK Tubes (Japan); エヌケーケーシームレス鋼管*ja,NKKT,,,,2000,,,,,,,,,Kawasaki,Japan,1859642,,,,https://ror.org/049nfwr75,,
,https://ror.org/016445m91,Amada Press System (Japan),active,company,Orii MEC; Amada Orii,Amada Press System (Japan); アマダプレスシステム*ja,,https://www.amp.amada.co.jp/,,amp.amada.co.jp,1962,,,,,,,,,Isehara,Japan,1861449,,https://ror.org/01se4qt95,,,,
,https://ror.org/00cas1f14,Origin (Japan),active,company,Origin Electric,Origin (Japan); オリジン*ja,,https://www.origin.co.jp/,https://ja.wikipedia.org/wiki/オリジン_(メーカー),origin.co.jp,1938,,,,,,,Q17226191,Q17226191,Saitama,Japan,6940394,,,,,,
,https://ror.org/022j0xs30,Casio Micronics (Japan),active,company,,Casio Micronics (Japan); カシオマイクロニクス*ja,,,,,,,,,,,,,,Ome,Japan,1854162,,,,,,
,https://ror.org/05fw9gc86,Carna Biosciences (Japan),active,company,Carna Biosciences,Carna Biosciences (Japan); カルナバイオサイエンス*ja,,https://www.carnabio.com/,,carnabio.com,2003,,,,,,,Q11295126,Q11295126,Kobe,Japan,1859171,,,,,,
,https://ror.org/04getey85,Gilead Sciences (Japan),active,company,,Gilead Sciences (Japan); ギリアド・サイエンシズ*ja,,https://www.gilead.com/ja-jp,,,2012,,,,,,,,,Tokyo,Japan,1850147,,https://ror.org/056546b03,,,,
,https://ror.org/04qykbw20,Couger (Japan),active,company,,Couger (Japan); クーガー*ja,,https://couger.co.jp/,,couger.co.jp,2006,,,,,,,,,Tokyo,Japan,1850147,,,,,,
,https://ror.org/056x4r186,Mitsubishi Chemical Advanced Materials (Japan),active,company,Quadrant Polypenco Japan,Mitsubishi Chemical Advanced Materials (Japan); 三菱ケミカルアドバンスドマテリアルズ*ja,,https://www.mcam.com/ja/,,,,,,,,,,,,Tokyo,Japan,1850147,,,,https://ror.org/0535c3537,,
,https://ror.org/03qz56g39,Ajinomoto Food Manufacturing (Japan),active,company,Knorr Foods; クノール食品*ja,Ajinomoto Food Manufacturing (Japan); 味の素食品*ja,,http://www.ajinomoto-shokuhin.co.jp/,https://ja.wikipedia.org/wiki/味の素食品,ajinomoto-shokuhin.co.jp,1958,,,,,,,Q65252011,Q65252011,Kawasaki,Japan,1859642,,https://ror.org/044mkdq33,,,,
,https://ror.org/04231wa84,Seiren Advanced Materials (Japan),active,company,Seiren KST; KST World; ケイ・エス・ティ・ワールド*ja,Seiren Advanced Materials (Japan); セーレンアドバンストマテリアルズ*ja,,https://www.sam.seiren.com/,,sam.seiren.com,1998,,,,,,,,,Fukui,Japan,1863985,,https://ror.org/03kwk6445,,,,
,https://ror.org/02d6jpx32,Konica Minolta Chemical (Japan),active,company,"Konica Minolta Chemical Co., Ltd.",Konica Minolta Chemical (Japan); コニカミノルタケミカル*ja,,,,,,,,,,,,,,Fukuroi,Japan,1863945,,https://ror.org/05dtvab05,,,,
,https://ror.org/0100mzm36,Konishi (Japan),active,company,,Konishi (Japan); コニシ*ja,,https://www.bond.co.jp/,https://ja.wikipedia.org/wiki/コニシ,bond.co.jp,1925,,,,,,,Q11302304,Q11302304,Osaka,Japan,1853909,,,,,,
,https://ror.org/02262fs14,Cybox (Japan),active,company,,Cybox (Japan); サイボックス*ja,,,,,,,,,,,,,,Ibaraki,Japan,1862033,,,,,,
,https://ror.org/016rnpn80,Sanoyas Rides (Japan),active,company,,Sanoyas Rides (Japan); サノヤス・ライド*ja,,https://sanoyasrides.com/,,sanoyasrides.com,,,,,,,,,,Osaka,Japan,1853909,,,,,,
,https://ror.org/04ja4xe65,Sigma (Japan),active,company,,Sigma (Japan); シグマ*ja,,https://sigma-k.co.jp/,,sigma-k.co.jp,1937,,,,,,,Q118359155,Q118359155,Kure,Japan,1858296,,,,,,
,https://ror.org/025yxt072,Sigma Koki (Japan),active,company,,Sigma Koki (Japan); シグマ光機*ja,,https://www.sigma-koki.com/,,sigma-koki.com,1977,,,,,,,,,Hidaka,Japan,6822161,,,,,,
,https://ror.org/05cms7s75,Aisin Shiroki (Japan),active,company,Shiroki Corporation,Aisin Shiroki (Japan); アイシンシロキ*ja; シロキ工業*ja,,https://www.shiroki.co.jp/,https://ja.wikipedia.org/wiki/シロキ工業,shiroki.co.jp,1946,,,,,,,Q11308462,Q11308462,Toyokawa,Japan,1849845,,https://ror.org/00vtxwp63,,,,
,https://ror.org/01v8hv039,Sony Semiconductor Manufacturing (Japan),active,company,,Sony Semiconductor Manufacturing (Japan); Sony Semiconductor Manufacturing Corporation*en; ソニーセミコンダクタマニュファクチャリング*ja,,,https://ja.wikipedia.org/wiki/%E3%82%BD%E3%83%8B%E3%83%BC%E3%82%BB%E3%83%9F%E3%82%B3%E3%83%B3%E3%83%80%E3%82%AF%E3%82%BF%E3%83%9E%E3%83%8B%E3%83%A5%E3%83%95%E3%82%A1%E3%82%AF%E3%83%81%E3%83%A3%E3%83%AA%E3%83%B3%E3%82%B0,,2001,,,,,,,Q11315187,Q11315187,Haramizu,Japan,11172654,,https://ror.org/01xjq1e85,,,,
,https://ror.org/008c2fe57,Sonton Foods (Japan),active,company,Sonton Foods Industry; ソントン食品工業*ja,Sonton Foods (Japan); ソントン食品*ja,,https://www.sonton.co.jp/,https://ja.wikipedia.org/wiki/%E3%82%BD%E3%83%B3%E3%83%88%E3%83%B3%E9%A3%9F%E5%93%81,sonton.co.jp,1948,,,,,,,Q11315463,Q11315463,Tokyo,Japan,1850147,,,,,,
,https://ror.org/0207p7229,Dijet Industrial (Japan),active,company,,Dijet Industrial (Japan); ダイジヱット工業*ja,,https://www.dijet.co.jp/,https://ja.wikipedia.org/wiki/%E3%83%80%E3%82%A4%E3%82%B8%E3%82%A7%E3%83%83%E3%83%88%E5%B7%A5%E6%A5%AD,dijet.co.jp,1950,,,,,,,Q11316780,Q11316780,Osaka,Japan,1853909,,,,,,
,https://ror.org/056019q89,JTEKT Precision Bearing (Japan),active,company,Daibea; ダイベア*ja,JTEKT Precision Bearing (Japan); ジェイテクトプレシジョンベアリング*ja,,https://www.precision.jtekt.co.jp/,https://ja.wikipedia.org/wiki/ジェイテクトプレシジョンベアリング,precision.jtekt.co.jp,1947,,,,,,,Q11316956,Q11316956,Izumi,Japan,1861107,,https://ror.org/00w91z143,,,,
,https://ror.org/00bv3cw24,Danto Holdings (Japan),active,company,,Danto Holdings (Japan); ダントーホールディングス*ja,,https://www.danto.co.jp/,,danto.co.jp,1885,,,,,,,,,Minamiawaji,Japan,11612479,,,,,,
,https://ror.org/017d3rz28,Twinbird (Japan),active,company,ツインバード工業*ja,Twinbird (Japan); Twinbird Corporation*en; ツインバード*ja,,https://www.twinbird.jp/,https://ja.wikipedia.org/wiki/ツインバード,twinbird.jp,1962,,,,,,,Q7858353,Q7858353,Tsubame,Japan,1849788,,,,,,
,https://ror.org/00xjpnz16,thyssenkrupp nucera (Japan),active,company,thyssenkrupp Uhde Chlorine Engineers (Japan) Ltd.; ティッセンクルップ・ウーデ・クロリンエンジニアズ*ja; Chlorine Engineers Corp.,thyssenkrupp nucera (Japan); ティッセンクルップ・ニューセラ*ja,,https://www.thyssenkrupp-nucera.com/jp/,,,1973,,,,,,,,,Tokyo,Japan,1850147,,,,,,
,https://ror.org/01qqbvm87,Teihyu (Japan),active,company,,Teihyu (Japan); テイヒュー*ja; 帝国ヒューム管*ja,,,https://ja.wikipedia.org/wiki/%E3%83%86%E3%82%A4%E3%83%92%E3%83%A5%E3%83%BC,,1934,,,,,,,Q11319113,Q11319113,Yokohama,Japan,1848354,,https://ror.org/00zfn8q88,,,,
,https://ror.org/031bxsc57,Digital Hollywood (Japan),active,company,,Digital Hollywood (Japan); デジタルハリウッド*ja,,https://www.dhw.co.jp/,https://ja.wikipedia.org/wiki/%E3%83%87%E3%82%B8%E3%82%BF%E3%83%AB%E3%83%8F%E3%83%AA%E3%82%A6%E3%83%83%E3%83%89,dhw.co.jp,1994,,,,,,,Q11320488,Q11320488,Tokyo,Japan,1850147,,,https://ror.org/00kgrdz47,,,
,https://ror.org/03mkamt74,Denka Polymer (Japan),active,company,,Denka Polymer (Japan); デンカポリマー*ja,,https://www.denkapolymer.co.jp/,,denkapolymer.co.jp,1966,,,,,,,,,Tokyo,Japan,1850147,,https://ror.org/03jaff633,,,,
,https://ror.org/02dt4mh19,TOKI Corporation (Japan),active,company,,TOKI Corporation (Japan); トキ・コーポレーション*ja,,https://www.toki.co.jp/,,toki.co.jp,1971,,,,,,,,,Tokyo,Japan,1850147,,,,,,
,https://ror.org/01czb1a42,DOMI Environmental Solutions (Japan),active,company,,DOMI Environmental Solutions (Japan); ドミ環境*ja,,,,,,,,,,,,,,Sodegaura,Japan,11612456,,,,,,
,https://ror.org/01m3wwe12,Nikko Company (Japan),active,company,,Nikko Company (Japan); ニッコー*ja,,https://www.nikko-company.co.jp/,https://ja.wikipedia.org/wiki/%E3%83%8B%E3%83%83%E3%82%B3%E3%83%BC_(%E7%9F%B3%E5%B7%9D%E7%9C%8C%E3%81%AE%E4%BC%81%E6%A5%AD),nikko-company.co.jp,1950,,,,,,,Q11324453,Q11324453,Hakusan,Japan,11612706,,,,,,
,https://ror.org/02j44xz66,House Foods (Japan),active,company,,House Foods (Japan); House Foods Corporation; ハウス食品*ja,,https://housefoods.jp/,https://ja.wikipedia.org/wiki/ハウス食品,housefoods.jp,2013,,,,,,,Q841510,Q841510,Higashiosaka,Japan,1862752,,,,,,
,https://ror.org/016hhn606,Baxter (Japan),active,company,Baxter Limited,Baxter (Japan); バクスター*ja,,,,,,,,,,,,,,Tokyo,Japan,1850147,,https://ror.org/02d6ew870,,,,
,https://ror.org/02sjpbc50,Paramount Glass (Japan),active,company,,Paramount Glass (Japan); パラマウント硝子工業*ja,,https://www.pgm.co.jp/,,pgm.co.jp,1946,,,,,,,,,Sukagawa,Japan,2110959,,,,https://ror.org/03c55am86,,
,https://ror.org/01vtqz140,Pixie Dust Technologies (Japan),active,company,,Pixie Dust Technologies (Japan); ピクシーダストテクノロジーズ*ja,,https://pixiedusttech.com/,,pixiedusttech.com,2017,,,,,,,,,Tokyo,Japan,1850147,,,,,,
,https://ror.org/05qvcw226,PharmaEssentia (Japan),active,company,PharmaEssentia Japan KK,PharmaEssentia (Japan); ファーマエッセンシアジャパン*ja,,https://jp.pharmaessentia.com,,jp.pharmaessentia.com,2017,,,,,,,,,Tokyo,Japan,1850147,,https://ror.org/01eb1jh57,,,,
,https://ror.org/003nj9017,FAIN-Biomedical (Japan),active,company,,FAIN-Biomedical (Japan); ファインバイオメディカル*ja,,http://fain-biomedical.com/,,fain-biomedical.com,2005,,,,,,,,,Okayama,Japan,1854383,,,,,,
,https://ror.org/03ydnwz12,Freesia Macross (Japan),active,company,,Freesia Macross (Japan); フリージアマクロス*ja,,http://www.freesiamacross-extruder.com/,https://ja.wikipedia.org/wiki/フリージア・マクロス,freesiamacross-extruder.com,1947,,,,,,,Q11333817,Q11333817,Tokyo,Japan,1850147,,,,,,
,https://ror.org/00bkmj905,Protein Wave (Japan),active,company,,Protein Wave (Japan); Protein Wave Corporation; プロテインウェーブ*ja,,,,,,,,,,,,,,Nara,Japan,1855612,,,,,,
,https://ror.org/03p0fmm63,Pegasus (Japan),active,company,Pegasus Sewing Machine Mfg.; ペガサスミシン製造*ja,Pegasus (Japan); ＰＥＧＡＳＵＳ*ja,,https://www.pegasus.co.jp/,https://ja.wikipedia.org/wiki/PEGASUS_(日本の精密機器メーカー),pegasus.co.jp,1947,,,,,,,Q11337354,Q11337354,Osaka,Japan,1853909,,,,,,
,https://ror.org/01hfn5q52,Honda Engineering (Japan),active,company,,Honda Engineering (Japan); ホンダエンジニアリング*ja,,,https://ja.wikipedia.org/wiki/ホンダエンジニアリング,,1970,,,,,,,Q11338161,Q11338161,Haga,Japan,2112844,,,,,https://ror.org/03jzay846,
,https://ror.org/04vrw4474,Micro Tomography (Japan),active,company,,Micro Tomography (Japan); マイクロトモグラフィー*ja,,,,,2002,,,,,,,,,Tendō,Japan,2110793,,,,https://ror.org/00xy44n04,,
,https://ror.org/03mxkm204,Minato Holdings (Japan),active,company,,Minato Holdings (Japan); ミナトホールディングス*ja,,https://www.minato.co.jp/,,minato.co.jp,1956,,,,,,,,,Tokyo,Japan,1850147,,,,,,
,https://ror.org/049wfx235,Medmain (Japan),active,company,,Medmain (Japan); メドメイン*ja,,https://medmain.com,,medmain.com,2018,,,,,,,,,Fukuoka,Japan,1863967,,,,,,
,https://ror.org/01hjfhh52,Meltex (Japan),active,company,,Meltex (Japan); メルテックス*ja,,https://www.meltex.com/,,meltex.com,1960,,,,,,,,,Tokyo,Japan,1850147,,,,,,
,https://ror.org/03e9xdx40,Yamato Mobility & Mfg. (Japan),active,company,Yamato Industry; ヤマト・インダストリー*ja,Yamato Mobility & Mfg. (Japan); ヤマト モビリティ & Mfg.*ja,,https://www.yamato-in.co.jp/,,yamato-in.co.jp,1955,,,,,,,,,Kawagoe,Japan,1859740,,,,,,
,https://ror.org/02txqwr57,Yamato Holdings (Japan),active,company,,Yamato Holdings (Japan); ヤマトホールディングス*ja,,https://www.yamato-hd.co.jp/,https://ja.wikipedia.org/wiki/ヤマトホールディングス,yamato-hd.co.jp,1919,,,,,,,Q3571463,Q3571463,Tokyo,Japan,1850147,,,,,,
,https://ror.org/0265d6m52,Yushiro (Japan),active,company,Yushiro Chemical Industry; Yushiro Inc.,Yushiro (Japan); ユシロ*ja; ユシロ化学工業*ja,,https://www.yushiro.co.jp/,https://ja.wikipedia.org/wiki/ユシロ,yushiro.co.jp,1944,,,,,,,Q17225773,Q17225773,Tokyo,Japan,1850147,,,,,,
,https://ror.org/01k4v1a37,FamilyMart (Japan),active,company,FamilyMart UNY Holdings; ユニー・ファミリーマートホールディングス*ja,FamilyMart (Japan); ファミリーマート*ja,,https://www.family.co.jp,https://ja.wikipedia.org/wiki/ファミリーマート_(企業),family.co.jp,1981,,,,,,,Q1191685,Q1191685,Tokyo,Japan,1850147,,,,,,
,https://ror.org/026968g58,Uniden Holdings (Japan),active,company,,Uniden Holdings (Japan); ユニデンホールディングス*ja,,https://unidenholdings.jp/,https://ja.wikipedia.org/wiki/%E3%83%A6%E3%83%8B%E3%83%87%E3%83%B3%E3%83%9B%E3%83%BC%E3%83%AB%E3%83%87%E3%82%A3%E3%83%B3%E3%82%B0%E3%82%B9,unidenholdings.jp,1966,,,,,,,Q9284910,Q9284910,Tokyo,Japan,1850147,,,,,,
,https://ror.org/01rbc4w85,Yokohama TLO (Japan),active,company,"Yokohama TLO Company, Ltd.; よこはまTLO*ja",Yokohama TLO (Japan); よこはまティーエルオー*ja,,https://yokohamatlo.co.jp/,,yokohamatlo.co.jp,2000,,,,,,,,,Yokohama,Japan,1848354,,,,https://ror.org/03zyp6p76,,
,https://ror.org/008rvkw12,Ricoh PFU Computing (Japan),active,company,Ricoh Industrial Solutions,"Ricoh PFU Computing (Japan); RICOH PFU COMPUTING Co., Ltd.; リコーPFUコンピューティング*ja; リコーインダストリアルソリューションズ*ja",,https://rpc.ricoh.com/,https://ja.wikipedia.org/wiki/リコーPFUコンピューティング,rpc.ricoh.com,2014,,,,,,,Q41697793,Q41697793,Ebina,Japan,6822128,,,,https://ror.org/02h4myp42,,
,https://ror.org/01fvh6096,Aichi Hot Dip Galvanizing (Japan),active,company,"Aichi Galvanizing Co., Ltd.",Aichi Hot Dip Galvanizing (Japan); 愛知亜鉛鍍金*ja,,https://www.aichiaen.co.jp,,aichiaen.co.jp,1961,,,,,,,,,Kasugai,Japan,1859891,,,,,,
,https://ror.org/01tx3sa32,Aichi (Japan),active,company,,"Aichi (Japan); Aichi Co., Ltd.; 愛知*ja",,https://www.axona-aichi.com,,axona-aichi.com,1939,,,,,,,,,Nagoya,Japan,1856057,,,,,,
,https://ror.org/04xfvgs51,Asahi Tec (Japan),active,company,,Asahi Tec (Japan); Asahi Tec Corporation; 旭テック*ja,,https://www.asahitec.co.jp/,https://ja.wikipedia.org/wiki/%E6%97%AD%E3%83%86%E3%83%83%E3%82%AF,asahitec.co.jp,1938,,,,,,,Q11511618,Q11511618,Kakegawa,Japan,1860728,,,,,,
,https://ror.org/002jn8f20,Ayabe Boseki (Japan),active,company,,Ayabe Boseki (Japan); 綾部紡績*ja,,https://ayabebo.com,,ayabebo.com,1948,,,,,,,,,Ayabe,Japan,1864873,,,,,,
,https://ror.org/02fvhyq57,Itochu Feed Mills (Japan),active,company,"Itochu Feed Mills Co., Ltd.",Itochu Feed Mills (Japan); 伊藤忠飼料*ja,,https://www.itochu-f.co.jp/,,itochu-f.co.jp,1961,,,,,,,,,Tokyo,Japan,1850147,,,,https://ror.org/03qashd50,,
,https://ror.org/01mmrr161,Ebara Refrigeration Equipment & Systems (Japan),active,company,,"Ebara Refrigeration Equipment & Systems (Japan); Ebara Refrigeration Equipment & Systems Co., Ltd.; 荏原冷熱システム*ja",,,,,,,,,,,,,,Tokyo,Japan,1850147,,https://ror.org/02yemx219,,,,
,https://ror.org/01v11dj51,Applied Technology (Japan),active,company,,Applied Technology (Japan); 応用技術*ja,,,,,,,,,,,,,,Osaka,Japan,1853909,,,,,,
,https://ror.org/03cagr588,Oyo Kogaku Kenkyusho (Japan),active,company,,Oyo Kogaku Kenkyusho (Japan); 応用工学研究所*ja,,,,,,,,,,,,,,Tokyo,Japan,1850147,,,,,,
,https://ror.org/030t19r34,Kayaku Nouryon (Japan),active,company,Kayaku Akzo; 化薬アクゾ*ja,Kayaku Nouryon (Japan); 化薬ヌーリオン*ja,,,https://ja.wikipedia.org/wiki/化薬ヌーリオン,,1970,,,,,,,Q11400752,Q11400752,Tokyo,Japan,1850147,,,,,,
,https://ror.org/03ndyy945,International Advanced Information Institute (Japan),active,company,,International Advanced Information Institute (Japan); AIA国際高度情報化研究所*ja,AIA,,,,2002,,,,,,,,,Tokushima,Japan,1850158,,,,,,
,https://ror.org/01a17kx37,Aoba-BBT (Japan),active,company,"Business Breakthrough, Inc.",Aoba-BBT (Japan); Aoba-BBT*ja,,https://aoba-bbt.com/,https://ja.wikipedia.org/wiki/Aoba-BBT,aoba-bbt.com,1998,,,,,,,Q11330583,Q11330583,Tokyo,Japan,1850147,,,https://ror.org/03wcw7m36,,,
,https://ror.org/01wek4677,ARCE (Japan),active,company,,ARCE (Japan); ARCE*ja,,,,,,,,,,,,,,Sagamihara,Japan,11611609,,,,,,
,https://ror.org/041nqf728,COCOWADOCO (Japan),active,company,,COCOWADOCO (Japan); COCO・WA・DOCO*ja,,http://www.cocowadoco.jp/,,cocowadoco.jp,2004,,,,,,,,,Tokyo,Japan,1850147,,,,,,
,https://ror.org/024cb0e26,Dantousha (Japan),active,company,Danto Tile; 東日本ダントータイル*ja,Dantousha (Japan); 淡陶社*ja,,https://danto.jp/,,danto.jp,1885,,,,,,,,,Minamiawaji,Japan,11612479,,,,,,
,https://ror.org/01gr1w008,TAKMEDICA Technical Research Institute (Japan),active,company,,TAKMEDICA Technical Research Institute (Japan); TAKMEDICA技術研究所*ja,,,,,2005,,,,,,,,,Kokubunji,Japan,1858964,,,,https://ror.org/02hwp6a56,,
,https://ror.org/02jfge734,Earth Weather (Japan),active,company,,Earth Weather (Japan); アース・ウェザー*ja; アース・ウエザー*ja,,,,,,,,,,,,,,Yokohama,Japan,1848354,,,,,,
,https://ror.org/04j2r5g49,Alnair (Japan),active,company,Alnair Labs Corporation; Alnair Laboratories Corporation,Alnair (Japan); アルネア*ja; アルネアラボラトリ*ja,,https://www.alnair-labs.com/,,alnair-labs.com,2001,,,,,,,,,Tokyo,Japan,1850147,,,,,,
,https://ror.org/05qcwn212,Alpron (Japan),active,company,,Alpron (Japan); アルプロン*ja,,https://alpron.co.jp/,,alpron.co.jp,2001,,,,,,,Q119658198,Q119658198,Tokyo,Japan,1850147,,,,,,
,https://ror.org/05a3yf503,Imura (Japan),active,company,"Imura Envelope; IMURA & Co., Ltd.",Imura (Japan); イムラ*ja; イムラ封筒*ja,,https://www.imura.co.jp/,https://ja.wikipedia.org/wiki/イムラ_(紙製品),imura.co.jp,1950,,,,,,,Q11287079,Q11287079,Osaka,Japan,1853909,,,,,,
,https://ror.org/02dhrsv51,INTAGE Healthcare (Japan),active,company,,INTAGE Healthcare (Japan); インテージヘルスケア*ja,,https://www.intage-healthcare.co.jp,,intage-healthcare.co.jp,1994,,,,,,,,,Tokyo,Japan,1850147,,,,,,
,https://ror.org/00jz9n496,API Corporation (Japan),active,company,,API Corporation (Japan); エーピーアイコーポレーション*ja,,,,,2002,,,,,,,,,Yoshitomi,Japan,8198710,,,,,https://ror.org/05xhmzx41,
,https://ror.org/03vwq5y47,Ecology Shimanto (Japan),active,company,,Ecology Shimanto (Japan); エコロギー四万十*ja,,https://eco-shimanto.co.jp/,,eco-shimanto.co.jp,1999,,,,,,,,,Shimanto,Japan,7405913,,,,,,
,https://ror.org/0059ga725,NTT DATA NJK (Japan),active,company,NTT DATA NJK Corporation; NJK Corporation,NTT DATA NJK (Japan); NTTデータNJK*ja; エヌジェーケー*ja,,https://www.njk.co.jp/,https://ja.wikipedia.org/wiki/NTT%E3%83%87%E3%83%BC%E3%82%BFNJK,njk.co.jp,1970,,,,,,,Q11290409,Q11290409,Tokyo,Japan,1850147,,https://ror.org/055m49s16,,,,
,https://ror.org/02xjemb25,FCHEM (Japan),active,company,,FCHEM (Japan); エフケム*ja,,,,,2004,,,,,,,,,Tokyo,Japan,1850147,,,,,,
,https://ror.org/034czzp97,OBIC (Japan),active,company,,OBIC (Japan); オービック*ja,,https://www.obic.co.jp/,https://ja.wikipedia.org/wiki/オービック,obic.co.jp,1968,,,,,,,Q11293432,Q11293432,Tokyo,Japan,1850147,,,,,,
,https://ror.org/02qtkvd47,OBIC Business Consultants (Japan),active,company,,OBIC Business Consultants (Japan); オービックビジネスコンサルタント*ja,OBC,https://www.obc.co.jp/,https://ja.wikipedia.org/wiki/オービックビジネスコンサルタント,obc.co.jp,1980,,,,,,,Q11293433,Q11293433,Tokyo,Japan,1850147,,,,,,
,https://ror.org/044w4y459,Kureha Engineering (Japan),active,company,,Kureha Engineering (Japan); クレハエンジニアリング*ja,,,,,,,,,,,,,,Iwaki,Japan,2112539,,,,,,
,https://ror.org/00w2tzx90,Global Security Design (Japan),active,company,,Global Security Design (Japan); グローバル・セキュリティ・デザイン*ja,,,,,2002,,,,,,,,,Tokyo,Japan,1850147,,,,,,
,https://ror.org/01zxc3w57,Cosmo Research Institute (Japan),active,company,,Cosmo Research Institute (Japan); コスモ総合研究所*ja,,,,,,,,,,,,,,Tokyo,Japan,1850147,,,,,,
,https://ror.org/01wxn8g52,Kodak Digital Product Center (Japan),active,company,,Kodak Digital Product Center (Japan); コダック・デジタル・プロダクト・センター*ja; コダックデジタルプロダクトセンター*ja,,,,,,,,,,,,,,Chino,Japan,1864557,,,,,,
,https://ror.org/01sgqry24,Institute of Cytosignal Research (Japan),active,company,,Institute of Cytosignal Research (Japan); サイトシグナル研究所*ja,,,,,,,,,,,,,,Tokyo,Japan,1850147,,,,,,
,https://ror.org/00wstb914,Sunrock Oyodo (Japan),active,company,,Sunrock Oyodo (Japan); サンロックオーヨド*ja,,https://www.sunrockoyodo.co.jp,,sunrockoyodo.co.jp,1941,,,,,,,,,Izumiōtsu,Japan,1861095,,,,,,
,https://ror.org/05jh7zr32,Eurofins GeneticLab (Japan),active,company,GeneticLab,Eurofins GeneticLab (Japan); ユーロフィンジェネティックラボ*ja; ジェネティックラボ*ja,,,,,,,,,,,,,,Sapporo,Japan,2128295,,,,,,
,https://ror.org/02brb3p42,Genolac BL (Japan),active,company,,Genolac BL (Japan); ジェノラックBL*ja,,,,,,,,,,,,,,Naha,Japan,1856035,,,,,,
,https://ror.org/02c6h0j29,SiXON (Japan),active,company,,SiXON (Japan); シクスオン*ja,,,,,,,,,,,,,,Kyoto,Japan,1857910,,,,,,
,https://ror.org/008k9fy29,Sigma-i (Japan),active,company,,"Sigma-i (Japan); Sigma-i Co., Ltd.; シグマアイ*ja",,https://www.sigmailab.com/,,sigmailab.com,2019,,,,,,,,,Tokyo,Japan,1850147,,,,,,
,https://ror.org/0286g9b02,System Biotics (Japan),active,company,,System Biotics (Japan); システムバイオティックス*ja,,http://systembiotics.com/,,systembiotics.com,,,,,,,,,,Sagamihara,Japan,11611609,,,,,,
,https://ror.org/04fb5tp81,Japan Turfgrass (Japan),active,company,Japan Turfgrass Inc.,Japan Turfgrass (Japan); ジャパン・ターフグラス*ja,,,,,,,,,,,,,,Narashino,Japan,11612347,,,,,,
,https://ror.org/03m9qx522,Shinko (Japan),active,company,,Shinko (Japan); シンコー*ja; Shinko Ind. Ltd.,,https://www.shinkohir.co.jp/,,shinkohir.co.jp,1938,,,,,,,,,Hiroshima,Japan,1862415,,,,,,
,https://ror.org/042x7xk05,Safety World (Japan),active,company,,Safety World (Japan); セイフティーワールド*ja,,,,,,,,,,,,,,Hiroshima,Japan,1862415,,,,,,
,https://ror.org/032kfxg15,Saison Technology (Japan),active,company,Saison Information Systems; セゾン情報システムズ*ja,Saison Technology (Japan); セゾンテクノロジー*ja,,https://www.saison-technology.com/,https://ja.wikipedia.org/wiki/セゾンテクノロジー,saison-technology.com,1970,,,,,,,Q11314321,Q11314321,Tokyo,Japan,1850147,,,,,,
,https://ror.org/00dcvss65,Sony Interactive Entertainment (Japan),active,company,,Sony Interactive Entertainment (Japan); ソニー・インタラクティブエンタテインメント*ja,SIE,https://sonyinteractive.com/jp/,,,1993,,,,,,,,,Tokyo,Japan,1850147,,,,https://ror.org/04wzv3n59,,
,https://ror.org/046v9hq59,Chafflose (Japan),active,company,,Chafflose (Japan); チャフローズ・コーポレーション*ja,,,,,1994,,,,,,,,,Yokohama,Japan,1848354,,,,,,
,https://ror.org/03x704r98,Tsukuba Wellness Research (Japan),active,company,,"Tsukuba Wellness Research (Japan); つくばウエルネスリサーチ*ja; Tsukuba Wellness Research Co., Ltd.",,https://www.twr.jp/,,twr.jp,2002,,,,,,,,,Kashiwa,Japan,1859924,,,,,,
,https://ror.org/0549f7h08,TIER IV (Japan),active,company,,TIER IV (Japan); ティアフォー*ja,,https://tier4.jp/,https://ja.wikipedia.org/wiki/%E3%83%86%E3%82%A3%E3%82%A2%E3%83%95%E3%82%A9%E3%83%BC,tier4.jp,2015,,,,,,,Q109597146,Q109597146,Tokyo,Japan,1850147,,,,,,
,https://ror.org/01bz2rp50,Testhe (Japan),active,company,,Testhe (Japan); ティエステ*ja,,http://testhe.com/,,testhe.com,1996,,,,,,,,,Okayama,Japan,1854383,,,,https://ror.org/02pc6pc55,,
,https://ror.org/012chsw37,Tochu (Japan),active,company,,Tochu (Japan); トウチュウ*ja; Tochu Corporation,,https://www.tochu.com/,,tochu.com,1933,,,,,,,,,Noma,Japan,1855015,,,,,,
,https://ror.org/05yph5355,Tropical Technology Center (Japan),active,company,Tropical Technology Center Ltd.,Tropical Technology Center (Japan); トロピカルテクノセンター*ja,,,,,,,,,,,,,,Uruma,Japan,6822153,,,,,,
,https://ror.org/00h48ss20,Naigai (Japan),active,company,,Naigai (Japan); ナイガイ*ja,,https://www.naigai.co.jp/,,naigai.co.jp,1920,,,,,,,,,Tokyo,Japan,1850147,,,,,,
,https://ror.org/05130xt29,Kanadevia Engineering (Japan),active,company,Nichizo Tech; ニチゾウテック*ja; Kanadevia Engineering Corporation,Kanadevia Engineering (Japan); カナデビアエンジニアリング*ja,,https://www.kanadevia-eng.com/,,kanadevia-eng.com,1975,,,,,,,,,Osaka,Japan,1853909,,https://ror.org/05fvfp460,,,,
,https://ror.org/01s9nb047,PS Construction (Japan),active,company,P. S. Mitsubishi Construction,PS Construction (Japan); ピーエス・コンストラクション*ja; ピーエス三菱*ja,,https://www.psc.co.jp/,https://ja.wikipedia.org/wiki/ピーエス・コンストラクション,psc.co.jp,1952,,,,,,,Q11331705,Q11331705,Tokyo,Japan,1850147,,,,,,
,https://ror.org/0104bm595,First Laboratories (Japan),active,company,,First Laboratories (Japan); ファーストラボラトリーズ*ja,,,,,,,,,,,,,,Kawasaki,Japan,1859642,,,,,,
,https://ror.org/05r8ydy41,Healthcare Associates (Japan),active,company,,Healthcare Associates (Japan); ヘルスケア・アソシエイツ*ja,,,,,2003,,,,,,,,,Yanagawa,Japan,1848573,,,,,,
,https://ror.org/05h5be167,Maruzen (Japan),active,company,,Maruzen (Japan); マルゼン*ja,,https://www.maruzen-kitchen.co.jp,,maruzen-kitchen.co.jp,1961,,,,,,,,,Tokyo,Japan,1850147,,,,,,
,https://ror.org/05x8tjz19,Miyazaki TLO (Japan),active,company,,Miyazaki TLO (Japan); みやざきTLO*ja,,,,,,,,,,,,,,Miyazaki,Japan,1856717,,,,https://ror.org/0447kww10,,
,https://ror.org/04bffy662,Monoclonal Antibody Research Institute (Japan),active,company,,Monoclonal Antibody Research Institute (Japan); モノクローナル抗体研究所*ja,,https://www.monoclo.com/,,monoclo.com,2004,,,,,,,,,Iida,Japan,1861864,,,,,,
,https://ror.org/02trnf558,Yamada Corporation (Japan),active,company,,Yamada Corporation (Japan); Yamada Corporation; ヤマダコーポレーション*ja,,https://yamadacorp.co.jp/,,yamadacorp.co.jp,1939,,,,,,,,,Tokyo,Japan,1850147,,,,,,
,https://ror.org/03ges7j76,Lightnix (Japan),active,company,,Lightnix (Japan); ライトニックス*ja,,https://www.lightnix.jp/,,lightnix.jp,,,,,,,,,,Tokyo,Japan,1850147,,,,,,
,https://ror.org/01n7deb16,Research Institute of Lifeline Engineering (Japan),active,company,,Research Institute of Lifeline Engineering (Japan); ライフライン工学研究所*ja,,,,,,,,,,,,,,Osaka,Japan,1853909,,,,,,
,https://ror.org/03d57mr33,Realmedia Lab. (Japan),active,company,,Realmedia Lab. (Japan); リアルメディアラボ*ja,,https://www.realmedialab.com/,,realmedialab.com,2004,,,,,,,,,Yokohama,Japan,1848354,,,,,,
,https://ror.org/0491g4n79,Rock Field (Japan),active,company,,Rock Field (Japan); ロック・フィールド*ja,,https://www.rockfield.co.jp,https://ja.wikipedia.org/wiki/ロック・フィールド,rockfield.co.jp,1972,,,,,,,Q11350465,Q11350465,Kobe,Japan,1859171,,,,,,
,https://ror.org/00nttja04,Asahi Glassplant (Japan),active,company,,Asahi Glassplant (Japan); 旭製作所*ja; Asahi Glassplant Inc.,,https://www.agi-glassplant.com,,agi-glassplant.com,1950,,,,,,,,,Arao,Japan,11274040,,,,,,
,https://ror.org/04nqg0p74,ITO Engineering (Japan),active,company,,"ITO Engineering (Japan); 伊藤鐵工所*ja; ITO Engineering Co., Ltd.",,https://ito-eng.co.jp,,ito-eng.co.jp,1864,,,,,,,,,Shizuoka,Japan,1851717,,,,,,
,https://ror.org/05r4z1d90,Ebara Densan (Japan),active,company,,Ebara Densan (Japan); 荏原電産*ja,,,,,,,,,,,,,,Tokyo,Japan,1850147,,https://ror.org/02yemx219,,,,
,https://ror.org/011sz6a76,Okumura (Japan),active,company,,Okumura (Japan); Okumura Corporation; 奥村組*ja,,https://www.okumuragumi.co.jp/,https://ja.wikipedia.org/wiki/%E5%A5%A5%E6%9D%91%E7%B5%84,okumuragumi.co.jp,1907,,,,,,,Q11445911,Q11445911,Osaka,Japan,1853909,,,,,,
,https://ror.org/056mcj144,Kono ME Laboratory (Japan),active,company,,Kono ME Laboratory (Japan); 河野エムイー研究所*ja,,http://www7a.biglobe.ne.jp/~konome/,,,2002,,,,,,,,,Kawasaki,Japan,1859642,,,,,,
,https://ror.org/01cbr4d51,Kamakura Seisakusho (Japan),active,company,,"Kamakura Seisakusho (Japan); Kamakura Seisakusho Co., Ltd.; 鎌倉製作所*ja",,https://www.kamakura-ss.co.jp/,,kamakura-ss.co.jp,1951,,,,,,,,,Tokyo,Japan,1850147,,,,,,
,https://ror.org/04ftaz734,Technology Transfer Service (Japan),active,company,,Technology Transfer Service (Japan); 技術トランスファーサービス*ja,,,,,,,,,,,,,,Tokyo,Japan,1850147,,,,,,
,https://ror.org/028pnyy20,Kodensha (Japan),active,company,,"Kodensha (Japan); The Kodensha Co., Ltd.; 弘電社*ja",,https://www.kk-kodensha.co.jp/,https://ja.wikipedia.org/wiki/弘電社,kk-kodensha.co.jp,1917,,,,,,,Q11487382,Q11487382,Tokyo,Japan,1850147,,,,,,
,https://ror.org/05xnhq628,Sanshin Kenzaisha (Japan),active,company,,Sanshin Kenzaisha (Japan); 三信建材社*ja,,https://sanshinkenzai.com/,,sanshinkenzai.com,1947,,,,,,,,,Nakatsu,Japan,1855757,,,,,,
,https://ror.org/05jz0na14,Teraoka Seisakusho (Japan),active,company,,"Teraoka Seisakusho (Japan); 寺岡製作所*ja; Teraoka Seisakusho Co., Ltd.",,https://www.teraokatape.co.jp,https://ja.wikipedia.org/wiki/寺岡製作所,teraokatape.co.jp,1943,,,,,,,Q11457813,Q11457813,Tokyo,Japan,1850147,,,,,,
,https://ror.org/03cjfaa71,Kagoshima TLO (Japan),active,company,,Kagoshima TLO (Japan); 鹿児島TLO*ja,,,,,2003,,,,,,,,,Kagoshima,Japan,1860827,,,,https://ror.org/03ss88z23,,
,https://ror.org/017sdw220,Sakai Iron Works (Japan),active,company,"Sakai Iron Works Co., Ltd.",Sakai Iron Works (Japan); 酒井鉄工所*ja,,,,,,,,,,,,,,Sakai,Japan,1853195,,,,,,
,https://ror.org/01mxch935,Plant High-Technology Institute (Japan),active,company,,Plant High-Technology Institute (Japan); 植物ハイテック研究所*ja,,,,,,,,,,,,,,Ikoma,Japan,1861749,,,,,,
,https://ror.org/005fy9z45,Plant Breeding Institute (Japan),active,company,,Plant Breeding Institute (Japan); 植物育種研究所*ja,,https://ikushu.com,,ikushu.com,2003,,,,,,,,,Kuriyama,Japan,2129397,,,,https://ror.org/02e16g702,,
,https://ror.org/043318755,Plantech Research Institute (Japan),active,company,,Plantech Research Institute (Japan); 植物工学研究所*ja,,,,,,,,,,,,,,Yokohama,Japan,1848354,,,,,,
,https://ror.org/01fkqcq84,Shinko (Japan),active,company,,"Shinko (Japan); 伸光製作所*ja; Shinko Co., Ltd.",,https://www.shinkoss.co.jp/,,shinkoss.co.jp,1958,,,,,,,,,Minowa,Japan,7417088,,https://ror.org/00h7gyj76,,,,
,https://ror.org/00v10w373,New ACE Institute (Japan),active,company,,New ACE Institute (Japan); 新エィシーイー*ja,,,,,,,,,,,,,,Tsukuba,Japan,2110681,,,,,,
,https://ror.org/037hg1160,Shinryo (Japan),active,company,Shinryo Corporation,Shinryo (Japan); 新菱*ja,,https://www.shinryo-gr.com,,shinryo-gr.com,1964,,,,,,,,,Kitakyushu,Japan,1859307,,,,https://ror.org/05d8avs16,,
,https://ror.org/00majkr25,Materials & Energy Research Institute Tokyo (Japan),active,company,,Materials & Energy Research Institute Tokyo (Japan); 水素エネルギー研究所*ja,,,,,,,,,,,,,,Chino,Japan,1864557,,,,,,
,https://ror.org/024gp6s82,Biomolecular Engineering Research Institute (Japan),active,company,,Biomolecular Engineering Research Institute (Japan); 生物分子工学研究所*ja,BERI,,,,1986,,,,,,,Q127496363,Q127496363,Suita,Japan,1851483,,,,,,
,https://ror.org/00kqqjj49,Nishida Mfg. (Japan),active,company,,Nishida Mfg. (Japan); 西田製作所*ja,,https://nishida-mfg.co.jp/,,nishida-mfg.co.jp,1948,,,,,,,,,Kyoto,Japan,1857910,,,,,,
,https://ror.org/026b7h158,Ishikawa Seisakusho (Japan),active,company,,Ishikawa Seisakusho (Japan); 石川製作所*ja,,https://www.ishiss.co.jp/,https://ja.wikipedia.org/wiki/石川製作所,ishiss.co.jp,1937,,,,,,,Q11586358,Q11586358,Hakusan,Japan,11612706,,,,,,
,https://ror.org/011b1dz50,Akasaka Diesels (Japan),active,company,,Akasaka Diesels (Japan); Akasaka Diesels Limited; 赤阪鐵工所*ja,,https://www.akasaka-diesel.jp/,https://ja.wikipedia.org/wiki/赤阪鐵工所,akasaka-diesel.jp,1934,,,,,,,Q11636012,Q11636012,Tokyo,Japan,1850147,,,,,,
,https://ror.org/0355hat93,Kawamoto Pump (Japan),active,company,"Kawamoto Pump Mfg. Co., Ltd.",Kawamoto Pump (Japan); 川本製作所*ja; 川本ポンプ*ja,,https://www.kawamoto.co.jp/,https://ja.wikipedia.org/wiki/川本製作所,kawamoto.co.jp,1949,,,,,,,Q11478710,Q11478710,Nagoya,Japan,1856057,,,,,,
,https://ror.org/0282g8012,Maeta Techno-Research (Japan),active,company,,"Maeta Techno-Research (Japan); 前田先端技術研究所*ja; Maeta Techno-Research, Inc.",,,,,,,,,,,,,,Sakata,Japan,1853140,,,,,,
,https://ror.org/01dnvac96,Institute of Creative Chemistry (Japan),active,company,,Institute of Creative Chemistry (Japan); 創造化学研究所*ja,,,,,,,,,,,,,,Okayama,Japan,1854383,,,,,,
,https://ror.org/00gqkt134,Rational Drug Design Laboratories (Japan),active,company,Rational Drug Design Laboratories,Rational Drug Design Laboratories (Japan); 創薬技術研究所*ja,,,,,,,,,,,,,,Fukushima,Japan,2112923,,,,,,
,https://ror.org/0104tww29,Taihei Machinery Works (Japan),active,company,,"Taihei Machinery Works (Japan); Taihei Machinery Works, Limited; 太平製作所*ja",,https://www.taihei-ss.co.jp/,https://ja.wikipedia.org/wiki/%E5%A4%AA%E5%B9%B3%E8%A3%BD%E4%BD%9C%E6%89%80,taihei-ss.co.jp,1925,,,,,,,Q11443999,Q11443999,Komaki,Japan,1858926,,,,,,
,https://ror.org/012rsjz52,Taiyo Kiko (Japan),active,company,,"Taiyo Kiko (Japan); Taiyo Kiko Co., Ltd.; 太陽機構*ja",,https://taiyo-kiko.co.jp/,,taiyo-kiko.co.jp,1964,,,,,,,,,Nagoya,Japan,1856057,,,,,,
,https://ror.org/05v0vm526,Taikisha (Japan),active,company,,Taikisha (Japan); Taikisha Ltd.; 大気社*ja,,https://www.taikisha.co.jp/,https://ja.wikipedia.org/wiki/%E5%A4%A7%E6%B0%97%E7%A4%BE,taikisha.co.jp,1949,,,,,,,Q11436778,Q11436778,Tokyo,Japan,1850147,,,,,,
,https://ror.org/05me16v93,TAKISAWA (Japan),active,company,"Takisawa Machine Tool Co., Ltd.; 滝澤鉄工所*ja",TAKISAWA (Japan),,https://www.takisawa.co.jp/,https://ja.wikipedia.org/wiki/TAKISAWA,takisawa.co.jp,1944,,,,,,,Q11565262,Q11565262,Okayama,Japan,1854383,,https://ror.org/05xmzbk80,,,,
,https://ror.org/03s31ff24,Protein Engineering Research Institute,active,company,,Protein Engineering Research Institute; 蛋白工学研究所*ja,,,,,1986,,,,,,,Q127496363,Q127496363,Suita,Japan,1851483,,,,,,
,https://ror.org/040bd4360,Takenaka Civil Engineering & Construction (Japan),active,company,,"Takenaka Civil Engineering & Construction (Japan); 竹中土木*ja; Takenaka Civil Engineering & Construction Co., Ltd.",,https://www.takenaka-doboku.co.jp/,https://ja.wikipedia.org/wiki/竹中土木,takenaka-doboku.co.jp,1941,,,,,,,Q11598707,Q11598707,Tokyo,Japan,1850147,,https://ror.org/02zs45744,,,,
,https://ror.org/02q6af937,Chuo Seisakusho (Japan),active,company,,Chuo Seisakusho (Japan); 中央製作所*ja,,https://www.chuo-seisakusho.co.jp/,https://ja.wikipedia.org/wiki/%E4%B8%AD%E5%A4%AE%E8%A3%BD%E4%BD%9C%E6%89%80,chuo-seisakusho.co.jp,1936,,,,,,,Q11363782,Q11363782,Nagoya,Japan,1856057,,,,,,
,https://ror.org/026e44g66,Electric Power Engineering Systems (Japan),active,company,,Electric Power Engineering Systems (Japan); 電力テクノシステムズ*ja,,https://www.dentec.co.jp/,,dentec.co.jp,1990,,,,,,,,,Kawasaki,Japan,1859642,,,,https://ror.org/041jswc25,,
,https://ror.org/0283mdy12,Shimadzu Techno-Research (Japan),active,company,,Shimadzu Techno-Research (Japan); 島津テクノリサーチ*ja,,https://www.shimadzu-techno.co.jp/,,shimadzu-techno.co.jp,1972,,,,,,,,,Kyoto,Japan,1857910,,https://ror.org/03k8der79,,,,
,https://ror.org/046emtz82,Tokyo Legal Mind (Japan),active,company,,Tokyo Legal Mind (Japan); 東京リーガルマインド*ja,LEC,https://www.lec.co.jp/,https://ja.wikipedia.org/wiki/東京リーガルマインド,lec.co.jp,1979,,,,,,,Q11524464,Q11524464,Tokyo,Japan,1850147,,,,https://ror.org/05f211872,,
,https://ror.org/05xvdrq77,NX Logistics Research Institute and Consulting (Japan),active,company,Nittsu Research Institute and Consulting; 日通総合研究所*ja,"NX Logistics Research Institute and Consulting (Japan); NX Logistics Research Institute and Consulting, Inc.; ＮＸ総合研究所*ja",,https://www.nx-soken.co.jp/,https://ja.wikipedia.org/wiki/NX総合研究所,nx-soken.co.jp,1961,,,,,,,Q11510503,Q11510503,Tokyo,Japan,1850147,,,,https://ror.org/01vvr2488,,
,https://ror.org/032fq0j20,Japan Pulp and Paper Research Institute (Japan),active,company,,Japan Pulp and Paper Research Institute (Japan); 日本紙パルプ研究所*ja,,,,,,,,,,,,,,Tsukuba,Japan,2110681,,,,,,
,https://ror.org/05h7hye53,Fujifilm Healthcare Manufacturing (Japan),active,company,"FUJIFILM Healthcare Manufacturing Corporation; Hitachi Healthcare Manufacturing, Ltd.; Hitachi Medical Corporation",Fujifilm Healthcare Manufacturing (Japan); 富士フイルムヘルスケアマニュファクチャリング*ja; 日立ヘルスケア・マニュファクチャリング*ja,,https://www.fujifilm.com/hcm/ja,https://ja.wikipedia.org/wiki/富士フイルムヘルスケアマニュファクチャリング,,1949,,,,,,,Q11510022,Q11510022,Kashiwa,Japan,1859924,,https://ror.org/0493bmq37,,,,https://ror.org/01ad8dj65
,https://ror.org/00x38e105,Tomoe Corporation (Japan),active,company,,Tomoe Corporation (Japan); 巴コーポレーション*ja,,https://www.tomoe-corporation.co.jp/,https://ja.wikipedia.org/wiki/巴コーポレーション,tomoe-corporation.co.jp,1934,,,,,,,Q11479881,Q11479881,Tokyo,Japan,1850147,,,,,,
,https://ror.org/033hrwf82,Tomoegawa (Japan),active,company,Tomoegawa Corporation; Tomoegawa Paper; 巴川製紙所*ja,Tomoegawa (Japan); 巴川コーポレーション*ja,,https://www.tomoegawa.co.jp/,https://ja.wikipedia.org/wiki/%E5%B7%B4%E5%B7%9D%E3%82%B3%E3%83%BC%E3%83%9D%E3%83%AC%E3%83%BC%E3%82%B7%E3%83%A7%E3%83%B3,tomoegawa.co.jp,1917,,,,,,,Q11479893,Q11479893,Tokyo,Japan,1850147,,,,,,
,https://ror.org/01b7nej43,Shiraken Kamaboko Ten (Japan),active,company,白謙かまぼこ店*ja,Shiraken Kamaboko Ten (Japan); 白謙蒲鉾店*ja,,https://www.shiraken.co.jp/,,shiraken.co.jp,1967,,,,,,,,,Ishinomaki,Japan,2112576,,,,,,
,https://ror.org/03ywkxb43,Hakuyosha (Japan),active,company,,Hakuyosha (Japan); 白洋舍*ja,,https://www.hakuyosha.co.jp,https://ja.wikipedia.org/wiki/白洋舍,hakuyosha.co.jp,1920,,,,,,,Q11579995,Q11579995,Tokyo,Japan,1850147,,,,,,
,https://ror.org/043mj7q13,Fuji Tekko (Japan),active,company,,"Fuji Tekko (Japan); 不二鉄工所*ja; Fuji Tekko Co., Ltd.",,https://www.fujitekko.co.jp,,fujitekko.co.jp,1954,,,,,,,,,Katano,Japan,11611624,,,,,,
,https://ror.org/02fxxf409,Fukui Seisakusho (Japan),active,company,,"Fukui Seisakusho (Japan); 福井製作所*ja; Fukui Seisakusho Co., Ltd.",,https://www.fkis.co.jp/,,fkis.co.jp,1936,,,,,,,,,Hirakata,Japan,1862540,,,,,,
,https://ror.org/0029rm075,Fukuda Corporation (Japan),active,company,,Fukuda Corporation (Japan); 福田組*ja,,https://www.fkd.co.jp/,https://ja.wikipedia.org/wiki/%E7%A6%8F%E7%94%B0%E7%B5%84,fkd.co.jp,1927,,,,,,,Q11594237,Q11594237,Niigata,Japan,1855431,,,,,,
,https://ror.org/03a3y8p30,Bussan Nanotech Research Institute (Japan),active,company,,Bussan Nanotech Research Institute (Japan); 物産ナノテク研究所*ja,,,,,,,,,,,,,,Tsukuba,Japan,2110681,,https://ror.org/05tm9j755,,,,
,https://ror.org/052szdy29,Hokkaido Green-Bio Institute (Japan),active,company,,Hokkaido Green-Bio Institute (Japan); 北海道グリーンバイオ研究所*ja,,,,,,,,,,,,,,Naganuma,Japan,2129080,,,,,,
,https://ror.org/006p81q08,Kitamura Institute of Mental Health Tokyo (Japan),active,company,,Kitamura Institute of Mental Health Tokyo (Japan); 北村メンタルヘルス研究所*ja,,https://www.institute-of-mental-health.jp/,,institute-of-mental-health.jp,,,,,,,,,,Tokyo,Japan,1850147,,,,,,
,https://ror.org/05tsdcp14,Horiba STEC (Japan),active,company,,Horiba STEC (Japan); 堀場エステック*ja,,,https://ja.wikipedia.org/wiki/%E5%A0%80%E5%A0%B4%E3%82%A8%E3%82%B9%E3%83%86%E3%83%83%E3%82%AF,,1974,,,,,,,Q11427377,Q11427377,Kyoto,Japan,1857910,,https://ror.org/00a1e9e96,,,,
,https://ror.org/04d3vb731,Yodoko (Japan),active,company,Yodogawa Steel Works,Yodoko (Japan); ヨドコウ*ja; 淀川製鋼所*ja,,https://www.yodoko.co.jp/,https://ja.wikipedia.org/wiki/%E3%83%A8%E3%83%89%E3%82%B3%E3%82%A6,yodoko.co.jp,1935,,,,,,,Q11559719,Q11559719,Osaka,Japan,1853909,,,,,,
,https://ror.org/025x5ka86,Institute for Theoretical Medicine (Japan),active,company,"Institute for Theoretical Medicine, Inc.",Institute for Theoretical Medicine (Japan); 理論創薬研究所*ja,,,,,,,,,,,,,,Fujisawa,Japan,1864092,,,,,,
,https://ror.org/02qpxfk24,Hayashibara Museum of Natural Sciences*en,active,archive,,Hayashibara Museum of Natural Sciences*en; 林原自然科学博物館*ja,,,https://ja.wikipedia.org/wiki/林原自然科学博物館,,,,,,,,,Q59359897,Q59359897,Okayama,Japan,1854383,,https://ror.org/01rvpy991,,,,
,https://ror.org/03x5frp11,Takashimaya (Japan),active,company,,"Takashimaya (Japan); Takashimaya Company, Limited; 髙島屋*ja",,https://www.takashimaya.co.jp/corp/,https://ja.wikipedia.org/wiki/髙島屋,,1919,,,,,0000 0001 0664 0189,0000 0001 0664 0189,Q2058024,Q2058024,Osaka,Japan,1853909,,,,,,
,https://ror.org/03xz5zc65,Cow Brand Soap Kyoshinsha (Japan),active,company,,Cow Brand Soap Kyoshinsha (Japan); 牛乳石鹸共進社*ja,,https://www.cow-soap.co.jp/,https://ja.wikipedia.org/wiki/牛乳石鹸共進社,cow-soap.co.jp,1909,,,,,,,Q11570068,Q11570068,Osaka,Japan,1853909,,,,,,
,https://ror.org/01zh5cn88,Canon Medical Diagnostics (Japan),active,company,Kyowa Medex; Minaris Medical; Hitachi Chemical Diagnostics Systems; 協和メデックス*ja; ミナリスメディカル*ja,Canon Medical Diagnostics (Japan); Canon Medical Diagnostics Corporation; キヤノンメディカルダイアグノスティックス*ja,,https://mdc.medical.canon/,,,1981,,,,,,,,,Tokyo,Japan,1850147,,https://ror.org/05gg0gh87,,https://ror.org/01qpswk97,,
,https://ror.org/04xct8f73,Kohjin Holdings (Japan),active,company,Kohjin,Kohjin Holdings (Japan); 興人ホールディングス*ja; 興人*ja,,,https://ja.wikipedia.org/wiki/興人,,1937,,,,,,,Q11613338,Q11613338,Tokyo,Japan,1850147,,,,,,
,https://ror.org/02bjq7366,Kinpai Shuzo (Japan),active,company,,Kinpai Shuzo (Japan); 金盃酒造*ja; Kinpai Shuzo,,https://kinpai.co.jp/,,kinpai.co.jp,1935,,,,,,,,,Kobe,Japan,1859171,,,,,,
,https://ror.org/02f0wpn16,Kosei Aluminum (Japan),active,company,"Kosei Aluminum Co., Ltd.",Kosei Aluminum (Japan); 光生アルミニューム工業*ja,,https://www.koseijp.co.jp/,,koseijp.co.jp,1950,,,,,,,,,Toyota,Japan,1849814,,,,,,
,https://ror.org/00xgksw19,Sato Kogyo (Japan),active,company,,Sato Kogyo (Japan); 佐藤工業*ja,,https://www.satokogyo.co.jp/,https://ja.wikipedia.org/wiki/佐藤工業,satokogyo.co.jp,1931,,,,,,,Q17228651,Q17228651,Tokyo,Japan,1850147,,,,,,
,https://ror.org/02xfjda84,Sato Tekko (Japan),active,company,,Sato Tekko (Japan); 佐藤鉄工*ja,,https://www.satotekko.co.jp/,,satotekko.co.jp,1973,,,,,,,,,Gohyakkoku,Japan,1863598,,,,,,
,https://ror.org/007238087,Dow-Mitsui Polychemicals (Japan),active,company,"DuPont-Mitsui Polychemicals Co., Ltd.; Mitsui Polychemicals Co., Ltd.; 三井・デュポンポリケミカル*ja",Dow-Mitsui Polychemicals (Japan); 三井・ダウ ポリケミカル*ja,,https://www.mdp.jp/,https://ja.wikipedia.org/wiki/%E4%B8%89%E4%BA%95%E3%83%BB%E3%83%80%E3%82%A6_%E3%83%9D%E3%83%AA%E3%82%B1%E3%83%9F%E3%82%AB%E3%83%AB,mdp.jp,1960,,,,,,,Q119658189,Q119658189,Tokyo,Japan,1850147,,,,https://ror.org/05wh5fw51; https://ror.org/041y80p71,,
,https://ror.org/03s0pja67,Mitsui Norin (Japan),active,company,,Mitsui Norin (Japan); 三井農林*ja,,https://www.mitsui-norin.co.jp/,https://ja.wikipedia.org/wiki/%E4%B8%89%E4%BA%95%E8%BE%B2%E6%9E%97,mitsui-norin.co.jp,1974,,,,,,,Q11354317,Q11354317,Tokyo,Japan,1850147,,https://ror.org/05tm9j755,,,,
,https://ror.org/03s787h62,Miura (Japan),active,company,,Miura (Japan); 三浦工業*ja,,https://www.miuraz.co.jp/,https://ja.wikipedia.org/wiki/%E4%B8%89%E6%B5%A6%E5%B7%A5%E6%A5%AD,miuraz.co.jp,1959,,,,,,,Q11356418,Q11356418,Matsuyama,Japan,1926099,,,,,,
,https://ror.org/03s83n021,MA Aluminum (Japan),active,company,Mitsubishi Aluminum; MA Aluminum Corporation,MA Aluminum (Japan); MAアルミニウム*ja; 三菱アルミニウム*ja,,https://www.ma-aluminum.com/,,ma-aluminum.com,2022,,,,,,,,,Susono,Japan,6822195,,,,,,
,https://ror.org/04y2k2y16,Mitsubishi Corporation Life Sciences (Japan),active,company,Mitsubishi Shoji Foodtech; 三菱商事フードテック*ja; Mitsubishi Corporation Life Sciences Limited,Mitsubishi Corporation Life Sciences (Japan); 三菱商事ライフサイエンス*ja,,https://www.mcls-ltd.com,,mcls-ltd.com,1954,,,,,,,,,Tokyo,Japan,1850147,,,,https://ror.org/014m1ef46,,
,https://ror.org/04m34qv91,Mitsubishi Electric Defense and Space Technologies (Japan),active,company,Mitsubishi Electric Tokki Systems Corporation,Mitsubishi Electric Defense and Space Technologies (Japan); 三菱電機ディフェンス&スペーステクノロジーズ*ja; 三菱電機特機システム*ja,,https://www.medstec.co.jp/,https://ja.wikipedia.org/wiki/%E4%B8%89%E8%8F%B1%E9%9B%BB%E6%A9%9F%E3%83%87%E3%82%A3%E3%83%95%E3%82%A7%E3%83%B3%E3%82%B9%26%E3%82%B9%E3%83%9A%E3%83%BC%E3%82%B9%E3%83%86%E3%82%AF%E3%83%8E%E3%83%AD%E3%82%B8%E3%83%BC%E3%82%BA,medstec.co.jp,1972,,,,,,,Q11357184,Q11357184,Tokyo,Japan,1850147,,https://ror.org/033y26782,,,,
,https://ror.org/00d7e4b79,Sanyo Electric (Japan),active,company,,Sanyo Electric (Japan); 三洋電機*ja,,,https://ja.wikipedia.org/wiki/三洋電機,,1950,,,,,,,Q49203,Q49203,Kadoma,Japan,1860871,,https://ror.org/011tm7n37,,,,
,https://ror.org/03hjmry95,Shiga Bolt (Japan),active,company,,Shiga Bolt (Japan); 滋賀ボルト*ja,,http://www.shigabolt.co.jp/,,shigabolt.co.jp,1973,,,,,,,,,Kōka,Japan,6822117,,https://ror.org/02wcp1z90,,,,
,https://ror.org/03rbw7q45,Jidosha Buhin Kogyo (Japan),active,company,,Jidosha Buhin Kogyo (Japan); 自動車部品工業*ja,,,https://ja.wikipedia.org/wiki/自動車部品工業,,1938,,,,,,,Q11612700,Q11612700,Ebina,Japan,6822128,,,,,https://ror.org/05s616428,
,https://ror.org/04marrp58,Janome (Japan),active,company,Janome Sewing Machine; 蛇の目ミシン工業*ja,Janome (Japan); ジャノメ*ja; Janome Corporation,,https://www.janome.co.jp/,https://ja.wikipedia.org/wiki/ジャノメ,janome.co.jp,1950,,,,,,,Q3066841,Q3066841,Hachioji,Japan,1863440,,,,,,
,https://ror.org/045s6t436,SUMINOE (Japan),active,company,Suminoe Textile,SUMINOE (Japan); 住江織物*ja,,https://www.suminoe.co.jp/,https://ja.wikipedia.org/wiki/SUMINOE,suminoe.co.jp,1913,,,,,,,Q11381961,Q11381961,Osaka,Japan,1853909,,,,,,
,https://ror.org/01tnrna74,Komatsu Matere (Japan),active,company,"Komatsu Seiren Co., Ltd.; 小松精練株式会社*ja; Komatsu Matere Co., Ltd.",Komatsu Matere (Japan); 小松マテーレ*ja,,https://www.komatsumatere.co.jp/,https://ja.wikipedia.org/wiki/小松マテーレ,komatsumatere.co.jp,1943,,,,,,,Q11461224,Q11461224,Nomi,Japan,11612487,,,,,,
,https://ror.org/020wszx38,TAKCEL (Japan),active,company,"Ono Sangyo; Ono Sangyo Co., Ltd.; 小野産業*ja","TAKCEL (Japan); TAKCEL Co., Ltd.; タクセル*ja",,https://www.takcel.co.jp/,https://ja.wikipedia.org/wiki/%E3%82%BF%E3%82%AF%E3%82%BB%E3%83%AB,takcel.co.jp,1924,,,,,,,Q20043549,Q20043549,Tochigi,Japan,1850311,,,,,,
,https://ror.org/032fvj414,Showa Rubber (Japan),active,company,,"Showa Rubber (Japan); Showa Rubber Co., Ltd.; 昭和ゴム*ja",,https://showa-rubber.asia/,,showa-rubber.asia,2009,,,,,,,,,Kashiwa,Japan,1859924,,,,,,
,https://ror.org/01c3x8x26,Showa Products (Japan),active,company,,"Showa Products (Japan); 昭和プロダクツ*ja; Showa Products Co., Ltd.",,https://www.marutsutsu.co.jp/,,marutsutsu.co.jp,1964,,,,,,,,,Osaka,Japan,1853909,,,,https://ror.org/02zhsgx35,,
,https://ror.org/055kmkr02,Showa Kako (Japan),active,company,,Showa Kako (Japan); Showa Kako Corporation; 昭和化工*ja,,https://www.showakako.co.jp,,showakako.co.jp,1916,,,,,,,,,Suita,Japan,1851483,,,,,,
,https://ror.org/01hkwwb66,Showa Yokkaichi Sekiyu (Japan),active,company,,Showa Yokkaichi Sekiyu (Japan); 昭和四日市石油*ja,,https://syskk.co.jp/,https://ja.wikipedia.org/wiki/昭和四日市石油,syskk.co.jp,1957,,,,,,,Q17216177,Q17216177,Yokkaichi,Japan,1848373,,https://ror.org/002v59719,,,,
,https://ror.org/03cfk3f15,Showa Manufacturing (Japan),active,company,,"Showa Manufacturing (Japan); Showa Manufacturing Co., Ltd.; 昭和鉄工*ja",,https://www.showa.co.jp/,https://ja.wikipedia.org/wiki/昭和鉄工,showa.co.jp,1933,,,,,,,Q11514155,Q11514155,Umi,Japan,1849299,,,,,,
,https://ror.org/056xa1h13,New Kansai International Airport (Japan),active,company,,New Kansai International Airport (Japan); 新関西国際空港*ja,NKIAC,https://www.nkiac.co.jp/,https://ja.wikipedia.org/wiki/新関西国際空港,nkiac.co.jp,2012,,,,,,,Q11504281,Q11504281,Tajiri,Japan,11694589,,,,,,
,https://ror.org/02w9qwx90,Shinsei Technos (Japan),active,company,,Shinsei Technos (Japan); 新生テクノス*ja,,,,,,,,,,,,,,Tokyo,Japan,1850147,,,,,,
,https://ror.org/04njvz350,Shinto (Japan),active,company,,Shinto (Japan); 新東*ja,,https://www.shintokawara.co.jp/,https://ja.wikipedia.org/wiki/%E6%96%B0%E6%9D%B1,shintokawara.co.jp,1963,,,,,,,Q11502554,Q11502554,Takahama,Japan,1851155,,,,,,
,https://ror.org/001m73417,Kobelco Machinery Engineering (Japan),active,company,"Shinko Engineering Co., Ltd.",Kobelco Machinery Engineering (Japan); 神鋼造機*ja,,https://www.kobelco-machinery-engineering.co.jp/,https://ja.wikipedia.org/wiki/%E7%A5%9E%E9%8B%BC%E9%80%A0%E6%A9%9F,kobelco-machinery-engineering.co.jp,1950,,,,,,,Q11591003,Q11591003,Ōgaki,Japan,1854703,,,,https://ror.org/01d36yb27,,
,https://ror.org/01j612z45,Kanda Tsushinki (Japan),active,company,,"Kanda Tsushinki (Japan); Kanda Tsushinki Co., Ltd.; 神田通信機*ja",,https://www.kandt.co.jp/,,kandt.co.jp,1947,,,,,,,,,Tokyo,Japan,1850147,,,,,,
,https://ror.org/01w6f0404,Nishida Tekko (Japan),active,company,,Nishida Tekko (Japan); 西田鉃工*ja; 西田鉄工*ja,,https://www.nishida.co.jp,,nishida.co.jp,1946,,,,,,,,,Uto,Japan,1849069,,,,,,
,https://ror.org/02dv1a794,Nishi-Nippon Shatai Kogyo (Japan),active,company,,"Nishi-Nippon Shatai Kogyo (Japan); Nishi-Nippon Shatai Kogyo Co., Ltd.; 西日本車体工業*ja",,,https://ja.wikipedia.org/wiki/西日本車体工業,,1946,,,,,,,Q11628415,Q11628415,Kitakyushu,Japan,1859307,,https://ror.org/00xygzw06,,,,
,https://ror.org/00580pz78,Chiba Yogyo (Japan),active,company,Chiba Ceramic Industry Inc.,Chiba Yogyo (Japan); 千葉窯業*ja,,https://www.chibayogyo.co.jp/,,chibayogyo.co.jp,1921,,,,,,,,,Chiba,Japan,2113015,,,,,,
,https://ror.org/04ydwy919,Kawasaki Kasei Chemicals (Japan),active,company,,Kawasaki Kasei Chemicals (Japan); 川崎化成工業*ja,,,,,1955,,,,,,,,,Kawasaki,Japan,1859642,,,,,,
,https://ror.org/05tfx2527,Kawada Construction (Japan),active,company,,Kawada Construction (Japan); 川田建設*ja,,https://www.kawadaken.co.jp,,kawadaken.co.jp,1971,,,,,,,,,Tokyo,Japan,1850147,,,,,,
,https://ror.org/00q7a4w11,Kawada Industries (Japan),active,company,,Kawada Industries (Japan); 川田工業*ja,,https://www.kawada.co.jp/,,kawada.co.jp,1922,,,,,,,,,Nanto,Japan,6822123,,,,,,
,https://ror.org/02tx29v36,Kawamoto Industry (Japan),active,company,Kawamoto Industries,Kawamoto Industry (Japan); 川本工業*ja,,https://www.kawamoto-ind.co.jp,,kawamoto-ind.co.jp,1949,,,,,,,,,Yokohama,Japan,1848354,,,,,,
,https://ror.org/00ebhw333,Soko Seiren (Japan),active,company,,Soko Seiren (Japan); 倉庫精練*ja,,,https://ja.wikipedia.org/wiki/%E5%80%89%E5%BA%AB%E7%B2%BE%E7%B7%B4,,1914,,,,,,,Q11386644,Q11386644,Kanazawa,Japan,1860243,,,,,,
,https://ror.org/04ted5g07,DMG MORI Precision Boring (Japan),active,company,Kuraki; 倉敷機械*ja,DMG MORI Precision Boring (Japan); DMG MORI Precision Boring*ja,,https://www.dmgmori-pb.co.jp/,,dmgmori-pb.co.jp,1949,,,,,,,,,Nagaoka,Japan,1856199,,https://ror.org/02fnq0s83,,,,
,https://ror.org/0337dry14,Sohgo Security Services (Japan),active,company,"ALSOK; Sohgo Security Services Co., Ltd.",Sohgo Security Services (Japan); 綜合警備保障*ja; Sogo Keibi Hosho,,https://www.alsok.co.jp/,https://ja.wikipedia.org/wiki/ALSOK,alsok.co.jp,1965,,,,,,,Q11607095,Q11607095,Tokyo,Japan,1850147,,,,,,
,https://ror.org/04qrhdf61,Taihei Bussan (Japan),active,company,,Taihei Bussan (Japan); 太平物産*ja,,,https://ja.wikipedia.org/wiki/%E5%A4%AA%E5%B9%B3%E7%89%A9%E7%94%A3,,1946,,,,,,,Q105451061,Q105451061,Akita,Japan,2113126,,,,,,
,https://ror.org/004ag6502,Pacific Industrial (Japan),active,company,,"Pacific Industrial (Japan); Pacific Industrial Co., Ltd.; 太平洋工業*ja",,https://www.pacific-ind.co.jp/,https://ja.wikipedia.org/wiki/%E5%A4%AA%E5%B9%B3%E6%B4%8B%E5%B7%A5%E6%A5%AD,pacific-ind.co.jp,1938,,,,,,,Q11443975,Q11443975,Ōgaki,Japan,1854703,,,,,,
,https://ror.org/01zg4d260,Taiyo Machinery Mfg. (Japan),active,company,,"Taiyo Machinery Mfg. (Japan); Taiyo Machinery Mfg. Co., Ltd.; 太陽機械工業*ja",,https://www.taiyokikai.com,,taiyokikai.com,1943,,,,,,,,,Nantan,Japan,11612558,,,,,,
,https://ror.org/017fw3717,Daiken (Japan),active,company,,Daiken (Japan); Daiken Corporation; 大建工業*ja,,https://www.daiken.jp/,https://ja.wikipedia.org/wiki/DAIKEN,daiken.jp,1945,,,,,,,Q11435404,Q11435404,Osaka,Japan,1853909,,,,,,
,https://ror.org/040rvrt94,Taisei Setsubi (Japan),active,company,,"Taisei Setsubi (Japan); Taisei Setsubi Co., Ltd.; 大成設備*ja",,http://www.taisei-setsubi.jp/,,taisei-setsubi.jp,1965,,,,,,,Q28688168,Q28688168,Tokyo,Japan,1850147,,https://ror.org/015cafh73,,,,
,https://ror.org/0277qv640,Okura Industrial (Japan),active,company,,"Okura Industrial (Japan); Okura Industrial Co., Ltd.; 大倉工業*ja",,https://www.okr-ind.co.jp/,https://ja.wikipedia.org/wiki/大倉工業,okr-ind.co.jp,1947,,,,,,,Q11432425,Q11432425,Marugame,Japan,1857665,,,,,,
,https://ror.org/05ypvg492,Daido Machinery (Japan),active,company,,"Daido Machinery (Japan); 大同マシナリー*ja; Daido Machinery, Ltd.",,https://www.dm-daido.co.jp/,,dm-daido.co.jp,1937,,,,,,,,,Nagoya,Japan,1856057,,https://ror.org/05fa63r36,,,,
,https://ror.org/04qqh2e96,Daido-Maruta Finishing (Japan),active,company,,Daido-Maruta Finishing (Japan); 大同マルタ染工*ja,,,,,,,,,,,,,,Kyoto,Japan,1857910,,,,,,
,https://ror.org/03fhxx751,Daido Chemical (Japan),active,company,"Daido Chemical Industry Co., Ltd.",Daido Chemical (Japan); 大同化学*ja; 大同化学工業*ja,,https://daido-chemical.co.jp,,daido-chemical.co.jp,1947,,,,,,,,,Osaka,Japan,1853909,,,,,,
,https://ror.org/01px8mv14,Daido Kogyo (Japan),active,company,,Daido Kogyo (Japan); 大同工業*ja,,https://www.did-daido.co.jp,https://ja.wikipedia.org/wiki/大同工業,did-daido.co.jp,1933,,,,,,,Q11433330,Q11433330,Kaga,Japan,6822141,,,,,,
,https://ror.org/01sxx0a81,Taiyo Elecs (Japan),active,company,,"Taiyo Elecs (Japan); 大洋エレックス*ja; Taiyo Elecs Co., Ltd.",,https://www.taiyo-elecs.co.jp,,taiyo-elecs.co.jp,1982,,,,,,,,,Kyoto,Japan,1857910,,,,,,
,https://ror.org/00ck99t60,Daiwa Dyeing (Japan),active,company,,Daiwa Dyeing (Japan); 大和染工*ja,,,,,,,,,,,,,,Hamamatsu,Japan,1863289,,,,,,
,https://ror.org/01h7qtn02,Daiichi Kasei Sangyo (Japan),active,company,,"Daiichi Kasei Sangyo (Japan); Daiichi Kasei Sangyo Co., Ltd.; 第一化成産業*ja",,https://www.d-kasei.co.jp,,d-kasei.co.jp,1957,,,,,,,,,Tokyo,Japan,1850147,,,,,,
,https://ror.org/03ey07j79,Daiichi Sankyo RD Novare (Japan),active,company,,Daiichi Sankyo RD Novare (Japan); 第一三共RDノバーレ*ja,,,,,2006,,,,,,,,,Tokyo,Japan,1850147,,https://ror.org/027y26122,,,https://ror.org/027y26122,
,https://ror.org/00nyj1074,Daiichibo (Japan),active,company,,"Daiichibo (Japan); Daiichibo Co., Ltd.; 第一紡績*ja",,,,,,,,,,,,,,Arao,Japan,11274040,,,,,,
,https://ror.org/04tcfv421,TANISEI (Japan),active,company,Taniguchi Petroleum Refining; 谷口石油精製*ja,TANISEI (Japan),,https://www.tanisei.co.jp/,,tanisei.co.jp,1962,,,,,,,,,Kawagoe,Japan,7417712,,,,,,
,https://ror.org/000etak87,NGK Chemitech (Japan),active,company,Ikebukuro Horo Kogyo,NGK Chemitech (Japan); NGKケミテック*ja; 池袋琺瑯工業*ja,,https://www.ngk-nct.co.jp,,ngk-nct.co.jp,1923,,,,,,,,,Tokorozawa,Japan,1850181,,https://ror.org/02he16z20,,,,
,https://ror.org/01rkwvg21,Chuo Electronics (Japan),active,company,,Chuo Electronics (Japan); 中央電子*ja,,https://www.cec.co.jp/,https://ja.wikipedia.org/wiki/中央電子,cec.co.jp,1960,,,,,,,Q11363822,Q11363822,Hachiōji,Japan,1863440,,,,,,
,https://ror.org/01epq4810,Chugoku Koatsu Concrete Industry (Japan),active,company,,Chugoku Koatsu Concrete Industry (Japan); 中国高圧コンクリート工業*ja,,https://chucon-ic.co.jp,,chucon-ic.co.jp,1969,,,,,,,,,Hiroshima,Japan,1862415,,https://ror.org/02va37h22,,,,
,https://ror.org/02422s720,Nakagawa Seitai Kako (Japan),active,company,,Nakagawa Seitai Kako (Japan); 中川製袋化工*ja,,https://nakagawaseitai.co.jp/,,nakagawaseitai.co.jp,1939,,,,,,,,,Ōtake,Japan,1853662,,,,,,
,https://ror.org/04a830f37,Nakao Filter Media (Japan),active,company,,Nakao Filter Media (Japan); 中尾フイルター工業*ja,,https://www.nakao-filter.co.jp/,,nakao-filter.co.jp,1951,,,,,,,,,Osaka,Japan,1853909,,,,,,
,https://ror.org/033jzv307,Nagano Olympus (Japan),active,company,"Nagano Olympus Co., Ltd.",Nagano Olympus (Japan); 長野オリンパス*ja,,https://www.nagano.olympus.co.jp,,nagano.olympus.co.jp,2011,,,,,,,,,Tatsuno,Japan,1850498,,https://ror.org/01v0pgv63,,,,
,https://ror.org/05kvfzh55,Diamond & Zebra Electric Mfg. (Japan),active,company,Tabuchi Electric,Diamond & Zebra Electric Mfg. (Japan); ダイヤゼブラ電機*ja; 田淵電機*ja,,,https://ja.wikipedia.org/wiki/%E3%83%80%E3%82%A4%E3%83%A4%E3%82%BC%E3%83%96%E3%83%A9%E9%9B%BB%E6%A9%9F,,1939,,,,,,,Q17212227,Q17212227,Osaka,Japan,1853909,,,,,,
,https://ror.org/04dvkba92,Watanabe Engineering (Japan),active,company,,Watanabe Engineering (Japan); Watanabe Engineering Corporation; 渡辺鉄工*ja,,https://watanabe1886.com/,,watanabe1886.com,1949,,,,,,,,,Fukuoka,Japan,1863967,,,,,,
,https://ror.org/02z15n466,Tosoh Quartz (Japan),active,company,,Tosoh Quartz (Japan); Tosoh Quartz Corporation; 東ソー・クォーツ*ja,,https://www.tqgj.co.jp/,,tqgj.co.jp,1936,,,,,,,,,Yamagata,Japan,2110556,,https://ror.org/05efy4j44,,,,
,https://ror.org/02725nn16,TOA Construction (Japan),active,company,,TOA Construction (Japan); TOA Corporation; TOA Construction Corporation; 東亜建設工業*ja,,https://www.toa-const.co.jp/,https://ja.wikipedia.org/wiki/東亜建設工業,toa-const.co.jp,1920,,,,,,,Q7670949,Q7670949,Tokyo,Japan,1850147,,,,,,
,https://ror.org/0230pyr39,Toshiba Electronic Device Solutions (Japan),active,company,Toshiba Microelectronics Corporation,Toshiba Electronic Device Solutions (Japan); 東芝デバイスソリューション*ja; 東芝マイクロエレクトロニクス*ja,,https://www.toshiba.co.jp/device-sol/,,,1981,,,,,,,,,Kawasaki,Japan,1859642,,https://ror.org/040wv9y89,,,,
,https://ror.org/02x9szb96,Nagase RooTAC Industries (Japan),active,company,Totaku Industries; 東拓工業*ja,Nagase RooTAC Industries (Japan); ナガセルータック*ja,,https://rootac.nagase.com/,,nagase.com,1952,,,,,,,,,Osaka,Japan,1853909,,https://ror.org/00ps92954,,,,
,https://ror.org/01anjex09,Tonen Chemical (Japan),active,company,,Tonen Chemical (Japan); 東燃化学*ja,,,https://ja.wikipedia.org/wiki/東燃化学,,1960,,,,,,,Q11528051,Q11528051,Tokyo,Japan,1850147,,https://ror.org/02rcsxq19,,,,
,https://ror.org/02d0ssf74,Toyo Electric (Japan),active,company,Toyo Electric Corporation,Toyo Electric (Japan); 東洋電機*ja,,https://www.toyo-elec.co.jp,https://ja.wikipedia.org/wiki/%E6%9D%B1%E6%B4%8B%E9%9B%BB%E6%A9%9F,toyo-elec.co.jp,1947,,,,,,,Q11527703,Q11527703,Kasugai,Japan,1859891,,,,,,
,https://ror.org/01v076t61,Towa Electric Industry (Japan),active,company,,Towa Electric Industry (Japan); 東和電機工業*ja,,https://www.towagp.co.jp,,towagp.co.jp,1973,,,,,,,,,Fujisaki,Japan,2130337,,,,,,
,https://ror.org/03epc8377,Nikko Kasei (Japan),active,company,,Nikko Kasei (Japan); 日光化成*ja,,https://www.nikkokasei.co.jp/,,nikkokasei.co.jp,1947,,,,,,,,,Osaka,Japan,1853909,,,,,,
,https://ror.org/057b69p52,Shimadzu Diagnostics (Japan),active,company,Nissui Pharmaceutical; 日水製薬*ja,Shimadzu Diagnostics (Japan); 島津ダイアグノスティクス*ja,,https://corp.sdc.shimadzu.co.jp/,https://ja.wikipedia.org/wiki/%E5%B3%B6%E6%B4%A5%E3%83%80%E3%82%A4%E3%82%A2%E3%82%B0%E3%83%8E%E3%82%B9%E3%83%86%E3%82%A3%E3%82%AF%E3%82%B9,shimadzu.co.jp,1935,,,,,,,Q11509613,Q11509613,Tokyo,Japan,1850147,,https://ror.org/03k8der79,,,,
,https://ror.org/05mzmfb27,Nisso Engineering (Japan),active,company,,Nisso Engineering (Japan); 日曹エンジニアリング*ja,,https://www.nisso-eng.co.jp/,,nisso-eng.co.jp,1962,,,,,,,,,Tokyo,Japan,1850147,,https://ror.org/01estnb82,,,,
,https://ror.org/04h7h0h08,Nippon Steel Pipe (Japan),active,company,,Nippon Steel Pipe (Japan); 日鉄鋼管*ja,,,https://ja.wikipedia.org/wiki/日鉄鋼管_(2代目),,,,,,,,,Q11381789,Q11381789,Tokyo,Japan,1850147,,https://ror.org/016vzmc05,,,https://ror.org/016vzmc05,
,https://ror.org/04fdy7z70,Nitto Kasei (Japan),active,company,,"Nitto Kasei (Japan); Nitto Kasei Co., Ltd.; 日東化成*ja",,https://nittokasei.com/,,nittokasei.com,1947,,,,,,,,,Osaka,Japan,1853909,,,,,,
,https://ror.org/044jf2x59,Nippon Yttrium (Japan),active,company,,Nippon Yttrium (Japan); 日本イットリウム*ja,,,,,,,,,,,,,,Omuta,Japan,1854083,,,,,https://ror.org/027kpf759,
,https://ror.org/039ag7q71,Japan Kyastem (Japan),active,company,,"Japan Kyastem (Japan); 日本キャステム*ja; Japan Kyastem Co., Ltd.",,https://www.kyastem.co.jp/,,kyastem.co.jp,1992,,,,,,,,,Tachikawa,Japan,11611487,,,,,,
,https://ror.org/00vkek523,Japan Computer System Service (Japan),active,company,,Japan Computer System Service (Japan); 日本コンピューターシステムサービス*ja,,,,,,,,,,,,,,Utsunomiya,Japan,1849053,,,,,,
,https://ror.org/0524c3598,Nihon Surfactant Kogyo (Japan),active,company,Nippon Surfactant,Nihon Surfactant Kogyo (Japan); 日本サーファクタント工業*ja,,https://www.ns-utsunomiya.com/,,ns-utsunomiya.com,1956,,,,,,,,,Tokyo,Japan,1850147,,,,,,
,https://ror.org/01p589631,Sika (Japan),active,company,"日本シーカ*ja; Sika Ltd., Japan",Sika (Japan); Sika Japan Ltd.; シーカ・ジャパン*ja,,https://jpn.sika.com/,,jpn.sika.com,1955,,,,,,,,,Tokyo,Japan,1850147,,https://ror.org/00maqzy82,,,,
,https://ror.org/05m46qf57,Nippon Selen (Japan),active,company,,"Nippon Selen (Japan); Nippon Selen Co., Ltd.; 日本セレン*ja",,https://www.seletex.biz/,,seletex.biz,1956,,,,,,,,,Kawasaki,Japan,1859642,,,,,,
,https://ror.org/03xn55e75,Nippon Furnace (Japan),active,company,,Nippon Furnace (Japan); 日本ファーネス*ja,,https://www.furnace.co.jp,,furnace.co.jp,2006,,,,,,,,,Yokohama,Japan,1848354,,https://ror.org/01k2xrc10,,,,
,https://ror.org/02xdmvx94,Resonac Brake (Japan),active,company,"Japan Brake Industrial; Japan Brake Industrial Co., Ltd.",Resonac Brake (Japan); レゾナック・ブレーキ*ja; 日本ブレーキ工業*ja,,,https://ja.wikipedia.org/wiki/%E3%83%AC%E3%82%BE%E3%83%8A%E3%83%83%E3%82%AF%E3%83%BB%E3%83%96%E3%83%AC%E3%83%BC%E3%82%AD,,1958,,,,,,,Q11506851,Q11506851,Chikusei,Japan,6822097,,https://ror.org/01pshgb33,,,,
,https://ror.org/012bcgq23,Nippon Paint Anti-Corrosive Coatings (Japan),active,company,,"Nippon Paint Anti-Corrosive Coatings (Japan); Nippon Paint Anti-Corrosive Coatings Co., Ltd.; 日本ペイント防食コーティングス*ja",,,,,,,,,,,,,,Funabashi,Japan,11611630,,https://ror.org/01t782854,,,,
,https://ror.org/026f2qj69,Nippon Polyester (Japan),active,company,,Nippon Polyester (Japan); 日本ポリエステル*ja,,,,,,,,,,,,,,Osaka,Japan,1853909,,,,,,
,https://ror.org/00jvjje38,Japan Polyolefins (Japan),active,company,"Japan Polyolefins Co., Ltd.",Japan Polyolefins (Japan); 日本ポリオレフィン*ja,,,https://ja.wikipedia.org/wiki/日本ポリオレフィン,,,,,,,,,Q11506936,Q11506936,Tokyo,Japan,1850147,,,,,,
,https://ror.org/02twbcg15,Nippon Menard Cosmetic (Japan),active,company,,Nippon Menard Cosmetic (Japan); 日本メナード化粧品*ja,,https://www.menard.co.jp/,https://ja.wikipedia.org/wiki/%E6%97%A5%E6%9C%AC%E3%83%A1%E3%83%8A%E3%83%BC%E3%83%89%E5%8C%96%E7%B2%A7%E5%93%81,menard.co.jp,1959,,,,,,,Q11506983,Q11506983,Nagoya,Japan,1856057,,,,,,
,https://ror.org/00tyvva74,REJ (Japan),active,company,日本リライアンス*ja,"REJ (Japan); REJ Co., Ltd.; REJ*ja",,https://www.rej.jp/,https://ja.wikipedia.org/wiki/REJ,rej.jp,1964,,,,,,,Q119380633,Q119380633,Yokohama,Japan,1848354,,https://ror.org/045094p64,,,,
,https://ror.org/05jbtav92,Nippon Laser & Electronics Lab. (Japan),active,company,,Nippon Laser & Electronics Lab. (Japan); 日本レーザ電子*ja,,,,,,,,,,,,,,Nagoya,Japan,1856057,,,,,,
,https://ror.org/057a94j04,Nippon Nuclear Fuel Development (Japan),active,company,,Nippon Nuclear Fuel Development (Japan); 日本核燃料開発*ja,NFD,https://www.nfd.jp/,,nfd.jp,1972,,,,,,,Q126539678,Q126539678,Ōarai,Japan,2111567,,,,https://ror.org/0326v3z14; https://ror.org/02exqgm79,,
,https://ror.org/05g4e3022,Japan Bridge (Japan),active,company,,Japan Bridge (Japan); 日本橋梁*ja,,https://www.nihon-kyoryo.co.jp,,nihon-kyoryo.co.jp,1919,,,,,,,,,Osaka,Japan,1853909,,https://ror.org/0096v1737,,,,
,https://ror.org/01xzwep63,Nihon Kogyo (Japan),active,company,,Nihon Kogyo (Japan); 日本興業*ja,,https://www.nihon-kogyo.co.jp/,,nihon-kogyo.co.jp,1956,,,,,,,,,Sanuki,Japan,11611641,,,,,,
,https://ror.org/01mjk7a40,Japan Management Systems (Japan),active,company,,Japan Management Systems (Japan); 日本経営システム*ja,,https://www.jmsinc.co.jp/,,jmsinc.co.jp,1970,,,,,,,,,Tokyo,Japan,1850147,,,,,,
,https://ror.org/04k825d48,Japan New Metals (Japan),active,company,"Japan New Metals Co., Ltd.",Japan New Metals (Japan); 日本新金属*ja,,http://www.jnm.co.jp/,,jnm.co.jp,1963,,,,,,,,,Toyonaka,Japan,1849837,,https://ror.org/03p5evc41,,,,
,https://ror.org/002q07341,Nippon Chutetsukan (Japan),active,company,,Nippon Chutetsukan (Japan); 日本鋳鉄管*ja,,https://www.nichu.co.jp,,nichu.co.jp,1937,,,,,,,Q96324037,Q96324037,Tokyo,Japan,1850147,,,,,,
,https://ror.org/037992n24,Nidec Drive Technology (Japan),active,company,Nidec-Shimpo Corporation; 日本電産シンポ*ja,Nidec Drive Technology (Japan); ニデックドライブテクノロジー*ja,,https://www.nidec.com/en/nidec-drivetechnology/,,,1952,,,,,,,,,Mukō,Japan,1856456,,https://ror.org/05xmzbk80,,,,
,https://ror.org/05e461f46,Nidec Advance Technology (Japan),active,company,Nidec-Read Corporation; Read Electronics,Nidec Advance Technology (Japan); Nidec Advance Technology Corporation; ニデックアドバンステクノロジー*ja; 日本電産リード*ja,,https://www.nidec.com/jp/nidec-advancetechnology/,,,1991,,,,,,,,,Mukō,Japan,1856456,,https://ror.org/05xmzbk80,,,,
,https://ror.org/0126ah535,Japan Information Processing Service (Japan),active,company,,"Japan Information Processing Service (Japan); 日本電子計算*ja; Japan Information Processing Service Co., Ltd.",JIP,https://www.jip.co.jp/,,jip.co.jp,1962,,,,,,,,,Tokyo,Japan,1850147,,,,https://ror.org/055m49s16,,
,https://ror.org/03nktpf21,Japan Wool Textile (Japan),active,company,Nikke,"Japan Wool Textile (Japan); The Japan Wool Textile Co., Ltd.; 日本毛織*ja",,https://www.nikke.co.jp/,https://ja.wikipedia.org/wiki/日本毛織,nikke.co.jp,1896,,,,,,,Q11508417,Q11508417,Osaka,Japan,1853909,,,,,,
,https://ror.org/033rjg592,Japan Post Holdings (Japan),active,company,,Japan Post Holdings (Japan); 日本郵政*ja,,https://www.japanpost.jp/en/,https://ja.wikipedia.org/wiki/日本郵政,,2006,,,,,,,Q1372049,Q1372049,Tokyo,Japan,1850147,,,,https://ror.org/02yjpy791; https://ror.org/04j339g17; https://ror.org/02w7n8v98,,
,https://ror.org/00k73db16,Nippon Rika (Japan),active,company,,"Nippon Rika (Japan); 日本理化学薬品*ja; Nippon Rika Co., Ltd.",,https://www.nipponrika.co.jp,,nipponrika.co.jp,1939,,,,,,,,,Tokyo,Japan,1850147,,,,,,
,https://ror.org/00vcnd557,Hitachi GE Vernova Nuclear Energy (Japan),active,company,Hitachi-GE Nuclear Energy; 日立GEニュークリア・エナジー*ja,Hitachi GE Vernova Nuclear Energy (Japan); 日立GEベルノバニュークリアエナジー*ja,,https://www.hitachi-hgne.co.jp/,https://ja.wikipedia.org/wiki/日立GEベルノバニュークリアエナジー,hitachi-hgne.co.jp,2007,,,,,,,Q11509961,Q11509961,Hitachi,Japan,2112708,,https://ror.org/02exqgm79,,,,
,https://ror.org/05fw11e03,Motherson Yachiyo Automotive Systems (Japan),active,company,Yachiyo Industry,Motherson Yachiyo Automotive Systems (Japan); マザーサンヤチヨ・オートモーティブシステムズ*ja; 八千代工業*ja,,https://www.yachiyo.motherson.co.jp,https://ja.wikipedia.org/wiki/マザーサンヤチヨ・オートモーティブシステムズ,yachiyo.motherson.co.jp,1953,,,,,,,Q11390633,Q11390633,Sayama,Japan,1907146,,,,,,
,https://ror.org/01j09eg34,Fujimi Ceramic (Japan),active,company,,Fujimi Ceramic (Japan); 不二見セラミック*ja,,,,,,,,,,,,,,Mitake,Japan,1856938,,,,,,
,https://ror.org/00tpx1874,Fujifilm Manufacturing (Japan),active,company,Fuji Xerox Manufacturing,Fujifilm Manufacturing (Japan); 富士フイルムマニュファクチャリング*ja; 富士ゼロックスマニュファクチュアリング*ja,,https://www.fujifilm.com/fbmfg/,,,2010,,,,,,,,,Ebina,Japan,6822128,,https://ror.org/02w528w58,,,,
,https://ror.org/01czaed14,Fujikako (Japan),active,company,,Fujikako (Japan); 富士化工*ja,,https://www.fujikako.co.jp/,,fujikako.co.jp,1957,,,,,,,,,Fuji,Japan,1864134,,https://ror.org/05t153d32,,,,
,https://ror.org/05f8d8e90,Fuji Kikai Kogyo (Japan),active,company,,"Fuji Kikai Kogyo (Japan); 富士機械工業*ja; Fuji Kikai Kogyo Co., Ltd.",,https://fujikikaikogyo.com,,fujikikaikogyo.com,1951,,,,,,,,,Higashihiroshima,Japan,11611627,,,,,,
,https://ror.org/03mkmth39,NTT Device Cross Technologies (Japan),active,company,Fujitsu Advanced Technologies; NTTエレクトロニクスクロステクノロジ*ja; 富士通アドバンストテクノロジ*ja,NTT Device Cross Technologies (Japan); NTTデバイスクロステクノロジ*ja,,,,,,,,,,,,,,Yokohama,Japan,1848354,,,,,,
,https://ror.org/00127y733,Fujitsu FIP (Japan),active,company,,Fujitsu FIP (Japan); 富士通エフ・アイ・ピー*ja,,,https://ja.wikipedia.org/wiki/富士通エフ・アイ・ピー,,1977,,,,,,,Q11456214,Q11456214,Tokyo,Japan,1850147,,https://ror.org/038e2g226,,,,
,https://ror.org/03rxn7c50,Fujitsu Semiconductor (Japan),active,company,Fujitsu Microelectronics Limited,Fujitsu Semiconductor (Japan); Fujitsu Semiconductor Limited; 富士通セミコンダクター*ja,,,https://ja.wikipedia.org/wiki/富士通セミコンダクター,,2008,,,,,,,Q86729163,Q86729163,Yokohama,Japan,1848354,,https://ror.org/038e2g226,,,https://ror.org/038e2g226,
,https://ror.org/02k7j9r77,Fujitsu Kasei (Japan),active,company,,Fujitsu Kasei (Japan); 富士通化成*ja,,,,,,,,,,,,,,Yokohama,Japan,1848354,,,,,,
,https://ror.org/037nf3c19,Futo Denshi Kogyo (Japan),active,company,,Futo Denshi Kogyo (Japan); 富東電子工業*ja,,,,,,,,,,,,,,Minobu,Japan,1857061,,,,,,
,https://ror.org/04p1rjx91,Fuji Electric Cable (Japan),active,company,,Fuji Electric Cable (Japan); 冨士電線*ja,,https://www.tokyo-fuji.co.jp/,,tokyo-fuji.co.jp,1951,,,,,,,,,Isehara,Japan,1861449,,https://ror.org/01asbnt17,,,,
,https://ror.org/01e1wtt71,B Food Science (Japan),active,company,物産フードサイエンス*ja,"B Food Science (Japan); B Food Science Co., Ltd.; Bフードサイエンス*ja",,https://www.bfsci.co.jp/,,bfsci.co.jp,1969,,,,,,,,,Chita,Japan,6822211,,,,,,
,https://ror.org/02873r852,HIRANUMA (Japan),active,company,"Hiranuma Sangyo; Hiranuma Sangyo Co., Ltd.",HIRANUMA (Japan); HIRANUMA*ja; 平沼産業*ja,,https://www.hiranuma.com/,,hiranuma.com,1959,,,,,,,,,Mito,Japan,2111901,,,,,,
,https://ror.org/02njq8672,Katayama Stratech (Japan),active,company,Katayama Stratech Corp.,Katayama Stratech (Japan); 片山ストラテック*ja,,,https://ja.wikipedia.org/wiki/片山ストラテック,,1941,,,,,,,Q60996863,Q60996863,Osaka,Japan,1853909,,,,,https://ror.org/055q2mx16,
,https://ror.org/039rpj420,Toyohashi Feed Mills (Japan),active,company,,Toyohashi Feed Mills (Japan); 豊橋飼料*ja,,https://toyohashi-shiryo.co.jp,,toyohashi-shiryo.co.jp,1931,,,,,,,,,Toyohashi,Japan,1849846,,,,,,
,https://ror.org/03enhnp42,JTEKT Fluid Power Systems (Japan),active,company,Toyooki Kogyo,JTEKT Fluid Power Systems (Japan); ジェイテクトフルードパワーシステム*ja; 豊興工業*ja,,https://www.jtekt-fluid.co.jp/en/,,,1958,,,,,,,,,Okazaki,Japan,1854376,,,,,,
,https://ror.org/02pepvk77,AIRMAN (Japan),active,company,Hokuetsu Industries; 北越工業*ja,AIRMAN (Japan),,https://www.airman.co.jp/,https://ja.wikipedia.org/wiki/AIRMAN,airman.co.jp,1938,,,,,,,Q11404105,Q11404105,Tsubame,Japan,1849788,,,,,,
,https://ror.org/01ekf9979,Hokkaidenko (Japan),active,company,"Hokkai Electrical Construction Co., Inc.; Hokkai Electric Construction Company Limited; 北海電気工事*ja",Hokkaidenko (Japan); 北海電工*ja,,https://www.hokkaidenko.co.jp/,https://ja.wikipedia.org/wiki/北海電工,hokkaidenko.co.jp,1944,,,,,,,Q11403739,Q11403739,Sapporo,Japan,2128295,,,,https://ror.org/02m083m46,,
,https://ror.org/04bvay083,Kitagawa Hutec (Japan),active,company,,Kitagawa Hutec (Japan); 北川ヒューテック*ja,,https://www.k-hutec.co.jp/,,k-hutec.co.jp,1947,,,,,,,,,Kanazawa,Japan,1860243,,,,,,
,https://ror.org/04v1q9e05,Thermoforming Technology (Japan),active,company,,Thermoforming Technology (Japan); サーモフォーミングテクノロジー*ja,,,,,2005,,,,,,,,,Toyota,Japan,1849814,,,,https://ror.org/04chrp450,,
,https://ror.org/00qxh7a25,Biomedical Research Group (Japan),active,company,,Biomedical Research Group (Japan); バイオメディカルリサーチグループ*ja,,,,,,,,,,,,,,Tokyo,Japan,1850147,,,,,,
,https://ror.org/05pxvd332,Peptide Support (Japan),active,company,,Peptide Support (Japan); ペプチドサポート*ja,,,,,,,,,,,,,,Kitakyushu,Japan,1859307,,,,,,
,https://ror.org/025fdh778,New Century Fermentation Research (Japan),active,company,,New Century Fermentation Research (Japan); 新世紀発酵研究所*ja,,,,,,,,,,,,,,Fukuoka,Japan,1863967,,,,,,
,https://ror.org/02a6rmj18,Tsukuba Materials Information Laboratory (Japan),active,company,,Tsukuba Materials Information Laboratory (Japan); 筑波物質情報研究所*ja,,,,,,,,,,,,,,Tsukuba,Japan,2110681,,,,,,
,https://ror.org/03s3cv239,Riken Seiko (Japan),active,company,,Riken Seiko (Japan); 理研製鋼*ja,,https://www.rkn.co.jp/,,rkn.co.jp,1949,,,,,,,,,Tokyo,Japan,1850147,,,,https://ror.org/05fa63r36,,
,https://ror.org/012gxsv58,Riken Electric Wire (Japan),active,company,,Riken Electric Wire (Japan); 理研電線*ja,,https://www.rikensen.co.jp/,https://ja.wikipedia.org/wiki/%E7%90%86%E7%A0%94%E9%9B%BB%E7%B7%9A,rikensen.co.jp,1934,,,,,,,Q11573583,Q11573583,Tokyo,Japan,1850147,,https://ror.org/05xe0se54,,,,
,https://ror.org/03vmdms04,Settsu (Japan),active,company,Settsu Inc.; Settsu Oil Mill,Settsu (Japan); セッツ*ja; 攝津製油*ja,,https://www.settsu-inc.com/,https://ja.wikipedia.org/wiki/セッツ_(企業),settsu-inc.com,1889,,,,,,,Q11498798,Q11498798,Sakai,Japan,1853195,,https://ror.org/010k79j48,,,,
,https://ror.org/01pdwzk19,Yaizu Suisankagaku Industry (Japan),active,company,,Yaizu Suisankagaku Industry (Japan); 焼津水産化学工業*ja,YSK,https://www.yskf.jp/,https://ja.wikipedia.org/wiki/焼津水産化学工業,yskf.jp,1959,,,,,,,Q11567660,Q11567660,Yaizu,Japan,1848774,,,,,,
,https://ror.org/04608nm37,Roku-Roku Smart Technology (Japan),active,company,Roku-Roku Sangyo; 碌々産業*ja,Roku-Roku Smart Technology (Japan); 碌々スマートテクノロジー*ja,,https://www.roku-roku.co.jp/,https://ja.wikipedia.org/wiki/碌々産業,roku-roku.co.jp,1903,,,,,,,Q11587724,Q11587724,Tokyo,Japan,1850147,,,,,,
,https://ror.org/020xt4a57,Seiko Corporation (Japan),active,company,,Seiko Corporation (Japan); 靜甲*ja,,https://www.seiko-co.com,https://ja.wikipedia.org/wiki/靜甲,seiko-co.com,1939,,,,,,,Q11663688,Q11663688,Shizuoka,Japan,1851717,,,,,,
,https://ror.org/011zxbp14,Takashimaya Space Create (Japan),active,company,,"Takashimaya Space Create (Japan); 髙島屋スペースクリエイツ*ja; Takashimaya Space Create Co., Ltd.",,https://www.ts-create.jp/,,ts-create.jp,1939,,,,,,,,,Tokyo,Japan,1850147,,,,,,
,https://ror.org/05vmq0z07,Building information modeling Library Collaborative research association of Japan*en,active,nonprofit,,Building information modeling Library Collaborative research association of Japan*en; BIMライブラリ技術研究組合*ja,BLCJ*en,https://blcj.or.jp/,https://ja.wikipedia.org/wiki/BIMライブラリ技術研究組合,blcj.or.jp,2019,,,,,,,,,Tokyo,Japan,1850147,,,,,,
,https://ror.org/01bb2pq32,Institute of CNS Pharmacology*en,active,nonprofit,,Institute of CNS Pharmacology*en; CNS薬理研究所*ja,,,,,,,,,,,,,,Tokyo,Japan,1850147,,,,,,
,https://ror.org/00mne8r92,Atsumi Hospital*en,active,healthcare,,Atsumi Hospital*en; 渥美病院*ja; JA愛知厚生連渥美病院*ja,,https://www.atsumi.jaaikosei.or.jp/,https://ja.wikipedia.org/wiki/渥美病院,atsumi.jaaikosei.or.jp,1935,,,,,,,Q11562869,Q11562869,Tahara,Japan,1851259,,,,,,
,https://ror.org/04eyqnq44,Kainan Hospital*en,active,healthcare,,Kainan Hospital*en; 海南病院*ja; JA愛知厚生連海南病院*ja,,https://www.kainan.jaaikosei.or.jp/,https://ja.wikipedia.org/wiki/海南病院,kainan.jaaikosei.or.jp,1938,,,,,,,Q11558785,Q11558785,Yatomi,Japan,11611940,,,,,,
,https://ror.org/057fsgc40,Ibaraki Seinan Medical Center Hospital*en,active,healthcare,,Ibaraki Seinan Medical Center Hospital*en; 茨城西南医療センター病院*ja,,https://www.seinan-mch.or.jp/,,seinan-mch.or.jp,1946,,,,,,,,,Sakai,Japan,1853193,,,,,,
,https://ror.org/019q3as51,Yoshida General Hospital*en,active,healthcare,JA Yoshida General Hospital*en,Yoshida General Hospital*en; 吉田総合病院*ja; JA広島厚生連吉田総合病院*ja,,https://yoshida-gene-hospi.jp/,https://ja.wikipedia.org/wiki/吉田総合病院,yoshida-gene-hospi.jp,1943,,,,,,,Q11414055,Q11414055,Akitakata,Japan,11612331,,,,,,
,https://ror.org/040fkf973,Suzuka General Hospital*en,active,healthcare,Suzuka Chuo General Hospital*en,Suzuka General Hospital*en; 鈴鹿中央総合病院*ja; JA三重厚生連鈴鹿中央総合病院*ja,,https://www.miekosei.or.jp/2_sch/,,,1938,,,,,,,,,Suzuka,Japan,1851348,,,,,,
,https://ror.org/04bser097,Nagato General Hospital*en,active,healthcare,,Nagato General Hospital*en; 長門総合病院*ja; JA山口厚生連長門総合病院*ja,,https://www.nagato-hp.jp/,,nagato-hp.jp,,,,,,,,,,Nagato,Japan,1899102,,,,,,
,https://ror.org/01mtdxk81,Saku Central Hospital Advanced Care Center*en,active,healthcare,,Saku Central Hospital Advanced Care Center*en; 佐久総合病院佐久医療センター*ja,,https://sakuhp.or.jp/center/,,,,,,,,,,,,Saku,Japan,1853081,,,,https://ror.org/01q2ty078,,
,https://ror.org/01ba9zn23,KIKAI institute for Coral Reef Sciences*en,active,nonprofit,,KIKAI institute for Coral Reef Sciences*en; 喜界島サンゴ礁科学研究所*ja,,https://kikaireefs.org,,kikaireefs.org,2015,,,,,,,,,Kikai,Japan,7384003,,,,,,
,https://ror.org/00w37xa76,Originator Profile Collaborative Innovation Partnership*en,active,nonprofit,,Originator Profile Collaborative Innovation Partnership*en; Originator Profile技術研究組合*ja,OP-CIP*en,https://originator-profile.org/,,originator-profile.org,2022,,,,,,,,,Tokyo,Japan,1850147,,,,,,
,https://ror.org/03d6k3041,Cyber Physical Engineering Research Association*en,active,nonprofit,,Cyber Physical Engineering Research Association*en; サイバー・フィジカル・エンジニアリング技術研究組合*ja,,https://cpe.or.jp/,,cpe.or.jp,2021,,,,,,,,,Tokyo,Japan,1850147,,,,,,
,https://ror.org/0341n4192,Healthcare AI Platform Collaborative Innovation Partnership*en,active,nonprofit,,Healthcare AI Platform Collaborative Innovation Partnership*en; 医療AIプラットフォーム技術研究組合*ja,HAIP*en,https://haip-cip.org/,,haip-cip.org,2021,,,,,,,,,Tokyo,Japan,1850147,,,,,,
,https://ror.org/046danj33,Kawachi General Hospital*en,active,healthcare,,Kawachi General Hospital*en; 河内総合病院*ja,,https://kawati.or.jp/,,kawati.or.jp,,,,,,,,,,Higashiosaka,Japan,1862752,,,,,,
,https://ror.org/01mpvvj23,Fukuma Hospital*en,active,healthcare,,Fukuma Hospital*en; 恵愛会福間病院*ja,,https://fukuma-hp.or.jp/,,fukuma-hp.or.jp,1955,,,,,,,,,Fukutsu,Japan,11612700,,,,,,
,https://ror.org/02cfhrd69,Kojinkai Hospital*en,active,healthcare,,Kojinkai Hospital*en; 光仁会病院*ja,,http://www.kojinkai-hospital.jp/,,kojinkai-hospital.jp,,,,,,,,,,Nagasaki,Japan,1856177,,,,,,
,https://ror.org/000krjc31,Sekiya Hospital*en,active,healthcare,,Sekiya Hospital*en; 関屋病院*ja; 弘生会関屋病院*ja,,https://kouseikai-sekiya.or.jp/,,kouseikai-sekiya.or.jp,1951,,,,,,,,,Kashiba,Japan,6822120,,,,,,
,https://ror.org/023mtrq80,Sobu Hospital*en,active,healthcare,,Sobu Hospital*en; 相武病院*ja,,https://www.sobu-hosp.or.jp/,,sobu-hosp.or.jp,1994,,,,,,,,,Hachioji,Japan,1863440,,,,,,
,https://ror.org/037sztx40,Sakuunkai Iizuka Hospital*en,active,healthcare,,Sakuunkai Iizuka Hospital*en; 昨雲会飯塚病院*ja,,https://www.sakuunkai.or.jp/iizuka,,,,,,,,,,,,Kitakata,Japan,1859319,,,,,,
,https://ror.org/056rmeg79,Shinoda General Hospital*en,active,healthcare,,Shinoda General Hospital*en; 篠田総合病院*ja,,https://www.shinoda-hp.or.jp/,,shinoda-hp.or.jp,1918,,,,,,,,,Yamagata,Japan,2110556,,,,,,
,https://ror.org/01hfp3q82,Ageo Central General Hospital*en,active,healthcare,,Ageo Central General Hospital*en; 上尾中央総合病院*ja,,https://www.ach.or.jp/,https://ja.wikipedia.org/wiki/%E4%B8%8A%E5%B0%BE%E4%B8%AD%E5%A4%AE%E7%B7%8F%E5%90%88%E7%97%85%E9%99%A2,ach.or.jp,1964,,,,,,,Q11358813,Q11358813,Ageo,Japan,1865714,,,,,,
,https://ror.org/04hdnvg05,Takagi Hospital*en,active,healthcare,,Takagi Hospital*en; 高木病院*ja,,https://takagi.kouhoukai.or.jp/,,kouhoukai.or.jp,,,,,,,,,,Ōkawa,Japan,1854405,,,,,,
,https://ror.org/01eq7me35,Research Institute and Practice for Involutional Diseases*en,active,healthcare,,Research Institute and Practice for Involutional Diseases*en; 成人病診療研究所*ja,,,,,,,,,,,,,,Azumino,Japan,6822111,,,,,,
,https://ror.org/04s5r8v55,Hidaka Hospital*en,active,healthcare,,Hidaka Hospital*en; 日高病院*ja,,https://hidaka-kai.or.jp/,,hidaka-kai.or.jp,1983,,,,,,,,,Takasaki,Japan,1851002,,,,,,
,https://ror.org/02x0jqg42,Yokohama Shintoshi Neurosurgical Hospital*en,active,healthcare,,Yokohama Shintoshi Neurosurgical Hospital*en; 横浜新都市脳神経外科病院*ja,,https://www.yokohama-shintoshi.jp/,,yokohama-shintoshi.jp,1985,,,,,,,,,Yokohama,Japan,1848354,,,,,,
,https://ror.org/03xdhm860,Shuuwa General Hospital*en,active,healthcare,,Shuuwa General Hospital*en; 秀和総合病院*ja,,http://www.shuuwa-gh.or.jp/,,shuuwa-gh.or.jp,1981,,,,,,,,,Kasukabe,Japan,1859884,,,,,,
,https://ror.org/05xvtva50,Kumamoto Central Hospital*en,active,healthcare,,Kumamoto Central Hospital*en; 熊本セントラル病院*ja,,https://kchosp.or.jp,,kchosp.or.jp,,,,,,,,,,Kikuyō,Japan,7413160,,,,,,
,https://ror.org/01a4pnc53,Sakamoto Mental Health Center*en,active,healthcare,,Sakamoto Mental Health Center*en; 阪本病院*ja,,https://eo.soshindo.jp/,,,1892,,,,,,,,,Higashiosaka,Japan,1862752,,,,,,
,https://ror.org/00604ah77,Narita Tomisato Tokushukai Hospital*en,active,healthcare,,Narita Tomisato Tokushukai Hospital*en; 成田富里徳洲会病院*ja,,https://www.naritatomisato.jp/,https://ja.wikipedia.org/wiki/成田富里徳洲会病院,naritatomisato.jp,2016,,,,,,,Q135746627,Q135746627,Tomisato,Japan,6822183,,,,,,
,https://ror.org/00xawn257,Narita Hospital*en,active,healthcare,,Narita Hospital*en; 成田病院*ja; 鳳生会総合医療センター成田病院*ja,,https://www.narita-hospital.jp/,,narita-hospital.jp,1953,,,,,,,,,Narita,Japan,2111684,,,,,,
,https://ror.org/0141nsn41,Meiwa Hospital*en,active,healthcare,,Meiwa Hospital*en; 明和病院*ja,,https://www.meiwa-hospital.com/,,meiwa-hospital.com,,,,,,,,,,Nishinomiya,Japan,1855207,,,,,,
,https://ror.org/04tbqc802,Kumeda Hospital*en,active,healthcare,,Kumeda Hospital*en; 久米田病院*ja,,https://www.kumeda-hp.or.jp/,,kumeda-hp.or.jp,1962,,,,,,,,,Kishiwada,Japan,1859383,,,,,,
,https://ror.org/05j7s9h67,ITS Technology Enhancement Association*en,active,nonprofit,,ITS Technology Enhancement Association*en; ITSサービス高度化機構*ja,ITS-TEA*en,https://www.its-tea.or.jp/,,its-tea.or.jp,1999,,,,,,,,,Tokyo,Japan,1850147,,,,,,
,https://ror.org/01p7an815,Asia-Pacific Human Rights Information Center*en,active,nonprofit,HURIGHTS OSAKA*en,Asia-Pacific Human Rights Information Center*en; アジア・太平洋人権情報センター*ja,,https://www.hurights.or.jp/,https://ja.wikipedia.org/wiki/%E3%82%A2%E3%82%B8%E3%82%A2%E3%83%BB%E5%A4%AA%E5%B9%B3%E6%B4%8B%E4%BA%BA%E6%A8%A9%E6%83%85%E5%A0%B1%E3%82%BB%E3%83%B3%E3%82%BF%E3%83%BC,hurights.or.jp,1994,,,,,0000 0001 2231 4500,0000 0001 2231 4500,Q11283330,Q11283330,Osaka,Japan,1853909,,,,,,
,https://ror.org/05ke2hb08,Asia-Pacific Tourism Exchange Center*en,active,nonprofit,,Asia-Pacific Tourism Exchange Center*en; アジア太平洋観光交流センター*ja,APTEC*en,https://www.aptec.or.jp/,,aptec.or.jp,1995,,,,,,,,,Nara,Japan,1855612,,,,,,
,https://ror.org/03b7qpn21,Asian Rural Welfare Association*en,active,nonprofit,,Asian Rural Welfare Association*en; アジア農村交流協会*ja,,,,,,,,,,,,,,Nasushiobara,Japan,11612573,,,,,,
,https://ror.org/002tcbb82,Japana Esperanto-Instituto*en,active,nonprofit,,Japana Esperanto-Instituto*en; 日本エスペラント協会*ja; Japanese Esperanto Institute*en,JEI*en,https://www.jei.or.jp/,https://ja.wikipedia.org/wiki/日本エスペラント協会,jei.or.jp,1919,,,,,0000 0001 2179 8646,0000 0001 2179 8646,Q2629773,Q2629773,Tokyo,Japan,1850147,,,,,,
,https://ror.org/0366tfb79,LP Gas Center*en,active,nonprofit,,LP Gas Center*en; エルピーガス振興センター*ja,LPGC*en,https://www.lpgc.or.jp/,,lpgc.or.jp,1989,,,,,,,,,Tokyo,Japan,1850147,,,,,,
,https://ror.org/056wv2264,Kanagawa Water-Energy Service*en,active,nonprofit,,Kanagawa Water-Energy Service*en; かながわ水・エネルギーサービス*ja,,https://www.kmes-kanagawa.or.jp,,kmes-kanagawa.or.jp,1985,,,,,,,,,Sagamihara,Japan,11611609,,,,,,
,https://ror.org/04wjwf240,Kimono no Mori Foundation*en,active,nonprofit,,Kimono no Mori Foundation*en; きものの森*ja,,https://kimononomori.com/,,kimononomori.com,1978,,,,,,,,,Tokyo,Japan,1850147,,,,,,
,https://ror.org/04gjd2836,Sapporo Electronics and Industries Cultivation Foundation*en,active,nonprofit,,Sapporo Electronics and Industries Cultivation Foundation*en; さっぽろ産業振興財団*ja,,https://www.sec.or.jp/,,sec.or.jp,1986,,,,,,,,,Sapporo,Japan,2128295,,,,,,
,https://ror.org/01cpxky90,Sapporo Water Service Association*en,active,nonprofit,札幌市水道サービス協会*ja,Sapporo Water Service Association*en; さっぽろ水道サービス協会*ja,,https://www.swsa.jp/,,swsa.jp,1979,,,,,,,,,Sapporo,Japan,2128295,,,,,,
,https://ror.org/016e73q37,Tsukuba Urban Transportation Center*en,active,nonprofit,,Tsukuba Urban Transportation Center*en; つくば都市交通センター*ja,TUTC*en,https://www.tutc.or.jp/,,tutc.or.jp,1988,,,,,,,,,Tsukuba,Japan,2110681,,,,,,
,https://ror.org/034hses52,Tokachi Workers' Mutual Aid Center*en,active,nonprofit,,Tokachi Workers' Mutual Aid Center*en; とかち勤労者共済センター*ja,,https://www.aozora-kc.or.jp/,,aozora-kc.or.jp,,,,,,,,,,Obihiro,Japan,2128815,,,,,,
,https://ror.org/04sxeh927,Tochigi Medical Center*en,active,healthcare,,Tochigi Medical Center*en; とちぎメディカルセンター*ja,,https://www.tochigi-medicalcenter.or.jp/,,tochigi-medicalcenter.or.jp,2013,,,,,,,,,Tochigi,Japan,1850311,,,,,,
,https://ror.org/01dkxs394,Tochigi Medical Center Shimotsuga*en,active,healthcare,,Tochigi Medical Center Shimotsuga*en; とちぎメディカルセンターしもつが*ja,,https://www.tochigi-medicalcenter.or.jp/shimotsuga/,https://ja.wikipedia.org/wiki/%E3%81%A8%E3%81%A1%E3%81%8E%E3%83%A1%E3%83%87%E3%82%A3%E3%82%AB%E3%83%AB%E3%82%BB%E3%83%B3%E3%82%BF%E3%83%BC_%E3%81%97%E3%82%82%E3%81%A4%E3%81%8C,,2016,,,,,,,Q30930360,Q30930360,Tochigi,Japan,1850311,,,,,,
,https://ror.org/03te4kg18,New Media Development Association*en,active,nonprofit,,New Media Development Association*en; ニューメディア開発協会*ja,NMDA*en,https://www.nmda.or.jp/,,nmda.or.jp,1984,,,,,,,,,Tokyo,Japan,1850147,,,,,,
,https://ror.org/022hq6p19,Hyogo Economic Research Institute*en,active,nonprofit,,Hyogo Economic Research Institute*en; ひょうご経済研究所*ja,,https://heri.or.jp/,,heri.or.jp,1983,,,,,,,,,Kobe,Japan,1859171,,,,,,
,https://ror.org/0001pjy08,KYUTEC*en,active,funder,九州・山口地域企業育成基金*ja,KYUTEC*en; ふくおかフィナンシャルグループ企業育成財団*ja,,https://www.kyutec.or.jp,,kyutec.or.jp,1985,,,,,,,,,Fukuoka,Japan,1863967,,,,,,
,https://ror.org/052nazc86,Better Home Association*en,active,nonprofit,,Better Home Association*en; ベターホーム協会*ja,,https://www.betterhome.or.jp/,https://ja.wikipedia.org/wiki/ベターホーム協会,betterhome.or.jp,1963,,,,,,,Q11336945,Q11336945,Tokyo,Japan,1850147,,,,,,
,https://ror.org/022a2mt38,Venture Enterprise Center*en,active,nonprofit,,Venture Enterprise Center*en; ベンチャーエンタープライズセンター*ja,VEC*en,https://www.vec.or.jp/,,vec.or.jp,1975,,,,,,,,,Tokyo,Japan,1850147,,,,,,
,https://ror.org/045b53b77,Aichi Building Housing Center*en,active,nonprofit,,Aichi Building Housing Center*en; 愛知県建築住宅センター*ja,,https://www.abhc.jp/,,abhc.jp,1973,,,,,,,,,Nagoya,Japan,1856057,,,,,,
,https://ror.org/01zn1q638,Center for Information on Security Trade Controls*en,active,nonprofit,,Center for Information on Security Trade Controls*en; 安全保障貿易情報センター*ja,CISTEC*en,https://www.cistec.or.jp/,https://ja.wikipedia.org/wiki/安全保障貿易情報センター,cistec.or.jp,1989,,,,,,,Q11450368,Q11450368,Tokyo,Japan,1850147,,,,,,
,https://ror.org/05asksc52,Ibaraki Prefectural Public Corporation of Constructional Technology*en,active,nonprofit,,Ibaraki Prefectural Public Corporation of Constructional Technology*en; 茨城県建設技術公社*ja,,,,,,,,,,,,,,Mito,Japan,2111901,,,,,,
,https://ror.org/01bh56b84,Ibaraki Prefecture Housing Management Center*en,active,nonprofit,,Ibaraki Prefecture Housing Management Center*en; 茨城県住宅管理センター*ja,,https://www.ijkc.jp,,ijkc.jp,,,,,,,,,,Mito,Japan,2111901,,,,,,
,https://ror.org/04tj3kf17,Japan Transport Promotion Association*en,active,nonprofit,,Japan Transport Promotion Association*en; 運輸振興協会*ja,,http://www.transport-pf.or.jp/zaidan/,https://ja.wikipedia.org/wiki/運輸振興協会,,1978,,,,,,,Q11640487,Q11640487,Tokyo,Japan,1850147,,,,,,
,https://ror.org/05ns1xy04,Kiso Area Industry Promotion Center*en,active,nonprofit,,Kiso Area Industry Promotion Center*en; 塩尻・木曽地域地場産業振興センター*ja,,https://www.kiso.or.jp/,,kiso.or.jp,1992,,,,,,,,,Shiojiri,Japan,1852003,,,,,,
,https://ror.org/03x53rt03,Okayama Prefectural International Exchange Foundation*en,active,nonprofit,,Okayama Prefectural International Exchange Foundation*en; 岡山県国際交流協会*ja,OPIEF*en,https://www.opief.or.jp/,,opief.or.jp,1991,,,,,,,,,Okayama,Japan,1854383,,,,,,
,https://ror.org/00va5gz41,Okayama Japan-America Cultural Exchange Society*en,active,nonprofit,,Okayama Japan-America Cultural Exchange Society*en; 岡山日米文化協会*ja,OJACES*en,https://www.okayama-jaces.org,,okayama-jaces.org,,,,,,,,,,Okayama,Japan,1854383,,,,,,
,https://ror.org/03e5gnv04,The OMSB Foundation*en,active,nonprofit,,The OMSB Foundation*en; 沖縄マリンレジャーセイフティービューロー*ja,OMSB*en,https://www.omsb.jp/,,omsb.jp,,,,,,,,,,Naha,Japan,1856035,,,,,,
,https://ror.org/01vd15s88,Okinawa Convention & Visitors Bureau*en,active,nonprofit,,Okinawa Convention & Visitors Bureau*en; 沖縄観光コンベンションビューロー*ja,OCVB*en,https://www.ocvb.or.jp/,,ocvb.or.jp,1996,,,,,,,,,Naha,Japan,1856035,,,,,,
,https://ror.org/02e62pf29,Foundation for Promotion of Music Industry and Culture*en,active,nonprofit,,Foundation for Promotion of Music Industry and Culture*en; 音楽産業・文化振興財団*ja,,,,,,,,,,,,,,Tokyo,Japan,1850147,,,,,,
,https://ror.org/05d3wgv14,Kawanaka Foundation for Promoting of Local Autonomy*en,active,nonprofit,,Kawanaka Foundation for Promoting of Local Autonomy*en; 河中自治振興財団*ja,,,,,,,,,,,,,,Tokyo,Japan,1850147,,,,,,
,https://ror.org/008xydb35,The Institute of Foreign Exchange and Trade Research*en,active,nonprofit,,The Institute of Foreign Exchange and Trade Research*en; 外国為替貿易研究会*ja,,http://www.fetr.or.jp/,,fetr.or.jp,1950,,,,,,,,,Tokyo,Japan,1850147,,,,,,
,https://ror.org/048scrs12,Environmental Innovation and Communication Organization*en,active,nonprofit,,Environmental Innovation and Communication Organization*en; 環境イノベーション情報機構*ja,EIC*en,https://www.eic.or.jp,,eic.or.jp,1989,,,,,,,,,Tokyo,Japan,1850147,,,,,,
,https://ror.org/02kfjc972,Postal Life Insurance Policyholder's Service Association*en,active,nonprofit,,Postal Life Insurance Policyholder's Service Association*en; 簡易保険加入者協会*ja,,https://www.fpp.or.jp/,https://ja.wikipedia.org/wiki/%E7%B0%A1%E6%98%93%E4%BF%9D%E9%99%BA%E5%8A%A0%E5%85%A5%E8%80%85%E5%8D%94%E4%BC%9A,fpp.or.jp,1960,,,,,,,,,Tokyo,Japan,1850147,,,,,,
,https://ror.org/03hdbj397,Iwate Institute of Economic Research*en,active,nonprofit,,Iwate Institute of Economic Research*en; 岩手経済研究所*ja,,,,,1982,,,,,,,,,Morioka,Japan,2111834,,,,,,
,https://ror.org/03z7j5614,"Business Policy Forum, Japan*en",active,nonprofit,,"Business Policy Forum, Japan*en; 企業活力研究所*ja",,https://www.bpfj.jp/,,bpfj.jp,1984,,,,,,,,,Tokyo,Japan,1850147,,,,,,
,https://ror.org/004f9h753,Miyagi Public Health Association*en,active,nonprofit,,Miyagi Public Health Association*en; 宮城県公衆衛生協会*ja,,https://www.eiseikyokai.or.jp,,eiseikyokai.or.jp,1967,,,,,,,,,Sendai,Japan,2111149,,,,,,
,https://ror.org/033gm0b78,Kyoto City Development Public Corporation*en,active,nonprofit,,Kyoto City Development Public Corporation*en; 京都市都市整備公社*ja,,https://kyotopublic.jp/,,kyotopublic.jp,1968,,,,,,,,,Kyoto,Japan,1857910,,,,,,
,https://ror.org/04qk20q50,Foundation to Promote Educational Exchange*en,active,nonprofit,,Foundation to Promote Educational Exchange*en; 教育振興財団*ja,,https://www.kyoikushinko-zaidan.jp/,,kyoikushinko-zaidan.jp,1987,,,,,,,,,Tokyo,Japan,1850147,,,,,,
,https://ror.org/03gds5k17,Hashimoto Jun Memorial Foundation*en,active,funder,,Hashimoto Jun Memorial Foundation*en; 橋本循記念会*ja,,,,,1989,,,,,,,,,Kyoto,Japan,1857910,,,,,,
,https://ror.org/020f5za14,Kinki Health Management Center*en,active,healthcare,,Kinki Health Management Center*en; 近畿健康管理センター*ja,KKC*en,https://www.zai-kkc.or.jp/,,zai-kkc.or.jp,1973,,,,,,,,,Otsu,Japan,1853574,,,,,,
,https://ror.org/04grn4j06,Kondou Marine Memorial Foundation*en,active,nonprofit,,Kondou Marine Memorial Foundation*en; 近藤記念海事財団*ja,,https://www.kondouzaidan.com/,,kondouzaidan.com,1921,,,,,,,,,Tokyo,Japan,1850147,,,,,,
,https://ror.org/00krgdm62,The Metal Mining Foundation*en,active,nonprofit,,The Metal Mining Foundation*en; 金属鉱山会*ja,,,,,,,,,,,,,,Tokyo,Japan,1850147,,,,,https://ror.org/05wgr0j38,
,https://ror.org/02wsr6q12,Gunma Economic Research Institute*en,active,nonprofit,,Gunma Economic Research Institute*en; 群馬経済研究所*ja,,https://www.gunma-eri.or.jp/,,gunma-eri.or.jp,1983,,,,,,,,,Maebashi,Japan,1857843,,,,,,
,https://ror.org/0320hhq87,Keizai Koho Center*en,active,nonprofit,,Keizai Koho Center*en; 経済広報センター*ja,KKC*en,https://www.kkc.or.jp/,https://ja.wikipedia.org/wiki/経済広報センター,kkc.or.jp,1978,,,,,0000 0004 0621 0172,0000 0004 0621 0172,Q11606443,Q11606443,Tokyo,Japan,1850147,,,,https://ror.org/01py0xw12,,
,https://ror.org/02v16ad35,Employment Advance Research Center*en,active,nonprofit,,Employment Advance Research Center*en; 雇用開発センター*ja,EARC*en,https://earc.or.jp,,earc.or.jp,1981,,,,,,,,,Tokyo,Japan,1850147,,,,,,
,https://ror.org/00q6pg534,Institute of Transportation Statistics*en,active,nonprofit,,Institute of Transportation Statistics*en; 交通統計研究所*ja,,http://www.its.or.jp/,https://ja.wikipedia.org/wiki/交通統計研究所,its.or.jp,1962,,,,,,,Q11374019,Q11374019,Tokyo,Japan,1850147,,,,,,
,https://ror.org/00c90d478,Japan Institute of Personnel Administration*en,active,nonprofit,Japan Association for Public Human Resources Development*en; 公務人材開発協会*ja,Japan Institute of Personnel Administration*en; 人事行政研究所*ja,JIPA*en,https://www.japhd.or.jp,https://ja.wikipedia.org/wiki/%E5%85%AC%E5%8B%99%E4%BA%BA%E6%9D%90%E9%96%8B%E7%99%BA%E5%8D%94%E4%BC%9A,japhd.or.jp,2000,,,,,,,Q11391937,Q11391937,Tokyo,Japan,1850147,,,,,,
,https://ror.org/002kz7m87,Hiroshima International Cultural Foundation*en,active,nonprofit,,Hiroshima International Cultural Foundation*en; 広島国際文化財団*ja,,https://members.fch.ne.jp/hiro-icf/,,,1977,,,,,,,,,Hiroshima,Japan,1862415,,,,,,
,https://ror.org/0596nj495,Aerodrome Support and Aeronautical Service*en,active,nonprofit,,Aerodrome Support and Aeronautical Service*en; 航空機安全運航支援センター*ja,ASAS*en,http://www.casas.or.jp/,,casas.or.jp,1993,,,,,,,,,Tokyo,Japan,1850147,,,,,,
,https://ror.org/002zv4x92,"Air Traffic Control Association, Japan*en",active,nonprofit,,"Air Traffic Control Association, Japan*en; 航空交通管制協会*ja",,https://atcaj.or.jp/,,atcaj.or.jp,1986,,,,,,,,,Tokyo,Japan,1850147,,,,,,
,https://ror.org/01915ed34,Air Safety Foundation*en,active,nonprofit,,Air Safety Foundation*en; 航空保安協会*ja,,https://www.asf.or.jp/,,asf.or.jp,1971,,,,,,,,,Tokyo,Japan,1850147,,,,,,
,https://ror.org/03m8gnv58,Air Traffic Service Research Institute*en,active,nonprofit,,Air Traffic Service Research Institute*en; 航空保安研究センター*ja,ATSRI*en,https://www.atsri.or.jp/,,atsri.or.jp,1986,,,,,,,,,Tokyo,Japan,1850147,,,,,,
,https://ror.org/03hp3sf07,Association for Technological Excellence Promoting Innovative Advances*en,active,nonprofit,,Association for Technological Excellence Promoting Innovative Advances*en; 高度技術社会推進協会*ja,TEPIA*en,https://www.tepia.jp/,,tepia.jp,,,,,,,,,,Tokyo,Japan,1850147,,,,,,
,https://ror.org/04d9k7h65,International Research Exchange Foundation for Japanese Studies*en,active,nonprofit,,International Research Exchange Foundation for Japanese Studies*en; 国際日本文化研究交流財団*ja,,https://www.zai-nichibun.jp,,zai-nichibun.jp,,,,,,,,Q111293484,Q111293484,Kyoto,Japan,1857910,,,,https://ror.org/04861vz74,,
,https://ror.org/0119mrb39,The People's Political Association*en,active,nonprofit,,The People's Political Association*en; 国民政治協会*ja,,http://www.kokuseikyo.or.jp/,https://ja.wikipedia.org/wiki/国民政治協会,kokuseikyo.or.jp,1961,,,,,,,Q17220596,Q17220596,Tokyo,Japan,1850147,,,,,,
,https://ror.org/024hd5q47,Urasenke Konnichian*en,active,nonprofit,,Urasenke Konnichian*en; 今日庵*ja,,https://www.urasenke.or.jp/,,urasenke.or.jp,1949,,,,,,,,,Kyoto,Japan,1857910,,,,,,
,https://ror.org/00491tf40,Hanshin Expressway Regional Exchange Center*en,active,nonprofit,,Hanshin Expressway Regional Exchange Center*en; 阪神高速地域交流センター*ja,,https://www.hanshin-ex.or.jp/,,hanshin-ex.or.jp,1990,,,,,,,,,Osaka,Japan,1853909,,,,https://ror.org/00xfw7s50,,
,https://ror.org/04xcmpd95,Sasamura Foundation for the Promotion of Engineering*en,active,funder,,Sasamura Foundation for the Promotion of Engineering*en; 笹村工学奨励会*ja,,,,,1940,,,,,,,,,Tokyo,Japan,1850147,,,,,,
,https://ror.org/002pfrn42,Sapporo Sport Association*en,active,nonprofit,,Sapporo Sport Association*en; 札幌市スポーツ協会*ja,,https://www.sapporo-sport.jp/,,sapporo-sport.jp,1984,,,,,,,,,Sapporo,Japan,2128295,,,,,,
,https://ror.org/02z16m303,Mie YMCA*en,active,nonprofit,,Mie YMCA*en; 三重YMCA*ja,,https://www.mie-ymca.org/,,mie-ymca.org,,,,,,,,,,Yokkaichi,Japan,1848373,,,,,,
,https://ror.org/01kgard58,The Japan Industrial Management&Accounting Institute Foundation*en,active,nonprofit,,The Japan Industrial Management&Accounting Institute Foundation*en; 産業経理協会*ja,,https://www.sangyoukeiri.or.jp/,,sangyoukeiri.or.jp,1941,,,,,,,,,Tokyo,Japan,1850147,,,,,,
,https://ror.org/01fvz0635,Foundation for In-Service Training and Welfare of the Private School*en,active,nonprofit,,Foundation for In-Service Training and Welfare of the Private School*en; 私学研修福祉会*ja,,https://www.skf.or.jp/,,skf.or.jp,1956,,,,,,,,,Tokyo,Japan,1850147,,,,,,
,https://ror.org/02s93ht84,Research Center for Property Assessment System*en,active,nonprofit,,Research Center for Property Assessment System*en; 資産評価システム研究センター*ja,RECPAS*en,https://www.recpas.or.jp,,recpas.or.jp,1978,,,,,,,,,Tokyo,Japan,1850147,,,,,,
,https://ror.org/03vme6582,Foundation for Promoting Sound Growth of Children*en,active,nonprofit,,Foundation for Promoting Sound Growth of Children*en; 児童健全育成推進財団*ja,FPSGC*en,https://www.jidoukan.or.jp/,,jidoukan.or.jp,1973,,,,,,,,,Tokyo,Japan,1850147,,,,,,
,https://ror.org/03g4bwa06,Automobile Inspection & Registration Information Association*en,active,nonprofit,,Automobile Inspection & Registration Information Association*en; 自動車検査登録情報協会*ja,AIRIA*en,https://www.airia.or.jp,,airia.or.jp,1968,,,,,,,,,Tokyo,Japan,1850147,,,,,,
,https://ror.org/02crys429,Kajima Institute of International Peace*en,active,nonprofit,,Kajima Institute of International Peace*en; 鹿島平和研究所*ja,KIIP*en,http://www.kiip.or.jp/,,kiip.or.jp,1966,,,,,,,,,Tokyo,Japan,1850147,,,,,,
,https://ror.org/04nfq5k74,Metropolitan Expressway Association*en,active,nonprofit,,Metropolitan Expressway Association*en; 首都高速道路協会*ja,,https://www.mexas.or.jp,https://ja.wikipedia.org/wiki/首都高速道路協会,mexas.or.jp,1967,,,,,,,Q11667111,Q11667111,Tokyo,Japan,1850147,,,,,,
,https://ror.org/057sppr66,The Akita Economic Research Institute*en,active,nonprofit,,The Akita Economic Research Institute*en; 秋田経済研究所*ja,,https://www.akitakeizai.or.jp/,,akitakeizai.or.jp,1979,,,,,,,,,Akita,Japan,2113126,,,,,,
,https://ror.org/00rk4vs93,Sumitomo Life Welfare and Culture Foundation*en,active,nonprofit,,Sumitomo Life Welfare and Culture Foundation*en; 住友生命福祉文化財団*ja; 住友生命社会福祉事業団*ja,,https://www.ssj.or.jp/,,ssj.or.jp,1960,,,,,,,,,Osaka,Japan,1853909,,,,,,
,https://ror.org/02gkn4v85,Tokachi Ecology Park Foundation*en,active,nonprofit,,Tokachi Ecology Park Foundation*en; 十勝エコロジーパーク財団*ja,,https://www.tokachi-ecopark.jp/,,tokachi-ecopark.jp,,,,,,,,,,Otofuke,Japan,2128558,,,,,,
,https://ror.org/04jy3kq09,Japan Publishing Industry Foundation for Culture*en,active,nonprofit,,Japan Publishing Industry Foundation for Culture*en; 出版文化産業振興財団*ja,JPIC*en,https://www.jpic.or.jp/,https://ja.wikipedia.org/wiki/出版文化産業振興財団,jpic.or.jp,1991,,,,,,,Q97198991,Q97198991,Tokyo,Japan,1850147,,,,,,
,https://ror.org/033mk5j52,Matsumoto Industrial Innovation Center*en,active,nonprofit,松本ものづくり産業支援センター*ja,Matsumoto Industrial Innovation Center*en; まつもと産業イノベーションセンター*ja,,https://www.m-isc.jp/,,m-isc.jp,,,,,,,,,,Matsumoto,Japan,1857519,,,,,,
,https://ror.org/04r6jjf78,Japan Fire Engineering Qualification Center*en,active,nonprofit,,Japan Fire Engineering Qualification Center*en; 消防試験研究センター*ja,,https://www.shoubo-shiken.or.jp/,https://ja.wikipedia.org/wiki/消防試験研究センター,shoubo-shiken.or.jp,,,,,,,,Q11559544,Q11559544,Tokyo,Japan,1850147,,,,,,
,https://ror.org/05331ne53,Institute of Scientific Approaches for Fire & Disaster*en,active,nonprofit,,Institute of Scientific Approaches for Fire & Disaster*en; 消防防災科学センター*ja,,https://www.isad.or.jp/,,isad.or.jp,1977,,,,,,,,,Mitaka,Japan,11790343,,,,,,
,https://ror.org/00xz6hy11,Center for Development of Vocational Abilities of The Handicapped*en,active,nonprofit,,Center for Development of Vocational Abilities of The Handicapped*en; 障害者職能訓練センター*ja,,,,,,,,,,,,,,Tokyo,Japan,1850147,,,,,,
,https://ror.org/0341pzc21,Information and Communications Promotion Association*en,active,nonprofit,,Information and Communications Promotion Association*en; 情報通信振興会*ja,DSK*en,https://www.dsk.or.jp/,https://ja.wikipedia.org/wiki/情報通信振興会,dsk.or.jp,1952,,,,,,,Q11492873,Q11492873,Tokyo,Japan,1850147,,,,,,
,https://ror.org/01bcsp115,Kanagawa Volleyball Association*en,active,nonprofit,,Kanagawa Volleyball Association*en; 神奈川県バレーボール協会*ja,,http://kanagawa.volleyball.ne.jp/,,,1987,,,,,,,,,Yokohama,Japan,1848354,,,,https://ror.org/03h5yht09,,
,https://ror.org/00xf39y13,World Children's Baseball Foundation*en,active,nonprofit,,World Children's Baseball Foundation*en; 世界少年野球推進財団*ja,WCBF*en,https://wcbf.or.jp/,https://ja.wikipedia.org/wiki/世界少年野球推進財団,wcbf.or.jp,1992,,,,,,,Q11362365,Q11362365,Tokyo,Japan,1850147,,,,,,
,https://ror.org/0074y6087,Institute for World Politics and Economy*en,active,nonprofit,,Institute for World Politics and Economy*en; 世界政経調査会*ja,,https://www.sekaiseikei.or.jp,https://ja.wikipedia.org/wiki/世界政経調査会,sekaiseikei.or.jp,1961,,,,,,,Q11362383,Q11362383,Tokyo,Japan,1850147,,,,,,
,https://ror.org/052x6xf88,Japan General Merchandise Promotion Center*en,active,nonprofit,,Japan General Merchandise Promotion Center*en; 生活用品振興センター*ja,GMC*en,https://www.gmc.or.jp,,gmc.or.jp,1959,,,,,,,,,Tokyo,Japan,1850147,,,,,,
,https://ror.org/04s7qa796,Center for International Youth Exchange*en,active,nonprofit,,Center for International Youth Exchange*en; 青少年国際交流推進センター*ja,CENTERYE*en,https://centerye.org/,,centerye.org,1994,,,,,,,,,Tokyo,Japan,1850147,,,,,,
,https://ror.org/00spsss34,The Ishida Taizo Memorial Foundation*en,active,nonprofit,,The Ishida Taizo Memorial Foundation*en; 石田退三記念財団*ja,,http://www.ishidafound.or.jp/,,ishidafound.or.jp,,,,,,,,,,Kariya,Japan,1860034,,,,,,
,https://ror.org/03hswg423,Sendai YMCA*en,active,nonprofit,The Young Men's Christian Association of Sendai*en,Sendai YMCA*en; 仙台YMCA*ja,,https://sendai-ymca.org/,,sendai-ymca.org,1905,,,,,,,,,Sendai,Japan,2111149,,,,,,
,https://ror.org/00552dv80,The Society of Chromosome Research*en,active,nonprofit,,The Society of Chromosome Research*en; 染色体学会*ja,SCR*en,http://chromosome.sakura.ne.jp/,,chromosome.sakura.ne.jp,1949,,,,,0000 0001 1016 1156,0000 0001 1016 1156,Q109594431,Q109594431,Matsudo,Japan,1857553,,,,,,
,https://ror.org/05pethx86,Firefighters' Association of Japan*en,active,nonprofit,,Firefighters' Association of Japan*en; 全国消防協会*ja,,https://www.ffaj-shobo.or.jp/,,ffaj-shobo.or.jp,1965,,,,,,,,,Tokyo,Japan,1850147,,,,,,
,https://ror.org/03gv0cy44,All Japan Margarine Association*en,active,nonprofit,,All Japan Margarine Association*en; 全日本マーガリン協会*ja,,,,,,,,,,,,,,Tokyo,Japan,1850147,,,,,,
,https://ror.org/00a073048,All Japan Kendo Federation*en,active,nonprofit,,All Japan Kendo Federation*en; 全日本剣道連盟*ja,AJKF*en,https://www.kendo.or.jp/,https://ja.wikipedia.org/wiki/全日本剣道連盟,kendo.or.jp,1952,,,,,,,Q189440,Q189440,Tokyo,Japan,1850147,,,,,,
,https://ror.org/04vh15v25,Ohta Atami Hospital*en,active,healthcare,Ohta-Atami Hospital*en,Ohta Atami Hospital*en; 太田熱海病院*ja,,https://www.ohta-hp.or.jp/atami/,,,,,,,,,,,,Kōriyama,Japan,2112141,,,,https://ror.org/037wv7h91,,
,https://ror.org/03vs3hx36,Manufactured Imports and Investment Promotion Organization*en,active,nonprofit,,Manufactured Imports and Investment Promotion Organization*en; 対日貿易投資交流促進協会*ja,MIPRO*en,https://www.mipro.or.jp,,mipro.or.jp,1978,,,,,,,,,Tokyo,Japan,1850147,,,,,,
,https://ror.org/01htnx060,Japan-Taiwan Association*en,active,nonprofit,,Japan-Taiwan Association*en; 台湾協会*ja; Taiwan Kyokai*en,,https://taiwan-kyokai.or.jp/,,taiwan-kyokai.or.jp,1950,,,,,,,Q116054223,Q116054223,Tokyo,Japan,1850147,,,,,,
,https://ror.org/018mh3v51,Osaka Sports and Greenery Foundation*en,active,nonprofit,,Osaka Sports and Greenery Foundation*en; 大阪スポーツみどり財団*ja,,https://www.osgf.or.jp/,,osgf.or.jp,2006,,,,,,,,,Osaka,Japan,1853909,,,,,,
,https://ror.org/00m6bqp80,Osaka Science & Technology Center*en,active,nonprofit,,Osaka Science & Technology Center*en; Osaka Science and Technology Center*en; 大阪科学技術センター*ja,OSTEC*en,https://www.ostec.or.jp/,,ostec.or.jp,1960,,,,,,,,,Osaka,Japan,1853909,,,,,,
,https://ror.org/01p57yx48,Osaka International Business Promotion Center*en,active,nonprofit,,Osaka International Business Promotion Center*en; 大阪国際経済振興センター*ja,,https://osaka-kokusai-keizai.jp/,,osaka-kokusai-keizai.jp,1984,,,,,,,Q141521351,Q141521351,Osaka,Japan,1853909,,,,,,
,https://ror.org/00m57sx73,Osaka Prefectural Corporation for Agricultural Land Development and Greenery-Environment Promotion*en,active,nonprofit,,Osaka Prefectural Corporation for Agricultural Land Development and Greenery-Environment Promotion*en; 大阪府みどり公社*ja,,https://www.osaka-midori.jp/,,osaka-midori.jp,1986,,,,,,,,,Osaka,Japan,1853909,,,,,,
,https://ror.org/05gmf1722,Osaka Police Association*en,active,nonprofit,,Osaka Police Association*en; 大阪府警察協会*ja,,https://www.osaka-keisatsukyokai.or.jp/,,osaka-keisatsukyokai.or.jp,1919,,,,,,,,,Osaka,Japan,1853909,,,,,,
,https://ror.org/02p5qh349,Ohdake Foundation*en,active,nonprofit,,Ohdake Foundation*en; 大竹財団*ja,,https://ohdake-foundation.org/,https://ja.wikipedia.org/wiki/大竹財団,ohdake-foundation.org,1972,,,,,,,Q11438444,Q11438444,Tokyo,Japan,1850147,,,,,,
,https://ror.org/05c39sa66,Awaji Island Kuniumi Association*en,active,nonprofit,,Awaji Island Kuniumi Association*en; 淡路島くにうみ協会*ja,,https://www.kuniumi.or.jp,,kuniumi.or.jp,2009,,,,,,,,,Sumoto,Japan,1851426,,,,,,
,https://ror.org/02k4gts59,Foundation for Intellectual Property*en,active,nonprofit,,Foundation for Intellectual Property*en; 知的財産研究教育財団*ja,FIP*en,https://www.fdn-ip.or.jp/,https://ja.wikipedia.org/wiki/知的財産研究教育財団,fdn-ip.or.jp,2016,,,,,,,Q38278516,Q38278516,Tokyo,Japan,1850147,,,,,,
,https://ror.org/04n3hp763,Japan Foundation for Regional Art-Activities*en,active,nonprofit,,Japan Foundation for Regional Art-Activities*en; 地域創造*ja,JAFRA*en,https://www.jafra.or.jp/,https://ja.wikipedia.org/wiki/地域創造,jafra.or.jp,1994,,,,,,,Q11424221,Q11424221,Tokyo,Japan,1850147,,,,,,
,https://ror.org/01x9p8m41,The Center for Promotion of Folk-Performing Arts*en,active,nonprofit,,The Center for Promotion of Folk-Performing Arts*en; 地域伝統芸能活用センター*ja,,https://www.dentogeino.or.jp,,dentogeino.or.jp,1992,,,,,,,,,Tokyo,Japan,1850147,,,,,,
,https://ror.org/05hswk147,Japan Local Government Bond Association*en,active,nonprofit,,Japan Local Government Bond Association*en; 地方債協会*ja,JLGBA*en,https://www.chihousai.or.jp/,https://ja.wikipedia.org/wiki/地方債協会,chihousai.or.jp,1979,,,,,,,Q11424343,Q11424343,Tokyo,Japan,1850147,,,,,,
,https://ror.org/00e09dh96,Chugoku Electrical Safety Inspection Association*en,active,nonprofit,,Chugoku Electrical Safety Inspection Association*en; 中国電気保安協会*ja,,https://www.ces.or.jp/,https://ja.wikipedia.org/wiki/中国電気保安協会,ces.or.jp,1965,,,,,,,Q11363455,Q11363455,Hiroshima,Japan,1862415,,,,,,
,https://ror.org/04xpz8333,Chubu Productivity Center*en,active,nonprofit,,Chubu Productivity Center*en; 中部生産性本部*ja,,https://www.cpc.or.jp/,,cpc.or.jp,,,,,,,,,,Nagoya,Japan,1856057,,,,,,
,https://ror.org/01acpj130,Nagano Economic Research Institute*en,active,nonprofit,,Nagano Economic Research Institute*en; 長野経済研究所*ja,,https://www.neri.or.jp/,,neri.or.jp,1984,,,,,,,,,Nagano,Japan,1856215,,,,,,
,https://ror.org/0418wva71,Nagano Traffic Safety Education Support Center*en,active,nonprofit,,Nagano Traffic Safety Education Support Center*en; 長野県交通安全教育支援センター*ja,,https://www.kak-shien-c.jp,,kak-shien-c.jp,1946,,,,,,,,,Nagano,Japan,1856215,,,,,,
,https://ror.org/01tmj8k79,Osaka Foundation of Health Advancement*en,active,nonprofit,,Osaka Foundation of Health Advancement*en; 田中記念大阪健康推進財団*ja,,,,,,,,,,,,,,Osaka,Japan,1853909,,,,,,
,https://ror.org/03ha54z33,Examination Center for Electrical Engineers*en,active,nonprofit,,Examination Center for Electrical Engineers*en; 電気技術者試験センター*ja,ECEE*en,https://www.shiken.or.jp/,,shiken.or.jp,1984,,,,,,,,,Tokyo,Japan,1850147,,,,,,
,https://ror.org/05h5xs560,Japan Approvals Institute for Telecommunications Equipment*en,active,nonprofit,,Japan Approvals Institute for Telecommunications Equipment*en; 電気通信端末機器審査協会*ja,JATE*en,https://www.jate.or.jp/,https://ja.wikipedia.org/wiki/電気通信端末機器審査協会,jate.or.jp,1984,,,,,,,Q11660471,Q11660471,Tokyo,Japan,1850147,,,,,,
,https://ror.org/0038xkp96,Urban Infrastructure Technology Center Foundation*en,active,nonprofit,,Urban Infrastructure Technology Center Foundation*en; 都市技術センター*ja,,https://uitech.jp/,,uitech.jp,1978,,,,,,,,,Osaka,Japan,1853909,,,,,,
,https://ror.org/03pjyha87,Advice Center of Urban Farmland Use in Japan*en,active,nonprofit,都市農地センター*ja,Advice Center of Urban Farmland Use in Japan*en; 都市農地活用支援センター*ja,,https://www.tosinouti.or.jp/,,tosinouti.or.jp,1991,,,,,,,,,Tokyo,Japan,1850147,,,,,,
,https://ror.org/04kvwn797,Urban Disaster Research Institute*en,active,nonprofit,,Urban Disaster Research Institute*en; 都市防災研究所*ja,,https://www.udri.or.jp/,,udri.or.jp,1979,,,,,,,,,Tokyo,Japan,1850147,,,,,,
,https://ror.org/052te4z12,Tokai Ceremonial Occasions Industry Promotion Center*en,active,nonprofit,,Tokai Ceremonial Occasions Industry Promotion Center*en; 東海冠婚葬祭産業振興センター*ja,,http://www.tcoic.or.jp/,,tcoic.or.jp,1995,,,,,,,,,Nagoya,Japan,1856057,,,,,,
,https://ror.org/05vmvpx66,Toukai Foundation for Technology*en,active,nonprofit,,Toukai Foundation for Technology*en; 東海産業技術振興財団*ja,,https://www.tft.or.jp,,tft.or.jp,1987,,,,,,,,,Toyohashi,Japan,1849846,,,,,,
,https://ror.org/04f587n31,Road Administration Information Center*en,active,nonprofit,,Road Administration Information Center*en; 道路管理センター*ja,ROADIC*en,https://www.roadic.or.jp/,,roadic.or.jp,1986,,,,,,,,,Tokyo,Japan,1850147,,,,,,
,https://ror.org/03ssa2k20,Naha Higher Beauty School*en,active,education,,Naha Higher Beauty School*en; 那覇高等美容学校*ja,,,,,,,,,,,,,,Naha,Japan,1856035,,,,,,
,https://ror.org/01hwgbp21,The Japan-China Economic Association*en,active,nonprofit,,The Japan-China Economic Association*en; 日中経済協会*ja,JCEA*en,https://www.jc-web.or.jp/,https://ja.wikipedia.org/wiki/日中経済協会,jc-web.or.jp,1972,,,,,0000 0000 9933 9426,0000 0000 9933 9426,Q11504792,Q11504792,Tokyo,Japan,1850147,,,,,,
,https://ror.org/01hrs7a28,Associação Nipo-Brasileira*en,active,nonprofit,,Associação Nipo-Brasileira*en; 日伯協会*ja,,https://www.nippaku-k.or.jp/,,nippaku-k.or.jp,1926,,,,,,,,,Kobe,Japan,1859171,,,,,,
,https://ror.org/048cje149,Japan Amateur Radio Development Association*en,active,nonprofit,,Japan Amateur Radio Development Association*en; 日本アマチュア無線振興協会*ja,JARD*en,https://www.jard.or.jp/,https://ja.wikipedia.org/wiki/日本アマチュア無線振興協会,jard.or.jp,1991,,,,,,,Q11506234,Q11506234,Tokyo,Japan,1850147,,,,,,
,https://ror.org/01ryryc17,Japan L.P.Gas Instrument Inspection Association*en,active,nonprofit,,Japan L.P.Gas Instrument Inspection Association*en; 日本エルピーガス機器検査協会*ja,LIA*en,https://www.lia.or.jp/,,lia.or.jp,1968,,,,,,,,,Tokyo,Japan,1850147,,,,,,
,https://ror.org/0304jzq94,Japan Cycle Sports Center*en,active,nonprofit,,Japan Cycle Sports Center*en; 日本サイクルスポーツセンター*ja,,https://www.csc.or.jp/,,csc.or.jp,1965,,,,,,,,,Izu,Japan,6822192,,,,,,
,https://ror.org/058t71d22,Japan Towel Inspection Foundation*en,active,nonprofit,,Japan Towel Inspection Foundation*en; 日本タオル検査協会*ja,JTIF*en,https://www.jtif.or.jp/,,jtif.or.jp,1953,,,,,,,,,Tokyo,Japan,1850147,,,,,,
,https://ror.org/01y8kpm81,Motorcycle Federation of Japan*en,active,nonprofit,,Motorcycle Federation of Japan*en; 日本モーターサイクルスポーツ協会*ja,MFJ*en,https://www.mfj.or.jp/,https://ja.wikipedia.org/wiki/日本モーターサイクルスポーツ協会,mfj.or.jp,1961,,,,,,,Q11506994,Q11506994,Tokyo,Japan,1850147,,,,,,
,https://ror.org/01yjpt005,Japan Radio Control Safety Association*en,active,nonprofit,日本ラジコン模型安全協会*ja,Japan Radio Control Safety Association*en; 日本ラジコン電波安全協会*ja,RCK*en,http://www.rck.or.jp/,,rck.or.jp,1985,,,,,,,,,Tokyo,Japan,1850147,,,,,,
,https://ror.org/045vnys80,Nippon Izokukai*en,active,nonprofit,,Nippon Izokukai*en; 日本遺族会*ja,,http://www.nippon-izokukai.jp,https://ja.wikipedia.org/wiki/日本遺族会,nippon-izokukai.jp,1953,,,,,,,Q3662025,Q3662025,Tokyo,Japan,1850147,,,,,,
,https://ror.org/046p1hs12,The English Literary Society of Japan*en,active,nonprofit,,The English Literary Society of Japan*en; 日本英文学会*ja,ELSJ*en,https://www.elsj.org/,https://ja.wikipedia.org/wiki/日本英文学会,elsj.org,1917,,,,,0000 0001 1958 4438,0000 0001 1958 4438,Q11509020,Q11509020,Tokyo,Japan,1850147,,,,,,
,https://ror.org/00v3r5644,Japan Flower Promotion Center Foundation*en,active,nonprofit,,Japan Flower Promotion Center Foundation*en; 日本花普及センター*ja,,,,,,,,,,,,,,Tokyo,Japan,1850147,,,,,,
,https://ror.org/025yvb769,Japanology Society*en,active,nonprofit,,Japanology Society*en; 日本学協会*ja; Nihongaku Kyōkai*en,,http://nihongakukyokai.or.jp/,https://ja.wikipedia.org/wiki/%E6%97%A5%E6%9C%AC%E5%AD%A6%E5%8D%94%E4%BC%9A,nihongakukyokai.or.jp,1956,,,,,,,Q48754108,Q48754108,Tokyo,Japan,1850147,,,,,,
,https://ror.org/02rdhm944,Japan Environmental Sanitation Center*en,active,nonprofit,,Japan Environmental Sanitation Center*en; 日本環境衛生センター*ja,JESC*en,https://www.jesc.or.jp,,jesc.or.jp,1956,,,,,,,,,Kawasaki,Japan,1859642,,,,,,
,https://ror.org/03v1tn052,Japan Criminal Policy Society*en,active,nonprofit,,Japan Criminal Policy Society*en; 日本刑事政策研究会*ja,,http://www.jcps.or.jp/,https://ja.wikipedia.org/wiki/日本刑事政策研究会,jcps.or.jp,1960,,,,,,,Q17214918,Q17214918,Urayasu,Japan,1849186,,,,,,
,https://ror.org/04dzvgn51,The Japan Building Equipment and Elevator Center Foundation*en,active,nonprofit,,The Japan Building Equipment and Elevator Center Foundation*en; 日本建築設備・昇降機センター*ja,BEEC*en,https://www.beec.or.jp/,,beec.or.jp,1973,,,,,,,,,Tokyo,Japan,1850147,,,,,,
,https://ror.org/042vanq70,Association for the Promotion of Japanese Language Education*en,active,nonprofit,,Association for the Promotion of Japanese Language Education*en; 日本語教育振興協会*ja,,https://www.nisshinkyo.org,,nisshinkyo.org,1990,,,,,,,,,Tokyo,Japan,1850147,,,,,,
,https://ror.org/001swfs35,Japan Traffic Safety Education Association*en,active,nonprofit,,Japan Traffic Safety Education Association*en; 日本交通安全教育普及協会*ja,JATRAS*en,https://www.jatras.or.jp/,https://ja.wikipedia.org/wiki/日本交通安全教育普及協会,jatras.or.jp,1968,,,,,,,Q11507172,Q11507172,Tokyo,Japan,1850147,,,,,,
,https://ror.org/025m01a04,Japan Aids to Navigation Association*en,active,nonprofit,Japan Association for Aids to Navigation*en,Japan Aids to Navigation Association*en; 日本航路標識協会*ja,,https://www.jana.or.jp/,,jana.or.jp,1982,,,,,,,,,Tokyo,Japan,1850147,,,,,,
,https://ror.org/05a8r6v06,Japan Audio-Visual Education Association*en,active,nonprofit,,Japan Audio-Visual Education Association*en; 日本視聴覚教育協会*ja,,https://www.javea.or.jp/,,javea.or.jp,1943,,,,,,,,,Tokyo,Japan,1850147,,,,,,
,https://ror.org/0058yvd30,The Foundation for the Advancement of Juvenile Education in Japan*en,active,nonprofit,,The Foundation for the Advancement of Juvenile Education in Japan*en; 日本児童教育振興財団*ja,FAJE*en,https://faje.or.jp/,,faje.or.jp,1967,,,,,,,,,Tokyo,Japan,1850147,,,,,,
,https://ror.org/01mae5446,Japan Auto Appraisal Institute*en,active,nonprofit,,Japan Auto Appraisal Institute*en; 日本自動車査定協会*ja,JAAI*en,http://www.jaai.or.jp/,,jaai.or.jp,1966,,,,,,,,,Tokyo,Japan,1850147,,,,,,
,https://ror.org/015dg9q04,Japan Calligraphy Art Academy*en,active,nonprofit,,Japan Calligraphy Art Academy*en; 日本書道美術院*ja,,https://www.nishobi.org/,,nishobi.org,1947,,,,,,,,,Tokyo,Japan,1850147,,,,,,
,https://ror.org/050mq8g61,Japan Floss Silk Association*en,active,nonprofit,,Japan Floss Silk Association*en; 日本真綿協会*ja,,https://mawata.or.jp/,,mawata.or.jp,1947,,,,,,,,,Tokyo,Japan,1850147,,,,,,
,https://ror.org/04t1w6125,Japan Soft Drink Inspection Association*en,active,nonprofit,,Japan Soft Drink Inspection Association*en; 日本清涼飲料検査協会*ja,,http://www.seiryouken.jp/,,seiryouken.jp,1975,,,,,,,,,Tokyo,Japan,1850147,,,,,,
,https://ror.org/00dejey53,Japan Educational Institute for Seamen*en,active,nonprofit,,Japan Educational Institute for Seamen*en; 日本船舶職員養成協会*ja,JEIS*en,https://www.jeis.or.jp/,,jeis.or.jp,1964,,,,,,,,,Yokohama,Japan,1848354,,,,,,
,https://ror.org/04tr54x57,Nippon Hakuyohin Kentei Kyokai*en,active,nonprofit,,Nippon Hakuyohin Kentei Kyokai*en; 日本舶用品検定協会*ja,HK*en,https://www.hakuyohin.or.jp/,,hakuyohin.or.jp,1974,,,,,,,,,Tokyo,Japan,1850147,,,,,,
,https://ror.org/042507g24,Japan Lottery Association*en,active,nonprofit,,Japan Lottery Association*en; 日本宝くじ協会*ja,,https://jla-takarakuji.or.jp/,https://ja.wikipedia.org/wiki/日本宝くじ協会,jla-takarakuji.or.jp,1964,,,,,,,Q11507951,Q11507951,Tokyo,Japan,1850147,,,,,,
,https://ror.org/03ye1ap17,Japan Association for Simplification of International Trade Procedures*en,active,nonprofit,,Japan Association for Simplification of International Trade Procedures*en; 日本貿易関係手続簡易化協会*ja,JASTPRO*en,https://www.jastpro.org/,,jastpro.org,1974,,,,,,,,,Tokyo,Japan,1850147,,,,,,
,https://ror.org/00anz0k47,Japan Institute of Cotton Textile Technology and Economy*en,active,nonprofit,,Japan Institute of Cotton Textile Technology and Economy*en; 日本綿業技術・経済研究所*ja,,https://www.jsa-jp.org/mengiken,,,1951,,,,,,,,,Osaka,Japan,1853909,,,,,,
,https://ror.org/05js3e391,Japan Senior Citizens Welfare Organization*en,active,nonprofit,,Japan Senior Citizens Welfare Organization*en; 日本老人福祉財団*ja,,https://jscwo.jp,,jscwo.jp,1973,,,,,,,,,Tokyo,Japan,1850147,,,,,,
,https://ror.org/01ngpkm89,Japan Metal Household Inspection Center*en,active,nonprofit,,Japan Metal Household Inspection Center*en; 日用金属製品検査センター*ja,JMHIC*en,http://www.jmhic.or.jp/,,jmhic.or.jp,1958,,,,,,,,,Tsubame,Japan,1849788,,,,,,
,https://ror.org/03960nw21,Southern TOHOKU Research Institute for Neuroscience*en,active,nonprofit,,Southern TOHOKU Research Institute for Neuroscience*en; 脳神経疾患研究所*ja,,,,,1984,,,,,,,,,Kōriyama,Japan,2112141,,,https://ror.org/00q1p9b30,,,
,https://ror.org/028zkky43,Southern TOHOKU Proton Therapy Center*en,active,healthcare,,Southern TOHOKU Proton Therapy Center*en; 南東北がん陽子線治療センター*ja,,https://www.southerntohoku-proton.com/,,southerntohoku-proton.com,,,,,,,,,,Kōriyama,Japan,2112141,,,,https://ror.org/00q1p9b30,,
,https://ror.org/05a3s3d98,Ozaki Yukio Memorial Foundation*en,active,nonprofit,,Ozaki Yukio Memorial Foundation*en; 尾崎行雄記念財団*ja,,,,,1956,,,,,,,,,Tokyo,Japan,1850147,,,,,,
,https://ror.org/00mewqv71,OMOTESENKE Fushin'an Foundation*en,active,nonprofit,,OMOTESENKE Fushin'an Foundation*en; 不審菴*ja,,https://www.omotesenke.jp/,,omotesenke.jp,1949,,,,,,,,,Kyoto,Japan,1857910,,,,,,
,https://ror.org/02yzc1659,Takaoka Techno Dome*en,active,nonprofit,,Takaoka Techno Dome*en; 富山県産業創造センター*ja; 高岡テクノドーム*ja,,http://www.technodome.or.jp/,,technodome.or.jp,,,,,,,,Q21653440,Q21653440,Takaoka,Japan,1851032,,,,,,
,https://ror.org/03k59c732,Hotsukyo*en,active,nonprofit,,Hotsukyo*en; 保安通信協会*ja,,https://www.hotsukyo.or.jp/,https://ja.wikipedia.org/wiki/保安通信協会,hotsukyo.or.jp,1982,,,,,,,Q11385780,Q11385780,Tokyo,Japan,1850147,,,,,,
,https://ror.org/02aawd603,Hosokai*en,active,nonprofit,,Hosokai*en; 法曹会*ja,,https://www.hosokai.or.jp/,https://ja.wikipedia.org/wiki/法曹会,hosokai.or.jp,1891,,,,,,,Q30924352,Q30924352,Tokyo,Japan,1850147,,,,,,
,https://ror.org/03r6kw353,The Foundation for International Trade and Industrial Co-operation*en,active,nonprofit,,The Foundation for International Trade and Industrial Co-operation*en; 貿易・産業協力振興財団*ja,ITIC*en,https://www.itic.or.jp/,,itic.or.jp,1981,,,,,,,,,Tokyo,Japan,1850147,,,,,,
,https://ror.org/05qvb7t95,Japan Defense Foundation for Mutual Aid*en,active,nonprofit,,Japan Defense Foundation for Mutual Aid*en; 防衛弘済会*ja,,https://jdfma.jp,,jdfma.jp,1965,,,,,,,,,Tokyo,Japan,1850147,,,,,,
,https://ror.org/04fbc8k05,Hokkaido Building & Housing Guidance Center*en,active,nonprofit,,Hokkaido Building & Housing Guidance Center*en; 北海道建築指導センター*ja,,https://hokkaido-ksc.or.jp/,,hokkaido-ksc.or.jp,1966,,,,,,,,,Sapporo,Japan,2128295,,,,,,
,https://ror.org/00eztgj83,Hokkaido-Tohoku Regional Economic Research Institute*en,active,nonprofit,ほくとう総研*ja,Hokkaido-Tohoku Regional Economic Research Institute*en; 北海道東北地域経済総合研究所*ja,,https://www.nett.or.jp/,,nett.or.jp,1992,,,,,,,,,Tokyo,Japan,1850147,,,,,,
,https://ror.org/0418sye63,Hokkaido Agriculture Modernity Consultants*en,active,nonprofit,,Hokkaido Agriculture Modernity Consultants*en; 北海道農業近代化技術研究センター*ja,,https://www.hamc.or.jp/,,hamc.or.jp,1965,,,,,,,,,Fukagawa,Japan,2130332,,,,,,
,https://ror.org/00gvxtt10,Hokuriku Economic Research Institute*en,active,nonprofit,,Hokuriku Economic Research Institute*en; 北陸経済研究所*ja,,https://www.hokukei.or.jp/,,hokukei.or.jp,1978,,,,,,,,,Toyama,Japan,1849876,,,,,,
,https://ror.org/00mbtjw31,Hokuriku Electrical Safety Inspection Association*en,active,nonprofit,,Hokuriku Electrical Safety Inspection Association*en; 北陸電気保安協会*ja,,https://www.hokuriku-dhk.or.jp/,https://ja.wikipedia.org/wiki/北陸電気保安協会,hokuriku-dhk.or.jp,1966,,,,,,,Q11404488,Q11404488,Toyama,Japan,1849876,,,,,,
,https://ror.org/0300mef46,Yanagi Design Office*en,active,nonprofit,,Yanagi Design Office*en; 柳工業デザイン研究会*ja,,https://yanagi-design.or.jp/,,yanagi-design.or.jp,1953,,,,,,,,,Tokyo,Japan,1850147,,,,,,
,https://ror.org/04y53s070,Wakayama Institute for Social and Economic Development*en,active,nonprofit,,Wakayama Institute for Social and Economic Development*en; 和歌山社会経済研究所*ja,,https://www.wsk.or.jp,,wsk.or.jp,1981,,,,,,,,,Wakayama,Japan,1926004,,,,,,
,https://ror.org/053mbk458,All Japan Confederation of Creativity*en,active,nonprofit,,All Japan Confederation of Creativity*en,ACC*en,https://www.acc-cm.or.jp,https://ja.wikipedia.org/wiki/ACC_(社団法人),acc-cm.or.jp,1993,,,,,,,Q11389922,Q11389922,Tokyo,Japan,1850147,,,,,,
,https://ror.org/00d5zzh39,Asia Exchange Association for Industrial Technology*en,active,nonprofit,,Asia Exchange Association for Industrial Technology*en; アジア産業技術交流協会*ja,,https://asiasankyo.or.jp/,,asiasankyo.or.jp,1982,,,,,,,,,Tokyo,Japan,1850147,,,,,,
,https://ror.org/037jp5h68,The Asian Affairs Research Council*en,active,nonprofit,,The Asian Affairs Research Council*en; アジア調査会*ja,AARC*en,https://aarc.or.jp/,,aarc.or.jp,1964,,,,,0000 0001 1224 6786,0000 0001 1224 6786,Q141169786,Q141169786,Tokyo,Japan,1850147,,,,,,
,https://ror.org/01yyg7v70,Junior Chamber International Abukuma*en,active,nonprofit,,Junior Chamber International Abukuma*en; あぶくま青年会議所*ja,,http://abukumajc.g2.xrea.com/,,,,,,,,,,,,Iwanuma,Japan,2112527,,,,,,
,https://ror.org/05wvqqk38,Ikebana International*en,active,nonprofit,,Ikebana International*en; いけばなインターナショナル*ja,,https://ikebanahq.org/,,ikebanahq.org,1956,,,,,,,,,Tokyo,Japan,1850147,,,,,,
,https://ror.org/00e4p6q24,Ibaraki New Business Conference*en,active,nonprofit,Ibaraki Social Entrepreneur Conference*en; いばらき社会起業家協議会*ja,Ibaraki New Business Conference*en; 茨城ニュービジネス協議会*ja,INBC*en,https://i-sec.net/,,i-sec.net,,,,,,,,,,Mito,Japan,2111901,,,,,,
,https://ror.org/05r55ts77,Japan Interlocking Block Pavement Engineering Association*en,active,nonprofit,,Japan Interlocking Block Pavement Engineering Association*en; インターロッキングブロック舗装技術協会*ja,JIPEA*en,https://www.jipea.or.jp/,,jipea.or.jp,1996,,,,,,,,,Tokyo,Japan,1850147,,,,,,
,https://ror.org/02ty4an76,Waterfront Development Association*en,active,nonprofit,,Waterfront Development Association*en; ウォーターフロント協会*ja,,https://www.waterfront.or.jp/,,waterfront.or.jp,1991,,,,,,,,,Tokyo,Japan,1850147,,,,,,
,https://ror.org/0230vx076,Computer Entertainment Supplier's Association*en,active,nonprofit,Computer Entertainment Software Association*en,Computer Entertainment Supplier's Association*en; コンピュータエンターテインメント協会*ja,CESA*en,https://www.cesa.or.jp/,https://ja.wikipedia.org/wiki/コンピュータエンターテインメント協会,cesa.or.jp,1996,,,,,,,Q1023380,Q1023380,Tokyo,Japan,1850147,,,,,,
,https://ror.org/05n5m6j30,Japan Overseas Forestry Consultants Association*en,active,nonprofit,海外林業コンサルタンツ協会*ja,Japan Overseas Forestry Consultants Association*en; ジョフカ*ja,,,,,1978,,,,,,,,,Tokyo,Japan,1850147,,,,,https://ror.org/031x58280,
,https://ror.org/046cfvh51,Elderly Service Providers Association*en,active,nonprofit,,Elderly Service Providers Association*en; シルバーサービス振興会*ja,,https://www.espa.or.jp/,,espa.or.jp,1987,,,,,,,,,Tokyo,Japan,1850147,,,,,,
,https://ror.org/05e816g07,Susukino Tourist Association*en,active,nonprofit,,Susukino Tourist Association*en; すすきの観光協会*ja,,http://www.susukino-ta.jp/,,susukino-ta.jp,1993,,,,,,,,,Sapporo,Japan,2128295,,,,,,
,https://ror.org/039qxh492,"Smart Processing Society for Materials, Environment & Energy*en",active,nonprofit,,"Smart Processing Society for Materials, Environment & Energy*en; スマートプロセス学会*ja",SPS*en,https://smartprocess.or.jp/,,smartprocess.or.jp,,,,,,,,,,Ibaraki,Japan,1862033,,,,,,
,https://ror.org/017f3ve93,Tatsuno City and Ibo District Medical Association*en,active,nonprofit,,Tatsuno City and Ibo District Medical Association*en; たつの市・揖保郡医師会*ja,,https://tatsuno-ibo.or.jp/,,tatsuno-ibo.or.jp,,,,,,,,,,Tatsuno,Japan,11612326,,,,,,
,https://ror.org/0490xzv62,Japan Association of Dam & Water Equipment Engineering*en,active,nonprofit,Japan Association of Dam & Weir Equipment Engineering*en,Japan Association of Dam & Water Equipment Engineering*en; ダム・堰施設技術協会*ja,,https://damseki.or.jp/,,damseki.or.jp,1986,,,,,,,,,Tokyo,Japan,1850147,,,,,,
,https://ror.org/05q0bzr25,Telecom Services Association*en,active,nonprofit,,Telecom Services Association*en; テレコムサービス協会*ja,TELESA*en,https://www.telesa.or.jp/,https://ja.wikipedia.org/wiki/%E3%83%86%E3%83%AC%E3%82%B3%E3%83%A0%E3%82%B5%E3%83%BC%E3%83%93%E3%82%B9%E5%8D%94%E4%BC%9A,telesa.or.jp,1994,,,,,,,Q11319470,Q11319470,Tokyo,Japan,1850147,,,,,,
,https://ror.org/02xjj7p10,New Office Promotion Association*en,active,nonprofit,,New Office Promotion Association*en; ニューオフィス推進協会*ja,NOPA*en,https://www.nopa.or.jp,,nopa.or.jp,1987,,,,,,,,,Tokyo,Japan,1850147,,,,,,
,https://ror.org/021j3vx33,Beautiful Aging Association*en,active,nonprofit,,Beautiful Aging Association*en; ビューティフルエージング協会*ja,BAA*en,https://baa.or.jp/,,baa.or.jp,1992,,,,,,,,,Tokyo,Japan,1850147,,,,,,
,https://ror.org/02tjs4a30,The Japan Society of Polymer Processing*en,active,nonprofit,,The Japan Society of Polymer Processing*en; プラスチック成形加工学会*ja,JSPP*en,https://www.jspp.or.jp/,,jspp.or.jp,1988,,,,,,,,,Tokyo,Japan,1850147,,,,,,
,https://ror.org/02yqsc848,Japan Prestressed Concrete Contractors Association*en,active,nonprofit,,Japan Prestressed Concrete Contractors Association*en; プレストレスト・コンクリート建設業協会*ja,,https://www.pcken.or.jp/,,pcken.or.jp,1973,,,,,,,,,Tokyo,Japan,1850147,,,,,,
,https://ror.org/04zxcc071,Japan Association of Latin America and the Caribbean*en,active,nonprofit,,Japan Association of Latin America and the Caribbean*en; ラテンアメリカ協会*ja,JALAC*en,https://latin-america.jp/,,latin-america.jp,1958,,,,,,,,,Tokyo,Japan,1850147,,,,,,
,https://ror.org/04j956s84,Consultants of Landscape Architecture in Japan*en,active,nonprofit,,Consultants of Landscape Architecture in Japan*en; ランドスケープコンサルタンツ協会*ja,CLA*en,https://www.cla.or.jp/,https://ja.wikipedia.org/wiki/%E3%83%A9%E3%83%B3%E3%83%89%E3%82%B9%E3%82%B1%E3%83%BC%E3%83%97%E3%82%B3%E3%83%B3%E3%82%B5%E3%83%AB%E3%82%BF%E3%83%B3%E3%83%84%E5%8D%94%E4%BC%9A,cla.or.jp,1964,,,,,,,Q65247493,Q65247493,Tokyo,Japan,1850147,,,,,,
,https://ror.org/01m41jh56,Association of Living Amenity*en,active,nonprofit,,Association of Living Amenity*en; リビングアメニティ協会*ja,ALIA*en,https://www.alianet.org/,,alianet.org,1990,,,,,,,,,Tokyo,Japan,1850147,,,,,,
,https://ror.org/03bk9fm23,Aichi Environmental Measurement&Chemical Analysis Association*en,active,nonprofit,,Aichi Environmental Measurement&Chemical Analysis Association*en; 愛知県環境測定分析協会*ja,,,,,,,,,,,,,,Nagoya,Japan,1856057,,,,,,
,https://ror.org/00am36518,Aichiken Metal Stamping Association*en,active,nonprofit,,Aichiken Metal Stamping Association*en; 愛知県金属プレス工業会*ja,AMSA*en,https://www.amsa.or.jp,,amsa.or.jp,1965,,,,,,,,,Nagoya,Japan,1856057,,,,,,
,https://ror.org/004ceed30,Aichi Security Service Association*en,active,nonprofit,,Aichi Security Service Association*en; 愛知県警備業協会*ja,,https://aikeikyo.jp/wp_user/wordpress/,,,1986,,,,,,,,,Nagoya,Japan,1856057,,,,,,
,https://ror.org/019r4gs46,Aichi Industrial Resource Recycling Association*en,active,nonprofit,愛知県産業廃棄物協会*ja; Aichi-Ken Management of Industrial Waste Association*en,Aichi Industrial Resource Recycling Association*en; 愛知県産業資源循環協会*ja,,http://www.aisankyou.com/,,aisankyou.com,1991,,,,,,,,,Nagoya,Japan,1856057,,,,,,
,https://ror.org/03qtkcq08,Aichi Dental Technologists Association*en,active,nonprofit,,Aichi Dental Technologists Association*en; 愛知県歯科技工士会*ja,,https://www.aichi-dt.com,,aichi-dt.com,,,,,,,,,,Nagoya,Japan,1856057,,,,https://ror.org/02cfbgz09,,
,https://ror.org/04xe7fk53,Aichi Information Service Industry Association*en,active,nonprofit,,Aichi Information Service Industry Association*en; 愛知県情報サービス産業協会*ja,AiA*en,https://www.aia.or.jp,,aia.or.jp,1990,,,,,,,,,Nagoya,Japan,1856057,,,,,,
,https://ror.org/01xqapp33,Association of Aichi Psychiatric Hospitals*en,active,nonprofit,,Association of Aichi Psychiatric Hospitals*en; 愛知県精神科病院協会*ja,,https://aiseikyo.or.jp/,,aiseikyo.or.jp,1950,,,,,,,,,Nagoya,Japan,1856057,,,,,,
,https://ror.org/011rsbn93,Aichi Equipment Association*en,active,nonprofit,,Aichi Equipment Association*en; 愛知県設備設計監理協会*ja,AEA*en,https://www.aea.ne.jp,,aea.ne.jp,2000,,,,,,,,,Nagoya,Japan,1856057,,,,,,
,https://ror.org/00mrzxf70,Aichi Landscape Constructors*en,active,nonprofit,,Aichi Landscape Constructors*en; 愛知県造園建設業協会*ja,,https://aizoukyo.or.jp,,aizoukyo.or.jp,,,,,,,,,,Nagoya,Japan,1856057,,,,,,
,https://ror.org/02jxd9x41,Aichi Confectionery Association*en,active,nonprofit,,Aichi Confectionery Association*en; 愛知県洋菓子協会*ja,,https://aichi-yogashi.com,,aichi-yogashi.com,,,,,,,,,,Nagoya,Japan,1856057,,,,,,
,https://ror.org/000pkrb42,"The Society of Practitioners of Acupuncture, Moxibustion & Massage in Aichi Prefecture*en",active,nonprofit,,"The Society of Practitioners of Acupuncture, Moxibustion & Massage in Aichi Prefecture*en; 愛知県鍼灸マッサージ師会*ja",,https://a89m.net/,,a89m.net,,,,,,,,,,Nagoya,Japan,1856057,,,,,,
,https://ror.org/037y1ch51,Ehime Association of Medical Technologists*en,active,nonprofit,,Ehime Association of Medical Technologists*en; 愛媛県臨床検査技師会*ja,,https://ehime-amt.jp/,,ehime-amt.jp,,,,,,,,,,Matsuyama,Japan,1926099,,,,,,
,https://ror.org/03fpr9065,Junior Chamber International Asahikawa*en,active,nonprofit,,Junior Chamber International Asahikawa*en; 旭川青年会議所*ja,,https://asahikawa-jc.or.jp,,asahikawa-jc.or.jp,1950,,,,,,,,,Asahikawa,Japan,2130629,,,,,,
,https://ror.org/04733c169,Ibaraki Employers' Association*en,active,nonprofit,茨城経協*ja,Ibaraki Employers' Association*en; 茨城県経営者協会*ja,,https://ikk.or.jp/,,ikk.or.jp,1975,,,,,,,,,Mito,Japan,2111901,,,,,,
,https://ror.org/05vkgg129,Ibaraki Association of Construction Industry*en,active,nonprofit,,Ibaraki Association of Construction Industry*en; 茨城県建設業協会*ja,,http://ibaken.or.jp/,,ibaken.or.jp,1956,,,,,,,,,Mito,Japan,2111901,,,,,,
,https://ror.org/04r0a7t36,Ibaraki Information Service Industry Association*en,active,nonprofit,,Ibaraki Information Service Industry Association*en; 茨城県情報サービス産業協会*ja,IBIS*en,https://www.ibis.or.jp,,ibis.or.jp,1996,,,,,,,,,Mito,Japan,2111901,,,,,,
,https://ror.org/04ns10m96,Ukyo Medical Association*en,active,nonprofit,,Ukyo Medical Association*en; 右京医師会*ja,,https://www.ukyo.kyoto.med.or.jp/,,ukyo.kyoto.med.or.jp,,,,,,,,,,Kyoto,Japan,1857910,,,,,,
,https://ror.org/02edkwh78,Federation of Japanese Films Industry*en,active,nonprofit,,Federation of Japanese Films Industry*en; 映画産業団体連合会*ja,,http://www.eidanren.com/,https://ja.wikipedia.org/wiki/映画産業団体連合会,eidanren.com,1953,,,,,,,Q11513294,Q11513294,Tokyo,Japan,1850147,,,,,,
,https://ror.org/04zgemk63,Okumikawa Vision Forum*en,active,nonprofit,,Okumikawa Vision Forum*en; 奥三河ビジョンフォーラム*ja,OVF*en,https://www.okumikawa-vf.com/,,okumikawa-vf.com,,,,,,,,,,Shinshiro,Japan,1852046,,,,,,
,https://ror.org/058vrja64,Yokohama Yacht Club*en,active,nonprofit,,Yokohama Yacht Club*en; 横浜ヨット協会*ja,YYC*en,https://www.yyc.or.jp/,,yyc.or.jp,1886,,,,,,,,,Yokohama,Japan,1848354,,,,,,
,https://ror.org/016gkst57,Okinawa Building Maintenance Association*en,active,nonprofit,,Okinawa Building Maintenance Association*en; 沖縄県ビルメンテナンス協会*ja,,https://obma.or.jp,,obma.or.jp,1973,,,,,,,,,Naha,Japan,1856035,,,,,,
,https://ror.org/043cmkm54,Okinawa Association of Architectural Firms*en,active,nonprofit,,Okinawa Association of Architectural Firms*en; 沖縄県建築士事務所協会*ja,,https://www.oaa.or.jp/,,oaa.or.jp,1973,,,,,,,,,Urasoe,Japan,6822152,,,,,,
,https://ror.org/007f2qx06,Okinawa Productivity Center*en,active,nonprofit,,Okinawa Productivity Center*en; 沖縄県生産性本部*ja,,https://www.opc.or.jp/,,opc.or.jp,1966,,,,,,,,,Naha,Japan,1856035,,,,,,
,https://ror.org/04anbhq18,Otokuni Medical Association*en,active,nonprofit,,Otokuni Medical Association*en; 乙訓医師会*ja,,https://otokuni.kyoto.med.or.jp/,,otokuni.kyoto.med.or.jp,2001,,,,,,,,,Nagaokakyō,Japan,1856196,,,,,,
,https://ror.org/021etek85,Ie-no-Hikari Association*en,active,nonprofit,,Ie-no-Hikari Association*en; 家の光協会*ja,,https://www.ienohikari.net/,https://ja.wikipedia.org/wiki/家の光協会,ienohikari.net,1944,,,,,,,Q11455364,Q11455364,Tokyo,Japan,1850147,,,,,,
,https://ror.org/02gmw4x66,Association for Pump System Engineering*en,active,nonprofit,,Association for Pump System Engineering*en; 河川ポンプ施設技術協会*ja,,http://www.pump.or.jp,,pump.or.jp,1989,,,,,,,,,Tokyo,Japan,1850147,,,,,,
,https://ror.org/02e5btj64,Kawachi Medical Association*en,active,nonprofit,,Kawachi Medical Association*en; 河内医師会*ja,,https://www.kawachi-med.or.jp/,,kawachi-med.or.jp,1971,,,,,,,,,Higashiosaka,Japan,1862752,,,,,,
,https://ror.org/05bmnbf96,Kasumigaura Citizens' Association*en,active,nonprofit,,Kasumigaura Citizens' Association*en; 霞ヶ浦市民協会*ja,,http://www.kasumigaura.com/,,kasumigaura.com,1996,,,,,,,,,Tsuchiura,Japan,6822099,,,,,,
,https://ror.org/02ayn4286,"Engineering and Consulting Firms Association, Japan*en",active,nonprofit,,"Engineering and Consulting Firms Association, Japan*en; 海外コンサルタンツ協会*ja",ECFA*en,https://www.ecfa.or.jp/,,ecfa.or.jp,1964,,,,,,,,,Tokyo,Japan,1850147,,,,,,
,https://ror.org/0493f0s42,International Culture Appreciation and Interchange Society*en,active,nonprofit,,International Culture Appreciation and Interchange Society*en; 海外と文化を交流する会*ja,,https://kaigai-bunka.org/wp1/,,,1968,,,,,,,,,Tokyo,Japan,1850147,,,,,,
,https://ror.org/02xzpfh87,Promotion and Research Institute for Ocean Economics*en,active,nonprofit,,Promotion and Research Institute for Ocean Economics*en; 海洋産業研究・振興協会*ja,RIOE*en,https://www.rioe.or.jp/,,rioe.or.jp,1970,,,,,,,,,Tokyo,Japan,1850147,,,,,,
,https://ror.org/026j6g018,Foreign Film Importer-Distributors Association of Japan*en,active,nonprofit,,Foreign Film Importer-Distributors Association of Japan*en; 外国映画輸入配給協会*ja,FFIDAJ*en,http://www.gaihai.jp/,,gaihai.jp,1962,,,,,,,,,Tokyo,Japan,1850147,,,,,,
,https://ror.org/00gter328,Kakuda Medical Association*en,active,nonprofit,,Kakuda Medical Association*en; 角田市医師会*ja,,,,,,,,,,,,,,Kakuda,Japan,2112455,,,,,,
,https://ror.org/04vreyk92,Chigasaki Construction Association*en,active,nonprofit,,Chigasaki Construction Association*en; 茅ヶ崎建設業協会*ja; 茅ケ崎建設業協会*ja,,,,,,,,,,,,,,Chigasaki,Japan,1864624,,,,,,
,https://ror.org/03f99pz64,The New Business Conference Kansai*en,active,nonprofit,,The New Business Conference Kansai*en; 関西ニュービジネス協議会*ja,,https://www.nb-net.or.jp/,,nb-net.or.jp,,,,,,,,,,Osaka,Japan,1853909,,,,,,
,https://ror.org/03s3g1m87,Kansai Yacht Club*en,active,nonprofit,,Kansai Yacht Club*en; 関西ヨットクラブ*ja,KYC*en,https://kyc.or.jp/,,kyc.or.jp,1964,,,,,,,,,Nishinomiya,Japan,1855207,,,,,,
,https://ror.org/02gmdt956,Kansai Association of Corporate Executives*en,active,nonprofit,,Kansai Association of Corporate Executives*en; 関西経済同友会*ja,,https://www.kansaidoyukai.or.jp/,https://ja.wikipedia.org/wiki/関西経済同友会,kansaidoyukai.or.jp,1946,,,,,,,Q11656373,Q11656373,Osaka,Japan,1853909,,,,,,
,https://ror.org/02bnz8w22,Iwatsuki Medical Association*en,active,nonprofit,,Iwatsuki Medical Association*en; 岩槻医師会*ja,,https://iwatsuki-med.or.jp/,,iwatsuki-med.or.jp,,,,,,,,,,Saitama,Japan,6940394,,,,,,
,https://ror.org/03jh5ky23,Research Institute of Employee Benefit*en,active,nonprofit,,Research Institute of Employee Benefit*en; 企業福祉・共済総合研究所*ja,,,,,,,,,,,,,,Tokyo,Japan,1850147,,,,,,
,https://ror.org/0517kdc06,Miyako Area Medical Association*en,active,nonprofit,,Miyako Area Medical Association*en; 宮古地区医師会*ja,,https://www.miyakotikuishikai.com,,miyakotikuishikai.com,1987,,,,,,,,,Miyakojima,Japan,6822158,,,,,,
,https://ror.org/00erabv34,Miyazaki Prefectural Federation of Chambers of Commerce and Industry*en,active,nonprofit,,Miyazaki Prefectural Federation of Chambers of Commerce and Industry*en; 宮崎県商工会議所連合会*ja,,https://www.miyazaki-cci.or.jp/,,miyazaki-cci.or.jp,,,,,,,,,,Miyazaki,Japan,1856717,,,,,,
,https://ror.org/05pnz6k61,Society of Miyagi Machinary and Metal Corporations*en,active,nonprofit,,Society of Miyagi Machinary and Metal Corporations*en; 宮城県機械金属工業会*ja,,https://miyagi-k-k.jimdofree.com/,https://ja.wikipedia.org/wiki/宮城県機械金属工業会,,1965,,,,,,,Q11453713,Q11453713,Sendai,Japan,2111149,,,,,,
,https://ror.org/046yp8115,Miyagi Security Service Association*en,active,nonprofit,,Miyagi Security Service Association*en; 宮城県警備業協会*ja,MSSA*en,https://www.mssa.jp,,mssa.jp,1986,,,,,,,,,Sendai,Japan,2111149,,,,,,
,https://ror.org/01m8b3j89,Miyagi General Construction Association*en,active,nonprofit,,Miyagi General Construction Association*en; 宮城県建設業協会*ja,,https://www.miyakenkyo.or.jp/,,miyakenkyo.or.jp,1949,,,,,,,,,Sendai,Japan,2111149,,,,,,
,https://ror.org/04k626756,Miyagi Information Service Industry Association*en,active,nonprofit,,Miyagi Information Service Industry Association*en; 宮城県情報サービス産業協会*ja,MISA*en,https://www.misa.or.jp/,,misa.or.jp,2001,,,,,,,,,Sendai,Japan,2111149,,,,,,
,https://ror.org/033ec2c04,Miyagi Association of Planners and Surveyors*en,active,nonprofit,,Miyagi Association of Planners and Surveyors*en; 宮城県測量設計業協会*ja,,https://miyasoku.or.jp,,miyasoku.or.jp,1982,,,,,,,,,Sendai,Japan,2111149,,,,,,
,https://ror.org/023fqvn14,Miyagi Association of the Deaf*en,active,nonprofit,,Miyagi Association of the Deaf*en; 宮城県聴覚障害者協会*ja,,,,,,,,,,,,,,Sendai,Japan,2111149,,,,,,
,https://ror.org/01vn27a17,Miyagi Association of Real Estate Appraiser*en,active,nonprofit,,Miyagi Association of Real Estate Appraiser*en; 宮城県不動産鑑定士協会*ja,,https://miyagi-kanteishi.com/,,miyagi-kanteishi.com,,,,,,,,,,Sendai,Japan,2111149,,,,,,
,https://ror.org/048z0fh64,Junior Chamber International Ushiku Japan*en,active,nonprofit,JCI Ushiku*en,Junior Chamber International Ushiku Japan*en; 牛久青年会議所*ja,,https://ushikujc.com,,ushikujc.com,,,,,,,,,,Ushiku,Japan,2110629,,,,,,
,https://ror.org/04vfmjb04,Fisheries Credit Guarantee*en,active,nonprofit,,Fisheries Credit Guarantee*en; 漁業信用基金中央会*ja,,,https://ja.wikipedia.org/wiki/漁業信用基金中央会,,1958,,,,,,,Q22123654,Q22123654,Tokyo,Japan,1850147,,,,,,
,https://ror.org/02z9xpd76,Kyoto Private Hospital Association*en,active,nonprofit,Kyoto Private Hospitals Association*en,Kyoto Private Hospital Association*en; 京都私立病院協会*ja,,https://www.khosp.or.jp/,,khosp.or.jp,1974,,,,,,,,,Kyoto,Japan,1857910,,,,,,
,https://ror.org/00v86gt77,Kyoto Electrical Construction Association*en,active,nonprofit,,Kyoto Electrical Construction Association*en; 京都電業協会*ja,KECA*en,https://www.dengyo-kyokai.kyoto/,,dengyo-kyokai.kyoto,,,,,,,,,,Kyoto,Japan,1857910,,,,,,
,https://ror.org/05kj3zt31,Kyoto Security Service Association*en,active,nonprofit,,Kyoto Security Service Association*en; 京都府警備業協会*ja,,https://kyokeikyo.or.jp/,,kyokeikyo.or.jp,1987,,,,,,,,,Kyoto,Japan,1857910,,,,,,
,https://ror.org/048h3pz48,Kyoto Society of Architects and Building Engineers*en,active,nonprofit,,Kyoto Society of Architects and Building Engineers*en; 京都府建築士会*ja,,https://www.kyotofu-kenchikushikai.jp/,,kyotofu-kenchikushikai.jp,1952,,,,,,,,,Kyoto,Japan,1857910,,,,https://ror.org/020p12e29,,
,https://ror.org/04xs78115,Textbook Publishers Association of Japan*en,active,nonprofit,,Textbook Publishers Association of Japan*en; 教科書協会*ja,,https://www.textbook.or.jp/,,textbook.or.jp,1953,,,,,,,,,Tokyo,Japan,1850147,,,,,,
,https://ror.org/01bdq0b50,Tamagawa Medical Association*en,active,nonprofit,,Tamagawa Medical Association*en; 玉川医師会*ja,,https://www.tamagawa-med.or.jp/,,tamagawa-med.or.jp,1952,,,,,,,,,Tokyo,Japan,1850147,,,,,,
,https://ror.org/013pym472,Kinzai Institute for Financial Affairs*en,active,nonprofit,,Kinzai Institute for Financial Affairs*en; 金融財政事情研究会*ja,,https://www.kinzai.or.jp/,,kinzai.or.jp,1950,,,,,,,,,Tokyo,Japan,1850147,,,,,,
,https://ror.org/03f55s495,Kyushu Open University*en,active,nonprofit,,Kyushu Open University*en; 九州オープンユニバーシティ*ja,,,,,,,,,,,,,,Fukuoka,Japan,1863967,,,,,,
,https://ror.org/00xj77779,Construction Industry Association of Sorachi*en,active,nonprofit,,Construction Industry Association of Sorachi*en; 空知建設業協会*ja,,https://www.ku-ken.net/,,ku-ken.net,1989,,,,,,,,,Iwamizawa,Japan,2129870,,,,,,
,https://ror.org/05ey4r290,Kushiro Tourism and Convention Association*en,active,nonprofit,,Kushiro Tourism and Convention Association*en; 釧路観光コンベンション協会*ja,,https://www.kushiro-lakeakan.com/,,kushiro-lakeakan.com,1993,,,,,,,,,Kushiro,Japan,2129376,,,,,,
,https://ror.org/00kw0g605,"Economy, Trade and Industry Statistics Association*en",active,nonprofit,,"Economy, Trade and Industry Statistics Association*en; 経済産業統計協会*ja",,http://www.etisa.or.jp/,,etisa.or.jp,1977,,,,,,,,,Tokyo,Japan,1850147,,,,,,
,https://ror.org/04cdx5d47,Scaffolding and Construction Materials Leasing Association*en,active,nonprofit,,Scaffolding and Construction Materials Leasing Association*en; 軽仮設リース業協会*ja,,https://www.keikasetsu.or.jp,,keikasetsu.or.jp,1992,,,,,,,,,Tokyo,Japan,1850147,,,,,,
,https://ror.org/05e0kpv37,Japan Building Openings Association*en,active,nonprofit,,Japan Building Openings Association*en; 建築開口部協会*ja,JBOA*en,https://www.jboa.or.jp/,,jboa.or.jp,2020,,,,,,,,,Tokyo,Japan,1850147,,,,,,
,https://ror.org/057nvse43,Japanese Association of Building Mechanical and Electrical Engineers*en,active,nonprofit,,Japanese Association of Building Mechanical and Electrical Engineers*en; 建築設備技術者協会*ja,JABMEE*en,https://www.jabmee.or.jp/,,jabmee.or.jp,1989,,,,,,,,,Tokyo,Japan,1850147,,,,,,
,https://ror.org/044cfe707,Institute of Transportation Economics*en,active,nonprofit,,Institute of Transportation Economics*en; 交通経済研究所*ja,,https://www.itej.or.jp/,,itej.or.jp,1946,,,,,,,,,Tokyo,Japan,1850147,,,,,,
,https://ror.org/00frgja72,Japan Society of Traffic Engineers*en,active,nonprofit,,Japan Society of Traffic Engineers*en; 交通工学研究会*ja,JSTE*en,https://www.jste.or.jp/,,jste.or.jp,1979,,,,,,,,,Tokyo,Japan,1850147,,,,,,
,https://ror.org/01q2kxy54,Municipal Transportation Works Association*en,active,nonprofit,,Municipal Transportation Works Association*en; 公営交通事業協会*ja,,https://www.mtwa.or.jp/,https://ja.wikipedia.org/wiki/公営交通事業協会,mtwa.or.jp,1953,,,,,,,Q11391958,Q11391958,Tokyo,Japan,1850147,,,,,,
,https://ror.org/01n9zv164,Japan Aircargo Forwarders Association*en,active,nonprofit,,Japan Aircargo Forwarders Association*en; 航空貨物運送協会*ja,JAFA*en,http://www.jafa.or.jp,,jafa.or.jp,1991,,,,,,,,,Tokyo,Japan,1850147,,,,,,
,https://ror.org/03tpy2c16,Gyoda Medical Association*en,active,nonprofit,,Gyoda Medical Association*en; 行田市医師会*ja,,https://gyoda-med.org,,gyoda-med.org,,,,,,,,,,Gyōda,Japan,1863482,,,,,,
,https://ror.org/01s3vrj68,Junior Chamber International Takatsuki*en,active,nonprofit,,Junior Chamber International Takatsuki*en; 高槻青年会議所*ja,,https://www.takatsuki-jc.jp/,,takatsuki-jc.jp,1966,,,,,,,,,Takatsuki,Japan,1850910,,,,,,
,https://ror.org/03s7b5p44,Japan International Freight Forwarders Association*en,active,nonprofit,,Japan International Freight Forwarders Association*en; 国際フレイトフォワーダーズ協会*ja,JIFFA*en,https://www.jiffa.or.jp/,,jiffa.or.jp,1985,,,,,,,,,Tokyo,Japan,1850147,,,,,,
,https://ror.org/00h521k70,International Friendship Association*en,active,nonprofit,,International Friendship Association*en; 国際フレンドシップ協会*ja,IFA*en,https://www.ifa-japan.org,,ifa-japan.org,1969,,,,,,,,,Tokyo,Japan,1850147,,,,,,
,https://ror.org/05bgq4m19,Japan International Marine Science and Technology Federation*en,active,nonprofit,,Japan International Marine Science and Technology Federation*en; 国際海洋科学技術協会*ja,JIMSTEF*en,http://www.jimstef.org/,,jimstef.org,1987,,,,,,,,,Tokyo,Japan,1850147,,,,,,
,https://ror.org/004dcqd29,Japanese Institute of International Business Law*en,active,nonprofit,,Japanese Institute of International Business Law*en; 国際商事法研究所*ja,IBL*en,https://www.ibltokyo.jp/,,ibltokyo.jp,1972,,,,,,,,,Tokyo,Japan,1850147,,,,,,
,https://ror.org/0061axm42,"International Law Association, Japan Branch*en",active,nonprofit,,"International Law Association, Japan Branch*en; 国際法協会日本支部*ja",,https://www.ilajapan.org/,,ilajapan.org,1960,,,,,,,,,Tokyo,Japan,1850147,,,,,,
,https://ror.org/007jszr54,Konohana Industrial Association*en,active,nonprofit,,Konohana Industrial Association*en; 此花工業会*ja,,https://konohana.or.jp/,,konohana.or.jp,1936,,,,,,,,,Osaka,Japan,1853909,,,,,,
,https://ror.org/00b18w044,Urban Renewal Coordinator Association of Japan*en,active,nonprofit,,Urban Renewal Coordinator Association of Japan*en; 再開発コーディネーター協会*ja,URCA*en,https://www.urca.or.jp,,urca.or.jp,1985,,,,,,,,,Tokyo,Japan,1850147,,,,,,
,https://ror.org/02vbcfw48,Air-Conditioning & Plumbing Contractors Association of Saitama*en,active,nonprofit,,Air-Conditioning & Plumbing Contractors Association of Saitama*en; 埼玉県空調衛生設備協会*ja,,https://saikuei.com/,,saikuei.com,1978,,,,,,,,,Saitama,Japan,6940394,,,,,,
,https://ror.org/04k9hfk89,Sapporo Association of Radiological Technologists*en,active,nonprofit,,Sapporo Association of Radiological Technologists*en; 札幌放射線技師会*ja,,,,,,,,,,,,,,Sapporo,Japan,2128295,,,,,,
,https://ror.org/02ybass46,Mie Association of Architects and Building Engineers*en,active,nonprofit,,Mie Association of Architects and Building Engineers*en; 三重県建築士会*ja,,https://mie-kenchikushikai.or.jp/,,mie-kenchikushikai.or.jp,,,,,,,,,,Tsu,Japan,1849796,,,,,,
,https://ror.org/04e5y1p65,Society for the Administration of Remuneration for Audio and Video Home Recording*en,active,nonprofit,Society for the Administration of Remuneration for Audio Home Recording*en; 私的録音補償金管理協会*ja,Society for the Administration of Remuneration for Audio and Video Home Recording*en; 私的録音録画補償金管理協会*ja,SARAH*en,http://www.sarah.or.jp/,https://ja.wikipedia.org/wiki/%E7%A7%81%E7%9A%84%E9%8C%B2%E9%9F%B3%E9%8C%B2%E7%94%BB%E8%A3%9C%E5%84%9F%E9%87%91%E7%AE%A1%E7%90%86%E5%8D%94%E4%BC%9A,sarah.or.jp,1993,,,,,,,Q11594711,Q11594711,Tokyo,Japan,1850147,,,,,,
,https://ror.org/00p2n2v15,Bicycle Association*en,active,nonprofit,,Bicycle Association*en; 自転車協会*ja,,https://www.jitensha-kyokai.jp/,,jitensha-kyokai.jp,1948,,,,,,,,,Tokyo,Japan,1850147,,,,,,
,https://ror.org/05ybvcp22,Automobile Fair Trade Council*en,active,nonprofit,,Automobile Fair Trade Council*en; 自動車公正取引協議会*ja,,https://www.aftc.or.jp,https://ja.wikipedia.org/wiki/自動車公正取引協議会,aftc.or.jp,1971,,,,,,,Q11612665,Q11612665,Tokyo,Japan,1850147,,,,,,
,https://ror.org/02cf3rm85,Kagoshima Information Service Industry Association*en,active,nonprofit,,Kagoshima Information Service Industry Association*en; 鹿児島県情報サービス産業協会*ja,KISA*en,https://www.kisa.or.jp/,,kisa.or.jp,1983,,,,,,,,,Kagoshima,Japan,1860827,,,,,,
,https://ror.org/05yk2qt41,Shiso City Medical Association*en,active,nonprofit,,Shiso City Medical Association*en; 宍粟市医師会*ja,,https://shiso-med.jp/,,shiso-med.jp,1947,,,,,,,,,Shisō,Japan,11612481,,,,,,
,https://ror.org/05g3djf03,Muroran Constructors Association*en,active,nonprofit,,Muroran Constructors Association*en; 室蘭建設業協会*ja,,https://www.mcae.jp,,mcae.jp,1922,,,,,,,,,Muroran,Japan,2129101,,,,,,
,https://ror.org/016hw3j13,Japan Federation of Housing Organizations*en,active,nonprofit,,Japan Federation of Housing Organizations*en; 住宅生産団体連合会*ja,,https://www.judanren.or.jp/,,judanren.or.jp,1992,,,,,,,,,Tokyo,Japan,1850147,,,,,,
,https://ror.org/01bb3sm76,Koishikawa Medical Association*en,active,nonprofit,,Koishikawa Medical Association*en; 小石川医師会*ja,,https://www.koishikawa-med.jp/,,koishikawa-med.jp,1956,,,,,,,,,Tokyo,Japan,1850147,,,,,,
,https://ror.org/01eg3ex60,Matsushima Tourism Association*en,active,nonprofit,,Matsushima Tourism Association*en; 松島観光協会*ja,,https://www.matsushima-kanko.com/,,matsushima-kanko.com,,,,,,,,,,Matsushima,Japan,2111964,,,,,,
,https://ror.org/01v9f7v25,Japan Information Technology Services Industry Association*en,active,nonprofit,,Japan Information Technology Services Industry Association*en; 情報サービス産業協会*ja,JISA*en,https://www.jisa.or.jp/,https://ja.wikipedia.org/wiki/情報サービス産業協会,jisa.or.jp,1984,,,,,0000 0000 9253 9425,0000 0000 9253 9425,Q6108253,Q6108253,Tokyo,Japan,1850147,,,,,,
,https://ror.org/01mjr1s52,"Information Science and Technology Association, Japan*en",active,nonprofit,,"Information Science and Technology Association, Japan*en; 情報科学技術協会*ja",INFOSTA*en,https://www.infosta.or.jp/,https://ja.wikipedia.org/wiki/情報科学技術協会,infosta.or.jp,1950,,,,,,,Q17215937,Q17215937,Tokyo,Japan,1850147,,,,,,
,https://ror.org/015ry9n82,Information&Telecommunication Equipment Constructor's Association*en,active,nonprofit,,Information&Telecommunication Equipment Constructor's Association*en; 情報通信設備協会*ja,ITCA*en,https://www.itca.or.jp/,,itca.or.jp,1953,,,,,,,,,Tokyo,Japan,1850147,,,,,,
,https://ror.org/016j1et63,Trust Companies Association of Japan*en,active,nonprofit,,Trust Companies Association of Japan*en; 信託協会*ja,,https://www.shintaku-kyokai.or.jp/,https://ja.wikipedia.org/wiki/%E4%BF%A1%E8%A8%97%E5%8D%94%E4%BC%9A,shintaku-kyokai.or.jp,1926,,,,,0000 0001 2224 9366,0000 0001 2224 9366,Q23902096,Q23902096,Tokyo,Japan,1850147,,,,,,
,https://ror.org/02j3s0h18,Kobe Regatta & Athletic Club*en,active,nonprofit,,Kobe Regatta & Athletic Club*en; 神戸リガッタ・アンド・アスレチック・倶楽部*ja,KR&AC*en,https://www.kr-ac.org/,https://ja.wikipedia.org/wiki/神戸リガッタ・アンド・アスレチック・倶楽部,kr-ac.org,1870,,,,,,,Q11589782,Q11589782,Kobe,Japan,1859171,,,,,,
,https://ror.org/01qr5x108,Société Franco-Japonaise de Kobe*en,active,nonprofit,,Société Franco-Japonaise de Kobe*en; 神戸日仏協会*ja,,https://kobenichifutsu.com/,,kobenichifutsu.com,1900,,,,,,,,,Kobe,Japan,1859171,,,,,,
,https://ror.org/02yx2v354,Kobe Foreign Trade Association*en,active,nonprofit,,Kobe Foreign Trade Association*en; 神戸貿易協会*ja,,https://kobe-fta.or.jp/,,kobe-fta.or.jp,1942,,,,,,,,,Kobe,Japan,1859171,,,,,,
,https://ror.org/02536w693,Kanagawa Building Maintenance Association*en,active,nonprofit,,Kanagawa Building Maintenance Association*en; 神奈川県ビルメンテナンス協会*ja,,https://kanagawa-bma.or.jp/,,kanagawa-bma.or.jp,1973,,,,,,,,,Yokohama,Japan,1848354,,,,,,
,https://ror.org/055534505,Air-Conditioning and Plumbing Contractors Association of Kanagawa*en,active,nonprofit,,Air-Conditioning and Plumbing Contractors Association of Kanagawa*en; 神奈川県空調衛生工業会*ja,,http://www.shinkuei.or.jp/,,shinkuei.or.jp,,,,,,,,,,Yokohama,Japan,1848354,,,,,,
,https://ror.org/03wwvs752,Kanagawa-ken Employer's Association*en,active,nonprofit,,Kanagawa-ken Employer's Association*en; 神奈川県経営者協会*ja,,http://www.kana-keikyo.jp/,,kana-keikyo.jp,1949,,,,,,,,,Yokohama,Japan,1848354,,,,,,
,https://ror.org/03345nt90,The Associated General Contractors of Kanagawa*en,active,nonprofit,,The Associated General Contractors of Kanagawa*en; 神奈川県建設業協会*ja,,http://www.shin-ken.or.jp/,,shin-ken.or.jp,1959,,,,,,,,,Yokohama,Japan,1848354,,,,,,
,https://ror.org/03b40cq77,Kanagawa Architect Office Association*en,active,nonprofit,,Kanagawa Architect Office Association*en; 神奈川県建築士事務所協会*ja,,https://j-kana.or.jp/,,j-kana.or.jp,1976,,,,,,,,,Yokohama,Japan,1848354,,,,,,
,https://ror.org/05d7w7c72,Kanagawa Association of Medical Technologists*en,active,nonprofit,,Kanagawa Association of Medical Technologists*en; 神奈川県臨床検査技師会*ja,,https://jinringi.jp,,jinringi.jp,1982,,,,,,,,,Yokohama,Japan,1848354,,,,,,
,https://ror.org/038c8br39,HadanoIsehara Medical Association*en,active,nonprofit,,HadanoIsehara Medical Association*en; 秦野伊勢原医師会*ja,,https://www.hadanoisehara-med.or.jp/,,hadanoisehara-med.or.jp,1947,,,,,,,,,Hadano,Japan,1863431,,,,,,
,https://ror.org/04ddmv578,Zuyo Medical Association*en,active,nonprofit,,Zuyo Medical Association*en; 逗葉医師会*ja,,https://zuyo-med.jp,,zuyo-med.jp,,,,,,,,,,Zushi,Japan,1847968,,,,,,
,https://ror.org/05ep8zd51,Economic Policy Institute for Quality Life*en,active,nonprofit,,Economic Policy Institute for Quality Life*en; 生活経済政策研究所*ja,,https://www.seikatsuken.or.jp/,,seikatsuken.or.jp,1983,,,,,,,,,Tokyo,Japan,1850147,,,,,,
,https://ror.org/04kcr1g82,Nishitama Medical Association*en,active,nonprofit,,Nishitama Medical Association*en; 西多摩医師会*ja,,https://nishitama-med.or.jp/,,nishitama-med.or.jp,,,,,,,,,,Ōme,Japan,1854162,,,,,,
,https://ror.org/043720r50,West Japan Plastic Products Industrial Association*en,active,nonprofit,,West Japan Plastic Products Industrial Association*en; 西日本プラスチック製品工業協会*ja,,https://www.nishipla.or.jp/,,nishipla.or.jp,,,,,,,,,,Osaka,Japan,1853909,,,,,,
,https://ror.org/05rbq8d25,Nishisonogi Medical Fraternity*en,active,nonprofit,,Nishisonogi Medical Fraternity*en; 西彼杵医師会*ja,,http://www.mmjp.or.jp/nishisonogi-med/,,,1907,,,,,,,,,Togitsu,Japan,1850269,,,,,,
,https://ror.org/05ee7cs17,Junior Chamber International Nishio*en,active,nonprofit,,Junior Chamber International Nishio*en; 西尾青年会議所*ja,,https://nishiojc.jp,,nishiojc.jp,,,,,,,,,,Nishio,Japan,1855189,,,,,,
,https://ror.org/01v4qh005,Aomori Automobile Service Promotion Association*en,active,nonprofit,,Aomori Automobile Service Promotion Association*en; 青森県自動車整備振興会*ja,,http://www.oasis-aomori.or.jp/,,oasis-aomori.or.jp,,,,,,,,,,Aomori,Japan,2130658,,,,,,
,https://ror.org/01h4tc955,Settsu Medical Association*en,active,nonprofit,,Settsu Medical Association*en; 摂津市医師会*ja,,https://settsu-med.or.jp/,,settsu-med.or.jp,,,,,,,,,,Settsu,Japan,1852643,,,,,,
,https://ror.org/02m3sg631,General Contractors Association of Kawasaki*en,active,nonprofit,,General Contractors Association of Kawasaki*en; 川崎建設業協会*ja,,http://www.kawaken.or.jp/,,kawaken.or.jp,1949,,,,,,,,,Kawasaki,Japan,1859642,,,,,,
,https://ror.org/048snvb54,Kawasaki Local Government Research Center*en,active,nonprofit,,Kawasaki Local Government Research Center*en; 川崎地方自治研究センター*ja,,https://kawasaki-jichiken.com/,,kawasaki-jichiken.com,,,,,,,,,,Kawasaki,Japan,1859642,,,,,,
,https://ror.org/051jqkh40,Kawasaki-Kita Industrial Association*en,active,nonprofit,,Kawasaki-Kita Industrial Association*en; 川崎北工業会*ja,,https://kawasaki-kita.or.jp/,,kawasaki-kita.or.jp,1986,,,,,,,,,Kawasaki,Japan,1859642,,,,,,
,https://ror.org/00hs2qe23,Minamisakai Traffic Safety Association*en,active,nonprofit,泉北交通安全協会*ja,Minamisakai Traffic Safety Association*en; 南堺交通安全協会*ja,,http://www.ankyou.net/,,ankyou.net,,,,,,,,,,Sakai,Japan,1853195,,,,,,
,https://ror.org/0354jyy79,National Association of Sea Coast*en,active,nonprofit,,National Association of Sea Coast*en; 全国海岸協会*ja,,https://www.kaigan.or.jp/,,kaigan.or.jp,1969,,,,,,,,,Tokyo,Japan,1850147,,,,,,
,https://ror.org/01jkqqz17,Japan Light Motor Vehicle and Motorcycle Association*en,active,nonprofit,,Japan Light Motor Vehicle and Motorcycle Association*en; 全国軽自動車協会連合会*ja,,https://www.zenkeijikyo.or.jp/,,zenkeijikyo.or.jp,1967,,,,,,,,,Tokyo,Japan,1850147,,,,,,
,https://ror.org/031hya531,National General Contractors Association of Japan*en,active,nonprofit,,National General Contractors Association of Japan*en; 全国建設業協会*ja,,https://www.zenken-net.or.jp/,https://ja.wikipedia.org/wiki/全国建設業協会,zenken-net.or.jp,1955,,,,,,,Q131821870,Q131821870,Tokyo,Japan,1850147,,,,,,
,https://ror.org/04w2r6015,National Federation of Construction Contractors*en,active,nonprofit,,National Federation of Construction Contractors*en; 全国建設産業団体連合会*ja,NFCC*en,http://www.kensanren.or.jp/,,kensanren.or.jp,1989,,,,,,,,,Tokyo,Japan,1850147,,,,,,
,https://ror.org/01et9p014,Japan Federation of Fair Trade Conferences*en,active,nonprofit,,Japan Federation of Fair Trade Conferences*en; 全国公正取引協議会連合会*ja,JFFTC*en,https://www.jfftc.org/,https://ja.wikipedia.org/wiki/全国公正取引協議会連合会,jfftc.org,1984,,,,,,,Q11389274,Q11389274,Tokyo,Japan,1850147,,,,,,
,https://ror.org/03c641450,Japan Association of Personnel Ability Development*en,active,nonprofit,,Japan Association of Personnel Ability Development*en; 全国産業人能力開発団体連合会*ja,JAD*en,https://www.jad.or.jp/,,jad.or.jp,1987,,,,,,,,,Tokyo,Japan,1850147,,,,,,
,https://ror.org/055y6qg79,National Federation of the Physically Disabled and Their Parents Associations*en,active,nonprofit,全肢連*ja,National Federation of the Physically Disabled and Their Parents Associations*en; 全国肢体不自由児者父母の会連合会*ja,,https://www.zenshiren.or.jp/,,zenshiren.or.jp,1961,,,,,,,,,Tokyo,Japan,1850147,,,,,,
,https://ror.org/01w0g7f74,National Housing Industry Association*en,active,nonprofit,,National Housing Industry Association*en; 全国住宅産業協会*ja,,https://www.zenjukyo.jp,,zenjukyo.jp,2013,,,,,,,,,Tokyo,Japan,1850147,,,,,,
,https://ror.org/02h0xbr89,The National Association of Shinkin Banks*en,active,nonprofit,,The National Association of Shinkin Banks*en; 全国信用金庫協会*ja,,https://www.shinkin.org/,https://ja.wikipedia.org/wiki/%E5%85%A8%E5%9B%BD%E4%BF%A1%E7%94%A8%E9%87%91%E5%BA%AB%E5%8D%94%E4%BC%9A,shinkin.org,1945,,,,,,,Q119658360,Q119658360,Tokyo,Japan,1850147,,,,,,
,https://ror.org/01smc8w72,National Central Society of Credit Cooperatives*en,active,nonprofit,,National Central Society of Credit Cooperatives*en; 全国信用組合中央協会*ja,,https://www.shinyokumiai.or.jp/,https://ja.wikipedia.org/wiki/%E5%85%A8%E5%9B%BD%E4%BF%A1%E7%94%A8%E7%B5%84%E5%90%88%E4%B8%AD%E5%A4%AE%E5%8D%94%E4%BC%9A,shinyokumiai.or.jp,1959,,,,,,,Q60988185,Q60988185,Tokyo,Japan,1850147,,,,,,
,https://ror.org/02q1kx193,Japan Federation of Credit Guarantee Corporations*en,active,nonprofit,,Japan Federation of Credit Guarantee Corporations*en; 全国信用保証協会連合会*ja,JFG*en,https://www.zenshinhoren.or.jp/,https://ja.wikipedia.org/wiki/全国信用保証協会連合会,zenshinhoren.or.jp,1955,,,,,,,Q11389267,Q11389267,Tokyo,Japan,1850147,,,,,,
,https://ror.org/05ncmxa67,Japan Soft Drink Association*en,active,nonprofit,,Japan Soft Drink Association*en; 全国清涼飲料連合会*ja,,https://www.j-sda.or.jp/,https://ja.wikipedia.org/wiki/全国清涼飲料連合会,j-sda.or.jp,1955,,,,,,,Q11389437,Q11389437,Tokyo,Japan,1850147,,,,,,
,https://ror.org/049ab6p16,Regional Banks Association of Japan*en,active,nonprofit,,Regional Banks Association of Japan*en; 全国地方銀行協会*ja,,https://www.chiginkyo.or.jp/,https://ja.wikipedia.org/wiki/%E5%85%A8%E5%9B%BD%E5%9C%B0%E6%96%B9%E9%8A%80%E8%A1%8C%E5%8D%94%E4%BC%9A,chiginkyo.or.jp,1950,,,,,,,Q11389321,Q11389321,Tokyo,Japan,1850147,,,,,,
,https://ror.org/03m8k3z27,Japan Federation of Construction Managing Engineers Associations*en,active,nonprofit,,Japan Federation of Construction Managing Engineers Associations*en; 全国土木施工管理技士会連合会*ja,JCM*en,https://www.ejcm.or.jp/,,ejcm.or.jp,1992,,,,,,,,,Tokyo,Japan,1850147,,,,,,
,https://ror.org/05t90hr91,National Beef Cattle Promotion Fund Association*en,active,nonprofit,,National Beef Cattle Promotion Fund Association*en; 全国肉用牛振興基金協会*ja,NBAFA*en,https://www.nbafa.or.jp/,,nbafa.or.jp,2004,,,,,,,,,Tokyo,Japan,1850147,,,,,,
,https://ror.org/04rc3bg09,National Federation of Employees' Pensioners' Associations*en,active,nonprofit,,National Federation of Employees' Pensioners' Associations*en; 全国年金受給者団体連合会*ja,,https://www.zennenren.or.jp/,,zennenren.or.jp,1982,,,,,,,,,Tokyo,Japan,1850147,,,,,,
,https://ror.org/052ckdx13,Japanese Association of Fermented Milks and Fermented Milk Drinks*en,active,nonprofit,,Japanese Association of Fermented Milks and Fermented Milk Drinks*en; 全国発酵乳乳酸菌飲料協会*ja,,https://www.nyusankin.or.jp/,,nyusankin.or.jp,1962,,,,,,,,,Tokyo,Japan,1850147,,,,,,
,https://ror.org/0000j7d60,National Association of Broadcasting Temporary Work Services*en,active,nonprofit,,National Association of Broadcasting Temporary Work Services*en; 全国放送派遣協会*ja,,https://www.zhhk.or.jp,,zhhk.or.jp,1987,,,,,,,,,Tokyo,Japan,1850147,,,,,,
,https://ror.org/05tgxs119,Japan Roofing Contractors Association*en,active,nonprofit,,Japan Roofing Contractors Association*en; 全国防水工事業協会*ja,,https://www.jrca.or.jp/,,jrca.or.jp,1991,,,,,,,,,Tokyo,Japan,1850147,,,,,,
,https://ror.org/006x39d70,The Dairy Farmers Association Of Japan*en,active,nonprofit,,The Dairy Farmers Association Of Japan*en; 全国酪農協会*ja,,https://www.rakunou.org,,rakunou.org,,,,,,,,,,Tokyo,Japan,1850147,,,,,,
,https://ror.org/05drrzz53,All Nippon Travel Agents Association*en,active,nonprofit,,All Nippon Travel Agents Association*en; 全国旅行業協会*ja,ANTA*en,https://www.anta.or.jp/,https://ja.wikipedia.org/wiki/全国旅行業協会,anta.or.jp,1966,,,,,,,Q11389395,Q11389395,Tokyo,Japan,1850147,,,,,,
,https://ror.org/02ga14107,National Forestry Extension Association in Japan*en,active,nonprofit,,National Forestry Extension Association in Japan*en; 全国林業改良普及協会*ja,,https://www.ringyou.or.jp/,,ringyou.or.jp,,,,,,,,,,Tokyo,Japan,1850147,,,,,,
,https://ror.org/058rjak63,Japan Hearse Association*en,active,nonprofit,,Japan Hearse Association*en; 全国霊柩自動車協会*ja,,https://www.09net.jp/,,09net.jp,,,,,,,,,,Tokyo,Japan,1850147,,,,,,
,https://ror.org/00n38jx69,Japan Steel Fabricators Association*en,active,nonprofit,,Japan Steel Fabricators Association*en; 全国鐵構工業協会*ja,,,,,1976,,,,,,,,,Tokyo,Japan,1850147,,,,,,
,https://ror.org/004aak808,All Nippon Checkers Corporation*en,active,nonprofit,全日本検数協会*ja,All Nippon Checkers Corporation*en; 全日検*ja,ANCC*en,https://www.ancc.or.jp,,ancc.or.jp,1954,,,,,,,,,Yokohama,Japan,1848354,,,,,,
,https://ror.org/009sk4346,All Japan Kimono Promoting Association*en,active,nonprofit,,All Japan Kimono Promoting Association*en; 全日本きもの振興会*ja,,https://www.kimono-net.or.jp/,,kimono-net.or.jp,,,,,,,,,,Kyoto,Japan,1857910,,,,,,
,https://ror.org/01nxrhs62,Japan City Hotel Association*en,active,nonprofit,,Japan City Hotel Association*en; 全日本ホテル連盟*ja; 全日本シティホテル連盟*ja,,https://www.anha.or.jp/,https://ja.wikipedia.org/wiki/全日本ホテル連盟,anha.or.jp,1971,,,,,,,Q11389919,Q11389919,Tokyo,Japan,1850147,,,,,,
,https://ror.org/02my94n47,Association of All Japan TV Program Production Companies*en,active,nonprofit,,Association of All Japan TV Program Production Companies*en; 全日本テレビ番組製作社連盟*ja,ATP*en,https://www.atp.or.jp/,https://ja.wikipedia.org/wiki/%E5%85%A8%E6%97%A5%E6%9C%AC%E3%83%86%E3%83%AC%E3%83%93%E7%95%AA%E7%B5%84%E8%A3%BD%E4%BD%9C%E7%A4%BE%E9%80%A3%E7%9B%9F,atp.or.jp,1986,,,,,,,Q11389965,Q11389965,Tokyo,Japan,1850147,,,,,,
,https://ror.org/046cf3d39,The Piano Teachers' National Association of Japan*en,active,nonprofit,,The Piano Teachers' National Association of Japan*en; 全日本ピアノ指導者協会*ja,PTNA*en,https://www.piano.or.jp/,https://ja.wikipedia.org/wiki/全日本ピアノ指導者協会,piano.or.jp,1966,,,,,,,Q11389982,Q11389982,Tokyo,Japan,1850147,,,,,,
,https://ror.org/00gt01s73,All Japan Air Transport and Service Association*en,active,nonprofit,,All Japan Air Transport and Service Association*en; 全日本航空事業連合会*ja,,https://ajats.or.jp/,,ajats.or.jp,1963,,,,,,,,,Tokyo,Japan,1850147,,,,,,
,https://ror.org/00eqg3d12,All Japan Chefs Association*en,active,nonprofit,,All Japan Chefs Association*en; 全日本司厨士協会*ja,,http://www.ajca.jp,,ajca.jp,1959,,,,,,,,,Tokyo,Japan,1850147,,,,,,
,https://ror.org/00vngf109,All Japan Shooting Range Association*en,active,nonprofit,,All Japan Shooting Range Association*en; 全日本指定射撃場協会*ja,,https://shajoukyo.ciao.jp/,,,,,,,,,,,,Tokyo,Japan,1850147,,,,,,
,https://ror.org/01pw47k37,All Japan Band Association*en,active,nonprofit,,All Japan Band Association*en; 全日本吹奏楽連盟*ja,,https://www.ajba.or.jp/,https://ja.wikipedia.org/wiki/%E5%85%A8%E6%97%A5%E6%9C%AC%E5%90%B9%E5%A5%8F%E6%A5%BD%E9%80%A3%E7%9B%9F,ajba.or.jp,1939,,,,,,,Q966091,Q966091,Tokyo,Japan,1850147,,,,,,
,https://ror.org/00b50j576,Japan Maritime Officers' Association*en,active,nonprofit,,Japan Maritime Officers' Association*en; 全日本船舶職員協会*ja,,https://www.zensenkyo.com/,https://ja.wikipedia.org/wiki/%E5%85%A8%E6%97%A5%E6%9C%AC%E8%88%B9%E8%88%B6%E8%81%B7%E5%93%A1%E5%8D%94%E4%BC%9A,zensenkyo.com,1952,,,,,,,Q11390244,Q11390244,Tokyo,Japan,1850147,,,,,,
,https://ror.org/046h5hd03,Japan Special Steel Distributors Association*en,active,nonprofit,,Japan Special Steel Distributors Association*en; 全日本特殊鋼流通協会*ja,,https://www.zentokkyo.or.jp/,,zentokkyo.or.jp,1996,,,,,,,,,Tokyo,Japan,1850147,,,,,,
,https://ror.org/04e57jh40,All Japan Stationery Association*en,active,nonprofit,,All Japan Stationery Association*en; 全日本文具協会*ja,,https://www.zenbunkyo.jp/,,zenbunkyo.jp,1991,,,,,,,,,Tokyo,Japan,1850147,,,,,,
,https://ror.org/05shzyg18,Sounkyo Sightseeing Development Council*en,active,nonprofit,,Sounkyo Sightseeing Development Council*en; 層雲峡観光協会*ja,,https://sounkyo.net/,,sounkyo.net,,,,,,,,,,Kamikawa,Japan,2129761,,,,,,
,https://ror.org/01dygk663,Souraku Medical Association*en,active,nonprofit,,Souraku Medical Association*en; 相楽医師会*ja,,http://www.souraku.kyoto.med.or.jp/,,souraku.kyoto.med.or.jp,,,,,,,,,,Seika,Japan,7412205,,,,,,
,https://ror.org/01nzk6171,Japan Pacific Islands Association*en,active,nonprofit,,Japan Pacific Islands Association*en; 太平洋協会*ja,JAPIA*en,https://www.japia.org,,japia.org,1974,,,,,,,,,Tokyo,Japan,1850147,,,,,,
,https://ror.org/02snkdy64,Osaka Advertising Agencies Association*en,active,nonprofit,,Osaka Advertising Agencies Association*en; 大阪アドバタイジングエージェンシーズ協会*ja,OAAA*en,https://oaaa.or.jp/,,oaaa.or.jp,,,,,,,,,,Osaka,Japan,1853909,,,,,,
,https://ror.org/02xdp5e84,Osaka Restaurant Management Association*en,active,nonprofit,,Osaka Restaurant Management Association*en; 大阪外食産業協会*ja,ORA*en,https://www.ora.or.jp,,ora.or.jp,1981,,,,,,,,,Osaka,Japan,1853909,,,,,,
,https://ror.org/032raj550,Osaka Metal Stamping Association*en,active,nonprofit,,Osaka Metal Stamping Association*en; 大阪金属プレス工業会*ja,,http://www.omsa.or.jp/,,omsa.or.jp,1966,,,,,,,,,Osaka,Japan,1853909,,,,,,
,https://ror.org/04njspy90,General Contractors Association of Osaka*en,active,nonprofit,,General Contractors Association of Osaka*en; 大阪建設業協会*ja,,https://www.o-wave.or.jp/,,o-wave.or.jp,1908,,,,,,,,,Osaka,Japan,1853909,,,,,,
,https://ror.org/05f0cs267,Junior Chamber International Osaka*en,active,nonprofit,,Junior Chamber International Osaka*en; 大阪青年会議所*ja,,https://www.osaka-jc.or.jp,,osaka-jc.or.jp,1950,,,,,,,,,Osaka,Japan,1853909,,,,,,
,https://ror.org/036qh0533,Osaka Real Estate Association*en,active,nonprofit,,Osaka Real Estate Association*en; 大阪土地協会*ja,OREA*en,https://osaka-rea.jp/,,osaka-rea.jp,1925,,,,,,,,,Osaka,Japan,1853909,,,,,,
,https://ror.org/00a48zq61,Japanisch-Deutsche Gesellschaft Osaka*en,active,nonprofit,,Japanisch-Deutsche Gesellschaft Osaka*en; 大阪日独協会*ja,,https://jdg-osaka.com/,,jdg-osaka.com,1907,,,,,,,,,Osaka,Japan,1853909,,,,,,
,https://ror.org/04hw3d370,Osaka Security Service Association*en,active,nonprofit,,Osaka Security Service Association*en; 大阪府警備業協会*ja,,https://www.daikeikyo.or.jp/,,daikeikyo.or.jp,1984,,,,,,,,,Osaka,Japan,1853909,,,,,,
,https://ror.org/023gw1653,Osaka Association of Architectual Firms*en,active,nonprofit,,Osaka Association of Architectual Firms*en; 大阪府建築士事務所協会*ja,,https://www.oaaf.or.jp/,,oaaf.or.jp,1976,,,,,,,,,Osaka,Japan,1853909,,,,,,
,https://ror.org/02wmtna54,Ohtama Tourist Association*en,active,nonprofit,,Ohtama Tourist Association*en; 大多摩観光連盟*ja,,https://www.ohtama.or.jp,,ohtama.or.jp,1987,,,,,,,,,Ōme,Japan,1854162,,,,,,
,https://ror.org/00dmq8e94,The Second Association of Regional Banks*en,active,nonprofit,,The Second Association of Regional Banks*en; 第二地方銀行協会*ja,,https://www.dainichiginkyo.or.jp/,https://ja.wikipedia.org/wiki/第二地方銀行協会,dainichiginkyo.or.jp,1945,,,,,,,Q11602280,Q11602280,Tokyo,Japan,1850147,,,,,,
,https://ror.org/03bdjdw58,Wakkanai Junior Chamber*en,active,nonprofit,,Wakkanai Junior Chamber*en; 稚内青年会議所*ja,,,,,,,,,,,,,,Wakkanai,Japan,2127515,,,,,,
,https://ror.org/02jpddz49,Central Miso Research Institute*en,active,nonprofit,,Central Miso Research Institute*en; 中央味噌研究所*ja,,,,,,,,,,,,,,Tokyo,Japan,1850147,,,,,,
,https://ror.org/044x72g48,Japan Association of Development for the Aged*en,active,nonprofit,,Japan Association of Development for the Aged*en; 中高年齢者雇用福祉協会*ja,JADA*en,https://www.jada-prep.jp/,,jada-prep.jp,1973,,,,,,,,,Tokyo,Japan,1850147,,,,,,
,https://ror.org/03agf8609,Central Japan Economic Federation*en,active,nonprofit,Chubu Economic Federation*en; Chukeiren*en,Central Japan Economic Federation*en; 中部経済連合会*ja,,https://www.chukeiren.or.jp,https://ja.wikipedia.org/wiki/中部経済連合会,chukeiren.or.jp,1951,,,,,,,Q11367324,Q11367324,Nagoya,Japan,1856057,,,,,,
,https://ror.org/03273ee41,Chubu Aerospace Industry Center*en,active,nonprofit,Central Japan Aerospace Total Encouragement Center*en; Chubu Aerospace Industrial Technology Center*en; 中部航空宇宙産業技術センター*ja,Chubu Aerospace Industry Center*en; 中部航空宇宙産業センター*ja,C-ASTEC*en,https://www.c-astec.jp/,,c-astec.jp,1993,,,,,,,,,Nagoya,Japan,1856057,,,,,,
,https://ror.org/05xazt097,Nagasaki Construction Industry Association*en,active,nonprofit,,Nagasaki Construction Industry Association*en; 長崎県建設業協会*ja,,https://ngsk-kenkyou.jp/,,ngsk-kenkyou.jp,,,,,,,,,,Nagasaki,Japan,1856177,,,,,,
,https://ror.org/05f5em208,Nagasaki Association of Architectural Firms*en,active,nonprofit,,Nagasaki Association of Architectural Firms*en; 長崎県建築士事務所協会*ja,,https://www.nagasaki-jk.net/,,nagasaki-jk.net,1968,,,,,,,,,Nagasaki,Japan,1856177,,,,,,
,https://ror.org/036bsvt90,Nagasaki Authorized Driving School Association*en,active,nonprofit,,Nagasaki Authorized Driving School Association*en; 長崎県指定自動車学校協会*ja,,https://nadsa.jp/,,nadsa.jp,,,,,,,,,,Nagasaki,Japan,1856177,,,,,,
,https://ror.org/037dr4a76,Nagano Association for Conserving Environment*en,active,nonprofit,,Nagano Association for Conserving Environment*en; 長野県環境保全協会*ja,NACE*en,https://nace.main.jp/,,nace.main.jp,2000,,,,,,,,,Nagano,Japan,1856215,,,,,,
,https://ror.org/00cwjm341,Nagano Employers' Association*en,active,nonprofit,,Nagano Employers' Association*en; 長野県経営者協会*ja,,https://www.nea.or.jp/,,nea.or.jp,1947,,,,,,,,,Nagano,Japan,1856215,,,,,,
,https://ror.org/020feb603,Nagano Construction Society*en,active,nonprofit,,Nagano Construction Society*en; 長野県建設業協会*ja,,https://www.choken.or.jp/,,choken.or.jp,1922,,,,,,,,,Nagano,Japan,1856215,,,,,,
,https://ror.org/01qfybn50,Nagano Association of Architectural Firms*en,active,nonprofit,,Nagano Association of Architectural Firms*en; 長野県建築士事務所協会*ja,,http://www.nsjk.com/,,nsjk.com,,,,,,,,,,Nagano,Japan,1856215,,,,,,
,https://ror.org/0237d8276,Nagano Association of Radiological Technologists*en,active,nonprofit,,Nagano Association of Radiological Technologists*en; 長野県診療放射線技師会*ja,NART*en,https://nagano-rt.org,,nagano-rt.org,,,,,,,,,,Matsumoto,Japan,1857519,,,,,,
,https://ror.org/05rk3de13,Nagano Association for Public Opinion Research*en,active,nonprofit,,Nagano Association for Public Opinion Research*en; 長野県世論調査協会*ja,,http://www.nagano-yoron.or.jp/,,nagano-yoron.or.jp,2000,,,,,,,,,Nagano,Japan,1856215,,,,,,
,https://ror.org/02e3e9s14,Nagano-city Development Public Corporation*en,active,nonprofit,,Nagano-city Development Public Corporation*en; 長野市開発公社*ja,,https://www.n-kaihatu.com/,,n-kaihatu.com,1966,,,,,,,,,Nagano,Japan,1856215,,,,,,
,https://ror.org/01fb6m252,Association of Railway Architects*en,active,nonprofit,,Association of Railway Architects*en; 鉄道建築協会*ja,ARA*en,https://www.aran.or.jp/,,aran.or.jp,1954,,,,,,,,,Tokyo,Japan,1850147,,,,,,
,https://ror.org/05e43wk62,Tennoji Medical Association*en,active,nonprofit,,Tennoji Medical Association*en; 天王寺区医師会*ja,,http://www.tennoji-med.or.jp/,,tennoji-med.or.jp,,,,,,,,,,Osaka,Japan,1853909,,,,,,
,https://ror.org/04mcb0g35,NTT Group Mutual Aid Association*en,active,nonprofit,電気通信共済会*ja; The Japan Telecommunications Welfare Association*en,NTT Group Mutual Aid Association*en; NTTグループ共済会*ja,,https://www.dt-kyosaikai.or.jp/,,dt-kyosaikai.or.jp,1952,,,,,,,,,Tokyo,Japan,1850147,,,,,,
,https://ror.org/01v8ey819,Telecommunications Carriers Association*en,active,nonprofit,,Telecommunications Carriers Association*en; 電気通信事業者協会*ja,TCA*en,https://www.tca.or.jp/,,tca.or.jp,1987,,,,,,,,,Tokyo,Japan,1850147,,,,,,
,https://ror.org/05fdjj378,Land Improvement Construction Association of Japan*en,active,nonprofit,,Land Improvement Construction Association of Japan*en; 土地改良建設協会*ja,LICA*en,https://www.dokaikyo.or.jp/,,dokaikyo.or.jp,1968,,,,,,,,,Tokyo,Japan,1850147,,,,,,
,https://ror.org/02gbskf26,The Tokyo New Business Conference*en,active,nonprofit,,The Tokyo New Business Conference*en; 東京ニュービジネス協議会*ja,NBC*en,https://www.nbc-world.net/,,nbc-world.net,1985,,,,,,,,,Tokyo,Japan,1850147,,,,,,
,https://ror.org/03jt21p31,Tokyo Bus Association*en,active,nonprofit,,Tokyo Bus Association*en; 東京バス協会*ja,,https://www.tokyobus.or.jp,,tokyobus.or.jp,,,,,,,,,,Tokyo,Japan,1850147,,,,,,
,https://ror.org/016ssan56,Tokyo Building Owners and Managers Association*en,active,nonprofit,,Tokyo Building Owners and Managers Association*en; 東京ビルヂング協会*ja,,https://www.jboma.or.jp/tokyo/,,,1969,,,,,,,,,Tokyo,Japan,1850147,,,,,,
,https://ror.org/001trbz36,Tokyo Society of Architects & Building Engineers*en,active,nonprofit,,Tokyo Society of Architects & Building Engineers*en; 東京建築士会*ja,,https://www.tokyokenchikushikai.or.jp/,,tokyokenchikushikai.or.jp,1952,,,,,,,,,Tokyo,Japan,1850147,,,,,,
,https://ror.org/02bt0n367,Tokyo Authorized Driving School Association*en,active,nonprofit,,Tokyo Authorized Driving School Association*en; 東京指定自動車教習所協会*ja,,https://www.tadsa.or.jp/,,tadsa.or.jp,,,,,,,,,,Tokyo,Japan,1850147,,,,,,
,https://ror.org/00kv1br21,Tokyo Metal Stamping Association*en,active,nonprofit,,Tokyo Metal Stamping Association*en; 東京都金属プレス工業会*ja,TMSA*en,https://www.tmsa.or.jp/,,tmsa.or.jp,1964,,,,,,,,,Tokyo,Japan,1850147,,,,,,
,https://ror.org/05qdt8480,Tokyo Security Service Association*en,active,nonprofit,,Tokyo Security Service Association*en; 東京都警備業協会*ja,,https://www.toukeikyo.or.jp/,,toukeikyo.or.jp,,,,,,,,,,Tokyo,Japan,1850147,,,,,,
,https://ror.org/045p98q89,Tokyo Dental Technicians Association*en,active,nonprofit,,Tokyo Dental Technicians Association*en; 東京都歯科技工士会*ja,,https://www.to-ginet.com/,https://ja.wikipedia.org/wiki/東京都歯科技工士会,to-ginet.com,1966,,,,,,,Q22128415,Q22128415,Tokyo,Japan,1850147,,,,,,
,https://ror.org/04at31861,Tokyo Kitaku Medical Association*en,active,nonprofit,,Tokyo Kitaku Medical Association*en; 東京都北区医師会*ja,,http://www.kitaku-med.or.jp/,,kitaku-med.or.jp,,,,,,,,,,Tokyo,Japan,1850147,,,,,,
,https://ror.org/05sxf8568,"Association of Plastic Molders, East Japan*en",active,nonprofit,,"Association of Plastic Molders, East Japan*en; 東日本プラスチック製品工業協会*ja",,https://ejp.or.jp/,,ejp.or.jp,1970,,,,,,,,,Tokyo,Japan,1850147,,,,,,
,https://ror.org/03pn9kv13,Touhi Medical Association*en,active,nonprofit,,Touhi Medical Association*en; 東彼杵郡医師会*ja,,https://www.touhi-ishikai.jp/,,touhi-ishikai.jp,,,,,,,,,,Kawatana,Japan,1859619,,,,,,
,https://ror.org/025cy5c45,Tohoku New Business Conference*en,active,nonprofit,,Tohoku New Business Conference*en; 東北ニュービジネス協議会*ja,TNB*en,https://www.tnb.or.jp,,tnb.or.jp,1988,,,,,,,,,Sendai,Japan,2111149,,,,,,
,https://ror.org/04wn9qy03,Society for Research in Asiatic Music*en,active,nonprofit,,Society for Research in Asiatic Music*en; 東洋音楽学会*ja; Tōyō Ongaku Gakkai*en,TOG*en,https://tog.a.la9.jp/,https://ja.wikipedia.org/wiki/東洋音楽学会,tog.a.la9.jp,1936,,,,,0000 0000 9184 9384,0000 0000 9184 9384,Q11527709,Q11527709,Tokyo,Japan,1850147,,,,,,
,https://ror.org/04733zb58,Yugawara Country Club*en,active,nonprofit,,Yugawara Country Club*en; 湯河原カンツリー倶楽部*ja,,https://yugawara-cc.com,,yugawara-cc.com,1953,,,,,,,,,Yugawara,Japan,1848113,,,,,,
,https://ror.org/03zsayw10,Special Steel Association of Japan*en,active,nonprofit,,Special Steel Association of Japan*en; 特殊鋼倶楽部*ja,,https://www.tokushuko.or.jp,,tokushuko.or.jp,1983,,,,,,,,,Tokyo,Japan,1850147,,,,,,
,https://ror.org/033db9r83,Tomakomai General Construction Association*en,active,nonprofit,,Tomakomai General Construction Association*en; 苫小牧建設協会*ja,,,,,,,,,,,,,,Tomakomai,Japan,2127733,,,,,,
,https://ror.org/052q6w778,Research Institute of Japan*en,active,nonprofit,,Research Institute of Japan*en; 内外情勢調査会*ja,,https://naijyo.or.jp/,https://ja.wikipedia.org/wiki/内外情勢調査会,naijyo.or.jp,1954,,,,,,,Q11393915,Q11393915,Tokyo,Japan,1850147,,,,,,
,https://ror.org/02hjrwr45,Association of South Pacific Area*en,active,nonprofit,,Association of South Pacific Area*en; 南太平洋協会*ja,ASPA*en,https://aspa-osaka.com,,aspa-osaka.com,1980,,,,,,,,,Osaka,Japan,1853909,,,,,,
,https://ror.org/00tv5gw16,The 21st Century New Business Conference*en,active,nonprofit,,The 21st Century New Business Conference*en; 21世紀ニュービジネス協議会*ja,21cNBC*en,https://21cnbc.jp/,,21cnbc.jp,1987,,,,,,,,,Nagano,Japan,1856215,,,,,,
,https://ror.org/05cn17k58,Japan-Korea Economic Association*en,active,nonprofit,,Japan-Korea Economic Association*en; 日韓経済協会*ja,,https://www.jke.or.jp/,https://ja.wikipedia.org/wiki/日韓経済協会,jke.or.jp,1960,,,,,,,Q11510759,Q11510759,Tokyo,Japan,1850147,,,,,,
,https://ror.org/046xs7g11,"The America-Japan Society, Inc.*en",active,nonprofit,,"The America-Japan Society, Inc.*en; 日米協会*ja",AJS*en,https://www.ajstokyo.org/,https://ja.wikipedia.org/wiki/%E6%97%A5%E7%B1%B3%E5%8D%94%E4%BC%9A,ajstokyo.org,1917,,,,,,,Q60997246,Q60997246,Tokyo,Japan,1850147,,,,,,
,https://ror.org/05738ab09,Japan Audit Bureau of Circulations*en,active,nonprofit,,Japan Audit Bureau of Circulations*en; 日本ABC協会*ja,,https://www.jabc.or.jp/,https://ja.wikipedia.org/wiki/日本ABC協会,jabc.or.jp,1952,,,,,,,Q11505501,Q11505501,Tokyo,Japan,1850147,,,,,,
,https://ror.org/02309h652,BtoB Association Japan*en,active,nonprofit,,BtoB Association Japan*en; 日本BtoB広告協会*ja,,https://www.bbaa.or.jp/,,bbaa.or.jp,1969,,,,,,,,,Tokyo,Japan,1850147,,,,,,
,https://ror.org/00hw73c40,Japan DIY Home Center Association*en,active,nonprofit,,Japan DIY Home Center Association*en; 日本DIY・ホームセンター協会*ja,,https://www.diy.or.jp/,,diy.or.jp,1980,,,,,,,,,Tokyo,Japan,1850147,,,,,,
,https://ror.org/03e68pb45,The Japan Asphalt Association*en,active,nonprofit,,The Japan Asphalt Association*en; 日本アスファルト協会*ja,,https://askyo.jp/,,askyo.jp,2003,,,,,,,,,Tokyo,Japan,1850147,,,,,,
,https://ror.org/005hfhc29,Japan Emulsified Asphalt Association*en,active,nonprofit,,Japan Emulsified Asphalt Association*en; 日本アスファルト乳剤協会*ja,,http://www.jeaa.or.jp,,jeaa.or.jp,1947,,,,,,,,,Tokyo,Japan,1850147,,,,,,
,https://ror.org/002mdy909,Japan Ad. Contents Association*en,active,nonprofit,,Japan Ad. Contents Association*en; 日本アド・コンテンツ制作協会*ja,JAC*en,https://www.jac-cm.or.jp,,jac-cm.or.jp,1985,,,,,,,,,Tokyo,Japan,1850147,,,,,,
,https://ror.org/00c00ww20,Japan Amusement Industry Association*en,active,nonprofit,,Japan Amusement Industry Association*en; 日本アミューズメント産業協会*ja,JAIA*en,https://jaia.jp/,https://ja.wikipedia.org/wiki/%E6%97%A5%E6%9C%AC%E3%82%A2%E3%83%9F%E3%83%A5%E3%83%BC%E3%82%BA%E3%83%A1%E3%83%B3%E3%83%88%E7%94%A3%E6%A5%AD%E5%8D%94%E4%BC%9A,jaia.jp,2018,,,,,,,Q11506237,Q11506237,Tokyo,Japan,1850147,,,,,,
,https://ror.org/0305jkg60,Association Nippon Argentina*en,active,nonprofit,,Association Nippon Argentina*en; 日本アルゼンチン協会*ja,,https://argentina.jp/,,argentina.jp,1957,,,,,,,,,Tokyo,Japan,1850147,,,,,,
,https://ror.org/02q2gq145,Alpine Guide Society of Japan*en,active,nonprofit,,Alpine Guide Society of Japan*en; 日本アルパイン・ガイド協会*ja,AGS-J*en,https://www.agsj.or.jp/,,agsj.or.jp,1971,,,,,,,,,Tokyo,Japan,1850147,,,,,,
,https://ror.org/001mtzr11,Japan Aluminium Alloy Refiners Association*en,active,nonprofit,,Japan Aluminium Alloy Refiners Association*en; 日本アルミニウム合金協会*ja,JARA*en,https://www.jara-al.or.jp/,,jara-al.or.jp,1972,,,,,,,,,Tokyo,Japan,1850147,,,,,,
,https://ror.org/02a94pn18,Association for Islamic Studies in Japan*en,active,nonprofit,,Association for Islamic Studies in Japan*en; 日本イスラム協会*ja,,https://www.islamkyokai.org/,,islamkyokai.org,1967,,,,,,,,,Tokyo,Japan,1850147,,,,,,
,https://ror.org/03xd5ps15,Nippon Interior Association*en,active,nonprofit,,Nippon Interior Association*en; 日本インテリア協会*ja,NIF*en,https://www.nif.or.jp,,nif.or.jp,1992,,,,,,,,,Tokyo,Japan,1850147,,,,,,
,https://ror.org/01szpe009,Society of Japan Interior Technology*en,active,nonprofit,,Society of Japan Interior Technology*en; 日本インテリア設計士協会*ja,SJIT*en,https://www.jp-interior.or.jp/,,jp-interior.or.jp,1967,,,,,,,,,Osaka,Japan,1853909,,,,,,
,https://ror.org/04aj6k349,Japan Walking Association*en,active,nonprofit,,Japan Walking Association*en; 日本ウオーキング協会*ja,,https://walking.or.jp/,https://ja.wikipedia.org/wiki/日本ウオーキング協会,walking.or.jp,1964,,,,,,,Q11506284,Q11506284,Tokyo,Japan,1850147,,,,,,
,https://ror.org/0240cz550,Aerosol Industry Association of Japan*en,active,nonprofit,,Aerosol Industry Association of Japan*en; 日本エアゾール協会*ja,,https://www.aiaj.or.jp/,,aiaj.or.jp,1956,,,,,,,,,Tokyo,Japan,1850147,,,,,,
,https://ror.org/01epbcv62,Japan LPGas Plant Association*en,active,nonprofit,,Japan LPGas Plant Association*en; 日本エルピーガスプラント協会*ja,JLPA*en,https://jlpa.or.jp/,,jlpa.or.jp,1978,,,,,,,,,Tokyo,Japan,1850147,,,,,,
,https://ror.org/02yzcww20,Japan Auto Camping Federation*en,active,nonprofit,,Japan Auto Camping Federation*en; 日本オートキャンプ協会*ja,JAC*en,https://www.autocamp.or.jp/,,autocamp.or.jp,1969,,,,,,,,,Tokyo,Japan,1850147,,,,,,
,https://ror.org/01gxbcd58,Japan Office and Institutional Furniture Association*en,active,nonprofit,,Japan Office and Institutional Furniture Association*en; 日本オフィス家具協会*ja,JOIFA*en,https://www.joifa.or.jp/,,joifa.or.jp,1956,,,,,,,,,Tokyo,Japan,1850147,,,,,,
,https://ror.org/03tm7s977,Japan Optomechatronics Association*en,active,nonprofit,,Japan Optomechatronics Association*en; 日本オプトメカトロニクス協会*ja,,https://www.joem.jp/,,joem.jp,1987,,,,,,,,,Tokyo,Japan,1850147,,,,,,
,https://ror.org/00y5znx75,Japan Cambodia Association*en,active,nonprofit,,Japan Cambodia Association*en; 日本カンボジア協会*ja,JCA*en,https://japan-cambodia.or.jp/,,japan-cambodia.or.jp,1963,,,,,,,,,Tokyo,Japan,1850147,,,,,,
,https://ror.org/05shtyg52,Japan Association of Classical Music Presenters*en,active,nonprofit,,Japan Association of Classical Music Presenters*en; 日本クラシック音楽事業協会*ja,,https://www.classic.or.jp/,,classic.or.jp,1995,,,,,,,,,Tokyo,Japan,1850147,,,,,,
,https://ror.org/05cjkmf12,The Japan Graphic Services Industry Association*en,active,nonprofit,,The Japan Graphic Services Industry Association*en; 日本グラフィックサービス工業会*ja,JaGra*en,https://www.jagra.or.jp,,jagra.or.jp,1966,,,,,,,,,Tokyo,Japan,1850147,,,,,,
,https://ror.org/01dafxx56,Japan Clay Target Shooting Association*en,active,nonprofit,,Japan Clay Target Shooting Association*en; 日本クレー射撃協会*ja,,https://clay-shooting.website/,https://ja.wikipedia.org/wiki/日本クレー射撃協会,clay-shooting.website,1949,,,,,,,Q11506407,Q11506407,Tokyo,Japan,1850147,,,,,,
,https://ror.org/05y1p8v79,Japan Consumer Credit Association*en,active,nonprofit,,Japan Consumer Credit Association*en; 日本クレジット協会*ja,JCA*en,https://www.j-credit.or.jp/,https://ja.wikipedia.org/wiki/日本クレジット協会,j-credit.or.jp,2009,,,,,,,Q11506404,Q11506404,Tokyo,Japan,1850147,,,,,,
,https://ror.org/00mnwmw55,Japan Community Gas Association*en,active,nonprofit,,Japan Community Gas Association*en; 日本コミュニティーガス協会*ja,,https://www.jcga-page.or.jp/,,jcga-page.or.jp,1970,,,,,,,,,Tokyo,Japan,1850147,,,,,,
,https://ror.org/04y4a1p53,The Golf Tournament Promotion Association of Japan*en,active,nonprofit,,The Golf Tournament Promotion Association of Japan*en; 日本ゴルフトーナメント振興協会*ja,GTPA*en,https://golf-gtpa.or.jp/,,golf-gtpa.or.jp,1991,,,,,,,,,Tokyo,Japan,1850147,,,,,,
,https://ror.org/026s5rv97,Japan Computer System Seller Association*en,active,nonprofit,,Japan Computer System Seller Association*en; 日本コンピュータシステム販売店協会*ja,JCSSA*en,https://www.jcssa.or.jp/,,jcssa.or.jp,1996,,,,,,,,,Tokyo,Japan,1850147,,,,,,
,https://ror.org/03ny1z645,Japan Sash Manufacturers Association*en,active,nonprofit,,Japan Sash Manufacturers Association*en; 日本サッシ協会*ja,,https://www.jsma.or.jp,,jsma.or.jp,,,,,,,,,,Tokyo,Japan,1850147,,,,,,
,https://ror.org/04nyfc595,Japan Council of Shopping Centers*en,active,nonprofit,,Japan Council of Shopping Centers*en; 日本ショッピングセンター協会*ja,JCSC*en,https://www.jcsc.or.jp/,https://ja.wikipedia.org/wiki/日本ショッピングセンター協会,jcsc.or.jp,1973,,,,,,,Q11506503,Q11506503,Tokyo,Japan,1850147,,,,,,
,https://ror.org/01d0bpw63,Japan Swimming Club Association*en,active,nonprofit,,Japan Swimming Club Association*en; 日本スイミングクラブ協会*ja,JSCA*en,https://www.sc-net.or.jp/,,sc-net.or.jp,1987,,,,,,,,,Tokyo,Japan,1850147,,,,,,
,https://ror.org/005133258,Japan Sommelier Association*en,active,nonprofit,,Japan Sommelier Association*en; 日本ソムリエ協会*ja,J.S.A.*en,https://www.sommelier.jp/,https://ja.wikipedia.org/wiki/日本ソムリエ協会,sommelier.jp,1985,,,,,,,Q17213204,Q17213204,Tokyo,Japan,1850147,,,,,,
,https://ror.org/04qt8n613,Japan Direct Mail Association*en,active,nonprofit,,Japan Direct Mail Association*en; 日本ダイレクトメール協会*ja,JDMA*en,,,,,,,,,,,,,Tokyo,Japan,1850147,,,,,,
,https://ror.org/001j8w657,Tanners' Council of Japan*en,active,nonprofit,,Tanners' Council of Japan*en; 日本タンナーズ協会*ja,TCJ*en,https://tcj.jibasan.or.jp/,,tcj.jibasan.or.jp,1979,,,,,,,,,Himeji,Japan,1862627,,,,,,
,https://ror.org/05prh9029,Nippon Display Federation*en,active,nonprofit,,Nippon Display Federation*en; 日本ディスプレイ業団体連合会*ja,NDF*en,https://www.display.or.jp,,display.or.jp,1968,,,,,,,,,Tokyo,Japan,1850147,,,,,,
,https://ror.org/02akh4n83,Japan Design Protection Association*en,active,nonprofit,,Japan Design Protection Association*en; 日本デザイン保護協会*ja,,,https://ja.wikipedia.org/wiki/日本デザイン保護協会,,1967,,,,,,,Q11506684,Q11506684,Tokyo,Japan,1850147,,,,,https://ror.org/00k09zh24,
,https://ror.org/00t6ha411,Japan Tunnelling Association*en,active,nonprofit,,Japan Tunnelling Association*en; 日本トンネル技術協会*ja,JTA*en,https://www.japan-tunnel.org/,,japan-tunnel.org,1975,,,,,,,,,Tokyo,Japan,1850147,,,,,,
,https://ror.org/00dxvrd48,Nippon Bartenders' Association*en,active,nonprofit,,Nippon Bartenders' Association*en; 日本バーテンダー協会*ja,NBA*en,https://www.bartender.or.jp/,https://ja.wikipedia.org/wiki/日本バーテンダー協会,bartender.or.jp,1929,,,,,,,Q65270068,Q65270068,Tokyo,Japan,1850147,,,,,,
,https://ror.org/03hv0v810,Japan-Pasta Association*en,active,nonprofit,,Japan-Pasta Association*en; 日本パスタ協会*ja,,https://www.pasta.or.jp/,,pasta.or.jp,1972,,,,,,,,,Tokyo,Japan,1850147,,,,,,
,https://ror.org/03b9d2p77,Japan Baking Industry Association*en,active,nonprofit,,Japan Baking Industry Association*en; 日本パン工業会*ja,,https://www.pankougyokai.or.jp,,pankougyokai.or.jp,1964,,,,,,,,,Tokyo,Japan,1850147,,,,,,
,https://ror.org/03cvcq019,Japan Piano Technicians Association*en,active,nonprofit,,Japan Piano Technicians Association*en; 日本ピアノ調律師協会*ja,JPTA*en,https://www.jpta.org/,https://ja.wikipedia.org/wiki/日本ピアノ調律師協会,jpta.org,1973,,,,,,,Q11506802,Q11506802,Tokyo,Japan,1850147,,,,,,
,https://ror.org/05cvzas66,Japan-Brazil Central Association*en,active,nonprofit,,Japan-Brazil Central Association*en; 日本ブラジル中央協会*ja; Associacao Central Nipo-Brasileira*en,,https://www.nipobra.com/,,nipobra.com,1932,,,,,,,,,Tokyo,Japan,1850147,,,,,,
,https://ror.org/00zxzzn29,The Japan Fluid Power System Society*en,active,nonprofit,,The Japan Fluid Power System Society*en; 日本フルードパワーシステム学会*ja,JFPS*en,https://www.jfps.jp/,,jfps.jp,1970,,,,,,,,,Tokyo,Japan,1850147,,,,,,
,https://ror.org/03qy3kj25,Japan Bearing Industry Association*en,active,nonprofit,,Japan Bearing Industry Association*en; 日本ベアリング工業会*ja,JBIA*en,https://www.jbia.or.jp,,jbia.or.jp,1963,,,,,,,,,Tokyo,Japan,1850147,,,,,,
,https://ror.org/0446dq910,The Japan Home-Health Apparatus Industrial Association*en,active,nonprofit,,The Japan Home-Health Apparatus Industrial Association*en; 日本ホームヘルス機器協会*ja,,https://www.hapi.or.jp/,,hapi.or.jp,1973,,,,,,,,,Tokyo,Japan,1850147,,,,,,
,https://ror.org/04gezg919,Japan Boxing Federation*en,active,nonprofit,Japan Amateur Boxing Federation*en,Japan Boxing Federation*en; 日本ボクシング連盟*ja,JABF*en,https://jabf-revival.com/,https://ja.wikipedia.org/wiki/日本ボクシング連盟,jabf-revival.com,1926,,,,,,,Q11506923,Q11506923,Tokyo,Japan,1850147,,,,,,
,https://ror.org/00ptsge37,Japan Post Production Association*en,active,nonprofit,,Japan Post Production Association*en; 日本ポストプロダクション協会*ja,JPPA*en,https://www.jppanet.or.jp,,jppanet.or.jp,1993,,,,,,,,,Tokyo,Japan,1850147,,,,,,
,https://ror.org/04wmvnq59,Nihon Body Fashion Association*en,active,nonprofit,Nippon Body Fashion Association*en,Nihon Body Fashion Association*en; 日本ボディファッション協会*ja,NBF*en,https://nbf.or.jp,,nbf.or.jp,1977,,,,,,,,,Tokyo,Japan,1850147,,,,,,
,https://ror.org/05e867s44,The Japan Hotel and Restaurant Service Development Association*en,active,nonprofit,,The Japan Hotel and Restaurant Service Development Association*en; 日本ホテル・レストランサービス技能協会*ja,HRS*en,https://hrs.or.jp,,hrs.or.jp,1985,,,,,,,,,Tokyo,Japan,1850147,,,,,,
,https://ror.org/02yvwjr27,"Hotel Barmen's Association, Japan*en",active,nonprofit,,"Hotel Barmen's Association, Japan*en; 日本ホテルバーメンズ協会*ja",HBA*en,https://www.hotel-barmen-hba.or.jp/,,hotel-barmen-hba.or.jp,,,,,,,,,,Tokyo,Japan,1850147,,,,,,
,https://ror.org/03ghkkd73,Hobby Association of Japan*en,active,nonprofit,,Hobby Association of Japan*en; 日本ホビー協会*ja,,https://hobby.or.jp/,,hobby.or.jp,1976,,,,,,,,,Tokyo,Japan,1850147,,,,,,
,https://ror.org/00cayg331,Japan Voluntary Chain Association*en,active,nonprofit,,Japan Voluntary Chain Association*en; 日本ボランタリーチェーン協会*ja,VCA*en,https://www.vca.or.jp/,,vca.or.jp,1966,,,,,,,,,Tokyo,Japan,1850147,,,,,,
,https://ror.org/02kq9gk93,Japan Marina and Beach Association*en,active,nonprofit,,Japan Marina and Beach Association*en; 日本マリーナ・ビーチ協会*ja,JMBA*en,https://www.jmba.or.jp,,jmba.or.jp,1974,,,,,,,,,Tokyo,Japan,1850147,,,,,,
,https://ror.org/016ta1848,Japan Myanmar Friendship Association*en,active,nonprofit,,Japan Myanmar Friendship Association*en; 日本ミャンマー友好協会*ja,JMFA*en,https://jmfa.or.jp,,jmfa.or.jp,2013,,,,,,,,,Tokyo,Japan,1850147,,,,,,
,https://ror.org/04dcw3h26,"Metal Economics Research Institute, Japan*en",active,nonprofit,,"Metal Economics Research Institute, Japan*en; 日本メタル経済研究所*ja",,,,,,,,,,,,,,Tokyo,Japan,1850147,,,,,,
,https://ror.org/019srp918,The Japan Association for Media English Studies*en,active,nonprofit,The Japan Association for Current English Studies*en,The Japan Association for Media English Studies*en; 日本メディア英語学会*ja,JAMES*en,https://james.or.jp/,,james.or.jp,2011,,,,,,,,,Niimi,Japan,1855416,,,,,,
,https://ror.org/0401x8n79,Japan Men's Fashion Unity*en,active,nonprofit,The Men's Fashion Unity*en,Japan Men's Fashion Unity*en; 日本メンズファッション協会*ja,MFU*en,https://mfu.or.jp/,,mfu.or.jp,1972,,,,,,,,,Tokyo,Japan,1850147,,,,,,
,https://ror.org/03hqnrd60,Nippon Research Institute*en,active,nonprofit,,Nippon Research Institute*en; 日本リサーチ総合研究所*ja; Nihon Risāchi Sōgō Kenkyūjo*en,NIRI*en,,,,1977,,,,,,,Q11507020,Q11507020,Tokyo,Japan,1850147,,,,,,
,https://ror.org/026581y51,Japan Resort Club Association*en,active,nonprofit,,Japan Resort Club Association*en; 日本リゾートクラブ協会*ja,,,,,,,,,,,,,,Tokyo,Japan,1850147,,,,,,
,https://ror.org/03ssdxb70,Japan Linen Supply Association*en,active,nonprofit,,Japan Linen Supply Association*en; 日本リネンサプライ協会*ja,,https://www.jlsa.or.jp/,,jlsa.or.jp,1971,,,,,,,,,Tokyo,Japan,1850147,,,,,,
,https://ror.org/00vnbt445,Japan Association for Working Holiday Makers*en,active,nonprofit,,Japan Association for Working Holiday Makers*en; 日本ワーキング・ホリデー協会*ja,JAWHM*en,https://www.jawhm.or.jp/,,jawhm.or.jp,2011,,,,,,,,,Tokyo,Japan,1850147,,,,,,
,https://ror.org/053bybw03,The Federation of Japan Pharmaceutical Wholesalers Association*en,active,nonprofit,,The Federation of Japan Pharmaceutical Wholesalers Association*en; 日本医薬品卸売業連合会*ja,JPWA*en,https://jpwa.or.jp/,,jpwa.or.jp,1941,,,,,,,,,Tokyo,Japan,1850147,,,,,,
,https://ror.org/03nqp2k77,Japan Institute of Healthcare Architecture*en,active,nonprofit,,Japan Institute of Healthcare Architecture*en; 日本医療福祉建築協会*ja,JIHa*en,https://www.jiha.jp/,,jiha.jp,1954,,,,,,,,,Tokyo,Japan,1850147,,,,,,
,https://ror.org/021vfff60,Association of Japanese Healthcare Corporations*en,active,nonprofit,,Association of Japanese Healthcare Corporations*en; 日本医療法人協会*ja,,https://ajhc.or.jp/,https://ja.wikipedia.org/wiki/%E6%97%A5%E6%9C%AC%E5%8C%BB%E7%99%82%E6%B3%95%E4%BA%BA%E5%8D%94%E4%BC%9A,ajhc.or.jp,1952,,,,,,,Q11507455,Q11507455,Tokyo,Japan,1850147,,,,,,
,https://ror.org/03jcdmy10,Japan Printing Machinery Association*en,active,nonprofit,,Japan Printing Machinery Association*en; 日本印刷産業機械工業会*ja,JPMA*en,https://jpma-net.or.jp,,jpma-net.or.jp,1937,,,,,,,,,Tokyo,Japan,1850147,,,,,,
,https://ror.org/04wsy7868,All Nippon Producers Association*en,active,nonprofit,,All Nippon Producers Association*en; 日本映画テレビプロデューサー協会*ja,ANPA*en,https://www.producer.or.jp/,https://ja.wikipedia.org/wiki/日本映画テレビプロデューサー協会,producer.or.jp,1976,,,,,,,Q11508239,Q11508239,Tokyo,Japan,1850147,,,,,,
,https://ror.org/04vm6cp78,"Motion Picture Producers Association of Japan, Inc.*en",active,nonprofit,,"Motion Picture Producers Association of Japan, Inc.*en; 日本映画製作者連盟*ja",MPPAJ*en,https://www.eiren.org/,https://ja.wikipedia.org/wiki/%E6%97%A5%E6%9C%AC%E6%98%A0%E7%94%BB%E8%A3%BD%E4%BD%9C%E8%80%85%E9%80%A3%E7%9B%9F,eiren.org,1945,,,,,,,Q11508259,Q11508259,Tokyo,Japan,1850147,,,,,,
,https://ror.org/059zsg031,Japan Screen Actors Association*en,active,nonprofit,,Japan Screen Actors Association*en; 日本映画俳優協会*ja,JSAA*en,https://www.eihaikyo.com/,,eihaikyo.com,1951,,,,,,,,,Tokyo,Japan,1850147,,,,,,
,https://ror.org/04r4qxx02,Japan Video Software Association*en,active,nonprofit,,Japan Video Software Association*en; 日本映像ソフト協会*ja,JVA*en,https://www.jva-net.or.jp/,https://ja.wikipedia.org/wiki/%E6%97%A5%E6%9C%AC%E6%98%A0%E5%83%8F%E3%82%BD%E3%83%95%E3%83%88%E5%8D%94%E4%BC%9A,jva-net.or.jp,1978,,,,,,,Q11508233,Q11508233,Tokyo,Japan,1850147,,,,,,
,https://ror.org/00pj1bj81,Federation of Japan Outdoor Advertising Associations*en,active,nonprofit,,Federation of Japan Outdoor Advertising Associations*en; 日本屋外広告業団体連合会*ja,,https://nikkoren.or.jp/,,nikkoren.or.jp,1958,,,,,,,,,Tokyo,Japan,1850147,,,,,,
,https://ror.org/02w7esa39,Japan Association of Professional Recording Studios*en,active,nonprofit,,Japan Association of Professional Recording Studios*en; 日本音楽スタジオ協会*ja,JAPRS*en,https://www.japrs.or.jp/,,japrs.or.jp,1990,,,,,,,,,Tokyo,Japan,1850147,,,,,,
,https://ror.org/05hqw4s46,Japan Association of Music Enterprises*en,active,nonprofit,,Japan Association of Music Enterprises*en; 日本音楽事業者協会*ja,JAME*en,https://www.jame.or.jp/,https://ja.wikipedia.org/wiki/日本音楽事業者協会,jame.or.jp,1980,,,,,,,Q11509406,Q11509406,Tokyo,Japan,1850147,,,,,,
,https://ror.org/01e6hyx81,Music Publishers Association of Japan*en,active,nonprofit,,Music Publishers Association of Japan*en; 日本音楽出版社協会*ja,MPA*en,https://mpaj.or.jp/,https://ja.wikipedia.org/wiki/日本音楽出版社協会,mpaj.or.jp,1973,,,,,,,Q11509409,Q11509409,Tokyo,Japan,1850147,,,,,,
,https://ror.org/01mf5kj97,Federation of Music Producers Japan*en,active,nonprofit,,Federation of Music Producers Japan*en; 日本音楽制作者連盟*ja,FMPJ*en,https://www.fmp.or.jp/,https://ja.wikipedia.org/wiki/日本音楽制作者連盟,fmp.or.jp,1989,,,,,,,Q11509411,Q11509411,Tokyo,Japan,1850147,,,,,,
,https://ror.org/053737r95,Acoustical Materials Association of Japan*en,active,nonprofit,Acoustic Materials Association of Japan*en,Acoustical Materials Association of Japan*en; 日本音響材料協会*ja,,https://www.onzai.or.jp/,,onzai.or.jp,1953,,,,,,,,,Tokyo,Japan,1850147,,,,,,
,https://ror.org/02mchv775,Japan Sewer Optical Fiber Technological Association*en,active,nonprofit,,Japan Sewer Optical Fiber Technological Association*en; 日本下水道光ファイバー技術協会*ja,JSOFTA*en,https://www.softa.or.jp/,,softa.or.jp,1998,,,,,,,,,Tokyo,Japan,1850147,,,,,,
,https://ror.org/005w4sz28,Japan Chemical Exporters and Importers Association*en,active,nonprofit,,Japan Chemical Exporters and Importers Association*en; 日本化学品輸出入協会*ja,,,,,,,,,,,,,,Tokyo,Japan,1850147,,,,,,
,https://ror.org/03z9vyw78,Japan Furniture Industry Development Association*en,active,nonprofit,,Japan Furniture Industry Development Association*en; 日本家具産業振興会*ja,JFA*en,https://jfa-kagu.jp/,,jfa-kagu.jp,2010,,,,,,,,,Tokyo,Japan,1850147,,,,,,
,https://ror.org/05g6xn434,Japan Livestock Traders Association*en,active,nonprofit,,Japan Livestock Traders Association*en; 日本家畜輸出入協議会*ja,JLTA*en,https://www.jlta.or.jp/,,jlta.or.jp,1991,,,,,,,,,Tokyo,Japan,1850147,,,,,,
,https://ror.org/01ph74g30,Japan Fire Alarms Manufacturers' Association*en,active,nonprofit,,Japan Fire Alarms Manufacturers' Association*en; 日本火災報知機工業会*ja,,https://www.kaho.or.jp/,,kaho.or.jp,1957,,,,,,,,,Tokyo,Japan,1850147,,,,,,
,https://ror.org/05ger1v23,Japan Flower Growers Association*en,active,nonprofit,,Japan Flower Growers Association*en; 日本花き生産協会*ja,JFGA*en,https://www.jfga.or.jp,,jfga.or.jp,1963,,,,,,,,,Tokyo,Japan,1850147,,,,,,
,https://ror.org/03jy29d88,"The Japan Shipping Exchange, Inc.*en",active,nonprofit,,"The Japan Shipping Exchange, Inc.*en; 日本海運集会所*ja",JSE*en,https://www.jseinc.org/,https://ja.wikipedia.org/wiki/%E6%97%A5%E6%9C%AC%E6%B5%B7%E9%81%8B%E9%9B%86%E4%BC%9A%E6%89%80,jseinc.org,1921,,,,,0000 0000 9610 6846,0000 0000 9610 6846,Q11508521,Q11508521,Tokyo,Japan,1850147,,,,,,
,https://ror.org/05ms2nb06,Overseas Tour Operators Association of Japan*en,active,nonprofit,,Overseas Tour Operators Association of Japan*en; 日本海外ツアーオペレーター協会*ja,OTOA*en,https://www.otoa.com/,https://ja.wikipedia.org/wiki/日本海外ツアーオペレーター協会,otoa.com,1991,,,,,,,Q24900128,Q24900128,Tokyo,Japan,1850147,,,,,,
,https://ror.org/044564322,Japan Marine Procedure Commission Agent Association*en,active,nonprofit,,Japan Marine Procedure Commission Agent Association*en; 日本海事代理士会*ja,,https://jmpcaa.org/,https://ja.wikipedia.org/wiki/日本海事代理士会,jmpcaa.org,1974,,,,,,,Q11508477,Q11508477,Tokyo,Japan,1850147,,,,,,
,https://ror.org/05f032344,The Society for Promotion of Japanese Diplomacy*en,active,nonprofit,,The Society for Promotion of Japanese Diplomacy*en; 日本外交協会*ja,SPJD*en,https://www.spjd.or.jp/,,spjd.or.jp,1947,,,,,,,,,Tokyo,Japan,1850147,,,,,,
,https://ror.org/02zs6ba08,Japan Oceangoing Passenger Ship Association*en,active,nonprofit,,Japan Oceangoing Passenger Ship Association*en; 日本外航客船協会*ja,JOPA*en,https://jopa.or.jp/,,jopa.or.jp,1990,,,,,,,,,Tokyo,Japan,1850147,,,,,,
,https://ror.org/03vrgfj41,Japan Music-Drama Society*en,active,nonprofit,,Japan Music-Drama Society*en; 日本楽劇協会*ja,JMDS*en,http://www.yamadakousaku.com/,,yamadakousaku.com,1920,,,,,,,,,Tokyo,Japan,1850147,,,,,,
,https://ror.org/03bp7vk39,Japan Luggage Association*en,active,nonprofit,,Japan Luggage Association*en; 日本鞄協会*ja; 日本かばん協会*ja,,http://www.kaban.or.jp/,,kaban.or.jp,,,,,,,,,,Tokyo,Japan,1850147,,,,,,
,https://ror.org/0490myn82,Japan Mechanical Design Industries Association*en,active,nonprofit,,Japan Mechanical Design Industries Association*en; 日本機械設計工業会*ja,JMDIA*en,https://www.kogyokai.com/,,kogyokai.com,1989,,,,,,,,,Tokyo,Japan,1850147,,,,,,
,https://ror.org/01s7dt959,Japan Earth Moving Constructors Association*en,active,nonprofit,,Japan Earth Moving Constructors Association*en; 日本機械土工協会*ja,,https://www.jemca.jp/,,jemca.jp,1971,,,,,,,,,Tokyo,Japan,1850147,,,,,,
,https://ror.org/01dcdfg28,JSACA*en,active,nonprofit,Japan Smoking Articles Corporate Association*en; 日本喫煙具協会*ja,,,http://jsaca.or.jp/,https://ja.wikipedia.org/wiki/日本喫煙具協会,jsaca.or.jp,1976,,,,,,,Q11507555,Q11507555,Tokyo,Japan,1850147,,,,,,
,https://ror.org/0457zzx85,Japan Association of Structure Painting Contractors*en,active,nonprofit,Japan Association of Steel Bridge Painting Contractors*en,Japan Association of Structure Painting Contractors*en; 日本橋梁・鋼構造物塗装技術協会*ja; 橋塗協*ja,JASP*en,https://www.jasp.or.jp/,,jasp.or.jp,1972,,,,,,,,,Tokyo,Japan,1850147,,,,,,
,https://ror.org/013s3xd31,Japan Metal Stamping Association*en,active,nonprofit,,Japan Metal Stamping Association*en; 日本金属プレス工業協会*ja,JMSA*en,https://jmsa1964.com/,,jmsa1964.com,1964,,,,,,,,,Tokyo,Japan,1850147,,,,,,
,https://ror.org/04j7wzn70,Japan Metal Roofing Association*en,active,nonprofit,,Japan Metal Roofing Association*en; 日本金属屋根協会*ja,,http://www.kinzoku-yane.or.jp/,,kinzoku-yane.or.jp,,,,,,,,,,Tokyo,Japan,1850147,,,,,,
,https://ror.org/00qk00z35,Japan Gold Metal Association*en,active,nonprofit,,Japan Gold Metal Association*en; 日本金地金流通協会*ja,,https://www.jgma.or.jp,,jgma.or.jp,1979,,,,,,,,,Tokyo,Japan,1850147,,,,,,
,https://ror.org/045vsaj15,Air-Conditioning & Plumbing Contractors Association of Japan*en,active,nonprofit,,Air-Conditioning & Plumbing Contractors Association of Japan*en; 日本空調衛生工事業協会*ja,,https://nikkuei.or.jp/,https://ja.wikipedia.org/wiki/日本空調衛生工事業協会,nikkuei.or.jp,1948,,,,,0000 0001 0560 5592,0000 0001 0560 5592,Q11508774,Q11508774,Tokyo,Japan,1850147,,,,,,
,https://ror.org/02gtjhc37,The Association of Japan Instrumentation Industry*en,active,nonprofit,,The Association of Japan Instrumentation Industry*en; 日本計装工業会*ja,AJII*en,https://www.keiso.or.jp/,,keiso.or.jp,1980,,,,,,,,,Tokyo,Japan,1850147,,,,,,
,https://ror.org/01gyzvd88,Japan Construction Material & Housing Equipment Industries Federation*en,active,nonprofit,建産協*ja,Japan Construction Material & Housing Equipment Industries Federation*en; 日本建材・住宅設備産業協会*ja,J-CHIF*en,https://www.kensankyo.org,,kensankyo.org,1949,,,,,,,,,Tokyo,Japan,1850147,,,,,,
,https://ror.org/05qeb1y54,Japan Construction Equipment Manufacturers Association*en,active,nonprofit,,Japan Construction Equipment Manufacturers Association*en; 日本建設機械工業会*ja,CEMA*en,https://www.cema.or.jp,https://ja.wikipedia.org/wiki/日本建設機械工業会,cema.or.jp,1990,,,,,,,Q11508091,Q11508091,Tokyo,Japan,1850147,,,,https://ror.org/04x6axz83,,
,https://ror.org/01tp8x236,Japan Association of Representative General Contractors*en,active,nonprofit,日建経*ja,Japan Association of Representative General Contractors*en; 日本建設業経営協会*ja,,https://www.nikkenkei.jp/,,nikkenkei.jp,1976,,,,,,,,,Tokyo,Japan,1850147,,,,,,
,https://ror.org/02padgd65,Japan Construction Anchor Association*en,active,nonprofit,日本建築あと施工アンカー協会*ja,Japan Construction Anchor Association*en; 日本建設あと施工アンカー協会*ja,JCAA*en,https://www.anchor-jcaa.or.jp/,,anchor-jcaa.or.jp,1993,,,,,,,,,Tokyo,Japan,1850147,,,,,,
,https://ror.org/03zay0f43,Japan Association of Architectural Firms*en,active,nonprofit,,Japan Association of Architectural Firms*en; 日本建築士事務所協会連合会*ja,,https://www.njr.or.jp,,njr.or.jp,1962,,,,,,,,,Tokyo,Japan,1850147,,,,,,
,https://ror.org/04jyf6y68,Japan Machine Accessory Association*en,active,nonprofit,,Japan Machine Accessory Association*en; 日本工作機器工業会*ja,JMAA*en,https://jmaa.or.jp,,jmaa.or.jp,1955,,,,,,,,,Tokyo,Japan,1850147,,,,,,
,https://ror.org/05y71m018,Japan Advertising Agencies Association*en,active,nonprofit,,Japan Advertising Agencies Association*en; 日本広告業協会*ja,JAAA*en,https://www.jaaa.ne.jp/,https://ja.wikipedia.org/wiki/日本広告業協会,jaaa.ne.jp,1950,,,,,,,Q11508076,Q11508076,Tokyo,Japan,1850147,,,,,,
,https://ror.org/0287snh47,The Japan Harbor Transportation Association*en,active,nonprofit,,The Japan Harbor Transportation Association*en; 日本港運協会*ja,,https://www.jhta.or.jp/,https://ja.wikipedia.org/wiki/日本港運協会,jhta.or.jp,1948,,,,,0000 0001 0494 3178,0000 0001 0494 3178,Q11508538,Q11508538,Tokyo,Japan,1850147,,,,,,
,https://ror.org/03nm47k23,Japanese Board on Books for Young People*en,active,nonprofit,,Japanese Board on Books for Young People*en; 日本国際児童図書評議会*ja,JBBY*en,https://jbby.org/,,jbby.org,1974,,,,,0000 0001 2161 697X,0000 0001 2161 697X,Q135504693,Q135504693,Tokyo,Japan,1850147,,,,,,
,https://ror.org/00g62z520,International Association for the Protection of Intellectual Property of Japan*en,active,nonprofit,,International Association for the Protection of Intellectual Property of Japan*en; 日本国際知的財産保護協会*ja,AIPPI JAPAN*en,https://www.aippi.or.jp/,https://ja.wikipedia.org/wiki/日本国際知的財産保護協会,aippi.or.jp,1991,,,,,,,Q11507727,Q11507727,Tokyo,Japan,1850147,,,,,,
,https://ror.org/008wxyj42,Japan Inter Culture*en,active,nonprofit,Japan Inter-Culture Foundation*en,Japan Inter Culture*en; 日本国際文化協会*ja,JIC*en,http://www.jiculture.jp/,,jiculture.jp,,,,,,,,,,Tokyo,Japan,1850147,,,,,,
,https://ror.org/04qya6a72,Japan Overseas Enterprises Association*en,active,nonprofit,,Japan Overseas Enterprises Association*en; 日本在外企業協会*ja,JOEA*en,https://www.joea.or.jp/,,joea.or.jp,1974,,,,,,,,,Tokyo,Japan,1850147,,,,,,
,https://ror.org/037f1rg32,Japan Magazine Advertising Association*en,active,nonprofit,,Japan Magazine Advertising Association*en; 日本雑誌広告協会*ja,JMAA*en,https://www.zakko.or.jp,,zakko.or.jp,,,,,,,,,,Tokyo,Japan,1850147,,,,,,
,https://ror.org/012ppxp80,Japan Industrial Vehicles Association*en,active,nonprofit,,Japan Industrial Vehicles Association*en; 日本産業車両協会*ja,JIVA*en,http://www.jiva.or.jp/,,jiva.or.jp,1948,,,,,,,,,Tokyo,Japan,1850147,,,,,,
,https://ror.org/05v2nr737,Japanese Association of Writers for Children*en,active,nonprofit,,Japanese Association of Writers for Children*en; 日本児童文学者協会*ja,JAWC*en,https://jibunkyo.or.jp,https://ja.wikipedia.org/wiki/%E6%97%A5%E6%9C%AC%E5%85%90%E7%AB%A5%E6%96%87%E5%AD%A6%E8%80%85%E5%8D%94%E4%BC%9A,jibunkyo.or.jp,1946,,,,,,,Q11507286,Q11507286,Tokyo,Japan,1850147,,,,,,
,https://ror.org/00dejf629,Japan Juvenile Writers Association*en,active,nonprofit,,Japan Juvenile Writers Association*en; 日本児童文芸家協会*ja,,https://jidoubungei.jp/,https://ja.wikipedia.org/wiki/日本児童文芸家協会,jidoubungei.jp,1955,,,,,,,Q11507289,Q11507289,Tokyo,Japan,1850147,,,,,,
,https://ror.org/04n58j288,Japan Clock & Watch Association*en,active,nonprofit,,Japan Clock & Watch Association*en; 日本時計協会*ja,JCWA*en,https://www.jcwa.or.jp/,https://ja.wikipedia.org/wiki/日本時計協会,jcwa.or.jp,1982,,,,,,,Q17213290,Q17213290,Tokyo,Japan,1850147,,,,,,
,https://ror.org/04z0s4q08,Association of Japan Vehicle Administration*en,active,nonprofit,,Association of Japan Vehicle Administration*en; 日本自動車運行管理協会*ja,AJVA*en,https://www.ajva.or.jp/,,ajva.or.jp,1992,,,,,,,,,Tokyo,Japan,1850147,,,,,,
,https://ror.org/01f4n1g93,Japan Automotive Machinery and Tool Manufacturers Association*en,active,nonprofit,,Japan Automotive Machinery and Tool Manufacturers Association*en; 日本自動車機械器具工業会*ja,JAMTA*en,https://jamta.com,,jamta.com,1979,,,,,,,,,Tokyo,Japan,1850147,,,,,,
,https://ror.org/0086js006,Japan Automotive Service Equipment Association*en,active,nonprofit,,Japan Automotive Service Equipment Association*en; 日本自動車機械工具協会*ja,,https://www.jasea.org/,,jasea.org,1948,,,,,,,,,Tokyo,Japan,1850147,,,,,,
,https://ror.org/01pf3kt70,Japan Automobile Service Promotion Association*en,active,nonprofit,,Japan Automobile Service Promotion Association*en; 日本自動車整備振興会連合会*ja,JASPA*en,https://www.jaspa.or.jp/,,jaspa.or.jp,,,,,,,,,,Tokyo,Japan,1850147,,,,,,
,https://ror.org/04zjwde45,Japan Automobile Dealers Association*en,active,nonprofit,,Japan Automobile Dealers Association*en; 日本自動車販売協会連合会*ja,JADA*en,https://www.jada.or.jp,https://ja.wikipedia.org/wiki/日本自動車販売協会連合会,jada.or.jp,1959,,,,,,,Q11508960,Q11508960,Tokyo,Japan,1850147,,,,,,
,https://ror.org/0555dtb38,Japan Women's Aviation Association*en,active,nonprofit,,Japan Women's Aviation Association*en; 日本女性航空協会*ja,JWAA*en,https://www.jwaa.or.jp,,jwaa.or.jp,1952,,,,,,,,,Tokyo,Japan,1850147,,,,,,
,https://ror.org/036qh1631,Japan Commercial Environmental Design Association*en,active,nonprofit,,Japan Commercial Environmental Design Association*en; 日本商環境デザイン協会*ja,JCD*en,https://www.jcd.or.jp/,,jcd.or.jp,1963,,,,,,,,,Tokyo,Japan,1850147,,,,,,
,https://ror.org/00qfja110,Nihon Shoko Club*en,active,nonprofit,,Nihon Shoko Club*en; 日本商工倶楽部*ja,,https://www.shokoclub.or.jp/,,shokoclub.or.jp,1933,,,,,,,,,Tokyo,Japan,1850147,,,,,,
,https://ror.org/04r4hch23,Japan Gastroenterological Endoscopy Technicians Society*en,active,nonprofit,,Japan Gastroenterological Endoscopy Technicians Society*en; 日本消化器内視鏡技師会*ja,,https://www.jgets.jp/,,jgets.jp,,,,,,,,,,Tokyo,Japan,1850147,,,,,,
,https://ror.org/04yvnjc45,Japan Fire-fighting Equipments Manufactures' Association*en,active,nonprofit,,Japan Fire-fighting Equipments Manufactures' Association*en; 日本消防放水器具工業会*ja,,http://www.jfe.or.jp,,jfe.or.jp,,,,,,,,,,Tokyo,Japan,1850147,,,,,,
,https://ror.org/02vd8zx41,Japan Nurserymen's Association*en,active,nonprofit,,Japan Nurserymen's Association*en; 日本植木協会*ja,,https://www.ueki.or.jp/,,ueki.or.jp,1973,,,,,,,,,Tokyo,Japan,1850147,,,,,,
,https://ror.org/03nwrav07,Japan Chicken Association*en,active,nonprofit,,Japan Chicken Association*en; 日本食鳥協会*ja,JCA*en,https://www.j-chicken.jp/,,j-chicken.jp,1960,,,,,,,,,Tokyo,Japan,1850147,,,,,,
,https://ror.org/037b21r92,Japan Foods & Biotechnology Intellectual Property Rights Center*en,active,nonprofit,,Japan Foods & Biotechnology Intellectual Property Rights Center*en; 日本食品・バイオ知的財産権センター*ja,JAFBIC*en,https://www.jafbic.or.jp/,,jafbic.or.jp,1980,,,,,,,,,Tokyo,Japan,1850147,,,,,,
,https://ror.org/00ynm1b39,Japan Pearl Promotion Society*en,active,nonprofit,,Japan Pearl Promotion Society*en; 日本真珠振興会*ja,,https://jp-pearl.com/,,jp-pearl.com,1956,,,,,,,,,Tokyo,Japan,1850147,,,,,,
,https://ror.org/02vqbrd39,"Japan Executive Search, and Recruitment Association*en",active,nonprofit,,"Japan Executive Search, and Recruitment Association*en; 日本人材紹介事業協会*ja",JESRA*en,https://www.jesra.or.jp/,,jesra.or.jp,2000,,,,,,,,,Tokyo,Japan,1850147,,,,,,
,https://ror.org/02d30ej95,Japan Staffing Services Association*en,active,nonprofit,,Japan Staffing Services Association*en; 日本人材派遣協会*ja,JASSA*en,https://www.jassa.or.jp/,,jassa.or.jp,1986,,,,,,,,,Tokyo,Japan,1850147,,,,,,
,https://ror.org/02h52zm12,Japan Food Service Equipment Association*en,active,nonprofit,,Japan Food Service Equipment Association*en; 日本厨房工業会*ja,JFEA*en,https://www.jfea.or.jp,,jfea.or.jp,1962,,,,,,,,,Tokyo,Japan,1850147,,,,,,
,https://ror.org/027h2h304,Mystery Writers of Japan*en,active,nonprofit,,Mystery Writers of Japan*en; 日本推理作家協会*ja,,http://mystery.or.jp/,https://ja.wikipedia.org/wiki/日本推理作家協会,mystery.or.jp,1963,,,,,0000 0004 6407 480X,0000 0004 6407 480X,Q6948881,Q6948881,Tokyo,Japan,1850147,,,,,,
,https://ror.org/01rzf3p17,Federation of Japan Water Industries*en,active,nonprofit,SUIDANREN*en,Federation of Japan Water Industries*en; 日本水道工業団体連合会*ja,,https://www.suidanren.or.jp/,,suidanren.or.jp,1968,,,,,,,Q131912189,Q131912189,Tokyo,Japan,1850147,,,,,,
,https://ror.org/00g6c7w53,All Japan Florists Association*en,active,nonprofit,,All Japan Florists Association*en; 日本生花商協会*ja,,,https://ja.wikipedia.org/wiki/日本生花商協会,,1964,,,,,,,Q110405279,Q110405279,Yokohama,Japan,1848354,,,,,,
,https://ror.org/03t0d4m08,Japan Business Process Outsourcing and Staffing Association*en,active,nonprofit,Japan Production Skill Labor Association*en; 日本生産技能労務協会*ja,Japan Business Process Outsourcing and Staffing Association*en; 日本BPO協会*ja,,https://bpo.or.jp/,https://ja.wikipedia.org/wiki/日本BPO協会,bpo.or.jp,2000,,,,,,,Q22130847,Q22130847,Tokyo,Japan,1850147,,,,,,
,https://ror.org/03cpr3q44,Japan Youth Development Association*en,active,nonprofit,,Japan Youth Development Association*en; 日本青少年育成協会*ja,JYDA*en,https://www.jyda.jp,,jyda.jp,1994,,,,,,,,,Tokyo,Japan,1850147,,,,,,
,https://ror.org/00daz0e93,Japan Specialty Store Association*en,active,nonprofit,,Japan Specialty Store Association*en; 日本専門店協会*ja,JSA*en,https://www.jsa-net.or.jp/,,jsa-net.or.jp,1989,,,,,,,,,Tokyo,Japan,1850147,,,,,,
,https://ror.org/049jyzv96,Japan Captains' Association*en,active,nonprofit,,Japan Captains' Association*en; 日本船長協会*ja,,https://www.captain.or.jp/,,captain.or.jp,1950,,,,,,,,,Tokyo,Japan,1850147,,,,,,
,https://ror.org/01ngaxs88,The Ship's Electric Installation Contractors' Association of Japan*en,active,nonprofit,,The Ship's Electric Installation Contractors' Association of Japan*en; 日本船舶電装協会*ja,,https://www.ship-densou.or.jp/,,ship-densou.or.jp,1968,,,,,,,,,Tokyo,Japan,1850147,,,,,,
,https://ror.org/05222db50,Japan Warehousing Association*en,active,nonprofit,,Japan Warehousing Association*en; 日本倉庫協会*ja,,https://www.nissokyo.or.jp/,,nissokyo.or.jp,1948,,,,,,,,,Tokyo,Japan,1850147,,,,,,
,https://ror.org/054wzqs83,Japan Landscape Contractors Association*en,active,nonprofit,,Japan Landscape Contractors Association*en; 日本造園建設業協会*ja,JLCA*en,https://www.jalc.or.jp,,jalc.or.jp,1971,,,,,,,,,Tokyo,Japan,1850147,,,,,,
,https://ror.org/01gws1b59,Japan Local Newspaper Association*en,active,nonprofit,,Japan Local Newspaper Association*en; 日本地方新聞協会*ja,JLNA*en,http://www.jlna.or.jp/,https://ja.wikipedia.org/wiki/日本地方新聞協会,jlna.or.jp,1950,,,,,,,Q11507749,Q11507749,Tokyo,Japan,1850147,,,,,,
,https://ror.org/05ms17s15,Japan Used Car Dealers Association*en,active,nonprofit,,Japan Used Car Dealers Association*en; 日本中古自動車販売協会連合会*ja,,https://www.jucda.or.jp/,,jucda.or.jp,1975,,,,,,,,,Tokyo,Japan,1850147,,,,,,
,https://ror.org/05mdr8858,Japan Federation of Medium & Small Enterprise Organizations*en,active,nonprofit,,Japan Federation of Medium & Small Enterprise Organizations*en; 日本中小企業団体連盟*ja,JFMS*en,http://jfms.jp/,,jfms.jp,1948,,,,,,,,,Tokyo,Japan,1850147,,,,,,
,https://ror.org/03am19184,Japan Customs Brokers Association*en,active,nonprofit,,Japan Customs Brokers Association*en; 日本通関業連合会*ja,JCBA*en,https://www.tsukangyo.or.jp/,,tsukangyo.or.jp,1994,,,,,,,,,Tokyo,Japan,1850147,,,,,,
,https://ror.org/04b9wmn02,Japan Fishing Tackle Manufacturers Association*en,active,nonprofit,,Japan Fishing Tackle Manufacturers Association*en; 日本釣用品工業会*ja,JAFTMA*en,https://www.jaftma.or.jp/,,jaftma.or.jp,1992,,,,,,,,,Tokyo,Japan,1850147,,,,,,
,https://ror.org/04ajpkt07,Japan Ferrous Raw Materials Association*en,active,nonprofit,,Japan Ferrous Raw Materials Association*en; 日本鉄源協会*ja,,http://www.tetsugen.or.jp/,,tetsugen.or.jp,1975,,,,,,,,,Tokyo,Japan,1850147,,,,,,
,https://ror.org/00z766698,Japan Rolling Stock Servicing Association*en,active,nonprofit,,Japan Rolling Stock Servicing Association*en; 日本鉄道運輸サービス協会*ja,,https://www.jrts.or.jp/,https://ja.wikipedia.org/wiki/日本鉄道運輸サービス協会,jrts.or.jp,1970,,,,,,,Q11509308,Q11509308,Tokyo,Japan,1850147,,,,,,
,https://ror.org/04hm3s047,Japan Association of Rolling Stock Industries*en,active,nonprofit,,Japan Association of Rolling Stock Industries*en; 日本鉄道車輌工業会*ja,JARi*en,https://www.tetsushako.or.jp/,https://ja.wikipedia.org/wiki/日本鉄道車輌工業会,tetsushako.or.jp,1973,,,,,,,Q11509307,Q11509307,Tokyo,Japan,1850147,,,,,,
,https://ror.org/03tbr6g95,Tour Conducting Service Association in Japan*en,active,nonprofit,,Tour Conducting Service Association in Japan*en; 日本添乗サービス協会*ja,TCSA*en,https://www.tcsa.or.jp/,,tcsa.or.jp,1986,,,,,,,,,Tokyo,Japan,1850147,,,,,,
,https://ror.org/04347qh92,Nippon Racing Pigeon Union*en,active,nonprofit,,Nippon Racing Pigeon Union*en; 日本伝書鳩協会*ja,,http://www.nihon-denshobatokyokai.org/,,nihon-denshobatokyokai.org,1954,,,,,,,,,Tokyo,Japan,1850147,,,,,,
,https://ror.org/0169ke328,Japan Power Cable Accessories Association*en,active,nonprofit,,Japan Power Cable Accessories Association*en; 日本電力ケーブル接続技術協会*ja,JCAA*en,https://www.jpcaa.or.jp/,,jpcaa.or.jp,1975,,,,,,,,,Tokyo,Japan,1850147,,,,,,
,https://ror.org/01rkqzq38,Japan Road Contractors Association*en,active,nonprofit,,Japan Road Contractors Association*en; 日本道路建設業協会*ja,JRCA*en,https://www.dohkenkyo.or.jp/,https://ja.wikipedia.org/wiki/日本道路建設業協会,dohkenkyo.or.jp,1945,,,,,0000 0001 0690 659X,0000 0001 0690 659X,Q11509245,Q11509245,Tokyo,Japan,1850147,,,,,,
,https://ror.org/02ycpqm12,Japan Heat Supply Business Association*en,active,nonprofit,,Japan Heat Supply Business Association*en; 日本熱供給事業協会*ja,,https://www.jdhc.or.jp/,,jdhc.or.jp,,,,,,,,,,Tokyo,Japan,1850147,,,,,,
,https://ror.org/02pm4q557,Japan Agricultural Machinery Manufacturers Association*en,active,nonprofit,,Japan Agricultural Machinery Manufacturers Association*en; 日本農業機械工業会*ja,JAMMA*en,http://www.jfmma.or.jp/,,jfmma.or.jp,1939,,,,,,,Q11509215,Q11509215,Tokyo,Japan,1850147,,,,,,
,https://ror.org/005v1gf14,Japanese Agricultural Standards Association*en,active,nonprofit,,Japanese Agricultural Standards Association*en; 日本農林規格協会*ja; JAS協会*ja,,https://www.jasnet.or.jp/,,jasnet.or.jp,1962,,,,,,,,,Tokyo,Japan,1850147,,,,,,
,https://ror.org/02sc23h33,Japan Electrical Wiring System Industries Association*en,active,nonprofit,,Japan Electrical Wiring System Industries Association*en; 日本配線システム工業会*ja,JEWA*en,https://www.jewa.or.jp/,,jewa.or.jp,1954,,,,,,,,,Tokyo,Japan,1850147,,,,,,
,https://ror.org/05grct382,Japan Switchboard & control system Industries Association*en,active,nonprofit,,Japan Switchboard & control system Industries Association*en; 日本配電制御システム工業会*ja,JSIA*en,https://jsia.or.jp,,jsia.or.jp,,,,,,,,,,Tokyo,Japan,1850147,,,,,,
,https://ror.org/002mf8w91,Marine Engine Service Association of Japan*en,active,nonprofit,,Marine Engine Service Association of Japan*en; 日本舶用機関整備協会*ja,,,,,,,,,,,,,,Tokyo,Japan,1850147,,,,,,
,https://ror.org/025m5d982,Japan Ship Machinery and Equipment Association*en,active,nonprofit,,Japan Ship Machinery and Equipment Association*en; 日本舶用工業会*ja,JSMEA*en,https://www.jsmea.or.jp/,,jsmea.or.jp,1966,,,,,,,,,Tokyo,Japan,1850147,,,,,,
,https://ror.org/04ptvvr09,Japan Print Association*en,active,nonprofit,,Japan Print Association*en; 日本版画協会*ja,,http://www.hangakyoukai.com/,,hangakyoukai.com,1931,,,,,,,Q104755369,Q104755369,Tokyo,Japan,1850147,,,,,,
,https://ror.org/05y81t951,Japan Leather and Leather Goods Industries Association*en,active,nonprofit,,Japan Leather and Leather Goods Industries Association*en; 日本皮革産業連合会*ja,JLIA*en,https://www.jlia.or.jp/,,jlia.or.jp,1986,,,,,,,,,Tokyo,Japan,1850147,,,,,,
,https://ror.org/00pq7br40,Japan Secretaries & Administrative Professionals Association*en,active,nonprofit,,Japan Secretaries & Administrative Professionals Association*en; 日本秘書協会*ja,JSA*en,https://www.hishokyokai.or.jp/,,hishokyokai.or.jp,1968,,,,,,,,,Tokyo,Japan,1850147,,,,,,
,https://ror.org/0126q8h18,The Japanese Association for Non-Destructive Testing Industry*en,active,nonprofit,,The Japanese Association for Non-Destructive Testing Industry*en; 日本非破壊検査工業会*ja,,https://www.jandt.or.jp/,,jandt.or.jp,1972,,,,,,,,,Tokyo,Japan,1850147,,,,,,
,https://ror.org/0459ytz53,Japan Artists Association*en,active,nonprofit,,Japan Artists Association*en; 日本美術家連盟*ja,JAA*en,http://www.jaa-iaa.or.jp/,https://ja.wikipedia.org/wiki/日本美術家連盟,jaa-iaa.or.jp,1949,,,,,,,Q11508883,Q11508883,Tokyo,Japan,1850147,,,,,,
,https://ror.org/03de7b776,Japan Surface Finishing Suppliers Association*en,active,nonprofit,,Japan Surface Finishing Suppliers Association*en; 日本表面処理機材工業会*ja,,https://www.kizaikou.or.jp/,,kizaikou.or.jp,1977,,,,,,,,,Tokyo,Japan,1850147,,,,,,
,https://ror.org/00qs9t184,Association of Care Goods Providers*en,active,nonprofit,,Association of Care Goods Providers*en; 日本福祉用具供給協会*ja,,https://www.fukushiyogu.or.jp/,,fukushiyogu.or.jp,1996,,,,,,,,,Tokyo,Japan,1850147,,,,,,
,https://ror.org/02wsrh868,Japan Association for Logistics and Transport*en,active,nonprofit,,Japan Association for Logistics and Transport*en; 日本物流団体連合会*ja,JALoT*en,https://www.butsuryu.or.jp/,https://ja.wikipedia.org/wiki/日本物流団体連合会,butsuryu.or.jp,1991,,,,,,,Q11508565,Q11508565,Tokyo,Japan,1850147,,,,,,
,https://ror.org/03rv1rk74,Japan Lunch Food Service Association*en,active,nonprofit,,Japan Lunch Food Service Association*en; 日本弁当サービス協会*ja,,,,,,,,,,,,,,Tokyo,Japan,1850147,,,,,,
,https://ror.org/02bz4t382,Japan Compensation Consultant Association*en,active,nonprofit,,Japan Compensation Consultant Association*en; 日本補償コンサルタント協会*ja,,https://www.jcca-net.or.jp,,jcca-net.or.jp,1977,,,,,,,,,Tokyo,Japan,1850147,,,,,,
,https://ror.org/00h5jrq11,Japan Packaging Machinery Manufacturers Association*en,active,nonprofit,,Japan Packaging Machinery Manufacturers Association*en; 日本包装機械工業会*ja,JPMA*en,https://www.jpmma.or.jp,,jpmma.or.jp,1967,,,,,,,,,Tokyo,Japan,1850147,,,,,,
,https://ror.org/05h39wb73,Japan Sewing Machinery Manufacturers Association*en,active,nonprofit,,Japan Sewing Machinery Manufacturers Association*en; 日本縫製機械工業会*ja,JASMA*en,https://www.jasma.or.jp,,jasma.or.jp,1969,,,,,,,,,Tokyo,Japan,1850147,,,,,,
,https://ror.org/0246qj631,Japan Aromatic Industry Association*en,active,nonprofit,,Japan Aromatic Industry Association*en; 日本芳香族工業会*ja,JAIA*en,https://www.jaia-aroma.com/,https://ja.wikipedia.org/wiki/日本芳香族工業会,jaia-aroma.com,1948,,,,,,,Q11509013,Q11509013,Tokyo,Japan,1850147,,,,,,
,https://ror.org/03tq1j940,Japan Telescope Manufacturers Association*en,active,nonprofit,,Japan Telescope Manufacturers Association*en; 日本望遠鏡工業会*ja,JTMA*en,https://www.jtmas.jp/,,jtmas.jp,2000,,,,,,,,,Tokyo,Japan,1850147,,,,,,
,https://ror.org/047rpj462,Japan Foreign Trade Council*en,active,nonprofit,,Japan Foreign Trade Council*en; 日本貿易会*ja,JFTC*en,https://www.jftc.or.jp/,https://ja.wikipedia.org/wiki/日本貿易会,jftc.or.jp,1947,,,,,0000 0001 2113 0785,0000 0001 2113 0785,Q11509174,Q11509174,Tokyo,Japan,1850147,,,,,,
,https://ror.org/01svhda87,Japan Association of Defense Industry*en,active,nonprofit,,Japan Association of Defense Industry*en; 日本防衛装備工業会*ja,JADI*en,http://www.jadi.or.jp/,https://ja.wikipedia.org/wiki/%E6%97%A5%E6%9C%AC%E9%98%B2%E8%A1%9B%E8%A3%85%E5%82%99%E5%B7%A5%E6%A5%AD%E4%BC%9A,jadi.or.jp,1988,,,,,0000 0001 0698 1637,0000 0001 0698 1637,Q11509337,Q11509337,Tokyo,Japan,1850147,,,,,,
,https://ror.org/04vmh8r32,Japan Button Association*en,active,nonprofit,,Japan Button Association*en; 日本釦協会*ja,,http://www.jah.ne.jp/~jbutton/,,,1956,,,,,,,,,Osaka,Japan,1853909,,,,,,
,https://ror.org/03n3ajt63,Japan Translation Federation*en,active,nonprofit,,Japan Translation Federation*en; 日本翻訳連盟*ja,JTF*en,https://www.jtf.jp,,jtf.jp,1990,,,,,,,,,Tokyo,Japan,1850147,,,,,,
,https://ror.org/04nwgyd13,Membrane Structures Association of Japan*en,active,nonprofit,,Membrane Structures Association of Japan*en; 日本膜構造協会*ja,MSAJ*en,https://www.makukouzou.or.jp/,,makukouzou.or.jp,1966,,,,,,,,,Tokyo,Japan,1850147,,,,,,
,https://ror.org/04tb9pv89,Japan Private Railway Association*en,active,nonprofit,,Japan Private Railway Association*en; 日本民営鉄道協会*ja,,https://www.mintetsu.or.jp/,https://ja.wikipedia.org/wiki/日本民営鉄道協会,mintetsu.or.jp,1967,,,,,,,Q11508425,Q11508425,Tokyo,Japan,1850147,,,,,,
,https://ror.org/04m94t596,The Japan Cotton Traders' Association*en,active,nonprofit,,The Japan Cotton Traders' Association*en; 日本綿花協会*ja,,,,,,,,,,,,,,Osaka,Japan,1853909,,,,,,
,https://ror.org/003h75w40,Japan Fur Association*en,active,nonprofit,,Japan Fur Association*en; 日本毛皮協会*ja,JFA*en,https://www.fur.or.jp/,,fur.or.jp,1950,,,,,,,,,Tokyo,Japan,1850147,,,,,,
,https://ror.org/04crty124,Nippon Professional Baseball Organization*en,active,nonprofit,,Nippon Professional Baseball Organization*en; 日本野球機構*ja,NPB*en,https://npb.jp,https://ja.wikipedia.org/wiki/日本野球機構,npb.jp,1949,,,,,,,Q1146127,Q1146127,Tokyo,Japan,1850147,,,,,,
,https://ror.org/049stya08,Nippon Pharmacy Co-operation*en,active,nonprofit,,Nippon Pharmacy Co-operation*en; 日本薬局協励会*ja,,https://www.kyorei.or.jp,,kyorei.or.jp,1970,,,,,,,,,Tokyo,Japan,1850147,,,,,,
,https://ror.org/012dhw469,The Federation of Japan Confectionery Associations*en,active,nonprofit,,The Federation of Japan Confectionery Associations*en; 日本洋菓子協会連合会*ja,,https://gateaux.or.jp/,https://ja.wikipedia.org/wiki/日本洋菓子協会連合会,gateaux.or.jp,1952,,,,,,,Q11508458,Q11508458,Tokyo,Japan,1850147,,,,,,
,https://ror.org/01y0sc958,Japan Beekeeping Association*en,active,nonprofit,,Japan Beekeeping Association*en; 日本養蜂協会*ja,,https://beekeeping.or.jp/,,beekeeping.or.jp,1948,,,,,,,,,Tokyo,Japan,1850147,,,,,,
,https://ror.org/01gv64w28,Japan Land Engine Manufacturers Association*en,active,nonprofit,,Japan Land Engine Manufacturers Association*en; 日本陸用内燃機関協会*ja,LEMA*en,https://www.lema.or.jp/,,lema.or.jp,1948,,,,,,,,,Tokyo,Japan,1850147,,,,,,
,https://ror.org/00jpsx142,Japan Ryokan & Hotel Association*en,active,nonprofit,,Japan Ryokan & Hotel Association*en; 日本旅館協会*ja,,https://www.ryokan.or.jp/,,ryokan.or.jp,2012,,,,,,,,,Tokyo,Japan,1850147,,,,,,
,https://ror.org/04wsh4061,Japan Passengerboat Association*en,active,nonprofit,,Japan Passengerboat Association*en; 日本旅客船協会*ja,,https://www.jships.or.jp/,,jships.or.jp,1951,,,,,,,,,Tokyo,Japan,1850147,,,,,,
,https://ror.org/05ch62151,Japan Match Industrial Association*en,active,nonprofit,Japan Match Manufacturers' Association*en,Japan Match Industrial Association*en; 日本燐寸工業会*ja,,https://match.or.jp/,,match.or.jp,1949,,,,,,,,,Kobe,Japan,1859171,,,,,,
,https://ror.org/03ghbbk82,Japan Association of Refrigerated Warehouses*en,active,nonprofit,,Japan Association of Refrigerated Warehouses*en; 日本冷蔵倉庫協会*ja,,https://www.jarw.or.jp,,jarw.or.jp,1973,,,,,,,,,Tokyo,Japan,1850147,,,,,,
,https://ror.org/04c6bn409,Japan Enamel Association*en,active,nonprofit,,Japan Enamel Association*en; 日本琺瑯工業会*ja,,https://www.horo.or.jp,,horo.or.jp,1976,,,,,,,,,Tokyo,Japan,1850147,,,,,,
,https://ror.org/00j0sa196,Japan Agricultural Engineering Mechanization Association*en,active,nonprofit,,Japan Agricultural Engineering Mechanization Association*en; 農業土木機械化協会*ja,JACEM*en,https://www.jacem.or.jp,,jacem.or.jp,1967,,,,,,,,,Tokyo,Japan,1850147,,,,,,
,https://ror.org/05wc3wh54,Japan Association of Agricultural Engineering Enterprises*en,active,nonprofit,,Japan Association of Agricultural Engineering Enterprises*en; 農業土木事業協会*ja,JAGREE*en,https://www.jagree.or.jp/,https://ja.wikipedia.org/wiki/農業土木事業協会,jagree.or.jp,1970,,,,,,,Q22124476,Q22124476,Tokyo,Japan,1850147,,,,,,
,https://ror.org/01zvwx765,The Surface Finishing Society of Japan*en,active,nonprofit,,The Surface Finishing Society of Japan*en; 表面技術協会*ja,,https://www.sfj.or.jp/,https://ja.wikipedia.org/wiki/表面技術協会,sfj.or.jp,1950,,,,,0000 0001 2176 6484,0000 0001 2176 6484,Q109601755,Q109601755,Tokyo,Japan,1850147,,,,,,
,https://ror.org/02d6y1v13,The Association of Real Estate Agents of Japan*en,active,nonprofit,,The Association of Real Estate Agents of Japan*en; 不動産流通経営協会*ja; Fudosan Ryutsu Keiei Kyokai*en,FRK*en,https://www.frk.or.jp/,,frk.or.jp,1970,,,,,,,,,Tokyo,Japan,1850147,,,,,,
,https://ror.org/03jhkv666,Japan Women Inventors Association*en,active,nonprofit,,Japan Women Inventors Association*en; 婦人発明家協会*ja,,https://jwia.or.jp/,,jwia.or.jp,1970,,,,,,,,,Tokyo,Japan,1850147,,,,,,
,https://ror.org/039694861,Fuchushi Medical Association*en,active,nonprofit,,Fuchushi Medical Association*en; 府中市医師会*ja,,https://fuchu-med.or.jp/,,fuchu-med.or.jp,,,,,,,,,,Fuchū,Japan,11611632,,,,,,
,https://ror.org/05a672m50,Federation of Chambers of Commerce & Industry in Fukui Prefecture*en,active,nonprofit,,Federation of Chambers of Commerce & Industry in Fukui Prefecture*en; 福井県商工会議所連合会*ja,,https://www.fcci.or.jp/as/index.htm,,,,,,,,,,,,Fukui,Japan,1863985,,,,,,
,https://ror.org/03v33tq39,Research Institute of Educational Facilities*en,active,nonprofit,,Research Institute of Educational Facilities*en; 文教施設協会*ja,RIEF*en,http://www.rief.or.jp/,https://ja.wikipedia.org/wiki/文教施設協会,rief.or.jp,1971,,,,,,,Q11499980,Q11499980,Tokyo,Japan,1850147,,,,,,
,https://ror.org/02b2qd866,Hyogo Association of Architectural Firms*en,active,nonprofit,,Hyogo Association of Architectural Firms*en; 兵庫県建築士事務所協会*ja,,https://www.hyogo-aaf.org/,,hyogo-aaf.org,,,,,,,,,,Kobe,Japan,1859171,,,,,,
,https://ror.org/04jf9mh89,Hyogo Water Preservation Center*en,active,nonprofit,,Hyogo Water Preservation Center*en; 兵庫県水質保全センター*ja,,https://www.hyogo-suishitsu.jp/,,hyogo-suishitsu.jp,1974,,,,,,,,,Kobe,Japan,1859171,,,,,,
,https://ror.org/04pvfk325,Hirado Tourism Association*en,active,nonprofit,,Hirado Tourism Association*en; 平戸観光協会*ja,,https://www.hirado-net.com/,,hirado-net.com,1996,,,,,,,,,Hirado,Japan,1862555,,,,,,
,https://ror.org/05w454780,Digital Television and Radio Retransmission Promotion Association*en,active,nonprofit,,Digital Television and Radio Retransmission Promotion Association*en; 放送波遮蔽対策推進協会*ja,DRP*en,,https://ja.wikipedia.org/wiki/放送波遮蔽対策推進協会,,2001,,,,,,,Q24869575,Q24869575,Tokyo,Japan,1850147,,,,,,
,https://ror.org/00b9a9v52,Federation of Hokkaido Outdoor Advertising Associations*en,active,nonprofit,,Federation of Hokkaido Outdoor Advertising Associations*en; 北海道屋外広告業団体連合会*ja,,http://www.hokkoren.com/,,hokkoren.com,1974,,,,,,,,,Sapporo,Japan,2128295,,,,,,
,https://ror.org/053wvge96,Hokkaido Machinery Manufacturers Association*en,active,nonprofit,,Hokkaido Machinery Manufacturers Association*en; 北海道機械工業会*ja,,https://h-kogyokai.or.jp/,,h-kogyokai.or.jp,1975,,,,,,,,,Sapporo,Japan,2128295,,,,,,
,https://ror.org/02vgyjb75,Hokkaido Security Service Association*en,active,nonprofit,,Hokkaido Security Service Association*en; 北海道警備業協会*ja,,https://www.hssa.or.jp/,,hssa.or.jp,,,,,,,,,,Sapporo,Japan,2128295,,,,,,
,https://ror.org/05cqg1x28,Hokkaido Wholesale Market Association*en,active,nonprofit,北海道市場協会*ja,Hokkaido Wholesale Market Association*en; 北海道卸売市場協会*ja,,https://www.ichiba-k.or.jp/,,ichiba-k.or.jp,1914,,,,,,,,,Sapporo,Japan,2128295,,,,,,
,https://ror.org/05gzvqy80,Hokkaido Consumers Association*en,active,nonprofit,,Hokkaido Consumers Association*en; 北海道消費者協会*ja,,https://www.syouhisya.or.jp/,,syouhisya.or.jp,1961,,,,,,,,,Sapporo,Japan,2128295,,,,,,
,https://ror.org/00p4ehx05,Hokkaido Landscap Contractors Association*en,active,nonprofit,,Hokkaido Landscap Contractors Association*en; 北海道造園緑化建設業協会*ja,,http://www.hokuzoukyou.or.jp/,,hokuzoukyou.or.jp,2004,,,,,,,,,Sapporo,Japan,2128295,,,,,,
,https://ror.org/04jmw1x39,Agricultural Engineering Consultants Association*en,active,nonprofit,,Agricultural Engineering Consultants Association*en; 北海道土地改良設計技術協会*ja,AECA*en,https://www.aeca.or.jp,,aeca.or.jp,1973,,,,,,,,,Sapporo,Japan,2128295,,,,,,
,https://ror.org/05394dw35,Association of Hokkaido Pavement Constructors*en,active,nonprofit,,Association of Hokkaido Pavement Constructors*en; 北海道舗装事業協会*ja,,https://hoso-jigyo.or.jp/,,hoso-jigyo.or.jp,1970,,,,,,,,,Sapporo,Japan,2128295,,,,,,
,https://ror.org/054bhez48,Hokkaido Radiologic Technologist Organization*en,active,nonprofit,,Hokkaido Radiologic Technologist Organization*en; 北海道放射線技師会*ja,,https://hok-art.or.jp,,hok-art.or.jp,1948,,,,,,,,,Sapporo,Japan,2128295,,,,,,
,https://ror.org/04ff6jr24,Hokkaido International Trade & Industry Promotion Association*en,active,nonprofit,,Hokkaido International Trade & Industry Promotion Association*en; 北海道貿易物産振興会*ja,,https://dousanhin.jp/,https://ja.wikipedia.org/wiki/北海道貿易物産振興会,dousanhin.jp,1964,,,,,,,Q11403071,Q11403071,Sapporo,Japan,2128295,,,,,,
,https://ror.org/055ba0a49,Kitakyushu Chukeikyo*en,active,nonprofit,,Kitakyushu Chukeikyo*en; 北九州中小企業経営者協会*ja; 北九州中経協*ja,,https://www.chukeikyo.net,,chukeikyo.net,1987,,,,,,,,,Kitakyushu,Japan,1859307,,,,https://ror.org/04td97651,,
,https://ror.org/04k012h54,Nagoya Material Handling Mechanization Association*en,active,nonprofit,,Nagoya Material Handling Mechanization Association*en; 名古屋運搬機械化協会*ja,,,,,,,,,,,,,,Nagoya,Japan,1856057,,,,,,
,https://ror.org/02vx5js32,Junior Chamber International Abashiri*en,active,nonprofit,,Junior Chamber International Abashiri*en; 網走青年会議所*ja,,https://abashiri-jc.com,,abashiri-jc.com,,,,,,,,,,Abashiri,Japan,2130741,,,,,,
,https://ror.org/02hkjv075,Leading-edge Semiconductor Technology Center*en,active,nonprofit,,Leading-edge Semiconductor Technology Center*en; 最先端半導体技術センター*ja,LSTC*en,https://www.lstc.jp/,https://ja.wikipedia.org/wiki/%E6%9C%80%E5%85%88%E7%AB%AF%E5%8D%8A%E5%B0%8E%E4%BD%93%E6%8A%80%E8%A1%93%E3%82%BB%E3%83%B3%E3%82%BF%E3%83%BC,lstc.jp,2022,,,,,,,Q121422780,Q121422780,Tokyo,Japan,1850147,,,,,,
,https://ror.org/01cgj5e30,Robot Industrial Basic Technology Collaborative Innovation Partnership*en,active,nonprofit,,Robot Industrial Basic Technology Collaborative Innovation Partnership*en; 産業用ロボット次世代基礎技術研究機構*ja,ROBOCIP*en,https://www.robocip.or.jp/,,robocip.or.jp,2020,,,,,,,,,Tokyo,Japan,1850147,,,,,,
,https://ror.org/058sd0m41,Hydrogen Small mobility & Engine technology Association*en,active,nonprofit,,Hydrogen Small mobility & Engine technology Association*en; 水素小型モビリティ・エンジン研究組合*ja,HySE*en,https://www.hyse-global.com/,,hyse-global.com,2023,,,,,,,,,Tokyo,Japan,1850147,,,,,,
,https://ror.org/030mrga10,Agricultural and Livestock Industry Employment Promotion Technology Research Association*en,active,nonprofit,,Agricultural and Livestock Industry Employment Promotion Technology Research Association*en; 農畜産工業雇用推進機構*ja; 技術研究組合農畜産工業雇用推進機構*ja,,,,,2010,,,,,,,,,Tokyo,Japan,1850147,,,,,,
,https://ror.org/00716c036,Japan Institute for Women's Empowerment & Diversity Management*en,active,nonprofit,,Japan Institute for Women's Empowerment & Diversity Management*en; 21世紀職業財団*ja,,https://www.jiwe.or.jp/,,jiwe.or.jp,1986,,,,,,,,,Tokyo,Japan,1850147,,,,,,
,https://ror.org/04278yc35,"NHK Symphony Orchestra, Tokyo*en",active,nonprofit,,"NHK Symphony Orchestra, Tokyo*en; NHK交響楽団*ja",NHKSO*en,https://www.nhkso.or.jp/,https://ja.wikipedia.org/wiki/NHK交響楽団,nhkso.or.jp,1926,,,,,0000 0001 0662 4031,0000 0001 0662 4031,Q1329364,Q1329364,Tokyo,Japan,1850147,,,,,,
,https://ror.org/01vbqxp38,"Peace, Health and Human Development*en",active,nonprofit,,"Peace, Health and Human Development*en; PHD協会*ja",PHD*en,https://www.phd-kobe.org/,,phd-kobe.org,1981,,,,,,,,,Kobe,Japan,1859171,,,,,,
,https://ror.org/05ectmx28,Save Earth Foundation*en,active,nonprofit,,Save Earth Foundation*en,SEF*en,https://www.save-earth.or.jp/,,save-earth.or.jp,1965,,,,,,,,,Tokyo,Japan,1850147,,,,,,
,https://ror.org/01www7851,Sompo Environment Foundation*en,active,nonprofit,,Sompo Environment Foundation*en; SOMPO環境財団*ja,,https://www.sompo-ef.org/,,sompo-ef.org,,,,,,,,,,Tokyo,Japan,1850147,,,,,,
,https://ror.org/01t9zef16,Aichi Small Business Support Center*en,active,nonprofit,,Aichi Small Business Support Center*en; あいち産業振興機構*ja,,https://www.aibsc.jp/,,aibsc.jp,1971,,,,,,,,,Nagoya,Japan,1856057,,,,https://ror.org/05gtpxs59,,
,https://ror.org/02kz8ec27,The Foundation for Ainu Culture*en,active,nonprofit,,The Foundation for Ainu Culture*en; アイヌ民族文化財団*ja,,https://www.ff-ainu.or.jp/,,ff-ainu.or.jp,1997,,,,,,,,,Sapporo,Japan,2128295,,,,,,
,https://ror.org/03dzf7p37,Asia-Africa Culture Foundation*en,active,nonprofit,,Asia-Africa Culture Foundation*en; アジア・アフリカ文化財団*ja,,https://aacf.or.jp/,,aacf.or.jp,1957,,,,,,,,,Mitaka,Japan,11790343,,,,,,
,https://ror.org/03v11qa97,Asia Crime Prevention Foundation*en,active,nonprofit,,Asia Crime Prevention Foundation*en; アジア刑政財団*ja,ACPF*en,https://www.acpf.org,https://en.wikipedia.org/wiki/Asia_Crime_Prevention_Foundation,acpf.org,1982,,,,,,,Q110621935,Q110621935,Akishima,Japan,6822132,,,,,,
,https://ror.org/05yha2440,Kitakyushu Forum on Asian Women*en,active,nonprofit,,Kitakyushu Forum on Asian Women*en; アジア女性交流・研究フォーラム*ja,KFAW*en,https://www.kfaw.or.jp,,kfaw.or.jp,1990,,,,,,,Q137607776,Q137607776,Kitakyushu,Japan,1859307,,,,,,
,https://ror.org/01gwt7h79,Asian Population and Development Association*en,active,nonprofit,,Asian Population and Development Association*en; アジア人口・開発協会*ja,APDA*en,https://www.apda.jp/,,apda.jp,,,,,,,,,,Tokyo,Japan,1850147,,,,,,
,https://ror.org/01xxm9633,The Ashigin International Foundation*en,active,nonprofit,,The Ashigin International Foundation*en; あしぎん国際交流財団*ja,,https://www.ashikagabank.co.jp/international/international.html,,,1985,,,,,,,,,Utsunomiya,Japan,1849053,,,,,,
,https://ror.org/04vf5ps68,Association for Creating Tomorrow's Japan*en,active,nonprofit,,Association for Creating Tomorrow's Japan*en; あしたの日本を創る協会*ja,,http://www.ashita.or.jp/,https://ja.wikipedia.org/wiki/あしたの日本を創る協会,ashita.or.jp,1956,,,,,,,Q11257347,Q11257347,Tokyo,Japan,1850147,,,,,,
,https://ror.org/02d780e80,Asuka Foundation*en,active,nonprofit,,Asuka Foundation*en; あすか財団*ja,,http://www.asuka-foundation.org/,,asuka-foundation.org,,,,,,,,,,Tokyo,Japan,1850147,,,,,,
,https://ror.org/04p86mv95,The Adachi Foundation for the Preservation of Woodcut Printing*en,active,nonprofit,,The Adachi Foundation for the Preservation of Woodcut Printing*en; アダチ伝統木版画技術保存財団*ja,,https://foundation.adachi-hanga.com,,adachi-hanga.com,1994,,,,,,,,,Tokyo,Japan,1850147,,,,,,
,https://ror.org/0041tt259,The American Studies Foundation*en,active,nonprofit,,The American Studies Foundation*en; アメリカ研究振興会*ja,,https://www.amsf.or.jp/,,amsf.or.jp,,,,,,,,,,Tokyo,Japan,1850147,,,,,,
,https://ror.org/01w7wfs38,INOAC International Education and Scholarship Foundation*en,active,nonprofit,,INOAC International Education and Scholarship Foundation*en; イノアック国際教育振興財団*ja,,http://www.inoac-scholarship.jp/,,inoac-scholarship.jp,1987,,,,,,,,,Nagoya,Japan,1856057,,,,https://ror.org/00pwzm189,,
,https://ror.org/00kz9jw03,"Organization for SME and Global Business Support, Ibaraki*en",active,nonprofit,,"Organization for SME and Global Business Support, Ibaraki*en; いばらき中小企業グローバル推進機構*ja",,https://www.iis-net.or.jp/,,iis-net.or.jp,2020,,,,,,,,,Mito,Japan,2111901,,,,https://ror.org/05erkh051,,
,https://ror.org/03hj39v30,Ibaraki Cultural Foundation*en,active,nonprofit,,Ibaraki Cultural Foundation*en; いばらき文化振興財団*ja,,https://icf4717.jp/,,icf4717.jp,1992,,,,,,,,,Mito,Japan,2111901,,,,,,
,https://ror.org/03b8khk45,INPEX Scholarship Foundation*en,active,nonprofit,,INPEX Scholarship Foundation*en; INPEX教育交流財団*ja; インペックス教育交流財団*ja,ISF*en,https://www.inpex-s.com/,,inpex-s.com,1981,,,,,,,,,Tokyo,Japan,1850147,,,,https://ror.org/0483ewd92,,
,https://ror.org/05v2jj053,Ehime Industrial Promotion Foundation*en,active,nonprofit,サンサポえひめ*ja,Ehime Industrial Promotion Foundation*en; えひめ産業振興財団*ja,,https://www.ehime-iinet.or.jp/,,ehime-iinet.or.jp,1986,,,,,,,,,Matsuyama,Japan,1926099,,,,,,
,https://ror.org/02jcjzx81,Ehime Center for Regional Vitality Creation*en,active,nonprofit,Ehime Center for Policy Research*en; えひめ地域政策研究センター*ja,Ehime Center for Regional Vitality Creation*en; えひめ地域活力創造センター*ja,,https://www.ecpr.or.jp/,,ecpr.or.jp,2000,,,,,,,,,Matsuyama,Japan,1926099,,,,,,
,https://ror.org/02a0sy954,The Public Foundation of Elizabeth Arnold-Fuji*en,active,funder,,The Public Foundation of Elizabeth Arnold-Fuji*en; エリザベス・アーノルド富士財団*ja,,https://www.ea-fujizaidan.or.jp/,,ea-fujizaidan.or.jp,1967,,,,,,,,,Nagoya,Japan,1856057,,,,,,
,https://ror.org/01v0e7w86,Okigin Furusato Promotion Fund*en,active,funder,,Okigin Furusato Promotion Fund*en; おきぎんふるさと振興基金*ja,,https://www.okinawa-bank.co.jp/opf/,,,1989,,,,,,,,,Naha,Japan,1856035,,,,,,
,https://ror.org/02n6ck168,Kanagawa Coastal Environmental Foundation*en,active,nonprofit,,Kanagawa Coastal Environmental Foundation*en; かながわ海岸美化財団*ja,,https://www.bikazaidan.or.jp,,bikazaidan.or.jp,1991,,,,,,,,,Chigasaki,Japan,1864624,,,,,,
,https://ror.org/04ryxwy42,Kamei Foundation for the Promotion of Social Education*en,active,nonprofit,,Kamei Foundation for the Promotion of Social Education*en; カメイ社会教育振興財団*ja,,https://www.kameimuseum.or.jp/foundation,,,1995,,,,,,,,,Sendai,Japan,2111149,,,,,,
,https://ror.org/05v5j7p41,Kobe Citizens' Welfare Promotion Association*en,active,nonprofit,,Kobe Citizens' Welfare Promotion Association*en; こうべ市民福祉振興協会*ja,,https://kobe-wa.or.jp/,,kobe-wa.or.jp,1981,,,,,,,,,Kobe,Japan,1859171,,,,,,
,https://ror.org/03rvdvz37,Konica Minolta Science and Technology Foundation*en,active,funder,Konica Minolta Imaging Science Foundation*en,Konica Minolta Science and Technology Foundation*en; コニカミノルタ科学技術振興財団*ja,,https://www.konicaminoltastf.or.jp/,,konicaminoltastf.or.jp,1966,,,,,,,Q45131404,Q45131404,Hachioji,Japan,1863440,,,,https://ror.org/05dtvab05,,
,https://ror.org/00vn7jx28,Sakaki Techno Center*en,active,nonprofit,,Sakaki Techno Center*en; さかきテクノセンター*ja,,https://www.sakaki-tc.or.jp/,,sakaki-tc.or.jp,1992,,,,,,,,,Sakaki,Japan,1853163,,,,,,
,https://ror.org/00yvj8r73,Suntory Foundation for Arts*en,active,nonprofit,,Suntory Foundation for Arts*en; サントリー芸術財団*ja,,https://www.suntory.co.jp/sfa/,https://ja.wikipedia.org/wiki/%E3%82%B5%E3%83%B3%E3%83%88%E3%83%AA%E3%83%BC%E8%8A%B8%E8%A1%93%E8%B2%A1%E5%9B%A3,,2009,,,,,,,Q11305847,Q11305847,Tokyo,Japan,1850147,,,,https://ror.org/02jg1fa85,,
,https://ror.org/05k4fjs37,Shimano Cycle Development Center*en,active,nonprofit,,Shimano Cycle Development Center*en; シマノ・サイクル開発センター*ja,,https://www.bikemuse.jp/,,bikemuse.jp,,,,,,,,,,Sakai,Japan,1853195,,,,https://ror.org/03wkqfb95,,
,https://ror.org/03ekqnm35,John Manjiro Whitfield Commemorative Center for International Exchange*en,active,nonprofit,,John Manjiro Whitfield Commemorative Center for International Exchange*en; ジョン万次郎ホイットフィールド記念国際草の根交流センター*ja,CIE*en,http://www.manjiro.or.jp/,,manjiro.or.jp,1992,,,,,,,,,Tokyo,Japan,1850147,,,,,,
,https://ror.org/022ftby85,Sukoyaka Dietary Life Association*en,active,nonprofit,,Sukoyaka Dietary Life Association*en; すこやか食生活協会*ja,,http://www.sukoyakanet.or.jp/,,sukoyakanet.or.jp,1995,,,,,,,,,Tokyo,Japan,1850147,,,,,,
,https://ror.org/00gg4vx63,Sports Safety Association*en,active,nonprofit,,Sports Safety Association*en; スポーツ安全協会*ja,,https://www.sportsanzen.org/,,sportsanzen.org,1970,,,,,,,,,Tokyo,Japan,1850147,,,,,,
,https://ror.org/01ysrck85,Setagaya Arts Foundation*en,active,nonprofit,,Setagaya Arts Foundation*en; せたがや文化財団*ja,,https://www.setagaya-bunka.jp/,,setagaya-bunka.jp,2003,,,,,,,,,Tokyo,Japan,1850147,,,,,,
,https://ror.org/01p2tkd46,Sony Education Foundation*en,active,nonprofit,,Sony Education Foundation*en; ソニー教育財団*ja,,https://www.sony-ef.or.jp/,https://ja.wikipedia.org/wiki/%E3%82%BD%E3%83%8B%E3%83%BC%E6%95%99%E8%82%B2%E8%B2%A1%E5%9B%A3,sony-ef.or.jp,1972,,,,,,,Q11315219,Q11315219,Tokyo,Japan,1850147,,,,https://ror.org/04wzv3n59,,
,https://ror.org/044z2ef11,Takano Life Science Research Foundation*en,active,funder,,Takano Life Science Research Foundation*en; タカノ農芸化学研究助成財団*ja,,https://www.takanofoods.co.jp/company/foundation/,,,,,,,,,,,,Omitama,Japan,6822101,,,,,,
,https://ror.org/04g6w0e42,Tsukuba Cultural Foundation*en,active,nonprofit,,Tsukuba Cultural Foundation*en; つくば文化振興財団*ja,,https://www.tcf.or.jp/,,tcf.or.jp,,,,,,,,,,Tsukuba,Japan,2110681,,,,,,
,https://ror.org/04ejj8456,Terumo Life Science Foundation*en,active,funder,Terumo Foundation for Life Sciences and Arts*en; テルモ生命科学芸術財団*ja; テルモ科学技術振興財団*ja,Terumo Life Science Foundation*en; テルモ生命科学振興財団*ja,,https://www.terumozaidan.or.jp/,,terumozaidan.or.jp,1987,,,,,,,Q45131367,Q45131367,Nakai,Japan,7470892,,,,https://ror.org/02kbe5v55,,
,https://ror.org/01h3bwn83,TOKIN Science and Technology Foundation*en,active,funder,,TOKIN Science and Technology Foundation*en; トーキン科学技術振興財団*ja,,https://www.tokin.com/zaidan/,,,1990,,,,,,,,,Shiroishi,Japan,2111016,,,,https://ror.org/056kg3g58,,
,https://ror.org/01rp6h487,Tokushima Industrial Promotion Organization*en,active,nonprofit,,Tokushima Industrial Promotion Organization*en; とくしま産業振興機構*ja,,https://www.our-think.or.jp/,,our-think.or.jp,,,,,,,,,,Tokushima,Japan,1850158,,,,,,
,https://ror.org/05399n772,Trust Forum Foundation*en,active,nonprofit,,Trust Forum Foundation*en; トラスト未来フォーラム*ja,,https://trust-mf.or.jp/,,trust-mf.or.jp,1987,,,,,,,,,Tokyo,Japan,1850147,,,,,,
,https://ror.org/013v7c968,Nagano Convention & Visitors Bureau*en,active,nonprofit,,Nagano Convention & Visitors Bureau*en; ながの観光コンベンションビューロー*ja,,https://www.nagano-cvb.or.jp/,,nagano-cvb.or.jp,1987,,,,,,,,,Nagano,Japan,1856215,,,,,,
,https://ror.org/04wyrmc50,Nissay-Seirei Health and Welfare Foundation*en,active,nonprofit,,Nissay-Seirei Health and Welfare Foundation*en; ニッセイ聖隷健康福祉財団*ja,,https://www.nissay-seirei.org,,nissay-seirei.org,1989,,,,,,,,,Osaka,Japan,1853909,,,,https://ror.org/04pf1fm38,,
,https://ror.org/02qr67x37,Nissay Green Foundation*en,active,nonprofit,,Nissay Green Foundation*en; ニッセイ緑の財団*ja,,https://www.nissay-midori.jp/,,nissay-midori.jp,1993,,,,,,,,,Tokyo,Japan,1850147,,,,,,
,https://ror.org/0028q1r92,Harmony Center*en,active,nonprofit,,Harmony Center*en; ハーモニィセンター*ja,,https://www.harmonycenter.or.jp/,,harmonycenter.or.jp,1961,,,,,,,,,Tokyo,Japan,1850147,,,,,,
,https://ror.org/04gqjbd72,Hyogo Economic Development Center*en,active,nonprofit,,Hyogo Economic Development Center*en; ひょうご産業活性化センター*ja,,https://web.hyogo-iic.ne.jp/,,hyogo-iic.ne.jp,1966,,,,,,,,,Kobe,Japan,1859171,,,,,,
,https://ror.org/03bv2vf64,Kodomo Yume Zaidan*en,active,nonprofit,,Kodomo Yume Zaidan*en; ひろしまこども夢財団*ja,,https://www.ikuchan.or.jp/yumezaidan/,,,1996,,,,,,,,,Hiroshima,Japan,1862415,,,,https://ror.org/03wvqgn13,,
,https://ror.org/01wm76d95,Foreign Press Center Japan*en,active,nonprofit,,Foreign Press Center Japan*en; フォーリン・プレスセンター*ja,FPCJ*en,https://fpcj.jp/,,fpcj.jp,1976,,,,,,,,,Tokyo,Japan,1850147,,,,,,
,https://ror.org/02f5f7v31,Brain Science Foundation*en,active,funder,,Brain Science Foundation*en; ブレインサイエンス振興財団*ja,,https://www.bs-f.jp/,,bs-f.jp,1986,,,,,,,,,Tokyo,Japan,1850147,,,,,,
,https://ror.org/03pv8pv17,Marine Sports Foundation*en,active,nonprofit,,Marine Sports Foundation*en; マリンスポーツ財団*ja,,https://www.maris.or.jp/,https://ja.wikipedia.org/wiki/マリンスポーツ財団,maris.or.jp,1963,,,,,,,Q11341110,Q11341110,Tokyo,Japan,1850147,,,,,,
,https://ror.org/02ed6tb66,Mizuno Sports Promotion Foundation*en,active,nonprofit,,Mizuno Sports Promotion Foundation*en; ミズノスポーツ振興財団*ja,,https://corp.mizuno.com/jp/zaidan,,,1970,,,,,,,,,Tokyo,Japan,1850147,,,,https://ror.org/02xp4d141,,
,https://ror.org/0184rqc58,Mizuho Foundation for the Promotion of Sciences*en,active,funder,,Mizuho Foundation for the Promotion of Sciences*en; みずほ学術振興財団*ja,,,,,,,,,,,,,,Tokyo,Japan,1850147,,,,,,
,https://ror.org/05y8nw429,Mizuho International Foundation*en,active,nonprofit,,Mizuho International Foundation*en; みずほ国際交流奨学財団*ja,,https://mizuhokokusai.la.coocan.jp/,,mizuhokokusai.la.coocan.jp,1991,,,,,,,,,Tokyo,Japan,1850147,,,,,,
,https://ror.org/02ay0ya95,Yamato Welfare Foundation*en,active,nonprofit,,Yamato Welfare Foundation*en; ヤマト福祉財団*ja,,https://www.yamato-fukushi.jp/,,yamato-fukushi.jp,1993,,,,,,,,,Tokyo,Japan,1850147,,,,,,
,https://ror.org/01ab2jf70,Lions Japan Foundation*en,active,nonprofit,,Lions Japan Foundation*en; ライオンズ日本財団*ja,LJF*en,https://www.ljf.or.jp/,,ljf.or.jp,2012,,,,,,,,,Tokyo,Japan,1850147,,,,,,
,https://ror.org/01wxy8z04,Labo International Exchange Foundation*en,active,nonprofit,,Labo International Exchange Foundation*en; ラボ国際交流センター*ja,,https://www.labo-intlexchange.or.jp/,,labo-intlexchange.or.jp,1973,,,,,,,,,Tokyo,Japan,1850147,,,,,,
,https://ror.org/00n4syd48,The Resona Foundation for Asia and Oceania*en,active,funder,,The Resona Foundation for Asia and Oceania*en; りそなアジア・オセアニア財団*ja,,https://www.resona-ao.or.jp/,,resona-ao.or.jp,1989,,,,,,,,,Osaka,Japan,1853909,,,,https://ror.org/04gd75086,,
,https://ror.org/05c386w58,Aichi Cancer Research Foundation*en,active,funder,,Aichi Cancer Research Foundation*en; 愛知県がん研究振興会*ja,,https://www.acrf.or.jp/,,acrf.or.jp,1976,,,,,,,,,Nagoya,Japan,1856057,,,,https://ror.org/03kfmm080,,
,https://ror.org/05k2v3h31,Aichi Urban Development Association*en,active,nonprofit,,Aichi Urban Development Association*en; 愛知県都市整備協会*ja,,https://www.aichi-toshi.or.jp,,aichi-toshi.or.jp,1967,,,,,,,,,Nagoya,Japan,1856057,,,,,,
,https://ror.org/051wg5296,Aichi Arts Foundation*en,active,nonprofit,,Aichi Arts Foundation*en; 愛知県文化振興事業団*ja,,https://www-stage.aac.pref.aichi.jp/about/foundation.html,,,1992,,,,,,,,,Nagoya,Japan,1856057,,,,https://ror.org/023gjks82,,
,https://ror.org/02v0nmn59,Isetan Scholarship Foundation*en,active,nonprofit,,Isetan Scholarship Foundation*en; 伊勢丹奨学会*ja,,,,,,,,,,,,,,Tokyo,Japan,1850147,,,,,,
,https://ror.org/03rrtg761,The Ito Foundation for the Promotion of Medical Sciences*en,active,funder,,The Ito Foundation for the Promotion of Medical Sciences*en; 伊藤医薬学術交流財団*ja,,https://ito-zaidan.jp/,,ito-zaidan.jp,1994,,,,,,,,,Sapporo,Japan,2128295,,,,,,
,https://ror.org/05nexhd54,The Ito Foundation*en,active,funder,,The Ito Foundation*en; 伊藤記念財団*ja,,https://www.itokinen-zaidan.or.jp/,,itokinen-zaidan.or.jp,1981,,,,,,,,,Tokyo,Japan,1850147,,,,,,
,https://ror.org/00f470365,Ito Scholarship Foundation*en,active,nonprofit,,Ito Scholarship Foundation*en; 伊藤謝恩育英財団*ja,,https://www.ito-foundation.or.jp/,,ito-foundation.or.jp,1994,,,,,,,,,Tokyo,Japan,1850147,,,,,,
,https://ror.org/00q9ksa94,Ibaraki International Friendship and Welfare Foundation*en,active,nonprofit,Japan International Friendship and Welfare Foundation*en,Ibaraki International Friendship and Welfare Foundation*en; 茨城国際親善厚生財団*ja,IIFF*en,http://iiff.info/,,iiff.info,1989,,,,,,,,,Yūki,Japan,1848096,,,,,,
,https://ror.org/0019vm771,"Applied Microbiology, Molecular and Cellular Biosciences Research Foundation*en",active,nonprofit,Applied Microbiology Research Foundation*en; 応用微生物学研究奨励会*ja,"Applied Microbiology, Molecular and Cellular Biosciences Research Foundation*en; 応用微生物学・分子細胞生物学研究奨励会*ja",,https://ammcb.info/,,ammcb.info,1963,,,,,,,,,Tokyo,Japan,1850147,,,,,,
,https://ror.org/04zfxa924,Yokohama YMCA*en,active,nonprofit,Yokohama Young Men's Christian Association*en,Yokohama YMCA*en; 横浜YMCA*ja,,https://www.yokohamaymca.org/,,yokohamaymca.org,1884,,,,,,,,,Yokohama,Japan,1848354,,,,,,
,https://ror.org/000mz9t64,Yokohama YWCA*en,active,nonprofit,The Young Women's Christian Association of Yokohama*en,Yokohama YWCA*en; 横浜YWCA*ja,,https://www.yokohama-ywca.jp/,,yokohama-ywca.jp,1913,,,,,,,,,Yokohama,Japan,1848354,,,,,,
,https://ror.org/00qm44e78,Yokohama Industrial Development Corporation*en,active,nonprofit,IDEC Yokohama*en,Yokohama Industrial Development Corporation*en; 横浜企業経営支援財団*ja,IDEC*en,https://www.idec.or.jp/,,idec.or.jp,1996,,,,,,,,,Yokohama,Japan,1848354,,,,,,
,https://ror.org/035ryb353,Yokohama Association for International Communications and Exchanges*en,active,nonprofit,,Yokohama Association for International Communications and Exchanges*en; 横浜市国際交流協会*ja,YOKE*en,https://www.yokeweb.com/,,yokeweb.com,1982,,,,,,,,,Yokohama,Japan,1848354,,,,,,
,https://ror.org/02f611585,Yokohama Women's Association for Communication and Networking*en,active,nonprofit,,Yokohama Women's Association for Communication and Networking*en; 横浜市男女共同参画推進協会*ja,,https://www.women.city.yokohama.jp,,women.city.yokohama.jp,1987,,,,,,,,,Yokohama,Japan,1848354,,,,,,
,https://ror.org/0293ct811,Okazaki Kaheita International Scholarship Foundation*en,active,funder,,Okazaki Kaheita International Scholarship Foundation*en; 岡崎嘉平太国際奨学財団*ja,,https://okazakizaidan.or.jp,,okazakizaidan.or.jp,1990,,,,,,,,,Tokyo,Japan,1850147,,,,,,
,https://ror.org/04640mk96,Okamoto Scholarship Foundation*en,active,nonprofit,,Okamoto Scholarship Foundation*en; 岡本国際奨学交流財団*ja,OSF*en,http://www.osf-family.com/,,osf-family.com,1992,,,,,,,,,Chiba,Japan,2113015,,,,,,
,https://ror.org/03tyf8t29,Okinawa International Exchange & Human Resources Development Foundation*en,active,nonprofit,,Okinawa International Exchange & Human Resources Development Foundation*en; 沖縄県国際交流・人材育成財団*ja,OIHF*en,http://www.oihf.or.jp/,,oihf.or.jp,1972,,,,,,,,,Ginowan,Japan,1863627,,,,,,
,https://ror.org/018va8873,Okinawa Industry Promotion Public Corporation*en,active,nonprofit,,Okinawa Industry Promotion Public Corporation*en; 沖縄県産業振興公社*ja,,https://okinawa-ric.jp/,,okinawa-ric.jp,1971,,,,,,,,,Naha,Japan,1856035,,,,,,
,https://ror.org/024k23937,Kakogawa International Association*en,active,nonprofit,,Kakogawa International Association*en; 加古川市国際交流協会*ja,KIA*en,https://kakogawa-kia.or.jp/,,kakogawa-kia.or.jp,,,,,,,,,,Kakogawa,Japan,11611933,,,,,,
,https://ror.org/03ne60492,Kato Asao International Scholarship Foundation*en,active,nonprofit,,Kato Asao International Scholarship Foundation*en; 加藤朝雄国際奨学財団*ja,,https://katoasaofoundation.jp,,katoasaofoundation.jp,1993,,,,,,,,,Kyoto,Japan,1857910,,,,,,
,https://ror.org/03n811t28,Japan Foundation of Public Communication on Science and Technology*en,active,nonprofit,,Japan Foundation of Public Communication on Science and Technology*en; 科学技術広報財団*ja,PCOST*en,https://www.pcost.or.jp/,,pcost.or.jp,1973,,,,,,,,,Tokyo,Japan,1850147,,,,,,
,https://ror.org/02f6jxp24,The Kao Foundation for Arts and Sciences*en,active,funder,,The Kao Foundation for Arts and Sciences*en; 花王芸術・科学財団*ja,,https://www.kao-foundation.or.jp/,,kao-foundation.or.jp,1990,,,,,,,Q45131293,Q45131293,Tokyo,Japan,1850147,,,,https://ror.org/016t1kc57,,
,https://ror.org/02zdk9968,Hanamaki International Exchange Association*en,active,nonprofit,,Hanamaki International Exchange Association*en; 花巻国際交流協会*ja,,https://hanakokusai.or.jp/,,hanakokusai.or.jp,1989,,,,,,,,,Hanamaki,Japan,2112823,,,,,,
,https://ror.org/05g31dx57,Japan Overseas Educational Services*en,active,nonprofit,,Japan Overseas Educational Services*en; 海外子女教育振興財団*ja; Kaigai Shijo Kyoiku Shinko Zaidan*en,JOES*en,https://www.joes.or.jp/,https://ja.wikipedia.org/wiki/海外子女教育振興財団,joes.or.jp,1971,,,,,,,Q11558837,Q11558837,Tokyo,Japan,1850147,,,,,,
,https://ror.org/05kc35b17,The Association of Nikkei & Japanese Abroad*en,active,nonprofit,,The Association of Nikkei & Japanese Abroad*en; 海外日系人協会*ja,,https://jadesas.or.jp/,https://ja.wikipedia.org/wiki/海外日系人協会,jadesas.or.jp,1967,,,,,,,Q17208759,Q17208759,Yokohama,Japan,1848354,,,,,,
,https://ror.org/03t3hsv07,Japan Coast Guard Foundation*en,active,nonprofit,,Japan Coast Guard Foundation*en; 海上保安協会*ja,,https://www.jcgf.or.jp/,,jcgf.or.jp,1949,,,,,,,,,Tokyo,Japan,1850147,,,,https://ror.org/03nv92q59,,
,https://ror.org/03ektz007,Marine Accidents Inquiry Association*en,active,nonprofit,,Marine Accidents Inquiry Association*en; 海難審判・船舶事故調査協会*ja,,https://www.maia.or.jp,,maia.or.jp,1968,,,,,,,,,Tokyo,Japan,1850147,,,,,,
,https://ror.org/011x7ew60,Kashiyama Scholarship Foundation*en,active,funder,,Kashiyama Scholarship Foundation*en; 樫山奨学財団*ja,,https://www.kashiyama-sf.com/,,kashiyama-sf.com,1977,,,,,,,,,Tokyo,Japan,1850147,,,,,,
,https://ror.org/0068j8t55,Kanramachi International Friendship Association*en,active,nonprofit,,Kanramachi International Friendship Association*en; 甘楽町国際交流振興協会*ja,,,,,1988,,,,,,,,,Obata,Japan,1854826,,,,,,
,https://ror.org/02a3qjw83,Kansai Osaka 21st Century Association*en,active,nonprofit,,Kansai Osaka 21st Century Association*en; 関西・大阪21世紀協会*ja,,https://www.osaka21.or.jp/,,osaka21.or.jp,1982,,,,,,,,,Osaka,Japan,1853909,,,,,,
,https://ror.org/039g8h121,Kansai Transport Economics Research Center*en,active,nonprofit,Kankouken*en,Kansai Transport Economics Research Center*en; 関西交通経済研究センター*ja; 関交研*ja,,http://www.kankouken.org/,,kankouken.org,1972,,,,,,,,,Osaka,Japan,1853909,,,,,,
,https://ror.org/046czat34,Kansai Guide Dogs for the Blind Association*en,active,nonprofit,,Kansai Guide Dogs for the Blind Association*en; 関西盲導犬協会*ja,,https://www.kansai-guidedog.jp/,,kansai-guidedog.jp,1983,,,,,,,,,Kameoka,Japan,1860635,,,,,,
,https://ror.org/03j48ty06,The Iwakuni Foundation for Scholarship*en,active,funder,,The Iwakuni Foundation for Scholarship*en; 岩國育英財団*ja,,https://iwakuni.or.jp,,iwakuni.or.jp,1993,,,,,,,,,Tokyo,Japan,1850147,,,,,,
,https://ror.org/01rpk5n52,Kamei Memorial Foundation*en,active,funder,,Kamei Memorial Foundation*en; 亀井記念財団*ja,,,,,1981,,,,,,,,,Sendai,Japan,2111149,,,,,,
,https://ror.org/03szvnt13,Yoshida Foundation for Science and Technology*en,active,funder,,Yoshida Foundation for Science and Technology*en; 吉田科学技術財団*ja,,https://yoshida-zaidan.or.jp/,,yoshida-zaidan.or.jp,1975,,,,,,,,,Tokyo,Japan,1850147,,,,,,
,https://ror.org/05s0dmw30,Kurume Regional Industry Promotion Center*en,active,nonprofit,,Kurume Regional Industry Promotion Center*en; 久留米地域地場産業振興センター*ja,,https://www.jibasankurume.jp/,,jibasankurume.jp,,,,,,,,,,Kurume,Japan,1858088,,,,,,
,https://ror.org/022yr5c06,The KCV Foundation*en,active,nonprofit,,The KCV Foundation*en; 京阪神ケーブルビジョン*ja,KCV*en,https://www.k-kcv.org/,https://ja.wikipedia.org/wiki/%E4%BA%AC%E9%98%AA%E7%A5%9E%E3%82%B1%E3%83%BC%E3%83%96%E3%83%AB%E3%83%93%E3%82%B8%E3%83%A7%E3%83%B3,k-kcv.org,1970,,,,,,,Q11375859,Q11375859,Osaka,Japan,1853909,,,,,,
,https://ror.org/0096jbq02,Kyoto Convention & Visitors Bureau*en,active,nonprofit,Kyoto Convention Bureau*en,Kyoto Convention & Visitors Bureau*en; 京都文化交流コンベンションビューロー*ja,KCVB*en,https://hellokcb.or.jp/,https://ja.wikipedia.org/wiki/京都文化交流コンベンションビューロー,hellokcb.or.jp,2007,,,,,,,Q101317872,Q101317872,Kyoto,Japan,1857910,,,,,,
,https://ror.org/00xyjx734,Kyoto Foundation for Promotion Japanese dress (Kimono) Industry*en,active,nonprofit,,Kyoto Foundation for Promotion Japanese dress (Kimono) Industry*en; 京都和装産業振興財団*ja,,https://www.wasou.or.jp/,,wasou.or.jp,1992,,,,,,,,,Kyoto,Japan,1857910,,,,,,
,https://ror.org/05fypdp92,Hashiya Scholarship Foundation*en,active,nonprofit,,Hashiya Scholarship Foundation*en; 橋谷奨学会*ja,,,,,,,,,,,,,,Tokyo,Japan,1850147,,,,,,
,https://ror.org/01dwr0g65,Kanazawa International Exchange Foundation*en,active,nonprofit,,Kanazawa International Exchange Foundation*en; 金沢国際交流財団*ja,KIEF*en,https://www.kief.jp/,,kief.jp,1989,,,,,,,,,Kanazawa,Japan,1860243,,,,,,
,https://ror.org/05mc2fz14,Kyushu Symphony Orchestra*en,active,nonprofit,,Kyushu Symphony Orchestra*en; 九州交響楽団*ja,,https://www.kyukyo.or.jp,https://ja.wikipedia.org/wiki/九州交響楽団,kyukyo.or.jp,1953,,,,,0000 0000 8530 4070,0000 0000 8530 4070,Q4419934,Q4419934,Fukuoka,Japan,1863967,,,,,,
,https://ror.org/00dxzkz20,Kyushu Guide Dog Association*en,active,nonprofit,Fukuoka Guide Dog Association*en,Kyushu Guide Dog Association*en; 九州盲導犬協会*ja,,https://www.fgda.or.jp/,,fgda.or.jp,1983,,,,,,,,,Itoshima,Japan,11612341,,,,,,
,https://ror.org/01pnmge98,The Land Readjustment Center*en,active,nonprofit,,The Land Readjustment Center*en; 区画整理促進機構*ja,,https://www.sokusin.or.jp/,,sokusin.or.jp,1991,,,,,,,,,Tokyo,Japan,1850147,,,,,,
,https://ror.org/01japnw88,Kumamoto YMCA*en,active,nonprofit,,Kumamoto YMCA*en; 熊本YMCA*ja,,https://www.kumamoto-ymca.or.jp/,,kumamoto-ymca.or.jp,1948,,,,,,,,,Kumamoto,Japan,1858421,,,,,,
,https://ror.org/00tjxmv14,"Gunma Association of Tourism, Local Products & International Exchange*en",active,nonprofit,,"Gunma Association of Tourism, Local Products & International Exchange*en; 群馬県観光物産国際協会*ja",,https://top.gtia.jp/,,gtia.jp,1990,,,,,,,,,Maebashi,Japan,1857843,,,,,,
,https://ror.org/05hkwhc76,Gunma Symphony Orchestra*en,active,nonprofit,,Gunma Symphony Orchestra*en; 群馬交響楽団*ja,,https://www.gunkyo.com,https://ja.wikipedia.org/wiki/%E7%BE%A4%E9%A6%AC%E4%BA%A4%E9%9F%BF%E6%A5%BD%E5%9B%A3,gunkyo.com,1945,,,,,0000 0001 0429 6871,0000 0001 0429 6871,Q10855612,Q10855612,Takasaki,Japan,1851002,,,,,,
,https://ror.org/02ws2tg28,Koriyama Area Technopolis Promotion Organization*en,active,nonprofit,,Koriyama Area Technopolis Promotion Organization*en; 郡山地域テクノポリス推進機構*ja,,https://www.techno-media.net6.or.jp/,,techno-media.net6.or.jp,1986,,,,,,,,,Koriyama,Japan,2112141,,,,,,
,https://ror.org/05nnydg63,Japan Police Support Association*en,active,nonprofit,,Japan Police Support Association*en; 警察協会*ja,,https://www.keisatukyoukai.or.jp/,https://ja.wikipedia.org/wiki/警察協会,keisatukyoukai.or.jp,1911,,,,,,,Q11632330,Q11632330,Tokyo,Japan,1850147,,,,,,
,https://ror.org/01dqbwr62,Tobata Kenwa Hospital*en,active,healthcare,,Tobata Kenwa Hospital*en; 健和会戸畑けんわ病院*ja; 戸畑けんわ病院*ja,,https://tobata.kenwakai.gr.jp/,,tobata.kenwakai.gr.jp,1972,,,,,,,,,Kitakyushu,Japan,1859307,,,,https://ror.org/035nx7155,,
,https://ror.org/01rh6ca85,Foundation for Orphans from Automobile Accident*en,active,nonprofit,,Foundation for Orphans from Automobile Accident*en; 交通遺児等育成基金*ja,,https://www.kotsuiji.or.jp/,,kotsuiji.or.jp,1980,,,,,,,,,Tokyo,Japan,1850147,,,,,,
,https://ror.org/00vy9n086,Transportation Culture Promotion Foundation*en,active,nonprofit,,Transportation Culture Promotion Foundation*en; 交通文化振興財団*ja,,https://www.tcpf.or.jp/,https://ja.wikipedia.org/wiki/交通文化振興財団,tcpf.or.jp,1970,,,,,,,Q11374008,Q11374008,Osaka,Japan,1853909,,,,,,
,https://ror.org/02wnagv25,Aozora Foundation*en,active,nonprofit,,Aozora Foundation*en; 公害地域再生センター*ja; あおぞら財団*ja,,https://aozora.or.jp/,https://ja.wikipedia.org/wiki/公害地域再生センター,aozora.or.jp,1996,,,,,,,Q11392005,Q11392005,Osaka,Japan,1853909,,,,,,
,https://ror.org/04bz55h63,Kumon Scholarship Foundation*en,active,nonprofit,,Kumon Scholarship Foundation*en; 公文国際奨学財団*ja,,,,,,,,,,,,,,Tokyo,Japan,1850147,,,,,,
,https://ror.org/010jkes71,Hiroshima Atomic Bomb Casualty Council*en,active,nonprofit,,Hiroshima Atomic Bomb Casualty Council*en; 広島原爆障害対策協議会*ja,,http://www.gentaikyo.or.jp/,,gentaikyo.or.jp,1956,,,,,,,,,Hiroshima,Japan,1862415,,,,,,
,https://ror.org/02ye7rx02,Ezoe Memorial Recruit Foundation*en,active,nonprofit,,Ezoe Memorial Recruit Foundation*en; 江副記念リクルート財団*ja,,https://www.recruit-foundation.org/,https://ja.wikipedia.org/wiki/江副記念リクルート財団,recruit-foundation.org,1976,,,,,,,Q124060535,Q124060535,Tokyo,Japan,1850147,,,,,,
,https://ror.org/05kbs7t42,Arakawa City Art Culture Promotion Foundation*en,active,nonprofit,,Arakawa City Art Culture Promotion Foundation*en; 荒川区芸術文化振興財団*ja,ACC*en,https://www.acc-arakawa.jp/,,acc-arakawa.jp,1988,,,,,,,,,Tokyo,Japan,1850147,,,,,,
,https://ror.org/0568xma12,Takaoka Cultural Foundation*en,active,nonprofit,,Takaoka Cultural Foundation*en; 高岡市民文化振興事業団*ja,,https://www.takaoka-bunka.com/,,takaoka-bunka.com,1990,,,,,,,,,Takaoka,Japan,1851032,,,,,,
,https://ror.org/02jmdkw53,Kochi Visitors & Convention Association*en,active,nonprofit,,Kochi Visitors & Convention Association*en; 高知県観光コンベンション協会*ja,,https://www.attaka.or.jp/,,attaka.or.jp,,,,,,,,,,Kochi,Japan,1859146,,,,,,
,https://ror.org/05mb7pc87,Kenjiro Takayanagi Foundation*en,active,funder,高柳記念電子科学技術振興財団*ja,Kenjiro Takayanagi Foundation*en; 高柳健次郎財団*ja,,https://www.takayanagi.or.jp/,,takayanagi.or.jp,1984,,,,,,,,,Tokyo,Japan,1850147,,,,,,
,https://ror.org/02bc95f32,Commemoration of International Year of Disabled Persons Nice Heart Foundation*en,active,nonprofit,,Commemoration of International Year of Disabled Persons Nice Heart Foundation*en; 国際障害者年記念ナイスハート基金*ja,,https://niceheart.or.jp/,,niceheart.or.jp,1982,,,,,,,,,Tokyo,Japan,1850147,,,,,,
,https://ror.org/04a4fj462,International Friendship Foundation*en,active,nonprofit,,International Friendship Foundation*en; 国際親善協会*ja,,,,,,,,,,,,,,Tokyo,Japan,1850147,,,,,,
,https://ror.org/05ft90s20,"International Manpower Development Organization, Japan*en",active,nonprofit,IM Japan*en,"International Manpower Development Organization, Japan*en; 国際人材育成機構*ja; アイム・ジャパン*ja",,https://imm.or.jp/,,imm.or.jp,1991,,,,,,,,,Tokyo,Japan,1850147,,,,,,
,https://ror.org/01qtsf163,Japan International Trainee & Skilled Worker Cooperation Organization*en,active,nonprofit,Japan International Training Cooperation Organization*en,Japan International Trainee & Skilled Worker Cooperation Organization*en; 国際人材協力機構*ja,JITCO*en,https://www.jitco.or.jp/,https://ja.wikipedia.org/wiki/国際人材協力機構,jitco.or.jp,1991,,,,,,,Q58831761,Q58831761,Tokyo,Japan,1850147,,,,,,
,https://ror.org/004gvtv50,International Youth Association of Japan*en,active,nonprofit,,International Youth Association of Japan*en; 国際青少年研修協会*ja,,https://kskk.or.jp/,,kskk.or.jp,1973,,,,,,,,,Tokyo,Japan,1850147,,,,,,
,https://ror.org/00gs7mf98,International Civil and Commercial Law Centre Foundation*en,active,nonprofit,,International Civil and Commercial Law Centre Foundation*en; 国際民商事法センター*ja,ICCLC*en,https://www.icclc.or.jp/,,icclc.or.jp,1996,,,,,,,,,Tokyo,Japan,1850147,,,,,,
,https://ror.org/04hraa763,Juridical Foundation for International Personnel Management*en,active,nonprofit,,Juridical Foundation for International Personnel Management*en; 国際労務管理財団*ja,IPM*en,https://www.ipm.or.jp/,,ipm.or.jp,1993,,,,,,,,,Tokyo,Japan,1850147,,,,,,
,https://ror.org/00es40v79,Japan Geographic Data Center*en,active,nonprofit,,Japan Geographic Data Center*en; 国土地理協会*ja,,https://www.kokudo.or.jp/,https://ja.wikipedia.org/wiki/国土地理協会,kokudo.or.jp,1951,,,,,,,Q11420657,Q11420657,Tokyo,Japan,1850147,,,,,,
,https://ror.org/03mz3nx05,Sakura International Exchange Foundation*en,active,nonprofit,,Sakura International Exchange Foundation*en; 佐倉国際交流基金*ja,SIEF*en,https://www.sief.jp/,,sief.jp,1988,,,,,,,,,Sakura,Japan,2111220,,,,,,
,https://ror.org/0237saj26,Financial Accounting Standards Foundation*en,active,nonprofit,,Financial Accounting Standards Foundation*en; 財務会計基準機構*ja,FASF*en,https://www.fasf-j.jp/,https://ja.wikipedia.org/wiki/財務会計基準機構,fasf-j.jp,2001,,,,,0000 0004 6387 3132,0000 0004 6387 3132,Q11634580,Q11634580,Tokyo,Japan,1850147,,,,,,
,https://ror.org/036c4vn69,Sakai Urban Policy Institute*en,active,nonprofit,,Sakai Urban Policy Institute*en; 堺都市政策研究所*ja,SUPI*en,,,,,,,,,,,,,Sakai,Japan,1853195,,,,,,
,https://ror.org/0078gk741,Saitama YMCA*en,active,nonprofit,,Saitama YMCA*en; 埼玉YMCA*ja,,https://www.saitamaymca.org/,,saitamaymca.org,1973,,,,,,,,,Tokorozawa,Japan,1850181,,,,,,
,https://ror.org/018tfzr57,Saitama Foundation for Culture and Industry*en,active,nonprofit,Saitama Public Foundation for Culture and Industry*en,Saitama Foundation for Culture and Industry*en; 埼玉県産業文化センター*ja,,https://www.sonic-city.or.jp/,,sonic-city.or.jp,1987,,,,,,,,,Saitama,Japan,6940394,,,,,,
,https://ror.org/00p77qk76,Sapporo Symphony Orchestra*en,active,nonprofit,,Sapporo Symphony Orchestra*en; 札幌交響楽団*ja,,https://www.sso.or.jp/,https://ja.wikipedia.org/wiki/札幌交響楽団,sso.or.jp,1961,,,,,0000 0001 2175 2840,0000 0001 2175 2840,Q7421107,Q7421107,Sapporo,Japan,2128295,,,,,,
,https://ror.org/039x3f758,Sapporo International Communication Plaza Foundation*en,active,nonprofit,,Sapporo International Communication Plaza Foundation*en; 札幌国際プラザ*ja,,https://www.plaza-sapporo.or.jp/,https://ja.wikipedia.org/wiki/札幌国際プラザ,plaza-sapporo.or.jp,1991,,,,,,,Q7421097,Q7421097,Sapporo,Japan,2128295,,,,,,
,https://ror.org/0255xmw87,Sapporo Cultural Arts Foundation*en,active,nonprofit,,Sapporo Cultural Arts Foundation*en; 札幌市芸術文化財団*ja,,https://sapporo-caf.org/,,sapporo-caf.org,1986,,,,,,,,,Sapporo,Japan,2128295,,,,,,
,https://ror.org/03cvkky52,Mikasa Preservation Society*en,active,nonprofit,,Mikasa Preservation Society*en; 三笠保存会*ja,,https://www.kinenkan-mikasa.or.jp/,https://ja.wikipedia.org/wiki/三笠保存会,kinenkan-mikasa.or.jp,1958,,,,,,,Q11356901,Q11356901,Yokosuka,Japan,1848313,,,,,,
,https://ror.org/03bzfhk92,Mitaka City Sports and Culture Foundation*en,active,nonprofit,,Mitaka City Sports and Culture Foundation*en; 三鷹市スポーツと文化財団*ja,,https://mitaka-sportsandculture.or.jp/,,mitaka-sportsandculture.or.jp,1995,,,,,,,,,Mitaka,Japan,11790343,,,,,,
,https://ror.org/0584mhw94,Mitsubishi UFJ Technology Development Foundation*en,active,funder,,Mitsubishi UFJ Technology Development Foundation*en; 三菱UFJ技術育成財団*ja,,https://www.mutech.or.jp/,,mutech.or.jp,1983,,,,,,,,,Tokyo,Japan,1850147,,,,,,
,https://ror.org/04kdfbn37,Mitsubishi UFJ Foundation*en,active,nonprofit,,Mitsubishi UFJ Foundation*en; 三菱UFJ国際財団*ja,,https://www.mitsubishi-ufj-foundation.jp/,,mitsubishi-ufj-foundation.jp,2008,,,,,,,,,Tokyo,Japan,1850147,,,,,,
,https://ror.org/03v5cc684,The Association for International Relations in Yamagata*en,active,nonprofit,,The Association for International Relations in Yamagata*en; 山形県国際交流協会*ja,AIRY*en,https://www.airyamagata.org/,,airyamagata.org,1991,,,,,,,,,Yamagata,Japan,2110556,,,,,,
,https://ror.org/01a42k223,Yamaguchi International Exchange Association*en,active,nonprofit,,Yamaguchi International Exchange Association*en; 山口県国際交流協会*ja,YIEA*en,https://yiea.or.jp/,,yiea.or.jp,,,,,,,,,,Yamaguchi,Japan,1848689,,,,,,
,https://ror.org/03340z794,Yamamura Scholarship Foundation*en,active,nonprofit,,Yamamura Scholarship Foundation*en; 山村育英会*ja,,,,,,,,,,,,,,Amagasaki,Japan,1865387,,,,,,
,https://ror.org/04dygmk43,Central Council for the Promoting of Industrial Education*en,active,nonprofit,,Central Council for the Promoting of Industrial Education*en; 産業教育振興中央会*ja,,https://www.sansinchuoukai.or.jp,,sansinchuoukai.or.jp,1936,,,,,,,,,Tokyo,Japan,1850147,,,,,,
,https://ror.org/05js18x40,Yokkaichi Culture and Community Development Foundation*en,active,nonprofit,,Yokkaichi Culture and Community Development Foundation*en; 四日市市文化まちづくり財団*ja,,https://yokkaichi-shinko.com/,,yokkaichi-shinko.com,2008,,,,,,,,,Yokkaichi,Japan,1848373,,,,,,
,https://ror.org/037hsvz90,Ichikawa International Scholarship Foundation*en,active,nonprofit,,Ichikawa International Scholarship Foundation*en; 市川国際奨学財団*ja,,https://iisf.jp,,iisf.jp,1987,,,,,,,,,Osaka,Japan,1853909,,,,,,
,https://ror.org/023tfqa90,Ichikawa Fusae Center for Women and Governance*en,active,nonprofit,,Ichikawa Fusae Center for Women and Governance*en; 市川房枝記念会女性と政治センター*ja,,https://www.ichikawa-fusae.or.jp/,,ichikawa-fusae.or.jp,1962,,,,,,,,,Tokyo,Japan,1850147,,,,,,
,https://ror.org/02vmbyw32,Shiseido Child Foundation*en,active,nonprofit,Shiseido Social Welfare Foundation*en,Shiseido Child Foundation*en; 資生堂子ども財団*ja; 資生堂社会福祉事業財団*ja,,https://www.shiseido-zaidan.or.jp/,,shiseido-zaidan.or.jp,1972,,,,,,,,,Tokyo,Japan,1850147,,,,https://ror.org/03da3g825,,
,https://ror.org/054bgmt37,Shiga Intercultural Association for Globalization*en,active,nonprofit,,Shiga Intercultural Association for Globalization*en; 滋賀県国際協会*ja,SIA*en,https://www.s-i-a.or.jp/,,s-i-a.or.jp,1979,,,,,,,,,Ōtsu,Japan,1853574,,,,,,
,https://ror.org/03rpf9682,Bicycle Parking Facilities Development and Management Foundation*en,active,nonprofit,,Bicycle Parking Facilities Development and Management Foundation*en; 自転車駐車場整備センター*ja,,https://www.jitensha.jp/,https://ja.wikipedia.org/wiki/自転車駐車場整備センター,jitensha.jp,1979,,,,,,,Q11613147,Q11613147,Tokyo,Japan,1850147,,,,,,
,https://ror.org/03dvszg86,Japan Automobile Recycling Promotion Center*en,active,nonprofit,,Japan Automobile Recycling Promotion Center*en; 自動車リサイクル促進センター*ja,JARC*en,https://www.jarc.or.jp/,https://ja.wikipedia.org/wiki/自動車リサイクル促進センター,jarc.or.jp,2000,,,,,,,Q11612660,Q11612660,Tokyo,Japan,1850147,,,,,,
,https://ror.org/01vc60a40,The Kajima Foundation for the Arts*en,active,nonprofit,,The Kajima Foundation for the Arts*en; 鹿島美術財団*ja,,https://www.kajima-fa.or.jp,,kajima-fa.or.jp,1982,,,,,,,,,Tokyo,Japan,1850147,,,,,,
,https://ror.org/02dbzsk72,77 Business Support Foundation*en,active,funder,,77 Business Support Foundation*en; 七十七ビジネス振興財団*ja,,https://www.77bsf.or.jp/,,77bsf.or.jp,1998,,,,,,,,,Sendai,Japan,2111149,,,,,,
,https://ror.org/038akz181,Muroran Advancement Center of Industrial Technology and Management*en,active,nonprofit,Muroran Techno-Center*en,Muroran Advancement Center of Industrial Technology and Management*en; 室蘭テクノセンター*ja,,https://www.murotech.or.jp/,,murotech.or.jp,1986,,,,,,,,,Muroran,Japan,2129101,,,,,,
,https://ror.org/03cmy8t27,Foundation for Social Contribution*en,active,nonprofit,,Foundation for Social Contribution*en; 社会貢献支援財団*ja,FESCO*en,https://www.fesco.or.jp/,https://ja.wikipedia.org/wiki/%E7%A4%BE%E4%BC%9A%E8%B2%A2%E7%8C%AE%E6%94%AF%E6%8F%B4%E8%B2%A1%E5%9B%A3,fesco.or.jp,1971,,,,,,,Q11588330,Q11588330,Tokyo,Japan,1850147,,,,,,
,https://ror.org/01y4qfw59,Social Welfare Promotion and National Examination Center*en,active,nonprofit,,Social Welfare Promotion and National Examination Center*en; 社会福祉振興・試験センター*ja,,https://www.sssc.or.jp/,https://ja.wikipedia.org/wiki/社会福祉振興・試験センター,sssc.or.jp,1946,,,,,,,Q11588315,Q11588315,Tokyo,Japan,1850147,,,,,,
,https://ror.org/04nc4a821,Moriguchi Foundation of International Exchange*en,active,nonprofit,,Moriguchi Foundation of International Exchange*en; 守口市国際交流協会*ja,,,,,,,,,,,,,,Moriguchi,Japan,1856584,,,,,,
,https://ror.org/00vzx5k28,Foundation for Training and Licensure Examination in Judo Therapy*en,active,nonprofit,,Foundation for Training and Licensure Examination in Judo Therapy*en; 柔道整復研修試験財団*ja,,https://www.zaijusei.com/,https://ja.wikipedia.org/wiki/柔道整復研修試験財団,zaijusei.com,1989,,,,,,,Q11533950,Q11533950,Tokyo,Japan,1850147,,,,,,
,https://ror.org/01kh9my25,Shunju Scholarship Foundation*en,active,nonprofit,,Shunju Scholarship Foundation*en; 春秋育英会*ja,,https://ikueikai.com/,,ikueikai.com,1955,,,,,,,,,Tokyo,Japan,1850147,,,,,,
,https://ror.org/05gcdfw59,Ogasawara Sencha Service School*en,active,nonprofit,,Ogasawara Sencha Service School*en; 小笠原流煎茶道*ja,,https://www.ogasawararyuu.or.jp/,,ogasawararyuu.or.jp,1991,,,,,,,,,Ashiya,Japan,1864985,,,,,,
,https://ror.org/05kkczh12,Komori Memorial Foundation*en,active,nonprofit,,Komori Memorial Foundation*en; 小森記念財団*ja,,,,,1982,,,,,,,,,Takatsuki,Japan,1850910,,,,https://ror.org/028p2c260,,
,https://ror.org/04ban6463,Konishi Foundation for International Exchange*en,active,nonprofit,,Konishi Foundation for International Exchange*en; 小西国際交流財団*ja; La Fondation Konishi pour les Échanges Internationaux*en,,https://konishi-zaidan.org/,,konishi-zaidan.org,1983,,,,,,,Q138026908,Q138026908,Tokyo,Japan,1850147,,,,,,
,https://ror.org/01gvv8e67,Odakyu Foundation*en,active,funder,,Odakyu Foundation*en; 小田急財団*ja,,https://www.odakyu-zaidan.or.jp/,,odakyu-zaidan.or.jp,1992,,,,,,,,,Ebina,Japan,6822128,,,,https://ror.org/002cd1p91,,
,https://ror.org/045b2v620,New Japan Philharmonic*en,active,nonprofit,,New Japan Philharmonic*en; 新日本フィルハーモニー交響楽団*ja,,https://www.njp.or.jp,https://ja.wikipedia.org/wiki/新日本フィルハーモニー交響楽団,njp.or.jp,1972,,,,,,,Q1065584,Q1065584,Tokyo,Japan,1850147,,,,,,
,https://ror.org/049z7xa14,Federation of New Religious Organizations of Japan*en,active,nonprofit,,Federation of New Religious Organizations of Japan*en; 新日本宗教団体連合会*ja,,http://www.shinshuren.or.jp/,https://ja.wikipedia.org/wiki/新日本宗教団体連合会,shinshuren.or.jp,1951,,,,,,,Q8427829,Q8427829,Tokyo,Japan,1850147,,,,,,
,https://ror.org/05j05kz84,Kobe Fashion Organization*en,active,nonprofit,,Kobe Fashion Organization*en; 神戸ファッション協会*ja,KFO*en,https://kfo.or.jp/,,kfo.or.jp,1991,,,,,,,,,Kobe,Japan,1859171,,,,,,
,https://ror.org/002e5br44,Kanagawa Philharmonic Orchestra*en,active,nonprofit,,Kanagawa Philharmonic Orchestra*en; 神奈川フィルハーモニー管弦楽団*ja,,https://www.kanaphil.or.jp/,https://ja.wikipedia.org/wiki/神奈川フィルハーモニー管弦楽団,kanaphil.or.jp,1978,,,,,0000 0004 6914 7887,0000 0004 6914 7887,Q8013142,Q8013142,Yokohama,Japan,1848354,,,,,,
,https://ror.org/00kpt9v55,Ski and Snowboard Association of Kanagawa*en,active,nonprofit,Ski Association of Kanagawa*en; 神奈川県スキー連盟*ja,Ski and Snowboard Association of Kanagawa*en; 神奈川県スキー・スノーボード連盟*ja,SAK*en,https://sak.or.jp/,,sak.or.jp,1939,,,,,,,,,Yokohama,Japan,1848354,,,,https://ror.org/01fsjjr57,,
,https://ror.org/05egszx29,Kanagawa Sewerage Work Foundation*en,active,nonprofit,,Kanagawa Sewerage Work Foundation*en; 神奈川県下水道公社*ja,,https://kanagawa-swf.or.jp/,,kanagawa-swf.or.jp,1980,,,,,,,,,Hiratsuka,Japan,1862462,,,,https://ror.org/0305wnm79,,
,https://ror.org/028eyya33,Kanagawa Prefecture Municipal Promotion Association*en,active,nonprofit,,Kanagawa Prefecture Municipal Promotion Association*en; 神奈川県市町村振興協会*ja,,,,,,,,,,,,,,Yokohama,Japan,1848354,,,,,,
,https://ror.org/0366pmt08,The Kambayashi Scholarship Foundation*en,active,funder,,The Kambayashi Scholarship Foundation*en; 神林留学生奨学会*ja,,https://www.kambayashi-zaidan.or.jp/,,kambayashi-zaidan.or.jp,1984,,,,,,,,,Tokyo,Japan,1850147,,,,,,
,https://ror.org/00gd1f850,Kanzawa Medical Research Foundation*en,active,funder,,Kanzawa Medical Research Foundation*en; 神澤医学研究振興財団*ja,,https://kanzawa-f.kissei.co.jp/,,,1997,,,,,,,,,Matsumoto,Japan,1857519,,,,https://ror.org/028gkfr23,,
,https://ror.org/03khc3885,Center for Human Rights Education and Training*en,active,nonprofit,,Center for Human Rights Education and Training*en; 人権教育啓発推進センター*ja,,https://www.jinken.or.jp/,https://ja.wikipedia.org/wiki/人権教育啓発推進センター,jinken.or.jp,1987,,,,,,,Q11376056,Q11376056,Tokyo,Japan,1850147,,,,,,
,https://ror.org/00zx5j508,"Earth, Water & Green Foundation*en",active,nonprofit,,"Earth, Water & Green Foundation*en; 水と緑の惑星保全機構*ja",,,,,1993,,,,,,,,,Tokyo,Japan,1850147,,,,,,
,https://ror.org/00rvxvn76,Mito Arts Foundation*en,active,nonprofit,,Mito Arts Foundation*en; 水戸市芸術振興財団*ja,,https://www.arttowermito.or.jp/zaidan/,,,,,,,,,,,,Mito,Japan,2111901,,,,,,
,https://ror.org/01k5yqw58,Mito City International Association*en,active,nonprofit,,Mito City International Association*en; 水戸市国際交流協会*ja,,,,,,,,,,,,,,Mito,Japan,2111901,,,,,,
,https://ror.org/00ye7ac27,Japan Naval Association*en,active,nonprofit,,Japan Naval Association*en; 水交会*ja,,https://suikoukai-jp.com/suikoukai/,https://ja.wikipedia.org/wiki/%E6%B0%B4%E4%BA%A4%E4%BC%9A,,1954,,,,,,,Q11548263,Q11548263,Tokyo,Japan,1850147,,,,,,
,https://ror.org/04tp1dg63,The Mathematical Olympiad Foundation of Japan*en,active,nonprofit,,The Mathematical Olympiad Foundation of Japan*en; 数学オリンピック財団*ja,,https://www.imojp.org/,,imojp.org,1991,,,,,,,,,Tokyo,Japan,1850147,,,,,,
,https://ror.org/00dpjha63,Religions for Peace Japan*en,active,nonprofit,World Conference of Religions for Peace Japan*en; WCRP Japan*en,Religions for Peace Japan*en; 世界宗教者平和会議日本委員会*ja,,https://www.wcrp.or.jp/,https://ja.wikipedia.org/wiki/世界宗教者平和会議日本委員会,wcrp.or.jp,1984,,,,,,,Q21444852,Q21444852,Tokyo,Japan,1850147,,,,,,
,https://ror.org/01cxg2513,Morioka International Relations Association*en,active,nonprofit,,Morioka International Relations Association*en; 盛岡国際交流協会*ja,MIRA*en,https://www.mira-morioka.com,,mira-morioka.com,1992,,,,,,,,,Morioka,Japan,2111834,,,,,,
,https://ror.org/01yf1dp62,Nishinomiya City International Association*en,active,nonprofit,,Nishinomiya City International Association*en; 西宮市国際交流協会*ja,NIA*en,https://www.nishi.or.jp/shisei/seisaku/tabunkakyosei/nia/index.html,,,1992,,,,,,,,,Nishinomiya,Japan,1855207,,,,,,
,https://ror.org/05g3d3n67,Kitakyushu Convention & Visitors Association*en,active,nonprofit,West Japan Industry and Trade Exhibition Association*en,Kitakyushu Convention & Visitors Association*en; 北九州観光コンベンション協会*ja; 西日本産業貿易コンベンション協会*ja,,https://hello-kitakyushu.or.jp/,,hello-kitakyushu.or.jp,1976,,,,,,,,,Kitakyushu,Japan,1859307,,,,,,
,https://ror.org/00d5whe35,Aomori International Exchange Association*en,active,nonprofit,,Aomori International Exchange Association*en; 青森県国際交流協会*ja,,,,,,,,,,,,,,Aomori,Japan,2130658,,,,,,
,https://ror.org/03vk30t92,Shizuoka Association for International Relations*en,active,nonprofit,,Shizuoka Association for International Relations*en; 静岡県国際交流協会*ja,SIR*en,https://www.sir.or.jp/,,sir.or.jp,,,,,,,,,,Shizuoka,Japan,1851717,,,,,,
,https://ror.org/020wvw865,Ishikawa Orchestra Foundation*en,active,nonprofit,,Ishikawa Orchestra Foundation*en; 石川県音楽文化振興事業団*ja,,https://www.oek.jp/,,oek.jp,,,,,,,,,,Kanazawa,Japan,1860243,,,,,,
,https://ror.org/02ejx0c73,Sendai City Medical Center*en,active,healthcare,Sendai Open Hospital*en,Sendai City Medical Center*en; 仙台市医療センター*ja; 仙台オープン病院*ja,,https://www.openhp.or.jp/,,openhp.or.jp,1976,,,,,,,,,Sendai,Japan,2111149,,,,https://ror.org/05r7hdk89,,
,https://ror.org/03e2hp829,Sendai Open Hospital*en,active,healthcare,,Sendai Open Hospital*en; 仙台市医療センター仙台オープン病院*ja,,https://www.openhp.or.jp/,,openhp.or.jp,1976,,,,,,,Q55524862,Q55524862,Sendai,Japan,2111149,,,,,,
,https://ror.org/023fy9768,Sendai City Green Association*en,active,nonprofit,,Sendai City Green Association*en; 仙台市公園緑地協会*ja,,https://sendai-green-association.jp/,,sendai-green-association.jp,1967,,,,,,,,,Sendai,Japan,2111149,,,,,,
,https://ror.org/04f9hx620,Kawasaki Fire Protection Corporation*en,active,nonprofit,,Kawasaki Fire Protection Corporation*en; 川崎市消防防災指導公社*ja,,https://www.kfpc.or.jp/,,kfpc.or.jp,1992,,,,,,,,,Kawasaki,Japan,1859642,,,,,,
,https://ror.org/00x8xaw86,Japan Racing and Livestock Promotion Foundation*en,active,funder,,Japan Racing and Livestock Promotion Foundation*en; 全国競馬・畜産振興会*ja,JRL*en,https://jrl.jp/,,jrl.jp,1991,,,,,,,,,Tokyo,Japan,1850147,,,,,,
,https://ror.org/04nzn8t80,The ZENSEIKYO FOUNDATION for youth and child welfare*en,active,nonprofit,,The ZENSEIKYO FOUNDATION for youth and child welfare*en; 全国青少年教化協議会*ja,,http://www.zenseikyo.or.jp/,,zenseikyo.or.jp,1963,,,,,,,Q94524504,Q94524504,Tokyo,Japan,1850147,,,,,,
,https://ror.org/03h91zp02,National Association of Small and Medium Enterprise Promotion Organizations*en,active,nonprofit,全国中小企業取引振興協会*ja,National Association of Small and Medium Enterprise Promotion Organizations*en; 全国中小企業振興機関協会*ja,,https://www.zenkyo.or.jp/,,zenkyo.or.jp,,,,,,,,,,Tokyo,Japan,1850147,,,,,,
,https://ror.org/04de1wb89,National Association of Small and Medium Enterprise Promotion Organizations*en,active,nonprofit,,National Association of Small and Medium Enterprise Promotion Organizations*en; 全国中小企業振興機関協会*ja,,https://www.zenkyo.or.jp/,,zenkyo.or.jp,,,,,,,,,,Tokyo,Japan,1850147,,,,,,
,https://ror.org/03grbkq68,Japan National Crime Prevention Association*en,active,nonprofit,,Japan National Crime Prevention Association*en; 全国防犯協会連合会*ja,,https://www.bohan.or.jp/,,bohan.or.jp,,,,,,,,,,Tokyo,Japan,1850147,,,,,,
,https://ror.org/0107fmd70,National Foster Parent Association of Japan*en,active,nonprofit,,National Foster Parent Association of Japan*en; 全国里親会*ja,,https://www.zensato.or.jp/,,zensato.or.jp,1971,,,,,,,,,Tokyo,Japan,1850147,,,,,,
,https://ror.org/00sfybq02,Japan Federation of Senior Citizens Clubs*en,active,nonprofit,,Japan Federation of Senior Citizens Clubs*en; 全国老人クラブ連合会*ja,,https://www.zenrouren.com/,https://ja.wikipedia.org/wiki/%E5%85%A8%E5%9B%BD%E8%80%81%E4%BA%BA%E3%82%AF%E3%83%A9%E3%83%96%E9%80%A3%E5%90%88%E4%BC%9A,zenrouren.com,,,,,,,,Q122440786,Q122440786,Tokyo,Japan,1850147,,,,,,
,https://ror.org/00w3m2d68,All Japan Naginata Federation*en,active,nonprofit,,All Japan Naginata Federation*en; 全日本なぎなた連盟*ja,,https://www.naginata.jp/,https://ja.wikipedia.org/wiki/全日本なぎなた連盟,naginata.jp,1955,,,,,,,Q11389883,Q11389883,Itami,Japan,1861310,,,,,,
,https://ror.org/00xzq2630,Japan Bowling Congress*en,active,nonprofit,Japan Bowling*en,Japan Bowling Congress*en; 全日本ボウリング協会*ja,JB*en,https://www.japan-bowling.or.jp/,https://ja.wikipedia.org/wiki/JAPAN_BOWLING,japan-bowling.or.jp,1964,,,,,,,Q6156530,Q6156530,Tokyo,Japan,1850147,,,,,,
,https://ror.org/05av1t979,All Nippon Kyudo Federation*en,active,nonprofit,,All Nippon Kyudo Federation*en; 全日本弓道連盟*ja,ANKF*en,https://www.kyudo.jp/,https://ja.wikipedia.org/wiki/%E5%85%A8%E6%97%A5%E6%9C%AC%E5%BC%93%E9%81%93%E9%80%A3%E7%9B%9F,kyudo.jp,1953,,,,,,,Q11390179,Q11390179,Tokyo,Japan,1850147,,,,,,
,https://ror.org/04resq881,Japan Rubber Baseball Association*en,active,nonprofit,,Japan Rubber Baseball Association*en; 全日本軟式野球連盟*ja,JSBB*en,https://jsbb.or.jp/,https://ja.wikipedia.org/wiki/全日本軟式野球連盟,jsbb.or.jp,1946,,,,,,,Q11390249,Q11390249,Tokyo,Japan,1850147,,,,,,
,https://ror.org/02p0k4229,Sojitz Foundation*en,active,funder,,Sojitz Foundation*en; 双日国際交流財団*ja,,https://www.sojitz-zaidan.or.jp,,sojitz-zaidan.or.jp,1988,,,,,,,,,Tokyo,Japan,1850147,,,,,,
,https://ror.org/03hjrpc81,Sagamihara City Town and Greenery Public Corporation*en,active,nonprofit,Sagamiharashi Machimidori*en,Sagamihara City Town and Greenery Public Corporation*en; 相模原市まち・みどり公社*ja,,https://www.sagamiharashi-machimidori.or.jp/,,sagamiharashi-machimidori.or.jp,1962,,,,,,,,,Sagamihara,Japan,11611609,,,,,,
,https://ror.org/02sf75v36,Sagamihara Culture Foundation*en,active,nonprofit,,Sagamihara Culture Foundation*en; 相模原市民文化財団*ja,,https://hall-net.or.jp/,,hall-net.or.jp,1989,,,,,,,,,Sagamihara,Japan,11611609,,,,,,
,https://ror.org/034c2hy04,"Foundation for Interaction in Science & Technology, Japan*en",active,funder,,"Foundation for Interaction in Science & Technology, Japan*en; 総合工学振興財団*ja",FIST*en,http://www.fist.or.jp,,fist.or.jp,1995,,,,,,,,,Tokyo,Japan,1850147,,,,,,
,https://ror.org/01bzx7c54,Kusano River Side Woods Bank Trust Foundation*en,active,nonprofit,,Kusano River Side Woods Bank Trust Foundation*en; 草野河畔林トラスト財団*ja,,https://kahanrin.kusanosk.co.jp/,,kahanrin.kusanosk.co.jp,,,,,,,,,,Ebetsu,Japan,2130404,,,,,,
,https://ror.org/04wsjn110,Health Research Foundation*en,active,nonprofit,,Health Research Foundation*en; 体質研究会*ja,,http://www.taishitsu.or.jp/,,taishitsu.or.jp,1941,,,,,,,,,Kyoto,Japan,1857910,,,,,,
,https://ror.org/040rgyp51,The Osaka YMCA*en,active,nonprofit,,The Osaka YMCA*en; 大阪YMCA*ja,,https://osakaymca.or.jp,,osakaymca.or.jp,1882,,,,,,,,,Osaka,Japan,1853909,,,,,,
,https://ror.org/01dybmw32,Osaka Green Trust*en,active,nonprofit,,Osaka Green Trust*en; 大阪みどりのトラスト協会*ja,,https://ogtrust.jp/,,ogtrust.jp,1989,,,,,,,,,Osaka,Japan,1853909,,,,,,
,https://ror.org/00ef5v455,Osaka International House Foundation*en,active,nonprofit,,Osaka International House Foundation*en; 大阪国際交流センター*ja,,https://www.ih-osaka.or.jp/,,ih-osaka.or.jp,,,,,,,,,,Osaka,Japan,1853909,,,,,,
,https://ror.org/0191s6n60,Osaka International Peace Center*en,active,archive,ピースおおさか*ja,Osaka International Peace Center*en; 大阪国際平和センター*ja,,https://www.peace-osaka.or.jp/,https://ja.wikipedia.org/wiki/%E5%A4%A7%E9%98%AA%E5%9B%BD%E9%9A%9B%E5%B9%B3%E5%92%8C%E3%82%BB%E3%83%B3%E3%82%BF%E3%83%BC,peace-osaka.or.jp,1989,,,,,,,Q7105564,Q7105564,Osaka,Japan,1853909,,,,,,
,https://ror.org/03t095426,Osaka Business Development Agency*en,active,nonprofit,Osaka Foundation for Trade and Industry*en; 大阪産業振興機構*ja,,OBDA*en,https://www.obda.or.jp/,,obda.or.jp,2019,,,,,,,,,Osaka,Japan,1853909,,,,,,
,https://ror.org/03vk5ma30,Osaka Social Movement Institute*en,active,nonprofit,,Osaka Social Movement Institute*en; 大阪社会運動協会*ja,,https://shaunkyo.jp/,https://ja.wikipedia.org/wiki/大阪社会運動協会,shaunkyo.jp,1978,,,,,,,,,Osaka,Japan,1853909,,,,,,
,https://ror.org/020g70t53,Osaka Foundation of International Exchange*en,active,nonprofit,,Osaka Foundation of International Exchange*en; 大阪府国際交流財団*ja,OFIX*en,https://www.ofix.or.jp/,,ofix.or.jp,1989,,,,,,,,,Osaka,Japan,1853909,,,,,,
,https://ror.org/038npyt16,Promotion Association of Municipalities in Osaka Prefecture*en,active,nonprofit,,Promotion Association of Municipalities in Osaka Prefecture*en; 大阪府市町村振興協会*ja,,https://www.masse.or.jp,,masse.or.jp,1979,,,,,,,,,Osaka,Japan,1853909,,,,,,
,https://ror.org/02f7zyw89,Osaka Center for Cancer and Cardiovascular Disease Prevention*en,active,healthcare,Osaka Center for Cancer and Cardiovascular Diseases Prevention*en,Osaka Center for Cancer and Cardiovascular Disease Prevention*en; 大阪がん循環器病予防センター*ja,,https://www.osaka-ganjun.jp/,,osaka-ganjun.jp,,,,,,,,,,Osaka,Japan,1853909,,https://ror.org/0493g0246,,,,
,https://ror.org/00ksk7j18,Otsu International Goodwill Association*en,active,nonprofit,,Otsu International Goodwill Association*en; 大津市国際親善協会*ja,OIGA*en,https://oiga.jp/,,oiga.jp,1978,,,,,,,,,Ōtsu,Japan,1853574,,,,,,
,https://ror.org/040m9kn88,Daido Life Welfare Foundation*en,active,nonprofit,,Daido Life Welfare Foundation*en; 大同生命厚生事業団*ja,,https://www.daido-life-welfare.or.jp/,,daido-life-welfare.or.jp,1974,,,,,,,,,Osaka,Japan,1853909,,,,,,
,https://ror.org/00xjs4z95,Daido Life Foundation*en,active,funder,,Daido Life Foundation*en; 大同生命国際文化基金*ja,,https://www.daido-life-fd.or.jp/,,daido-life-fd.or.jp,1985,,,,,,,,,Osaka,Japan,1853909,,,,,,
,https://ror.org/02mk35489,"Daiyukyo Foundation of International Exchange, Assistance & Research*en",active,nonprofit,,"Daiyukyo Foundation of International Exchange, Assistance & Research*en; 大遊協国際交流・援助・研究協会*ja",,https://www.daiyukyo-kokusaikoryu.or.jp/,https://ja.wikipedia.org/wiki/大遊協国際交流・援助・研究協会,daiyukyo-kokusaikoryu.or.jp,1991,,,,,,,Q11439347,Q11439347,Osaka,Japan,1853909,,,,,,
,https://ror.org/01yf2g939,Yamato International Association*en,active,nonprofit,,Yamato International Association*en; 大和市国際化協会*ja,,https://www.yamato-kokusai.or.jp/,,yamato-kokusai.or.jp,1994,,,,,,,,,Yamato,Japan,11611478,,,,,,
,https://ror.org/00wxrxg66,Daiwa Securities Foundation*en,active,funder,大和証券福祉財団*ja,Daiwa Securities Foundation*en; 大和証券財団*ja,,https://www.daiwa-grp.jp/dsz/,,,1994,,,,,,,,,Tokyo,Japan,1850147,,,,https://ror.org/01kadkk98,,https://ror.org/007pxvx88
,https://ror.org/05mxmyg16,Osawa Scientific Studies Grants Foundation*en,active,funder,,Osawa Scientific Studies Grants Foundation*en; 大澤科学技術振興財団*ja,,https://www.osawazaidan.or.jp/,,osawazaidan.or.jp,1991,,,,,,,,,Toyokawa,Japan,1849845,,,,https://ror.org/041jr6h53,,
,https://ror.org/00x5exm69,Tanikawa Fund Promotion of Thermal Technology*en,active,funder,Tanikawa Fund*en,Tanikawa Fund Promotion of Thermal Technology*en; 谷川熱技術振興基金*ja,,,,,,,,,,,,,,Osaka,Japan,1853909,,,,,,
,https://ror.org/03hg76710,The Japan Association of Promotion and Leasing for Animal Production*en,active,nonprofit,,The Japan Association of Promotion and Leasing for Animal Production*en; 畜産近代化リース協会*ja,,,,,1975,,,,,,,,,Tokyo,Japan,1850147,,,,,,
,https://ror.org/034bwfa64,Chūō Institute for Educational Research*en,active,nonprofit,,Chūō Institute for Educational Research*en; 中央教育研究所*ja,,https://www.chu-ken.jp,,chu-ken.jp,1946,,,,,,,,,Tokyo,Japan,1850147,,,,,,
,https://ror.org/01n9s1h89,Electric Technology Research Foundation of Chugoku*en,active,nonprofit,,Electric Technology Research Foundation of Chugoku*en; 中国電力技術研究財団*ja,,https://www.etrfc.or.jp,,etrfc.or.jp,1991,,,,,,,,,Hiroshima,Japan,1862415,,,,https://ror.org/02va37h22,,
,https://ror.org/01xfwmd08,The Korean Scholarship Foundation*en,active,nonprofit,,The Korean Scholarship Foundation*en; 朝鮮奨学会*ja,,https://www.korean-s-f.or.jp,https://ja.wikipedia.org/wiki/朝鮮奨学会,korean-s-f.or.jp,1943,,,,,,,Q11517837,Q11517837,Tokyo,Japan,1850147,,,,,,
,https://ror.org/05kt45g14,Intestinal Microbiology Society*en,active,nonprofit,Japan Bifidus Foundation*en,Intestinal Microbiology Society*en; 腸内細菌学会*ja,IMS*en,https://bifidus-fund.jp/,,bifidus-fund.jp,1981,,,,,,,,,Tokyo,Japan,1850147,,,,,,
,https://ror.org/03k0w9w13,Foundation for the Promotion of Chofu City's Culture & Community*en,active,nonprofit,,Foundation for the Promotion of Chofu City's Culture & Community*en; 調布市文化・コミュニティ振興財団*ja,,https://www.chofu-culture-community.org/,,chofu-culture-community.org,,,,,,,,,,Chōfu,Japan,1864518,,,,,,
,https://ror.org/01xhhfq20,Nagaoka International Exchange Association*en,active,nonprofit,,Nagaoka International Exchange Association*en; 長岡市国際交流協会*ja,,https://www.niea.or.jp,,niea.or.jp,1995,,,,,,,,,Nagaoka,Japan,1856199,,,,,,
,https://ror.org/03pbj6b87,Nagasaki Foundation for the Promotion of Peace*en,active,nonprofit,,Nagasaki Foundation for the Promotion of Peace*en; 長崎平和推進協会*ja,,https://www.peace-wing-n.or.jp/,,peace-wing-n.or.jp,1984,,,,,,,,,Nagasaki,Japan,1856177,,,,,,
,https://ror.org/00r9y2c11,Nagano Prefecture Construction Technology Center*en,active,nonprofit,,Nagano Prefecture Construction Technology Center*en; 長野県建設技術センター*ja,,https://npctc.or.jp/,,npctc.or.jp,1972,,,,,,,,,Nagano,Japan,1856215,,,,,,
,https://ror.org/045hd6f66,Association of Nagano Pref. for Internationalization*en,active,nonprofit,,Association of Nagano Pref. for Internationalization*en; 長野県国際化協会*ja,ANPI*en,http://www.anpie.or.jp/,,anpie.or.jp,1989,,,,,,,,,Nagano,Japan,1856215,,,,,,
,https://ror.org/045yh1063,Nagano Industrial and Commercial Encouragement Organization*en,active,nonprofit,長野県中小企業振興センター*ja,Nagano Industrial and Commercial Encouragement Organization*en; 長野県産業振興機構*ja,,https://www.nice-o.or.jp,,nice-o.or.jp,2022,,,,,,,,,Nagano,Japan,1856215,,,,,,
,https://ror.org/05jsaq721,Niwano Peace Foundation*en,active,nonprofit,,Niwano Peace Foundation*en; 庭野平和財団*ja,,https://www.npf.or.jp/,,npf.or.jp,1978,,,,,,,Q100347877,Q100347877,Tokyo,Japan,1850147,,,,,,
,https://ror.org/012y1a566,Foundation for Promotion of Astronomy*en,active,nonprofit,,Foundation for Promotion of Astronomy*en; 天文学振興財団*ja,,http://www.fpastron.jp/,https://ja.wikipedia.org/wiki/天文学振興財団,fpastron.jp,1994,,,,,,,Q11442653,Q11442653,Mitaka,Japan,11790343,,,,,,
,https://ror.org/01asygb83,The Promotion Foundation for Electrical Science and Engineering*en,active,nonprofit,,The Promotion Foundation for Electrical Science and Engineering*en; 電気科学技術奨励会*ja,,https://shoureikai.or.jp/,,shoureikai.or.jp,1962,,,,,,,,,Tokyo,Japan,1850147,,,,,,
,https://ror.org/043cht316,East Asian Circle of Applied Technology*en,active,nonprofit,,East Asian Circle of Applied Technology*en; 東亜留学生育友会*ja,EACAT*en,https://www.eacat.or.jp/,,eacat.or.jp,1980,,,,,,,,,Yokohama,Japan,1848354,,,,,,
,https://ror.org/055nfcy22,Tokyo Symphony Orchestra*en,active,nonprofit,,Tokyo Symphony Orchestra*en; 東京交響楽団*ja,,https://tokyosymphony.jp,https://ja.wikipedia.org/wiki/東京交響楽団,tokyosymphony.jp,1946,,,,,,,Q1142847,Q1142847,Tokyo,Japan,1850147,,,,,,
,https://ror.org/05f12dx96,Tokyo Tax Association*en,active,nonprofit,,Tokyo Tax Association*en; 東京税務協会*ja,,https://www.zeikyo.or.jp,,zeikyo.or.jp,1952,,,,,,,,,Tokyo,Japan,1850147,,,,,,
,https://ror.org/036kjs568,Tokyo Metropolitan Symphony Orchestra*en,active,nonprofit,,Tokyo Metropolitan Symphony Orchestra*en; 東京都交響楽団*ja,TMSO*en,https://www.tmso.or.jp/,https://ja.wikipedia.org/wiki/東京都交響楽団,tmso.or.jp,1965,,,,,0000 0001 1729 1826,0000 0001 1729 1826,Q1066359,Q1066359,Tokyo,Japan,1850147,,,,https://ror.org/01v42ys47,,
,https://ror.org/00dmf7e31,Tokyo Metropolitan Human Rights Promotion Center*en,active,nonprofit,,Tokyo Metropolitan Human Rights Promotion Center*en; 東京都人権啓発センター*ja,TMHRPC*en,https://www.tokyo-jinken.or.jp/,,tokyo-jinken.or.jp,1998,,,,,,,,,Tokyo,Japan,1850147,,,,https://ror.org/01v42ys47,,
,https://ror.org/0478e5396,Tokyo Metropolitan Small and Medium Enterprise Support Center*en,active,nonprofit,,Tokyo Metropolitan Small and Medium Enterprise Support Center*en; 東京都中小企業振興公社*ja,,https://www.tokyo-kosha.or.jp/,,tokyo-kosha.or.jp,1966,,,,,,,,,Tokyo,Japan,1850147,,,,,,
,https://ror.org/02y47e121,Tokyo Metropolitan Public Corporation for Road Improvement and Management*en,active,nonprofit,,Tokyo Metropolitan Public Corporation for Road Improvement and Management*en; 東京都道路整備保全公社*ja,,https://www.tmpc.or.jp/,,tmpc.or.jp,1960,,,,,,,,,Tokyo,Japan,1850147,,,,,,
,https://ror.org/00svg5w84,"Tokyo Development Foundation for Agriculture, Forestry and Fisheries*en",active,nonprofit,,"Tokyo Development Foundation for Agriculture, Forestry and Fisheries*en; 東京都農林水産振興財団*ja",,https://www.tokyo-aff.or.jp/,,tokyo-aff.or.jp,1991,,,,,,,Q108204225,Q108204225,Tachikawa,Japan,11611487,,,https://ror.org/00ge9bp23,,,
,https://ror.org/040sde350,Tokyo Metropolitan Tama-Nambu Hospital*en,active,healthcare,Tama-Nambu Chiiki Hospital*en; Tokyo Metropolitan Tama-Nambu Chiiki Hospital*en,Tokyo Metropolitan Tama-Nambu Hospital*en; 東京都立多摩南部地域病院*ja; 多摩南部地域病院*ja,,https://www.tmhp.jp/tamanan/,,,1993,,,,,,,,,Tama,Japan,6822129,,https://ror.org/04y0s1771,,,,
,https://ror.org/03vrewq72,Tokyo Metropolitan Tobu Chiiki Hospital*en,active,healthcare,Tobu Chiiki Hospital*en; 東京都保健医療公社東部地域病院*ja,Tokyo Metropolitan Tobu Chiiki Hospital*en; 東京都立東部地域病院*ja,,https://www.tmhp.jp/tobu/,https://ja.wikipedia.org/wiki/東京都立東部地域病院,,1990,,,,,,,Q11525251,Q11525251,Tokyo,Japan,1850147,,https://ror.org/04y0s1771,,,,
,https://ror.org/01na8ef06,"Tokyo Metropolitan Center for Disaster Prevention, Architecture and Community Development*en",active,nonprofit,,"Tokyo Metropolitan Center for Disaster Prevention, Architecture and Community Development*en; 東京都防災・建築まちづくりセンター*ja",,https://www.tokyo-machidukuri.or.jp/,,tokyo-machidukuri.or.jp,1998,,,,,,,,,Tokyo,Japan,1850147,,,,,,
,https://ror.org/00wa9gk90,Tokyo Nikikai Opera Foundation*en,active,nonprofit,,Tokyo Nikikai Opera Foundation*en; 東京二期会*ja,,https://nikikai.jp,https://ja.wikipedia.org/wiki/%E6%9D%B1%E4%BA%AC%E4%BA%8C%E6%9C%9F%E4%BC%9A,nikikai.jp,1977,,,,,,,Q11524514,Q11524514,Tokyo,Japan,1850147,,,,,,
,https://ror.org/041cxt833,Tokyo Disaster Prevention & Emergency Medical Service Association*en,active,nonprofit,,Tokyo Disaster Prevention & Emergency Medical Service Association*en; 東京防災救急協会*ja,,https://www.tokyo-bousai.or.jp,,tokyo-bousai.or.jp,1973,,,,,,,,,Tokyo,Japan,1850147,,,,,,
,https://ror.org/027cq0s32,Real Estate Information Network for East Japan*en,active,nonprofit,,Real Estate Information Network for East Japan*en; 東日本不動産流通機構*ja,,https://www.reins.or.jp,,reins.or.jp,1990,,,,,,,,,Tokyo,Japan,1850147,,,,,,
,https://ror.org/059pq6s75,"Foundation for Training and Licensure Examination in Anma-Massage-Acupressure, Acupuncture and Moxibustion*en",active,nonprofit,,"Foundation for Training and Licensure Examination in Anma-Massage-Acupressure, Acupuncture and Moxibustion*en; 東洋療法研修試験財団*ja",,https://ahaki.or.jp/,https://ja.wikipedia.org/wiki/%E6%9D%B1%E6%B4%8B%E7%99%82%E6%B3%95%E7%A0%94%E4%BF%AE%E8%A9%A6%E9%A8%93%E8%B2%A1%E5%9B%A3,ahaki.or.jp,1990,,,,,,,Q11527668,Q11527668,Tokyo,Japan,1850147,,,,,,
,https://ror.org/00bbttp25,Fujisawa City Future Creation Foundation*en,active,nonprofit,,Fujisawa City Future Creation Foundation*en; 藤沢市みらい創造財団*ja; 公益財団法人藤沢市みらい創造財団*ja,,https://f-mirai.jp/,,f-mirai.jp,2010,,,,,,,,,Fujisawa,Japan,1864092,,,,,,
,https://ror.org/05e4nt014,Special Attack Forces War Dead Memorial Foundation*en,active,nonprofit,,Special Attack Forces War Dead Memorial Foundation*en; 特攻隊戦没者慰霊顕彰会*ja,,https://tokkotai.or.jp/,,tokkotai.or.jp,1993,,,,,,,,,Tokyo,Japan,1850147,,,,,,
,https://ror.org/004kskz32,Yomiuri Nippon Symphony Orchestra*en,active,nonprofit,,Yomiuri Nippon Symphony Orchestra*en; 読売日本交響楽団*ja,,https://yomikyo.or.jp/,https://ja.wikipedia.org/wiki/読売日本交響楽団,yomikyo.or.jp,1962,,,,,0000 0001 2151 9651,0000 0001 2151 9651,Q907497,Q907497,Tokyo,Japan,1850147,,,,,,
,https://ror.org/044qrdw49,Nantan City Information Center*en,active,nonprofit,,Nantan City Information Center*en; 南丹市情報センター*ja,,,https://ja.wikipedia.org/wiki/南丹市情報センター,,1992,,,,,,,Q11407393,Q11407393,Nantan,Japan,11612558,,,,,,
,https://ror.org/05gn5dk23,Associazione Italo-Giapponese*en,active,nonprofit,,Associazione Italo-Giapponese*en; 日伊協会*ja,,https://www.aigtokyo.or.jp/,https://ja.wikipedia.org/wiki/日伊協会,aigtokyo.or.jp,1940,,,,,,,Q30923963,Q30923963,Tokyo,Japan,1850147,,,,,,
,https://ror.org/04621m174,The Japan-Korea Cultural Foundation*en,active,nonprofit,,The Japan-Korea Cultural Foundation*en; 日韓文化交流基金*ja,,https://jkcf.or.jp/,,jkcf.or.jp,1983,,,,,,,,,Tokyo,Japan,1850147,,,,,,
,https://ror.org/04ffg1f63,Japan China Skilled-Workers Exchange Center*en,active,nonprofit,Foundation for Asian Human Resources Development*en; HRsD Asia*en; 日中勤労者交流センター*ja,Japan China Skilled-Workers Exchange Center*en; 日中技能者交流センター*ja,,http://www.jcsec.or.jp/,,jcsec.or.jp,1986,,,,,,,,,Tokyo,Japan,1850147,,,,,,
,https://ror.org/01kzzqj69,Japanisch-Deutsche Gesellschaft*en,active,nonprofit,,Japanisch-Deutsche Gesellschaft*en; 日独協会*ja,,https://www.jdg.or.jp/,https://ja.wikipedia.org/wiki/日独協会,jdg.or.jp,1953,,,,,,,Q122639507,Q122639507,Tokyo,Japan,1850147,,,,,,
,https://ror.org/04g2smf38,National Council of YMCAs of Japan*en,active,nonprofit,,National Council of YMCAs of Japan*en; 日本YMCA同盟*ja,,https://www.ymcajapan.org,,ymcajapan.org,1903,,,,,,,Q134409329,Q134409329,Tokyo,Japan,1850147,,,,,,
,https://ror.org/04pybnj16,Japan Ice Hockey Federation*en,active,nonprofit,,Japan Ice Hockey Federation*en; 日本アイスホッケー連盟*ja,JIHF*en,https://www.jihf.or.jp/,https://ja.wikipedia.org/wiki/日本アイスホッケー連盟,jihf.or.jp,,,,,,,,Q917289,Q917289,Tokyo,Japan,1850147,,,,,,
,https://ror.org/020q7ty57,Japan Christian Women's Organization*en,active,nonprofit,,Japan Christian Women's Organization*en; 日本キリスト教婦人矯風会*ja,,https://kyofukai.jp,https://ja.wikipedia.org/wiki/%E6%97%A5%E6%9C%AC%E3%82%AD%E3%83%AA%E3%82%B9%E3%83%88%E6%95%99%E5%A9%A6%E4%BA%BA%E7%9F%AF%E9%A2%A8%E4%BC%9A,kyofukai.jp,1886,,,,,0000 0001 0694 1707,0000 0001 0694 1707,Q11506382,Q11506382,Tokyo,Japan,1850147,,,,,,
,https://ror.org/01gjxwe53,Nippon Christian Academy*en,active,nonprofit,,Nippon Christian Academy*en; 日本クリスチャン・アカデミー*ja,,https://www.academy-nippon.com,https://ja.wikipedia.org/wiki/%E6%97%A5%E6%9C%AC%E3%82%AF%E3%83%AA%E3%82%B9%E3%83%81%E3%83%A3%E3%83%B3%E3%83%BB%E3%82%A2%E3%82%AB%E3%83%87%E3%83%9F%E3%83%BC,academy-nippon.com,1961,,,,,,,,,Kyoto,Japan,1857910,,,,,,
,https://ror.org/03tmb8h67,Japan Gateball Union*en,active,nonprofit,,Japan Gateball Union*en; 日本ゲートボール連合*ja,JGU*en,https://gateball.or.jp/,https://ja.wikipedia.org/wiki/日本ゲートボール連合,gateball.or.jp,1984,,,,,,,Q11506435,Q11506435,Tokyo,Japan,1850147,,,,,,
,https://ror.org/002c89393,Japan Cycling Association*en,active,nonprofit,,Japan Cycling Association*en; 日本サイクリング協会*ja,,,https://ja.wikipedia.org/wiki/日本サイクリング協会,,,,,,,,,Q11506469,Q11506469,Tokyo,Japan,1850147,,,,,,
,https://ror.org/03zv24z21,Japan Cherry Blossom Association*en,active,nonprofit,,Japan Cherry Blossom Association*en; 日本さくらの会*ja,,https://www.sakuranokai.or.jp/,,sakuranokai.or.jp,1964,,,,,,,Q71778029,Q71778029,Tokyo,Japan,1850147,,,,,,
,https://ror.org/01as02a82,Japan Soft Tennis Association*en,active,nonprofit,,Japan Soft Tennis Association*en; 日本ソフトテニス連盟*ja,JSTA*en,https://jsta.or.jp/,https://ja.wikipedia.org/wiki/日本ソフトテニス連盟,jsta.or.jp,1924,,,,,,,Q11506573,Q11506573,Tokyo,Japan,1850147,,,,,,
,https://ror.org/04trdfk63,Japan Softball Association*en,active,nonprofit,,Japan Softball Association*en; 日本ソフトボール協会*ja,JSA*en,https://www.softball.or.jp/,,softball.or.jp,1949,,,,,,,Q11506574,Q11506574,Tokyo,Japan,1850147,,,,,,
,https://ror.org/03d6hh282,Nippon Charity Kyokai*en,active,nonprofit,,Nippon Charity Kyokai*en; 日本チャリティ協会*ja,,https://charitykyokai.or.jp/,,charitykyokai.or.jp,1966,,,,,,,,,Tokyo,Japan,1850147,,,,,,
,https://ror.org/02yc8xd76,Japan National Trust for Cultural and Natural Heritage Conservation*en,active,nonprofit,Japan National Trust*en,Japan National Trust for Cultural and Natural Heritage Conservation*en; 日本ナショナルトラスト*ja,JNT*en,http://www.national-trust.or.jp/,https://ja.wikipedia.org/wiki/日本ナショナルトラスト,national-trust.or.jp,1968,,,,,,,Q3873198,Q3873198,Tokyo,Japan,1850147,,,,,,
,https://ror.org/04pte3514,Japan Bound Tennis Association*en,active,nonprofit,,Japan Bound Tennis Association*en; 日本バウンドテニス協会*ja,,https://boundtennis.or.jp/,https://ja.wikipedia.org/wiki/%E6%97%A5%E6%9C%AC%E3%83%90%E3%82%A6%E3%83%B3%E3%83%89%E3%83%86%E3%83%8B%E3%82%B9%E5%8D%94%E4%BC%9A,boundtennis.or.jp,1981,,,,,,,Q11506743,Q11506743,Tokyo,Japan,1850147,,,,,,
,https://ror.org/03q4ybx26,Japan Philharmonic Orchestra*en,active,nonprofit,,Japan Philharmonic Orchestra*en; 日本フィルハーモニー交響楽団*ja,,https://japanphil.or.jp/,https://ja.wikipedia.org/wiki/日本フィルハーモニー交響楽団,japanphil.or.jp,1956,,,,,0000 0001 2035 0719,0000 0001 2035 0719,Q6157776,Q6157776,Tokyo,Japan,1850147,,,,,,
,https://ror.org/0073v4m69,Japan Ballroom Dance Federation*en,active,nonprofit,,Japan Ballroom Dance Federation*en; 日本ボールルームダンス連盟*ja,JBDF*en,https://www.jbdf.or.jp/,,jbdf.or.jp,,,,,,,,,,Tokyo,Japan,1850147,,,,,,
,https://ror.org/0236pq913,The Japan Mendel Society*en,active,nonprofit,,The Japan Mendel Society*en; 日本メンデル協会*ja,JMS*en,https://square.umin.ac.jp/mendel/,,,1985,,,,,,,Q120043678,Q120043678,Tokyo,Japan,1850147,,,,,,
,https://ror.org/034y51079,Development Association for Youthleaders*en,active,nonprofit,,Development Association for Youthleaders*en; 日本ユースリーダー協会*ja,,https://www.youthleader.or.jp/,,youthleader.or.jp,1969,,,,,,,,,Tokyo,Japan,1850147,,,,,,
,https://ror.org/020egfk75,Japan Committee for UNICEF*en,active,nonprofit,,Japan Committee for UNICEF*en; 日本ユニセフ協会*ja,,https://www.unicef.or.jp/,https://ja.wikipedia.org/wiki/日本ユニセフ協会,unicef.or.jp,1955,,,,,,,Q11507004,Q11507004,Tokyo,Japan,1850147,,,,https://ror.org/02dg0pv02,,
,https://ror.org/03ch8d796,Japan Musical Education and Culture Promotion Society*en,active,nonprofit,,Japan Musical Education and Culture Promotion Society*en; 日本音楽教育文化振興会*ja,JMECPS*en,https://www.jmecps.or.jp/,https://ja.wikipedia.org/wiki/日本音楽教育文化振興会,jmecps.or.jp,1954,,,,,,,Q21019308,Q21019308,Tokyo,Japan,1850147,,,,,,
,https://ror.org/04d2sz633,Japan Maritime Public Relations Center*en,active,nonprofit,,Japan Maritime Public Relations Center*en; 日本海事広報協会*ja,,https://www.kaijipr.or.jp/,https://ja.wikipedia.org/wiki/%E6%97%A5%E6%9C%AC%E6%B5%B7%E4%BA%8B%E5%BA%83%E5%A0%B1%E5%8D%94%E4%BC%9A,kaijipr.or.jp,1963,,,,,,,Q11508479,Q11508479,Tokyo,Japan,1850147,,,,,,
,https://ror.org/05x4rmc89,Japan Students Aviation League*en,active,nonprofit,,Japan Students Aviation League*en; 日本学生航空連盟*ja,JSAL*en,https://www.jsal.or.jp/,,jsal.or.jp,1952,,,,,,,,,Tokyo,Japan,1850147,,,,,,
,https://ror.org/00eqx3e37,Japan Student Baseball Association*en,active,nonprofit,,Japan Student Baseball Association*en; 日本学生野球協会*ja,JSBA*en,https://www.student-baseball.or.jp/,https://ja.wikipedia.org/wiki/日本学生野球協会,student-baseball.or.jp,1946,,,,,,,Q11507937,Q11507937,Tokyo,Japan,1850147,,,,,,
,https://ror.org/01jd6b782,Japan Symphony Foundation*en,active,nonprofit,,Japan Symphony Foundation*en; 日本交響楽振興財団*ja,,https://www.symphony.or.jp/,,symphony.or.jp,1973,,,,,,,,,Tokyo,Japan,1850147,,,,,,
,https://ror.org/03t6cwg45,United Nations Association of Japan*en,active,nonprofit,,United Nations Association of Japan*en; 日本国際連合協会*ja,,http://www.unaj.or.jp/,https://ja.wikipedia.org/wiki/日本国際連合協会,unaj.or.jp,1947,,,,,,,Q11507731,Q11507731,Tokyo,Japan,1850147,,,,,,
,https://ror.org/05t7yd817,Japan Automobile Education Foundation*en,active,nonprofit,,Japan Automobile Education Foundation*en; 日本自動車教育振興財団*ja,JAEF*en,https://www.jaef.or.jp,,jaef.or.jp,1991,,,,,,,,,Tokyo,Japan,1850147,,,,,,
,https://ror.org/035pr4p77,Japanese Association of Religious Organizations*en,active,nonprofit,,Japanese Association of Religious Organizations*en; 日本宗教連盟*ja,,https://jaoro.or.jp/,https://ja.wikipedia.org/wiki/日本宗教連盟,jaoro.or.jp,1946,,,,,,,Q11507949,Q11507949,Tokyo,Japan,1850147,,,,,,
,https://ror.org/04pke8238,Japan Meat Trading Center*en,active,nonprofit,,Japan Meat Trading Center*en; 日本食肉流通センター*ja,,https://www.piif.jmtc.or.jp/,,jmtc.or.jp,1979,,,,,,,,,Kawasaki,Japan,1859642,,,,,,
,https://ror.org/03zmh1p50,Japan Association for Public Opinion Research*en,active,nonprofit,,Japan Association for Public Opinion Research*en; 日本世論調査協会*ja,,http://japor.or.jp/,https://ja.wikipedia.org/wiki/日本世論調査協会,japor.or.jp,1950,,,,,,,Q11507132,Q11507132,Tokyo,Japan,1850147,,,,,,
,https://ror.org/05xc55f83,Japan Tax Research Institute*en,active,nonprofit,,Japan Tax Research Institute*en; 日本税務研究センター*ja,,https://www.jtri.or.jp/,,jtri.or.jp,1984,,,,,,,,,Tokyo,Japan,1850147,,,,,,
,https://ror.org/05hg9ec79,Japanese Association on Intellectual Disability*en,active,nonprofit,,Japanese Association on Intellectual Disability*en; 日本知的障害者福祉協会*ja,JAID*en,http://www.aigo.or.jp/,https://ja.wikipedia.org/wiki/%E6%97%A5%E6%9C%AC%E7%9F%A5%E7%9A%84%E9%9A%9C%E5%AE%B3%E8%80%85%E7%A6%8F%E7%A5%89%E5%8D%94%E4%BC%9A,aigo.or.jp,1934,,,,,,,Q11508688,Q11508688,Tokyo,Japan,1850147,,,,,,
,https://ror.org/0523ffj16,Japan Sportfishing Foundation*en,active,nonprofit,,Japan Sportfishing Foundation*en; 日本釣振興会*ja,,https://www.jsafishing.or.jp,https://ja.wikipedia.org/wiki/日本釣振興会,jsafishing.or.jp,1970,,,,,,,Q11509297,Q11509297,Tokyo,Japan,1850147,,,,,,
,https://ror.org/053nst094,Japan Traditional Cultures Foundation*en,active,nonprofit,,Japan Traditional Cultures Foundation*en; 日本伝統文化振興財団*ja,,https://jtcf.jp/,https://ja.wikipedia.org/wiki/日本伝統文化振興財団,jtcf.jp,1993,,,,,,,Q97210191,Q97210191,Tokyo,Japan,1850147,,,,,,
,https://ror.org/01vhf4147,Japan Telecom Users Association*en,active,nonprofit,日本電信電話ユーザ協会*ja,Japan Telecom Users Association*en; 日本ICTテレコムユーザー協会*ja,,https://www.jtua.or.jp/,,jtua.or.jp,1976,,,,,,,,,Tokyo,Japan,1850147,,,,,,
,https://ror.org/00f8h1p60,Japan Speciality Agriculture Products Association*en,active,nonprofit,,Japan Speciality Agriculture Products Association*en; 日本特産農産物協会*ja,,http://www.jsapa.or.jp/,,jsapa.or.jp,1944,,,,,,,,,Tokyo,Japan,1850147,,,,,,
,https://ror.org/04e1dv270,Japanese Agricultural In-service Training Institute*en,active,nonprofit,,Japanese Agricultural In-service Training Institute*en; 日本農業研修場協力団*ja,JAITI*en,http://www.jaiti.org/,,jaiti.org,1989,,,,,,,,,Matsumoto,Japan,1857519,,,,,,
,https://ror.org/023q8sj70,Japanese Association of Museums*en,active,nonprofit,,Japanese Association of Museums*en; 日本博物館協会*ja,JAM*en,https://www.j-muse.or.jp/,https://ja.wikipedia.org/wiki/日本博物館協会,j-muse.or.jp,1928,,,,,0000 0001 2202 4319,0000 0001 2202 4319,Q11507472,Q11507472,Tokyo,Japan,1850147,,,,,,
,https://ror.org/04yzw1w32,Japan Society for the Advancement of Inventions*en,active,nonprofit,,Japan Society for the Advancement of Inventions*en; 日本発明振興協会*ja,,https://www.jsai.org/,,jsai.org,1959,,,,,,,,,Tokyo,Japan,1850147,,,,,,
,https://ror.org/034t0ky19,Society for the Promotion of Japanese Literature*en,active,nonprofit,,Society for the Promotion of Japanese Literature*en; 日本文学振興会*ja,,https://www.bungakushinko.or.jp/,https://ja.wikipedia.org/wiki/日本文学振興会,bungakushinko.or.jp,1938,,,,,,,Q2790989,Q2790989,Tokyo,Japan,1850147,,,,,,
,https://ror.org/02gzcas69,Japan Amateur Baseball Association*en,active,nonprofit,,Japan Amateur Baseball Association*en; 日本野球連盟*ja,JABA*en,https://www.jaba.or.jp/,https://ja.wikipedia.org/wiki/日本野球連盟,jaba.or.jp,1949,,,,,,,Q11509291,Q11509291,Tokyo,Japan,1850147,,,,,,
,https://ror.org/03qbd7b07,"Japan Philatelic Society, Foundation*en",active,nonprofit,,"Japan Philatelic Society, Foundation*en; 日本郵趣協会*ja",,https://yushu.or.jp/,https://ja.wikipedia.org/wiki/%E6%97%A5%E6%9C%AC%E9%83%B5%E8%B6%A3%E5%8D%94%E4%BC%9A,yushu.or.jp,1946,,,,,0000 0000 8532 4637,0000 0000 8532 4637,Q11509270,Q11509270,Tokyo,Japan,1850147,,,,,,
,https://ror.org/020dh8a73,Japan Leaf Tobacco Technical Development Association*en,active,nonprofit,,Japan Leaf Tobacco Technical Development Association*en; 日本葉たばこ技術開発協会*ja,,,https://ja.wikipedia.org/wiki/日本葉たばこ技術開発協会,,1970,,,,,,,Q11509032,Q11509032,Tokyo,Japan,1850147,,,,,,
,https://ror.org/052mm5750,Hachioji College Community & Culture Fureai Foundation*en,active,nonprofit,,Hachioji College Community & Culture Fureai Foundation*en; 八王子市学園都市文化ふれあい財団*ja,,https://www.hachiojibunka.or.jp/,,hachiojibunka.or.jp,2002,,,,,,,,,Hachioji,Japan,1863440,,,,,,
,https://ror.org/017102x44,Hachinohe Regional Advanced Technology Promotion Center Foundation*en,active,nonprofit,,Hachinohe Regional Advanced Technology Promotion Center Foundation*en; 八戸地域高度技術振興センター*ja,,https://www.hachinohe-ip.co.jp/hachinohe-center/,,,1985,,,,,,,,,Hachinohe,Japan,2130203,,,,,,
,https://ror.org/031q0s589,Yao International Center*en,active,nonprofit,,Yao International Center*en; 八尾市国際交流センター*ja,YIC*en,https://www.helloyic.or.jp/,,helloyic.or.jp,1990,,,,,,,,,Yao,Japan,1848522,,,,,,
,https://ror.org/048xe2h03,Itabashi Culture and International Exchange Foundation*en,active,nonprofit,,Itabashi Culture and International Exchange Foundation*en; 板橋区文化・国際交流財団*ja,,,,,,,,,,,,,,Tokyo,Japan,1850147,,,,,,
,https://ror.org/05m4h3240,Himeji Cultural and International Exchange Foundation*en,active,nonprofit,,Himeji Cultural and International Exchange Foundation*en; 姫路市文化国際交流財団*ja,,https://www.himeji-culture.jp/,,himeji-culture.jp,1989,,,,,,,,,Himeji,Japan,1862627,,,,,,
,https://ror.org/03czfe710,Hamamatsu Foundation for International Communication and Exchange*en,active,nonprofit,,Hamamatsu Foundation for International Communication and Exchange*en; 浜松国際交流協会*ja,HICE*en,https://www.hi-hice.jp,,hi-hice.jp,1982,,,,,,,,,Hamamatsu,Japan,1863289,,,,,,
,https://ror.org/01736rz69,Hamamatsu Foundation for the Promotion of Electronic Science*en,active,funder,,Hamamatsu Foundation for the Promotion of Electronic Science*en; 浜松電子工学奨励会*ja,,https://takayanagi-hama.jp,,takayanagi-hama.jp,1937,,,,,,,,,Hamamatsu,Japan,1863289,,,,,,
,https://ror.org/028s0vh31,YMCA of Toyama*en,active,nonprofit,,YMCA of Toyama*en; 富山YMCA*ja,,https://toyamaymca.com/,,toyamaymca.com,,,,,,,,,,Toyama,Japan,1849876,,,,,,
,https://ror.org/013pbpx70,Fuchu Cultural Promotion Foundation*en,active,nonprofit,,Fuchu Cultural Promotion Foundation*en; 府中文化振興財団*ja,,https://www.fuchu-cpf.or.jp/,,fuchu-cpf.or.jp,1991,,,,,,,,,Fuchū,Japan,11611632,,,,,,
,https://ror.org/01mx0c837,Kazato Research Foundation*en,active,funder,,Kazato Research Foundation*en; 風戸研究奨励会*ja,,https://www.kazato.org/,,kazato.org,1969,,,,,,,,,Akishima,Japan,6822132,,,,,,
,https://ror.org/05mqtr314,Fukuoka YMCA*en,active,nonprofit,,Fukuoka YMCA*en; 福岡YMCA*ja,,http://www.fukuoka-ymca.or.jp,,fukuoka-ymca.or.jp,1947,,,,,,,,,Fukuoka,Japan,1863967,,,,,,
,https://ror.org/04wasg974,Fukuoka Convention & Visitors Bureau*en,active,nonprofit,,Fukuoka Convention & Visitors Bureau*en; 福岡観光コンベンションビューロー*ja,FCVB*en,https://www.welcome-fukuoka.or.jp/,,welcome-fukuoka.or.jp,1987,,,,,,,Q123599110,Q123599110,Fukuoka,Japan,1863967,,,,,,
,https://ror.org/04jq5de07,Fukuoka Prefectural Education and Culture Foundation*en,active,nonprofit,,Fukuoka Prefectural Education and Culture Foundation*en; 福岡県教育文化奨学財団*ja,,https://fukuokapref-shogakuzaidan.or.jp/,,fukuokapref-shogakuzaidan.or.jp,2004,,,,,,,,,Kurume,Japan,1858088,,,,,,
,https://ror.org/03zv61c09,Fukuoka International Exchange Foundation*en,active,nonprofit,,Fukuoka International Exchange Foundation*en; 福岡県国際交流センター*ja,,https://fief.or.jp/,,fief.or.jp,1989,,,,,,,,,Fukuoka,Japan,1863967,,,,,,
,https://ror.org/01b53rp36,"Fukuoka Industry, Science & Technology Foundation*en",active,nonprofit,,"Fukuoka Industry, Science & Technology Foundation*en; 福岡県産業・科学技術振興財団*ja",IST*en,https://www.ist.or.jp/,,ist.or.jp,1989,,,,,,,,,Fukuoka,Japan,1863967,,,,,,
,https://ror.org/043zrng58,Hyogo Youth Services Administration*en,active,nonprofit,,Hyogo Youth Services Administration*en; 兵庫県青少年本部*ja,,https://seishonen.or.jp/,,seishonen.or.jp,1985,,,,,,,,,Kobe,Japan,1859171,,,,,,
,https://ror.org/00rtcvr51,Takarazuka Foundation for Culture Promotion*en,active,nonprofit,,Takarazuka Foundation for Culture Promotion*en; 宝塚市文化財団*ja,,https://takarazuka-c.jp/,,takarazuka-c.jp,,,,,,,,,,Takarazuka,Japan,1851012,,,,,,
,https://ror.org/02dnat774,Toyota-Kamo Environment Service Foundation*en,active,nonprofit,豊田加茂産業廃棄物処理公社*ja,Toyota-Kamo Environment Service Foundation*en; 豊田加茂環境整備公社*ja,,http://www.tes.or.jp/,,tes.or.jp,1989,,,,,,,,,Toyota,Japan,1849814,,,,,,
,https://ror.org/01gv0da93,Hokkaido Association for Promotion of Sports for the Disabled*en,active,nonprofit,,Hokkaido Association for Promotion of Sports for the Disabled*en; 北海道障がい者スポーツ協会*ja,,http://www.do-syospo.or.jp/,,do-syospo.or.jp,,,,,,,,,,Sapporo,Japan,2128295,,,,,,
,https://ror.org/0187n3819,Hokkaido Community Activities Promotion Association*en,active,nonprofit,,Hokkaido Community Activities Promotion Association*en; 北海道地域活動振興協会*ja,,https://www.fureaizaidan.or.jp/,,fureaizaidan.or.jp,,,,,,,,,,Sapporo,Japan,2128295,,,,,,
,https://ror.org/04bk14t35,Hokkaido Small Business Support Center*en,active,nonprofit,,Hokkaido Small Business Support Center*en; 北海道中小企業総合支援センター*ja,,https://www.hsc.or.jp/,,hsc.or.jp,2001,,,,,,,,,Sapporo,Japan,2128295,,,,,,
,https://ror.org/00dxv3163,Hokkaido Arts Foundation*en,active,nonprofit,,Hokkaido Arts Foundation*en; 北海道文化財団*ja,,https://www.haf.jp/,,haf.jp,1994,,,,,,,,,Sapporo,Japan,2128295,,,,,,
,https://ror.org/02595qh56,Kitakyushu YMCA*en,active,nonprofit,,Kitakyushu YMCA*en; 北九州YMCA*ja; Kitakyushu Young Men's Christian Association*en,,https://www.k-ymca.or.jp/,,k-ymca.or.jp,1908,,,,,,,,,Kitakyushu,Japan,1859307,,,,,,
,https://ror.org/008awqp86,Kita-Harima Industrial Development Organization*en,active,nonprofit,,Kita-Harima Industrial Development Organization*en; 北播磨地場産業開発機構*ja,,https://kitaharima-jibasan.org/,,kitaharima-jibasan.org,1992,,,,,,,,,Nishiwaki,Japan,1855134,,,,,,
,https://ror.org/04gb4kp24,Nagoya Philharmonic Orchestra*en,active,nonprofit,,Nagoya Philharmonic Orchestra*en; 名古屋フィルハーモニー交響楽団*ja,,https://www.nagoya-phil.or.jp/,https://ja.wikipedia.org/wiki/名古屋フィルハーモニー交響楽団,nagoya-phil.or.jp,1973,,,,,0000 0001 0424 3868,0000 0001 0424 3868,Q6958988,Q6958988,Nagoya,Japan,1856057,,,,,,
,https://ror.org/052yfgj20,The Meiji Yasuda Cultural Foundation*en,active,nonprofit,,The Meiji Yasuda Cultural Foundation*en; 明治安田クオリティオブライフ文化財団*ja,,https://www.meijiyasuda-qol-bunka.or.jp/,,meijiyasuda-qol-bunka.or.jp,1991,,,,,,,,,Tokyo,Japan,1850147,,,,,,
,https://ror.org/01hcn7737,Kiguchi Foundation*en,active,nonprofit,,Kiguchi Foundation*en; 木口福祉財団*ja,,https://kiguchi.or.jp/,,kiguchi.or.jp,1998,,,,,,,,,Ashiya,Japan,1864985,,,,,,
,https://ror.org/029khwv10,Meguro International Friendship Association*en,active,nonprofit,,Meguro International Friendship Association*en; 目黒区国際交流協会*ja,MIFA*en,https://mifa.jp/,,mifa.jp,1992,,,,,,,,,Tokyo,Japan,1850147,,,,,,
,https://ror.org/00s34fz54,Nomura Gakugei Zaidan*en,active,funder,,Nomura Gakugei Zaidan*en; 野村学芸財団*ja,,http://www.nomuragz.or.jp/,,nomuragz.or.jp,1963,,,,,,,,,Musashino,Japan,1856367,,,,,,
,https://ror.org/00rney017,Fluid Power Technology Promotion Foundation*en,active,nonprofit,,Fluid Power Technology Promotion Foundation*en; 油空圧機器技術振興財団*ja,,http://zaidan.taiyo-ltd.co.jp,,zaidan.taiyo-ltd.co.jp,1981,,,,,,,,,Osaka,Japan,1853909,,,,,,
,https://ror.org/04sjj2c22,Toga Cultural Foundation*en,active,nonprofit,舞台芸術財団演劇人会議*ja,Toga Cultural Foundation*en; 利賀文化会議*ja,TCF*en,http://www.jpaf.or.jp/,,jpaf.or.jp,2000,,,,,,,,,Nanto,Japan,6822123,,,,,,
,https://ror.org/04gq2w004,Riso Educational Foundation*en,active,nonprofit,,Riso Educational Foundation*en; 理想教育財団*ja,,https://www.riso-ef.or.jp/,,riso-ef.or.jp,1984,,,,,,,,,Tokyo,Japan,1850147,,,,https://ror.org/05fr04091,,
,https://ror.org/04560pd48,Tachikawa Community & Culture Foundation*en,active,nonprofit,,Tachikawa Community & Culture Foundation*en; 立川市地域文化振興財団*ja,,https://www.tachikawa-chiikibunka.or.jp/,,tachikawa-chiikibunka.or.jp,1988,,,,,,,,,Tachikawa,Japan,11611487,,,,,,
,https://ror.org/05wb5ec65,The Defense of Green Earth Foundation*en,active,nonprofit,,The Defense of Green Earth Foundation*en; 緑の地球防衛基金*ja,,https://green-earth-japan.net/,https://ja.wikipedia.org/wiki/緑の地球防衛基金,green-earth-japan.net,1983,,,,,,,Q11607755,Q11607755,Tokyo,Japan,1850147,,,,,,
,https://ror.org/05se99c16,Advertising Council Japan*en,active,nonprofit,,Advertising Council Japan*en; ACジャパン*ja,,https://www.ad-c.or.jp/,,ad-c.or.jp,1971,,,,,,,,,Tokyo,Japan,1850147,,,,,,
,https://ror.org/02rnfrj98,CISV Japan*en,active,nonprofit,,CISV Japan*en; CISV日本協会*ja,,https://www.cisv.jp/,,cisv.jp,1987,,,,,,,,,Tokyo,Japan,1850147,,,,,,
,https://ror.org/00dmqs735,Japan Asian Association and Asian Friendship Society*en,active,nonprofit,,Japan Asian Association and Asian Friendship Society*en; アジア協会アジア友の会*ja,JAFS*en,https://www.jafs.or.jp/,,jafs.or.jp,1979,,,,,,,,,Osaka,Japan,1853909,,,,,,
,https://ror.org/02y6tq749,Girl Scouts of Japan*en,active,nonprofit,,Girl Scouts of Japan*en; ガールスカウト日本連盟*ja,,https://www.girlscout.or.jp/,https://ja.wikipedia.org/wiki/ガールスカウト日本連盟,girlscout.or.jp,1949,,,,,,,Q20043590,Q20043590,Tokyo,Japan,1850147,,,,,,
,https://ror.org/0379hwp12,Kanagawa Design Forum*en,active,nonprofit,,Kanagawa Design Forum*en; かながわデザイン機構*ja,KDF*en,https://www.kdf.or.jp/,,kdf.or.jp,1996,,,,,,,,,Yokohama,Japan,1848354,,,,,,
,https://ror.org/00dvcbf23,Greenery by Golf Group*en,active,nonprofit,ゴルファーの緑化促進協力会*ja,Greenery by Golf Group*en; ゴルフ緑化促進会*ja,GGG*en,https://www.ggg.or.jp/,,ggg.or.jp,1976,,,,,,,,,Tokyo,Japan,1850147,,,,,,
,https://ror.org/001j4xv61,Japan Sports and Healthcare Industry Promotion Association*en,active,nonprofit,,Japan Sports and Healthcare Industry Promotion Association*en; スポーツ健康産業団体連合会*ja,J-SHIPA*en,https://www.jsif.or.jp/,,jsif.or.jp,1988,,,,,,,,,Tokyo,Japan,1850147,,,,,,
,https://ror.org/05vg31021,The Association of National Trusts in Japan*en,active,nonprofit,,,,https://www.ntrust.or.jp,https://ja.wikipedia.org/wiki/%E6%97%A5%E6%9C%AC%E3%83%8A%E3%82%B7%E3%83%A7%E3%83%8A%E3%83%AB%E3%83%BB%E3%83%88%E3%83%A9%E3%82%B9%E3%83%88%E5%8D%94%E4%BC%9A,ntrust.or.jp,1992,,,,,,,Q28684769,Q28684769,Tokyo,Japan,1850147,,,,,,
,https://ror.org/041313e65,Japan Prestressed Concrete Institute*en,active,nonprofit,,Japan Prestressed Concrete Institute*en; プレストレストコンクリート工学会*ja,,https://jpci.or.jp/,,jpci.or.jp,,,,,,,,,,Tokyo,Japan,1850147,,,,,,
,https://ror.org/007v4m511,UWC Japan National Committee*en,active,nonprofit,UWC日本協会*ja,UWC Japan National Committee*en; ユナイテッド・ワールド・カレッジ日本協会*ja,,https://www.keidanren.or.jp/japanese/profile/UWC/index.html,,,1975,,,,,,,,,Tokyo,Japan,1850147,,,,https://ror.org/01py0xw12,,
,https://ror.org/0375zj203,Japan Leasing Association*en,active,nonprofit,,Japan Leasing Association*en; リース事業協会*ja,JLA*en,https://www.leasing.or.jp/,https://ja.wikipedia.org/wiki/リース事業協会,leasing.or.jp,1971,,,,,,,Q11348739,Q11348739,Tokyo,Japan,1850147,,,,,,
,https://ror.org/05m0krk52,Building and Equipment Long-life Cycle Association*en,active,nonprofit,,Building and Equipment Long-life Cycle Association*en; ロングライフビル推進協会*ja,BELCA*en,https://www.belca.or.jp/,https://ja.wikipedia.org/wiki/ロングライフビル推進協会,belca.or.jp,1989,,,,,,,Q11350814,Q11350814,Tokyo,Japan,1850147,,,,,,
,https://ror.org/04qnkkm51,Aichi Society of Architects & Building Engineers*en,active,nonprofit,,Aichi Society of Architects & Building Engineers*en; 愛知建築士会*ja,,https://www.aichishikai.or.jp,,aichishikai.or.jp,1951,,,,,,,,,Nagoya,Japan,1856057,,,,,,
,https://ror.org/03e9q6413,Aichi Association of Architectural Firms*en,active,nonprofit,,Aichi Association of Architectural Firms*en; 愛知県建築士事務所協会*ja,,https://www.aichi-jimkyo.or.jp/,,aichi-jimkyo.or.jp,1973,,,,,,,,,Nagoya,Japan,1856057,,,,,,
,https://ror.org/01pvw0q53,The Aichi Association of Radiological Technologists*en,active,nonprofit,,The Aichi Association of Radiological Technologists*en; 愛知県診療放射線技師会*ja,,https://www.aart.or.jp,,aart.or.jp,,,,,,,,,,Nagoya,Japan,1856057,,,,,,
,https://ror.org/02mqsgq90,Aichi Prefecture Crime Prevention Association*en,active,nonprofit,,Aichi Prefecture Crime Prevention Association*en; 愛知県防犯協会連合会*ja,,,,,,,,,,,,,,Nagoya,Japan,1856057,,,,,,
,https://ror.org/050e8re55,Junior Chamber International Ichinomiya*en,active,nonprofit,,Junior Chamber International Ichinomiya*en; 一宮青年会議所*ja,,http://www.ichinomiya-jc.or.jp/,,ichinomiya-jc.or.jp,,,,,,,,,,Ichinomiya,Japan,1861949,,,,,,
,https://ror.org/039e2ev28,Ibaraki Veterinary Medical Association*en,active,nonprofit,,Ibaraki Veterinary Medical Association*en; 茨城県獣医師会*ja,,https://www.ibajyuu.com,https://ja.wikipedia.org/wiki/茨城県獣医師会,ibajyuu.com,1949,,,,,,,Q11617369,Q11617369,Mito,Japan,2111901,,,,,,
,https://ror.org/053j78v33,Ibaraki Association of Radiologic Technologists*en,active,nonprofit,,Ibaraki Association of Radiologic Technologists*en; 茨城県診療放射線技師会*ja,,https://ibaraki-rt.jp,,ibaraki-rt.jp,,,,,,,,,,Mito,Japan,2111901,,,,,,
,https://ror.org/02php1561,Ibaraki Atomic Energy Council*en,active,nonprofit,Ibaraki Atomic Energy Consultation*en,Ibaraki Atomic Energy Council*en; 茨城原子力協議会*ja,,http://ibagen.or.jp/,,ibagen.or.jp,1979,,,,,,,,,Tokai,Japan,2110767,,,,,,
,https://ror.org/01xawbk02,Uji City Tourist Association*en,active,nonprofit,,Uji City Tourist Association*en; 宇治市観光協会*ja,,https://www.kyoto-uji-kankou.or.jp/,,kyoto-uji-kankou.or.jp,,,,,,,,,,Uji,Japan,1849372,,,,,,
,https://ror.org/008b3hf34,Japan Association of Audiovisual Producers*en,active,nonprofit,Japan Association of Cultural Film Producers*en,Japan Association of Audiovisual Producers*en; 映像文化製作者連盟*ja,JAAP*en,https://www.eibunren.or.jp/,,eibunren.or.jp,1957,,,,,,,,,Tokyo,Japan,1850147,,,,,,
,https://ror.org/02z62pd20,Japan Horticultural Society*en,active,nonprofit,,Japan Horticultural Society*en; 園芸文化協会*ja,,https://www.engeibunka.com,,engeibunka.com,1944,,,,,,,,,Tokyo,Japan,1850147,,,,,,
,https://ror.org/04mvehc97,Yokohama International Tennis Community*en,active,nonprofit,,Yokohama International Tennis Community*en; 横浜インターナショナルテニスコミュニティ*ja,YITC*en,https://www.yitc.org/,https://ja.wikipedia.org/wiki/横浜インターナショナルテニスコミュニティ,yitc.org,1878,,,,,,,,,Yokohama,Japan,1848354,,,,,,
,https://ror.org/05spv6960,Yokohama Foreign Trade Association*en,active,nonprofit,,Yokohama Foreign Trade Association*en; 横浜貿易協会*ja,,https://www.yfta.jp/,,yfta.jp,1905,,,,,,,,,Yokohama,Japan,1848354,,,,,,
,https://ror.org/02ayj0n26,Okinawa Association of Architects & Building Engineers*en,active,nonprofit,,Okinawa Association of Architects & Building Engineers*en; 沖縄県建築士会*ja,,https://shikai.or.jp/,,shikai.or.jp,,,,,,,,,,Urasoe,Japan,6822152,,,,,,
,https://ror.org/04egrdv76,Okinawa Physical Therapy Association*en,active,nonprofit,,Okinawa Physical Therapy Association*en; 沖縄県理学療法士協会*ja,,https://oki-pt.or.jp/,,oki-pt.or.jp,,,,,,,,,,Okinawa,Japan,1894616,,,,,,
,https://ror.org/0160ybd55,Urban Regeneration and Land Readjustment Association*en,active,nonprofit,,Urban Regeneration and Land Readjustment Association*en; 街づくり区画整理協会*ja,,https://www.ur-lr.or.jp/,,ur-lr.or.jp,2005,,,,,,,,,Tokyo,Japan,1850147,,,,,,
,https://ror.org/016gkv428,Junior Chamber International Kamakura*en,active,nonprofit,,Junior Chamber International Kamakura*en; 鎌倉青年会議所*ja,,https://www.kamakura-jc.or.jp/,,kamakura-jc.or.jp,1964,,,,,,,,,Kamakura,Japan,1860672,,,,,,
,https://ror.org/04wf6yc32,Kansai Silver Service Association*en,active,nonprofit,,Kansai Silver Service Association*en; 関西シルバーサービス協会*ja,,https://kansil.jp,,kansil.jp,1988,,,,,,,,,Osaka,Japan,1853909,,,,,,
,https://ror.org/052d7k552,Miyagi Association of Radiological Technologists*en,active,nonprofit,,Miyagi Association of Radiological Technologists*en; 宮城県放射線技師会*ja,,https://www.radtech-miyagi.or.jp/,,radtech-miyagi.or.jp,1991,,,,,,,,,Sendai,Japan,2111149,,,,,,
,https://ror.org/02t3scx44,Kyoto Design Association*en,active,nonprofit,,Kyoto Design Association*en; 京都デザイン協会*ja,KDA*en,https://design.kyoto/,,design.kyoto,1981,,,,,,,,,Kyoto,Japan,1857910,,,,,,
,https://ror.org/03s0p4z87,Kyoto-shi juishi-kai*en,active,nonprofit,,Kyoto-shi juishi-kai*en; 京都市獣医師会*ja,,https://www.kyoto-shiju.or.jp/,,kyoto-shiju.or.jp,1964,,,,,,,,,Kyoto,Japan,1857910,,,,,,
,https://ror.org/0207pgd05,Kyoto Veterinary Medical Association*en,active,nonprofit,,Kyoto Veterinary Medical Association*en; 京都府獣医師会*ja,,https://kyotofu-jyui.or.jp/,https://ja.wikipedia.org/wiki/%E4%BA%AC%E9%83%BD%E5%BA%9C%E7%8D%A3%E5%8C%BB%E5%B8%AB%E4%BC%9A,kyotofu-jyui.or.jp,,,,,,,,Q11375207,Q11375207,Kyoto,Japan,1857910,,,,,,
,https://ror.org/008ekra51,Kyoto Association of Radiological Technologists*en,active,nonprofit,京都府放射線技師会*ja,Kyoto Association of Radiological Technologists*en; 京都府診療放射線技師会*ja,,https://www.kyohogi.jp,,kyohogi.jp,,,,,,,,,,Kyoto,Japan,1857910,,,,,,
,https://ror.org/0248zqf82,Real Estate Fair Trade Council*en,active,nonprofit,,Real Estate Fair Trade Council*en; 近畿地区不動産公正取引協議会*ja,,https://www.koutori.or.jp,,koutori.or.jp,1963,,,,,,,,,Osaka,Japan,1853909,,,,,,
,https://ror.org/03fpacm45,"Promote Association of Machine Industry, Kyushu*en",active,nonprofit,,"Promote Association of Machine Industry, Kyushu*en; 九州機械工業振興会*ja",,https://www.kyukishin.or.jp/,https://ja.wikipedia.org/wiki/%E4%B9%9D%E5%B7%9E%E6%A9%9F%E6%A2%B0%E5%B7%A5%E6%A5%AD%E6%8C%AF%E8%88%88%E4%BC%9A,kyukishin.or.jp,1961,,,,,,,Q11370274,Q11370274,Kitakyushu,Japan,1859307,,,,,,
,https://ror.org/03v6xce76,"Theatre and Entertainment Technology Association, Japan*en",active,nonprofit,,"Theatre and Entertainment Technology Association, Japan*en; 劇場演出空間技術協会*ja",JATET*en,https://www.jatet.or.jp/,,jatet.or.jp,1990,,,,,,,,,Tokyo,Japan,1850147,,,,,,
,https://ror.org/04dxv1r16,Safety Association of Construction and Loading Vehicles*en,active,nonprofit,,Safety Association of Construction and Loading Vehicles*en; 建設荷役車両安全技術協会*ja,SACL*en,https://www.sacl.or.jp/,https://ja.wikipedia.org/wiki/建設荷役車両安全技術協会,sacl.or.jp,1979,,,,,,,Q11486838,Q11486838,Tokyo,Japan,1850147,,,,,,
,https://ror.org/00b3a2578,International IC Association of Japan*en,active,nonprofit,,International IC Association of Japan*en; 国際IC日本協会*ja,,https://www.iofc.jp/,,iofc.jp,1984,,,,,,,,,Tokyo,Japan,1850147,,,,,,
,https://ror.org/04afmyf19,Japanese Centre of International Theatre Institute*en,active,nonprofit,,Japanese Centre of International Theatre Institute*en; 国際演劇協会日本センター*ja,,https://iti-japan.or.jp/,,iti-japan.or.jp,1951,,,,,,,,,Tokyo,Japan,1850147,,,,https://ror.org/04hc7z719,,
,https://ror.org/04b5jza92,The Japan Agricultural Exchange Council*en,active,nonprofit,,The Japan Agricultural Exchange Council*en; 国際農業者交流協会*ja,JAEC*en,https://www.jaec.org,,jaec.org,1988,,,,,,,,,Tokyo,Japan,1850147,,,,,,
,https://ror.org/024wjah48,All-Japan Federation of National Health Insurance Organizations*en,active,nonprofit,,All-Japan Federation of National Health Insurance Organizations*en; 国民健康保険中央会*ja,,https://www.kokuho.or.jp/,https://ja.wikipedia.org/wiki/国民健康保険中央会,kokuho.or.jp,1959,,,,,,,Q11421082,Q11421082,Tokyo,Japan,1850147,,,,,,
,https://ror.org/013jked53,Sapporo Association of the Deaf*en,active,nonprofit,,Sapporo Association of the Deaf*en; 札幌聴覚障害者協会*ja,,https://www.sapporo-deaf.jp/,,sapporo-deaf.jp,,,,,,,,,,Sapporo,Japan,2128295,,,,,,
,https://ror.org/00b4vfp56,Sanyo Association for Advancement of Science & Technology*en,active,nonprofit,,Sanyo Association for Advancement of Science & Technology*en; 山陽技術振興会*ja,,,,,,,,,,,,,,Kurashiki,Japan,1858311,,,,,,
,https://ror.org/04zxnxp19,Japan Civil Liberties Union*en,active,nonprofit,,Japan Civil Liberties Union*en; 自由人権協会*ja,JCLU*en,https://jclu.org/,https://ja.wikipedia.org/wiki/自由人権協会,jclu.org,1947,,,,,0000 0000 8939 339X,0000 0000 8939 339X,Q6156558,Q6156558,Tokyo,Japan,1850147,,,,,,
,https://ror.org/00h6jy431,Japanese Technical Organization for Commercial Spaces*en,active,nonprofit,,Japanese Technical Organization for Commercial Spaces*en; 商業施設技術団体連合会*ja,JTOCS*en,https://www.jtocs.or.jp,,jtocs.or.jp,1976,,,,,,,,,Tokyo,Japan,1850147,,,,,,
,https://ror.org/05qycc081,Shoren Kanagawa*en,active,nonprofit,神奈川県商店街連合会*ja,Shoren Kanagawa*en; 商連かながわ*ja,,https://shotengai-kanagawa.com/,,shotengai-kanagawa.com,1952,,,,,,,,,Yokohama,Japan,1848354,,,,,,
,https://ror.org/00phg7x82,Tokyo Akishima-city Medical Association*en,active,nonprofit,,Tokyo Akishima-city Medical Association*en; 昭島市医師会*ja,,https://akishima.tokyo.med.or.jp/,,akishima.tokyo.med.or.jp,1954,,,,,,,,,Akishima,Japan,6822132,,,,,,
,https://ror.org/01wpq2265,Showa Economic Study Association*en,active,nonprofit,,Showa Economic Study Association*en; 昭和経済会*ja,,https://www.showa-ec.or.jp,,showa-ec.or.jp,1939,,,,,,,,,Tokyo,Japan,1850147,,,,,,
,https://ror.org/01radyv92,The Beverage Industry Environment Beautification Association*en,active,nonprofit,,The Beverage Industry Environment Beautification Association*en; 食品容器環境美化協会*ja,,https://kankyobika.or.jp/,,kankyobika.or.jp,1982,,,,,,,,,Tokyo,Japan,1850147,,,,,,
,https://ror.org/022b1dg83,Kobe City Nursery Federation*en,active,nonprofit,,Kobe City Nursery Federation*en; 神戸市私立保育園連盟*ja,,https://hoiku-kobe.jp/,,hoiku-kobe.jp,1995,,,,,,,,,Kobe,Japan,1859171,,,,,,
,https://ror.org/02qws3459,Association of Kanagawa LP Gas*en,active,nonprofit,,Association of Kanagawa LP Gas*en; 神奈川県LPガス協会*ja,,https://www.kanagawalpg.or.jp/,,kanagawalpg.or.jp,1965,,,,,,,,,Yokohama,Japan,1848354,,,,,,
,https://ror.org/03wz8t695,Kanagawa Association of Certified Social Workers*en,active,nonprofit,,Kanagawa Association of Certified Social Workers*en; 神奈川県社会福祉士会*ja,,http://www.kacsw.or.jp/,,kacsw.or.jp,,,,,,,,,,Yokohama,Japan,1848354,,,,,,
,https://ror.org/00cajg335,Kanagawa Takken Association*en,active,nonprofit,,Kanagawa Takken Association*en; 神奈川県宅地建物取引業協会*ja,,https://www.kanagawa-takken.or.jp,,kanagawa-takken.or.jp,,,,,,,,,,Yokohama,Japan,1848354,,,,https://ror.org/01yvjzz81,,
,https://ror.org/058yjq845,The Kanagawa Association of Radiological Technologists*en,active,nonprofit,,The Kanagawa Association of Radiological Technologists*en; 神奈川県放射線技師会*ja,KART*en,https://kart21.jp,,kart21.jp,,,,,,,,,,Yokohama,Japan,1848354,,,,,,
,https://ror.org/006rvq524,Junior Chamber International Suwaken*en,active,nonprofit,,Junior Chamber International Suwaken*en; 諏訪圏青年会議所*ja,,https://www.suwaken-jc.jp,,suwaken-jc.jp,2000,,,,,,,,,Suwa,Japan,1851368,,,,,,
,https://ror.org/053cjmm94,The Setagaya Industrial Association*en,active,nonprofit,,The Setagaya Industrial Association*en; 世田谷工業振興協会*ja,,https://setagaya-ia.or.jp,,setagaya-ia.or.jp,1988,,,,,,,,,Tokyo,Japan,1850147,,,,,,
,https://ror.org/04xjny110,Japan Association of Insurance and Financial Advisors*en,active,nonprofit,,Japan Association of Insurance and Financial Advisors*en; 生命保険ファイナンシャルアドバイザー協会*ja,JAIFA*en,https://www.jaifa.or.jp/,,jaifa.or.jp,1970,,,,,,,,,Tokyo,Japan,1850147,,,,,,
,https://ror.org/047argn93,Aomori Trucking Association*en,active,nonprofit,,Aomori Trucking Association*en; 青森県トラック協会*ja,,https://aotokyo.or.jp/,,aotokyo.or.jp,1976,,,,,,,,,Aomori,Japan,2130658,,,,https://ror.org/01n7gsv75,,
,https://ror.org/058pgb725,Sendai UNESCO Association*en,active,nonprofit,,Sendai UNESCO Association*en; 仙台ユネスコ協会*ja,,https://www.unesco.or.jp/sendai/,,,1947,,,,,,,,,Sendai,Japan,2111149,,,,,,
,https://ror.org/03tpnb840,Sendai Veterinary Medical Association*en,active,nonprofit,,Sendai Veterinary Medical Association*en; 仙台市獣医師会*ja,,,,,,,,,,,,,,Sendai,Japan,2111149,,,,,,
,https://ror.org/01vn33k18,Kawasakishi Hospital Association*en,active,nonprofit,,Kawasakishi Hospital Association*en; 川崎市病院協会*ja,,https://kha.or.jp,,kha.or.jp,1977,,,,,,,,,Kawasaki,Japan,1859642,,,,,,
,https://ror.org/020vjjv44,National Silver Human Resources Center Association*en,active,nonprofit,,National Silver Human Resources Center Association*en; 全国シルバー人材センター事業協会*ja,,https://www.zsjc.or.jp/,,zsjc.or.jp,1982,,,,,,,,,Tokyo,Japan,1850147,,,,,,
,https://ror.org/00kgykc11,Japan Driving service Association*en,active,nonprofit,,Japan Driving service Association*en; 全国運転代行協会*ja,JDA*en,https://www.untendaikoukyoukai.or.jp/,,untendaikoukyoukai.or.jp,1996,,,,,,,,,Tokyo,Japan,1850147,,,,,,
,https://ror.org/02a0py761,Japan Demolition Contractors Association*en,active,nonprofit,,Japan Demolition Contractors Association*en; 全国解体工事業団体連合会*ja,,https://www.zenkaikouren.or.jp/,,zenkaikouren.or.jp,1993,,,,,,,,,Tokyo,Japan,1850147,,,,,,
,https://ror.org/01g387726,Association of Job Information of Japan*en,active,nonprofit,,Association of Job Information of Japan*en; 全国求人情報協会*ja,,https://www.zenkyukyo.or.jp,,zenkyukyo.or.jp,1985,,,,,,,,,Tokyo,Japan,1850147,,,,,,
,https://ror.org/03j7v5y76,Mutual Fire Insurance System for Public Housing*en,active,nonprofit,,Mutual Fire Insurance System for Public Housing*en; 全国公営住宅火災共済機構*ja,,https://www.kojukyo.or.jp/,,kojukyo.or.jp,1950,,,,,,,,,Tokyo,Japan,1850147,,,,,,
,https://ror.org/03tkkfy43,Association of Public Theaters and Halls in Japan*en,active,nonprofit,,Association of Public Theaters and Halls in Japan*en; 全国公立文化施設協会*ja,,https://www.zenkoubun.jp/,,zenkoubun.jp,1995,,,,,,,Q132444631,Q132444631,Tokyo,Japan,1850147,,,,,,
,https://ror.org/04sgjbm93,Japan Federation of Industrial Waste Management and Recycling Associations*en,active,nonprofit,全国産業廃棄物連合会*ja,Japan Federation of Industrial Waste Management and Recycling Associations*en; 全国産業資源循環連合会*ja,,https://www.zensanpairen.or.jp/,https://ja.wikipedia.org/wiki/全国産業資源循環連合会,zensanpairen.or.jp,1978,,,,,,,Q11389468,Q11389468,Tokyo,Japan,1850147,,,,,,
,https://ror.org/03pn8n937,National Federation of Kodomo-kai*en,active,nonprofit,,National Federation of Kodomo-kai*en; 全国子ども会連合会*ja,,https://www.kodomo-kai.or.jp/,https://ja.wikipedia.org/wiki/全国子ども会連合会,kodomo-kai.or.jp,1965,,,,,,,Q11389336,Q11389336,Tokyo,Japan,1850147,,,,,,
,https://ror.org/00818en21,Urban Renewal Association of Japan*en,active,nonprofit,,Urban Renewal Association of Japan*en; 全国市街地再開発協会*ja,,https://www.uraja.or.jp/,https://ja.wikipedia.org/wiki/全国市街地再開発協会,uraja.or.jp,1969,,,,,,,Q11389372,Q11389372,Tokyo,Japan,1850147,,,,,,
,https://ror.org/05r2y3y95,Japan Private Nursery School Association*en,active,nonprofit,全国私立保育園連盟*ja,Japan Private Nursery School Association*en; 全国私立保育連盟*ja,,https://www.zenshihoren.or.jp/,,zenshihoren.or.jp,,,,,,,,,,Tokyo,Japan,1850147,,,,,,
,https://ror.org/04tn4c831,The All Japan Magazine and Book Publisher's and Editor's Association*en,active,nonprofit,,The All Japan Magazine and Book Publisher's and Editor's Association*en; 全国出版協会*ja,AJPEA*en,https://www.ajpea.or.jp/,,ajpea.or.jp,1949,,,,,,,,,Tokyo,Japan,1850147,,,,,,
,https://ror.org/05yg0x093,Association of Water and Sewage Works Consultants Japan*en,active,nonprofit,,Association of Water and Sewage Works Consultants Japan*en; 全国上下水道コンサルタント協会*ja,,https://www.suikon.or.jp/,,suikon.or.jp,,,,,,,,,,Tokyo,Japan,1850147,,,,,,
,https://ror.org/04qv0zc94,National Riding Club Association of Japan*en,active,nonprofit,,National Riding Club Association of Japan*en; 全国乗馬倶楽部振興協会*ja,NRCA*en,https://www.nrca.or.jp/,https://ja.wikipedia.org/wiki/全国乗馬倶楽部振興協会,nrca.or.jp,1992,,,,,,,Q11389251,Q11389251,Tokyo,Japan,1850147,,,,,,
,https://ror.org/00r46b473,Federal Meat Academy*en,active,education,,Federal Meat Academy*en; 全国食肉学校*ja,,https://www.fma.ac.jp,,fma.ac.jp,1974,,,,,,,,,Tamamura,Japan,1850746,,,,,,
,https://ror.org/00e2b5020,Japan Association of Training Colleges for Cooks*en,active,nonprofit,,Japan Association of Training Colleges for Cooks*en; 全国調理師養成施設協会*ja,,https://www.jatcc.or.jp/,https://ja.wikipedia.org/wiki/全国調理師養成施設協会,jatcc.or.jp,1973,,,,,,,Q11389553,Q11389553,Tokyo,Japan,1850147,,,,,,
,https://ror.org/00626mp50,All Japan Railway-Freight Forwarders Association*en,active,nonprofit,,All Japan Railway-Freight Forwarders Association*en; 全国通運連盟*ja,,https://www.t-renmei.or.jp,,t-renmei.or.jp,1952,,,,,,,,,Tokyo,Japan,1850147,,,,,,
,https://ror.org/03edmq453,National Association of Agricultural Land Holding Rationalization*en,active,nonprofit,,National Association of Agricultural Land Holding Rationalization*en; 全国農地保有合理化協会*ja,,https://www.nouchi.or.jp/,,nouchi.or.jp,,,,,,,,,,Tokyo,Japan,1850147,,,,,,
,https://ror.org/01gcqpr83,All Japan Childcare Services Association*en,active,nonprofit,,All Japan Childcare Services Association*en; 全国保育サービス協会*ja,,https://www.acsa.jp/,,acsa.jp,1991,,,,,,,,,Tokyo,Japan,1850147,,,,,,
,https://ror.org/05d2zph92,Association of Nationwide Disaster Prevention*en,active,nonprofit,,Association of Nationwide Disaster Prevention*en; 全国防災協会*ja,,https://www.zenkokubousai.or.jp/,,zenkokubousai.or.jp,1954,,,,,,,,,Tokyo,Japan,1850147,,,,,,
,https://ror.org/00dtaat65,Private Placement Services Association of Japan*en,active,nonprofit,,Private Placement Services Association of Japan*en; 全国民営職業紹介事業協会*ja,,https://www.minshokyo.or.jp/,,minshokyo.or.jp,1987,,,,,,,,,Tokyo,Japan,1850147,,,,,,
,https://ror.org/03cgae904,National Federation of Labour Standards Associations*en,active,nonprofit,,National Federation of Labour Standards Associations*en; 全国労働基準関係団体連合会*ja; 全基連*ja,,https://www.zenkiren.com/,,zenkiren.com,1988,,,,,,,,,Tokyo,Japan,1850147,,,,,,
,https://ror.org/03z2j1n83,All Japan Kimono Consultant Association*en,active,nonprofit,,All Japan Kimono Consultant Association*en; 全日本きものコンサルタント協会*ja,,http://kimono-consul.com,,kimono-consul.com,,,,,,,,,,Tokyo,Japan,1850147,,,,,,
,https://ror.org/045dm4602,Japan Golf Range Association*en,active,nonprofit,,Japan Golf Range Association*en; 全日本ゴルフ練習場連盟*ja,JGRA*en,https://www.jgra.or.jp/,,jgra.or.jp,1991,,,,,,,,,Tokyo,Japan,1850147,,,,,,
,https://ror.org/04cyj0j11,All Nippon Association of Dance*en,active,nonprofit,,All Nippon Association of Dance*en; 全日本ダンス協会連合会*ja,ANAD*en,https://www.zendaren.or.jp/,,zendaren.or.jp,1985,,,,,,,,,Tokyo,Japan,1850147,,,,,,
,https://ror.org/027fqzr34,All Japan Druggist Association*en,active,nonprofit,,All Japan Druggist Association*en; 全日本医薬品登録販売者協会*ja,,https://zenyaku.or.jp/,,zenyaku.or.jp,1963,,,,,,,,,Tokyo,Japan,1850147,,,,,,
,https://ror.org/0202qqn41,Japan Advertising Federation*en,active,nonprofit,,Japan Advertising Federation*en; 全日本広告連盟*ja,,https://www.ad-zenkoren.org/,,ad-zenkoren.org,1953,,,,,,,,,Tokyo,Japan,1850147,,,,,,
,https://ror.org/051hwsr34,All Japan Jukendo Federation*en,active,nonprofit,,All Japan Jukendo Federation*en; 全日本銃剣道連盟*ja,,https://jukendo.info/,https://ja.wikipedia.org/wiki/全日本銃剣道連盟,jukendo.info,1970,,,,,,,Q11390273,Q11390273,Tokyo,Japan,1850147,,,,,,
,https://ror.org/01j5ktv21,All Japan Hospital Association*en,active,nonprofit,,All Japan Hospital Association*en; 全日本病院協会*ja,,https://www.ajha.or.jp/,https://ja.wikipedia.org/wiki/全日本病院協会,ajha.or.jp,1960,,,,,,,Q11390216,Q11390216,Tokyo,Japan,1850147,,,,,,
,https://ror.org/02zpn2y63,All Japan Cemetery Association*en,active,nonprofit,,All Japan Cemetery Association*en; 全日本墓園協会*ja,AJCA*en,https://www.zenbokyo.or.jp/,,zenbokyo.or.jp,1977,,,,,,,,,Tokyo,Japan,1850147,,,,,,
,https://ror.org/03nvev216,Federation of Industry Association of Osaka*en,active,nonprofit,,Federation of Industry Association of Osaka*en; 大阪市工業会連合会*ja,,https://shikoren.jp/,,shikoren.jp,1955,,,,,,,,,Osaka,Japan,1853909,,,,,,
,https://ror.org/00v35tb24,Osaka Association of Architects & Building Engineers*en,active,nonprofit,,Osaka Association of Architects & Building Engineers*en; 大阪府建築士会*ja,,https://www.aba-osakafu.or.jp/,,aba-osakafu.or.jp,,,,,,,,,,Osaka,Japan,1853909,,,,,,
,https://ror.org/04tzmdd02,Osaka Prefectural Manufacturing & Industrial Association*en,active,nonprofit,,Osaka Prefectural Manufacturing & Industrial Association*en; 大阪府工業協会*ja,,https://www.opmia.or.jp/,,opmia.or.jp,1950,,,,,,,,,Osaka,Japan,1853909,,,,,,
,https://ror.org/04rn98t72,Osaka Circular Resource Association*en,active,nonprofit,,Osaka Circular Resource Association*en; 大阪府産業資源循環協会*ja,,https://o-sanpai.or.jp/,,o-sanpai.or.jp,1988,,,,,,,,,Osaka,Japan,1853909,,,,,,
,https://ror.org/03etnjn52,Ohtama Tourism Facilities Association*en,active,nonprofit,,Ohtama Tourism Facilities Association*en; 大多摩観光施設協会*ja,,,,,1946,,,,,,,,,Ome,Japan,1854162,,,,,,
,https://ror.org/000bnkm62,Copyright Research and Information Center*en,active,nonprofit,,Copyright Research and Information Center*en; 著作権情報センター*ja,CRIC*en,https://www.cric.or.jp/,https://ja.wikipedia.org/wiki/%E8%91%97%E4%BD%9C%E6%A8%A9%E6%83%85%E5%A0%B1%E3%82%BB%E3%83%B3%E3%82%BF%E3%83%BC,cric.or.jp,1959,,,,,0000 0001 2287 6386,0000 0001 2287 6386,Q11620847,Q11620847,Tokyo,Japan,1850147,,,,,,
,https://ror.org/01avgyg33,Chofu Medical Association*en,active,nonprofit,,Chofu Medical Association*en; 調布市医師会*ja,,https://www.chofu-med.or.jp/,,chofu-med.or.jp,1964,,,,,,,,,Chofu,Japan,1864518,,,,,,
,https://ror.org/05as1f763,Nagano Prefecture Crime Prevention Association*en,active,nonprofit,,Nagano Prefecture Crime Prevention Association*en; 長野県防犯協会連合会*ja,,https://nagano-bouhan.jp/,,nagano-bouhan.jp,,,,,,,,,,Nagano,Japan,1856215,,,,,,
,https://ror.org/05vtacy27,Junior Chamber International Tsukui*en,active,nonprofit,,Junior Chamber International Tsukui*en; 津久井青年会議所*ja,,https://tsukui-jc.com,,tsukui-jc.com,1982,,,,,,,,,Sagamihara,Japan,11611609,,,,,,
,https://ror.org/01796my04,Railway Freight Association*en,active,nonprofit,,Railway Freight Association*en; 鉄道貨物協会*ja,RFA*en,https://rfa.or.jp,,rfa.or.jp,1950,,,,,,,,,Tokyo,Japan,1850147,,,,,,
,https://ror.org/00022c476,Japan Society for Abrasive Technology*en,active,nonprofit,,Japan Society for Abrasive Technology*en; 砥粒加工学会*ja,JSAT*en,https://www.jsat.or.jp,,jsat.or.jp,1995,,,,,,,,,Tokyo,Japan,1850147,,,,,,
,https://ror.org/04bbjh238,Tokyo Graphic Services Industry Association*en,active,nonprofit,,Tokyo Graphic Services Industry Association*en; 東京グラフィックサービス工業会*ja,,https://www.tokyographics.or.jp/,,tokyographics.or.jp,1962,,,,,,,,,Tokyo,Japan,1850147,,,,,,
,https://ror.org/04679cg62,The Tokyo Outdoor Advertising Association*en,active,nonprofit,,The Tokyo Outdoor Advertising Association*en; 東京屋外広告協会*ja,TOAA*en,https://www.toaa.or.jp,,toaa.or.jp,1961,,,,,,,,,Tokyo,Japan,1850147,,,,,,
,https://ror.org/00qwjc523,Tokyo Advertising Association*en,active,nonprofit,,Tokyo Advertising Association*en; 東京広告協会*ja,,https://www.tokyo-ad.or.jp/,,tokyo-ad.or.jp,1947,,,,,,,,,Tokyo,Japan,1850147,,,,,,
,https://ror.org/04a2xjn60,Tokyo Confectionery Association*en,active,nonprofit,,Tokyo Confectionery Association*en; 東京都洋菓子協会*ja,,https://tokyo-yogashi.com/,,tokyo-yogashi.com,1971,,,,,,,,,Tokyo,Japan,1850147,,,,,,
,https://ror.org/000bm8p13,Tokyo Metropolitan Association of Medical Technologists*en,active,nonprofit,,Tokyo Metropolitan Association of Medical Technologists*en; 東京都臨床検査技師会*ja,,,,,,,,,,,,,,Tokyo,Japan,1850147,,,,,,
,https://ror.org/0196mbf96,Japan College Association of Oriental Medicine*en,active,nonprofit,,Japan College Association of Oriental Medicine*en; 東洋療法学校協会*ja,,https://www.toyoryoho.or.jp/,,toyoryoho.or.jp,1985,,,,,,,,,Tokyo,Japan,1850147,,,,,,
,https://ror.org/035bbwp61,Japan Council for Promotion of Book Reading*en,active,nonprofit,,Japan Council for Promotion of Book Reading*en; 読書推進運動協議会*ja,,http://www.dokusyo.or.jp/,,dokusyo.or.jp,1959,,,,,,,,,Tokyo,Japan,1850147,,,,,,
,https://ror.org/01ntg4482,Nika Association*en,active,nonprofit,,Nika Association*en; 二科会*ja,,https://nika.or.jp/,https://ja.wikipedia.org/wiki/二科会,nika.or.jp,1914,,,,,,,Q11371748,Q11371748,Tokyo,Japan,1850147,,,,,,
,https://ror.org/05aze9v58,Japan Australia New Zealand Society*en,active,nonprofit,,Japan Australia New Zealand Society*en; 日・豪・ニュージーランド協会*ja,JANZ*en,https://janz.jp/,,janz.jp,1928,,,,,,,,,Tokyo,Japan,1850147,,,,,,
,https://ror.org/03n748931,Nitten*en,active,nonprofit,Japan Fine Arts Exhibition*en,Nitten*en; 日展*ja,,https://nitten.or.jp/,https://ja.wikipedia.org/wiki/%E6%97%A5%E5%B1%95,nitten.or.jp,1958,,,,,,,,,Tokyo,Japan,1850147,,,,,,
,https://ror.org/01bfetx36,Japan Indonesia Association For Economy Cooperation*en,active,nonprofit,,Japan Indonesia Association For Economy Cooperation*en; 日本・インドネシア経済協力事業協会*ja,JIAEC*en,https://www.jiaec.jp,,jiaec.jp,1971,,,,,,,,,Tokyo,Japan,1850147,,,,,,
,https://ror.org/04zjymr86,National Congress of Parents and Teachers Association of Japan*en,active,nonprofit,,National Congress of Parents and Teachers Association of Japan*en; 日本PTA全国協議会*ja,,https://www.nippon-pta.or.jp/,https://ja.wikipedia.org/wiki/日本PTA全国協議会,nippon-pta.or.jp,1952,,,,,,,Q11505529,Q11505529,Tokyo,Japan,1850147,,,,,,
,https://ror.org/03apn0d11,The Institute of Actuaries of Japan*en,active,nonprofit,,The Institute of Actuaries of Japan*en; 日本アクチュアリー会*ja,IAJ*en,https://www.actuaries.jp/,,actuaries.jp,1899,,,,,,,,,Tokyo,Japan,1850147,,,,,,
,https://ror.org/01pcnzm29,Japan Advertisers Association*en,active,nonprofit,,Japan Advertisers Association*en; 日本アドバタイザーズ協会*ja,JAA*en,https://www.jaa.or.jp/,https://ja.wikipedia.org/wiki/%E6%97%A5%E6%9C%AC%E3%82%A2%E3%83%89%E3%83%90%E3%82%BF%E3%82%A4%E3%82%B6%E3%83%BC%E3%82%BA%E5%8D%94%E4%BC%9A,jaa.or.jp,1957,,,,,,,Q11506220,Q11506220,Tokyo,Japan,1850147,,,,,,
,https://ror.org/02awye379,Association of Japanese Symphony Orchestras*en,active,nonprofit,,Association of Japanese Symphony Orchestras*en; 日本オーケストラ連盟*ja,AJSO*en,https://www.orchestra.or.jp,https://ja.wikipedia.org/wiki/日本オーケストラ連盟,orchestra.or.jp,1990,,,,,,,Q11506329,Q11506329,Tokyo,Japan,1850147,,,,,,
,https://ror.org/02yz0wn45,Japan Orienteering Association*en,active,nonprofit,,Japan Orienteering Association*en; 日本オリエンテーリング協会*ja,JOA*en,https://www.orienteering.or.jp/,https://ja.wikipedia.org/wiki/日本オリエンテーリング協会,orienteering.or.jp,1991,,,,,,,Q11506323,Q11506323,Tokyo,Japan,1850147,,,,,,
,https://ror.org/00zy0qh65,Japan Federation of Guitarists*en,active,nonprofit,,Japan Federation of Guitarists*en; 日本ギター連盟*ja,,https://guitarists.or.jp/,https://ja.wikipedia.org/wiki/日本ギター連盟,guitarists.or.jp,1966,,,,,,,Q11506387,Q11506387,Tokyo,Japan,1850147,,,,,,
,https://ror.org/01mrzns38,Japan Soaring Club*en,active,nonprofit,,Japan Soaring Club*en; 日本グライダークラブ*ja,,https://www.glider.jp,,glider.jp,1951,,,,,,,,,Itakura,Japan,13132763,,,,,,
,https://ror.org/04g5en767,Japan Ground Golf Association*en,active,nonprofit,,Japan Ground Golf Association*en; 日本グラウンド・ゴルフ協会*ja,JGGA*en,https://www.groundgolf.or.jp,https://ja.wikipedia.org/wiki/日本グラウンド・ゴルフ協会,groundgolf.or.jp,1994,,,,,,,Q11506411,Q11506411,Tokyo,Japan,1850147,,,,,,
,https://ror.org/04c1c2n89,Japan Sign Design Association*en,active,nonprofit,,Japan Sign Design Association*en; 日本サインデザイン協会*ja,SDA*en,https://www.sign.or.jp,,sign.or.jp,1965,,,,,,,,,Tokyo,Japan,1850147,,,,,,
,https://ror.org/03q799f41,Japan Sauna Spa Association*en,active,nonprofit,,Japan Sauna Spa Association*en; 日本サウナ・スパ協会*ja,,https://www.sauna.or.jp/,,sauna.or.jp,1990,,,,,,,,,Tokyo,Japan,1850147,,,,,,
,https://ror.org/0228yfy33,Japan Jewellery Designers Association*en,active,nonprofit,,Japan Jewellery Designers Association*en; 日本ジュエリーデザイナー協会*ja,JJDA*en,https://www.jjda.or.jp/,,jjda.or.jp,1964,,,,,,,,,Tokyo,Japan,1850147,,,,,,
,https://ror.org/01q43y614,Foundation of Japan Cheerleading Association*en,active,nonprofit,,Foundation of Japan Cheerleading Association*en; 日本チアリーディング協会*ja,FJCA*en,https://www.fjca.jp/,https://ja.wikipedia.org/wiki/日本チアリーディング協会,fjca.jp,1987,,,,,,,Q11506599,Q11506599,Tokyo,Japan,1850147,,,,,,
,https://ror.org/03jvfmh50,Japan Tennis Industry Association*en,active,nonprofit,,Japan Tennis Industry Association*en; 日本テニス事業協会*ja,JTIA*en,https://www.jtia-tennis.com/,https://ja.wikipedia.org/wiki/日本テニス事業協会,jtia-tennis.com,1988,,,,,,,Q24864235,Q24864235,Tokyo,Japan,1850147,,,,,,
,https://ror.org/05agwn856,Nihon Bus Association*en,active,nonprofit,,Nihon Bus Association*en; 日本バス協会*ja,NBA*en,https://www.bus.or.jp/,https://ja.wikipedia.org/wiki/日本バス協会,bus.or.jp,1927,,,,,,,Q11506749,Q11506749,Tokyo,Japan,1850147,,,,,,
,https://ror.org/056hbys81,Japan Public Golf Society*en,active,nonprofit,,Japan Public Golf Society*en; 日本パブリックゴルフ協会*ja,PGS*en,https://www.pgs.or.jp/,,pgs.or.jp,1994,,,,,,,,,Tokyo,Japan,1850147,,,,,,
,https://ror.org/00qj89d09,Society of Japanese Value Engineering*en,active,nonprofit,,Society of Japanese Value Engineering*en; 日本バリューエンジニアリング協会*ja; 日本バリュー・エンジニアリング協会*ja,SJVE*en,https://www.sjve.org/,,sjve.org,1980,,,,,,,,,Tokyo,Japan,1850147,,,,,,
,https://ror.org/053h94p54,Japan Ballet Association*en,active,nonprofit,,Japan Ballet Association*en; 日本バレエ協会*ja,,http://www.j-b-a.or.jp/,https://ja.wikipedia.org/wiki/日本バレエ協会,j-b-a.or.jp,1958,,,,,,,Q11506764,Q11506764,Tokyo,Japan,1850147,,,,,,
,https://ror.org/0175q0b78,Japan Powerlifting Association*en,active,nonprofit,,Japan Powerlifting Association*en; 日本パワーリフティング協会*ja,JPA*en,https://www.jpa-powerlifting.or.jp/,,jpa-powerlifting.or.jp,,,,,,,,,,Ako,Japan,11611945,,,,,,
,https://ror.org/03jtmzv40,Japan Hang & Paragliding Federation*en,active,nonprofit,,Japan Hang & Paragliding Federation*en; 日本ハング・パラグライディング連盟*ja,JHF*en,https://jhf.hangpara.or.jp/,,hangpara.or.jp,,,,,,,,,,Tokyo,Japan,1850147,,,,,,
,https://ror.org/02bahb134,Nippon Billiard Association*en,active,nonprofit,,Nippon Billiard Association*en; 日本ビリヤード協会*ja,NBA*en,https://www.nba.or.jp/,https://ja.wikipedia.org/wiki/%E6%97%A5%E6%9C%AC%E3%83%93%E3%83%AA%E3%83%A4%E3%83%BC%E3%83%89%E5%8D%94%E4%BC%9A,nba.or.jp,1951,,,,,,,Q11506795,Q11506795,Tokyo,Japan,1850147,,,,,,
,https://ror.org/052w13d48,Japan Philanthropic Association*en,active,nonprofit,,Japan Philanthropic Association*en; 日本フィランソロピー協会*ja,JPA*en,https://www.philanthropy.or.jp/,,philanthropy.or.jp,1963,,,,,,,,,Tokyo,Japan,1850147,,,,,,
,https://ror.org/05xj4gg92,Japan Pool Amenity Association*en,active,nonprofit,,Japan Pool Amenity Association*en; 日本プールアメニティ協会*ja,JPAA*en,https://www.jpaa.jp/,,jpaa.jp,1992,,,,,,,,,Tokyo,Japan,1850147,,,,,,
,https://ror.org/04zycve98,Japanese Fencing Federation*en,active,nonprofit,,Japanese Fencing Federation*en; 日本フェンシング協会*ja; Federation Japonaise d'Escrime*en,FJE*en,https://fencing-jpn.jp/,https://ja.wikipedia.org/wiki/日本フェンシング協会,fencing-jpn.jp,1936,,,,,,,Q11506817,Q11506817,Tokyo,Japan,1850147,,,,,,
,https://ror.org/03wys3k38,Japan-Brunei Friendship Association*en,active,nonprofit,,Japan-Brunei Friendship Association*en; 日本ブルネイ友好協会*ja,JBFA*en,http://www.jbfa.or.jp/,,jbfa.or.jp,,,,,,,,,,Tokyo,Japan,1850147,,,,,,
,https://ror.org/032smqr81,The Professional Golfers' Association of Japan*en,active,nonprofit,,The Professional Golfers' Association of Japan*en; 日本プロゴルフ協会*ja,PGA*en,https://www.pga.or.jp/,https://ja.wikipedia.org/wiki/日本プロゴルフ協会,pga.or.jp,1957,,,,,,,Q11506865,Q11506865,Tokyo,Japan,1850147,,,,,,
,https://ror.org/012bb2725,Professional Ski Instructors Association of Japan*en,active,nonprofit,,Professional Ski Instructors Association of Japan*en; 日本プロスキー教師協会*ja,SIA*en,https://www.sia-japan.or.jp/,https://ja.wikipedia.org/wiki/日本職業スキー教師協会,sia-japan.or.jp,1981,,,,,,,Q11508909,Q11508909,Tokyo,Japan,1850147,,,,,,
,https://ror.org/04vbdf564,Japan Professional Tennis Association*en,active,nonprofit,,Japan Professional Tennis Association*en; 日本プロテニス協会*ja,JPTA*en,https://jpta.or.jp/,https://ja.wikipedia.org/wiki/日本プロテニス協会,jpta.or.jp,1972,,,,,,,Q24863740,Q24863740,Tokyo,Japan,1850147,,,,,,
,https://ror.org/02pfvjf03,Bowling Proprietors' Association of Japan*en,active,nonprofit,,Bowling Proprietors' Association of Japan*en; 日本ボウリング場協会*ja,BPAJ*en,https://www.bowling.or.jp,,bowling.or.jp,1973,,,,,,,,,Tokyo,Japan,1850147,,,,,,
,https://ror.org/02e8er277,Japan Hockey Association*en,active,nonprofit,,Japan Hockey Association*en; 日本ホッケー協会*ja,JHA*en,https://www.hockey.or.jp/,https://ja.wikipedia.org/wiki/日本ホッケー協会,hockey.or.jp,1923,,,,,,,Q112939207,Q112939207,Tokyo,Japan,1850147,,,,,,
,https://ror.org/004zhzd05,Japan Bodybuilding & Fitness Federation*en,active,nonprofit,,Japan Bodybuilding & Fitness Federation*en; 日本ボディビル・フィットネス連盟*ja,JBBF*en,https://www.jbbf.jp/,https://ja.wikipedia.org/wiki/日本ボディビル・フィットネス連盟,jbbf.jp,1955,,,,,,,Q11506925,Q11506925,Tokyo,Japan,1850147,,,,,,
,https://ror.org/03s24y126,National Federation of UNESCO Associations in Japan*en,active,nonprofit,,National Federation of UNESCO Associations in Japan*en; 日本ユネスコ協会連盟*ja,,https://www.unesco.or.jp/,,unesco.or.jp,1948,,,,,0000 0001 0700 5611,0000 0001 0700 5611,Q132472065,Q132472065,Tokyo,Japan,1850147,,,,,,
,https://ror.org/02beq1z51,Japan Rifle Shooting Sport Federation*en,active,nonprofit,National Rifle Association of Japan*en,Japan Rifle Shooting Sport Federation*en; 日本ライフル射撃協会*ja,JRSF*en,https://www.riflesports.jp/,https://ja.wikipedia.org/wiki/日本ライフル射撃協会,riflesports.jp,1971,,,,,,,Q11507010,Q11507010,Tokyo,Japan,1850147,,,,,,
,https://ror.org/031pyfh76,Japan Rowing Association*en,active,nonprofit,,Japan Rowing Association*en; 日本ローイング協会*ja,JARA*en,https://www.jara.or.jp/,https://ja.wikipedia.org/wiki/日本ローイング協会,jara.or.jp,1920,,,,,,,Q11506931,Q11506931,Tokyo,Japan,1850147,,,,,,
,https://ror.org/05psj1c71,Japan Association of Healthcare Management Consultants*en,active,nonprofit,,Japan Association of Healthcare Management Consultants*en; 日本医業経営コンサルタント協会*ja,,https://www.jahmc.or.jp/,,jahmc.or.jp,,,,,,,,,,Tokyo,Japan,1850147,,,,,,
,https://ror.org/04yc1tr22,Japan Theatre Arts Association*en,active,nonprofit,,Japan Theatre Arts Association*en; 日本演劇協会*ja,JTAA*en,http://www.jtaa.or.jp/,https://ja.wikipedia.org/wiki/日本演劇協会,jtaa.or.jp,1951,,,,,,,Q11508539,Q11508539,Tokyo,Japan,1850147,,,,,,
,https://ror.org/0107ndm40,Japan Federation of Musicians*en,active,nonprofit,,Japan Federation of Musicians*en; 日本演奏連盟*ja,,https://www.jfm.or.jp/,https://ja.wikipedia.org/wiki/日本演奏連盟,jfm.or.jp,1965,,,,,,,Q11508542,Q11508542,Tokyo,Japan,1850147,,,,,,
,https://ror.org/03p3eqx72,Japan Sewer Collection System Management Association*en,active,nonprofit,Japan Sewer Collection System Maintenance Association*en,Japan Sewer Collection System Management Association*en; 日本下水道管路管理業協会*ja,JASCOMA*en,https://www.jascoma.com/,,jascoma.com,1993,,,,,,,,,Tokyo,Japan,1850147,,,,,,
,https://ror.org/02r56nb31,The Japan Home Garden Association*en,active,nonprofit,,The Japan Home Garden Association*en; 日本家庭園芸普及協会*ja,,https://www.kateiengei.or.jp,,kateiengei.or.jp,1988,,,,,,,,,Tokyo,Japan,1850147,,,,,,
,https://ror.org/039dx8e95,The Japan Association of Training Institutions for Certified Care Workers*en,active,nonprofit,,The Japan Association of Training Institutions for Certified Care Workers*en; 日本介護福祉士養成施設協会*ja,,https://kaiyokyo.net,,kaiyokyo.net,1991,,,,,,,,,Tokyo,Japan,1850147,,,,,,
,https://ror.org/002mn9z81,Kobe Ekisaikai Hospital*en,active,healthcare,,Kobe Ekisaikai Hospital*en; 神戸掖済会病院*ja,,https://kobe-ekisaikai.or.jp/,,kobe-ekisaikai.or.jp,,,,,,,,,,Kobe,Japan,1859171,,,,,,
,https://ror.org/057891n78,Japan Sea Cadet Federation*en,active,nonprofit,,Japan Sea Cadet Federation*en; 日本海洋少年団連盟*ja,,https://www.jsf-japan.or.jp/,https://ja.wikipedia.org/wiki/海洋少年団,jsf-japan.or.jp,1953,,,,,,,Q48744076,Q48744076,Tokyo,Japan,1850147,,,,,,
,https://ror.org/010hbsf93,Japan Contract Food Service Association*en,active,nonprofit,,Japan Contract Food Service Association*en; 日本給食サービス協会*ja,,https://www.jcfs.or.jp/,,jcfs.or.jp,1974,,,,,,,,,Tokyo,Japan,1850147,,,,,,
,https://ror.org/039mr6062,Association of Japanese Theatre Companies*en,active,nonprofit,,Association of Japanese Theatre Companies*en; 日本劇団協議会*ja,,https://gekidankyo.or.jp/,https://ja.wikipedia.org/wiki/日本劇団協議会,gekidankyo.or.jp,1992,,,,,0000 0001 0174 1933,0000 0001 0174 1933,Q11507404,Q11507404,Tokyo,Japan,1850147,,,,,,
,https://ror.org/00tks0g50,The Japan Institute of Architects*en,active,nonprofit,,The Japan Institute of Architects*en; 日本建築家協会*ja,JIA*en,https://www.jia.or.jp,https://ja.wikipedia.org/wiki/%E6%97%A5%E6%9C%AC%E5%BB%BA%E7%AF%89%E5%AE%B6%E5%8D%94%E4%BC%9A,jia.or.jp,1987,,,,,,,Q1683375,Q1683375,Tokyo,Japan,1850147,,,,,,
,https://ror.org/04zpa9q42,The Building Surveyor's Institute of Japan*en,active,nonprofit,,The Building Surveyor's Institute of Japan*en; 日本建築積算協会*ja,BSIJ*en,https://www.bsij.or.jp/,,bsij.or.jp,1975,,,,,,,,,Tokyo,Japan,1850147,,,,,,
,https://ror.org/047k6bv77,Japan Kogei Association*en,active,nonprofit,,Japan Kogei Association*en; 日本工芸会*ja,,https://www.nihonkogeikai.or.jp/,https://ja.wikipedia.org/wiki/日本工芸会,nihonkogeikai.or.jp,1955,,,,,,,Q11508054,Q11508054,Tokyo,Japan,1850147,,,,,,
,https://ror.org/029xdyx30,Japan Advertising Review Organization*en,active,nonprofit,,Japan Advertising Review Organization*en; 日本広告審査機構*ja,JARO*en,https://www.jaro.or.jp/,https://ja.wikipedia.org/wiki/日本広告審査機構,jaro.or.jp,1974,,,,,,,Q11508075,Q11508075,Tokyo,Japan,1850147,,,,,,
,https://ror.org/038k4tw98,The Organization of Advertising Creation*en,active,nonprofit,,The Organization of Advertising Creation*en; 日本広告制作協会*ja,OAC*en,https://www.oac.or.jp/,,oac.or.jp,1988,,,,,,,,,Tokyo,Japan,1850147,,,,,,
,https://ror.org/057fcpf09,Japan Aircraft Pilot Association*en,active,nonprofit,,Japan Aircraft Pilot Association*en; 日本航空機操縦士協会*ja,JAPA*en,https://www.japa.or.jp,https://ja.wikipedia.org/wiki/日本航空機操縦士協会,japa.or.jp,1966,,,,,,,Q11508999,Q11508999,Tokyo,Japan,1850147,,,,,,
,https://ror.org/017yfgm94,Japan Aeronautical Engineers' Association*en,active,nonprofit,,Japan Aeronautical Engineers' Association*en; 日本航空技術協会*ja,JAEA*en,https://www.jaea.or.jp/,,jaea.or.jp,1955,,,,,,,,,Tokyo,Japan,1850147,,,,,,
,https://ror.org/00cxs9317,Japan Composer's Association*en,active,nonprofit,,Japan Composer's Association*en; 日本作曲家協会*ja,,https://www.jacompa.or.jp/,https://ja.wikipedia.org/wiki/%E6%97%A5%E6%9C%AC%E4%BD%9C%E6%9B%B2%E5%AE%B6%E5%8D%94%E4%BC%9A,jacompa.or.jp,1958,,,,,,,Q685839,Q685839,Tokyo,Japan,1850147,,,,,,
,https://ror.org/05vjfmj90,The Securities Analysts Association of Japan*en,active,nonprofit,,The Securities Analysts Association of Japan*en; 日本証券アナリスト協会*ja,SAAJ*en,https://www.saa.or.jp/,https://ja.wikipedia.org/wiki/日本証券アナリスト協会,saa.or.jp,1962,,,,,,,Q11509104,Q11509104,Tokyo,Japan,1850147,,,,,,
,https://ror.org/032hppp09,Japan Meat Market Wholesaler's Association*en,active,nonprofit,,Japan Meat Market Wholesaler's Association*en; 日本食肉市場卸売協会*ja,JMMA*en,https://mmb.jmma.or.jp/,,jmma.or.jp,1960,,,,,,,,,Tokyo,Japan,1850147,,,,,,
,https://ror.org/04p8d0b56,Marine Rescue Japan*en,active,nonprofit,,Marine Rescue Japan*en; 日本水難救済会*ja,,https://www.mrj.or.jp/,https://ja.wikipedia.org/wiki/日本水難救済会,mrj.or.jp,1889,,,,,,,Q11508447,Q11508447,Tokyo,Japan,1850147,,,,,,
,https://ror.org/00pxy0c58,Japan Cooked-rice Association*en,active,nonprofit,Corporation of Rice-Cooking of Japan*en,Japan Cooked-rice Association*en; 日本炊飯協会*ja,,https://www.rice-cook.com/,,rice-cook.com,1995,,,,,,,,,Tokyo,Japan,1850147,,,,,,
,https://ror.org/01nv7d354,Junior Chamber International Japan*en,active,nonprofit,,Junior Chamber International Japan*en; 日本青年会議所*ja,,https://www.jaycee.or.jp/,https://ja.wikipedia.org/wiki/日本青年会議所,jaycee.or.jp,1951,,,,,0000 0000 9000 1867,0000 0000 9000 1867,Q11509400,Q11509400,Tokyo,Japan,1850147,,,,,,
,https://ror.org/02jvjdv06,Japan Specialized Newspapers Association*en,active,nonprofit,,Japan Specialized Newspapers Association*en; 日本専門新聞協会*ja,,http://www.senmonshinbun.or.jp,https://ja.wikipedia.org/wiki/日本専門新聞協会,senmonshinbun.or.jp,1947,,,,,,,Q11507975,Q11507975,Tokyo,Japan,1850147,,,,,,
,https://ror.org/05xx39404,Japan Tax Association*en,active,nonprofit,,Japan Tax Association*en; 日本租税研究協会*ja,,https://www.soken.or.jp,,soken.or.jp,1949,,,,,,,,,Tokyo,Japan,1850147,,,,,,
,https://ror.org/01jnj3t57,Institute of Noise Control Engineering of Japan*en,active,nonprofit,,Institute of Noise Control Engineering of Japan*en; 日本騒音制御工学会*ja,INCE/J*en,https://www.ince-j.or.jp/,,ince-j.or.jp,1976,,,,,,,,,Tokyo,Japan,1850147,,,,,,
,https://ror.org/05gd2sk89,Japanese Institute of Landscape Architecture*en,active,nonprofit,,Japanese Institute of Landscape Architecture*en; 日本造園学会*ja,JILA*en,https://www.jila-zouen.org/,,jila-zouen.org,1925,,,,,0000 0001 0721 2733,0000 0001 0721 2733,Q103959271,Q103959271,Tokyo,Japan,1850147,,,,,,
,https://ror.org/01wxnb976,Japan Tea Central Association*en,active,nonprofit,Japan Central Tea Association*en,Japan Tea Central Association*en; 日本茶業中央会*ja,,https://www.nihon-cha.or.jp/,https://ja.wikipedia.org/wiki/%E6%97%A5%E6%9C%AC%E8%8C%B6%E6%A5%AD%E4%B8%AD%E5%A4%AE%E4%BC%9A,nihon-cha.or.jp,1943,,,,,,,Q11509026,Q11509026,Tokyo,Japan,1850147,,,,,,
,https://ror.org/010cf9j23,Japan Electric Engineers' Association*en,active,nonprofit,,Japan Electric Engineers' Association*en; 日本電気技術者協会*ja,,https://www.jeea.or.jp/,,jeea.or.jp,1955,,,,,,,,,Tokyo,Japan,1850147,,,,,,
,https://ror.org/050c27c35,Japan Ceramic Society*en,active,nonprofit,,Japan Ceramic Society*en; 日本陶磁協会*ja,,https://www.j-ceramics.or.jp/,,j-ceramics.or.jp,1950,,,,,,,,,Tokyo,Japan,1850147,,,,,,
,https://ror.org/016r6de97,Japan Equestrian Federation*en,active,nonprofit,,Japan Equestrian Federation*en; 日本馬術連盟*ja,JEF*en,https://www.equitation-japan.com/,https://ja.wikipedia.org/wiki/日本馬術連盟,equitation-japan.com,1946,,,,,,,Q11509459,Q11509459,Tokyo,Japan,1850147,,,,,,
,https://ror.org/00504nw73,Japan Actors' Association*en,active,nonprofit,,Japan Actors' Association*en; 日本俳優協会*ja,,https://www.actors.or.jp/,https://ja.wikipedia.org/wiki/%E6%97%A5%E6%9C%AC%E4%BF%B3%E5%84%AA%E5%8D%94%E4%BC%9A,actors.or.jp,1957,,,,,,,Q11507261,Q11507261,Tokyo,Japan,1850147,,,,,,
,https://ror.org/03ryt5z11,Japan Association of Aesthetic Medicine*en,active,nonprofit,,Japan Association of Aesthetic Medicine*en; 日本美容医療協会*ja,JAAM*en,https://www.jaam.or.jp/,,jaam.or.jp,1991,,,,,,,,,Tokyo,Japan,1850147,,,,,,
,https://ror.org/0559r0613,Japan Wushu Taijiquan Federation*en,active,nonprofit,,Japan Wushu Taijiquan Federation*en; 日本武術太極拳連盟*ja,JWTF*en,https://www.jwtf.or.jp/,https://ja.wikipedia.org/wiki/日本武術太極拳連盟,jwtf.or.jp,1988,,,,,,,Q11508364,Q11508364,Tokyo,Japan,1850147,,,,,,
,https://ror.org/04rq3sq14,The NIHONBUYO Association*en,active,nonprofit,,The NIHONBUYO Association*en; 日本舞踊協会*ja,,https://nihonbuyou.or.jp/,https://ja.wikipedia.org/wiki/日本舞踊協会,nihonbuyou.or.jp,1955,,,,,,,Q96124855,Q96124855,Tokyo,Japan,1850147,,,,,,
,https://ror.org/036d3p537,Japan Direct Selling Association*en,active,nonprofit,,Japan Direct Selling Association*en; 日本訪問販売協会*ja,JDSA*en,https://jdsa.or.jp,https://ja.wikipedia.org/wiki/日本訪問販売協会,jdsa.or.jp,1980,,,,,,,Q11509100,Q11509100,Tokyo,Japan,1850147,,,,,,
,https://ror.org/03msej020,"Association for the Safety of Imported Food, Japan*en",active,nonprofit,,"Association for the Safety of Imported Food, Japan*en; 日本輸入食品安全推進協会*ja",ASIF*en,https://www.asif.or.jp/,,asif.or.jp,1992,,,,,,,,,Tokyo,Japan,1850147,,,,,,
,https://ror.org/00tb3yd20,Japanese Association for Pre-school Education*en,active,nonprofit,,Japanese Association for Pre-school Education*en; 日本幼年教育会*ja,JAPE*en,https://jape.or.jp/,,jape.or.jp,1969,,,,,,,,,Higashiosaka,Japan,1862752,,,,,,
,https://ror.org/00b6chn77,Japan Center for Hairdressing and Beauty Education*en,active,nonprofit,,Japan Center for Hairdressing and Beauty Education*en; 日本理容美容教育センター*ja,,https://www.ribikyoiku.or.jp/,https://ja.wikipedia.org/wiki/日本理容美容教育センター,ribikyoiku.or.jp,1954,,,,,,,Q11508593,Q11508593,Tokyo,Japan,1850147,,,,,,
,https://ror.org/00pcn1m90,Hino Medical Association*en,active,nonprofit,,Hino Medical Association*en; 日野市医師会*ja,,https://www.hino-med.or.jp/,,hino-med.or.jp,,,,,,,,,,Hino,Japan,1862599,,,,,,
,https://ror.org/0218wrf41,The Nohgaku Performers' Association*en,active,nonprofit,,The Nohgaku Performers' Association*en; 能楽協会*ja,,https://www.nohgaku.or.jp/,https://ja.wikipedia.org/wiki/能楽協会,nohgaku.or.jp,1945,,,,,,,Q11611978,Q11611978,Tokyo,Japan,1850147,,,,,,
,https://ror.org/02nct5a23,Association of Haiku Poets*en,active,nonprofit,,Association of Haiku Poets*en; 俳人協会*ja,,https://www.haijinkyokai.jp/,https://ja.wikipedia.org/wiki/%E4%BF%B3%E4%BA%BA%E5%8D%94%E4%BC%9A,haijinkyokai.jp,1961,,,,,,,Q17215344,Q17215344,Tokyo,Japan,1850147,,,,,,
,https://ror.org/031ddpd35,Real Estate Guarantee Association*en,active,nonprofit,,Real Estate Guarantee Association*en; 不動産保証協会*ja,,https://www.fudousanhosho.or.jp/,,fudousanhosho.or.jp,1973,,,,,,,,,Tokyo,Japan,1850147,,,,https://ror.org/05dhkgd39,,
,https://ror.org/04zyx4d40,Fukushima Association of Architects & Building Engineers*en,active,nonprofit,,Fukushima Association of Architects & Building Engineers*en; 福島県建築士会*ja,,http://www.fukushima-aba.or.jp,,fukushima-aba.or.jp,,,,,,,,,,Fukushima,Japan,2112923,,,,https://ror.org/020p12e29,,
,https://ror.org/05690vf03,Hyogo Association of the Deaf*en,active,nonprofit,,Hyogo Association of the Deaf*en; 兵庫県聴覚障害者協会*ja,,https://hyogodeaf.com/,,hyogodeaf.com,1990,,,,,,,,,Kobe,Japan,1859171,,,,,,
,https://ror.org/04sdjqv19,Rice Stable Supply Support Organization*en,active,nonprofit,,Rice Stable Supply Support Organization*en; 米穀安定供給確保支援機構*ja; 米穀機構*ja,,https://www.komenet.jp/,,komenet.jp,2004,,,,,,,Q139822448,Q139822448,Tokyo,Japan,1850147,,,,,,
,https://ror.org/0259at173,Hokkaido Federation of the Deaf*en,active,nonprofit,,Hokkaido Federation of the Deaf*en; 北海道ろうあ連盟*ja,,https://hokurouren.jp/,,hokurouren.jp,1974,,,,,,,,,Sapporo,Japan,2128295,,,,https://ror.org/02z936431,,
,https://ror.org/04ma4br78,Hokkaido International Exchange and Cooperation Center*en,active,nonprofit,,Hokkaido International Exchange and Cooperation Center*en; 北海道国際交流・協力総合センター*ja,HIECC*en,https://www.hiecc.or.jp,,hiecc.or.jp,1972,,,,,,,,,Sapporo,Japan,2128295,,,,,,
,https://ror.org/00y3z7r65,Hokkaido Association of Occupational Therapists*en,active,nonprofit,,Hokkaido Association of Occupational Therapists*en; 北海道作業療法士会*ja,HAOT*en,https://www.haot.jp/,,haot.jp,,,,,,,,,,Sapporo,Japan,2128295,,,,,,
,https://ror.org/05w06y913,Hokkaido Association of Real Estate Appraisers*en,active,nonprofit,,Hokkaido Association of Real Estate Appraisers*en; 北海道不動産鑑定士協会*ja,,https://www.harea.or.jp/,,harea.or.jp,1996,,,,,,,,,Sapporo,Japan,2128295,,,,,,
,https://ror.org/00zj2wg71,Sumida Medical Association*en,active,nonprofit,,Sumida Medical Association*en; 墨田区医師会*ja,,https://www.sumida-med.jp/,,sumida-med.jp,2002,,,,,,,,,Tokyo,Japan,1850147,,,,,,
,https://ror.org/02c8w9g19,Green and Safety Promoters Association*en,active,nonprofit,,Green and Safety Promoters Association*en; 緑の安全推進協会*ja,,https://www.midori-kyokai.com/,,midori-kyokai.com,1995,,,,,,,,,Tokyo,Japan,1850147,,,,,,
,https://ror.org/01x5cw846,Japan Wash Inc. Association*en,active,nonprofit,,Japan Wash Inc. Association*en; 日本洗浄技能開発協会*ja,JWA*en,http://www.senjo.or.jp/,https://ja.wikipedia.org/wiki/%E6%97%A5%E6%9C%AC%E6%B4%97%E6%B5%84%E6%8A%80%E8%83%BD%E9%96%8B%E7%99%BA%E5%8D%94%E4%BC%9A,senjo.or.jp,1994,,,,,,,Q11508459,Q11508459,Tokyo,Japan,1850147,,,,,,
,https://ror.org/02y3z0t64,Tohoku Central Hospital*en,active,healthcare,,Tohoku Central Hospital*en; 東北中央病院*ja,,https://tohoku-ctr-hsp.com/,,tohoku-ctr-hsp.com,,,,,,,,,,Yamagata,Japan,2110556,,,,,,
,https://ror.org/00y629s74,HRCP Research and Development Partnership*en,active,nonprofit,,HRCP Research and Development Partnership*en; 高速近接無線技術研究組合*ja,HRCP*en,https://www.hrcp.jp/,,hrcp.jp,2016,,,,,,,,,Tokyo,Japan,1850147,,,,,,
,https://ror.org/042k3bz59,Toranomon Hospital Kajigaya*en,active,healthcare,,Toranomon Hospital Kajigaya*en; 虎の門病院分院*ja,,https://toranomon.kkr.or.jp/kajigaya/,,,1966,,,,,,,,,Kawasaki,Japan,1859642,,https://ror.org/050ybep11,,https://ror.org/05rkz5e28,,
,https://ror.org/0104q7j39,Tokyo Kyosai Hospital*en,active,healthcare,,Tokyo Kyosai Hospital*en; 東京共済病院*ja,,https://tkh.kkr.or.jp/,,tkh.kkr.or.jp,1930,,,,,,,,,Tokyo,Japan,1850147,,https://ror.org/050ybep11,,,,
,https://ror.org/03fwvgr32,Maizuru Kyosai Hospital*en,active,healthcare,,Maizuru Kyosai Hospital*en; 舞鶴共済病院*ja,,https://maizuru.kkr.or.jp/,https://ja.wikipedia.org/wiki/舞鶴共済病院,maizuru.kkr.or.jp,1907,,,,,,,Q11613688,Q11613688,Maizuru,Japan,1857766,,https://ror.org/050ybep11,,,,
,https://ror.org/00ffhaq56,Sano Hospital*en,active,healthcare,,Sano Hospital*en; 佐野病院*ja,,https://www.sano-hospital.or.jp/,,sano-hospital.or.jp,,,,,,,,,,Kobe,Japan,1859171,,,,,,
,https://ror.org/015nwmh73,Yamaga Medical City Center*en,active,healthcare,Yamaga City Medical Center*en,Yamaga Medical City Center*en; 山鹿市民医療センター*ja,,https://yamaga-medical-center.jp/,,yamaga-medical-center.jp,1948,,,,,,,,,Yamaga,Japan,1848705,,,,,,
,https://ror.org/02gfmwm76,Research Association of Biomass Innovation for Next Generation Automobile Fuels*en,active,nonprofit,,Research Association of Biomass Innovation for Next Generation Automobile Fuels*en; 次世代グリーンCO2燃料技術研究組合*ja,raBit*en,https://rabit.or.jp/,,rabit.or.jp,2022,,,,,,,,,Ōkuma,Japan,2111444,,,,,,
,https://ror.org/055027v28,Next-Generation Membrane Module Technology Research Association*en,active,nonprofit,,Next-Generation Membrane Module Technology Research Association*en; 次世代型膜モジュール技術研究組合*ja,,,,,,,,,,,,,,Kizugawa,Japan,11611622,,,,,,
,https://ror.org/04rrhtk44,"Control of Innate Immunity, Collaborative Innovation Partnership*en",active,nonprofit,"Control of Innate Immunity, Technology Research Association*en","Control of Innate Immunity, Collaborative Innovation Partnership*en; 自然免疫制御技術研究組合*ja",,https://shizenmeneki.org/,,shizenmeneki.org,2010,,,,,,,,,Takamatsu,Japan,1851100,,,,,,
,https://ror.org/04mhp0z30,Advanced SoC Research for Automotive*en,active,nonprofit,,Advanced SoC Research for Automotive*en; 自動車用先端SoC技術研究組合*ja,ASRA*en,https://www.asra.jp/,,asra.jp,2023,,,,,,,,,Nagoya,Japan,1856057,,,,,,
,https://ror.org/05byad622,Transmission Research Association for Mobility Innovation*en,active,nonprofit,,Transmission Research Association for Mobility Innovation*en; 自動車用動力伝達技術研究組合*ja,TRAMI*en,https://trami.or.jp,,trami.or.jp,2018,,,,,,,,,Tokyo,Japan,1850147,,,,,,
,https://ror.org/011ys9r18,Iida Hospital*en,active,healthcare,,Iida Hospital*en; 飯田病院*ja,,,,,,,,,,,,,,Iida,Japan,1861864,,,,,,
,https://ror.org/00kg1t678,Himeji St. Mary's Hospital*en,active,healthcare,,Himeji St. Mary's Hospital*en; 姫路聖マリア病院*ja,,https://www.himemaria.or.jp/maria/,,,1950,,,,,,,,,Himeji,Japan,1862627,,,,,,
,https://ror.org/04p19ne47,Caress Memorial Hospital*en,active,healthcare,,Caress Memorial Hospital*en; カレス記念病院*ja,,https://caress-memorial.jp/,,caress-memorial.jp,2025,,,,,,,,,Sapporo,Japan,2128295,,,,,,https://ror.org/02xfyax20; https://ror.org/01eqjmz45
,https://ror.org/03z93wj17,Kaetsu Hospital*en,active,healthcare,,Kaetsu Hospital*en; 下越病院*ja,,https://niigata-min.or.jp/kaetsu/,,,,,,,,,,,,Niigata,Japan,1855431,,,,,,
,https://ror.org/01j4xj263,Sapporo Teishinkai Hospital*en,active,healthcare,Teishinkai Hospital*en,Sapporo Teishinkai Hospital*en; 札幌禎心会病院*ja,,https://www.teishinkai.jp/thp/,,,1984,,,,,,,,,Sapporo,Japan,2128295,,,,,,
,https://ror.org/00sg0ab04,Sagara Hospital*en,active,healthcare,,Sagara Hospital*en; 相良病院*ja,,https://www.sagara.or.jp/,,sagara.or.jp,,,,,,,,,,Kagoshima,Japan,1860827,,,,,,
,https://ror.org/0108v3c09,Kousei General Hospital*en,active,healthcare,,Kousei General Hospital*en; 興生総合病院*ja,,https://kohsei-hp.jp,,kohsei-hp.jp,1973,,,,,,,,,Mihara,Japan,1857334,,,,,,
,https://ror.org/03ft4zt70,Saitama Neuropsychiatric Institute*en,active,healthcare,シナプス埼玉精神神経センター*ja,Saitama Neuropsychiatric Institute*en; 埼玉精神神経センター*ja,,https://saitama-ni.com/,,saitama-ni.com,2011,,,,,,,,,Saitama,Japan,6940394,,,,,,
,https://ror.org/02bgn2p26,Saiseikai Yokohama-shi Nanbu Hospital*en,active,healthcare,Saiseikai Yokohamashi Nanbu Hospital*en; Saiseikai Yokohama City Nanbu Hospital*en,Saiseikai Yokohama-shi Nanbu Hospital*en; 済生会横浜市南部病院*ja,,https://www.nanbu.saiseikai.or.jp/,https://ja.wikipedia.org/wiki/済生会横浜市南部病院,nanbu.saiseikai.or.jp,1983,,,,,,,Q11561515,Q11561515,Yokohama,Japan,1848354,,https://ror.org/01w5vp368,,,,
,https://ror.org/040my0125,Kyoto Saiseikai Hospital*en,active,healthcare,Saiseikai Kyoto Hospital*en; 済生会京都府病院*ja,Kyoto Saiseikai Hospital*en; 京都済生会病院*ja,,https://www.kyoto.saiseikai.or.jp/,https://ja.wikipedia.org/wiki/京都済生会病院,kyoto.saiseikai.or.jp,1929,,,,,,,Q11561501,Q11561501,Nagaokakyō,Japan,1856196,,https://ror.org/01w5vp368,,,,
,https://ror.org/031ts9w93,Saiseikai Hiroshima Hospital*en,active,healthcare,,Saiseikai Hiroshima Hospital*en; 済生会広島病院*ja,,https://www.saiseikai.com/,https://ja.wikipedia.org/wiki/%E6%B8%88%E7%94%9F%E4%BC%9A%E5%BA%83%E5%B3%B6%E7%97%85%E9%99%A2,saiseikai.com,1987,,,,,,,Q109367830,Q109367830,Saka,Japan,1853213,,https://ror.org/01w5vp368,,,,
,https://ror.org/049jsmp37,Saiseikai Kazo Hospital*en,active,healthcare,Saiseikai Kurihashi Hospital*en; Saitamaken Saiseikai Kurihashi Hospital*en,Saiseikai Kazo Hospital*en; 埼玉県済生会加須病院*ja,,https://saikazo.org/,https://ja.wikipedia.org/wiki/埼玉県済生会加須病院,saikazo.org,1989,,,,,,,Q11426581,Q11426581,Kazo,Japan,1859586,,https://ror.org/01w5vp368,,,,
,https://ror.org/058x0zk69,Saiseikai Konosu Hospital*en,active,healthcare,,Saiseikai Konosu Hospital*en; 埼玉県済生会鴻巣病院*ja; Saiseikai Kounosu Hospital*en,,https://www.kounosu-hp.jp/,https://ja.wikipedia.org/wiki/埼玉県済生会鴻巣病院,kounosu-hp.jp,1950,,,,,,,Q11426582,Q11426582,Kōnosu,Japan,1858794,,https://ror.org/01w5vp368,,,,
,https://ror.org/03gqch695,Saiseikai Kawaguchi General Hospital*en,active,healthcare,Saitama Saiseikai Kawaguchi General Hospital*en,Saiseikai Kawaguchi General Hospital*en; 埼玉県済生会川口総合病院*ja,,https://www.saiseikai.gr.jp/,https://ja.wikipedia.org/wiki/埼玉県済生会川口総合病院,saiseikai.gr.jp,1940,,,,,,,Q11426580,Q11426580,Kawaguchi,Japan,1859730,,https://ror.org/01w5vp368,,,,
,https://ror.org/0477q1e02,Yamagata Saisei Hospital*en,active,healthcare,Saiseikai Yamagata Saisei Hospital*en,Yamagata Saisei Hospital*en; 済生会山形済生病院*ja,,https://www.ameria.org,,ameria.org,1944,,,,,,,,,Yamagata,Japan,2110556,,https://ror.org/01w5vp368,,,,
,https://ror.org/02s1r7f56,Saiseikai Yamaguchi General Hospital*en,active,healthcare,Saiseikai Yamaguchi Hospital*en,Saiseikai Yamaguchi General Hospital*en; 山口県済生会山口総合病院*ja,,https://www.yamaguchi-saiseikai.jp/,,yamaguchi-saiseikai.jp,1951,,,,,,,,,Yamaguchi,Japan,1848689,,https://ror.org/01w5vp368,,,,
,https://ror.org/03bebaw79,Saiseikai Matsusaka General Hospital*en,active,healthcare,,Saiseikai Matsusaka General Hospital*en; 恩賜財団済生会松阪総合病院*ja,,https://www.matsusaka.saiseikai.or.jp/,https://ja.wikipedia.org/wiki/%E6%B8%88%E7%94%9F%E4%BC%9A%E6%9D%BE%E9%98%AA%E7%B7%8F%E5%90%88%E7%97%85%E9%99%A2,matsusaka.saiseikai.or.jp,1937,,,,,0000 0004 0569 7935,0000 0004 0569 7935,Q11561514,Q11561514,Matsusaka,Japan,11468431,,https://ror.org/01w5vp368,,,,
,https://ror.org/01yd1ap48,Hitachiomiya Saiseikai Hospital*en,active,healthcare,,Hitachiomiya Saiseikai Hospital*en; 常陸大宮済生会病院*ja,,https://ho-saisei.jp/,,ho-saisei.jp,2006,,,,,,,,,Hitachiomiya,Japan,6822102,,https://ror.org/01w5vp368,,,,
,https://ror.org/02qn1a872,Saiseikai Kanazawa Hospital*en,active,healthcare,,Saiseikai Kanazawa Hospital*en; 石川県済生会金沢病院*ja,,https://saiseikaikanazawa.jp/,,saiseikaikanazawa.jp,1936,,,,,,,,,Kanazawa,Japan,1860243,,https://ror.org/01w5vp368,,,,
,https://ror.org/058n7vg60,Saiseikai Izuo Hospital*en,active,healthcare,Osaka Saiseikai Izuo Hospital*en; Pref Osaka Saiseikai Izuo Hospital*en,Saiseikai Izuo Hospital*en; 大阪府済生会泉尾病院*ja,,https://www.izuo-saiseikai.gr.jp/,https://ja.wikipedia.org/wiki/大阪府済生会泉尾病院,izuo-saiseikai.gr.jp,1945,,,,,,,Q11440977,Q11440977,Osaka,Japan,1853909,,https://ror.org/01w5vp368,,,,
,https://ror.org/049aqnz97,Saiseikai Tondabayashi Hospital*en,active,healthcare,Osaka-fu Saiseikai Tondabayashi Hospital*en,Saiseikai Tondabayashi Hospital*en; 大阪府済生会富田林病院*ja,,https://tondabayashi.saiseikai.or.jp/,,tondabayashi.saiseikai.or.jp,1977,,,,,,,,,Tondabayashi,Japan,1850034,,https://ror.org/01w5vp368,,,,
,https://ror.org/02xx3av15,Saiseikai Noe Hospital*en,active,healthcare,Osaka Saiseikai Noe Hospital*en,Saiseikai Noe Hospital*en; 大阪府済生会野江病院*ja,,https://noe.saiseikai.or.jp/,,noe.saiseikai.or.jp,1951,,,,,,,,,Osaka,Japan,1853909,,https://ror.org/01w5vp368,,,,
,https://ror.org/05aynm611,Saiseikai Chuwa Hospital*en,active,healthcare,,Saiseikai Chuwa Hospital*en; 恩賜財団済生会中和病院*ja,,https://chuwa-hp.jp/,,chuwa-hp.jp,1954,,,,,,,,,Sakurai,Japan,1853066,,https://ror.org/01w5vp368,,,,
,https://ror.org/04v7hp192,Saiseikai Toyama Hospital*en,active,healthcare,,Saiseikai Toyama Hospital*en; 富山県済生会富山病院*ja,,https://www.saiseikai-toyama.jp/,,saiseikai-toyama.jp,1948,,,,,,,,,Toyama,Japan,1849876,,https://ror.org/01w5vp368,,,,
,https://ror.org/05ss7cp34,Imperial Gift Foundation Boshi-Aiiku-Kai*en,active,nonprofit,,Imperial Gift Foundation Boshi-Aiiku-Kai*en; 恩賜財団母子愛育会*ja,,https://www.boshiaiikukai.jp/,https://ja.wikipedia.org/wiki/%E6%AF%8D%E5%AD%90%E6%84%9B%E8%82%B2%E4%BC%9A,boshiaiikukai.jp,1934,,,,,0000 0000 9754 1655,0000 0000 9754 1655,Q113530909,Q113530909,Tokyo,Japan,1850147,,,https://ror.org/00tzybz48,,,
,https://ror.org/0001s8r15,Yomiuri Light and Humanity Association*en,active,nonprofit,,,,https://www.yomiuri-hikari.or.jp/,,yomiuri-hikari.or.jp,1961,,,,,,,,,Tokyo,Japan,1850147,,,,https://ror.org/05cz09y50,,
,https://ror.org/045vpb653,Technology Research Association for Volume Reduction and Recycling of Waste and Removed Soil*en,active,nonprofit,,Technology Research Association for Volume Reduction and Recycling of Waste and Removed Soil*en; 除去土壌等減容化・再生利用技術研究組合*ja,VOREWS*en,https://www.vorews.or.jp,,vorews.or.jp,2016,,,,,,,,,Tokyo,Japan,1850147,,,,,,
,https://ror.org/009ypgb12,Meat Production Technology Research Association*en,active,nonprofit,,Meat Production Technology Research Association*en; 食肉生産技術研究組合*ja,,,,,1992,,,,,,,,,Tokyo,Japan,1850147,,,,https://ror.org/01jwqqd72,,
,https://ror.org/05sfecc39,Itoigawa General Hospital*en,active,healthcare,,Itoigawa General Hospital*en; 新潟県厚生農業協同組合連合会糸魚川総合病院*ja; 糸魚川総合病院*ja,,https://www.itoigawa-hp.jp/,,itoigawa-hp.jp,1938,,,,,,,,,Itoigawa,Japan,1861285,,,,,,
,https://ror.org/01cftye63,Research Association for Advanced Systems*en,active,nonprofit,,Research Association for Advanced Systems*en; 先端システム技術研究組合*ja,RaaS*en,https://raas-cip.org/,,raas-cip.org,2020,,,,,,,,,Tokyo,Japan,1850147,,,,,,
,https://ror.org/0393s5824,All Japan Tohsu Technical Association in Civil Engineering*en,active,nonprofit,,All Japan Tohsu Technical Association in Civil Engineering*en; 全国トース技術研究組合*ja,ATTAC*en,https://attac-j.or.jp/,,attac-j.or.jp,2016,,,,,,,,,Hirokawa,Japan,13132744,,,,,,
,https://ror.org/03nbe1975,Osaki City Medical Association*en,active,nonprofit,,Osaki City Medical Association*en; 大崎市医師会*ja,,https://www.furukawa-med.or.jp/,,furukawa-med.or.jp,,,,,,,,,,Ōsaki,Japan,6822188,,,,,,
,https://ror.org/02bb4b936,Decarbonized Industrial Thermo-System Center*en,active,nonprofit,,Decarbonized Industrial Thermo-System Center*en; 脱炭素産業熱システム技術研究組合*ja,DITS*en,https://dits-center.jp/,,dits-center.jp,2023,,,,,,,,,Tokyo,Japan,1850147,,,,,,
,https://ror.org/00j9ywm24,Integrated Engineering System Research and Development Partnership*en,active,nonprofit,,Integrated Engineering System Research and Development Partnership*en; 都市丸ごとのシミュレーション技術研究組合*ja,,https://cityscalekobe.jp/,,cityscalekobe.jp,2019,,,,,,,,,Kobe,Japan,1859171,,,,,,
,https://ror.org/00nn9cv06,The Okinawa Development Finance Corporation*en,active,government,,The Okinawa Development Finance Corporation*en; 沖縄振興開発金融公庫*ja,ODFC*en,https://www.okinawakouko.go.jp/,https://ja.wikipedia.org/wiki/%E6%B2%96%E7%B8%84%E6%8C%AF%E8%88%88%E9%96%8B%E7%99%BA%E9%87%91%E8%9E%8D%E5%85%AC%E5%BA%AB,okinawakouko.go.jp,1972,,,,,,,Q11552698,Q11552698,Naha,Japan,1856035,,,,,,
,https://ror.org/004sq9084,Japan Pension Service*en,active,government,,Japan Pension Service*en; 日本年金機構*ja,,https://www.nenkin.go.jp/,https://ja.wikipedia.org/wiki/日本年金機構,nenkin.go.jp,2010,,,,,,,Q11508070,Q11508070,Tokyo,Japan,1850147,,,,,,
,https://ror.org/04pk79j58,Nozominooka Hospital*en,active,healthcare,,Nozominooka Hospital*en; のぞみの丘ホスピタル*ja,,https://www.minokamo.or.jp/,https://ja.wikipedia.org/wiki/のぞみの丘ホスピタル,minokamo.or.jp,1964,,,,,,,Q11275168,Q11275168,Minokamo,Japan,6822217,,,,,,
,https://ror.org/05r07z048,The Japan Association for Advancement of ILO Activities*en,active,nonprofit,,The Japan Association for Advancement of ILO Activities*en; ILO活動推進日本協議会*ja; 日本ILO協議会*ja,,https://www.iloj.org/,,iloj.org,2011,,,,,,,,,Tokyo,Japan,1850147,,,,,,
,https://ror.org/04s0q8707,Japan Society of Plumbing Engineers*en,active,nonprofit,,Japan Society of Plumbing Engineers*en; 給排水設備研究会*ja,,,,,,,,,,,,,,Tokyo,Japan,1850147,,,,,,
,https://ror.org/05s79wf36,Shinsei Soken*en,active,nonprofit,,Shinsei Soken*en; 新世創建*ja,,,,,2001,,,,,,,,,Tokyo,Japan,1850147,,,,,,
,https://ror.org/011q6gg33,Factory Assisting 3C Emergence*en,active,nonprofit,,Factory Assisting 3C Emergence*en; 創造支援工房フェイス*ja,FACE*en,https://www.face.or.jp,,face.or.jp,2000,,,,,,,,,Tokyo,Japan,1850147,,,,,,
,https://ror.org/047ex1x42,Japanese Society for Jaw Deformities*en,active,nonprofit,,Japanese Society for Jaw Deformities*en; 日本顎変形症学会*ja,JSJD*en,https://jaw-deform.jp/,https://ja.wikipedia.org/wiki/日本顎変形症学会,jaw-deform.jp,1991,,,,,,,Q11509428,Q11509428,Tokyo,Japan,1850147,,,,,,
,https://ror.org/04nw8hw87,Japanese Society of Pediatric Hematology/Oncology*en,active,nonprofit,,Japanese Society of Pediatric Hematology/Oncology*en; 日本小児血液・がん学会*ja,JSPHO*en,https://www.jspho.org/,,jspho.org,2011,,,,,,,,,Tokyo,Japan,1850147,,,,,,
,https://ror.org/01yjtr422,Japan Association of Adult Orthodontics*en,active,nonprofit,,Japan Association of Adult Orthodontics*en; 日本成人矯正歯科学会*ja,,https://www.jaao.jp/,,jaao.jp,1993,,,,,,,,,Tokyo,Japan,1850147,,,,,,
,https://ror.org/01zfg1r21,Japan Association of Holistic Medicine*en,active,nonprofit,,Japan Association of Holistic Medicine*en; 日本綜合医学会*ja,,https://nihon-sougou.com/,https://ja.wikipedia.org/wiki/日本綜合医学会,nihon-sougou.com,1954,,,,,,,Q111570146,Q111570146,Tokyo,Japan,1850147,,,,,,
,https://ror.org/04tswpj25,Japan Fire Equipment Inspection Institute*en,active,government,,Japan Fire Equipment Inspection Institute*en; 日本消防検定協会*ja,JFEII*en,https://www.jfeii.or.jp/,https://ja.wikipedia.org/wiki/%E6%97%A5%E6%9C%AC%E6%B6%88%E9%98%B2%E6%A4%9C%E5%AE%9A%E5%8D%94%E4%BC%9A,jfeii.or.jp,1963,,,,,,,Q132154378,Q132154378,Chofu,Japan,1864518,,,,,,
,https://ror.org/03yhh7q06,Tokyo General Hospital*en,active,healthcare,,Tokyo General Hospital*en; 総合東京病院*ja,,https://www.tokyo-hospital.com/,,tokyo-hospital.com,2010,,,,,,,,,Tokyo,Japan,1850147,,,,,,
,https://ror.org/02fnxj756,Research Association for High-Resolution Synchrotron Radiation Analysis of Semiconductor and Quantum Devices*en,active,nonprofit,,Research Association for High-Resolution Synchrotron Radiation Analysis of Semiconductor and Quantum Devices*en; 半導体・量子素子高分解能放射光分析技術研究組合*ja,,,,,2023,,,,,,,,,Suita,Japan,1851483,,,,,,
,https://ror.org/05y5w4467,Non-combustible Technology Research & Development Association*en,active,nonprofit,,Non-combustible Technology Research & Development Association*en; 不燃化技術研究組合*ja,NOCTER*en,http://nocter.or.jp/,,nocter.or.jp,2016,,,,,,,,,Tokyo,Japan,1850147,,,,,,
,https://ror.org/028ehxg83,Floating Offshore Wind Technology Research Association*en,active,nonprofit,,Floating Offshore Wind Technology Research Association*en; 浮体式洋上風力技術研究組合*ja,FLOWRA*en,https://flowra.or.jp/,,flowra.or.jp,2024,,,,,,,,,Tokyo,Japan,1850147,,,,,,
,https://ror.org/012z62093,Kobe University Hospital International Clinical Cancer Research Center*en,active,healthcare,"International Clinical Cancer Research Center, Kobe University*en",Kobe University Hospital International Clinical Cancer Research Center*en; 神戸大学医学部附属国際がん医療・研究センター*ja; 神戸大学医学部附属病院国際がん医療・研究センター*ja,ICCRC*en,https://www.hosp.kobe-u.ac.jp/iccrc/,,,2017,,,,,,,,,Kobe,Japan,1859171,,https://ror.org/00bb55562,,https://ror.org/03tgsfw79,,
,https://ror.org/01jk7es96,The University of Osaka Dental Hospital*en,active,healthcare,Osaka University Dental Hospital*en,The University of Osaka Dental Hospital*en; 大阪大学歯学部附属病院*ja,,https://hospital.dent.osaka-u.ac.jp/,,hospital.dent.osaka-u.ac.jp,1953,,,,,,,,,Suita,Japan,1851483,,,,https://ror.org/035t8zc32,,
,https://ror.org/01a734d72,IMSUT Hospital*en,active,healthcare,"Research Hospital, The Institute of Medical Science, The University of Tokyo*en",IMSUT Hospital*en; 東京大学医科学研究所附属病院*ja,,https://www.h.ims.u-tokyo.ac.jp/,https://ja.wikipedia.org/wiki/東京大学医科学研究所附属病院,h.ims.u-tokyo.ac.jp,1894,,,,,,,Q11524665,Q11524665,Tokyo,Japan,1850147,,,,https://ror.org/057zh3y96,,
,https://ror.org/00x2q8q68,Ibaraki Prefectural University of Health Sciences Hospital*en,active,healthcare,,Ibaraki Prefectural University of Health Sciences Hospital*en; 茨城県立医療大学付属病院*ja,,https://www.hosp.ipu.ac.jp/,,hosp.ipu.ac.jp,,,,,,,,,,Ami,Japan,2113115,,,,https://ror.org/04vgkzj18,,
,https://ror.org/03a8mvg17,Kyushu Dental University Hospital*en,active,healthcare,,Kyushu Dental University Hospital*en; 九州歯科大学附属病院*ja,,https://www.kyu-dent.ac.jp/hospital/,,,1914,,,,,,,,,Kitakyushu,Japan,1859307,,,,https://ror.org/03bwzch55,,
,https://ror.org/03ncmgn09,Fukushima Medical University Aizu Medical Center*en,active,healthcare,,Fukushima Medical University Aizu Medical Center*en; 福島県立医科大学会津医療センター*ja,,https://www.fmu.ac.jp/hospitals/aizu/,https://ja.wikipedia.org/wiki/福島県立医科大学会津医療センター,,2013,,,,,,,Q17210557,Q17210557,Aizu-Wakamatsu,Japan,6822148,,,,https://ror.org/012eh0r35,,
,https://ror.org/02tfjxq18,Nagoya City University Midori Municipal Hospital*en,active,healthcare,Nagoya City Midori Municipal Hospital*en,Nagoya City University Midori Municipal Hospital*en; 名古屋市立大学医学部附属みどり市民病院*ja,,https://w3hosp.med.nagoya-cu.ac.jp/midori/,,,1945,,,,,,,,,Nagoya,Japan,1856057,,,,https://ror.org/04wn7wc95,,
,https://ror.org/03zx9qp11,Nagoya City University Mirai Kousei Hospital*en,active,healthcare,,Nagoya City University Mirai Kousei Hospital*en; 名古屋市立大学医学部附属みらい光生病院*ja,,https://w3hosp.med.nagoya-cu.ac.jp/miraikousei/,,,2023,,,,,,,,,Nagoya,Japan,1856057,,,,https://ror.org/04wn7wc95,,
,https://ror.org/01mjfcx54,Nagoya City University West Medical Center*en,active,healthcare,Nagoya City West Medical Center*en,Nagoya City University West Medical Center*en; 名古屋市立大学医学部附属西部医療センター*ja,,https://w3hosp.med.nagoya-cu.ac.jp/seibu/,https://ja.wikipedia.org/wiki/名古屋市立大学医学部附属西部医療センター,,2011,,,,,,,Q11415106,Q11415106,Nagoya,Japan,1856057,,,,https://ror.org/04wn7wc95,,
,https://ror.org/03jrv0f64,Nagoya City University East Medical Center*en,active,healthcare,Nagoya City East Medical Center*en,Nagoya City University East Medical Center*en; 名古屋市立大学医学部附属東部医療センター*ja,,https://w3hosp.med.nagoya-cu.ac.jp/toubu/,https://ja.wikipedia.org/wiki/名古屋市立大学医学部附属東部医療センター,,,,,,,,,Q11415071,Q11415071,Nagoya,Japan,1856057,,,,https://ror.org/04wn7wc95,,
,https://ror.org/03d4rvp51,Wakayama Medical University Hospital*en,active,healthcare,,Wakayama Medical University Hospital*en; 和歌山県立医科大学附属病院*ja,,https://www.wakayama-med.ac.jp/hospital/,,,,,,,,,,,,Wakayama,Japan,1926004,,,,https://ror.org/005qv5373,,
,https://ror.org/00ztkvj70,Japan Self-Defense Forces Hospital Yokosuka*en,active,healthcare,Japan Self-Defense Forces Yokosuka Hospital*en,Japan Self-Defense Forces Hospital Yokosuka*en; 自衛隊横須賀病院*ja,,http://www.mod.go.jp/msdf/yhl/,,,,,,,,,,Q38429881,Q38429881,Yokosuka,Japan,1848313,,https://ror.org/05pj88q26,,,,
,https://ror.org/03cccv765,Self-Defense Forces Kumamoto Hospital*en,active,healthcare,,Self-Defense Forces Kumamoto Hospital*en; 自衛隊熊本病院*ja,,,,,,,,,,,,Q38430431,Q38430431,Kumamoto,Japan,1858421,,https://ror.org/05pj88q26,,,,
,https://ror.org/022jndr10,Self-Defense Forces Kure Hospital*en,active,healthcare,Japan Self Defense Force Hospital Kure*en,Self-Defense Forces Kure Hospital*en; 自衛隊呉病院*ja,,,,,,,,,,,,,,Kure,Japan,1858296,,https://ror.org/05pj88q26,,,,
,https://ror.org/0445kpb44,Self-Defense Forces Hanshin Hospital*en,active,healthcare,,Self-Defense Forces Hanshin Hospital*en; 自衛隊阪神病院*ja,,,,,1966,,,,,,,Q38430534,Q38430534,Kawanishi,Japan,11611623,,https://ror.org/05pj88q26,,,,
,https://ror.org/01cyyvw83,Self-Defense Forces Sapporo Hospital*en,active,healthcare,Japan Self-Defense Forces Sapporo Hospital*en,Self-Defense Forces Sapporo Hospital*en; 自衛隊札幌病院*ja,,http://www.mod.go.jp/gsdf/nae/hosp/,,,,,,,,,,Q38430739,Q38430739,Sapporo,Japan,2128295,,https://ror.org/05pj88q26,,,,
,https://ror.org/01q161k74,Self-Defense Forces Sendai Hospital*en,active,healthcare,,Self-Defense Forces Sendai Hospital*en; 自衛隊仙台病院*ja,,http://www.mod.go.jp/gsdf/neae/sendaihosp/sendaihosp/,,,1971,,,,,,,Q38430688,Q38430688,Sendai,Japan,2111149,,https://ror.org/05pj88q26,,,,
,https://ror.org/00es4xr20,Self-Defense Forces Naha Hospital*en,active,healthcare,,Self-Defense Forces Naha Hospital*en; 自衛隊那覇病院*ja,,,,,,,,,,,,Q38430259,Q38430259,Naha,Japan,1856035,,https://ror.org/05pj88q26,,,,
,https://ror.org/04bq47y47,Self-Defense Forces Iruma Hospital*en,active,healthcare,Japan Self-Defense Force Iruma Hospital*en,Self-Defense Forces Iruma Hospital*en; 自衛隊入間病院*ja,,,,,2022,,,,,,,,,Iruma,Japan,6822163,,https://ror.org/05pj88q26,,,,
,https://ror.org/02tet1c31,Self-Defense Forces Fuji Hospital*en,active,healthcare,,Self-Defense Forces Fuji Hospital*en; 自衛隊富士病院*ja,,,,,1975,,,,,,,,,Oyama,Japan,1853485,,https://ror.org/05pj88q26,,,,
,https://ror.org/00haj3z42,Self-Defense Forces Fukuoka Hospital*en,active,healthcare,Self Defense Forces Fukuoka Hospital*en,Self-Defense Forces Fukuoka Hospital*en; 自衛隊福岡病院*ja,,,,,1955,,,,,,,,,Kasuga,Japan,6822147,,https://ror.org/05pj88q26,,,,
,https://ror.org/053hhpd64,National Cancer Center Hospital*en,active,healthcare,,National Cancer Center Hospital*en; 国立がん研究センター中央病院*ja,,https://www.ncc.go.jp/en/ncch/index.html,,,1962,,,,,,,Q131457218,Q131457218,Tokyo,Japan,1850147,,https://ror.org/0025ww868,,,,
,https://ror.org/04a7pdj13,National Medical Center for Children and Mothers*en,active,healthcare,National Center for Child Health and Development Hospital*en,National Medical Center for Children and Mothers*en; 国立成育医療研究センター病院*ja,,https://www.ncchd.go.jp/hospital/,,,,,,,,,,,,Tokyo,Japan,1850147,,https://ror.org/03fvwxc59,,,,
,https://ror.org/044ryqe56,National Center Hospital of Neurology and Psychiatry*en,active,healthcare,"National Center Hospital, National Center of Neurology and Psychiatry*en; NCNP Hospital*en",National Center Hospital of Neurology and Psychiatry*en; 国立精神・神経医療研究センター病院*ja,,https://hsp.ncnp.go.jp/,,hsp.ncnp.go.jp,1940,,,,,,,,,Kodaira,Japan,11611930,,https://ror.org/0254bmq54,,,,
,https://ror.org/03a65ve17,"National Hospital for Geriatric Medicine, National Center for Geriatrics and Gerontology*en",active,healthcare,,"National Hospital for Geriatric Medicine, National Center for Geriatrics and Gerontology*en; 国立長寿医療研究センター病院*ja",,https://www.ncgg.go.jp/hospital/,,,1966,,,,,,,,,Ōbu,Japan,1854803,,https://ror.org/05h0rw812,,,,
,https://ror.org/0198jxz13,QST Hospital*en,active,healthcare,,QST Hospital*en; 量子科学技術研究開発機構QST病院*ja; QST病院*ja,,https://www.qst.go.jp/site/hospital/,,,1961,,,,,,,,,Chiba,Japan,2113015,,https://ror.org/020rbyg91,,,,
,https://ror.org/03tyftx38,Center Hospital of National Center for Global Health and Medicine*en,active,healthcare,,Center Hospital of National Center for Global Health and Medicine*en; 国立国際医療センター*ja,,https://www.hosp.jihs.go.jp/,https://ja.wikipedia.org/wiki/国立国際医療センター,jihs.go.jp,,,,,,,,Q131457219,Q131457219,Tokyo,Japan,1850147,,https://ror.org/00r9w3j27,,,,
,https://ror.org/04t6prg76,National Hospital Organization Akita Hospital*en,active,healthcare,Akita National Hospital*en,National Hospital Organization Akita Hospital*en; 国立病院機構あきた病院*ja,,https://akita.hosp.go.jp/,,akita.hosp.go.jp,1935,,,,,,,,,Yurihonjō,Japan,6822202,,https://ror.org/03ntccx93,,,,
,https://ror.org/00q1nf231,National Hospital Organization Awara Hospital*en,active,healthcare,,National Hospital Organization Awara Hospital*en; 国立病院機構あわら病院*ja,,https://awara.hosp.go.jp/,,awara.hosp.go.jp,1939,,,,,,,,,Awara,Japan,1864894,,https://ror.org/03ntccx93,,,,
,https://ror.org/004gjzq70,National Hospital Organization Iwaki National Hospital*en,active,healthcare,Iwaki National Hospital*en,National Hospital Organization Iwaki National Hospital*en; 国立病院機構いわき病院*ja,,https://iwaki.hosp.go.jp/,,iwaki.hosp.go.jp,1919,,,,,,,,,Iwaki,Japan,2112539,,https://ror.org/03ntccx93,,,,
,https://ror.org/01x6ave17,National Hospital Organization Tokushima Medical Center East Hospital*en,active,healthcare,Higashi Tokushima Medical Center*en; Higashi Tokushima National Hospital*en,National Hospital Organization Tokushima Medical Center East Hospital*en; 国立病院機構とくしま医療センター東病院*ja; とくしま医療センター東病院*ja,,https://higashitokushima.hosp.go.jp/,,higashitokushima.hosp.go.jp,,,,,,,,,,Itano,Japan,1861304,,https://ror.org/03ntccx93,,https://ror.org/05s5g6369,,
,https://ror.org/04yz63p27,National Hospital Organization Matsumoto Medical Center*en,active,healthcare,Matsumoto Medical Center*en,National Hospital Organization Matsumoto Medical Center*en; 国立病院機構まつもと医療センター*ja,,https://matsumoto.hosp.go.jp/,https://ja.wikipedia.org/wiki/国立病院機構まつもと医療センター,matsumoto.hosp.go.jp,2008,,,,,,,Q11571562,Q11571562,Matsumoto,Japan,1857519,,https://ror.org/03ntccx93,,,,
,https://ror.org/05fs4ej35,National Hospital Organization Yamato Psychiatric Medical Center*en,active,healthcare,Yamato Mental Medical Center*en,National Hospital Organization Yamato Psychiatric Medical Center*en; 国立病院機構やまと精神医療センター*ja,,https://yamato.hosp.go.jp/,,yamato.hosp.go.jp,1940,,,,,,,,,Yamatokōriyama,Japan,11611477,,https://ror.org/03ntccx93,,,,
,https://ror.org/0365fca61,National Hospital Organization Asahikawa Medical Center*en,active,healthcare,Asahikawa Medical Center*en,National Hospital Organization Asahikawa Medical Center*en; 国立病院機構旭川医療センター*ja; 旭川医療センター*ja,,https://asahikawa.hosp.go.jp/,,asahikawa.hosp.go.jp,1972,,,,,,,,,Asahikawa,Japan,2130629,,https://ror.org/03ntccx93,,,,
,https://ror.org/05vq1f834,National Hospital Organization Utsunomiya National Hospital*en,active,healthcare,Utsunomiya National Hospital*en; National Hospital Organization Utsunomiya Hospital*en,National Hospital Organization Utsunomiya National Hospital*en; 国立病院機構宇都宮病院*ja,,https://utsunomiya.hosp.go.jp/,,utsunomiya.hosp.go.jp,1993,,,,,,,,,Utsunomiya,Japan,1849053,,https://ror.org/03ntccx93,,,,
,https://ror.org/02h7rhs19,National Hospital Organization Yokohama Medical Center*en,active,healthcare,Yokohama Medical Center*en,National Hospital Organization Yokohama Medical Center*en; 国立病院機構横浜医療センター*ja,,https://yokohama.hosp.go.jp/,https://ja.wikipedia.org/wiki/%E5%9B%BD%E7%AB%8B%E7%97%85%E9%99%A2%E6%A9%9F%E6%A7%8B%E6%A8%AA%E6%B5%9C%E5%8C%BB%E7%99%82%E3%82%BB%E3%83%B3%E3%82%BF%E3%83%BC,yokohama.hosp.go.jp,2004,,,,,,,Q11571634,Q11571634,Yokohama,Japan,1848354,,https://ror.org/03ntccx93,,,,
,https://ror.org/05fgaqc59,National Hospital Organization Okinawa Hospital*en,active,healthcare,Okinawa National Hospital*en,National Hospital Organization Okinawa Hospital*en; 国立病院機構沖縄病院*ja,,https://okinawa.hosp.go.jp/,,okinawa.hosp.go.jp,,,,,,,,,,Ginowan,Japan,1863627,,https://ror.org/03ntccx93,,,,
,https://ror.org/0380vfr03,National Hospital Organization Shimoshizu Hospital*en,active,healthcare,Shimoshizu National Hospital*en,National Hospital Organization Shimoshizu Hospital*en; 国立病院機構下志津病院*ja,,https://shimoshizu.hosp.go.jp/,,shimoshizu.hosp.go.jp,1897,,,,,,,,,Yotsukaido,Japan,2110480,,https://ror.org/03ntccx93,,,,
,https://ror.org/012herh49,National Hospital Organization Shimofusa Psychiatric Medical Center*en,active,healthcare,NHO Shimofusa Psychiatric Medical Center*en; Shimofusa Psychiatric Medical Center*en,National Hospital Organization Shimofusa Psychiatric Medical Center*en; 国立病院機構下総精神医療センター*ja,,https://shimofusa.hosp.go.jp/,https://ja.wikipedia.org/wiki/国立病院機構下総精神医療センター,shimofusa.hosp.go.jp,1941,,,,,,,Q11571567,Q11571567,Chiba,Japan,2113015,,https://ror.org/03ntccx93,,,,
,https://ror.org/005x6hv53,National Hospital Organization Kamo Psychiatric Center*en,active,healthcare,Kamo Psychiatric Center*en,National Hospital Organization Kamo Psychiatric Center*en; 国立病院機構賀茂精神医療センター*ja,,https://kamo.hosp.go.jp/,,kamo.hosp.go.jp,1944,,,,,,,,,Higashihiroshima,Japan,11611627,,https://ror.org/03ntccx93,,,,
,https://ror.org/00cy9m161,National Hospital Organization Kamaishi Hospital*en,active,healthcare,,National Hospital Organization Kamaishi Hospital*en; 国立病院機構釜石病院*ja,,https://kamaishi.hosp.go.jp/,,kamaishi.hosp.go.jp,1953,,,,,,,,,Kamaishi,Japan,2112444,,https://ror.org/03ntccx93,,,,
,https://ror.org/05nmehz38,National Hospital Organization Kanmon Medical Center*en,active,healthcare,Kanmon Medical Center*en,National Hospital Organization Kanmon Medical Center*en; 国立病院機構関門医療センター*ja,,https://kanmon.hosp.go.jp/,https://ja.wikipedia.org/wiki/国立病院機構関門医療センター,kanmon.hosp.go.jp,2004,,,,,,,Q11571675,Q11571675,Shimonoseki,Japan,11611490,,https://ror.org/03ntccx93,,,,
,https://ror.org/011d05q45,National Hospital Organization Iwate Hospital*en,active,healthcare,Iwate National Hospital*en,National Hospital Organization Iwate Hospital*en; 国立病院機構岩手病院*ja,,https://iwate.hosp.go.jp/,,iwate.hosp.go.jp,,,,,,,,,,Ichinoseki,Japan,2112656,,https://ror.org/03ntccx93,,,,
,https://ror.org/03s8jjd71,National Hospital Organization Kikuchi Hospital*en,active,healthcare,,National Hospital Organization Kikuchi Hospital*en; 国立病院機構菊池病院*ja,,https://kikuchi.hosp.go.jp/,,kikuchi.hosp.go.jp,1941,,,,,,,,,Kōshi,Japan,11612553,,https://ror.org/03ntccx93,,,,
,https://ror.org/01kba5778,National Hospital Organization Miyazaki Hospital*en,active,healthcare,,National Hospital Organization Miyazaki Hospital*en; 国立病院機構宮崎病院*ja,,https://miyazaki.hosp.go.jp/,https://ja.wikipedia.org/wiki/国立病院機構宮崎病院,miyazaki.hosp.go.jp,1939,,,,,,,Q65255124,Q65255124,Kawaminami,Japan,1859688,,https://ror.org/03ntccx93,,,,
,https://ror.org/05pmp7g20,National Hospital Organization Kumamoto Minami Hospital*en,active,healthcare,,National Hospital Organization Kumamoto Minami Hospital*en; 国立病院機構熊本南病院*ja,,https://kumamotominami.hosp.go.jp/,,kumamotominami.hosp.go.jp,2003,,,,,,,,,Uki,Japan,11612554,,https://ror.org/03ntccx93,,,,
,https://ror.org/00hd6ha91,National Hospital Organization Hiroshima-Nishi Medical Center*en,active,healthcare,Hiroshima-Nishi Medical Center*en,National Hospital Organization Hiroshima-Nishi Medical Center*en; 国立病院機構広島西医療センター*ja,,https://hiroshimanishi.hosp.go.jp/,https://ja.wikipedia.org/wiki/国立病院機構広島西医療センター,hiroshimanishi.hosp.go.jp,2005,,,,,,,Q11571613,Q11571613,Otake,Japan,1853662,,https://ror.org/03ntccx93,,,,
,https://ror.org/048ng9081,National Hospital Organization Kofu National Hospital*en,active,healthcare,Kofu National Hospital*en,National Hospital Organization Kofu National Hospital*en; 国立病院機構甲府病院*ja,,https://kofu.hosp.go.jp/,https://ja.wikipedia.org/wiki/%E5%9B%BD%E7%AB%8B%E7%97%85%E9%99%A2%E6%A9%9F%E6%A7%8B%E7%94%B2%E5%BA%9C%E7%97%85%E9%99%A2,kofu.hosp.go.jp,1909,,,,,,,Q11571645,Q11571645,Kofu,Japan,1859100,,https://ror.org/03ntccx93,,,,
,https://ror.org/004tbg052,National Hospital Organization Saga National Hospital*en,active,healthcare,Saga National Hospital*en; NHO Saga Hospital*en; National Hospital Organization Saga Hospital*en,National Hospital Organization Saga National Hospital*en; 国立病院機構佐賀病院*ja,,https://saga.hosp.go.jp/,https://ja.wikipedia.org/wiki/国立病院機構佐賀病院,saga.hosp.go.jp,1945,,,,,,,Q11571572,Q11571572,Saga,Japan,1853303,,https://ror.org/03ntccx93,,,,
,https://ror.org/02f4gg293,National Hospital Organization Sakakibara Hospital*en,active,healthcare,,National Hospital Organization Sakakibara Hospital*en; 国立病院機構榊原病院*ja,,https://sakakibara.hosp.go.jp/,https://ja.wikipedia.org/wiki/国立病院機構榊原病院,sakakibara.hosp.go.jp,1939,,,,,,,Q11571633,Q11571633,Tsu,Japan,1849796,,https://ror.org/03ntccx93,,,,
,https://ror.org/00cdynv29,National Hospital Organization Yamagata National Hospital*en,active,healthcare,Yamagata National Hospital*en,National Hospital Organization Yamagata National Hospital*en; 国立病院機構山形病院*ja,,https://yamagata.hosp.go.jp/,https://ja.wikipedia.org/wiki/国立病院機構山形病院,yamagata.hosp.go.jp,1974,,,,,,,Q11571609,Q11571609,Yamagata,Japan,2110556,,https://ror.org/03ntccx93,,,,
,https://ror.org/0585t8w40,National Hospital Organization Ibusuki Medical Center*en,active,healthcare,Ibusuki Medical Center*en; National Hospital Organization Ibusuki Hospital*en,National Hospital Organization Ibusuki Medical Center*en; 国立病院機構指宿医療センター*ja,,https://ibusuki.hosp.go.jp/,,ibusuki.hosp.go.jp,1939,,,,,,,,,Ibusuki,Japan,1862010,,https://ror.org/03ntccx93,,,,
,https://ror.org/00jema695,National Hospital Organization Shigaraki Hospital*en,active,healthcare,,National Hospital Organization Shigaraki Hospital*en; 国立病院機構紫香楽病院*ja,,https://shigaraki.hosp.go.jp/,,shigaraki.hosp.go.jp,1941,,,,,,,,,Koka,Japan,6822117,,https://ror.org/03ntccx93,,,,
,https://ror.org/00ty7ft53,National Hospital Organization Shibukawa Medical Center*en,active,healthcare,,National Hospital Organization Shibukawa Medical Center*en; 国立病院機構渋川医療センター*ja,,https://shibukawa.hosp.go.jp/,https://ja.wikipedia.org/wiki/国立病院機構渋川医療センター,shibukawa.hosp.go.jp,2016,,,,,,,Q30935182,Q30935182,Shibukawa,Japan,1852595,,https://ror.org/03ntccx93,,,,
,https://ror.org/04dr7nq02,National Hospital Organization Komoro Kogen Hospital*en,active,healthcare,Komoro Kogen Hospital*en,National Hospital Organization Komoro Kogen Hospital*en; 国立病院機構小諸高原病院*ja,,https://komorokogen.hosp.go.jp/,,komorokogen.hosp.go.jp,,,,,,,,,,Komoro,Japan,1858858,,https://ror.org/03ntccx93,,,,
,https://ror.org/042axn217,National Hospital Organization Kokura Medical Center*en,active,healthcare,Kokura Medical Center*en,National Hospital Organization Kokura Medical Center*en; 国立病院機構小倉医療センター*ja,,https://kokura.hosp.go.jp/,,kokura.hosp.go.jp,1875,,,,,,,,,Kitakyushu,Japan,1859307,,https://ror.org/03ntccx93,,,,
,https://ror.org/02g3kjs50,National Hospital Organization Matsue Medical Center*en,active,healthcare,Matsue Medical Center*en; NHO Matsue Medical Center*en,National Hospital Organization Matsue Medical Center*en; 国立病院機構松江医療センター*ja,,https://matsue.hosp.go.jp/,,matsue.hosp.go.jp,1971,,,,,,,,,Matsue,Japan,1857550,,https://ror.org/03ntccx93,,,,
,https://ror.org/00j9gf205,National Hospital Organization Numata Hospital*en,active,healthcare,,National Hospital Organization Numata Hospital*en; 国立病院機構沼田病院*ja,,https://numata.hosp.go.jp/,,numata.hosp.go.jp,,,,,,,,,,Numata,Japan,1854905,,https://ror.org/03ntccx93,,,,
,https://ror.org/029d28k83,National Hospital Organization Niigata National Hospital*en,active,healthcare,Niigata National Hospital*en,National Hospital Organization Niigata National Hospital*en; 国立病院機構新潟病院*ja,,https://niigata.hosp.go.jp/,https://ja.wikipedia.org/wiki/国立病院機構新潟病院,niigata.hosp.go.jp,,,,,,,,Q11571617,Q11571617,Kashiwazaki,Japan,1859908,,https://ror.org/03ntccx93,,,,
,https://ror.org/01c53m953,National Hospital Organization Kanagawa Hospital*en,active,healthcare,,National Hospital Organization Kanagawa Hospital*en; 国立病院機構神奈川病院*ja,,https://kanagawa.hosp.go.jp/,https://ja.wikipedia.org/wiki/国立病院機構神奈川病院,kanagawa.hosp.go.jp,,,,,,,,Q11571646,Q11571646,Hadano,Japan,1863431,,https://ror.org/03ntccx93,,,,
,https://ror.org/03bes6k65,National Hospital Organization Morioka Medical Center*en,active,healthcare,,National Hospital Organization Morioka Medical Center*en; 国立病院機構盛岡医療センター*ja,,https://morioka.hosp.go.jp/,https://ja.wikipedia.org/wiki/%E5%9B%BD%E7%AB%8B%E7%97%85%E9%99%A2%E6%A9%9F%E6%A7%8B%E7%9B%9B%E5%B2%A1%E5%8C%BB%E7%99%82%E3%82%BB%E3%83%B3%E3%82%BF%E3%83%BC,morioka.hosp.go.jp,2004,,,,,,,Q17220782,Q17220782,Morioka,Japan,2111834,,https://ror.org/03ntccx93,,,,
,https://ror.org/01cxhck13,National Hospital Organization Nishisaitama-Chuo National Hospital*en,active,healthcare,Nishisaitama-Chuo National Hospital*en,National Hospital Organization Nishisaitama-Chuo National Hospital*en; 国立病院機構西埼玉中央病院*ja,,https://nishisaitamachuo.hosp.go.jp/,,nishisaitamachuo.hosp.go.jp,1973,,,,,,,,,Tokorozawa,Japan,1850181,,https://ror.org/03ntccx93,,,,
,https://ror.org/02h92hf35,National Hospital Organization Aomori Hospital*en,active,healthcare,Aomori National Hospital*en,National Hospital Organization Aomori Hospital*en; 国立病院機構青森病院*ja,,https://aomori.hosp.go.jp/,,aomori.hosp.go.jp,1940,,,,,,,,,Aomori,Japan,2130658,,https://ror.org/03ntccx93,,,,
,https://ror.org/02n7hrp30,National Hospital Organization Ishikawa Hospital*en,active,healthcare,,National Hospital Organization Ishikawa Hospital*en; 国立病院機構石川病院*ja,,https://ishikawa.hosp.go.jp/,,ishikawa.hosp.go.jp,1939,,,,,,,,,Kaga,Japan,6822141,,https://ror.org/03ntccx93,,,,
,https://ror.org/00addp282,National Hospital Organization Chiba Medical Center*en,active,healthcare,Chiba Medical Center*en,National Hospital Organization Chiba Medical Center*en; 国立病院機構千葉医療センター*ja,,https://chiba.hosp.go.jp/,https://ja.wikipedia.org/wiki/国立病院機構千葉医療センター,chiba.hosp.go.jp,1908,,,,,,,Q11571583,Q11571583,Chiba,Japan,2113015,,https://ror.org/03ntccx93,,,,
,https://ror.org/00jsm4m59,National Hospital Organization Nagasaki National Hospital*en,active,healthcare,Nagasaki National Hospital*en,National Hospital Organization Nagasaki National Hospital*en; 国立病院機構長崎病院*ja,,https://nagasaki-hp.hosp.go.jp/,https://ja.wikipedia.org/wiki/国立病院機構長崎病院,nagasaki-hp.hosp.go.jp,1951,,,,,,,Q11571673,Q11571673,Nagasaki,Japan,1856177,,https://ror.org/03ntccx93,,,,
,https://ror.org/00ce8y633,National Hospital Organization Tottori Medical Center*en,active,healthcare,Tottori Medical Center*en,National Hospital Organization Tottori Medical Center*en; 国立病院機構鳥取医療センター*ja,,https://tottori.hosp.go.jp/,,tottori.hosp.go.jp,,,,,,,,,,Tottori,Japan,1849892,,https://ror.org/03ntccx93,,,,
,https://ror.org/00bxwkh02,National Hospital Organization Tenryu Hospital*en,active,healthcare,NHO Tenryu Hospital*en; Tenryu Hospital*en,National Hospital Organization Tenryu Hospital*en; 国立病院機構天竜病院*ja,,https://tenryu.hosp.go.jp/,,tenryu.hosp.go.jp,,,,,,,,,,Hamamatsu,Japan,1863289,,https://ror.org/03ntccx93,,,,
,https://ror.org/05xvbs762,National Hospital Organization Miyakonojo Medical Center*en,active,healthcare,Miyakonojo Medical Center*en; Miyakonojo National Hospital*en,National Hospital Organization Miyakonojo Medical Center*en; 国立病院機構都城医療センター*ja,,https://miyakonojo.hosp.go.jp/,,miyakonojo.hosp.go.jp,1909,,,,,,,,,Miyakonojo,Japan,1856775,,https://ror.org/03ntccx93,,,,
,https://ror.org/006j23f14,National Hospital Organization Higashi-Ohmi General Medical Center*en,active,healthcare,Higashi-Ohmi General Medical Center*en,National Hospital Organization Higashi-Ohmi General Medical Center*en; 国立病院機構東近江総合医療センター*ja,,https://higashiomi.hosp.go.jp/,,higashiomi.hosp.go.jp,1941,,,,,,,,,Higashiōmi,Japan,11611947,,https://ror.org/03ntccx93,,,,
,https://ror.org/02gb72642,National Hospital Organization Higashisaga Hospital*en,active,healthcare,NHO Higashisaga Hospital*en,National Hospital Organization Higashisaga Hospital*en; 国立病院機構東佐賀病院*ja,,https://higashisaga.hosp.go.jp/,,higashisaga.hosp.go.jp,1939,,,,,,,,,Miyaki,Japan,7391359,,https://ror.org/03ntccx93,,,,
,https://ror.org/040vrc517,National Hospital Organization Higashisaitama National Hospital*en,active,healthcare,Higashisaitama National Hospital*en; National Higashisaitama Hospital*en,National Hospital Organization Higashisaitama National Hospital*en; 国立病院機構東埼玉病院*ja; 東埼玉病院*ja,,https://higashisaitama.hosp.go.jp/,,higashisaitama.hosp.go.jp,1944,,,,,,,,,Hasuda,Japan,1907123,,https://ror.org/03ntccx93,,,,
,https://ror.org/02s5dc358,National Hospital Organization Higashiowari Hospital*en,active,healthcare,,National Hospital Organization Higashiowari Hospital*en; 国立病院機構東尾張病院*ja; Higashiowari Hospital*en,,https://higashiowari.hosp.go.jp/,,higashiowari.hosp.go.jp,,,,,,,,,,Nagoya,Japan,1856057,,https://ror.org/03ntccx93,,,,
,https://ror.org/044yee580,National Hospital Organization Tsuruga Medical Center*en,active,healthcare,Tsuruga Medical Center*en,National Hospital Organization Tsuruga Medical Center*en; 国立病院機構敦賀医療センター*ja,,https://tsuruga.hosp.go.jp/,,tsuruga.hosp.go.jp,,,,,,,,,,Tsuruga,Japan,1849592,,https://ror.org/03ntccx93,,,,
,https://ror.org/02ywws839,National Hospital Organization Nara Medical Center*en,active,healthcare,,National Hospital Organization Nara Medical Center*en; 国立病院機構奈良医療センター*ja,,https://nara.hosp.go.jp/,https://ja.wikipedia.org/wiki/国立病院機構奈良医療センター,nara.hosp.go.jp,2004,,,,,,,Q11571599,Q11571599,Nara,Japan,1855612,,https://ror.org/03ntccx93,,,,
,https://ror.org/00c60fh73,National Hospital Organization Minami-Okayama Medical Center*en,active,healthcare,Minami-Okayama Medical Center*en,National Hospital Organization Minami-Okayama Medical Center*en; 国立病院機構南岡山医療センター*ja,,https://minamiokayama.hosp.go.jp/,,minamiokayama.hosp.go.jp,,,,,,,,,,Hayashima,Japan,1862971,,https://ror.org/03ntccx93,,,,
,https://ror.org/00psqk546,National Hospital Organization Minamikyushu Hospital*en,active,healthcare,Minamikyushu National Hospital*en; Minami Kyushu National Hospital*en,National Hospital Organization Minamikyushu Hospital*en; 国立病院機構南九州病院*ja,,http://www.skyusyu.jp/,https://ja.wikipedia.org/wiki/%E5%9B%BD%E7%AB%8B%E7%97%85%E9%99%A2%E6%A9%9F%E6%A7%8B%E5%8D%97%E4%B9%9D%E5%B7%9E%E7%97%85%E9%99%A2,skyusyu.jp,1944,,,,,,,Q24861308,Q24861308,Aira,Japan,11611646,,https://ror.org/03ntccx93,,,,
,https://ror.org/051nh6m85,National Hospital Organization Hakone Hospital*en,active,healthcare,National Hakone Hospital*en,National Hospital Organization Hakone Hospital*en; 国立病院機構箱根病院*ja,,https://hakone.hosp.go.jp/,,hakone.hosp.go.jp,1907,,,,,,,,,Odawara,Japan,1854747,,https://ror.org/03ntccx93,,,,
,https://ror.org/03vrgcz96,National Hospital Organization Hachinohe Hospital*en,active,healthcare,Hachinohe National Hospital*en,National Hospital Organization Hachinohe Hospital*en; 国立病院機構八戸病院*ja,,https://hachinohe.hosp.go.jp/,,hachinohe.hosp.go.jp,1934,,,,,,,,,Hachinohe,Japan,2130203,,https://ror.org/03ntccx93,,,,
,https://ror.org/0203bqg17,National Hospital Organization Hamada Medical Center*en,active,healthcare,Hamada Medical Center*en,National Hospital Organization Hamada Medical Center*en; 国立病院機構浜田医療センター*ja,,https://hamada.hosp.go.jp/,https://ja.wikipedia.org/wiki/国立病院機構浜田医療センター,hamada.hosp.go.jp,1898,,,,,,,Q11571639,Q11571639,Hamada,Japan,1863310,,https://ror.org/03ntccx93,,,,
,https://ror.org/053e9yx91,National Hospital Organization Toyama Hospital*en,active,healthcare,,National Hospital Organization Toyama Hospital*en; 国立病院機構富山病院*ja,,https://toyama.hosp.go.jp/,,toyama.hosp.go.jp,1938,,,,,,,,,Toyama,Japan,1849876,,https://ror.org/03ntccx93,,,,
,https://ror.org/0495xyr49,National Hospital Organization Maizuru Medical Center*en,active,healthcare,Maizuru Medical Center*en,National Hospital Organization Maizuru Medical Center*en; 国立病院機構舞鶴医療センター*ja,,https://maizuru.hosp.go.jp/,https://ja.wikipedia.org/wiki/国立病院機構舞鶴医療センター,maizuru.hosp.go.jp,1901,,,,,,,Q11571657,Q11571657,Maizuru,Japan,1857766,,https://ror.org/03ntccx93,,,,
,https://ror.org/03bpey129,National Hospital Organization Fukuyama Medical Center*en,active,healthcare,Fukuyama Medical Center*en,National Hospital Organization Fukuyama Medical Center*en; 国立病院機構福山医療センター*ja,,https://fukuyama.hosp.go.jp/,https://ja.wikipedia.org/wiki/国立病院機構福山医療センター,fukuyama.hosp.go.jp,1945,,,,,,,Q11571650,Q11571650,Fukuyama,Japan,1863917,,https://ror.org/03ntccx93,,,,
,https://ror.org/04k5trb97,National Hospital Organization Fukushima Hospital*en,active,healthcare,Fukushima National Hospital*en,National Hospital Organization Fukushima Hospital*en; 国立病院機構福島病院*ja,,https://fukushima.hosp.go.jp/,,fukushima.hosp.go.jp,2004,,,,,,,,,Sukagawa,Japan,2110959,,https://ror.org/03ntccx93,,,,
,https://ror.org/00y4m5g80,National Hospital Organization Hyogo Aono Hospital*en,active,healthcare,Hyogo Aono National Hospital*en,National Hospital Organization Hyogo Aono Hospital*en; 国立病院機構兵庫あおの病院*ja,,https://hyogoaono.hosp.go.jp/,,hyogoaono.hosp.go.jp,1945,,,,,,,,,Ono,Japan,1854026,,https://ror.org/03ntccx93,,,,
,https://ror.org/05pcmz469,National Hospital Organization Yonago Medical Center*en,active,healthcare,Yonago Medical Center*en,National Hospital Organization Yonago Medical Center*en; 国立病院機構米子医療センター*ja,,https://yonago-mc.hosp.go.jp/,,yonago-mc.hosp.go.jp,,,,,,,,,,Yonago,Japan,1848277,,https://ror.org/03ntccx93,,,,
,https://ror.org/05p8mkx57,National Hospital Organization Yonezawa Hospital*en,active,healthcare,Yonezawa National Hospital*en,National Hospital Organization Yonezawa Hospital*en; 国立病院機構米沢病院*ja,,https://yonezawa.hosp.go.jp/,,yonezawa.hosp.go.jp,1951,,,,,,,,,Yonezawa,Japan,2110498,,https://ror.org/03ntccx93,,,,
,https://ror.org/05h4rp246,National Hospital Organization Toyohashi Medical Center*en,active,healthcare,Toyohashi Medical Center*en,National Hospital Organization Toyohashi Medical Center*en; 国立病院機構豊橋医療センター*ja,,https://toyohashi.hosp.go.jp/,,toyohashi.hosp.go.jp,,,,,,,,,,Toyohashi,Japan,1849846,,https://ror.org/03ntccx93,,,,
,https://ror.org/01zwkjc96,National Hospital Organization Hokuriku Hospital*en,active,healthcare,Hokuriku National Hospital*en,National Hospital Organization Hokuriku Hospital*en; 国立病院機構北陸病院*ja,,https://hokuriku.hosp.go.jp/,,hokuriku.hosp.go.jp,,,,,,,,,,Nanto,Japan,6822123,,https://ror.org/03ntccx93,,,,
,https://ror.org/00pv10s50,National Hospital Organization Yanai Medical Center*en,active,healthcare,Yanai Medical Center*en,National Hospital Organization Yanai Medical Center*en; 国立病院機構柳井医療センター*ja,,https://yanai.hosp.go.jp/,,yanai.hosp.go.jp,1945,,,,,,,,,Yanai,Japan,1848550,,https://ror.org/03ntccx93,,,,
,https://ror.org/018sq1h56,National Hospital Organization Ryukyu Hospital*en,active,healthcare,,National Hospital Organization Ryukyu Hospital*en; 国立病院機構琉球病院*ja,,https://ryukyu.hosp.go.jp/,,ryukyu.hosp.go.jp,1949,,,,,,,,,Kin,Japan,1859462,,https://ror.org/03ntccx93,,,,
,https://ror.org/01v5eg061,National Hospital Organization Suzuka National Hospital*en,active,healthcare,Suzuka National Hospital*en,National Hospital Organization Suzuka National Hospital*en; 国立病院機構鈴鹿病院*ja,,https://suzuka.hosp.go.jp/,,suzuka.hosp.go.jp,1943,,,,,,,,,Suzuka,Japan,1851348,,https://ror.org/03ntccx93,,,,
,https://ror.org/01a6fhn03,National Hospital Organization Wakayama Hospital*en,active,healthcare,NHO Wakayama Hospital*en,National Hospital Organization Wakayama Hospital*en; 国立病院機構和歌山病院*ja,,https://wakayama.hosp.go.jp/,,wakayama.hosp.go.jp,1944,,,,,,,,,Mihama,Japan,7411122,,https://ror.org/03ntccx93,,,,
,https://ror.org/01fs40j94,JCHO Utsunomiya Hospital*en,active,healthcare,,JCHO Utsunomiya Hospital*en; 地域医療機能推進機構うつのみや病院*ja; うつのみや病院*ja,,https://utsunomiya.jcho.go.jp/,,utsunomiya.jcho.go.jp,1946,,,,,,,,,Utsunomiya,Japan,1849053,,https://ror.org/03q11y497,,,,
,https://ror.org/04evnpa52,Saitama Northern Medical Center*en,active,healthcare,JCHO Saitama Northern Medical Center*en,Saitama Northern Medical Center*en; さいたま北部医療センター*ja,,https://saitamahokubu.jcho.go.jp/,,saitamahokubu.jcho.go.jp,1947,,,,,,,,,Saitama,Japan,6940394,,https://ror.org/03q11y497,,,,
,https://ror.org/01cypv784,Ritsurin Hospital*en,active,healthcare,JCHO Ritsurin Hospital*en,Ritsurin Hospital*en; 地域医療機能推進機構りつりん病院*ja; りつりん病院*ja,,https://ritsurin.jcho.go.jp/,,ritsurin.jcho.go.jp,,,,,,,,,,Takamatsu,Japan,1851100,,https://ror.org/03q11y497,,,,
,https://ror.org/05hc02p18,Uwajima Hospital*en,active,healthcare,JCHO Uwajima Hospital*en,Uwajima Hospital*en; 地域医療機能推進機構宇和島病院*ja,,https://uwajima.jcho.go.jp/,,uwajima.jcho.go.jp,1948,,,,,,,,,Uwajima,Japan,1926020,,https://ror.org/03q11y497,,,,
,https://ror.org/019yqtb60,Yokohama Hodogaya Central Hospital*en,active,healthcare,JCHO Yokohama Hodogaya Central Hospital*en,Yokohama Hodogaya Central Hospital*en; 横浜保土ケ谷中央病院*ja,,https://hodogaya.jcho.go.jp/,,hodogaya.jcho.go.jp,1955,,,,,,,,,Yokohama,Japan,1848354,,https://ror.org/03q11y497,,,,
,https://ror.org/00qw92v47,Shimonoseki Medical Center*en,active,healthcare,JCHO Shimonoseki Medical Center*en,Shimonoseki Medical Center*en; 地域医療機能推進機構下関医療センター*ja; 下関医療センター*ja,,https://shimonoseki.jcho.go.jp/,,shimonoseki.jcho.go.jp,,,,,,,,,,Shimonoseki,Japan,11611490,,https://ror.org/03q11y497,,,,
,https://ror.org/03cr1z386,Kurume General Hospital*en,active,healthcare,JCHO Kurume General Hospital*en,Kurume General Hospital*en; 久留米総合病院*ja,,https://kurume.jcho.go.jp/,,kurume.jcho.go.jp,1946,,,,,,,,,Kurume,Japan,1858088,,https://ror.org/03q11y497,,,,
,https://ror.org/006y9en06,Miyazaki Konan Hospital*en,active,healthcare,JCHO Miyazaki Konan Hospital*en,Miyazaki Konan Hospital*en; 宮崎江南病院*ja,,https://miyazaki.jcho.go.jp/,,miyazaki.jcho.go.jp,1955,,,,,,,,,Miyazaki,Japan,1856717,,https://ror.org/03q11y497,,,,
,https://ror.org/00966fx89,Kyoto Kuramaguchi Medical Center*en,active,healthcare,JCHO Kyoto Kuramaguchi Medical Center*en,Kyoto Kuramaguchi Medical Center*en; 京都鞍馬口医療センター*ja,,https://kyoto.jcho.go.jp,,kyoto.jcho.go.jp,1946,,,,,,,,,Kyoto,Japan,1857910,,https://ror.org/03q11y497,,,,
,https://ror.org/00agmy579,Tamatsukuri Hospital*en,active,healthcare,JCHO Tamatsukuri Hospital*en; Tamatsukuri Kouseinenkin Hospital*en,Tamatsukuri Hospital*en; 地域医療機能推進機構玉造病院*ja; 玉造病院*ja,,https://tamatsukuri.jcho.go.jp/,,tamatsukuri.jcho.go.jp,1945,,,,,,,,,Matsue,Japan,1857550,,https://ror.org/03q11y497,,,,
,https://ror.org/05g0dg369,Kumamoto General Hospital*en,active,healthcare,JCHO Kumamoto General Hospital*en,Kumamoto General Hospital*en; 熊本総合病院*ja,,https://kumamoto.jcho.go.jp/,,kumamoto.jcho.go.jp,,,,,,,,,,Yatsushiro,Japan,11612334,,https://ror.org/03q11y497,,,,
,https://ror.org/02821fc85,Takaoka Fushiki Hospital*en,active,healthcare,JCHO Takaoka Fushiki Hospital*en,Takaoka Fushiki Hospital*en; 地域医療機能推進機構高岡ふしき病院*ja; 高岡ふしき病院*ja,,https://takaoka.jcho.go.jp/,,takaoka.jcho.go.jp,,,,,,,,,,Takaoka,Japan,1851032,,https://ror.org/03q11y497,,,,
,https://ror.org/03922x834,Kochi West Hospital*en,active,healthcare,,Kochi West Hospital*en; 地域医療機能推進機構高知西病院*ja; 高知西病院*ja,,https://kochi.jcho.go.jp/,,kochi.jcho.go.jp,1955,,,,,,,,,Kochi,Japan,1859146,,https://ror.org/03q11y497,,,,
,https://ror.org/02c1mj994,Saga Central Hospital*en,active,healthcare,JCHO Saga Central Hospital*en,Saga Central Hospital*en; 佐賀中部病院*ja,,https://saga.jcho.go.jp/,,saga.jcho.go.jp,,,,,,,,,,Saga,Japan,1853303,,https://ror.org/03q11y497,,,,
,https://ror.org/00yew8054,Shimizu Sakura Hospital*en,active,healthcare,JCHO Shimizu Sakura Hospital*en; Sakuragaoka Hospital*en,Shimizu Sakura Hospital*en; 清水さくら病院*ja; 桜ヶ丘病院*ja,,https://sakuragaoka.jcho.go.jp/,,sakuragaoka.jcho.go.jp,,,,,,,,,,Shizuoka,Japan,1851717,,https://ror.org/03q11y497,,,,
,https://ror.org/04hqqd158,Mishima General Hospital*en,active,healthcare,,Mishima General Hospital*en; 三島総合病院*ja,,https://mishima.jcho.go.jp/,,mishima.jcho.go.jp,,,,,,,,,,Mishima,Japan,1856977,,https://ror.org/03q11y497,,,,
,https://ror.org/044340c13,Yamanashi Hospital*en,active,healthcare,JCHO Yamanashi Hospital*en,Yamanashi Hospital*en; 山梨病院*ja,,https://yamanashi.jcho.go.jp/,,yamanashi.jcho.go.jp,1947,,,,,,,,,Kofu,Japan,1859100,,https://ror.org/03q11y497,,,,
,https://ror.org/05y9tk634,Wakasa Takahama Hospital*en,active,healthcare,JCHO Wakasa Takahama Hospital*en,Wakasa Takahama Hospital*en; 若狭高浜病院*ja,,https://takahama.jcho.go.jp/,,takahama.jcho.go.jp,1949,,,,,,,,,Takahama,Japan,1851154,,https://ror.org/03q11y497,,,,
,https://ror.org/05y71qz25,Akita Hospital*en,active,healthcare,JCHO Akita Hospital*en; 秋田社会保険病院*ja,Akita Hospital*en; 地域医療機能推進機構秋田病院*ja,,https://akita.jcho.go.jp/,,akita.jcho.go.jp,,,,,,,,,,Noshiro,Japan,2128867,,https://ror.org/03q11y497,,,,
,https://ror.org/05ny7br78,Matsuura Central Hospital*en,active,healthcare,,Matsuura Central Hospital*en; 松浦中央病院*ja,,https://matsuura.jcho.go.jp/,,matsuura.jcho.go.jp,1946,,,,,,,,,Matsuura,Japan,6822144,,https://ror.org/03q11y497,,,,
,https://ror.org/02qsfhs13,Hitoyoshi Medical Center*en,active,healthcare,JCHO Hitoyoshi Medical Center*en,Hitoyoshi Medical Center*en; 人吉医療センター*ja,,https://hitoyoshi.jcho.go.jp/,,hitoyoshi.jcho.go.jp,,,,,,,,,,Hitoyoshi,Japan,1862352,,https://ror.org/03q11y497,,,,
,https://ror.org/03n889047,Sendai South Hospital*en,active,healthcare,JCHO Sendai South Hospital*en,Sendai South Hospital*en; 仙台南病院*ja,,https://sendaiminami.jcho.go.jp/,,sendaiminami.jcho.go.jp,,,,,,,,,,Sendai,Japan,2111149,,https://ror.org/03q11y497,,,,
,https://ror.org/00dfgmz46,JCHO Chiba Hospital*en,active,healthcare,,JCHO Chiba Hospital*en; 地域医療機能推進機構千葉病院*ja; 千葉病院*ja,,https://chiba.jcho.go.jp/,,chiba.jcho.go.jp,,,,,,,,,,Chiba,Japan,2113015,,https://ror.org/03q11y497,,,,
,https://ror.org/0101mhv55,Sagamino Hospital*en,active,healthcare,JCHO Sagamino Hospital*en,Sagamino Hospital*en; 相模野病院*ja,,https://sagamino.jcho.go.jp/,,sagamino.jcho.go.jp,,,,,,,,,,Sagamihara,Japan,11611609,,https://ror.org/03q11y497,,,,
,https://ror.org/05002wv42,Osaka Minato Central Hospital*en,active,healthcare,Osaka Bay Central Hospital*en; JCHO Osaka Bay Central Hospital*en,Osaka Minato Central Hospital*en; 大阪みなと中央病院*ja,,https://minato.jcho.go.jp/,,minato.jcho.go.jp,,,,,,,,,,Osaka,Japan,1853909,,https://ror.org/03q11y497,,,,
,https://ror.org/01sv1eq22,Yamato Koriyama Hospital*en,active,healthcare,JCHO Yamato Koriyama Hospital*en,Yamato Koriyama Hospital*en; 大和郡山病院*ja,,https://yamatokoriyama.jcho.go.jp/,,yamatokoriyama.jcho.go.jp,1946,,,,,,,,,Yamatokoriyama,Japan,11611477,,https://ror.org/03q11y497,,,,
,https://ror.org/00sm4ta76,Amakusa Central General Hospital*en,active,healthcare,JCHO Amakusa Central General Hospital*en,Amakusa Central General Hospital*en; 天草中央総合病院*ja,,https://amakusa.jcho.go.jp/,https://ja.wikipedia.org/wiki/地域医療機能推進機構天草中央総合病院,amakusa.jcho.go.jp,,,,,,,,Q127600081,Q127600081,Amakusa,Japan,7424125,,https://ror.org/03q11y497,,,,
,https://ror.org/04tqq2p16,Noboribetsu Hospital*en,active,healthcare,JCHO Noboribetsu Hospital*en,Noboribetsu Hospital*en; 登別病院*ja; 地域医療機能推進機構登別病院*ja,,https://noboribetsu.jcho.go.jp/,,noboribetsu.jcho.go.jp,1946,,,,,,,,,Noboribetsu,Japan,2128894,,https://ror.org/03q11y497,,,,
,https://ror.org/04ggqy009,Tokyo Kamata Medical Center*en,active,healthcare,JCHO Tokyo Kamata Medical Center*en; Social Insurance Kamata General Hospital*en,Tokyo Kamata Medical Center*en; 東京蒲田医療センター*ja,,https://kamata.jcho.go.jp/,,kamata.jcho.go.jp,,,,,,,,,,Tokyo,Japan,1850147,,https://ror.org/03q11y497,,,,
,https://ror.org/02skza330,Tokyo Takanawa Hospital*en,active,healthcare,JCHO Tokyo Takanawa Hospital*en,Tokyo Takanawa Hospital*en; 東京高輪病院*ja,,https://takanawa.jcho.go.jp/,,takanawa.jcho.go.jp,,,,,,,,,,Tokyo,Japan,1850147,,https://ror.org/03q11y497,,,,
,https://ror.org/049vc1w70,Tokyo Joto Hospital*en,active,healthcare,JCHO Tokyo Joto Hospital*en,Tokyo Joto Hospital*en; 東京城東病院*ja,,https://joto.jcho.go.jp/,,joto.jcho.go.jp,1954,,,,,,,,,Tokyo,Japan,1850147,,https://ror.org/03q11y497,,,,
,https://ror.org/05rfx9h34,Tokyo Shinjuku Medical Center*en,active,healthcare,JCHO Tokyo Shinjuku Medical Center*en; Tokyo Kosei Nenkin Hospital*en,Tokyo Shinjuku Medical Center*en; 東京新宿メディカルセンター*ja,,https://shinjuku.jcho.go.jp/,https://ja.wikipedia.org/wiki/地域医療機能推進機構東京新宿メディカルセンター,shinjuku.jcho.go.jp,1952,,,,,,,Q11524595,Q11524595,Tokyo,Japan,1850147,,https://ror.org/03q11y497,,,,
,https://ror.org/05absw788,Yugawara Hospital*en,active,healthcare,JCHO Yugawara Hospital*en; Yugawara Kosei-Nenkin Hospital*en,Yugawara Hospital*en; 湯河原病院*ja,,https://yugawara.jcho.go.jp/,,yugawara.jcho.go.jp,,,,,,,,,,Yugawara,Japan,1848113,,https://ror.org/03q11y497,,,,
,https://ror.org/02yrbpf31,Yufuin Hospital*en,active,healthcare,JCHO Yufuin Hospital*en; Yufuin Kosei Nenkin Hospital*en,Yufuin Hospital*en; 湯布院病院*ja,,https://yufuin.jcho.go.jp/,,yufuin.jcho.go.jp,1962,,,,,,,,,Yufu,Japan,11612342,,https://ror.org/03q11y497,,,,
,https://ror.org/02yetxe78,Tokuyama Central Hospital*en,active,healthcare,JCHO Tokuyama Central Hospital*en,Tokuyama Central Hospital*en; 徳山中央病院*ja; 地域医療機能推進機構徳山中央病院*ja,,https://tokuyama.jcho.go.jp/,,tokuyama.jcho.go.jp,1946,,,,,,,,,Shunan,Japan,11612583,,https://ror.org/03q11y497,,,,
,https://ror.org/02dq77f43,Nankai Medical Center*en,active,healthcare,JCHO Nankai Medical Center*en,Nankai Medical Center*en; 地域医療機能推進機構南海医療センター*ja; 南海医療センター*ja,,https://nankai.jcho.go.jp/,,nankai.jcho.go.jp,,,,,,,,,,Saiki,Japan,1853237,,https://ror.org/03q11y497,,,,
,https://ror.org/0159nct39,Nihonmatsu Hospital*en,active,healthcare,JCHO Nihonmatsu Hospital*en,Nihonmatsu Hospital*en; 地域医療機能推進機構二本松病院*ja,,https://nihonmatsu.jcho.go.jp/,,nihonmatsu.jcho.go.jp,,,,,,,,,,Nihonmatsu,Japan,2111656,,https://ror.org/03q11y497,,,,
,https://ror.org/003enr817,Fukui Katsuyama General Hospital*en,active,healthcare,JCHO Fukui Katsuyama General Hospital*en,Fukui Katsuyama General Hospital*en; 福井勝山総合病院*ja,,https://fukui.jcho.go.jp/,,fukui.jcho.go.jp,,,,,,,,,,Katsuyama,Japan,1859765,,https://ror.org/03q11y497,,,,
,https://ror.org/03qrhh104,Fukuoka Yutaka Central Hospital*en,active,healthcare,JCHO Fukuoka Yutaka Central Hospital*en,Fukuoka Yutaka Central Hospital*en; 福岡ゆたか中央病院*ja,,https://fukuoka.jcho.go.jp/,,fukuoka.jcho.go.jp,,,,,,,,,,Nōgata,Japan,1855066,,https://ror.org/03q11y497,,,,
,https://ror.org/05e8kse26,Isahaya General Hospital*en,active,healthcare,JCHO Isahaya General Hospital*en,Isahaya General Hospital*en; 地域医療機能推進機構諫早総合病院*ja; 諫早総合病院*ja,,https://isahaya.jcho.go.jp/,,isahaya.jcho.go.jp,1953,,,,,,,,,Isahaya,Japan,1861464,,https://ror.org/03q11y497,,,,
,https://ror.org/01ray8598,Ehime Rosai Hospital*en,active,healthcare,,Ehime Rosai Hospital*en; 愛媛労災病院*ja,,https://www.ehimeh.johas.go.jp/,https://ja.wikipedia.org/wiki/愛媛労災病院,ehimeh.johas.go.jp,1956,,,,,,,Q11493524,Q11493524,Niihama,Japan,1855425,,https://ror.org/03khcdd80,,,,
,https://ror.org/03pb0nd05,Asahi Rosai Hospital*en,active,healthcare,Asahi Rousai Hospital*en,Asahi Rosai Hospital*en; 旭労災病院*ja; 旭ろうさい病院*ja,,https://www.asahih.johas.go.jp/,,asahih.johas.go.jp,1960,,,,,,,,,Owariasahi,Japan,6698269,,https://ror.org/03khcdd80,,,,
,https://ror.org/0229jdv98,Kanto Rosai Hospital*en,active,healthcare,,Kanto Rosai Hospital*en; 関東労災病院*ja,,https://www.kantoh.johas.go.jp/,https://ja.wikipedia.org/wiki/関東労災病院,kantoh.johas.go.jp,1956,,,,,,,Q11655886,Q11655886,Kawasaki,Japan,1859642,,https://ror.org/03khcdd80,,,,
,https://ror.org/03k68kj28,Kibikogen Rehabilitation Center for Employment Injuries*en,active,healthcare,Kibikogen Rehabilitation Center*en,Kibikogen Rehabilitation Center for Employment Injuries*en; 吉備高原医療リハビリテーションセンター*ja,,https://www.kibirihah.johas.go.jp/,,kibirihah.johas.go.jp,1987,,,,,,,,,Yoshikawa,Japan,1848189,,https://ror.org/03khcdd80,,,,
,https://ror.org/0271cjt71,Moji Medical Center*en,active,healthcare,,Moji Medical Center*en; 九州労災病院門司メディカルセンター*ja,,https://www.mojih.johas.go.jp/,,mojih.johas.go.jp,,,,,,,,,,Kitakyushu,Japan,1859307,,https://ror.org/03khcdd80,,https://ror.org/01hky8m83,,
,https://ror.org/04dwteh61,Kagawa Rosai Hospital*en,active,healthcare,Kagawa Rousai Hospital*en,Kagawa Rosai Hospital*en; 香川労災病院*ja,,https://www.kagawah.johas.go.jp/,,kagawah.johas.go.jp,1956,,,,,,,,,Marugame,Japan,1857665,,https://ror.org/03khcdd80,,,,
,https://ror.org/0200f9a84,Yamaguchi Rosai Hospital*en,active,healthcare,,Yamaguchi Rosai Hospital*en; 山口労災病院*ja,,https://yamaguchih.johas.go.jp/,,yamaguchih.johas.go.jp,1955,,,,,,,,,Sanyo-Onoda,Japan,11612582,,https://ror.org/03khcdd80,,,,
,https://ror.org/043mcyg59,Akita Rosai Hospital*en,active,healthcare,,Akita Rosai Hospital*en; 秋田労災病院*ja,,https://akitah.johas.go.jp/,https://ja.wikipedia.org/wiki/秋田労災病院,akitah.johas.go.jp,1953,,,,,,,Q11595267,Q11595267,Odate,Japan,2128787,,https://ror.org/03khcdd80,,,,
,https://ror.org/03r1v1e76,Niigata Rosai Hospital*en,active,healthcare,,Niigata Rosai Hospital*en; 新潟労災病院*ja,,,https://ja.wikipedia.org/wiki/新潟労災病院,,,,,,,,,Q106617889,Q106617889,Jōetsu,Japan,6825489,,https://ror.org/03khcdd80,,,,
,https://ror.org/01zwhw660,Fukushima Rosai Hospital*en,active,healthcare,,Fukushima Rosai Hospital*en; 福島労災病院*ja,,https://www.fukushimah.johas.go.jp/,,fukushimah.johas.go.jp,1955,,,,,,,,,Iwaki,Japan,2112539,,https://ror.org/03khcdd80,,,,
,https://ror.org/02snfnk74,Hokkaido Spinal Cord Injury Center*en,active,healthcare,,Hokkaido Spinal Cord Injury Center*en; 労働者健康安全機構北海道せき損センター*ja; 北海道せき損センター*ja,,http://www.hokkaidoh-s.johas.go.jp/,https://ja.wikipedia.org/wiki/北海道せき損センター,hokkaidoh-s.johas.go.jp,1955,,,,,,,Q17219025,Q17219025,Bibai,Japan,2130534,,https://ror.org/03khcdd80,,,,
,https://ror.org/04qx7sf23,Hokkaido Chuo Rosai Hospital*en,active,healthcare,,Hokkaido Chuo Rosai Hospital*en; 北海道中央労災病院*ja,,https://hokkaidoh.johas.go.jp/,https://ja.wikipedia.org/wiki/北海道中央労災病院,hokkaidoh.johas.go.jp,1955,,,,,,,Q11402548,Q11402548,Iwamizawa,Japan,2129870,,https://ror.org/03khcdd80,,,,
,https://ror.org/012zjyd78,Azumino Red Cross Hospital*en,active,healthcare,Japanese Red Cross Azumino Hospital*en,Azumino Red Cross Hospital*en; 安曇野赤十字病院*ja,,https://www.azumino.jrc.or.jp/,https://ja.wikipedia.org/wiki/安曇野赤十字病院,azumino.jrc.or.jp,1951,,,,,,,Q11450796,Q11450796,Azumino,Japan,6822111,,https://ror.org/044s9gr80,,,,
,https://ror.org/01xvwqy26,Date Red Cross Hospital*en,active,healthcare,,Date Red Cross Hospital*en; 伊達赤十字病院*ja,,https://date.jrc.or.jp/,https://ja.wikipedia.org/wiki/伊達赤十字病院,date.jrc.or.jp,1940,,,,,,,Q11380864,Q11380864,Date,Japan,2130421,,https://ror.org/044s9gr80,,,,
,https://ror.org/05qjrzf82,Izu Red Cross Hospital*en,active,healthcare,,Izu Red Cross Hospital*en; 伊豆赤十字病院*ja,,http://izurc.jp/,https://ja.wikipedia.org/wiki/伊豆赤十字病院,izurc.jp,1951,,,,,,,Q17193083,Q17193083,Izu,Japan,6822192,,https://ror.org/044s9gr80,,,,
,https://ror.org/02bfbt809,Urakawa Red Cross Hospital*en,active,healthcare,,Urakawa Red Cross Hospital*en; 浦河赤十字病院*ja,,https://urakawa.jrc.or.jp/,https://ja.wikipedia.org/wiki/浦河赤十字病院,urakawa.jrc.or.jp,1939,,,,,,,Q11558281,Q11558281,Urakawa,Japan,2127586,,https://ror.org/044s9gr80,,,,
,https://ror.org/03580kq20,Masuda Red Cross Hospital*en,active,healthcare,,Masuda Red Cross Hospital*en; 益田赤十字病院*ja,,https://masuda.jrc.or.jp/,,masuda.jrc.or.jp,1954,,,,,,,,,Masuda,Japan,1857594,,https://ror.org/044s9gr80,,,,
,https://ror.org/01nbm1s13,Okayama Red Cross Hospital Tamano Hospital*en,active,healthcare,Okayama Red Cross Tamano Hospital*en,Okayama Red Cross Hospital Tamano Hospital*en; 岡山赤十字玉野病院*ja,,https://www.okaseki-tamano.jrc.or.jp/,,okaseki-tamano.jrc.or.jp,,,,,,,,,,Tamano,Japan,1850742,,https://ror.org/044s9gr80,,https://ror.org/02h70he60,,
,https://ror.org/036r22z16,Shimoina Red Cross Hospital*en,active,healthcare,Japanese Red Cross Shimoina Hospital*en,Shimoina Red Cross Hospital*en; 下伊那赤十字病院*ja,,https://shimoina.jrc.or.jp/,,shimoina.jrc.or.jp,1949,,,,,,,,,Matsukawa,Japan,1857522,,https://ror.org/044s9gr80,,,,
,https://ror.org/02n6y7d14,Kama Red Cross Hospital*en,active,healthcare,,Kama Red Cross Hospital*en; 嘉麻赤十字病院*ja,,https://www.kama-jrc.jp/,,kama-jrc.jp,1938,,,,,,,,,Kama,Japan,11612458,,https://ror.org/044s9gr80,,,,
,https://ror.org/0535ntj18,Kushiro Red Cross Hospital*en,active,healthcare,,Kushiro Red Cross Hospital*en; 釧路赤十字病院*ja,,https://kushiro.jrc.or.jp/,https://ja.wikipedia.org/wiki/釧路赤十字病院,kushiro.jrc.or.jp,1945,,,,,,,Q11648310,Q11648310,Kushiro,Japan,2129376,,https://ror.org/044s9gr80,,,,
,https://ror.org/032t0ee98,Japanese Red Cross Kumamoto Health Care Center*en,active,healthcare,Kumamoto Red Cross Health Care Center*en,Japanese Red Cross Kumamoto Health Care Center*en; 日本赤十字社熊本健康管理センター*ja,,https://www.kenkan.gr.jp/,,kenkan.gr.jp,1978,,,,,,,,,Kumamoto,Japan,1858421,,https://ror.org/044s9gr80,,,,
,https://ror.org/03gd61r69,Kuriyama Red Cross Hospital*en,active,healthcare,,Kuriyama Red Cross Hospital*en; 栗山赤十字病院*ja,,https://kuriyama.jrc.or.jp/,,kuriyama.jrc.or.jp,,,,,,,,Q65951998,Q65951998,Kuriyama,Japan,2129397,,https://ror.org/044s9gr80,,,,
,https://ror.org/0311nxp11,Japanese Red Cross Haramachi Hospital*en,active,healthcare,Haramachi Red Cross Hospital*en,Japanese Red Cross Haramachi Hospital*en; 原町赤十字病院*ja,,https://www.haramachi.jrc.or.jp/,,haramachi.jrc.or.jp,1952,,,,,,,,,Higashiagatsuma,Japan,1863160,,https://ror.org/044s9gr80,,,,
,https://ror.org/03b8k7n29,Imazu Red Cross Hospital*en,active,healthcare,,Imazu Red Cross Hospital*en; 今津赤十字病院*ja,,https://imazu-med-jrc.jp,,imazu-med-jrc.jp,,,,,,,,Q118140646,Q118140646,Fukuoka,Japan,1863967,,https://ror.org/044s9gr80,,,,
,https://ror.org/05vtkfk60,Japanese Red Cross Mihara Hospital*en,active,healthcare,,Japanese Red Cross Mihara Hospital*en; 三原赤十字病院*ja,,http://mihara.jrc.or.jp/,https://ja.wikipedia.org/wiki/三原赤十字病院,mihara.jrc.or.jp,1949,,,,,,,Q11354578,Q11354578,Mihara,Japan,1857334,,https://ror.org/044s9gr80,,,,
,https://ror.org/019x9b158,Yamagata Prefectural Red Cross Blood Center*en,active,healthcare,Japanese Red Cross Yamagata Blood Center*en,Yamagata Prefectural Red Cross Blood Center*en; 山形県赤十字血液センター*ja,,https://www.bs.jrc.or.jp/th/yamagata/,,,,,,,,,,,,Yamagata,Japan,2110556,,https://ror.org/044s9gr80,,,,
,https://ror.org/01708w359,Yamanashi Red Cross Hospital*en,active,healthcare,,Yamanashi Red Cross Hospital*en; 山梨赤十字病院*ja,,https://www.yamanashi-med.jrc.or.jp/,https://ja.wikipedia.org/wiki/山梨赤十字病院,yamanashi-med.jrc.or.jp,1937,,,,,,,Q11469923,Q11469923,Fujikawaguchiko,Japan,7281819,,https://ror.org/044s9gr80,,,,
,https://ror.org/0124j2280,Kagoshima Red Cross Hospital*en,active,healthcare,,Kagoshima Red Cross Hospital*en; 日本赤十字社鹿児島赤十字病院*ja,,https://www.kagoshima-med.jrc.or.jp/,https://ja.wikipedia.org/wiki/%E9%B9%BF%E5%85%90%E5%B3%B6%E8%B5%A4%E5%8D%81%E5%AD%97%E7%97%85%E9%99%A2,kagoshima-med.jrc.or.jp,1923,,,,,,,Q11676999,Q11676999,Kagoshima,Japan,1860827,,https://ror.org/044s9gr80,,,,
,https://ror.org/022mmzp13,Koshimizu Red Cross Hospital*en,active,healthcare,,Koshimizu Red Cross Hospital*en; 小清水赤十字病院*ja,,http://wwu.phoenix-c.or.jp/~krchp/,https://ja.wikipedia.org/wiki/小清水赤十字病院,,1941,,,,,,,Q11462666,Q11462666,Koshimizu,Japan,2129447,,https://ror.org/044s9gr80,,,,
,https://ror.org/03xm46p63,Japanese Red Cross Ogawa Hospital*en,active,healthcare,Ogawa Red Cross Hospital*en,Japanese Red Cross Ogawa Hospital*en; 小川赤十字病院*ja,,https://www.ogawa.jrc.or.jp/,,ogawa.jrc.or.jp,1939,,,,,,,,,Ogawamachi,Japan,1854665,,https://ror.org/044s9gr80,,,,
,https://ror.org/02dmjrk44,Japanese Red Cross Society Onoda Hospital*en,active,healthcare,Onoda Red Cross Hospital*en,Japanese Red Cross Society Onoda Hospital*en; 小野田赤十字病院*ja,,https://www.onoda-redcross-hosp.jp/,https://ja.wikipedia.org/wiki/小野田赤十字病院,onoda-redcross-hosp.jp,1932,,,,,,,Q11464199,Q11464199,Sanyo-Onoda,Japan,11612582,,https://ror.org/044s9gr80,,,,
,https://ror.org/05cvpks78,Shobara Red Cross Hospital*en,active,healthcare,,Shobara Red Cross Hospital*en; 庄原赤十字病院*ja,,https://www.shobara.jrc.or.jp/,https://ja.wikipedia.org/wiki/庄原赤十字病院,shobara.jrc.or.jp,1943,,,,,,,Q11485839,Q11485839,Shōbara,Japan,1851713,,https://ror.org/044s9gr80,,,,
,https://ror.org/01gwhs345,Fukaya Red Cross Hospital*en,active,healthcare,,Fukaya Red Cross Hospital*en; 深谷赤十字病院*ja,,https://www.fukaya.jrc.or.jp/,https://ja.wikipedia.org/wiki/深谷赤十字病院,fukaya.jrc.or.jp,1950,,,,,,,Q11560316,Q11560316,Fukaya,Japan,1864030,,https://ror.org/044s9gr80,,,,
,https://ror.org/00fmcw738,Japanese Red Cross Susono Hospital*en,active,healthcare,,Japanese Red Cross Susono Hospital*en; 裾野赤十字病院*ja,,https://www.susono-jrc.jp/,https://ja.wikipedia.org/wiki/裾野赤十字病院,susono-jrc.jp,1952,,,,,,,Q11626962,Q11626962,Susono,Japan,6822195,,https://ror.org/044s9gr80,,,,
,https://ror.org/028ygg950,Shimizu Red Cross Hospital*en,active,healthcare,,Shimizu Red Cross Hospital*en; 清水赤十字病院*ja,,https://www.shimizu.jrc.or.jp/,https://ja.wikipedia.org/wiki/%E6%B8%85%E6%B0%B4%E8%B5%A4%E5%8D%81%E5%AD%97%E7%97%85%E9%99%A2,shimizu.jrc.or.jp,1945,,,,,,,Q65952022,Q65952022,Shimizu,Japan,2128159,,https://ror.org/044s9gr80,,,,
,https://ror.org/04zxfy670,Morioka Red Cross Hospital*en,active,healthcare,,Morioka Red Cross Hospital*en; 盛岡赤十字病院*ja,,http://www.morioka.jrc.or.jp/,,morioka.jrc.or.jp,1920,,,,,,,,,Morioka,Japan,2111834,,https://ror.org/044s9gr80,,,,
,https://ror.org/03qbehn19,Japanese Red Cross Ishinomaki Hospital*en,active,healthcare,Ishinomaki Red Cross Hospital*en,Japanese Red Cross Ishinomaki Hospital*en; 石巻赤十字病院*ja,,https://www.ishinomaki.jrc.or.jp/,https://ja.wikipedia.org/wiki/石巻赤十字病院,ishinomaki.jrc.or.jp,1926,,,,,0000 0004 0604 6771,0000 0004 0604 6771,Q11586496,Q11586496,Ishinomaki,Japan,2112576,,https://ror.org/044s9gr80,,,,
,https://ror.org/0451ktd02,Japanese Red Cross Kawanishi Hospital*en,active,healthcare,,Japanese Red Cross Kawanishi Hospital*en; 川西赤十字病院*ja,,https://kawanishi.jrc.or.jp/,https://ja.wikipedia.org/wiki/川西赤十字病院,kawanishi.jrc.or.jp,1948,,,,,,,Q11479179,Q11479179,Saku,Japan,1853081,,https://ror.org/044s9gr80,,,,
,https://ror.org/0136qv070,Japanese Red Cross Sagamihara Hospital*en,active,healthcare,,Japanese Red Cross Sagamihara Hospital*en; 相模原赤十字病院*ja; 日本赤十字社相模原赤十字病院*ja,,https://sagamihara.jrc.or.jp/,,sagamihara.jrc.or.jp,1953,,,,,,,,,Sagamihara,Japan,11611609,,https://ror.org/044s9gr80,,,,
,https://ror.org/01xa2hv25,Taka Red Cross Hospital*en,active,healthcare,Japanese Red Cross Society Taka Hospital*en,Taka Red Cross Hospital*en; 多可赤十字病院*ja,,https://www.taka.jrc.or.jp/,https://ja.wikipedia.org/wiki/多可赤十字病院,taka.jrc.or.jp,1945,,,,,,,Q11430638,Q11430638,Kajiya,Japan,1860742,,https://ror.org/044s9gr80,,,,
,https://ror.org/017wcn149,Omori Red Cross Hospital*en,active,healthcare,Japanese Red Cross Omori Hospital*en,Omori Red Cross Hospital*en; 大森赤十字病院*ja,,https://omori.jrc.or.jp/,https://ja.wikipedia.org/wiki/大森赤十字病院,omori.jrc.or.jp,1946,,,,,,,Q11436421,Q11436421,Tokyo,Japan,1850147,,https://ror.org/044s9gr80,,,,
,https://ror.org/037taw384,Otsu Red Cross Shiga Hospital*en,active,healthcare,,Otsu Red Cross Shiga Hospital*en; 大津赤十字志賀病院*ja,,https://www.otsu-shiga.jrc.or.jp/,https://ja.wikipedia.org/wiki/%E5%A4%A7%E6%B4%A5%E8%B5%A4%E5%8D%81%E5%AD%97%E5%BF%97%E8%B3%80%E7%97%85%E9%99%A2,otsu-shiga.jrc.or.jp,2002,,,,,,,Q11437379,Q11437379,Ōtsu,Japan,1853574,,https://ror.org/044s9gr80,,https://ror.org/033647p67,,
,https://ror.org/01kvvdx70,Japanese Red Cross Oketo Hospital*en,active,healthcare,Oketo Red Cross Hospital*en,Japanese Red Cross Oketo Hospital*en; 置戸赤十字病院*ja,,http://oketo.jrc.or.jp/,https://ja.wikipedia.org/wiki/置戸赤十字病院,oketo.jrc.or.jp,1954,,,,,,,Q11608530,Q11608530,Oketo,Japan,2128730,,https://ror.org/044s9gr80,,,,
,https://ror.org/041r2wa07,Japanese Red Cross Nagasaki Genbaku Hospital*en,active,healthcare,,Japanese Red Cross Nagasaki Genbaku Hospital*en; 日本赤十字社長崎原爆病院*ja,,https://www.nagasaki-med.jrc.or.jp/,https://ja.wikipedia.org/wiki/日本赤十字社長崎原爆病院,nagasaki-med.jrc.or.jp,1958,,,,,,,Q11509187,Q11509187,Nagasaki,Japan,1856177,,https://ror.org/044s9gr80,,,,
,https://ror.org/046e73s49,Japanese Red Cross Nagasaki Genbaku Isahaya Hospital*en,active,healthcare,,Japanese Red Cross Nagasaki Genbaku Isahaya Hospital*en; 日本赤十字社長崎原爆諫早病院*ja,,http://isahaya.jrc.or.jp/,https://ja.wikipedia.org/wiki/長崎原爆諫早病院,isahaya.jrc.or.jp,2005,,,,,,,Q11652420,Q11652420,Isahaya,Japan,1861464,,https://ror.org/044s9gr80,,,,
,https://ror.org/05xhk1066,Nagahama Red Cross Hospital*en,active,healthcare,Japanese Red Cross Nagahama Hospital*en,Nagahama Red Cross Hospital*en; 日本赤十字社長浜赤十字病院*ja; 長浜赤十字病院*ja,,https://www.nagahama.jrc.or.jp/,,nagahama.jrc.or.jp,1932,,,,,,,,,Nagahama,Japan,1856243,,https://ror.org/044s9gr80,,,,
,https://ror.org/05jns1s15,Japanese Red Cross Tottori Hospital*en,active,healthcare,,Japanese Red Cross Tottori Hospital*en; 鳥取赤十字病院*ja,,https://www.tottori-med.jrc.or.jp/,https://ja.wikipedia.org/wiki/鳥取赤十字病院,tottori-med.jrc.or.jp,1915,,,,,,,Q11674844,Q11674844,Tottori,Japan,1849892,,https://ror.org/044s9gr80,,,,
,https://ror.org/02gsznk91,Japanese Red Cross Karatsu Hospital*en,active,healthcare,Karatsu Red Cross Hospital*en,Japanese Red Cross Karatsu Hospital*en; 唐津赤十字病院*ja,,https://www.karatsu.jrc.or.jp/,https://ja.wikipedia.org/wiki/%E5%94%90%E6%B4%A5%E8%B5%A4%E5%8D%81%E5%AD%97%E7%97%85%E9%99%A2,karatsu.jrc.or.jp,1957,,,,,,,Q11418646,Q11418646,Karatsu,Japan,1860063,,https://ror.org/044s9gr80,,,,
,https://ror.org/026jx1s82,Japanese Red Cross Tokushima Hinomine Rehabilitation Center*en,active,healthcare,,Japanese Red Cross Tokushima Hinomine Rehabilitation Center*en; 徳島赤十字ひのみね医療療育センター*ja,,https://www.hinomine-mrc.jp/,https://ja.wikipedia.org/wiki/徳島赤十字ひのみね医療療育センター,hinomine-mrc.jp,1959,,,,,,,Q109544936,Q109544936,Komatsushimachō,Japan,1858902,,https://ror.org/044s9gr80,,,,
,https://ror.org/036dzy665,Nasu Red Cross Hospital*en,active,healthcare,,Nasu Red Cross Hospital*en; 那須赤十字病院*ja,,https://www.nasu.jrc.or.jp/,https://ja.wikipedia.org/wiki/那須赤十字病院,nasu.jrc.or.jp,1949,,,,,,,Q11642972,Q11642972,Ōtawara,Japan,2111325,,https://ror.org/044s9gr80,,,,
,https://ror.org/021g3ka71,Red Cross Hospital Hakodate*en,active,healthcare,Hakodate Red Cross Hospital*en,Red Cross Hospital Hakodate*en; 函館赤十字病院*ja,,http://www.hakodate.jrc.or.jp,https://ja.wikipedia.org/wiki/函館赤十字病院,hakodate.jrc.or.jp,1939,,,,,,,Q27890224,Q27890224,Hakodate,Japan,2130188,,https://ror.org/044s9gr80,,,,
,https://ror.org/057dfef86,Hachinohe Red Cross Hospital*en,active,healthcare,,Hachinohe Red Cross Hospital*en; 八戸赤十字病院*ja,,https://www.hachinohe.jrc.or.jp/,https://ja.wikipedia.org/wiki/八戸赤十字病院,hachinohe.jrc.or.jp,1943,,,,,,,Q11391218,Q11391218,Hachinohe,Japan,2130203,,https://ror.org/044s9gr80,,,,
,https://ror.org/03hd96x40,Japanese Red Cross Iiyama Hospital*en,active,healthcare,Iiyama Red Cross Hospital*en,Japanese Red Cross Iiyama Hospital*en; 飯山赤十字病院*ja,,https://www.iiyama.jrc.or.jp/,,iiyama.jrc.or.jp,1953,,,,,,,,,Iiyama,Japan,1861838,,https://ror.org/044s9gr80,,,,
,https://ror.org/00gxa3050,Japanese Red Cross Hamamatsu Hospital*en,active,healthcare,,Japanese Red Cross Hamamatsu Hospital*en; 浜松赤十字病院*ja; 日本赤十字社浜松赤十字病院*ja,,http://www.hamamatsu.jrc.or.jp/,https://ja.wikipedia.org/wiki/浜松赤十字病院,hamamatsu.jrc.or.jp,1938,,,,,,,Q11557884,Q11557884,Hamamatsu,Japan,1863289,,https://ror.org/044s9gr80,,,,
,https://ror.org/0546xef16,Toyama Red Cross Hospital*en,active,healthcare,,Toyama Red Cross Hospital*en; 富山赤十字病院*ja,,https://www.toyama-med.jrc.or.jp/,,toyama-med.jrc.or.jp,1907,,,,,,,,,Toyama,Japan,1849876,,https://ror.org/044s9gr80,,,,
,https://ror.org/01mx82113,Maizuru Red Cross Hospital*en,active,healthcare,,Maizuru Red Cross Hospital*en; 舞鶴赤十字病院*ja,,https://maizuru.jrc.or.jp/,,maizuru.jrc.or.jp,1953,,,,,,,,,Maizuru,Japan,1857766,,https://ror.org/044s9gr80,,,,
,https://ror.org/015py8x46,Fukushima Red Cross Hospital*en,active,healthcare,Japanese Red Cross Fukushima Hospital*en,Fukushima Red Cross Hospital*en; 福島赤十字病院*ja,,https://www.fukushima-med-jrc.jp/,,fukushima-med-jrc.jp,1943,,,,,,,,,Fukushima,Japan,2112923,,https://ror.org/044s9gr80,,,,
,https://ror.org/04dzt4w83,Haga Red Cross Hospital*en,active,healthcare,,Haga Red Cross Hospital*en; 芳賀赤十字病院*ja,,https://www.haga.jrc.or.jp/,https://ja.wikipedia.org/wiki/芳賀赤十字病院,haga.jrc.or.jp,1922,,,,,,,Q11615845,Q11615845,Mooka,Japan,2111836,,https://ror.org/044s9gr80,,,,
,https://ror.org/03k1mwm48,Japanese Red Cross Kitami Hospital*en,active,healthcare,Kitami Red Cross Hospital*en,Japanese Red Cross Kitami Hospital*en; 北見赤十字病院*ja,,https://www.kitami.jrc.or.jp/,https://ja.wikipedia.org/wiki/北見赤十字病院,kitami.jrc.or.jp,1935,,,,,,,Q11404058,Q11404058,Kitami,Japan,2129537,,https://ror.org/044s9gr80,,,,
,https://ror.org/03n990f79,Ibaraki Western Medical Center*en,active,healthcare,,Ibaraki Western Medical Center*en; 茨城県西部メディカルセンター*ja,,https://www.iwmo.or.jp,https://ja.wikipedia.org/wiki/茨城県西部メディカルセンター,iwmo.or.jp,2018,,,,,,,Q60986692,Q60986692,Chikusei,Japan,6822097,,https://ror.org/00tnk6k60,,,,
,https://ror.org/00eanxm57,Okayama City Senoo Hospital*en,active,healthcare,,Okayama City Senoo Hospital*en; 岡山市立せのお病院*ja,,https://okayama-gmc.or.jp/senoo/,,,1947,,,,,,,,,Okayama,Japan,1854383,,https://ror.org/01dj4ez18,,,,
,https://ror.org/026rn4t53,Okayama City Hospital*en,active,healthcare,,Okayama City Hospital*en; 岡山市立市民病院*ja,,https://okayama-gmc.or.jp/shimin/,,,1936,,,,,,,,,Okayama,Japan,1854383,,https://ror.org/01dj4ez18,,,,
,https://ror.org/03w4j5b85,Akitsu Prefectural Hospital*en,active,healthcare,,Akitsu Prefectural Hospital*en; 広島県立病院機構県立安芸津病院*ja; 県立安芸津病院*ja,,https://www.hpakitu.jp/,https://ja.wikipedia.org/wiki/%E7%9C%8C%E7%AB%8B%E5%AE%89%E8%8A%B8%E6%B4%A5%E7%97%85%E9%99%A2,hpakitu.jp,1948,,,,,,,Q11582694,Q11582694,Higashihiroshima,Japan,11611627,,,,,,
,https://ror.org/00cfjne83,Hiroshima City Rehabilitation Hospital*en,active,healthcare,,Hiroshima City Rehabilitation Hospital*en; 広島市立リハビリテーション病院*ja,,https://soriha-hiroshima.jp/,,soriha-hiroshima.jp,,,,,,,,,,Hiroshima,Japan,1862415,,,,,,
,https://ror.org/00wk7rn29,Hiroshima City Hiroshima Citizens Hospital*en,active,healthcare,,Hiroshima City Hiroshima Citizens Hospital*en; 広島市立広島市民病院*ja,,https://www.city-hosp.naka.hiroshima.jp/,https://ja.wikipedia.org/wiki/広島市立広島市民病院,city-hosp.naka.hiroshima.jp,1952,,,,,,,Q11484607,Q11484607,Hiroshima,Japan,1862415,,,,,,
,https://ror.org/04qr44942,Hiroshima City Funairi Citizens Hospital*en,active,healthcare,,Hiroshima City Funairi Citizens Hospital*en; 広島市立舟入市民病院*ja,,https://funairi-hospital.jp/,https://ja.wikipedia.org/wiki/広島市立舟入市民病院,funairi-hospital.jp,1895,,,,,,,Q11484639,Q11484639,Hiroshima,Japan,1862415,,,,,,
,https://ror.org/05qegw525,Saitama Psychiatric Medical Center*en,active,healthcare,Saitama Prefectural Psychiatric Hospital*en,Saitama Psychiatric Medical Center*en; 埼玉県立精神医療センター*ja,,https://www.saitama-pho.jp/seishin-c/,,,,,,,,,,,,Ina-machi,Japan,1861632,,https://ror.org/00gcc1r92,,,,
,https://ror.org/02drp4d95,Yamaguchi Prefectural Mental Health Medical Center*en,active,healthcare,,Yamaguchi Prefectural Mental Health Medical Center*en; 山口県立こころの医療センター*ja,,https://y-kokoro.jp/,,y-kokoro.jp,1953,,,,,,,,,Ube,Japan,1849498,,,,,,
,https://ror.org/03ek5z693,Yamanashi Prefectural Kita Hospital*en,active,healthcare,,Yamanashi Prefectural Kita Hospital*en; 山梨県立北病院*ja,,https://www.ych.pref.yamanashi.jp/kitabyo/,,,1954,,,,,,,,,Nirasaki,Japan,1855363,,,,,,
,https://ror.org/0399rga30,Akita Prefectural Center for Rehabilitation and Psychiatric Medicine*en,active,healthcare,,Akita Prefectural Center for Rehabilitation and Psychiatric Medicine*en; 秋田県立リハビリテーション・精神医療センター*ja,,https://www.akita-rehacen.jp/,,akita-rehacen.jp,1997,,,,,,,,,Daisen,Japan,6822199,,,,,,
,https://ror.org/00mgfcp58,Kobe City Eye Hospital*en,active,healthcare,,Kobe City Eye Hospital*en; 神戸市立神戸アイセンター病院*ja,,https://kobe.eye.center.kcho.jp/,,,2017,,,,,,,,,Kobe,Japan,1859171,,,,,,
,https://ror.org/0443v4r38,Osaka Habikino Medical Center*en,active,healthcare,Osaka Prefectural Medical Center for Respiratory and Allergic Diseases*en,Osaka Habikino Medical Center*en; 大阪はびきの医療センター*ja,,https://www.ra.opho.jp/,https://ja.wikipedia.org/wiki/大阪はびきの医療センター,ra.opho.jp,1952,,,,,,,Q11441031,Q11441031,Habikino,Japan,6825496,,,,,,
,https://ror.org/04j4q9j26,Osaka Psychiatric Medical Center*en,active,healthcare,,Osaka Psychiatric Medical Center*en; 大阪精神医療センター*ja,,https://pmc.opho.jp/,https://ja.wikipedia.org/wiki/%E5%A4%A7%E9%98%AA%E7%B2%BE%E7%A5%9E%E5%8C%BB%E7%99%82%E3%82%BB%E3%83%B3%E3%82%BF%E3%83%BC,pmc.opho.jp,1926,,,,,,,Q11441146,Q11441146,Hirakata,Japan,1862540,,,,,,
,https://ror.org/004aj6081,Nagano Prefectural Mental Wellness Center-Komagane*en,active,healthcare,,Nagano Prefectural Mental Wellness Center-Komagane*en; 長野県立こころの医療センター駒ヶ根*ja,,https://kokokoma-hosp.or.jp/,https://ja.wikipedia.org/wiki/長野県立こころの医療センター駒ヶ根,kokokoma-hosp.or.jp,1956,,,,,,,Q11654355,Q11654355,Komagane,Japan,6822178,,,,,,
,https://ror.org/01y6j9085,Nagano Prefectural Anan Hospital*en,active,healthcare,,Nagano Prefectural Anan Hospital*en; 長野県立阿南病院*ja,,https://anan-hosp.jp/,,anan-hosp.jp,1948,,,,,,,,,Anan,Japan,1865308,,,,,,
,https://ror.org/03wagw595,Nagano Prefectural Kiso Hospital*en,active,healthcare,,Nagano Prefectural Kiso Hospital*en; 長野県立木曽病院*ja,,https://kiso-hosp.jp/,,kiso-hosp.jp,1963,,,,,,,,,Kiso,Japan,10630180,,,,,,
,https://ror.org/03rsp7x09,Tokyo Metropolitan Tama-Nambu Chiiki Hospital*en,active,healthcare,Tama-Nambu Chiiki Hospital*en; Tama-Nambu Regional Hospital*en,Tokyo Metropolitan Tama-Nambu Chiiki Hospital*en; 東京都立多摩南部地域病院*ja; 多摩南部地域病院*ja,,https://www.tmhp.jp/tamanan/,https://ja.wikipedia.org/wiki/%E6%9D%B1%E4%BA%AC%E9%83%BD%E7%AB%8B%E5%A4%9A%E6%91%A9%E5%8D%97%E9%83%A8%E5%9C%B0%E5%9F%9F%E7%97%85%E9%99%A2,,1993,,,,,,,Q11525247,Q11525247,Tama,Japan,6822129,,https://ror.org/04y0s1771,,,,
,https://ror.org/00edabg55,Tokyo Metropolitan Tobu Chiiki Hospital*en,active,healthcare,Tobu Chiiki Hospital*en,Tokyo Metropolitan Tobu Chiiki Hospital*en; 東京都立東部地域病院*ja,,https://www.tmhp.jp/tobu/,,,1990,,,,,,,,,Tokyo,Japan,1850147,,https://ror.org/04y0s1771,,,,
,https://ror.org/0200mtn34,Nara Prefecture Seiwa Medical Center*en,active,healthcare,,Nara Prefecture Seiwa Medical Center*en; 奈良県西和医療センター*ja,,https://seiwa-mc.jp,,seiwa-mc.jp,1979,,,,,,,,,Sango,Japan,1852989,,,,,,
,https://ror.org/00v99hk55,Nara Prefecture General Rehabilitation Center*en,active,healthcare,,Nara Prefecture General Rehabilitation Center*en; 奈良県総合リハビリテーションセンター*ja,,http://www.nara-pho.jp/reha/,,,1988,,,,,,,,,Tawaramoto,Japan,1850472,,,,,,
,https://ror.org/037sd1302,Fuchu City Hospital*en,active,healthcare,,Fuchu City Hospital*en; 府中市民病院*ja,,https://shimin.fuchuhp.jp/,,fuchuhp.jp,,,,,,,,,,Fuchū,Japan,1864155,,https://ror.org/01ew37w25,,,,
,https://ror.org/02czm2m16,Fuchu Kita City Hospital*en,active,healthcare,,Fuchu Kita City Hospital*en; 府中北市民病院*ja,,http://kitashimin.fuchuhp.jp,,kitashimin.fuchuhp.jp,,,,,,,,,,Fuchū,Japan,1864155,,https://ror.org/01ew37w25,,,,
,https://ror.org/03agy3114,Kitakyushu City Yahata Hospital*en,active,healthcare,,Kitakyushu City Yahata Hospital*en; 北九州市立八幡病院*ja,,https://www.kitakyu-cho.jp/yahata/,https://ja.wikipedia.org/wiki/%E5%8C%97%E4%B9%9D%E5%B7%9E%E5%B8%82%E7%AB%8B%E5%85%AB%E5%B9%A1%E7%97%85%E9%99%A2,,1930,,,,,,,Q11400962,Q11400962,Kitakyushu,Japan,1859307,,https://ror.org/03fm86n58,,,,
,https://ror.org/05qf3cv66,Aichi Gakuin University Dental Hospital*en,active,healthcare,,Aichi Gakuin University Dental Hospital*en; 愛知学院大学歯学部附属病院*ja,,https://hospital.dent.agu.ac.jp/,,hospital.dent.agu.ac.jp,1961,,,,,,,,,Nagoya,Japan,1856057,,,,https://ror.org/01rwx7470,,
,https://ror.org/059njsq80,Ohu University Hospital*en,active,healthcare,Ohu University Dental Hospital*en,Ohu University Hospital*en; 奥羽大学歯学部附属病院*ja,,http://www.ohu-dent.jp/,,ohu-dent.jp,,,,,,,,,,Kōriyama,Japan,2112141,,,,https://ror.org/01fe6f215,,
,https://ror.org/02czc0k52,Kansai Medical University Kuzuha Hospital*en,active,healthcare,,Kansai Medical University Kuzuha Hospital*en; 関西医科大学くずは病院*ja,,https://hp.kmu.ac.jp/kuzuha/,,,2018,,,,,,,,,Hirakata,Japan,1862540,,,,https://ror.org/001xjdh50,,
,https://ror.org/05afcjr21,Kansai Medical University Kori Hospital*en,active,healthcare,,Kansai Medical University Kori Hospital*en; 関西医科大学香里病院*ja,,https://hp.kmu.ac.jp/kori/,,,2010,,,,,,,,,Neyagawa,Japan,6697563,,,,https://ror.org/001xjdh50,,
,https://ror.org/03w6vqn81,Kansai Medical University Medical Center*en,active,healthcare,Kansai Medical University Takii Hospital*en,Kansai Medical University Medical Center*en; 関西医科大学総合医療センター*ja,,https://hp.kmu.ac.jp/takii/,https://ja.wikipedia.org/wiki/関西医科大学総合医療センター,,1932,,,,,,,Q11656276,Q11656276,Moriguchi,Japan,1856584,,,,https://ror.org/001xjdh50,,
,https://ror.org/04gpc9445,Kansai Medical University Hospital*en,active,healthcare,,Kansai Medical University Hospital*en; 関西医科大学附属病院*ja,,https://hp.kmu.ac.jp/,https://ja.wikipedia.org/wiki/関西医科大学附属病院,hp.kmu.ac.jp,2006,,,,,,,Q11656275,Q11656275,Hirakata,Japan,1862540,,,,https://ror.org/001xjdh50,,
,https://ror.org/002h7wy75,Iwate Medical University Uchimaru Medical Center*en,active,healthcare,,Iwate Medical University Uchimaru Medical Center*en; 岩手医科大学附属内丸メディカルセンター*ja,,https://www.hosp.iwate-med.ac.jp/uchimaru/,,,2019,,,,,,,,,Morioka,Japan,2111834,,,,https://ror.org/04cybtr86,,
,https://ror.org/03q103q78,Iwate Medical University Hospital*en,active,healthcare,,Iwate Medical University Hospital*en; 岩手医科大学附属病院*ja,,https://www.hosp.iwate-med.ac.jp/,,hosp.iwate-med.ac.jp,,,,,,,,,,Yahaba,Japan,13156692,,,,https://ror.org/04cybtr86,,
,https://ror.org/00xsfw076,International University of Health and Welfare Shioya Hospital*en,active,healthcare,IUHW Shioya Hospital*en,International University of Health and Welfare Shioya Hospital*en; 国際医療福祉大学塩谷病院*ja,,https://shioya.iuhw.ac.jp/,,shioya.iuhw.ac.jp,2009,,,,,,,,,Yaita,Japan,1848776,,,,https://ror.org/053d3tv41,,
,https://ror.org/02sf7xy51,International University of Health and Welfare Ichikawa Medical Center*en,active,healthcare,IUHW Ichikawa Medical Center*en; IUHW Ichikawa Hospital*en; International University of Health and Welfare Ichikawa Hospital*en; 国際医療福祉大学市川病院*ja; Kaken Hospital*en; 化学療法研究所附属病院*ja,International University of Health and Welfare Ichikawa Medical Center*en; 国際医療福祉大学市川メディカルセンター*ja,,https://ichikawa.iuhw.ac.jp/,https://ja.wikipedia.org/wiki/国際医療福祉大学市川メディカルセンター,ichikawa.iuhw.ac.jp,1939,,,,,,,Q120517992,Q120517992,Ichikawa-minami,Japan,10913492,,,,https://ror.org/053d3tv41,,
,https://ror.org/03979n059,International University of Health and Welfare Narita Hospital*en,active,healthcare,IUHW Narita Hospital*en,International University of Health and Welfare Narita Hospital*en; 国際医療福祉大学成田病院*ja,,https://naritahospital.iuhw.ac.jp/,,naritahospital.iuhw.ac.jp,2020,,,,,,,Q97311735,Q97311735,Narita,Japan,2111684,,,,https://ror.org/053d3tv41,,
,https://ror.org/0055rzm47,International University of Health and Welfare Hospital*en,active,healthcare,,International University of Health and Welfare Hospital*en; 国際医療福祉大学那須医療センター*ja; 国際医療福祉大学病院*ja,,https://hospital.iuhw.ac.jp/,https://ja.wikipedia.org/wiki/国際医療福祉大学病院,hospital.iuhw.ac.jp,1990,,,,,,,Q109367216,Q109367216,Nasushiobara,Japan,11612573,,,,https://ror.org/053d3tv41,,
,https://ror.org/00ma6wk53,"Saitama Medical Center, Saitama Medical University*en",active,healthcare,Saitama Medical Center*en,"Saitama Medical Center, Saitama Medical University*en; 埼玉医科大学総合医療センター*ja",,https://www.kawagoe.saitama-med.ac.jp/,https://ja.wikipedia.org/wiki/埼玉医科大学総合医療センター,kawagoe.saitama-med.ac.jp,1985,,,,,,,Q11426502,Q11426502,Kawagoe,Japan,1859740,,,,https://ror.org/04zb31v77,,
,https://ror.org/04e00zd56,"Wakamatsu Hospital of the University of Occupational and Environmental Health, Japan*en",active,healthcare,,"Wakamatsu Hospital of the University of Occupational and Environmental Health, Japan*en; 産業医科大学若松病院*ja",,https://www.uoeh-u.ac.jp/wakamatsu.html,,,2011,,,,,,,,,Kitakyushu,Japan,1859307,,,,https://ror.org/020p3h829,,
,https://ror.org/00fv5dt23,Hospital of the University of Occupational and Environmental Health*en,active,healthcare,,Hospital of the University of Occupational and Environmental Health*en; 産業医科大学病院*ja,,https://www.uoeh-u.ac.jp/hospital/,,,1979,,,,,,,Q11575006,Q11575006,Kitakyushu,Japan,1859307,,,,https://ror.org/020p3h829,,
,https://ror.org/010kz0y92,Juntendo University Koshigaya Hospital*en,active,healthcare,Juntendo Koshigaya Hospital*en,Juntendo University Koshigaya Hospital*en; 順天堂大学医学部附属順天堂越谷病院*ja,,https://www.hosp-koshigaya.juntendo.ac.jp/,,hosp-koshigaya.juntendo.ac.jp,1968,,,,,,,,,Koshigaya,Japan,1858729,,,,https://ror.org/01692sz90,,
,https://ror.org/01d6kr923,Juntendo Tokyo Koto Geriatric Medical Center*en,active,healthcare,,Juntendo Tokyo Koto Geriatric Medical Center*en; 順天堂大学医学部附属順天堂東京江東高齢者医療センター*ja; 順天堂東京江東高齢者医療センター*ja,,https://hosp-gmc.juntendo.ac.jp/,https://ja.wikipedia.org/wiki/順天堂大学医学部附属順天堂東京江東高齢者医療センター,hosp-gmc.juntendo.ac.jp,2002,,,,,,,Q11664448,Q11664448,Tokyo,Japan,1850147,,,,https://ror.org/01692sz90,,
,https://ror.org/03ksa6674,Showa Medical University Toyosu Clinic Preventive Medicine Center*en,active,healthcare,,Showa Medical University Toyosu Clinic Preventive Medicine Center*en; 昭和医科大学豊洲クリニック予防医学センター*ja,,https://www.showa-u.ac.jp/SUHC/,,,,,,,,,,,,Tokyo,Japan,1850147,,,,https://ror.org/04mzk4q39,,
,https://ror.org/05jys3q24,Matsumoto Dental University Hospital*en,active,healthcare,,Matsumoto Dental University Hospital*en; 松本歯科大学病院*ja,,https://www.mdu.ac.jp/hospital/,,,,,,,,,,,,Shiojiri,Japan,1852003,,,,https://ror.org/041jyt122,,
,https://ror.org/02xzxtk25,Tokoha University Rehabilitation Hospital*en,active,healthcare,Tokoha Rehabilitation Hospital*en,Tokoha University Rehabilitation Hospital*en; 常葉大学リハビリテーション病院*ja; 常葉大学常葉リハビリテーション病院*ja,,https://www.tokoha-u.ac.jp/headquarters/rehabilitation/,,,2002,,,,,,,,,Hamamatsu,Japan,1863289,,,,https://ror.org/03mq68c95,,
,https://ror.org/04ta16911,Kanagawa Dental University Yokohama Clinic*en,active,healthcare,,Kanagawa Dental University Yokohama Clinic*en; 神奈川歯科大学附属横浜クリニック*ja,,https://www.hama.kdu.ac.jp/,,hama.kdu.ac.jp,,,,,,,,,,Yokohama,Japan,1848354,,,,https://ror.org/0514c4d93,,
,https://ror.org/05nhb9350,Kanagawa Dental University Hospital*en,active,healthcare,,Kanagawa Dental University Hospital*en; 神奈川歯科大学附属病院*ja,,https://www.kdu.ac.jp/hospital/,,,,,,,,,,,,Yokosuka,Japan,1848313,,,,https://ror.org/0514c4d93,,
,https://ror.org/05ryk9w06,St. Marianna University Hospital*en,active,healthcare,St. Marianna University School of Medicine Hospital*en,St. Marianna University Hospital*en; 聖マリアンナ医科大学病院*ja,,https://www.marianna-u.ac.jp/hospital/,https://ja.wikipedia.org/wiki/%E8%81%96%E3%83%9E%E3%83%AA%E3%82%A2%E3%83%B3%E3%83%8A%E5%8C%BB%E7%A7%91%E5%A4%A7%E5%AD%A6%E7%97%85%E9%99%A2,,1974,,,,,,,Q11610896,Q11610896,Kawasaki,Japan,1859642,,,,https://ror.org/043axf581,,
,https://ror.org/01xkk2m91,"Breast & Imaging Center, St. Marianna University School of Medicine*en",active,healthcare,"Advanced Breast Imaging Center, St. Marianna University*en","Breast & Imaging Center, St. Marianna University School of Medicine*en; 聖マリアンナ医科大学附属研究所ブレスト&イメージング先端医療センター*ja",,https://www.marianna-u.ac.jp/breast/,,,,,,,,,,,,Kawasaki,Japan,1859642,,,,https://ror.org/043axf581,,
,https://ror.org/03t2jc441,"Breast & Imaging Center Clinic, St. Marianna University School of Medicine*en",active,healthcare,,"Breast & Imaging Center Clinic, St. Marianna University School of Medicine*en; 聖マリアンナ医科大学附属研究所ブレスト&イメージング先端医療センター附属クリニック*ja",,https://www.marianna-u.ac.jp/breast/,,,,,,,,,,,,Kawasaki,Japan,1859642,,,,https://ror.org/043axf581,,
,https://ror.org/00dyy6122,Kawasaki Medical School General Medical Center*en,active,healthcare,,Kawasaki Medical School General Medical Center*en; 川崎医科大学総合医療センター*ja,,https://g.kawasaki-m.ac.jp/,https://ja.wikipedia.org/wiki/川崎医科大学総合医療センター,g.kawasaki-m.ac.jp,1938,,,,,,,Q11478363,Q11478363,Okayama,Japan,1854383,,,,https://ror.org/059z11218,,
,https://ror.org/00vet3h85,Osaka Medical and Pharmaceutical University Mishima-Minami Hospital*en,active,healthcare,Osaka Medical College Mishima-Minami Hospital*en,Osaka Medical and Pharmaceutical University Mishima-Minami Hospital*en; 大阪医科薬科大学三島南病院*ja,,https://www.ompummh.jp,,ompummh.jp,1980,,,,,,,,,Takatsuki,Japan,1850910,,,,https://ror.org/01y2kdt21,,
,https://ror.org/038xr9472,Osaka Medical and Pharmaceutical University Hospital*en,active,healthcare,Osaka Medical College Hospital*en; 大阪医科大学附属病院*ja,Osaka Medical and Pharmaceutical University Hospital*en; 大阪医科薬科大学病院*ja,,https://hospital.ompu.ac.jp/,https://ja.wikipedia.org/wiki/大阪医科薬科大学病院,hospital.ompu.ac.jp,1930,,,,,,,Q11440088,Q11440088,Takatsuki,Japan,1850910,,,,https://ror.org/01y2kdt21,,
,https://ror.org/0109tev94,Osaka Dental University Hospital*en,active,healthcare,,Osaka Dental University Hospital*en; 大阪歯科大学附属病院*ja,,https://www.osaka-dent.ac.jp/hospital/,https://ja.wikipedia.org/wiki/大阪歯科大学附属病院,,1913,,,,,,,Q48756565,Q48756565,Osaka,Japan,1853909,,,,https://ror.org/053kccs63,,
,https://ror.org/01rpp4g65,Asahi University Medical & Dental Center*en,active,healthcare,Asahi University Medical and Dental Center*en,Asahi University Medical & Dental Center*en; 朝日大学医科歯科医療センター*ja,,https://www.asahi-u.ac.jp/asahi-hosp/,,,,,,,,,,,,Mizuho,Japan,11612473,,,,https://ror.org/05epcpp46,,
,https://ror.org/04rmdvj92,Asahi University Hospital*en,active,healthcare,Murakami Memorial Hospital*en; Asahi University Murakami Memorial Hospital*en; 朝日大学歯学部附属村上記念病院*ja,Asahi University Hospital*en; 朝日大学病院*ja,,https://www.hosp.asahi-u.ac.jp/,https://ja.wikipedia.org/wiki/朝日大学病院,hosp.asahi-u.ac.jp,1973,,,,,,,Q11517468,Q11517468,Gifu,Japan,1863641,,,,https://ror.org/05epcpp46,,
,https://ror.org/03jvpc802,Tsurumi University Dental Hospital*en,active,healthcare,,Tsurumi University Dental Hospital*en; 鶴見大学歯学部附属病院*ja,,https://www.tsurumi-u.ac.jp/site/dental-hospital/,,,,,,,,,,,,Yokohama,Japan,1848354,,,,https://ror.org/04j8wth34,,
,https://ror.org/03rwpkp10,Tokyo Dental College Suidobashi Hospital*en,active,healthcare,,Tokyo Dental College Suidobashi Hospital*en; 東京歯科大学水道橋病院*ja,,https://www.tdc.ac.jp/sh/,,,,,,,,,,,,Tokyo,Japan,1850147,,,,https://ror.org/0220f5b41,,
,https://ror.org/01ezrgx89,Tokyo Dental College Chiba Dental Center*en,active,healthcare,,Tokyo Dental College Chiba Dental Center*en; 東京歯科大学千葉歯科医療センター*ja,,https://www.tdc.ac.jp/ch/,,,,,,,,,,,,Chiba,Japan,2113015,,,,https://ror.org/0220f5b41,,
,https://ror.org/037y4pb78,The Jikei University West Medical Center*en,active,healthcare,The Jikei University Daisan Hospital*en,The Jikei University West Medical Center*en; 東京慈恵会医科大学西部医療センター*ja; 東京慈恵会医科大学附属第三病院*ja,,https://www.jikei.ac.jp/hospital/west-medical-center/,,,1950,,,,,,,,,Komae,Japan,11612580,,,,https://ror.org/039ygjf22,,
,https://ror.org/01gq01c53,"Institute of Oriental Medicine, Tokyo Women's Medical University*en",active,healthcare,,"Institute of Oriental Medicine, Tokyo Women's Medical University*en; 東京女子医科大学附属東洋医学研究所*ja",,https://www.twmu.ac.jp/hospital/IOM/,,,,,,,,,,,,Tokyo,Japan,1850147,,,,https://ror.org/03kjjhe36,,
,https://ror.org/03nnttf36,Tohoku Fukushi University Sendan Hospital*en,active,healthcare,,Tohoku Fukushi University Sendan Hospital*en; 東北福祉大学せんだんホスピタル*ja,,https://www.tfu.ac.jp/hospital/,,,,,,,,,,,,Sendai,Japan,2111149,,,,https://ror.org/01qr5a671,,
,https://ror.org/01k6z9311,Nippon Medical School Tama Nagayama Hospital*en,active,healthcare,,Nippon Medical School Tama Nagayama Hospital*en; 日本医科大学多摩永山病院*ja,,https://www.nms.ac.jp/tama-h/,https://ja.wikipedia.org/wiki/%E6%97%A5%E6%9C%AC%E5%8C%BB%E7%A7%91%E5%A4%A7%E5%AD%A6%E5%A4%9A%E6%91%A9%E6%B0%B8%E5%B1%B1%E7%97%85%E9%99%A2,,1977,,,,,,,Q11507463,Q11507463,Tama,Japan,6822129,,,,https://ror.org/00krab219,,
,https://ror.org/021jnwa85,Nippon Dental University Niigata Hospital*en,active,healthcare,,Nippon Dental University Niigata Hospital*en; 日本歯科大学新潟病院*ja,,https://www.ngt.ndu.ac.jp/hospital/,,,,,,,,,,,,Niigata,Japan,1855431,,,,https://ror.org/01s1hm369,,
,https://ror.org/02regtk42,Nihon University School of Dentistry Dental Hospital*en,active,healthcare,Nihon University Dental Hospital*en,Nihon University School of Dentistry Dental Hospital*en; 日本大学歯学部付属歯科病院*ja,,https://dentalhospital-nusd.jp/,,dentalhospital-nusd.jp,,,,,,,,,,Tokyo,Japan,1850147,,,,https://ror.org/05jk51a88,,
,https://ror.org/04mqt1j37,Nihon University Hospital at Matsudo*en,active,healthcare,"Nihon University Hospital, School of Dentistry at Matsudo*en",Nihon University Hospital at Matsudo*en; 日本大学松戸歯学部付属病院*ja,,https://www.mascat.nihon-u.ac.jp/hospital/,,,,,,,,,,,,Matsudo,Japan,1857553,,,,https://ror.org/05jk51a88,,
,https://ror.org/0437nwx89,Fukuoka Dental College Medical and Dental Hospital*en,active,healthcare,,Fukuoka Dental College Medical and Dental Hospital*en; 福岡歯科大学医科歯科総合病院*ja,,https://h.fdcnet.ac.jp/,,fdcnet.ac.jp,,,,,,,,,,Fukuoka,Japan,1863967,,,,https://ror.org/04zkc6t29,,
,https://ror.org/03xrtfs13,Fukuoka University Nishijin Hospital*en,active,healthcare,,Fukuoka University Nishijin Hospital*en; 福岡大学西新病院*ja,,https://www.nishijin.fukuoka-u.ac.jp/,,nishijin.fukuoka-u.ac.jp,1963,,,,,,,Q69481576,Q69481576,Fukuoka,Japan,1863967,,,,https://ror.org/04nt8b154,,
,https://ror.org/04s21aq44,Hyogo Medical University Hospital*en,active,healthcare,Hyogo College of Medicine Hospital*en; The Hospital of Hyogo College of Medicine*en,Hyogo Medical University Hospital*en; 兵庫医科大学病院*ja,,https://www.hosp.hyo-med.ac.jp/,https://ja.wikipedia.org/wiki/%E5%85%B5%E5%BA%AB%E5%8C%BB%E7%A7%91%E5%A4%A7%E5%AD%A6%E7%97%85%E9%99%A2,hosp.hyo-med.ac.jp,1972,,,,,,,Q11392836,Q11392836,Nishinomiya,Japan,1855207,,,,https://ror.org/001yc7927,,
,https://ror.org/01w1cnz63,Health Sciences University of Hokkaido Dental Clinic*en,active,healthcare,,Health Sciences University of Hokkaido Dental Clinic*en; 北海道医療大学歯科クリニック*ja,,http://clinic.hoku-iryo-u.ac.jp/,,clinic.hoku-iryo-u.ac.jp,1978,,,,,,,,,Tōbetsu,Japan,2127802,,,,https://ror.org/04tqcn816,,
,https://ror.org/001jbcm95,Health Sciences University of Hokkaido Hospital*en,active,healthcare,,Health Sciences University of Hokkaido Hospital*en; 北海道医療大学病院*ja,,http://hospital.hoku-iryo-u.ac.jp/,,hospital.hoku-iryo-u.ac.jp,2005,,,,,,,,,Sapporo,Japan,2128295,,,,https://ror.org/04tqcn816,,
,https://ror.org/01pwt9m61,Meikai University Hospital*en,active,healthcare,,Meikai University Hospital*en; 明海大学歯学部付属明海大学病院*ja,,https://www.meikai.ac.jp/hospital/,,,,,,,,,,,,Sakado,Japan,1853209,,,,https://ror.org/03thzz813,,
,https://ror.org/00wpn1n34,Meiji University of Integrative Medicine Hospital*en,active,healthcare,,Meiji University of Integrative Medicine Hospital*en; 明治国際医療大学附属病院*ja,,https://www.meiji-u.ac.jp/uni_hosp/,,,1987,,,,,,,,,Nantan,Japan,11612558,,,,https://ror.org/04hahwc19,,
,https://ror.org/0541sg150,Suzuka University of Medical Science Sakuranomori Hospital*en,active,healthcare,,Suzuka University of Medical Science Sakuranomori Hospital*en; 鈴鹿医療科学大学附属桜の森病院*ja,,https://www.suzuka-u.ac.jp/facilities/kanwa_hosp/,,,2021,,,,,,,,,Suzuka,Japan,1851348,,,,https://ror.org/00tq7xg10,,
,https://ror.org/025ay4q97,Dokkyo Medical University Nikko Medical Center*en,active,healthcare,,Dokkyo Medical University Nikko Medical Center*en; 獨協医科大学日光医療センター*ja,,https://www.dokkyomed.ac.jp/nmc/,https://ja.wikipedia.org/wiki/獨協医科大学日光医療センター,,2006,,,,,,,Q17229335,Q17229335,Nikkō,Japan,1855395,,,,https://ror.org/05k27ay38,,
,https://ror.org/01yqvb905,Dokkyo Medical University Hospital*en,active,healthcare,,Dokkyo Medical University Hospital*en; 獨協医科大学病院*ja,,https://www.dokkyomed.ac.jp/hosp-m/,https://ja.wikipedia.org/wiki/獨協医科大学病院,,1974,,,,,,,Q11572238,Q11572238,Mibu,Japan,1857379,,,,https://ror.org/05k27ay38,,
,https://ror.org/051th6q55,Hitachinaka General Hospital*en,active,healthcare,"Hitachi, Ltd. Hitachinaka General Hospital*en",Hitachinaka General Hospital*en; 日立製作所ひたちなか総合病院*ja; ひたちなか総合病院*ja,,https://www.hitachi.co.jp/hospital/hitachinaka/,https://ja.wikipedia.org/wiki/%E3%81%B2%E3%81%9F%E3%81%A1%E3%81%AA%E3%81%8B%E7%B7%8F%E5%90%88%E7%97%85%E9%99%A2,,1959,,,,,,,Q11276225,Q11276225,Hitachinaka,Japan,6822096,,https://ror.org/02exqgm79,,,,
