html_url,id,names.types.ror_display,status,types,names.types.alias,names.types.label,names.types.acronym,links.type.website,links.type.wikipedia,domains,established,external_ids.type.fundref.all,external_ids.type.fundref.preferred,external_ids.type.grid.all,external_ids.type.grid.preferred,external_ids.type.isni.all,external_ids.type.isni.preferred,external_ids.type.wikidata.all,external_ids.type.wikidata.preferred,city,country,locations.geonames_id
https://github.com/ror-community/ror-updates/issues/17679,,Disruptive Futures Institute (United States)*en,active,company,Disruptive Futures Institute*en; DFI Nature & Climate Academy*en,Disruptive Futures Institute (United States)*en; Disruptive Futures Institute*en,DFI*en,https://www.disruptivefutures.org,,disruptivefutures.org,2020,,,,,,,Q141626432,Q141626432,San Francisco,United States,5391959
https://github.com/ror-community/ror-updates/issues/40174,,"Institut agronomique, vétérinaire et forestier de France*fr",inactive,education,,"Institut agronomique, vétérinaire et forestier de France*fr",IAVFF*fr,,,,2015,,,,,,,Q2994756,Q2994756,Paris,France,2988507
https://github.com/ror-community/ror-updates/issues/38346,,Raja Narendra Lal Khan Women's College*en,active,education,Raja Narendralal Khan Women's College*en;Raja N. L. Khan College*en;Gope College*en,Raja Narendra Lal Khan Women's College*en; রাজা নরেন্দ্র লাল খান মহিলা মহাবিদ্যালয়*bn,RNLK*en,https://rnlkwc.ac.in/,https://en.wikipedia.org/wiki/Raja_Narendra_Lal_Khan_Women%27s_College,rnlkwc.ac.in,1957,,,,,0000 0004 7407 0669,0000 0004 7407 0669,Q7285505,Q7285505,Midnapore,India,1263220
https://github.com/ror-community/ror-updates/issues/38347,,Kabi Samrat Upendra Bhanja College*en,active,education,KSUB College*en,Kabi Samrat Upendra Bhanja College*en,,https://ksubcollege.edu.in,,ksubcollege.edu.in,1960,,,,,0000 0005 0960 6276,0000 0005 0960 6276,Q90096320,Q90096320,Bhanjanagar,India,1276159
https://github.com/ror-community/ror-updates/issues/40283,,Fundación InnovaComunidad*es,active,nonprofit,Fundación Innovacomunidad*es,Fundación InnovaComunidad*es; InnovaComunidad Foundation*en; Innovacomunidad Foundation*en,,https://innovacomunidad.com/,,innovacomunidad.com,2024,,,,,,,,,Córdoba,Argentina,3860259
https://github.com/ror-community/ror-updates/issues/38402,,Asociación Colombiana de Medicina Interna*es,active,other,Colombian Association of Internal Medicine*en,Asociación Colombiana de Medicina Interna*es,ACMI*es,http://www.acmi.org.co,,acmi.org.co,1958,,,,,0000 0005 2638 8717,0000 0005 2638 8717,,,Bogotá,Colombia,3688689
https://github.com/ror-community/ror-updates/issues/38410,,Universidad Tecnológica de Poanas*es,active,education,UT Poanas*es,Universidad Tecnológica de Poanas*es,,https://www.utpoanas.edu.mx,,utpoanas.edu.mx,2011,,,,,0000 0004 0546 7312,0000 0004 0546 7312,,,Villa Unión,México,3980124
https://github.com/ror-community/ror-updates/issues/38422,,"TYK Medicines, Inc.*en",active,company,,"TYK Medicines, Inc.*en; 同源康医药*zh",,https://www.tykmedicines.com,,tykmedicines.com,2017,,,,,,,,,Huzhou,China,1806535
https://github.com/ror-community/ror-updates/issues/38425,,Oncologia Medica & Innovation*en,active,nonprofit,,Oncologia Medica & Innovation*en,OMI*en,https://omiweb.org,,omiweb.org,2022,,,,,,,,,Imperia,Italy,3175532
https://github.com/ror-community/ror-updates/issues/38473,,Terrace Eye Centre*en,active,healthcare,,Terrace Eye Centre*en,,https://terraceeyecentre.com.au,,terraceeyecentre.com.au,1985,,,,,,,,,Spring Hill,Australia,2148627
https://github.com/ror-community/ror-updates/issues/39531,,Government Hospitals*en,active,healthcare,Government Hospitals Bahrain*en,Government Hospitals*en,GHBH*en,https://www.hospitals.gov.bh,,hospitals.gov.bh,,,,,,,,,,Manama,Bahrain,290340
https://github.com/ror-community/ror-updates/issues/39345,,Vietnam Academy of Fishery Sciences*en,active,education,,Vietnam Academy of Fishery Sciences*en,,https://vafis.vn,,vafis.vn,2026,,,,,,,,,Bac Ninh,Vietnam,1591449
https://github.com/ror-community/ror-updates/issues/39945,,Hospital San Juan de Dios*es,active,healthcare,,Hospital San Juan de Dios*es,HSJD*es,https://www.sanjuandedios.med.ec,,sanjuandedios.med.ec,2014,,,,,,,,,Cuenca,Ecuador,3658666
https://github.com/ror-community/ror-updates/issues/39190,,Mama Lucy Kibaki Hospital*en,active,healthcare,,Mama Lucy Kibaki Hospital*en,,https://mamalucykibakihospital.or.ke,,mamalucykibakihospital.or.ke,2011,,,,,,,,,Nairobi,Kenya,184745
https://github.com/ror-community/ror-updates/issues/40076,,Universitet FSIN Rossii*ru,active,education,Университет ФСИН России*ru,Universitet FSIN Rossii*ru; University of the Federal Penitentiary Service of Russia*en,,https://spbu.fsin.gov.ru/?wsdl=,,spbu.fsin.gov.ru,2020,,,,,,,,,Saint-Petersburg,Russia,498817
https://github.com/ror-community/ror-updates/issues/39262,,Tainan Hospital*en,active,healthcare,"Tainan Hospital, Ministry of Health and Welfare: Tainan, Taiwan*en",Tainan Hospital*en,,https://www.tnhosp.mohw.gov.tw,https://zh.wikipedia.org/zh-tw/%E8%A1%9B%E7%94%9F%E7%A6%8F%E5%88%A9%E9%83%A8%E8%87%BA%E5%8D%97%E9%86%AB%E9%99%A2,tnhosp.mohw.gov.tw,,,,,,,,,,Tainan,Taiwan,1668355
https://github.com/ror-community/ror-updates/issues/40236,,Universidad Provincial del Sudoeste*es,active,education,,Universidad Provincial del Sudoeste*es,UPSO*es,https://www.upso.edu.ar,https://es.wikipedia.org/wiki/Universidad_Provincial_del_Sudoeste,upso.edu.ar,2000,,,,,0000 0005 2724 204X,0000 0005 2724 204X,Q20019056,Q20019056,Bahía Blanca,Argentina,3865086
https://github.com/ror-community/ror-updates/issues/39445,,Advafab Oy (Finland)*en,active,company,,Advafab Oy (Finland)*en,,https://advafab.com,,advafab.com,2012,,,,,,,,,Helsinki,Finland,658225
https://github.com/ror-community/ror-updates/issues/39829,,Adichunchanagiri University*en,active,education,,Adichunchanagiri University*en,,https://acu.edu.in,,acu.edu.in,2018,,,,,0000 0004 8495 111X,0000 0004 8495 111X,Q65074192,Q65074192,"Bellur, Karnataka",India,1276506
https://github.com/ror-community/ror-updates/issues/39450,,Zion Pharma (China)*en,active,company,,Zion Pharma (China)*en,,https://www.zionpharma.com,,zionpharma.com,2019,,,,,,,,,Hong Kong,China,1819729
https://github.com/ror-community/ror-updates/issues/39791,,Khorol Botanical Garden*en,active,archive,Khorolskyi Botanical Garden*en,Khorol Botanical Garden*en; Хорольський ботанічний сад*uk,,,https://uk.wikipedia.org/wiki/%D0%A5%D0%BE%D1%80%D0%BE%D0%BB%D1%8C%D1%81%D1%8C%D0%BA%D0%B8%D0%B9_%D0%B1%D0%BE%D1%82%D0%B0%D0%BD%D1%96%D1%87%D0%BD%D0%B8%D0%B9_%D1%81%D0%B0%D0%B4,facebook.com,2013,,,,,,,Q20097277,Q20097277,Khorol,Ukraine,706289
https://github.com/ror-community/ror-updates/issues/40187,,Universidad Interserrana del Estado de Puebla-Ahuacatlán*es,active,education,,Universidad Interserrana del Estado de Puebla-Ahuacatlán*es,UIEPA*es,https://uiepa.edu.mx/,,uiepa.edu.mx,2010,,,,,,,,,Ahuacatlán,México,8582403
https://github.com/ror-community/ror-updates/issues/40183,,Far Eastern State Academy of Physical Culture*en,active,education,,Far Eastern State Academy of Physical Culture*en; Дальневосточная государственная академия физической культуры*ru,ДВГАФК*ru,http://dvgafk.ru/,https://ru.wikipedia.org/wiki/%D0%94%D0%B0%D0%BB%D1%8C%D0%BD%D0%B5%D0%B2%D0%BE%D1%81%D1%82%D0%BE%D1%87%D0%BD%D0%B0%D1%8F_%D0%B3%D0%BE%D1%81%D1%83%D0%B4%D0%B0%D1%80%D1%81%D1%82%D0%B2%D0%B5%D0%BD%D0%BD%D0%B0%D1%8F_%D0%B0%D0%BA%D0%B0%D0%B4%D0%B5%D0%BC%D0%B8%D1%8F_%D1%84%D0%B8%D0%B7%D0%B8%D1%87%D0%B5%D1%81%D0%BA%D0%BE%D0%B9_%D0%BA%D1%83%D0%BB%D1%8C%D1%82%D1%83%D1%80%D1%8B,dvgafk.ru,1967,,,,,,,Q4154224,Q4154224,Khabarovsk,Russia,2022890
https://github.com/ror-community/ror-updates/issues/39738,,Kantipur City College*en,active,education,,Kantipur City College*en,KCC*en,https://kcc.edu.np,https://en.wikipedia.org/wiki/Kantipur_City_College,kcc.edu.np,2000,,,,,0000 0004 1756 4793,0000 0004 1756 4793,Q6365500,Q6365500,"Putalisadak, Kathmandu",Nepal,7962227
https://github.com/ror-community/ror-updates/issues/39116,,Apollo Adlux Hospital*en,active,healthcare,"Apollo Adlux Hospital, Kochi, India*en",Apollo Adlux Hospital*en,,https://www.apolloadluxhospital.co/,,apolloadluxhospital.com,,,,,,,,,,"Angamaly, Kochi",India,12684179
https://github.com/ror-community/ror-updates/issues/39199,,Kogi State College of Education (Technical)*en,active,education,"Kogi State College of Education (Technical), Mopa*en",Kogi State College of Education (Technical)*en,KSCOETM*en,https://kscoetechkabba.edu.ng/,,kscoetechkabba.edu.ng,2011,,,,,,,,,Kogi State/Mopa,Nigeria,7729974
https://github.com/ror-community/ror-updates/issues/39579,,Michlalah Jerusalem College*en,active,education,Michlalah College Jerusalem*en; Michlala Jerusalem*en,"Michlalah Jerusalem College*en; מכללה ירושלים, מכללה ירושלים לבנות*he",,https://www.michlala.edu/,https://he.wikipedia.org/wiki/%D7%9E%D7%9B%D7%9C%D7%9C%D7%94_%D7%99%D7%A8%D7%95%D7%A9%D7%9C%D7%99%D7%9D,michlala.edu,1964,,,,,0000 0001 1956 0807,0000 0001 1956 0807,Q6758047,Q6758047,Jerusalem,Israel,281184
https://github.com/ror-community/ror-updates/issues/39914,,Saleh Research Centre*en,active,other,,Saleh Research Centre*en,,https://saleh-theory.com,,saleh-theory.com,2017,,,,,,,,,Amsterdam,Netherlands,2759794
https://github.com/ror-community/ror-updates/issues/40081,,Thomas Bayes Institute*en,active,nonprofit,,Thomas Bayes Institute*en; Thomas Bayes Institut*de,TBI*en,https://thomasbayesinstitute.org,,thomasbayes.de,2023,,,,,,,,,Berlin,Germany,2950159
https://github.com/ror-community/ror-updates/issues/39673,,The Institute of Contemporary Music Performance*en,active,education,,The Institute of Contemporary Music Performance*en,,https://www.icmp.ac.uk,,icmp.ac.uk,1986,,,,,,,,,London,United Kingdom,2643743
https://github.com/ror-community/ror-updates/issues/40195,,University of Technology and Applied Sciences - Shinas*en,active,education,,University of Technology and Applied Sciences - Shinas*en,,https://www.utas.edu.om/shinas,,utas.edu.om,,,,,,,,,,Shinas,Sultanate of Oman,286402
https://github.com/ror-community/ror-updates/issues/39486,,Pontificia Universidad Católica del Ecuador Sede Ambato*es,active,education,,"Pontificia Universidad Católica del Ecuador Sede Ambato*es; Pontifical Catholic University of Ecuador, Ambato Campus*en",PUCESA*es,https://www.pucesa.edu.ec,,pucesa.edu.ec,1986,,,,,,,,,Ambato,Ecuador,3660689
https://github.com/ror-community/ror-updates/issues/39196,,Kaiser Permanente Northern California*en,active,healthcare,,Kaiser Permanente Northern California*en,,https://healthy.kaiserpermanente.org/northern-california/front-door,,kp.org; kaiserpermanente.org,1945,,,,,,,,,"Oakland, CA",USA,5378538
https://github.com/ror-community/ror-updates/issues/38496,,United Nations University Centre for Policy Research*en,active,education,,United Nations University Centre for Policy Research*en,UNU-CPR*en,https://unu.edu/cpr,,unu.edu,2014,,,,,,,,,New York,United States,5128581
https://github.com/ror-community/ror-updates/issues/38507,,WSP (Norway)*en,active,company,WSP Norway AS*en;,WSP (Norway)*en,WSP*en,https://www.wsp.com/nb-no/,https://de.wikipedia.org/wiki/WSP_Global,wsp.com,,,,,,,,,,Oslo,Norway,3143244
https://github.com/ror-community/ror-updates/issues/33750,,Serviço Brasileiro de Apoio às Micro e Pequenas Empresas do Estado de Rondonia*pt,active,other,Serviço de Apoio às Micro e Pequenas Empresas do Estado de Rondonia*pt,Serviço Brasileiro de Apoio às Micro e Pequenas Empresas do Estado de Rondonia*pt,SEBRAE-RO*pt,https://sebrae.com.br/ro,,sebrae.com.br,1981,,,,,,,,,Porto Velho,Brasil,3662762
https://github.com/ror-community/ror-updates/issues/33599,,Takeda (Poland)*pl,active,company,Takeda Pharma*pl,Takeda (Poland)*pl; Takeda Poland*en,,https://www.takeda.com/pl-pl/,,takeda.com,,,,,,,,,,Warsaw,Poland,756135
https://github.com/ror-community/ror-updates/issues/37929,,Christus Muguerza Hospital Betania*es,active,healthcare,Hospital Christus Muguerza Betania*es,Christus Muguerza Hospital Betania*es,,https://christusmuguerza.com.mx/hospital-betania/,,christus.mx,1972,,,,,,,,,Puebla,Mexico,3521081
https://github.com/ror-community/ror-updates/issues/40295,,Zamfara State College of Education*en,active,education,"Zamfara State College of Education, Maru*en",Zamfara State College of Education*en,ZSCOE*en,https://zcoemaru.edu.ng,,zcoemaru.edu.ng,2000,,,,,0000 0005 1782 7861,0000 0005 1782 7861,Q129266473,Q129266473,"Maru, Nigeria",Nigeria,8633505
https://github.com/ror-community/ror-updates/issues/39811,,Institut Malgache des Vaccins Vétérinaires*fr,active,facility,,Institut Malgache des Vaccins Vétérinaires*fr; Ivotoerana Malagasy Momba ny Vaksinin’ny Biby*mg; Malagasy Institute of Veterinary Vaccines*en,IMVAVET*en,,https://fr.wikipedia.org/wiki/Institut_malgache_des_vaccins_v%C3%A9t%C3%A9rinaires,imvavet.mg,1995,,,,,0000 0004 5908 6320,0000 0004 5908 6320,Q94970606,Q94970606,Antananarivo,Madagascar,1070940
https://github.com/ror-community/ror-updates/issues/39057,,Chongqing Academy of Education Science*en,active,nonprofit,,Chongqing Academy of Education Science*en,,https://www.cqjy.com,,cqjy.com,,,,,,,,,,Chongqing,China,1814906
https://github.com/ror-community/ror-updates/issues/39315,,Seoul Cyber University*en,active,education,,Seoul Cyber University*en; 서울사이버대학교*ko,SCU*en,https://www.iscu.ac.kr/,https://en.wikipedia.org/wiki/Seoul_Cyber_University,iscu.ac.kr,2000,,,,,0000 0004 0592 0981,0000 0004 0592 0981,Q12601244,Q12601244,Seoul,South Korea,1835848
https://github.com/ror-community/ror-updates/issues/40075,,Indigenous Desert Alliance*en,active,nonprofit,Indigenous Desert Alliance Limited*en,Indigenous Desert Alliance*en,IDA*en,https://www.indigenousdesertalliance.com,https://en.wikipedia.org/wiki/Indigenous_Desert_Alliance,indigenousdesertalliance.com,2014,,,,,,,Q136476194,Q136476194,Perth,Australia,2063523
https://github.com/ror-community/ror-updates/issues/39546,,Mundomar*es,active,facility,,Mundomar*es,,https://www.mundomarbenidorm.com/fundacion/,https://en.wikipedia.org/wiki/Mundomar,mundomar.es,1996,,,,,,,Q5408775,Q5408775,Benidorm,Spain,2521088
https://github.com/ror-community/ror-updates/issues/39348,,Quan Cheng Laboratory*en,active,facility,,Quan Cheng Laboratory*en,,https://www.qcl.edu.cn,,qcl.edu.cn,2021,,,,,,,Q131440453,Q131440453,Jinan,China,1805753
https://github.com/ror-community/ror-updates/issues/39670,,Sapporo University of Health Sciences*en,active,education,,Sapporo University of Health Sciences*en; 札幌保健医療大学*ja,,https://www.sapporo-hokeniryou-u.ac.jp,,sapporo-hokeniryou-u.ac.jp,2013,,,,,,,,,Sapporo,Japan,2128295
https://github.com/ror-community/ror-updates/issues/40255,,Challenges Initiative Solutions*en,active,nonprofit,,Challenges Initiative Solutions*en,CIS*en,https://www.challengesinitiative.org,,challengesinitiative.org,2016,,,,,,,,,Yaoundé,Cameroon,2220957
https://github.com/ror-community/ror-updates/issues/39843,,Universidad de la Sierra Sur*es,active,education,,Universidad de la Sierra Sur*es,,https://www.unsis.edu.mx/web,https://es.wikipedia.org/wiki/Universidad_de_la_Sierra_Sur,unsis.edu.mx,2000,,,,,0000 0004 1770 555X,0000 0004 1770 555X,Q5849303,Q5849303,Miahuatlán de Porfirio Díaz Municipality,Mexico,8582530
https://github.com/ror-community/ror-updates/issues/39527,,Instituto Tecnológico de Campeche*es,active,education,TecNM Campeche*es; Tecnológico de Campeche*es,Instituto Tecnológico de Campeche*es,ITC*es,https://itcampeche.edu.mx,,edu.mx,,,,,,0000 0004 0369 2129,0000 0004 0369 2129,,,Campeche,México,3531730
https://github.com/ror-community/ror-updates/issues/40340,,Dhaka School of Economics*en,active,education,,Dhaka School of Economics*en; ঢাকা স্কুল অব ইকোনমিকস*bn,DScE*en,https://www.dsce.edu.bd,https://en.wikipedia.org/wiki/Dhaka_School_of_Economics,dsce.edu.bd,2010,,,,,,,Q15128497,Q15128497,Dhaka,Bangladesh,1185241
https://github.com/ror-community/ror-updates/issues/39070,,Universidad Politécnica del Bicentenario*es,active,education,,Universidad Politécnica del Bicentenario*es,UPB*es,https://upbicentenario.edu.mx,,upbicentenario.edu.mx,2010,,,,,0000 0004 0458 5712,0000 0004 0458 5712,,,"Silao, Guanajuato",México,3983058
https://github.com/ror-community/ror-updates/issues/40505,,Instituto Superior Técnico Militar*pt,active,education,,Instituto Superior Técnico Militar*pt; Higher Military Technical Institute*en,ISTM*pt,https://www.istm-faa.co.ao,,istm-faa.co.ao,2008,,,,,,,,,Kilamba Kiaxi,Angola,10402606
https://github.com/ror-community/ror-updates/issues/40488,,Instituto Tecnológico Superior de Cajeme*es,active,education,Tecnológico Nacional de México / ITS de Cajeme*es,Instituto Tecnológico Superior de Cajeme*es,ITESCA*es,https://www.itesca.edu.mx/,,itesca.edu.mx,1996,,,,,0000 0001 0101 5464,0000 0001 0101 5464,,,"Ciudad Obregón, Sonora",México,4013704
https://github.com/ror-community/ror-updates/issues/40458,,Österreichische Plattform für Interdisziplinäre Alternsfragen*de,active,nonprofit,,Österreichische Plattform für Interdisziplinäre Alternsfragen*de,,http://www.oepia.at,,oepia.at,,,,,,,,,,Vienna,Austria,2761369
https://github.com/ror-community/ror-updates/issues/40480,,Wildlands Conservation*en,active,nonprofit,"Wildlands Conservation, Inc.*en",Wildlands Conservation*en,,https://wildlandsconservation.org,,wildlandsconservation.org,2003,,,,,,,,,"Tampa, FL",United States of America,4174757
https://github.com/ror-community/ror-updates/issues/39452,,Instituto Tecnológico Superior de Champotón*es,active,education,TecNM Campus Champotón*es; ITS Champotón*es; Tecnológico Champotón*es,Instituto Tecnológico Superior de Champotón*es,ITESCHAM*es,https://champoton.tecnm.mx,,champoton.tecnm.mx,2006,,,,,0000 0004 1770 0214,0000 0004 1770 0214,,,Champotón,México,3531177
https://github.com/ror-community/ror-updates/issues/39444,,Save Our Planet Srl Società Benefit (Italy)*en,active,company,Save Our Planet*en; SOP Farm*en; SOP Srl Società Benefit*en,Save Our Planet Srl Società Benefit (Italy)*en,SOP*en,https://www.sopfarm.com,,sopfarm.com,2001,,,,,,,,,Busto Arsizio,Italy,3181355
https://github.com/ror-community/ror-updates/issues/39191,,David L. MacIntosh Sport Medicine Clinic*en,active,other,MacIntosh Sport Medicine Clinic*en,David L. MacIntosh Sport Medicine Clinic*en,,https://kpe.utoronto.ca/david-l-macintosh-sport-medicine-clinic,,kpe.utoronto.ca,,,,,,,,,,Toronto,Canada,6167865
https://github.com/ror-community/ror-updates/issues/38937,,Unidade Local de Saúde de Matosinhos*pt,active,healthcare,,Unidade Local de Saúde de Matosinhos*pt,,http://www.ulsm.min-saude.pt,https://pt.wikipedia.org/wiki/Unidade_Local_de_Sa%C3%BAde_de_Matosinhos,ulsm.min-saude.pt,1999,,,,,,,Q124751120,Q124751120,Matosinhos,Portugal,8010584
https://github.com/ror-community/ror-updates/issues/40349,,Medical Supplies Center*en,active,healthcare,Medical Supplies Center of PLA General Hospital*en,Medical Supplies Center*en,,https://www.301hospital.com.cn/,,301hospital.com.cn,,,,,,,,,,Beijing,China,1816670
https://github.com/ror-community/ror-updates/issues/40300,,Universidade Rovuma*pt,active,education,Universidade de Rovuma*pt; UniRovuma*pt,Universidade Rovuma*pt; University of Rovuma*en; Rovuma University*en,UR*pt,https://www.unirovuma.ac.mz,https://pt.wikipedia.org/wiki/Universidade_Rovuma,unirovuma.ac.mz,2019,,,,,0000 0005 1811 6869,0000 0005 1811 6869,Q76737841,Q76737841,"Nampula (Rectory and faculties), Lichinga, Montepuez, Pemba",Mozambique,1033356
https://github.com/ror-community/ror-updates/issues/40354,,KNAW Humanities Cluster*en,active,other,,KNAW Humanities Cluster*en,HuC*en,https://huc.knaw.nl/,,knaw.nl,2016,,,,,,,,,Amsterdam,Netherlands,2759794
https://github.com/ror-community/ror-updates/issues/40466,,Pôle de Recherches Interdisciplinaires en Sciences du Management Sorbonne*fr,active,facility,EA 4101*fr; PRISM Sorbonne*fr,Pôle de Recherches Interdisciplinaires en Sciences du Management Sorbonne*fr; PRISM Laboratory*en,PRISM*fr,https://www.prism-sorbonne.fr,,prism-sorbonne.fr; pantheonsorbonne.fr; univ-paris1.fr,2005,,,,,,,Q51781874,Q51781874,Paris,France,2988507
https://github.com/ror-community/ror-updates/issues/40209,,Anania Shirakatsi University of International Relations*en,active,education,An. Shirakatsi-University of International Relations*en; Yerevan Anania Shirakatsi University of International Relations*en; University of History and Philology*en,Anania Shirakatsi University of International Relations*en; «Անանիա Շիրակացի» միջազգային հարաբերությունների համալսարան*hy,SUIR*en,https://shirakatsi.am,,shirakatsi.am,1990,,,,,,,,,Yerevan,Armenia,616052
https://github.com/ror-community/ror-updates/issues/39571,,Instituto Tecnológico Superior de Nuevo Casas Grandes*es,active,education,TecNM Campus Nuevo Casas Grandes*es,Instituto Tecnológico Superior de Nuevo Casas Grandes*es,ITSNCG*es,http://www.itsncg.edu.mx/,,itsncg.edu.mx,1994,,,,,0000 0004 1770 4100,0000 0004 1770 4100,,,Nuevo Casas Grandes,Chihuahua,3994616
https://github.com/ror-community/ror-updates/issues/39904,,Afghanistan National Agricultural Sciences and Technology University*en,active,education,,Afghanistan National Agricultural Sciences and Technology University*en,ANASTU*en,https://anastu.edu.af/en,,anastu.edu.af,,,,,,,,,,Kandahar,Afghanistan,1138336
https://github.com/ror-community/ror-updates/issues/40140,,Euro University of Bahrain*en,active,education,,Euro University of Bahrain*en,EUB*en,https://eub.edu.bh/,,eub.edu.bh,2021,,,,,,,,,Manama,Bahrain,290340
https://github.com/ror-community/ror-updates/issues/40218,,GeneCapture (United States)*en,active,company,,GeneCapture (United States)*en,,https://genecapture.com,,genecapture.com,2011,,,,,,,,,Huntsville,US,4068590
https://github.com/ror-community/ror-updates/issues/39756,,Samriddhi College*en,active,education,,Samriddhi College*en,,https://samriddhicollege.edu.np,,samriddhicollege.edu.np,,,,,,,,,,Bhaktapur,Nepal,12095459
https://github.com/ror-community/ror-updates/issues/40360,,P. R. Thakur Govt. College*en,active,education,,P. R. Thakur Govt. College*en,PRTGC*en,https://www.prtgc.ac.in,,prtgc.ac.in,2013,,,,,,,,,Thakurnagar,India,10656196
https://github.com/ror-community/ror-updates/issues/40357,,Userhub (Bangladesh)*en,active,company,User Study & Experience Research Hub*en,Userhub (Bangladesh)*en,,https://userhub.com.bd,,userhub.com.bd,2014,,,,,0000 0005 2970 5714,0000 0005 2970 5714,Q135294652,Q135294652,Dhaka,Bangladesh,1185241
https://github.com/ror-community/ror-updates/issues/39895,,Institut National des Sciences et Techniques Nucléaires - Madagascar*fr,active,education,,Institut National des Sciences et Techniques Nucléaires - Madagascar*fr,INSTN*fr,https://www.instn.mg,https://fr.wikipedia.org/wiki/Institut_national_des_sciences_et_techniques_nucl%C3%A9aires_de_Madagascar,instn.mg,1976,,,,,,,,,Antananarivo,Madagascar,1070940
https://github.com/ror-community/ror-updates/issues/39684,,Health Tequity (USA)*en,active,company,,Health Tequity (USA)*en,,https://healthtequity.net,,healthtequity.net,2024,,,,,,,,,Berkeley,USA,5327684
https://github.com/ror-community/ror-updates/issues/39672,,Shanxi Coal Central Hospital*en,active,healthcare,,Shanxi Coal Central Hospital*en,,https://sxsmtzxyy.com,,sxsmtzxyy.com,,,,,,,,,,Taiyuan,China,1793511
https://github.com/ror-community/ror-updates/issues/39322,,Centro Universitário Tiradentes*pt,active,education,,Centro Universitário Tiradentes*pt,UNIT-PE*pt,https://pe.unit.br,,souunit.com.br; pe.unit.br,,,,,,,,,,Recife,Brazil,3390760
https://github.com/ror-community/ror-updates/issues/39824,,Vinh Long General Hospital*en,active,healthcare,,Vinh Long General Hospital*en,,https://bvdktinh.vinhlong.gov.vn,,bvdktinh.vinhlong.gov.vn,,,,,,,,,,Vinh Long,Vietnam,13494361
https://github.com/ror-community/ror-updates/issues/39840,,Wild Care Nepal*en,active,nonprofit,,Wild Care Nepal*en,,https://wildcare.org.np,,wildcare.org.np,2023,,,,,,,,,Kathmandu,Nepal,1283240
https://github.com/ror-community/ror-updates/issues/39678,,Global Porphyria Advocacy Coalition*en,active,nonprofit,,Global Porphyria Advocacy Coalition*en,GPAC*en,https://www.gpac-porphyria.org,,gpac-porphyria.org,2020,,,,,0000 0005 3091 947X,0000 0005 3091 947X,,,Norwich,"England, UK",2641181
https://github.com/ror-community/ror-updates/issues/40473,,The Resilience Institute*en,active,nonprofit,,The Resilience Institute*en,,https://resilienceinstitute.ca,,resilienceinstitute.ca,2014,,,,,0000 0005 2422 150X,0000 0005 2422 150X,,,Canmore,Canada,11807228
https://github.com/ror-community/ror-updates/issues/40429,,National Agency for Food and Drug Administration and Control*en,active,government,,National Agency for Food and Drug Administration and Control*en,NAFDAC*en,https://www.nafdac.gov.ng,https://en.wikipedia.org/wiki/National_Agency_for_Food_and_Drug_Administration_and_Control,nafdac.gov.ng,1993,,,,,,,Q6970209,Q6970209,Abuja,Nigeria,2352778
https://github.com/ror-community/ror-updates/issues/40334,,LEPL Ilia Vekua Sukhumi Institute of Physics and Technology*en,active,government,Sukhumi Institute of Physics and Technology*en; Ilia Vekua Sukhumi Institute of Physics and Technology*en; LEPL Ilia Vekua Sukhumi Institute of Physics and Technology*en,LEPL Ilia Vekua Sukhumi Institute of Physics and Technology*en; სოხუმის ილია ვეკუას ფიზიკა-ტექნიკის ინსტიტუტი*ka; სოხუმის ფიზიკა-ტექნიკის ინსტიტუტი*ka,SIPT*en,https://www.sipt.org.ge,,sipt.org.ge,1945,,,,,,,Q2296603,Q2296603,Tbilisi,Georgia,611717
https://github.com/ror-community/ror-updates/issues/40326,,House of Logistics and Mobility*en,active,government,House of Logistics & Mobility*en,House of Logistics and Mobility*en,HOLM*en,https://frankfurt-holm.de,,frankfurt-holm.de,,,,,,,,,,Frankfurt/Main,Germany,2925533
https://github.com/ror-community/ror-updates/issues/39075,,Muséum-Aquarium de Nancy*fr,active,archive,Musée de zoologie de Nancy*fr ; Institut de zoologie de Nancy*fr,"Muséum-Aquarium de Nancy*fr; Aquarium Museum, Nancy*en",MAN*fr,https://www.museumaquariumdenancy.eu,https://fr.wikipedia.org/wiki/Mus%C3%A9um-aquarium_de_Nancy,museumaquariumdenancy.eu,1933,,,,,0000 0001 2201 6589,0000 0001 2201 6589,Q3330862,Q3330862,Nancy,France,2990999
https://github.com/ror-community/ror-updates/issues/40125,,Prof. Rajendra Singh (Rajju Bhaiya) University*en,active,education,Professor Rajendra Singh (Rajju Bhaiya) University*en; Allahabad State University*en; प्रयागराज राज्य विश्वविद्यालय*hi,Prof. Rajendra Singh (Rajju Bhaiya) University*en; प्रो० राजेन्द्र सिंह (रज्जू भय्या) विश्वविद्यालय*hi,PRSU*en; ASU*en,https://prsuniv.ac.in,https://en.wikipedia.org/wiki/Allahabad_State_University,prsuniv.ac.in,2016,,,,,0000 0005 1774 5049,0000 0005 1774 5049,Q25508846,Q25508846,Prayagraj,India,1278994
https://github.com/ror-community/ror-updates/issues/39073,,Conservatoire Botanique National de Mascarin*fr,active,nonprofit,CBN-CPIE Mascarin*fr ; CBN Mascarin*fr,Conservatoire Botanique National de Mascarin*fr; Botanical Gardens Mascarin*en,CBNM*fr,https://www.cbnm.org,https://fr.wikipedia.org/wiki/Conservatoire_botanique_national_de_Mascarin,cbnm.org,1986,,,,,0000 0000 8755 5914,0000 0000 8755 5914,Q2407553,Q2407553,Saint-Leu,France,935225
https://github.com/ror-community/ror-updates/issues/38300,,Nistarini Women's College*en,active,education,Nistarini Coll.*en,Nistarini Women's College*en; নিস্তারিণী কলেজ*bn,,https://www.nistarinicollege.ac.in/,https://en.wikipedia.org/wiki/Nistarini_Women%27s_College,nistarinicollege.ac.in,1957,,,,,,,Q7041146,Q7041146,Purulia,India,1259163
https://github.com/ror-community/ror-updates/issues/38260,,Shri Shivaji Education Society's Jijamata Mahavidyalaya*en,active,education,,Shri Shivaji Education Society's Jijamata Mahavidyalaya*en,,https://jmvbuldhana.ac.in,,jmvbuldhana.ac.in,1956,,,,,0000 0005 1163 0304,0000 0005 1163 0304,,,Buldhana,India,1275118
https://github.com/ror-community/ror-updates/issues/38256,,Bejoy Narayan Mahavidyalaya*en,active,education,,Bejoy Narayan Mahavidyalaya*en; বিজয় নারায়ণ মহাবিদ্যালয়*bn,BNMV*en,https://bnmv.ac.in,https://bn.wikipedia.org/wiki/%E0%A6%AC%E0%A6%BF%E0%A6%9C%E0%A6%AF%E0%A6%BC_%E0%A6%A8%E0%A6%BE%E0%A6%B0%E0%A6%BE%E0%A6%AF%E0%A6%BC%E0%A6%A3_%E0%A6%AE%E0%A6%B9%E0%A6%BE%E0%A6%AC%E0%A6%BF%E0%A6%A6%E0%A7%8D%E0%A6%AF%E0%A6%BE%E0%A6%B2%E0%A6%AF%E0%A6%BC,bnmv.ac.in,1950,,,,,0000 0004 8351 062X,0000 0004 8351 062X,Q4881553,Q4881553,Pandua,India,1260527
https://github.com/ror-community/ror-updates/issues/39083,,Muséum d'histoire naturelle d'Aix-en-Provence*fr,active,archive,Muséum d'Aix*fr,Muséum d'histoire naturelle d'Aix-en-Provence*fr; Natural History Museum of Aix-en-Provence*en,MHNAix*fr,https://www.aixenprovence.fr/Museum-d-Histoire-Naturelle-1039,https://en.wikipedia.org/wiki/Museum_d%27Histoire_Naturelle_Aix-en-Provence,aixenprovence.fr,1838,,,,,,,Q3330867,Q3330867,Aix-en-Provence,France,3038354
https://github.com/ror-community/ror-updates/issues/40493,,Irréversible (Canada)*en,active,company,,Irréversible (Canada)*en,,https://www.irreversible.tech/,,irreversible.tech,,,,,,,,,,"Sherbrooke, QC, Canada",Canada,6146143
https://github.com/ror-community/ror-updates/issues/40303,,Somali Farmers Association*en,active,nonprofit,,Somali Farmers Association*en,SFA*en,https://somalifarmers.org,,somalifarmers.org,2015,,,,,,,,,Mogadishu,Somalia,53654
https://github.com/ror-community/ror-updates/issues/40494,,Centro Universitário Unigrupofaef de Itapeva *pt,active,education,,Centro Universitário Unigrupofaef de Itapeva *pt,,https://fait.edu.br,,fait.edu.br,1997,,,,,,,,,Itapeva,Brazil,6321467
https://github.com/ror-community/ror-updates/issues/40184,,Boris Shchukin Theatre Institute*en,active,education,,Boris Shchukin Theatre Institute*en; Театральный институт имени Бориса Щукина*ru; Щука*ru,,https://www.htvs.ru/,https://ru.wikipedia.org/wiki/%D0%A2%D0%B5%D0%B0%D1%82%D1%80%D0%B0%D0%BB%D1%8C%D0%BD%D1%8B%D0%B9_%D0%B8%D0%BD%D1%81%D1%82%D0%B8%D1%82%D1%83%D1%82_%D0%B8%D0%BC%D0%B5%D0%BD%D0%B8_%D0%91%D0%BE%D1%80%D0%B8%D1%81%D0%B0_%D0%A9%D1%83%D0%BA%D0%B8%D0%BD%D0%B0,www.htvs.ru,1914,,,,,,,Q4453555,Q4453555,Moscow,Russia,524901
https://github.com/ror-community/ror-updates/issues/39846,,Numadelic Labs*en,active,nonprofit,,Numadelic Labs*en,,https://www.numadeliclabs.org,,numadeliclabs.org,2024,,,,,,,,,"El Cerrito, Califonia",United States,5345623
https://github.com/ror-community/ror-updates/issues/40350,,STIA YPPT Priatim Tasikmalaya*id,active,education,,STIA YPPT Priatim Tasikmalaya*id,,https://stia-tasik.ac.id,,stia-tasik.ac.id,1974,,,,,0000 0004 0404 1088,0000 0004 0404 1088,,,Tasikmalaya,Indonesia,1624647
https://github.com/ror-community/ror-updates/issues/40238,,Instituto de Estudios Superiores en Finanzas*es,active,education,,Instituto de Estudios Superiores en Finanzas*es,IESFi*es,https://iesfi.edu.mx/,,edu.mx,2018,,,,,,,,,Morelia,México,3995402
https://github.com/ror-community/ror-updates/issues/40495,,Elvez (Japan)*en,active,company,Kabushiki Kaisha Elvez*en,Elvez (Japan)*en; 株式会社エルブズ*ja,,https://elvez.co.jp/,,elvez.co.jp,2016,,,,,,,,,Tokyo,Japan,1850147
https://github.com/ror-community/ror-updates/issues/39380,,College of Science and Technology of Qaminis*en,active,education,"College of Science and Technology Qaminis*en; College of Science and Technology - Qaminis*en; College of Science and Technology, Qaminis*en; College of Science and Technology Qumins*en",College of Science and Technology of Qaminis*en; لية العلوم والتقنية قمينس*ar; كلية العلوم والتقنية قمينس*ar,,https://qi.edu.ly/,,qi.edu.ly,,,,,,,,,,Qaminis,Libya,84257
https://github.com/ror-community/ror-updates/issues/40237,,Fire Mountain Labs (USA)*en,active,company,,Fire Mountain Labs (USA)*en,,https://firemountainlabs.com,,firemountainlabs.com,2025,,,,,,,Q141480735,Q141480735,San Diego,United States,5391811
https://github.com/ror-community/ror-updates/issues/39915,,Radhey Hari Government Post Graduate College Kashipur*en,active,education,,Radhey Hari Government Post Graduate College Kashipur*en; राधे हरि राजकीय स्नातकोत्तर महाविद्यालय काशीपुर*hi,,https://rhgpgckashipur.ac.in/,,rhgpgckashipur.ac.in,1973,,,,,0000 0005 2789 8735,0000 0005 2789 8735,,,Kashipur,India,1267579
https://github.com/ror-community/ror-updates/issues/39478,,Peruvian Institute of Fetal Medicine and Surgery*en,active,healthcare,Instituto Peruano de Medicina y Cirugia Fetal*en,Peruvian Institute of Fetal Medicine and Surgery*en,,https://medicinaycirugiafetal.pe/,,medicinaycirugiafetal.pe,2018,,,,,,,,,Lima,Peru,3936456
https://github.com/ror-community/ror-updates/issues/39949,,Sanatorio Juncal*es,active,healthcare,,Sanatorio Juncal*es,,http://www.sjuncal.com.ar/,,sjuncal.com.ar,2001,,,,,,,Q93824641,Q93824641,Buenos Aires,Argentina,3435910
https://github.com/ror-community/ror-updates/issues/38996,,OxLER (Colombia)*es,active,company,,OxLER (Colombia)*es,,https://oxler.ai/,,oxler.me,2022,,,,,,,,,Bogotá,Colombia,3688689
https://github.com/ror-community/ror-updates/issues/40248,,Heart Institute of the Caribbean*en,active,healthcare,,Heart Institute of the Caribbean*en,HIC*en,https://caribbeanheart.com/,https://en.wikipedia.org/wiki/Heart_Institute_of_the_Caribbean,caribbeanheart.com,2005,,,,,0000 0004 0548 2328,0000 0004 0548 2328,Q55639870,Q55639870,Kingston,Jamaica,3489854
https://github.com/ror-community/ror-updates/issues/38994,,Centro de Investigación de Codiseño Aplicado*es,active,education,,Centro de Investigación de Codiseño Aplicado*es,CODAPLI*es,https://codapli.frlp.utn.edu.ar/,,frlp.utn.edu.ar,,,,,,,,,,Berisso,Argentina,3436038
https://github.com/ror-community/ror-updates/issues/39198,,Social Planning Council of Peel*en,active,nonprofit,,Social Planning Council of Peel*en,SPCP*en,https://www.spcpeel.com,,spcpeel.com,1977,,,,,0000 0001 0553 6363,0000 0001 0553 6363,,,Mississauga,Canada,13680203
https://github.com/ror-community/ror-updates/issues/39449,,Blend360 (USA)*en,active,company,Blend*en,Blend360 (USA)*en,,https://www.blend360.com/,,blend360.com,2015,,,,,,,,,"Columbia, Maryland",USA,12213043
https://github.com/ror-community/ror-updates/issues/39210,,Instituto de Pensamiento Complejo*es,active,nonprofit,,Instituto de Pensamiento Complejo*es; Institute of Complex Thought*en,IPC*es,https://institutodepensamientocomplejo.org,,institutodepensamientocomplejo.org,2020,,,,,,,,,Manizales,Colombia,3675443
https://github.com/ror-community/ror-updates/issues/39384,,Institut Teknologi Mojosari*id,active,education,,Institut Teknologi Mojosari*id,,https://itmnganjuk.ac.id,,itmnganjuk.ac.id,2020,,,,,,,Q129343711,Q129343711,Nganjuk,Indonesia,1634131
https://github.com/ror-community/ror-updates/issues/39696,,Instituto Superior Universitário Nimi ya Lukeni*pt,active,education,Instituto Superior Nimi ya Lukeni*pt,Instituto Superior Universitário Nimi ya Lukeni*pt,INSPUNYL*pt,https://www.inspunyl.co.ao,,inspunyl.co.ao,2021,,,,,,,Q136565000,Q136565000,Soyo,Angola,2236967
https://github.com/ror-community/ror-updates/issues/39283,,bioAffinity Technologies (USA)*en,active,company,,bioAffinity Technologies (USA)*en,,https://bioaffinitytech.com/,,bioaffinitytech.com,2015,,,,,0000 0004 6006 6861,0000 0004 6006 6861,,,"San Antonio, Texas",USA,4726206
https://github.com/ror-community/ror-updates/issues/39817,,Centro Universitário FACAMP*pt,active,education,Faculdades de Campinas*pt,Centro Universitário FACAMP*pt,FACAMP*pt,https://www.facamp.com.br/,https://pt.wikipedia.org/wiki/Faculdades_de_Campinas,facamp.com.br,1999,,,,,0000 0004 0372 8160,0000 0004 0372 8160,Q10279690,Q10279690,Campinas,Brazil,3467865
https://github.com/ror-community/ror-updates/issues/39324,,Fundação Casa de José Américo*pt,active,archive,,Fundação Casa de José Américo*pt,,https://fcja.pb.gov.br/,,gov.br,1980,,,,,,,Q130321367,Q130321367,João Pessoa,Brazil,3397277
https://github.com/ror-community/ror-updates/issues/39286,,Central Caribbean Marine Institute*en,active,nonprofit,,Central Caribbean Marine Institute*en,CCMI*en,https://reefresearch.org/,,reefresearch.org,1998,,,,,,,Q104666202,Q104666202,Little Cayman,Cayman Islands,10375972
https://github.com/ror-community/ror-updates/issues/39800,,Associação Brasileira de Comunicação Pública*pt,active,nonprofit,ABCPública*pt,Associação Brasileira de Comunicação Pública*pt,,https://abcpublica.org.br,,abcpublica.org.br,2016,,,,,,,,,Brasília,Brazil,3469058
https://github.com/ror-community/ror-updates/issues/39630,,Ad-din Momin Medical College*en,active,education,Bashundhara Ad-din Medical College*en,Ad-din Momin Medical College*en,AdMMC*en,https://bamc.addinmedical.org/,https://en.wikipedia.org/wiki/Bashundhara_Ad-din_Medical_College,addinmedical.org,2014,,,,,,,Q141251604,Q141251604,"Keraniganj, Dhaka",Bangladesh,7645702
https://github.com/ror-community/ror-updates/issues/39794,,Foundation for Survival of Women and Children*en,active,nonprofit,,Foundation for Survival of Women and Children*en,SWACH*en,https://www.swach.org,,,1988,,,,,0000 0005 3089 0259,0000 0005 3089 0259,,,Panchkula,India,6690108
https://github.com/ror-community/ror-updates/issues/39733,,International Neurodegenerative Disorders Research Center*en,active,nonprofit,,International Neurodegenerative Disorders Research Center*en,,https://indrc.cz,,indrc.cz,2021,,,,,,,,,Prague,Czech Republic,3067696
https://github.com/ror-community/ror-updates/issues/39501,,Arquitectura Sin Fronteras España*es,active,nonprofit,,Arquitectura Sin Fronteras España*es,ASF E*es,https://asfes.org,,asfes.org,,,,,,,,,,Barcelona,Spain,3128760
https://github.com/ror-community/ror-updates/issues/39394,,Strömstad Akademi*sv,active,nonprofit,,Strömstad Akademi*sv,,https://stromstadakademi.org/Eng/,https://sv.wikipedia.org/wiki/Str%C3%B6mstad_akademi,stromstadakademi.se,2009,,,,,0000 0004 7665 887X,0000 0004 7665 887X,Q10682245,Q10682245,Strömstad,Sweden,9804838
https://github.com/ror-community/ror-updates/issues/39816,,Maré do Amanhã Orchestra*pt,active,other,Orquestra Maré do Amanhã*pt,Maré do Amanhã Orchestra*pt,OMA*pt,https://maredoamanha.org,https://pt.wikipedia.org/wiki/Orquestra_do_Amanh%C3%A3,maredoamanha.org,2010,,,,,,,,,Rio de Janeiro,Brazil,3451190
https://github.com/ror-community/ror-updates/issues/40155,,Sekolah Tinggi Teologi Indonesia Jakarta*id,active,education,STT Indonesia Jakarta*id,Sekolah Tinggi Teologi Indonesia Jakarta*id,,https://www.indonesiastt.ac.id,,indonesiastt.ac.id,2014,,,,,,,Q109922347,Q109922347,Jakarta,Indonesia,1642911
https://github.com/ror-community/ror-updates/issues/40516,,RealD Inc. (United Stated)*en,active,company,RealD*en,RealD Inc. (United Stated)*en; RealD Inc.*en,,https://reald.com,,reald.com,2003,,,,,,,Q3421578,Q3421578,Louisville,United States,5429522
https://github.com/ror-community/ror-updates/issues/40538,,Universidad Pedagógica Nacional*es,active,education,Universidad Pedagógica Nacional (Argentina)*es; Universidad Pedagógica Provincial*es; UNIPE*es,Universidad Pedagógica Nacional*es,,https://unipe.edu.ar,,unipe.edu.ar,2006,,,,,0000 0005 1230 0905,0000 0005 1230 0905,Q128137502,Q128137502,Buenos Aires,Argentina,3435910
https://github.com/ror-community/ror-updates/issues/40537,,Taita Taveta University*en,active,education,Jomo Kenyatta University of Agriculture and Technology Taita Taveta University College*en; Taita Taveta University College*en,Taita Taveta University*en,TTU*en,https://www.ttu.ac.ke,,ttu.ac.ke,2016,,,,,0000 0004 4657 1685,0000 0004 4657 1685,Q100943569,Q100943569,Voi,Kenya,178522
https://github.com/ror-community/ror-updates/issues/40533,,Servicio Agrícola y Ganadero*es,active,government,SAG Chile*es,Servicio Agrícola y Ganadero*es; Agricultural and Livestock Service*en,SAG*es,https://www.sag.gob.cl,https://es.wikipedia.org/wiki/Servicio_Agr%C3%ADcola_y_Ganadero,sag.gob.cl,1967,,,,,0000 0004 5996 5405,0000 0004 5996 5405,Q6126004,Q6126004,Santiago,Chile,3871336
https://github.com/ror-community/ror-updates/issues/40525,,"Centre d'étude des techniques, des connaissances et des pratiques*fr",active,facility,"UR 2483*fr; Center for Study of Technology, Knowledge & Practice*en","Centre d'étude des techniques, des connaissances et des pratiques*fr; Center for Study of Technology, Knowledge and Practice*en",CETCOPRA*fr,https://cetcopra.pantheonsorbonne.fr,,cetcopra.pantheonsorbonne.fr,1989,,,,,,,Q115299263,Q115299263,Paris,France,2988507
https://github.com/ror-community/ror-updates/issues/40499,,Development Policy Institute*en,active,nonprofit,Институт политики развития*ru,Development Policy Institute*en,DPI*en; ИПР*ru,https://dpi.kg,,dpi.kg,2009,,,,,,,,,Bishkek,Kyrgyzstan,1528675
https://github.com/ror-community/ror-updates/issues/38836,,Náttúruminjasafn Íslands*is,active,archive,NMSÍ*is,Náttúruminjasafn Íslands*is; Icelandic Museum of Natural History*en; Musée d'histoire naturelle d'Islande*fr,IMNH*en,https://www.nmsi.is,https://is.wikipedia.org/wiki/N%C3%A1tt%C3%BAruminjasafn_%C3%8Dslands,nmsi.is,2007,,,,,,,Q16423235,Q16423235,Seltjarnarnes,Iceland,3414979
https://github.com/ror-community/ror-updates/issues/31953,,Versailles Project on Advanced Materials and Standards*en,active,other,,Versailles Project on Advanced Materials and Standards*en; Versailles Project on Advanced Materials and Standards (VAMAS)*en,VAMAS*en,https://www.vamas.org,https://en.wikipedia.org/wiki/VAMAS,vamas.org,1982,,,,,,,,,international,international,4040398
https://github.com/ror-community/ror-updates/issues/39488,,UNS Research Council (India)*en,active,company,,UNS Research Council (India)*en,UNS*en,https://www.unsresearchcouncil.com,,unsresearchcouncil.com,2025,,,,,,,,,Chennai,India,1264527
https://github.com/ror-community/ror-updates/issues/38589,,International Centre for Organisation & Innovation Studies (Singapore)*en,active,company,,International Centre for Organisation & Innovation Studies (Singapore)*en; International Centre for Organisation & Innovation Studies*en,,https://www.icois.org,,icois.org,2009,,,,,,,,,Singapore,Singapore,1880252
https://github.com/ror-community/ror-updates/issues/38944,,National Institute of Administrative Sciences*en,active,education,,National Institute of Administrative Sciences*en; المعهد الوطني للعلوم الإدارية*ar,NIAS*en,https://nias-ye.academy,https://ar.wikipedia.org/wiki/%D8%A7%D9%84%D9%85%D8%B9%D9%87%D8%AF_%D8%A7%D9%84%D9%88%D8%B7%D9%86%D9%8A_%D9%84%D9%84%D8%B9%D9%84%D9%88%D9%85_%D8%A7%D9%84%D8%A5%D8%AF%D8%A7%D8%B1%D9%8A%D8%A9,nias-ye.academy,1963,,,,,,,Q131897105,Q131897105,At Tahrir District,Yemen,6940665
https://github.com/ror-community/ror-updates/issues/39305,,Landesanstalt für Medien NRW*de,active,other,,Landesanstalt für Medien NRW*de; Media Authority of North Rhine-Westphalia*en,LFM NRW*de,https://www.medienanstalt-nrw.de,https://de.wikipedia.org/wiki/Landesanstalt_f%C3%BCr_Medien_Nordrhein-Westfalen,medienanstalt-nrw.de,1987,,,,,,,,,Düsseldorf,Germany,2934246
https://github.com/ror-community/ror-updates/issues/39873,,113 Suicide Prevention*en,active,other,,113 Suicide Prevention*en; Stichting 113 Zelfmoordpreventie*nl,,https://www.113.nl,,113.nl,2009,,,,,,,,,Amsterdam,Netherlands,2759794
https://github.com/ror-community/ror-updates/issues/38897,,"Islamic Azad University, Kish Branch*en",active,education,"Islamic Azad University, Kish International Branch*en","Islamic Azad University, Kish Branch*en",,https://kish.iau.ir,,www.iau.ir,,,,,,,,,,Kish Island,Iran,126913
https://github.com/ror-community/ror-updates/issues/40120,,Asociación Educar para el Desarrollo Humano*es,active,education,,Asociación Educar para el Desarrollo Humano*es,AE*es,https://asociacioneducar.com,,asociacioneducar.com,2003,,,,,,,,,Buenos Aires,Argentina,3435910
https://github.com/ror-community/ror-updates/issues/38623,,Shifa University*en,active,education,,Shifa University*en; Pohantoon Shifa*ps,SU*en,https://shifa.edu.af,,shifa.edu.af,2016,,,,,,,,,Kabul,Afghanistan,1138958
https://github.com/ror-community/ror-updates/issues/40047,,Cambridge Research Systems (United Kingdom)*en,active,company,CRS Ltd*en; Cambridge Research Systems Limited*en; Cambridge Research Systems Ltd*en,Cambridge Research Systems (United Kingdom)*en,CRS*en,https://www.crsltd.com,,crsltd.com,1989,,,,,,,Q56675228,Q56675228,Rochester,United Kingdom,4306377
https://github.com/ror-community/ror-updates/issues/39485,,AlergiaMx*en,active,healthcare,"AlergiaMx Clinical and Research Center*en; AlergiaMx: Clinical and Research Center*en; AlergiaMx – Allergy and Clinical Immunology Unit*en; AlergiaMx, Benito Juárez, Mexico City, Mexico*en",AlergiaMx*en,,https://www.alergia-mx.com,,alergia-mx.com,2016,,,,,0000 0005 2958 4676,0000 0005 2958 4676,,,Mexico City,Mexico,3530597
https://github.com/ror-community/ror-updates/issues/40453,,Islamic Research Foundation*en,active,education,,Islamic Research Foundation*en; بنیاد پژوهش های اسلامی*fa,IRF*en; IRF AQR*en,https://irf-aqr.ac.ir,https://bn.wikipedia.org/wiki/%E0%A6%87%E0%A6%B8%E0%A6%B2%E0%A6%BE%E0%A6%AE%E0%A6%BF%E0%A6%95_%E0%A6%B0%E0%A6%BF%E0%A6%B8%E0%A6%BE%E0%A6%B0%E0%A7%8D%E0%A6%9A_%E0%A6%AB%E0%A6%BE%E0%A6%89%E0%A6%A8%E0%A7%8D%E0%A6%A1%E0%A7%87%E0%A6%B6%E0%A6%A8,irf-aqr.ac.ir,1984,,,,,,,Q3719897,Q3719897,Mashhad,Iran,124665
https://github.com/ror-community/ror-updates/issues/39649,,Instituto de Estudios Políticos Andinos*es,active,nonprofit,,Instituto de Estudios Políticos Andinos*es; Institute of Andean Political Studies*en,IEPA*es,https://www.iepa.org.pe,,iepa.org.pe,2011,,,,,,,,,Lima,Peru,3936456
https://github.com/ror-community/ror-updates/issues/39223,,College for communications Belgrade*en,active,education,Higher school of communications*en,College for communications Belgrade*en,VISKOM*en,https://www.viskom.edu.rs,,viskom.edu.rs,2017,,,,,,,,,Belgrade,Serbia,792680
https://github.com/ror-community/ror-updates/issues/39863,,Zakodium Sàrl (Switzerland)*fr,active,company,Zakodium*fr,Zakodium Sàrl (Switzerland)*fr,,https://www.zakodium.com,,zakodium.com,2016,,,,,,,,,Lonay,Switzerland,8533249
https://github.com/ror-community/ror-updates/issues/40292,,Climate Media Factory (Germany)*en,active,company,CMF Climate Media Factory UG*en; Climate Media Factory UG*en,Climate Media Factory (Germany)*en,CMF*en,https://climatemediafactory.de,,climatemediafactory.de; climatemedia.de; climatemediafactory.com,2011,,,,,,,Q141265904,Q141265904,Potsdam,Germany,2852458
https://github.com/ror-community/ror-updates/issues/39000,,Đại học Kỹ thuật - Công nghệ Cần Thơ*vi,active,education,,Đại học Kỹ thuật - Công nghệ Cần Thơ*vi,CTUT*vi,https://www.ctuet.edu.vn,,ctuet.edu.vn,,,,,,,,,,Cần Thơ,Việt Nam,1586203
https://github.com/ror-community/ror-updates/issues/38620,,Centre Franco-Vietnamien de Formation à la Gestion*fr,active,education,,Centre Franco-Vietnamien de Formation à la Gestion*fr; French-Vietnamese Business School*en,CFVG*en,https://cfvg.org,,cfvg.org,1991,,,,,0000 0005 1091 1307,0000 0005 1091 1307,,,Ho Chi Minh City,Viêt Nam,1566083
https://github.com/ror-community/ror-updates/issues/39226,,First Affiliated Hospital of Guangxi University of Science and Technology*en,active,healthcare,,First Affiliated Hospital of Guangxi University of Science and Technology*en,,https://gxkdyfy.gxust.edu.cn,,gxkdyfy.gxust.edu.cn,,,,,,,,,,Liuzhou,China,1803300
https://github.com/ror-community/ror-updates/issues/38915,,Nature Saskatchewan*en,active,nonprofit,,Nature Saskatchewan*en,,https://www.naturesask.ca,,naturesask.ca,1949,,,,,,,,,Saskatchewan,Canada,6119109
https://github.com/ror-community/ror-updates/issues/39222,,Wilderness International*en,active,nonprofit,WI Peru*en; WI Canada*en,Wilderness International*en,WI*en,https://wilderness-international.org,https://de.wikipedia.org/wiki/Wilderness_International,wilderness-international.org,2008,,,,,,,Q8001145,Q8001145,Dresden,Germany,2935022
https://github.com/ror-community/ror-updates/issues/38896,,Mises Institute*en,active,nonprofit,Ludwig von Mises Institute*en,Mises Institute*en,,https://mises.org,https://en.wikipedia.org/wiki/Mises_Institute,mises.org,1982,,,,,0000 0004 1128 6163,0000 0004 1128 6163,Q2457448,Q2457448,"Auburn, AL",United States,4830796
https://github.com/ror-community/ror-updates/issues/39770,,Wyższa Szkoła Ekonomiczno-Humanistyczna*pl,active,education,,Wyższa Szkoła Ekonomiczno-Humanistyczna*pl; University of Economics and Humanities*en,WSEH*en,https://wseh.pl/,https://pl.wikipedia.org/wiki/Wy%C5%BCsza_Szko%C5%82a_Ekonomiczno-Humanistyczna_w_Bielsku-Bia%C5%82ej,wseh.pl,1997,,,,,0000 0001 2218 5497,0000 0001 2218 5497,Q9380735,Q9380735,Bielsko-Biała,Poland,3103402
https://github.com/ror-community/ror-updates/issues/39301,,Calcutta Institute of Pharmaceutical Technology & Allied Health Sciences*en,active,education,,Calcutta Institute of Pharmaceutical Technology & Allied Health Sciences*en,CIPT & AHS*en,https://ciptulb.in,,urschard.in; ciptulb.in,2002,,,,,0000 0004 1799 6780,0000 0004 1799 6780,,,"Uluberia, Howrah, West Bengal",India,1253880
https://github.com/ror-community/ror-updates/issues/39229,,Hafez Institute of Higher Education*en,active,education,,Hafez Institute of Higher Education*en; موسسه آموزش عالی حافظ شیراز*fa,,https://www.hafez.ac.ir,,hafez.ac.ir,2005,,,,,,,,,Shiraz,Iran,115019
https://github.com/ror-community/ror-updates/issues/40556,,Government Dyal Singh Graduate College*en,active,education,"Dayal Singh College, Lahore*en; Govt. Dyal Singh Graduate College*en; Govt. Dyal Singh College*en","Government Dyal Singh Graduate College*en; ਸਰਕਾਰੀ ਦਿਆਲ ਸਿੰਘ ਕਾਲਜ, ਲਾਹੌਰ*pa",,https://gdscl.edu.pk,https://en.wikipedia.org/wiki/Government_Dayal_Singh_College%2C_Lahore,gdscl.edu.pk,1910,,,,,,,Q5243020,Q5243020,Lahore,Pakistan,1172451
https://github.com/ror-community/ror-updates/issues/39076,,Muséum d'Histoire naturelle de Nice*fr,active,archive,Musée Barla*fr ; Musée d'histoire naturelle de Nice*fr; MHNNice*fr,Muséum d'Histoire naturelle de Nice*fr; Natural History Museum of Nice*en,,https://www.mhnnice.org,https://fr.wikipedia.org/wiki/Mus%C3%A9um_d%27histoire_naturelle_de_Nice,mhnnice.org,1846,,,,,0000 0001 1804 8254,0000 0001 1804 8254,Q3330894,Q3330894,Nice,France,2990440
https://github.com/ror-community/ror-updates/issues/39077,,Muséum d'Histoire naturelle de La Rochelle*fr,active,archive,,Muséum d'Histoire naturelle de La Rochelle*fr; Natural History Museum of La Rochelle*en,MHNLR*fr,https://museum.larochelle.fr,https://fr.wikipedia.org/wiki/Mus%C3%A9um_d%27histoire_naturelle_de_La_Rochelle,museum.larochelle.fr,1832,,,,,0000 0001 2288 8723,0000 0001 2288 8723,Q3330881,Q3330881,La Rochelle,France,3006787
https://github.com/ror-community/ror-updates/issues/39078,,Société Botanique d'Alsace*fr,active,nonprofit,,Société Botanique d'Alsace*fr; Botanical Society of Alsace*en,SBA*fr,https://www.societe-botanique-alsace.org,,societe-botanique-alsace.org,1997,,,,,0000 0000 8822 9002,0000 0000 8822 9002,,,Sélestat,France,2975233
https://github.com/ror-community/ror-updates/issues/39079,,Muséum d’histoire naturelle de Besançon*fr,active,archive,,Muséum d’histoire naturelle de Besançon*fr; Natural History Museum of Besançon*en,MHNBESA*fr,https://www.citadelle.com/a-voir-a-faire/museum/le-museum-dhistoire-naturelle/,https://fr.wikipedia.org/wiki/Mus%C3%A9um_de_Besan%C3%A7on,,1793,,,,,0000 0001 1516 177X,0000 0001 1516 177X,Q3330896,Q3330896,Besançon,France,3033123
https://github.com/ror-community/ror-updates/issues/39081,,Musée Pierre-Noël*fr,active,archive,Musée de la vie dans les Hautes-Vosges*fr,Musée Pierre-Noël*fr; Pierre-Noël Museum*en,MPN*fr,https://agglo.saint-die-des-vosges.fr/vivre-et-sinstaller/culture-et-loisirs/musee-pierre-noel-et-patrimoine/,https://en.wikipedia.org/wiki/Mus%C3%A9e_Pierre-No%C3%ABl_de_Saint-Di%C3%A9-des-Vosges,agglo.saint-die-des-vosges.fr,1977,,,,,0000 0001 2159 0335,0000 0001 2159 0335,Q3329314,Q3329314,Saint-Dié-des-Vosges,France,2980827
https://github.com/ror-community/ror-updates/issues/36052,,Arison ESG Center*en,active,facility,,Arison ESG Center*en; מרכז אריסון ל-ESG*he,,https://www.runi.ac.il/en/research-institutes/business/arison-esg-center,,,2023,,,,,,,,,Herzliya,Israel,294778
https://github.com/ror-community/ror-updates/issues/36053,,The Phoenix Institute for Capital Market Research*en,active,facility,,The Phoenix Institute for Capital Market Research*en; מכון הפניקס לחקר שוק ההון*he,,https://www.runi.ac.il/research-institutes/business/the-phoenix-institute-for-capital-market-research,,,,,,,,,,,,Herzliya,Israel,294778
https://github.com/ror-community/ror-updates/issues/36055,,Yannay Institute for Energy Security*en,active,facility,,Yannay Institute for Energy Security*en; מכון ינאי לביטחון אנרגטי*he,,https://www.runi.ac.il/en/research-institutes/sustainability/yannay-institute-for-energy-security,,,2024,,,,,,,,,Herzliya,Israel,294778
https://github.com/ror-community/ror-updates/issues/36056,,Behavioral Political Science (BPS) Lab*en,active,facility,Behavioral Political Science Lab*en,Behavioral Political Science (BPS) Lab*en,BPS*en,https://www.runi.ac.il/en/research-institutes/government/podm/bps-lab,,,,,,,,,,,,Herzliya,Israel,294778
https://github.com/ror-community/ror-updates/issues/36059,,DICE - Lab for Judgement and Decision-Making*en,active,facility,,DICE - Lab for Judgement and Decision-Making*en,DICE*en,,,,,,,,,,,,,Herzliya,Israel,294778
https://github.com/ror-community/ror-updates/issues/36060,,Power & Social Change Lab*en,active,facility,Power and Intergroup Relations Lab*en; Tamar Saguy Psychology Lab*en,Power & Social Change Lab*en; המעבדה ליחסים בין קבוצות*he,,https://www.saguylab.com,,saguylab.com,,,,,,,,,,Herzliya,Israel,294778
https://github.com/ror-community/ror-updates/issues/36061,,Sexuality in Close Relationships Lab*en,active,facility,The Sexuality and Close Relationship Lab*en,Sexuality in Close Relationships Lab*en; המעבדה לחקר מיניות וזוגיות*he,,https://guritslab.wixsite.com/guritbirnbaum,,guritslab.wixsite.com,,,,,,,,,,Herzliya,Israel,294778
https://github.com/ror-community/ror-updates/issues/36063,,LGBTQ+ Psychology Lab*en,active,facility,,LGBTQ+ Psychology Lab*en,,https://www.runi.ac.il/en/research-institutes/psychology/lgbtq,,,,,,,,,,,,Herzliya,Israel,294778
https://github.com/ror-community/ror-updates/issues/36065,,SEL.IL - Promoting Social-Emotional Learning in Israel*en,active,facility,,SEL.IL - Promoting Social-Emotional Learning in Israel*en; SEL.IL קידום למידה רגשית-חברתית בישראל*he,,https://asel.co.il/en/sel-il-social-emotional-learning-in-israel/,,asel.co.il,,,,,,,,,,Herzliya,Israel,294778
https://github.com/ror-community/ror-updates/issues/36070,,"The Sport, Media and Society (SMS) Research Lab*en",active,facility,"Sport, Media and Society Research Lab*en","The Sport, Media and Society (SMS) Research Lab*en; המעבדה לחקר הספורט התקשורת והחברה*he",SMS*en,https://www.runi.ac.il/en/research-institutes/communication/sportlab,,,2013,,,,,,,,,Herzliya,Israel,294778
https://github.com/ror-community/ror-updates/issues/36073,,The Ruth and Meir Rosental Brain Imaging Center*en,active,facility,The Ruth & Meir Rosental Brain Imaging Center*en; The Ruth & Meir Rosental Brain Imaging (MRI) Center*en,"The Ruth and Meir Rosental Brain Imaging Center*en; מרכז הדימות ע""ש רות ומאיר רוזנטל*he",,https://www.runi.ac.il/en/research-institutes/general/rosental-brain-imaging-center,,,2021,,,,,,,,,Herzliya,Israel,294778
https://github.com/ror-community/ror-updates/issues/36074,,Pearl-Ellen Gordon Resilience Center*en,active,facility,,Pearl-Ellen Gordon Resilience Center*en,,,,,,,,,,,,,,Herzliya,Israel,294778
https://github.com/ror-community/ror-updates/issues/40565,,Washington University of Virginia*en,active,education,Washington Baptist University*en; Washington Baptist Theological Seminary*en; Baptist College and Seminary of Washington*en,Washington University of Virginia*en,WUV*en; WBU*en,https://wuv.edu,,wuv.edu,1982,,,,,0000 0004 4904 1129,0000 0004 4904 1129,Q141543522,Q141543522,Annandale,United States,4744468
https://github.com/ror-community/ror-updates/issues/40601,,WWF-Brasil*en,active,nonprofit,WWF Brazil*en; WWF Brasil*en; World Wildlife Fund Brasil*en; World Wildlife Fund Brazil*en; World Wide Fund for Nature Brazil*en; World Wide Fund for Nature Brasil*en,WWF-Brasil*en,WWF*en,https://www.wwf.org.br,,wwf.org.br,1996,,,,,,,,,Brasilia,Brazil,3469058
https://github.com/ror-community/ror-updates/issues/40596,,"P.E.S. College of Engineering, Mandya*en",active,education,"P. E. S. College of Engineering, Mandya*en; PES College of Engineering, Mandya*en","P.E.S. College of Engineering, Mandya*en",PESCE*en,https://pesce.ac.in,,pesce.ac.in,,,,,,,,,,Mandya,India,1263814
https://github.com/ror-community/ror-updates/issues/40586,,China Academy of Aerospace Aerodynamics*en,active,facility,China Aerospace Aerodynamics Research Institute*en; China Aerospace Science and Technology Corporation 11th Research Institute*en; Beijing Institute of Aerodynamics*en; 701st Institute of CASC*en; 11th Academy of CASC*en,China Academy of Aerospace Aerodynamics*en; 中国航天空气动力技术研究院*zh,CAAA*en,http://www.caaa-spacechina.com,,caaa-spacechina.com,1956,,,,,,,,,Beijing,China,1816670
https://github.com/ror-community/ror-updates/issues/40576,,Fundación Sanatorio Adaro*es,active,healthcare; nonprofit,,Fundación Sanatorio Adaro*es; Sanatorio Adaro Foundation*en,,https://www.sanatorioadaro.com,https://es.wikipedia.org/wiki/Fundaci%C3%B3n_Sanatorio_Adaro,sanatorioadaro.com,1996,,,,,0000 0004 1771 4077,0000 0004 1771 4077,Q21003611,Q21003611,Sama,Spain,3110962
https://github.com/ror-community/ror-updates/issues/40562,,Brussels School of Governance*en,active,education,,Brussels School of Governance*en,BSoG*en,https://www.brussels-school.be,,brussels-school.be,2021,,,,,,,Q110404466,Q110404466,Brussels,Belgium,2800866
https://github.com/ror-community/ror-updates/issues/38518,,Christian Business School*en,active,education,Christian Business School - CBS*en,Christian Business School*en,CBS*en,https://cbsead.com,,cbsead.com,,,,,,0000 0004 8942 1281,0000 0004 8942 1281,,,Orlando; Paris,United States; France,4167147; 2988507
https://github.com/ror-community/ror-updates/issues/38526,,Vilniaus miesto klinikinė ligoninė*lt,active,healthcare,Vilniaus klinikinė ligoninė*lt,Vilniaus miesto klinikinė ligoninė*lt; Vilnius City Clinical Hospital*en,VMKL*lt,https://www.vmkl.lt,https://lt.wikipedia.org/wiki/Vilniaus_miesto_klinikin%C4%97_ligonin%C4%97,vmkl.lt,1958,,,,,,,Q14956897,Q14956897,Vilnius,Lithuania,593116
https://github.com/ror-community/ror-updates/issues/40664,,CIHR Pan-Canadian Network for HIV and STBBI Clinical Trials Research*en,active,funder,CTN*en,CIHR Pan-Canadian Network for HIV and STBBI Clinical Trials Research*en,CTN+*en,https://www.ctnplus.ca,,ctnplus.ca,1996,,,,,,,,,Montreal,Canada,6077243
https://github.com/ror-community/ror-updates/issues/40667,,Deep Space Exploration Laboratory*en,active,facility; government,Tiandu Laboratory*en,Deep Space Exploration Laboratory*en; 深空探测实验室*zh,DSEL*en,,https://zh.wikipedia.org/wiki/%E6%B7%B1%E7%A9%BA%E6%8E%A2%E6%B5%8B%E5%AE%9E%E9%AA%8C%E5%AE%A4,,2021,,,,,,,,,Hefei,China,1808722
https://github.com/ror-community/ror-updates/issues/40668,,IngeniArs (Italy)*en,active,company,IngeniArs S.r.l.*it,IngeniArs (Italy)*en; IngeniArs*en,,https://www.ingeniars.com,,ingeniars.com,2014,,,,,,,,,Pisa,Italy,3170647
https://github.com/ror-community/ror-updates/issues/40669,,A.T. Still Research Institute*en,active,facility,,A.T. Still Research Institute*en,ATSRI*en,https://www.atsu.edu/a-t-still-research-institute/,,,2001,,,,,,,,,Kirksville,United States,5054475
https://github.com/ror-community/ror-updates/issues/38414,,Gazipaşa Fen Lisesi*tr,active,education,,Gazipaşa Fen Lisesi*tr,,https://gazipasafenlisesi.meb.k12.tr,,,2017,,,,,,,,,Antalya,Türkiye,323777
https://github.com/ror-community/ror-updates/issues/38413,,Michigan Publishing*en,active,other,MPublishing*en; Scholarly Publishing Office*en; Michigan Publishing Services*en,Michigan Publishing*en,,https://services.publishing.umich.edu,,,2001,,,,,0000 0004 4906 3870,0000 0004 4906 3870,Q18167735,Q18167735,Ann Arbor,United States of America,4984247
https://github.com/ror-community/ror-updates/issues/38540,,Institute for Humanities and Social Studies*en,active,nonprofit,,Institute for Humanities and Social Studies*en; پژوهشگاه علوم انسانی و مطالعات اجتماعی*fa,IHSS*en,https://ihss.ac.ir,https://fa.wikipedia.org/wiki/%D9%BE%DA%98%D9%88%D9%87%D8%B4%DA%AF%D8%A7%D9%87_%D8%B9%D9%84%D9%88%D9%85_%D8%A7%D9%86%D8%B3%D8%A7%D9%86%DB%8C_%D9%88_%D9%85%D8%B7%D8%A7%D9%84%D8%B9%D8%A7%D8%AA_%D8%A7%D8%AC%D8%AA%D9%85%D8%A7%D8%B9%DB%8C,ihss.ac.ir,1995,,,,,,,Q20109859,Q20109859,Tehran,Iran,112931
https://github.com/ror-community/ror-updates/issues/38580,,Nanoelectronics Research Center (Turkey)*en,active,company,Nano Electronics Research Mühendislik Araştırma Geliştirme Ltd.*tr,Nanoelectronics Research Center (Turkey)*en; Nanoelectronics Research Center*en,NRC*en,https://www.nanorescenter.com,,nanorescenter.com,2023,,,,,0000 0005 3028 1525,0000 0005 3028 1525,Q139908147,Q139908147,Istanbul,Turkey,745044
https://github.com/ror-community/ror-updates/issues/40324,,PEIRENE*fr,inactive,facility,EA 7500*fr,PEIRENE*fr,,https://www.unilim.fr/labcis/le-laboratoire/presentation,,,2018,,,,,,,,,Limoges (GeoNames ID 2998286),France,2998286
https://github.com/ror-community/ror-updates/issues/40329,,Ciblage individuel et prévention des risques de traitements immunosupresseurs et de la transplantation*fr,inactive,facility,UMR Inserm 1248 IPPRITT*fr; Individual Profiling and Prevention of Risks with Immunosuppressant Therapies and Transplantation*en,Ciblage individuel et prévention des risques de traitements immunosupresseurs et de la transplantation*fr,IPPRITT*en,https://www.unilim.fr/p-and-t,,,2018,,,,,,,,,Limoges,France,2998286
https://github.com/ror-community/ror-updates/issues/40332,,Maintenance Myélinique et Neuropathies Périphériques*fr,inactive,facility,EA 6309 MMNP*fr; Myelin Maintenance and Peripheral Neuropathies*en,Maintenance Myélinique et Neuropathies Périphériques*fr,MMNP*fr,https://www.unilim.fr/myelin-maintenance-and-peripheral-neuropathies-mmnp/?lang=es,,,2012,,,,,,,Q51781196,Q51781196,Limoges,France,2998286
https://github.com/ror-community/ror-updates/issues/40522,,Centre de recherche en informatique (Paris)*fr,active,facility,UR 1445*fr; Research Center in Computer Sciences from Paris 1 Panthéon-Sorbonne University*en,Centre de recherche en informatique (Paris)*fr,CRI*fr,https://cri.pantheonsorbonne.fr/en,,cri.pantheonsorbonne.fr,1986,,,,,,,Q141557908,Q141557908,Paris,France,2988507
https://github.com/ror-community/ror-updates/issues/40551,,"The Ukrainian state scientific research institute ""Resurs""*en",active,government,Resurs*en; Ресурс*uk,"The Ukrainian state scientific research institute ""Resurs""*en; Український Державний Науково-Дослідний Інститут ""Ресурс""*uk",,https://ndiresurs.gov.ua,,ndiresurs.gov.ua,2004,,,,,,,,,Kyiv,Ukraine,703448
https://github.com/ror-community/ror-updates/issues/40572,,Hospital de Jarrio*es,active,healthcare,,Hospital de Jarrio*es,,https://www.sanidad.gob.es/ciudadanos/centros.do?metodo=realizarDetalle&tipo=hospital&numero=330143,https://es.wikipedia.org/wiki/Hospital_de_Jarrio,,1989,,,,,0000 0000 9788 173X,0000 0000 9788 173X,Q63216078,Q63216078,Jarrio,Spain,3120165
https://github.com/ror-community/ror-updates/issues/40573,,Fundación Hospital de Avilés*es,active,healthcare,Hospital de Avilés*es,Fundación Hospital de Avilés*es,,https://www.sanidad.gob.es/ciudadanos/centros.do?metodo=realizarDetalle&tipo=hospital&numero=330117,https://es.wikipedia.org/wiki/Fundaci%C3%B3n_Hospital_de_Avil%C3%A9s,fhaviles.org,1927,,,,,0000 0004 1772 8735,0000 0004 1772 8735,Q63213563,Q63213563,Avilés,Spain,3129135
https://github.com/ror-community/ror-updates/issues/40574,,Hospital Vital Álvarez-Buylla*es,active,healthcare,Hospital Álvarez Buylla*es; Hospital V. Álvarez Buylla*es,Hospital Vital Álvarez-Buylla*es,,https://www.astursalud.es/noticias/-/noticias/hospital-vital-alvarez-buyl-1,https://es.wikipedia.org/wiki/Hospital_Vital_%C3%81lvarez-Buylla,,1954,,,,,0000 0000 9720 8940,0000 0000 9720 8940,Q5903199,Q5903199,Mieres,Spain,3116789
https://github.com/ror-community/ror-updates/issues/40575,,Hospital de Cruz Roja de Gijón*es,active,healthcare,Hospital Cruz Roja de Gijón*es; Hospital Cruz Roja Española de Gijón*es,Hospital de Cruz Roja de Gijón*es,,https://hospitalcrgijon.com,,hospitalcrgijon.com,,,,,,0000 0004 0375 6620,0000 0004 0375 6620,Q87762313,Q87762313,Gijón,Spain,3121424
https://github.com/ror-community/ror-updates/issues/40644,,Centres Científics i Tecnològics de la Universitat de Barcelona*ca,active,facility,Scientific and Technological Centers of the Universitat de Barcelona*en; Centros Científicos y Tecnológicos de la Universidad de Barcelona*es,Centres Científics i Tecnològics de la Universitat de Barcelona*ca,CCiTUB*ca,https://www.ccit.ub.edu,,ccit.ub.edu,,,,,,0000 0004 1765 7068,0000 0004 1765 7068,Q48688517,Q48688517,Barcelona,Spain,3128760
https://github.com/ror-community/ror-updates/issues/40658,,Institut de recherche en droit international et européen de la Sorbonne*fr,active,facility,UR 4536*fr,Institut de recherche en droit international et européen de la Sorbonne*fr,IREDIES*fr,https://iredies.pantheonsorbonne.fr,,iredies.pantheonsorbonne.fr,2010,,,,,0000 0004 0623 8159,0000 0004 0623 8159,Q138212502,Q138212502,Paris,France,2988507
https://github.com/ror-community/ror-updates/issues/40659,,Institut de recherche juridique de la Sorbonne*fr,active,facility,Institut André Tunc*fr; UR 4150*fr,Institut de recherche juridique de la Sorbonne*fr,IRJS*fr,https://irjs.pantheonsorbonne.fr,,irjs.pantheonsorbonne.fr,2001,,,,,0000 0001 1463 8441,0000 0001 1463 8441,Q51781709,Q51781709,Paris,France,2988507
https://github.com/ror-community/ror-updates/issues/40660,,"Universidad Nacional Autónoma de México, Facultad de Estudios Superiores Iztacala*es",active,education,FES-I*es; FES Iztacala*es; Facultad de Estudios Superiores Iztacala*es,"Universidad Nacional Autónoma de México, Facultad de Estudios Superiores Iztacala*es",FESI-UNAM*es,https://www.iztacala.unam.mx,https://es.wikipedia.org/wiki/Facultad_de_Estudios_Superiores_Iztacala,iztacala.unam.mx,1975,,,,,0000 0004 9545 5293,0000 0004 9545 5293,Q5854879,Q5854879,Tlalnepantla de Baz,México,8379485
https://github.com/ror-community/ror-updates/issues/38861,,Community Action Initiative*en,active,nonprofit; funder,,Community Action Initiative*en,CAI*en,https://caibc.ca,,caibc.ca,2008,,,,,,,,,Vancouver,Canada,6173331
https://github.com/ror-community/ror-updates/issues/38875,,"Columbia College, Raipur*en",active,education,"Columbia College, Raipur, Chhattisgarh, India*en","Columbia College, Raipur*en",,https://www.columbiacollege.in,,columbiacollege.in,2013,,,,,,,,,Raipur,India,1258980
https://github.com/ror-community/ror-updates/issues/39011,,ARC Health Limited*en,active,healthcare,"Ekagra Health, ARC Health Limited*en; Ekagra*en; Ekagra Hospital*en",ARC Health Limited*en,,https://ekagrahospital.com,,ekagrahospital.com,2024,,,,,,,,,Dhaka,Bangladesh,1185241
https://github.com/ror-community/ror-updates/issues/39037,,Clínica Privada de Ojos (CPO)*es,active,healthcare,,Clínica Privada de Ojos (CPO)*es,CPO*es,https://clinojos.com.ar,,clinojos.com.ar,1990,,,,,,,Q93820522,Q93820522,"Mar del Plata, Buenos Aires",Argentina,3430863
https://github.com/ror-community/ror-updates/issues/39296,,Stem Cell Disease Modelling Laboratory*en,active,facility,,Stem Cell Disease Modelling Laboratory*en,SCDML*en,https://research.unimelb.edu.au/facilities/infrastructure/stem-cell-disease-modelling-laboratory,,,,,,,,,,,,Melbourne,Australia,2158177
https://github.com/ror-community/ror-updates/issues/39292,,"College of Health Technology, Etinan*en",active,education,"College of Health Technology, Etinan, Akwa Ibom State, Nigeria*en","College of Health Technology, Etinan*en",COHTE*en,https://akscohte.edu.ng/,,akscohte.edu.ng,,,,,,,,,,Etinan,Nigeria,8638463
https://github.com/ror-community/ror-updates/issues/39257,,Institute for National and International Security*en,active,nonprofit,,Institute for National and International Security*en,INIS*en,https://www.intelligence-security.rs,,intelligence-security.rs,2018,,,,,,,,,Belgrade,Serbia,792680
https://github.com/ror-community/ror-updates/issues/39247,,Hospital Almanzor Aguinaga Asenjo*es,active,healthcare,Hospital Nacional Almanzor Aguinaga Asenjo*es,Hospital Almanzor Aguinaga Asenjo*es,,https://www.cmhnaaa.essalud.pe,,cmhnaaa.essalud.pe,,,,,,,,Q141154322,Q141154322,Chiclayo,Peru,3698350
https://github.com/ror-community/ror-updates/issues/39243,,SUPINFO*fr,active,education,International Institute of Information Technology*en; École supérieure d'Informatique*fr,SUPINFO*fr,,https://www.supinfo.com/,https://en.wikipedia.org/wiki/Supinfo,supinfo.com,1965,,,,,0000 0004 7977 7559,0000 0004 7977 7559,Q739704,Q739704,Paris,France,2988507
https://github.com/ror-community/ror-updates/issues/39126,,European Centre for Development Policy Management (ECDPM)*en,active,nonprofit,Centre Européen de Gestion de Politiques de Développement*fr,European Centre for Development Policy Management (ECDPM)*en; Stichting Europees Centrum voor Ontwikkelingsmanagement*nl,ECDPM*en,https://www.ecdpm.org,https://en.wikipedia.org/wiki/European_Centre_for_Development_Policy_Management,ecdpm.org,1986,,,,,0000 0001 0240 6387,0000 0001 0240 6387,Q5412349,Q5412349,Maastricht,The Netherlands,2751283
https://github.com/ror-community/ror-updates/issues/39225,,Kurdistan Agricultural and Natural Resources Research and Education Center*en,active,education,"Kurdistan Agricultural and Natural Resources Research and Education Center, Agricultural Research, Education and Extension Organization (AREEO), Sanandaj, Iran*en; Kurdistan Agricultural and Natural Resources Research and Education Center, AREEO*en",Kurdistan Agricultural and Natural Resources Research and Education Center*en; مرکز تحقیقات و آموزش کشاورزی و منابع طبیعی استان کردستان*fa,,https://kurdistan.areeo.ac.ir,,kurdistan.areeo.ac.ir,,,,,,,,,,Sanandaj,Iran,117574
https://github.com/ror-community/ror-updates/issues/39144,,Economía Creativa (Spain)*es,active,company,,Economía Creativa (Spain)*es; Economía Creativa*es,,https://economiacreativa.wordpress.com,,economiacreativa.wordpress.com,2010,,,,,,,,,Málaga,Spain,2514256
https://github.com/ror-community/ror-updates/issues/40389,,The Leatherback Trust*en,active,nonprofit,Leatherback Trust*en,The Leatherback Trust*en,TLT*en,https://leatherback.org,https://en.wikipedia.org/wiki/Leatherback_Trust,leatherback.org,2000,,,,,0000 0005 1769 0383,0000 0005 1769 0383,Q16960152,Q16960152,Fort Wayne,United States of America,4920423
https://github.com/ror-community/ror-updates/issues/39214,,SJORANM GmbH (Switzerland)*en,active,company,SJORANM GmbH (Ltd.)*en,SJORANM GmbH (Switzerland)*en; SJORANM GmbH*en,SJORANM*en,https://sjoranm.com,,sjoranm.com,2023,,,,,0000 0005 2379 6045,0000 0005 2379 6045,Q141146167,Q141146167,Baar,Switzerland,2661653
https://github.com/ror-community/ror-updates/issues/39181,,European Research College London*en,active,education,ERC London*en,European Research College London*en,,https://eruni.org/organisational-structure/european-research-college/erc-london,,,2025,,,,,,,,,London,United Kingdom,2643743
https://github.com/ror-community/ror-updates/issues/39186,,StopAfib.org*en,active,nonprofit,,StopAfib.org*en,,https://www.stopafib.org,,stopafib.org,2007,,,,,0000 0005 2459 0655,0000 0005 2459 0655,,,Greenwood,United States of America,4695096
https://github.com/ror-community/ror-updates/issues/40683,,National Commission for Biotechnology*en,active,government,,National Commission for Biotechnology*en,NCBT*en,https://ncbt.gov.sy/,,ncbt.gov.sy,,,,,,,,,,Damascus,Syria,170654
https://github.com/ror-community/ror-updates/issues/39804,,PTT Bilgi Teknolojileri A.Ş. (Türkiye)*tr,active,company,PTT Teknoloji*tr,PTT Bilgi Teknolojileri A.Ş. (Türkiye)*tr; PTT Bilgi Teknolojileri A.Ş.*tr,,https://pttteknoloji.com.tr,,pttteknoloji.com.tr,2018,,,,,,,,,Ankara,Türkiye,323786
https://github.com/ror-community/ror-updates/issues/39194,,Kunasan Inc.*en,active,company; funder,Kunasan*en,Kunasan Inc.*en,,https://kunasan.com,,kunasan.com,2016,,,,,,,,,Fort Collins,USA,5577147
https://github.com/ror-community/ror-updates/issues/39706,,Upstream Pittsburgh*en,active,nonprofit,Nine Mile Run Watershed Association*en; UpstreamPGH*en,Upstream Pittsburgh*en,,https://upstreampgh.org,,upstreampgh.org,2001,,,,,,,,,"Pittsburgh, PA",United States of America,5206379
https://github.com/ror-community/ror-updates/issues/40641,,London Contemporary Dance School*en,active,education,LCDS at The Place*en,London Contemporary Dance School*en,LCDS*en,https://theplace.org.uk/study/,https://en.wikipedia.org/wiki/London_Contemporary_Dance_School%3Fwprov%3Dsfti1,theplace.org.uk,1996,,,,,0000 0004 0619 5400,0000 0004 0619 5400,Q6670276,Q6670276,London,United Kingdom,2643743
https://github.com/ror-community/ror-updates/issues/39718,,Cameroon Economic Policy Institute*en,active,nonprofit,,Cameroon Economic Policy Institute*en,CEPI*en,https://camepi.org,,camepi.org,2023,,,,,,,,,Cameroon,Yaounde,2220957
https://github.com/ror-community/ror-updates/issues/40544,,"Federal University Teaching Hospital, Lafia*en",active,healthcare,FUTH Lafia*en,"Federal University Teaching Hospital, Lafia*en",FUTH*en,https://fulth.gov.ng,,fulth.gov.ng,,,,,,,,Q130711481,Q130711481,Lafia,Nigeria,2332515
https://github.com/ror-community/ror-updates/issues/40557,,Southwestern University Nigeria*en,active,education,"Southwestern University, Nigeria*en; Southwestern University Nigeria*en; Southwestern University, Okun-Owa, Ogun State, Nigeria*en; Southwestern University, Okun Owa, Ogun State*en; Southwestern University, Okun-Owa*en",Southwestern University Nigeria*en,SUN*en,https://southwesternuniversity.edu.ng,,southwesternuniversity.edu.ng,2012,,,,,,,,,Okun-Owa,Nigeria,2326837
https://github.com/ror-community/ror-updates/issues/39653,,International Academy of Cardiovascular Sciences*en,active,nonprofit,,International Academy of Cardiovascular Sciences*en,,https://iacsworld.com,,iacsworld.com,1996,,,,,0000 0000 9736 3588,0000 0000 9736 3588,,,Winnipeg,Canada,6183235
https://github.com/ror-community/ror-updates/issues/39373,,"Karmaveer Bhaurao Patil University, Satara*en",active,education,Karmaveer Bhaurao Patil University*en,"Karmaveer Bhaurao Patil University, Satara*en; कर्मवीर भाऊराव पाटील विद्यापीठ*mr",KBPU*en,https://unikbp.ac.in,,unikbp.ac.in,2021,,,,,0000 0005 2408 4736,0000 0005 2408 4736,,,Satara,India,1257055
https://github.com/ror-community/ror-updates/issues/40346,,Bejaia institute of engineering and Technology*en,active,education,BI Engineering Tech*en,Bejaia institute of engineering and Technology*en; Bejaia institute of engineering and Technology*fr,,https://biengtech.com,,biengtech.com,,,,,,,,,,Bejaia,Algeria,2505329
https://github.com/ror-community/ror-updates/issues/39437,,Higher Institute of Science and Technology AlAbyar (HISTA)*en,active,education,,Higher Institute of Science and Technology AlAbyar (HISTA)*en; المعهد العالي للعلوم والتقنية - الآبيار*ar,HISTA*en,https://hista.edu.ly,,hista.edu.ly,2019,,,,,,,,,Al Abyar,Libya,89087
https://github.com/ror-community/ror-updates/issues/39578,,Rajshahi Government Polytechnic Institute*en,active,education,Rajshahi Polytechnic Institute*en,Rajshahi Government Polytechnic Institute*en; রাজশাহী সরকারি পলিটেকনিক ইনস্টিটিউট*bn,RGPI*en,https://rajshahi.polytech.gov.bd,https://en.wikipedia.org/wiki/Rajshahi_Polytechnic_Institute,rajshahi.polytech.gov.bd,1963,,,,,0000 0005 3090 9298,0000 0005 3090 9298,Q25587497,Q25587497,Rajshahi,Bangladesh,1185128
https://github.com/ror-community/ror-updates/issues/40718,,African Journals OnLine*en,active,nonprofit,African Journals OnLine (RF)*en,African Journals OnLine*en,AJOL*en,https://www.ajol.info/index.php/ajol,https://en.wikipedia.org/wiki/African_Journals_OnLine,ajol.info,1998,,,,,0000 0004 0456 0080,0000 0004 0456 0080,Q4689837,Q4689837,Makhanda,South Africa,1000501
https://github.com/ror-community/ror-updates/issues/39583,,JSPM University*en,active,education,JSPM University Pune*en,JSPM University*en,,https://jspmuni.ac.in,,jspmuni.ac.in,2024,,,,,,,Q131440321,Q131440321,Pune,India,1259229
https://github.com/ror-community/ror-updates/issues/40711,,FlexiGuided GmbH (Germany)*en,active,company,LiquidFeedback*en,FlexiGuided GmbH (Germany)*en; FlexiGuided GmbH*en,LF*en,https://flexiguided.de,,flexiguided.com,2005,,,,,,,,,Berlin,Germany,2950159
https://github.com/ror-community/ror-updates/issues/40729,,Shimane Medical University*en,inactive,education,,Shimane Medical University*en; 島根医科大学*ja,,,,,1975,,,,,,,Q114210640,Q114210640,Izumo,Japan,1861084
https://github.com/ror-community/ror-updates/issues/40782,,Hopkins Memorial Forest*en,active,facility,Hopkins Forest*en; The Amos Lawrence Hopkins Memorial Forest*en; Hopkins Memorial Forest Field Station*en,Hopkins Memorial Forest*en,HMF*en,https://hmf.williams.edu,,hmf.williams.edu,1934,,,,,,,Q49330101,Q49330101,Williamstown,United States,4827351
https://github.com/ror-community/ror-updates/issues/40783,,Rice Creek Field Station*en,active,facility,Rice Creek Field Station at SUNY Oswego*en; Rice Creek Biological Field Station*en,Rice Creek Field Station*en,RCFS*en,https://ww1.oswego.edu/rice-creek/,,,1966,,,,,,,,,Oswego,United States,5735724
https://github.com/ror-community/ror-updates/issues/40741,,Embrapa Acre*pt,active,government,Centro de Pesquisa Agroflorestal do Acre*pt,Embrapa Acre*pt,CPAF-AC*pt,https://www.embrapa.br/web/acre,,,,,,,,,,,,Rio Branco,Brazil,3662574
https://github.com/ror-community/ror-updates/issues/41004,,Alberta Health Services North Zone*en,active,government,"North Zone, Alberta Health Services*en",Alberta Health Services North Zone*en,,https://www.albertahealthservices.ca/zones/north-zone.aspx,,,2009,,,,,,,,,Grande Prairie,Canada,5964347
https://github.com/ror-community/ror-updates/issues/41005,,Centre d'analyse des politiques publiques*fr,active,education,,Centre d'analyse des politiques publiques*fr,CAPP*fr,https://capp-ulaval.ca,,capp-ulaval.ca; capp.ulaval.ca,2000,,,,,,,,,Québec,Canada,6325494
https://github.com/ror-community/ror-updates/issues/41006,,Alberta SPOR SUPPORT Unit*en,active,other,Alberta Strategy for Patient Oriented Research SUPPORT Unit*en,Alberta SPOR SUPPORT Unit*en,AbSPORU*en,https://absporu.ca,,absporu.ca,2013,,,,,,,,,Edmonton,Canada,5946768
https://github.com/ror-community/ror-updates/issues/40932,,Good Housekeeping (United States)*en,active,company,Good Housekeeping Institute*en; Good Housekeeping Research Institute*en; GH Institute*en,Good Housekeeping (United States)*en; Good Housekeeping*en,,https://www.goodhousekeeping.com,https://en.wikipedia.org/wiki/Good_Housekeeping,goodhousekeeping.com,1885,,,,,,,Q174941,Q174941,New York City,United States,5128581
https://github.com/ror-community/ror-updates/issues/40755,,Embrapa Pesca e Aquicultura*pt,active,government,"Centro Nacional de Pesquisa em Pesca, Aquicultura e Sistemas Agrícolas*pt; Embrapa Fisheries & Aquaculture*en",Embrapa Pesca e Aquicultura*pt; Embrapa Fisheries and Aquaculture*en,CNPASA*pt,https://www.embrapa.br/web/pesca-e-aquicultura,,,2009,,,,,0000 0005 2723 201X,0000 0005 2723 201X,,,Palmas,Brazil,3474574
https://github.com/ror-community/ror-updates/issues/40695,,CTNNB1 Foundation*en,active,nonprofit,"The CTNNB1 Foundation*en; CTNNB1 Foundation, The Gene Therapy Research Institute*en; Fundacija CTNNB1, Ustanova za raziskave na področju genske terapije*sl",CTNNB1 Foundation*en; Fundacija CTNNB1*sl,,https://ctnnb1-foundation.org,,ctnnb1-foundation.org,2021,,,,,,,,,Ljubljana,Slovenia,3196359
https://github.com/ror-community/ror-updates/issues/41122,,Shenzhen Audencia Financial Technology Institute*en,active,education,"Shenzhen Audencia Financial Technology Institute, Shenzhen University*en",Shenzhen Audencia Financial Technology Institute*en; 深圳大学深圳南特金融科技学院*zh,SAFTI*en,https://safti.szu.edu.cn,,safti.szu.edu.cn,2022,,,,,,,,,Shenzhen,China,1795565
https://github.com/ror-community/ror-updates/issues/41109,,Kenai Fjords National Park*en,active,archive,,Kenai Fjords National Park*en,,https://www.nps.gov/kefj,https://en.wikipedia.org/wiki/Kenai_Fjords_National_Park,,1980,,,,,0000 0000 8486 3698,0000 0000 8486 3698,Q841503,Q841503,Kenai Fjords National Park,United States,5866065
https://github.com/ror-community/ror-updates/issues/41110,,Kings Canyon National Park*en,active,archive,,Kings Canyon National Park*en,,https://www.nps.gov/seki,https://en.wikipedia.org/wiki/Kings_Canyon_National_Park,,1940,,,,,,,Q936623,Q936623,Kings Canyon National Park,United States,5363375
https://github.com/ror-community/ror-updates/issues/34503,,"St. Xavier's College (Autonomous), Burdwan*en",active,education,St. Xavier's College Burdwan*en,"St. Xavier's College (Autonomous), Burdwan*en; সেন্ট জেভিয়ার্স কলেজ, বর্ধমান*bn",SXCB*en,https://sxcb.edu.in,"https://en.wikipedia.org/wiki/St._Xavier%27s_College,_Burdwan",sxcb.edu.in,2014,,,,,,,Q28154293,Q28154293,Barddhamān,India,1277029
https://github.com/ror-community/ror-updates/issues/40706,,Centre d’Etudes et de Recherches Juridiques en Droit des Affaires*fr,active,facility,,Centre d’Etudes et de Recherches Juridiques en Droit des Affaires*fr,CERJDA*fr,http://www1.univ-ag.fr/cerjda,,,2000,,,,,0000 0001 2290 1406,0000 0001 2290 1406,Q51779703,Q51779703,Schoelcher,Martinique,3569886
https://github.com/ror-community/ror-updates/issues/40698,,Technopark Zürich (Switzerland)*en,active,company,,Technopark Zürich (Switzerland)*en; Technopark Zürich*en,,https://www.technopark.ch,https://en.wikipedia.org/wiki/Technopark_Z%C3%BCrich,technopark.ch,1993,,,,,,,Q16518264,Q16518264,Zürich,Switzerland,2657896
https://github.com/ror-community/ror-updates/issues/40709,,Equipe interdisciplinaire de recherches sur le tourisme*fr,active,facility,Equipe de recherche de l’Institut de recherche et de sciences du tourisme*fr; Equipe de recherche de l’IREST*fr; UR 7337*fr; L'EIREST*fr,Equipe interdisciplinaire de recherches sur le tourisme*fr,EIREST*fr,https://eirest.pantheonsorbonne.fr,,eirest.pantheonsorbonne.fr,2008,,,,,,,,,Paris,France,2988507
https://github.com/ror-community/ror-updates/issues/40732,,Dresden Center for Nanoanalysis*en,active,facility,Dresden Centre for Nanoanalysis*en; Dresden Center of Nanoanalysis*en; Dresden Center for Nanoanalytics*en,Dresden Center for Nanoanalysis*en,DCN*en,https://cfaed.tu-dresden.de/dcn,,,2012,,,,,,,,,Dresden,Germany,2935022
https://github.com/ror-community/ror-updates/issues/39435,,"TITANE: Modélisation, traitement et apprentissage 3D*fr",active,facility,"TITANE: 3D Modeling, Processing and Learning*en","TITANE: Modélisation, traitement et apprentissage 3D*fr",TITANE*fr,https://team.inria.fr/titane/,,inria.fr,2026,,,,,,,,,Sophia Antipolis,France,13697020
https://github.com/ror-community/ror-updates/issues/40733,,West Physics (United States)*en,active,company,"West Physics Consulting*en; West Physics Consulting, LLC*en; West Physics Consulting Inc*en",West Physics (United States)*en; West Physics*en,,https://westphysics.com,,westphysics.com,2002,,,,,0000 0004 1798 005X,0000 0004 1798 005X,,,Atlanta,United States,4180439
https://github.com/ror-community/ror-updates/issues/40832,,California Board of Corrections*en,inactive,government,,California Board of Corrections*en,,,,,1944,,,,,,,,,Sacramento,United States,5389489
https://github.com/ror-community/ror-updates/issues/40835,,California Division of Juvenile Justice*en,inactive,government,California Youth Authority*en; CYA*en,California Division of Juvenile Justice*en,DJJ*en,https://www.cdcr.ca.gov/juvenile-justice,https://en.wikipedia.org/wiki/California_Division_of_Juvenile_Justice,,1941,,,,,,,Q5020449,Q5020449,Sacramento,United States,5389489
https://github.com/ror-community/ror-updates/issues/40836,,Los Angeles County District Attorney's Office*en,active,government,Los Angeles County District Attorney*en; Fiscalía del Condado de Los Ángeles*es; LA County District Attorney's Office*en,Los Angeles County District Attorney's Office*en,LADA*en,https://da.lacounty.gov,https://en.wikipedia.org/wiki/Los_Angeles_County_District_Attorney,da.lacounty.gov,1850,,,,,,,Q15242890,Q15242890,Los Angeles,United States,5368361
https://github.com/ror-community/ror-updates/issues/40838,,CBS News (United States)*en,active,company,,CBS News (United States)*en; CBS News*en,,https://www.cbsnews.com,https://en.wikipedia.org/wiki/CBS_News,cbsnews.com,1929,,,,,0000 0001 0743 5232,0000 0001 0743 5232,Q861764,Q861764,New York City,United States,5128581
https://github.com/ror-community/ror-updates/issues/34362,,Dumkal Institute of Engineering & Technology*en,active,education,Dumkal Institute of Engineering and Technology*en,Dumkal Institute of Engineering & Technology*en,DIET*en,http://besdiet.org,,besdiet.org,2001,,,,,0000 0004 5939 3195,0000 0004 5939 3195,Q30644188,Q30644188,Domkal,India,12680721
https://github.com/ror-community/ror-updates/issues/40080,,European Carbon Dioxide Capture and Storage Laboratory Infrastructure ERIC*en,active,facility; funder,European Carbon Dioxide Capture and Storage Laboratory – European Research Infrastructure Consortium*en; European Carbon Dioxide Capture and Storage Laboratory Infrastructure*en; ECCSEL European Research Infrastructure Consortium*en,European Carbon Dioxide Capture and Storage Laboratory Infrastructure ERIC*en,ECCSEL ERIC*en,https://eccsel.eu,,eccsel.eu,2017,,,,,,,,,Trondheim,Norway,3133880
https://github.com/ror-community/ror-updates/issues/37101,,Institute of Lawmaking and Scientific-Legal Expertises of National Academy of Sciences of Ukraine*en,active,government,Institute of Lawmaking and Scientific and Legal Expertise of the National Academy of Sciences of Ukraine*en; Інститут правотворчості та науково-правових експертиз НАН України*uk; Науково-дослідний інститут правотворчості та науково-правових експертиз Національної академії правових наук України*uk; Київський регіональний центр Національної академії правових наук України*uk; Київський регіональний центр Академії правових наук України*uk,Institute of Lawmaking and Scientific-Legal Expertises of National Academy of Sciences of Ukraine*en; Інститут правотворчості та науково-правових експертиз Національної академії наук України*uk;ІПрНПЕ НАН України*uk,,https://lawmaking.academy/,,lawmaking.academy,1993,,,,,,,,,Kyiv,Ukraine,703448
https://github.com/ror-community/ror-updates/issues/41265,,Dutch Caribbean Digital Competence Network*en,active,other,DCDC Network*en,Dutch Caribbean Digital Competence Network*en,DCDC*en,https://dcdc.network,,dcdc.network,,,,,,,,,,Oranjestad,Aruba,3577154
https://github.com/ror-community/ror-updates/issues/41266,,READ-COOP SCE*en,active,nonprofit,,READ-COOP SCE*en,READ-COOP*en,https://www.transkribus.org/about,,transkribus.org; readcoop.eu,2019,,,,,,,,,Innsbruck,Austria,2775220
https://github.com/ror-community/ror-updates/issues/41267,,Research Solutions (United States)*en,active,company,"Research Solutions, Inc.*en; Derycz Scientific, Inc.*en",Research Solutions (United States)*en; Research Solutions*en,,https://www.researchsolutions.com,,researchsolutions.com,2006,,,,,,,,,Henderson,United States,5505411
https://github.com/ror-community/ror-updates/issues/41268,,Just Reinvest NSW*en,active,nonprofit,Just Reinvest NSW Inc*en,Just Reinvest NSW*en,JRNSW*en,https://www.justreinvest.org.au,,justreinvest.org.au,,,,,,,,,,Sydney,Australia,2147714
https://github.com/ror-community/ror-updates/issues/41269,,Geological Survey of Newfoundland and Labrador*en,active,government,Newfoundland and Labrador Geological Survey*en,Geological Survey of Newfoundland and Labrador*en,GSNL*en,https://www.gov.nl.ca/em/mines/geoscience/about-survey/,,geosurv.gov.nl.ca,1864,,,,,,,Q5535317,Q5535317,St. John's,Canada,6324733
https://github.com/ror-community/ror-updates/issues/41270,,Oman Research and Education Network*en,active,nonprofit,,Oman Research and Education Network*en; الشبكة العمانية للبحث العلمي والتعليم*ar,OMREN*en,https://www.omren.om,,omren.om,,,,,,,,Q114678971,Q114678971,Muscat,Oman,287286
https://github.com/ror-community/ror-updates/issues/39652,,Institute of Contaminant Standards (United States)*en,active,company,,Institute of Contaminant Standards (United States)*en; Institute of Contaminant Standards*en,ICS*en,https://contaminantstandards.com,,contaminantstandards.com,,,,,,,,,,Orlando,United States,4167147
https://github.com/ror-community/ror-updates/issues/40517,,Geneva Science and Diplomacy Anticipator*en,active,nonprofit,,Geneva Science and Diplomacy Anticipator*en,GESDA*en,https://www.gesda.global/,,gesda.global,2019,,,,,,,,,Geneva,Switzerland,2660646
https://github.com/ror-community/ror-updates/issues/37921,,Liz Mohn Stiftung*de,active,nonprofit,,Liz Mohn Stiftung*de; Liz Mohn Foundation*de,,https://www.liz-mohn-stiftung.de,https://de.wikipedia.org/wiki/Liz_Mohn_Stiftung,liz-mohn-stiftung.de,,,,,,,,,,Gütersloh,Germany,2913366
https://github.com/ror-community/ror-updates/issues/41131,,Sultan Qaboos Academy for Police Sciences*en,active,education,Police Academy*en; أكاديمية الشرطة*ar,Sultan Qaboos Academy for Police Sciences*en; أكاديمية السلطان قابوس لعلوم الشرطة*ar,,https://sqaps.edu.om,,sqaps.edu.om,1980,,,,,,,,,Nizwa,Oman,286987
https://github.com/ror-community/ror-updates/issues/41244,,Tū Kotahi Māori Asthma Trust*en,active,nonprofit; healthcare,Tu Kotahi Māori Asthma Trust*en; Tu Kotahi Maori Asthma Trust*en; Tū Kotahi Māori Asthma Trust Board Incorporated*en; Tu Kotahi Maori Asthma Trust Board Incorporated*en,Tū Kotahi Māori Asthma Trust*en,,https://www.tukotahi.org.nz,,tukotahi.org.nz,1995,,,,,,,Q136755939,Q136755939,Lower Hutt,New Zealand,2188164
https://github.com/ror-community/ror-updates/issues/41245,,Aalborg Forsyning A/S*da,active,company,Aalborg Forsyning*da,Aalborg Forsyning A/S*da,,https://www.aalborgforsyning.dk,,aalborgforsyning.dk,2015,,,,,,,,,Vodskov,Denmark,2610095
https://github.com/ror-community/ror-updates/issues/41246,,PRINC Hospital Paknampo*en,active,healthcare,Princ Hospital Paknampo*en; Princ Paknampo Hospital*en,PRINC Hospital Paknampo*en; โรงพยาบาลพริ้นซ์ ปากน้ำโพ*th,,https://www.princpaknampo.com,,princpaknampo.com,1989,,,,,,,,,Nakhon Sawan,Thailand,1608527
https://github.com/ror-community/ror-updates/issues/41254,,American Montessori Society*en,active,nonprofit; funder,,American Montessori Society*en,AMS*en,https://amshq.org,https://en.wikipedia.org/wiki/American_Montessori_Society,amshq.org,1960,100026115,100026115,,,0000 0001 0699 856X,0000 0001 0699 856X,Q4744458,Q4744458,New York,United States,5128581
https://github.com/ror-community/ror-updates/issues/32997,,Harichand Guruchand University*en,active,education,,Harichand Guruchand University*en; হরিচাঁদ গুরুচাঁদ বিশ্ববিদ্যালয়*bn,HGU*en,https://harichandguruchanduniversity.ac.in,https://en.wikipedia.org/wiki/Harichand_Guruchand_University,harichandguruchanduniversity.ac.in,2019,,,,,0000 0005 1352 4177,0000 0005 1352 4177,Q107272481,Q107272481,Gaighāta,India,1271803
https://github.com/ror-community/ror-updates/issues/39644,,State Institution “National Institute of Traumatology and Orthopedics of the National Academy of Medical Sciences of Ukraine”*en,active,facility,SI “The National Institute of Traumatology and Orthopedics” by NAMS of Ukraine*en; State Institution “Institute of Traumatology and Orthopedics of the National Academy of Medical Sciences of Ukraine”*en; SI “Institute of Traumatology and Orthopedics of NAMS of Ukraine”*en,State Institution “National Institute of Traumatology and Orthopedics of the National Academy of Medical Sciences of Ukraine”*en; Державна установа «Національний інститут травматології та ортопедії Національної академії медичних наук України»*uk,NITO NAMSU*en; НІТО НАМНУ*uk,https://ito.gov.ua,https://uk.wikipedia.org/wiki/%D0%86%D0%BD%D1%81%D1%82%D0%B8%D1%82%D1%83%D1%82_%D1%82%D1%80%D0%B0%D0%B2%D0%BC%D0%B0%D1%82%D0%BE%D0%BB%D0%BE%D0%B3%D1%96%D1%97_%D1%82%D0%B0_%D0%BE%D1%80%D1%82%D0%BE%D0%BF%D0%B5%D0%B4%D1%96%D1%97_%D0%9D%D0%90%D0%9C%D0%9D_%D0%A3%D0%BA%D1%80%D0%B0%D1%97%D0%BD%D0%B8,ito.gov.ua,1919,,,,,,,Q113541602,Q113541602,Kyiv,Ukraine,703448
https://github.com/ror-community/ror-updates/issues/39937,,Digital Medical Hub (France)*en,active,company,,Digital Medical Hub (France)*en; Digital Medical Hub*en,DMH*en,https://www.digitalmedicalhub.com,,digitalmedicalhub.com,2020,,,,,,,,,Paris,France,2988507
https://github.com/ror-community/ror-updates/issues/25983,,Scanlon Foundation Research Institute*en,active,nonprofit,Scanlon Institute*en,Scanlon Foundation Research Institute*en,SFRI*en,https://scanloninstitute.org.au,,scanloninstitute.org.au,2019,,,,,,,,,Melbourne,Australia,2158177
https://github.com/ror-community/ror-updates/issues/29447,,Asociația Harta Verde România*ro,active,nonprofit,,Asociația Harta Verde România*ro,HVR*ro,https://harta-verde.ro,,harta-verde.ro,2010,,,,,,,,,Bistrița,Romania,684657
https://github.com/ror-community/ror-updates/issues/30004,,Kurah Women's Health Institute (Brazil)*en,active,healthcare; company,,Kurah Women's Health Institute (Brazil)*en; Kurah Women's Health Institute*en; Instituto Kurah Ltda*pt,,,,,2022,,,,,,,,,Macaé,Brazil,3458266
https://github.com/ror-community/ror-updates/issues/30187,,nuvoteQ (South Africa)*en,active,company,nuvoteQ (Pty) Ltd*en,nuvoteQ (South Africa)*en; nuvoteQ*en,,https://www.nuvoteq.io,,nuvoteq.io,2015,,,,,,,,,Pretoria,South Africa,964137
https://github.com/ror-community/ror-updates/issues/30440,,Marlik Institute of Higher Education*en,active,education,Marlik Noshahr Institute of Higher Education*en; Marlik Nowshahr Institute of Higher Education*en,Marlik Institute of Higher Education*en; موسسه آموزش عالی غیرانتفاعی مارلیک نوشهر*fa,,https://marlik.ac.ir,,marlik.ac.ir,2004,,,,,,,,,Nowshahr,Iran,449688
https://github.com/ror-community/ror-updates/issues/30614,,NGO Lex Portus*en,active,nonprofit,ГО «Лекс Портус»*uk,NGO Lex Portus*en; Громадська організація «Лекс Портус»*uk,,https://lexportus.net.ua/en/124-staty-meniu-po-odnoi/566-ngo-lex-portus,,,2019,,,,,,,Q61117609,Q61117609,Odesa,Ukraine,698740
https://github.com/ror-community/ror-updates/issues/30637,,Natuurbalans-Limes Divergens BV (Netherlands)*nl,active,company,Bureau Natuurbalans-Limes Divergens*nl,Natuurbalans-Limes Divergens BV (Netherlands)*nl; Natuurbalans-Limes Divergens BV*nl,,https://www.natuurbalans.nl,,natuurbalans.nl,1992,,,,,,,,,Nijmegen,Netherlands,2750053
https://github.com/ror-community/ror-updates/issues/30640,,Hospital Zonal General de Agudos Dr. Arturo Oñativia*es,active,healthcare,Hospital Dr. Arturo Oñativia*es; Hospital Oñativia de Almirante Brown*es; HZGA Dr. Arturo Oñativia*es,Hospital Zonal General de Agudos Dr. Arturo Oñativia*es,HZGA*es,https://www.ms.gba.gov.ar/sitios/honativia/,,,1996,,,,,,,,,Rafael Calzada,Argentina,3429636
https://github.com/ror-community/ror-updates/issues/30673,,"Government Graduate College, Mandi Bahauddin*en",active,education,"Government Post Graduate College, Mandi Bahauddin*en; Govt. Graduate College, Mandi Bahauddin*en","Government Graduate College, Mandi Bahauddin*en",GGC*en,https://www.ggcmbdin.edu.pk,,ggcmbdin.edu.pk,1920,,,,,,,,,Mandi Bahauddin,Pakistan,1171123
https://github.com/ror-community/ror-updates/issues/30756,,O. O. Potebnia Institute of Linguistics of the National Academy of Sciences of Ukraine*en,active,facility,Potebnia Institute of Linguistics*en; O. O. Potebnia Institute of Linguistics of the NAS of Ukraine*en,O. O. Potebnia Institute of Linguistics of the National Academy of Sciences of Ukraine*en; Інститут мовознавства ім. О. О. Потебні Національної академії наук України*uk,,https://www.inmo.org.ua,https://en.wikipedia.org/wiki/Potebnia_Institute_of_Linguistics,inmo.org.ua,1930,,,,,,,Q4201882,Q4201882,Kyiv,Ukraine,703448
https://github.com/ror-community/ror-updates/issues/30871,,Instituto de Ciencias Sociales*es,active,nonprofit,Instituto de Ciencias Sociales de Paraguay*es; Instituto de Ciencias Sociales del Paraguay*es,Instituto de Ciencias Sociales*es; Institute of Social Sciences*en,ICSO*es,https://icso.org.py,,icso.org.py,2011,,,,,,,,,Fernando de la Mora,Paraguay,3438115
https://github.com/ror-community/ror-updates/issues/31275,,Fachstelle Gebirgswaldpflege GWP*de,active,government,Fachstelle für Gebirgswaldpflege*de; Fachstelle Gebirgswaldpflege*de,Fachstelle Gebirgswaldpflege GWP*de; Centre de sylviculture de montagne*fr; Centro per la selvicoltura di montagna*it,GWP*de; CSM*fr,https://www.gebirgswald.ch,,gebirgswald.ch; foret-de-montagne.ch,1997,,,,,,,,,Maienfeld,Switzerland,2659787
https://github.com/ror-community/ror-updates/issues/31285,,Instituto Superior Universitario de Artes Visuales*es,active,education,Instituto Superior Universitario de Artes Visuales de Quito*es; Instituto Superior Tecnológico de Artes Visuales*es; Instituto Superior Tecnológico de Artes Visuales de Quito*es; Instituto de Artes Visuales de Quito*es,Instituto Superior Universitario de Artes Visuales*es,IAVQ*es,https://iavq.edu.ec,,iavq.edu.ec,1996,,,,,,,,,Quito,Ecuador,3652462
https://github.com/ror-community/ror-updates/issues/31350,,Institut Agama Islam Attarmasi Pacitan*id,active,education,IAI Attarmasi Pacitan*id; IAIT Pacitan*id,Institut Agama Islam Attarmasi Pacitan*id,IAI*id; IAIT*id,https://iaiattarmasi.ac.id,,iaiattarmasi.ac.id,2025,,,,,,,,,Tremas,Indonesia,1633438
https://github.com/ror-community/ror-updates/issues/31372,,"M.P. Semenenko Institute of Geochemistry, Mineralogy and Ore Formation of NAS of Ukraine*en",active,government,"IGMOF of NAS of Ukraine*en; M. P. Semenenko Institute of Geochemistry, Mineralogy and Ore Formation of the National Academy of Sciences of Ukraine*en; Institute of Geochemistry, Mineralogy and Ore Formation*en; Institute of Geochemistry and Mineral Physics*en","M.P. Semenenko Institute of Geochemistry, Mineralogy and Ore Formation of NAS of Ukraine*en; Інститут геохімії, мінералогії та рудоутворення імені М.П. Семененка НАН України*uk",IGMOF*en; ІГМР*uk,https://igmr.org.ua,"https://uk.wikipedia.org/wiki/%D0%86%D0%BD%D1%81%D1%82%D0%B8%D1%82%D1%83%D1%82_%D0%B3%D0%B5%D0%BE%D1%85%D1%96%D0%BC%D1%96%D1%97,_%D0%BC%D1%96%D0%BD%D0%B5%D1%80%D0%B0%D0%BB%D0%BE%D0%B3%D1%96%D1%97_%D1%82%D0%B0_%D1%80%D1%83%D0%B4%D0%BE%D1%83%D1%82%D0%B2%D0%BE%D1%80%D0%B5%D0%BD%D0%BD%D1%8F_%D1%96%D0%BC%D0%B5%D0%BD%D1%96_%D0%9C._%D0%9F._%D0%A1%D0%B5%D0%BC%D0%B5%D0%BD%D0%BA%D0%B0_%D0%9D%D0%90%D0%9D_%D0%A3%D0%BA%D1%80%D0%B0%D1%97%D0%BD%D0%B8",igmr.org.ua,1969,,,,,0000 0000 8892 542X,0000 0000 8892 542X,Q12074575,Q12074575,Kyiv,Ukraine,703448
https://github.com/ror-community/ror-updates/issues/31386,,"Mahatma Gandhi College, Darbhanga*en",active,education,Mahatma Gandhi College*en; M. G. College*en; MG College*en,"Mahatma Gandhi College, Darbhanga*en",MGC*en,https://mgcollegelnmu.ac.in,,mgcollegelnmu.ac.in,1979,,,,,,,,,Darbhanga,India,1273491
https://github.com/ror-community/ror-updates/issues/31442,,Dor Moriah*en,active,nonprofit,"Dor-Moriah*en; Dor Moria*en; Dor Moriah Analytical Center*en; Dor-Moriah Analytics*en; Think Tank ""Dor Moriah""*en",Dor Moriah*en; דור מוריה*he; Дор Мориа*ru,,https://dor-moriah.org.il,,dor-moriah.org.il,2017,,,,,,,Q137650422,Q137650422,Haifa,Israel,294801
https://github.com/ror-community/ror-updates/issues/31473,,CDFC Hospital*en,active,healthcare,Chennai Diabetic Foot Care Centre*en,CDFC Hospital*en,CDFC*en,https://cdfchospital.com,,cdfchospital.com; chennaidiabeticfootcare.com,2022,,,,,,,,,Chennai,India,1264527
https://github.com/ror-community/ror-updates/issues/31491,,Escuela de Educación Superior Tecnológica Privada CERTUS*es,active,education,Escuela de Educación Superior CERTUS*es; Escuela Certus*es; Instituto Certus*es,Escuela de Educación Superior Tecnológica Privada CERTUS*es,,https://www.certus.edu.pe,,certus.edu.pe,2023,,,,,,,,,Lima,Peru,3936456
https://github.com/ror-community/ror-updates/issues/31503,,PRISM*fr,active,facility,Plateforme PRISM*fr; Plate-forme de Recherche d’Imagerie et Spectroscopie Multimodales*fr; PRISM (Plateforme de Recherche en Imagerie et Spectroscopie Multimodales)*fr,PRISM*fr,,https://www.pf-prism.org,,pf-prism.org,2005,,,,,,,,,Rennes,France,2983990
https://github.com/ror-community/ror-updates/issues/31542,,Stephens College of Pharmacy*en,active,education,"College of Pharmacy, Stephens Group of Institutions*en; Stephens College of Pharmacy, Stephens Group of Institutions*en",Stephens College of Pharmacy*en,SCOP*en,https://stephensgroupofinstitutions.com/stephens-pharmacy,,,2024,,,,,,,,,Jammu,India,1269321
https://github.com/ror-community/ror-updates/issues/31623,,Faculdade ESEG - Grupo Etapa*pt,active,education,Faculdade ESEG*pt; ESEG - Faculdade do Grupo Etapa*pt; Escola Superior de Engenharia e Gestão de São Paulo*pt; ESEG Grupo Etapa*pt,Faculdade ESEG - Grupo Etapa*pt,ESEG*pt,https://eseg.edu.br,,eseg.edu.br,2006,,,,,,,,,São Paulo,Brazil,3448439
https://github.com/ror-community/ror-updates/issues/31633,,Universitatea „Tomis” din Constanța*ro,active,education,Fundația „Gaudeamus” – Universitatea „Tomis” din Constanța*ro; Universitatea Tomis Constanta*ro,Universitatea „Tomis” din Constanța*ro,F.G.-U.T.C.*ro,https://univtomis.ro,,univtomis.ro,2006,,,,,,,,,Constanța,Romania,680963
https://github.com/ror-community/ror-updates/issues/31642,,Corporación Gestión de Riesgos y Desastres GRID Chile*es,active,nonprofit,GRID Chile*es,Corporación Gestión de Riesgos y Desastres GRID Chile*es,,https://www.gridchile.org,,gridchile.org,,,,,,,,,,Santiago,Chile,3871336
https://github.com/ror-community/ror-updates/issues/31680,,Kentegra Biotechnology Holdings LLC (Kenya)*en,active,company,Kentegra Biotechnology*en,Kentegra Biotechnology Holdings LLC (Kenya)*en; Kentegra Biotechnology Holdings LLC*en,,https://kentegrabiotech.com,,kentegrabiotech.com,2017,,,,,,,,,Nairobi,Kenya,184745
https://github.com/ror-community/ror-updates/issues/31703,,Associação Portuguesa de Médicos Veterinários Especialistas em Animais de Companhia*pt,active,nonprofit,,Associação Portuguesa de Médicos Veterinários Especialistas em Animais de Companhia*pt,APMVEAC*pt,https://apmveac.pt,,apmveac.pt,1990,,,,,,,,,Lisbon,Portugal,2267057
https://github.com/ror-community/ror-updates/issues/31751,,Theta Technologies Limited (United Kingdom)*en,active,company,Theta Technologies Ltd*en,Theta Technologies Limited (United Kingdom)*en; Theta Technologies Limited*en,,https://thetandt.com,,thetandt.com,2007,,,,,0000 0005 1754 9689,0000 0005 1754 9689,,,Exeter,United Kingdom,2649808
https://github.com/ror-community/ror-updates/issues/31897,,Panorama Scholarly Group Limited (Hong Kong)*en,active,company,Panorama Scholarly Group*en,Panorama Scholarly Group Limited (Hong Kong)*en; Panorama Scholarly Group Limited*en; 全景學術集團有限公司*zh; 全景学术集团*zh,PSG*en,https://panorama-sg.com,,panorama-sg.com,2026,,,,,0000 0005 2863 0650,0000 0005 2863 0650,,,Hong Kong,Hong Kong,1819729
https://github.com/ror-community/ror-updates/issues/31899,,Predictia Intelligent Data Solutions SL (Spain)*en,active,company,Predictia*en; Predictia Intelligent Data Solutions*en,Predictia Intelligent Data Solutions SL (Spain)*en; Predictia Intelligent Data Solutions SL*en,,https://predictia.es,,predictia.es,2008,,,,,,,,,Santander,Spain,3109718
https://github.com/ror-community/ror-updates/issues/31903,,Construction Robotics GmbH (Germany)*en,active,company,Center Construction Robotics GmbH*en; Center Construction Robotics*en,Construction Robotics GmbH (Germany)*en; Construction Robotics GmbH*en,CCR*en,https://construction-robotics.de,,construction-robotics.de,2017,,,,,,,,,Aachen,Germany,3247449
https://github.com/ror-community/ror-updates/issues/31907,,EMA d.o.o. (Slovenia)*en,active,company,EMA d.o.o. Celje*sl,EMA d.o.o. (Slovenia)*en; EMA d.o.o.*sl,EMA*sl,https://ema.si,,ema.si,1990,,,,,,,,,Celje,Slovenia,3202781
https://github.com/ror-community/ror-updates/issues/31916,,Exponenta LLC (Russia)*en,active,company,«Exponenta» LLC*en; LLC «Exponenta»*en,Exponenta LLC (Russia)*en; Exponenta LLC*en; ООО «Экспонента»*ru,,https://t.me/exp_live,,,2016,,,,,,,,,Ruzayevka,Russia,500299
https://github.com/ror-community/ror-updates/issues/31941,,Frontier Innovations I.K.E. (Greece)*en,active,company,Frontier Innovations*en,Frontier Innovations I.K.E. (Greece)*en; Frontier Innovations I.K.E.*en,,https://www.frontier-innovations.com,,frontier-innovations.com,,,,,,,,,,Athens,Greece,264371
https://github.com/ror-community/ror-updates/issues/31944,,Quantum Integrated Research Institute Inc. (Japan)*en,active,company,QIRI (Quantum Integrated Research Institute Inc.)*en; 株式会社DeepTeLL*ja,Quantum Integrated Research Institute Inc. (Japan)*en; Quantum Integrated Research Institute Inc.*en; 株式会社量子総合研究所*ja,QIRI*en,https://qiri.co.jp,,qiri.co.jp,2024,,,,,,,,,Tokyo,Japan,1850147
https://github.com/ror-community/ror-updates/issues/31969,,Sekolah Tinggi Ilmu Tarbiyah Darussalamah Pidie Banda Aceh*id,active,education,STIT Darussalamah Pidie Banda Aceh*id; STIT Darussalamah Pidie*id; Sekolah Tinggi Manajemen Pendidikan Islam Darussalamah*id,Sekolah Tinggi Ilmu Tarbiyah Darussalamah Pidie Banda Aceh*id,STIT DARSA*id,https://stitdarsa.ac.id,,stitdarsa.ac.id,2017,,,,,,,,,Teupin Raya,Indonesia,1213468
https://github.com/ror-community/ror-updates/issues/31976,,"Shaheed Padamdhar Singh Government Post-Graduate College, Satna*en",active,education,"Government College Satna*en; Government Autonomous Post Graduate College Satna*en; Government (Autonomous) PG College, Satna*en; Govt. PG College, Satna*en","Shaheed Padamdhar Singh Government Post-Graduate College, Satna*en",,https://pgcsatna.com,,pgcsatna.com,1958,,,,,,,,,Satna,India,1257022
https://github.com/ror-community/ror-updates/issues/31994,,Fundación INGEN*es,active,nonprofit; funder,Fundacion INGEN*es,Fundación INGEN*es; INGEN Foundation*en,,https://ingen.org.ar,,ingen.org.ar,2008,,,,,,,,,Monte Grande,Argentina,3430589
https://github.com/ror-community/ror-updates/issues/32011,,St. Ignatius University Kabale*en,active,education,St Ignatius University Kabale*en; St. Ignatius University*en,St. Ignatius University Kabale*en,IGUKA*en,https://iguka.ac.ug,,iguka.ac.ug,2024,,,,,,,,,Kabale,Uganda,443336
https://github.com/ror-community/ror-updates/issues/32028,,trescientosmil (Spain)*es,active,company,300.000 Km/s*es,trescientosmil (Spain)*es; trescientosmil*es,,https://300000kms.net,,300000kms.net,,,,,,,,,,Barcelona,Spain,3128760
https://github.com/ror-community/ror-updates/issues/32039,,Bosal Emission Control Systems (Belgium)*en,active,company,Bosal ECS NV*en;Bosal ECS*en,Bosal Emission Control Systems (Belgium)*en; Bosal Emission Control Systems*en,,https://www.bosal.com,,bosal.com,,,,,,,,Q140051051,Q140051051,Lummen,Belgium,2792007
https://github.com/ror-community/ror-updates/issues/32182,,Ergon Pharmaceuticals LLC (United States)*en,active,company,,Ergon Pharmaceuticals LLC (United States)*en; Ergon Pharmaceuticals LLC*en,,https://ergonpharma.com,,ergonpharma.com,2002,,,,,,,,,Silver Spring,United States,4140963
https://github.com/ror-community/ror-updates/issues/32196,,Rail Concept (France)*fr,active,company,,Rail Concept (France)*fr; Rail Concept*fr,,https://www.railconcept.fr,,railconcept.fr,2006,,,,,,,,,Les Angles,France,3002159
https://github.com/ror-community/ror-updates/issues/32226,,Recuperar Portugal*pt,active,government; funder,,Recuperar Portugal*pt; Estrutura de Missão Recuperar Portugal*pt,EMRP*pt,https://recuperarportugal.gov.pt,,recuperarportugal.gov.pt,2021,,,,,,,,,Lisbon,Portugal,2267057
https://github.com/ror-community/ror-updates/issues/32251,,Breww Therapeutics Private Limited (India)*en,active,company,,Breww Therapeutics Private Limited (India)*en; Breww Therapeutics Private Limited*en,,https://brewwtherapeutics.com,,brewwtherapeutics.com,,,,,,,,,,Dera Bassi,India,6992326
https://github.com/ror-community/ror-updates/issues/40899,,Edison Research at SSRS (United States)*en,active,company,Edison Media Research*en; Edison Research*en,Edison Research at SSRS (United States)*en; Edison Research at SSRS*en,,https://www.edisonresearch.com,,edisonresearch.com,1994,,,,,,,Q101500358,Q101500358,Glen Mills,United States,4558229
https://github.com/ror-community/ror-updates/issues/40896,,Dutchess County Medical Examiner's Office*en,active,government,,Dutchess County Medical Examiner's Office*en,,https://www.dutchessny.gov/Departments/Medical-Examiner/medical-examiner.htm,,,,,,,,,,,,Poughkeepsie,United States,5132143
https://github.com/ror-community/ror-updates/issues/40887,,Delaware Criminal Justice Council*en,active,government; funder,State of Delaware Criminal Justice Council*en; Criminal Justice Council*en,Delaware Criminal Justice Council*en,CJC*en,https://cjc.delaware.gov,,cjc.delaware.gov,1984,100030022,100030022,,,,,,,Wilmington,United States,4145381
https://github.com/ror-community/ror-updates/issues/40885,,Office of Special Education Programs*en,active,government; funder,"Office of Special Education Programs, Office of Special Education and Rehabilitative Services*en",Office of Special Education Programs*en,OSEP*en,https://www.ed.gov/about/ed-offices/osers/osep,https://en.wikipedia.org/wiki/Office_of_Special_Education_Programs,,1967,100007296,100007296,,,,,Q7079310,Q7079310,Washington,United States,4140963
https://github.com/ror-community/ror-updates/issues/40889,,Department of Census*en,active,government,,Department of Census*en,,https://eng.dgbas.gov.tw/cp.aspx?n=2009,,,1983,,,,,,,,,Taipei,Taiwan,1668341
https://github.com/ror-community/ror-updates/issues/40856,,"Directorate-General of Budget, Accounting and Statistics*en",active,government,"Directorate General of Budget, Accounting and Statistics, Executive Yuan, R.O.C.*en","Directorate-General of Budget, Accounting and Statistics*en; 行政院主計總處*zh; 行政院主計総処*ja",DGBAS*en,https://eng.dgbas.gov.tw,https://en.wikipedia.org/wiki/Directorate_General_of_Budget%2C_Accounting_and_Statistics,dgbas.gov.tw,1931,,,,,,,Q5280609,Q5280609,Taipei,Taiwan,1668341
https://github.com/ror-community/ror-updates/issues/40883,,Danvers Police Department*en,active,government,,Danvers Police Department*en,,https://www.danversma.gov/354/Police-Department,,,1874,,,,,,,,,Danvers,United States,4934500
https://github.com/ror-community/ror-updates/issues/40881,,Crimes against Children Research Center*en,active,education,The Crimes Against Children Research Center*en; Crimes Against Children Research Center (CCRC) at the University of New Hampshire*en,Crimes against Children Research Center*en,CCRC*en,https://www.unh.edu/ccrc,,,1998,,,,,,,,,Durham,United States,5085618
https://github.com/ror-community/ror-updates/issues/40874,,Conference of State Court Administrators*en,active,nonprofit,,Conference of State Court Administrators*en,COSCA*en,https://cosca.ncsc.org,https://en.wikipedia.org/wiki/Conference_of_State_Court_Administrators,cosca.ncsc.org,1955,,,,,,,Q5159924,Q5159924,Williamsburg,United States,4793846
https://github.com/ror-community/ror-updates/issues/40873,,Comparative Study of Electoral Systems*en,active,other,,Comparative Study of Electoral Systems*en,CSES*en,https://cses.org,https://en.wikipedia.org/wiki/Comparative_Study_of_Electoral_Systems,cses.org,1994,,,,,,,Q15992000,Q15992000,Nashville,United States,4644585
https://github.com/ror-community/ror-updates/issues/40866,,Colorado Springs Police Department*en,active,government,,Colorado Springs Police Department*en,CSPD*en,https://coloradosprings.gov/police-department,https://en.wikipedia.org/wiki/Colorado_Springs_Police_Department,,1872,,,,,,,Q5148931,Q5148931,Colorado Springs,United States,5417598
https://github.com/ror-community/ror-updates/issues/31283,,Pan Bern AG*de,active,company,Pan Bern*de,Pan Bern AG*de,,https://www.panbern.ch,,panbern.ch,1992,,,,,,,,,Bern,Switzerland,2661552
https://github.com/ror-community/ror-updates/issues/32019,,"Federal College of Land Resources Technology, Kuru-Jos*en",active,education,Federal Soil Conservation School*en,"Federal College of Land Resources Technology, Kuru-Jos*en",FECO LART*en,https://fecolart-project.web.app,,fecolart.edu.ng,1968,,,,,,,,,Jos South,Nigeria,8634513
https://github.com/ror-community/ror-updates/issues/32273,,CoachMePlus (United States)*en,active,company,,CoachMePlus (United States)*en; CoachMePlus*en,,https://coachmeplus.com/,,coachmeplus.com,2012,,,,,,,,,Buffalo,United States,5110629
https://github.com/ror-community/ror-updates/issues/32368,,Medavie Foundation*en,active,funder; nonprofit,The Medavie Foundation*en,Medavie Foundation*en; Fondation Medavie*fr,,https://www.medavie.ca/en/medavie-foundation/,,,2011,,,,,,,,,Moncton,Canada,6076211
https://github.com/ror-community/ror-updates/issues/32372,,Dabrowski Center*en,active,nonprofit,Dąbrowski Center*en,Dabrowski Center*en,,https://dabrowskicenter.org,,dabrowskicenter.org,2022,,,,,,,,,Madison,United States,5261457
https://github.com/ror-community/ror-updates/issues/32394,,Department of Education - Schools Division of Rizal*en,active,education,"Schools Division Office of Rizal*en; Department of Education, Division of Rizal*en; DepEd Rizal*en; SDO Rizal*en",Department of Education - Schools Division of Rizal*en,,https://depedrizal.ph,,depedrizal.ph,1904,,,,,,,Q130257943,Q130257943,Taytay,Philippines,1682598
https://github.com/ror-community/ror-updates/issues/32429,,Tarım Sigortaları Havuz İşletmesi A.Ş. (Türkiye)*tr,active,company,TARSİM (Tarım Sigortaları Havuz İşletmesi A.Ş.)*tr,Tarım Sigortaları Havuz İşletmesi A.Ş. (Türkiye)*tr; Agricultural Insurance Pool Management Company*en,TARSİM*tr; TARSIM*tr,https://www.tarsim.gov.tr,,tarsim.gov.tr; tarsim.org.tr,2005,,,,,,,,,Istanbul,Türkiye,745044
https://github.com/ror-community/ror-updates/issues/32473,,dr. jakob energy research GmbH & Co. KG (Germany)*en,active,company,,dr. jakob energy research GmbH & Co. KG (Germany)*en; dr. jakob energy research GmbH & Co. KG*en,JER*en,https://www.drjakobenergyresearch.de,,drjakobenergyresearch.de,2009,,,,,,,,,Weinstadt,Germany,2812145
https://github.com/ror-community/ror-updates/issues/32479,,ENNECOR Sp. z o.o. (Poland)*pl,active,company,ENNECOR*pl,ENNECOR Sp. z o.o. (Poland)*pl; Ennecor Ltd.*en,,https://ennecor.pl,,ennecor.pl,2022,,,,,,,,,Gliwice,Poland,3099230
https://github.com/ror-community/ror-updates/issues/32489,,Keele University Greece*en,active,education,"The University of Keele, Greece - University Legal Entity*en; Keele University, Greece*en; Keele Greece*en","Keele University Greece*en; Πανεπιστήμιο Keele Greece*el; University of Keele, Greece - Νομικό Πρόσωπο Πανεπιστημιακής Εκπαίδευσης*el",,https://keelegreece.gr,,keelegreece.edu.gr; keelegreece.gr,2025,,,,,,,,,Athens,Greece,264371
https://github.com/ror-community/ror-updates/issues/32518,,Australian Centre for the Prevention of Cervical Cancer*en,active,nonprofit,Victorian Cytology Service*en; Victorian Cytology Service Incorporated*en; Victorian Cytology Service Limited*en; VCS Foundation Ltd*en,Australian Centre for the Prevention of Cervical Cancer*en,ACPCC*en; VCS*en,https://acpcc.org.au,,acpcc.org.au,1964,,,,,,,,,Carlton,Australia,2172293
https://github.com/ror-community/ror-updates/issues/32524,,aerpace Industries Limited (India)*en,active,company,Aerpace Industries Ltd*en; Supremex Shine Steels Limited*en; ICVL Steel Limited*en,aerpace Industries Limited (India)*en; aerpace Industries Limited*en,,https://www.aerpace.com,,aerpace.com,2011,,,,,,,,,Mumbai,India,1275339
https://github.com/ror-community/ror-updates/issues/32565,,RetiSpec (Canada)*en,active,company,RetiSpec Inc.*en,RetiSpec (Canada)*en; RetiSpec*en,,https://www.retispec.com,,retispec.com,2016,,,,,,,,,Toronto,Canada,6167865
https://github.com/ror-community/ror-updates/issues/32571,,Balai Publikasi Indonesia*id,active,company,CV. Balai Publikasi Indonesia*id,Balai Publikasi Indonesia*id,BPI*id,https://balaipublikasi.id,,balaipublikasi.id,2022,,,,,,,,,Mataram,Indonesia,1635882
https://github.com/ror-community/ror-updates/issues/32621,,DEFENSEWERX*en,active,nonprofit; funder,Doolittle Institute*en; DEFENSEWERX Inc.*en,DEFENSEWERX*en,DWX*en,https://defensewerx.org,,defensewerx.org,2012,,,,,,,,,Niceville,United States,4165995
https://github.com/ror-community/ror-updates/issues/32738,,Scientific and Production Center “Armbiotechnology” NAS RA*en,active,facility,Scientific and Production Center “Armbiotechnology”*en; SPC “Armbiotechnology” NAS RA*en; Scientific and Production Center “Armbiotechnology” NSPO*en,Scientific and Production Center “Armbiotechnology” NAS RA*en,,https://armbiotech.sci.am,https://hy.wikipedia.org/wiki/%D5%80%D5%A1%D5%B5%D5%AF%D5%A5%D5%B6%D5%BD%D5%A1%D5%BF%D5%A5%D5%AD%D5%B6%D5%B8%D5%AC%D5%B8%D5%A3%D5%AB%D5%A1_%D5%A3%D5%AB%D5%BF%D5%A1%D5%A1%D6%80%D5%BF%D5%A1%D5%A4%D6%80%D5%A1%D5%AF%D5%A1%D5%B6_%D5%AF%D5%A5%D5%B6%D5%BF%D6%80%D5%B8%D5%B6,armbiotech.sci.am,2010,,,,,,,Q21211947,Q21211947,Yerevan,Armenia,616052
https://github.com/ror-community/ror-updates/issues/32757,,SMOconnect Clinical Research Services Pvt Ltd*en,active,company,SMO Connect Clinical Research Services Pvt Ltd*en; SMO Connect Clinical Research*en,SMOconnect Clinical Research Services Pvt Ltd*en,,https://www.smoconnect.com,,smoconnect.com,2009,,,,,,,,,Kochi,India,1273874
https://github.com/ror-community/ror-updates/issues/32786,,Bharti Airtel Limited*en,active,company,Bharti Airtel*en; Airtel*en,Bharti Airtel Limited*en,,https://www.airtel.in,https://en.wikipedia.org/wiki/Bharti_Airtel,airtel.in; airtel.com,1995,,,,,,,Q854867,Q854867,New Delhi,India,1261481
https://github.com/ror-community/ror-updates/issues/32798,,Nivetha Institute of Earth and Environmental Sciences*en,active,education,,Nivetha Institute of Earth and Environmental Sciences*en,NIEES*en,https://niees.org.in,,niees.org.in,,,,,,,,,,Kovilpatti,India,1265891
https://github.com/ror-community/ror-updates/issues/32801,,Scientific Research Center of Gagauzia named after M.V. Marunevich*en,active,government,Research Center of Gagauzia M.V. Marunevich*en,Scientific Research Center of Gagauzia named after M.V. Marunevich*en; Gagauziya M.V. Maruneviç Adına Bilim-Aaraştırma Merkezi; Centrul de Cercetări Științifice al Găgăuziei M.V. Marunevici*ro; Научно-исследовательский центр Гагаузии им. М.В. Маруневич*ru,,https://gbm.md,,gbm.md,2011,,,,,,,,,Comrat,Moldova,618405
https://github.com/ror-community/ror-updates/issues/32812,,Institut pour la Recherche sur les Écosystèmes Mésophotiques et Profonds*fr,active,company,,Institut pour la Recherche sur les Écosystèmes Mésophotiques et Profonds*fr; Institute for Research on Mesophotic and Deep-Sea Ecosystems*en,IREMP*fr,https://www.iremp-tahiti.com,,iremp-tahiti.com; iremp.com,2024,,,,,,,,,Papeete,French Polynesia,4033936
https://github.com/ror-community/ror-updates/issues/32920,,Institute of Bioresources of the National Academy of Agrarian Sciences of Ukraine*en,active,government,Institute of Bioresources NAAS*en; Cherkasy Research Station of Bioresources of the National Academy of Agrarian Sciences of Ukraine*en; Cherkasy Research Station of Bioresources of the NAAS*en; Cherkasy Experimental Station of Bioresources NAAS*en; Черкаська дослідна станція біоресурсів НААН*uk,Institute of Bioresources of the National Academy of Agrarian Sciences of Ukraine*en; Інститут біоресурсів Національної академії аграрних наук України*uk,,https://bioresurs.ck.ua,,bioresurs.ck.ua,1929,,,,,,,,,Cherkasy,Ukraine,710791
https://github.com/ror-community/ror-updates/issues/32926,,Mainz Biomed Germany GmbH*en,inactive,company,PharmGenomics GmbH*de,Mainz Biomed Germany GmbH*en,,,,,2008,,,,,,,,,Mainz,Germany,2874225
https://github.com/ror-community/ror-updates/issues/32927,,"Liquid Biosciences, Inc.*en",active,company,Liquid Biosciences*en,"Liquid Biosciences, Inc.*en",,https://www.liquidbiosciences.com,,liquidbiosciences.com,2017,,,,,,,,,Aliso Viejo,United States,5323163
https://github.com/ror-community/ror-updates/issues/32929,,Adcendo ApS (Denmark)*en,active,company,,Adcendo ApS (Denmark)*en; Adcendo ApS*en,,https://adcendo.com,,adcendo.com,2017,,,,,0000 0005 1379 9752,0000 0005 1379 9752,,,Frederiksberg,Denmark,2621942
https://github.com/ror-community/ror-updates/issues/32930,,Multitude Therapeutics (United States)*en,active,company,,Multitude Therapeutics (United States)*en; Multitude Therapeutics*en,,https://en.multitudetherapeutics.com,,multitudetherapeutics.com,2018,,,,,,,,,Redwood City,United States,5386834
https://github.com/ror-community/ror-updates/issues/32948,,Ma'had Aly Lirboyo*id,active,education,Ma'had Aly Lirboyo Kediri*id; Mahad Aly Lirboyo Kediri*id,Ma'had Aly Lirboyo*id,,https://mahadalylirboyo.ac.id,,mahadalylirboyo.ac.id,2017,,,,,,,,,Kediri,Indonesia,1640660
https://github.com/ror-community/ror-updates/issues/32956,,Ahana Hospitals*en,active,healthcare,Ahana Hospital and Research Centre*en; Ahana Hospitals LLP*en,Ahana Hospitals*en,,https://www.ahanahospitals.in,,ahanahospitals.in,2008,,,,,,,,,Madurai,India,1264521
https://github.com/ror-community/ror-updates/issues/32963,,Institución Educativa Gilberto Alzate Avendaño*es,active,education,,Institución Educativa Gilberto Alzate Avendaño*es,IEGAA*es,https://alzate.edu.co,,alzate.edu.co,,,,,,,,,,Medellín,Colombia,3674962
https://github.com/ror-community/ror-updates/issues/32966,,PJSC 'Audit Firm Analityk' (Ukraine)*en,active,company,"Audit Firm ""Analityk""*en; АФ «Аналітик»*uk",PJSC 'Audit Firm Analityk' (Ukraine)*en; PJSC 'Audit Firm Analityk'*en; Аудиторська фірма «Аналітик»*uk,,https://af-analitik.com.ua,,af-analitik.com.ua,1990,,,,,,,,,Kyiv,Ukraine,703448
https://github.com/ror-community/ror-updates/issues/32979,,RIYAADA Institute for Leadership & Governance*en,active,education,"RIYAADA Academy*en; RIYAADA*en; RIYAADA Institute for Leadership, Research & Innovation*en",RIYAADA Institute for Leadership & Governance*en,,https://www.riyaadainstitute.com,,riyaadainstitute.com; riyaadaacademy.com,2021,,,,,0000 0005 3005 9908,0000 0005 3005 9908,,,Mogadishu,Somalia,53654
https://github.com/ror-community/ror-updates/issues/32983,,"Wuhan Digital Design and Manufacturing Innovation Center Co., Ltd. (China)*en",active,company,"National Innovation Institute of Digital Design and Manufacturing*en; Wuhan Digital Design and Manufacturing Innovation Centre Co., Ltd.*en","Wuhan Digital Design and Manufacturing Innovation Center Co., Ltd. (China)*en; Wuhan Digital Design and Manufacturing Innovation Center Co., Ltd.*en; 武汉数字化设计与制造创新中心有限公司*zh",NIIDDM*en,,,niiddm.com,2017,,,,,0000 0005 2411 4552,0000 0005 2411 4552,,,Wuhan,China,1791247
https://github.com/ror-community/ror-updates/issues/32994,,Dakshin Dinajpur University*en,active,education,,Dakshin Dinajpur University*en; দক্ষিণ দিনাজপুর বিশ্ববিদ্যালয়*bn,DDU*en,https://www.dduniv.ac.in,https://en.wikipedia.org/wiki/Dakshin_Dinajpur_University,dduniv.ac.in,2021,,,,,0000 0005 0442 3390,0000 0005 0442 3390,Q107302801,Q107302801,Balurghat,India,1277508
https://github.com/ror-community/ror-updates/issues/33005,,Sadhu Ramchand Murmu University of Jhargram*en,active,education,Jhargram University*en; Sadhu Ram Chand Murmu University of Jhargram*en; ঝাড়গ্রাম বিশ্ববিদ্যালয়*bn,Sadhu Ramchand Murmu University of Jhargram*en; সাধু রামচাঁদ মুর্মু ঝাড়গ্রাম বিশ্ববিদ্যালয়*bn; ᱥᱟᱹᱫᱷᱩ ᱨᱟᱢᱪᱟᱸᱫᱽ ᱢᱩᱨᱢᱩ ᱡᱮᱜᱮᱛ ᱵᱤᱨᱫᱟᱹᱜᱟᱲ,SRCMUJ*en; SRMUJ*en,https://www.srcmujhargram.ac.in,https://en.wikipedia.org/wiki/Sadhu_Ramchand_Murmu_University_of_Jhargram,srcmujhargram.ac.in,2018,,,,,0000 0005 1805 9243,0000 0005 1805 9243,Q107657201,Q107657201,Jhargram,India,1268990
https://github.com/ror-community/ror-updates/issues/33011,,Institute of Agricultural Microbiology and Agro-industrial Manufacture of National Academy of Agrarian Sciences of Ukraine*en,active,government,Institute of Agricultural Microbiology and Agro-Industrial Production of NAAS*en; Institute of Agricultural Microbiology and Agroindustrial Manufacture of NAAS of Ukraine*en,Institute of Agricultural Microbiology and Agro-industrial Manufacture of National Academy of Agrarian Sciences of Ukraine*en; Інститут сільськогосподарської мікробіології та агропромислового виробництва НААН*uk,IAMAM NAAS*en; ІСМАВ НААН*uk,https://ismav.com.ua,https://uk.wikipedia.org/wiki/%D0%86%D0%BD%D1%81%D1%82%D0%B8%D1%82%D1%83%D1%82_%D1%81%D1%96%D0%BB%D1%8C%D1%81%D1%8C%D0%BA%D0%BE%D0%B3%D0%BE%D1%81%D0%BF%D0%BE%D0%B4%D0%B0%D1%80%D1%81%D1%8C%D0%BA%D0%BE%D1%97_%D0%BC%D1%96%D0%BA%D1%80%D0%BE%D0%B1%D1%96%D0%BE%D0%BB%D0%BE%D0%B3%D1%96%D1%97_%D1%82%D0%B0_%D0%B0%D0%B3%D1%80%D0%BE%D0%BF%D1%80%D0%BE%D0%BC%D0%B8%D1%81%D0%BB%D0%BE%D0%B2%D0%BE%D0%B3%D0%BE_%D0%B2%D0%B8%D1%80%D0%BE%D0%B1%D0%BD%D0%B8%D1%86%D1%82%D0%B2%D0%B0_%D0%9D%D0%90%D0%90%D0%9D_%D0%A3%D0%BA%D1%80%D0%B0%D1%97%D0%BD%D0%B8,ismav.com.ua,1969,,,,,0000 0005 1802 8623,0000 0005 1802 8623,Q56361352,Q56361352,Chernihiv,Ukraine,710735
https://github.com/ror-community/ror-updates/issues/33025,,Sindhu Central University*en,active,education,,Sindhu Central University*en; सिंधु केंद्रीय विश्वविद्यालय*hi,SCU*en,https://www.sindhucu.ac.in,https://en.wikipedia.org/wiki/Sindhu_Central_University,sindhucu.ac.in,2022,,,,,,,Q119836804,Q119836804,Khalatse,India,1267120
https://github.com/ror-community/ror-updates/issues/33030,,Sickle Cell Cohort Research (SCORE) Foundation*en,active,nonprofit,Sickle Cell Cohort Research Foundation*en,Sickle Cell Cohort Research (SCORE) Foundation*en,SCORE*en,https://www.scorecharity.com,,scorecharity.com,2013,,,,,,,,,Abuja,Nigeria,2352778
https://github.com/ror-community/ror-updates/issues/33044,,Khatlon State Medical University*en,active,education,,Khatlon State Medical University*en; Хатлонский государственный медицинский университет*ru; Донишгоҳи давлатии тиббии Хатлон*tg,KhSMU*en; ХГМУ*ru,https://khatmeduni.tj,https://ru.wikipedia.org/wiki/%D0%A5%D0%B0%D1%82%D0%BB%D0%BE%D0%BD%D1%81%D0%BA%D0%B8%D0%B9_%D0%B3%D0%BE%D1%81%D1%83%D0%B4%D0%B0%D1%80%D1%81%D1%82%D0%B2%D0%B5%D0%BD%D0%BD%D1%8B%D0%B9_%D0%BC%D0%B5%D0%B4%D0%B8%D1%86%D0%B8%D0%BD%D1%81%D0%BA%D0%B8%D0%B9_%D1%83%D0%BD%D0%B8%D0%B2%D0%B5%D1%80%D1%81%D0%B8%D1%82%D0%B5%D1%82,khatmeduni.tj,2016,,,,,,,Q97233007,Q97233007,Danghara,Tajikistan,1221965
https://github.com/ror-community/ror-updates/issues/33051,,Museo de los Caudillos*es,active,archive,Museo de los Caudillos Ángel Nardillo*es,Museo de los Caudillos*es,,https://www.rvp.gob.ar/cultura,,,1968,,,,,,,,,Villa Chepes,Argentina,3861568
https://github.com/ror-community/ror-updates/issues/33122,,Kaveri University*en,active,education,,Kaveri University*en,,https://kaveriuniversity.edu.in,,kaveriuniversity.edu.in,2024,,,,,,,,,Siddipet,India,1256377
https://github.com/ror-community/ror-updates/issues/33125,,Raise Your Hands Ltd*en,active,nonprofit,Raise Your Hands*en,Raise Your Hands Ltd*en,,https://raiseyourhands.org.au,,raiseyourhands.org.au,2024,,,,,,,,,Claremont,Australia,2078904
https://github.com/ror-community/ror-updates/issues/33158,,ISIR ETS - International Society for Independent Research*en,active,nonprofit,International Society for Independent Research*en; ISIR ETS*en,ISIR ETS - International Society for Independent Research*en,ISIR*en,https://isir.cloud,,isir.cloud,2025,,,,,,,,,Rome,Italy,3169070
https://github.com/ror-community/ror-updates/issues/33165,,Fundación Universitaria Seminario Teológico Bautista Internacional*es,active,education,Unibautista*es,Fundación Universitaria Seminario Teológico Bautista Internacional*es,,https://www.unibautista.edu.co,,unibautista.edu.co,2003,,,,,,,,,Cali,Colombia,3687925
https://github.com/ror-community/ror-updates/issues/33260,,Sri Venkateshwaraa College of Physiotherapy*en,active,education,,Sri Venkateshwaraa College of Physiotherapy*en,SVCOPT*en,https://svcopt.ac.in,,svcopt.ac.in,2010,,,,,,,,,Puducherry,India,1259425
https://github.com/ror-community/ror-updates/issues/33272,,Luminocean*en,active,nonprofit,,Luminocean*en; Yayasan Cahaya Samudera Indonesia*id,,https://www.luminocean.com,,luminocean.com,2014,,,,,,,,,Banda Neira,Indonesia,1650390
https://github.com/ror-community/ror-updates/issues/33277,,Galatea Bio (United States)*en,active,company,"Galatea Bio, Inc.*en",Galatea Bio (United States)*en; Galatea Bio*en,,https://galatea.bio,,galatea.bio,2021,,,,,,,,,Miami Lakes,United States,4164186
https://github.com/ror-community/ror-updates/issues/33303,,Canara Bank*en,active,company,,Canara Bank*en; केनरा बैंक*hi,,https://www.canarabank.bank.in,https://en.wikipedia.org/wiki/Canara_Bank,canarabank.bank.in,1906,,,,,0000 0000 9211 5286,0000 0000 9211 5286,Q2003777,Q2003777,Bengaluru,India,1277333
https://github.com/ror-community/ror-updates/issues/33322,,"Gesellschaft für Strabologie, Neuroophthalmologie und Kinderophthalmologie e.V.*de",active,nonprofit; funder,Bielschowsky-Gesellschaft für Schielforschung und Neuroophthalmologie e.V.*de,"Gesellschaft für Strabologie, Neuroophthalmologie und Kinderophthalmologie e.V.*de; German Society for Strabismus, Neuroophthalmology and Pediatric Ophthalmology*en",GSNK*de,https://www.gsnk.org,"https://de.wikipedia.org/wiki/Gesellschaft_f%C3%BCr_Strabologie,_Neuroophthalmologie_und_Kinderophthalmologie",gsnk.org,1985,,,,,,,Q119295040,Q119295040,Essen,Germany,2928810
https://github.com/ror-community/ror-updates/issues/33324,,European Paediatric Ophthalmological Society*en,active,nonprofit; funder,European Paediatric Ophthalmology Group*en,European Paediatric Ophthalmological Society*en,EPOS*en; EPOG*en,https://epos.wildapricot.org,,epos.wildapricot.org,2001,,,,,,,,,Zürich,Switzerland,2657896
https://github.com/ror-community/ror-updates/issues/33336,,Wirtschafts- und Infrastrukturbank Hessen*de,active,government; funder,WIBank*de,Wirtschafts- und Infrastrukturbank Hessen*de,,https://www.wibank.de/wibank/,https://de.wikipedia.org/wiki/Wirtschafts-_und_Infrastrukturbank_Hessen,wibank.de,2009,,,,,,,Q2585810,Q2585810,Offenbach am Main,Germany,2857807
https://github.com/ror-community/ror-updates/issues/33348,,"Komunalnyi zaklad vyshchoi osvity ""Kremenchutska humanitarno-tekhnolohichna akademiia"" Poltavskoi oblasnoi rady*uk",active,education,Kremenchuk Pedagogical College named after A. S. Makarenko*en,"Komunalnyi zaklad vyshchoi osvity ""Kremenchutska humanitarno-tekhnolohichna akademiia"" Poltavskoi oblasnoi rady*uk; Комунальний заклад вищої освіти «Кременчуцька гуманітарно-технологічна академія» Полтавської обласної ради*uk; Kremenchuk Humanitarian and Technological Academy*en",,https://kpk.edu.ua,https://uk.wikipedia.org/wiki/%D0%9A%D1%80%D0%B5%D0%BC%D0%B5%D0%BD%D1%87%D1%83%D1%86%D1%8C%D0%BA%D0%B0_%D0%B3%D1%83%D0%BC%D0%B0%D0%BD%D1%96%D1%82%D0%B0%D1%80%D0%BD%D0%BE-%D1%82%D0%B5%D1%85%D0%BD%D0%BE%D0%BB%D0%BE%D0%B3%D1%96%D1%87%D0%BD%D0%B0_%D0%B0%D0%BA%D0%B0%D0%B4%D0%B5%D0%BC%D1%96%D1%8F,kpk.edu.ua,1931,,,,,,,Q12114517,Q12114517,Kremenchuk,Ukraine,704147
https://github.com/ror-community/ror-updates/issues/33350,,Public International Business College Mitrovica*en,active,education,International Business Public College Mitrovica*en; International Business College Mitrovica*en,Public International Business College Mitrovica*en; Kolegji Publik Ndërkombëtar i Biznesit Mitrovica*sq,IBCM*en,https://www.ibcmitrovica.eu,,ibcmitrovica.eu,2023,,,,,,,,,Mitrovica,Kosovo,789225
https://github.com/ror-community/ror-updates/issues/33404,,Santhigiri Scientific and Industrial Research Institute*en,active,nonprofit,,Santhigiri Scientific and Industrial Research Institute*en,SSIRI*en,https://www.santhigiriashram.org/santhigiri_research_foundation.php,,,,,,,,,,,,Thiruvananthapuram,India,1254163
https://github.com/ror-community/ror-updates/issues/33407,,Kabataş Erkek Lisesi*tr,active,education,Kabatas Erkek High School*en,Kabataş Erkek Lisesi*tr; Kabataş Boys High School*en,,https://kabataserkeklisesi.meb.k12.tr,https://tr.wikipedia.org/wiki/Kabata%C5%9F_Erkek_Lisesi,kabataserkeklisesi.meb.k12.tr,1908,,,,,,,Q3191643,Q3191643,Istanbul,Türkiye,745044
https://github.com/ror-community/ror-updates/issues/33418,,Institutul de Științe Politice și Relații Internaționale „Ion I.C. Brătianu” al Academiei Române*ro,active,education,,Institutul de Științe Politice și Relații Internaționale „Ion I.C. Brătianu” al Academiei Române*ro; „Ion I. C. Brătianu” Institute of Political Sciences and International Relations of the Romanian Academy*en,ISPRI*ro,https://ispri.ro/,,ispri.ro,1990,,,,,,,,,Bucharest,Romania,683506
https://github.com/ror-community/ror-updates/issues/33423,,Universidad de las Américas y el Caribe*es,active,education,,Universidad de las Américas y el Caribe*es,UNAC*es,https://unac.edu.mx,,unac.edu.mx,,,,,,,,,,Colima,Mexico,4013516
https://github.com/ror-community/ror-updates/issues/33437,,Kakashi Venture Accelerator*en,active,company,Kakashi Ventures*en,Kakashi Venture Accelerator*en,KVA*en,https://www.kakashi.ventures,,kakashi.ventures,2022,,,,,,,,,Turin,Italy,3165524
https://github.com/ror-community/ror-updates/issues/33441,,MEK2 Research Foundation*en,active,nonprofit; funder,,MEK2 Research Foundation*en,,https://mek2research.org,,mek2research.org,2024,,,,,,,,,Białystok,Poland,776069
https://github.com/ror-community/ror-updates/issues/33442,,Museo Seminario Valparaíso*es,active,archive,Museo del Seminario San Rafael*es,Museo Seminario Valparaíso*es,MSV*es,https://ssr.cl/home/museo/,,,1881,,,,,,,,,Valparaíso,Chile,3868626
https://github.com/ror-community/ror-updates/issues/33444,,Genética Animal de Colombia SAS*es,active,company,Genética Animal de Colombia Ltda.*es; Genética Animal Co.*es,Genética Animal de Colombia SAS*es,GAC*es,https://www.geneticaanimal.co,,geneticaanimal.co,2009,,,,,,,,,Bogotá,Colombia,3688689
https://github.com/ror-community/ror-updates/issues/33461,,Regional Climatological Institute*en,active,nonprofit,,Regional Climatological Institute*en; Regionálny klimatologický inštitút*sk,RCI*en,https://www.regioclim.eu/,,,,,,,,,,,,Plavecký Štvrtok,Slovakia,3058182
https://github.com/ror-community/ror-updates/issues/33465,,Luohe Sixth People's Hospital*en,active,healthcare,漯河市心血管病医院*zh,Luohe Sixth People's Hospital*en; 漯河市第六人民医院*zh,,,,lhsdlrmyy.com,1946,,,,,,,,,Luohe,China,1801934
https://github.com/ror-community/ror-updates/issues/33474,,Association Québécoise pour la promotion de la santé des personnes utilisatrices de drogues*fr,active,nonprofit,,Association Québécoise pour la promotion de la santé des personnes utilisatrices de drogues*fr,AQPSUD*fr,https://aqpsud.org,,aqpsud.org,2010,,,,,0000 0005 1269 3884,0000 0005 1269 3884,,,Montréal,Canada,6077243
https://github.com/ror-community/ror-updates/issues/33492,,Floret Center for Advanced Genomics and Bioinformatics Research*en,active,nonprofit,The Floret Center*en; Floret Center for Advanced Genomics and Bioinformatics Research LTD/GTE*en,Floret Center for Advanced Genomics and Bioinformatics Research*en,,https://floretcenter.org,,floretcenter.org,2024,,,,,0000 0005 2376 0018,0000 0005 2376 0018,,,Lagos,Nigeria,2332459
https://github.com/ror-community/ror-updates/issues/33550,,Sengunthar Engineering College*en,active,education,,Sengunthar Engineering College*en,,https://www.sect.edu.in,,sect.edu.in,2001,,,,,,,,,Tiruchengode,India,1254385
https://github.com/ror-community/ror-updates/issues/33556,,Latin American and Caribbean Internet Addresses Registry*en,active,nonprofit,,Latin American and Caribbean Internet Addresses Registry*en,LACNIC*en,https://www.lacnic.net,https://en.wikipedia.org/wiki/LACNIC,lacnic.net,1999,,,,,,,Q1311100,Q1311100,Montevideo,Uruguay,3441575
https://github.com/ror-community/ror-updates/issues/33557,,Réseaux IP Européens Network Coordination Centre*en,active,nonprofit,,Réseaux IP Européens Network Coordination Centre*en,RIPE NCC*en,https://www.ripe.net,https://en.wikipedia.org/wiki/RIPE_NCC,ripe.net,1992,,,,,,,Q1504968,Q1504968,Amsterdam,Netherlands,2759794
https://github.com/ror-community/ror-updates/issues/33560,,INTERACT - International Network for Terrestrial Research and Monitoring in the Arctic*en,active,nonprofit,,INTERACT - International Network for Terrestrial Research and Monitoring in the Arctic*en,INTERACT*en,https://www.interactassociation.org,,interactassociation.org,,,,,,,,,,Höör,Sweden,2705055
https://github.com/ror-community/ror-updates/issues/33581,,University of Modern Knowledge*en,active,education,Universyset Suchasnykh Znan*uk,University of Modern Knowledge*en; Університет сучасних знань*uk,,https://www.usz.org.ua,,umk.edu.ua,,,,,,,,,,Kyiv,Ukraine,703448
https://github.com/ror-community/ror-updates/issues/33594,,Pharmacoevidence (India)*en,active,company,,Pharmacoevidence (India)*en; Pharmacoevidence*en,PCE*en,https://www.pharmacoevidence.com,,pharmacoevidence.com,2020,,,,,,,,,Mohali,India,6992326
https://github.com/ror-community/ror-updates/issues/33617,,Instytut Pamięci Narodowej*pl,active,archive,Institute of National Remembrance – Commission for the Prosecution of Crimes against the Polish Nation*en; Instytut Pamięci Narodowej - Komisja Ścigania Zbrodni przeciwko Narodowi Polskiemu*pl,Instytut Pamięci Narodowej*pl,IPN*pl,https://ipn.gov.pl,https://pl.wikipedia.org/wiki/Instytut_Pami%C4%99ci_Narodowej,ipn.gov.pl,1999,,,,,0000 0001 2336 688X,0000 0001 2336 688X,Q705173,Q705173,Warsaw,Poland,756135
https://github.com/ror-community/ror-updates/issues/33618,,Seahorse Coastal Consulting (United States)*en,active,company,,Seahorse Coastal Consulting (United States)*en; Seahorse Coastal Consulting*en,,https://www.seahorsecoastal.com,,seahorsecoastal.com,2006,,,,,,,,,"Morehead City, NC",USA,4480153
https://github.com/ror-community/ror-updates/issues/33638,,"Dr. Vithalrao Vikhe Patil Foundation's College of Nursing, Ahilyanagar.*en",active,education,,"Dr. Vithalrao Vikhe Patil Foundation's College of Nursing, Ahilyanagar.*en",DVVPF'S CON*en,https://www.vimscon.edu.in,,vimscon.edu.in,2005,,,,,,,,,AHMEDNAGAR,India,1279228
https://github.com/ror-community/ror-updates/issues/33641,,Nirnayan Healthcare Pvt Ltd*en,active,healthcare,,Nirnayan Healthcare Pvt Ltd*en,,https://nirnayanhealthcare.com,,nirnayan.com,2019,,,,,,,,,Kolkata,India,1275004
https://github.com/ror-community/ror-updates/issues/33644,,Masyarakat Peduli Sejarah Aceh*id,active,nonprofit,Aceh History Concern Society*en,Masyarakat Peduli Sejarah Aceh*id,MAPESA*id,https://www.mapesaaceh.com,https://id.wikipedia.org/wiki/Masyarakat_Peduli_Sejarah_Aceh,mapesaaceh.com,2010,,,,,0000 0005 1423 2918,0000 0005 1423 2918,,,Banda Aceh,Indonesia,1215502
https://github.com/ror-community/ror-updates/issues/33649,,Qedma Quantum Computing (Israel)*en,active,company,,Qedma Quantum Computing (Israel)*en; Qedma Quantum Computing*en,,https://www.qedma.com,,qedma.com,2020,,,,,,,,,Tel Aviv,Israel,293397
https://github.com/ror-community/ror-updates/issues/33651,,The GIANT Room (United States)*en,active,company,,The GIANT Room (United States)*en; The GIANT Room*en,,https://www.thegiantroom.com,,thegiantroom.com,2018,,,,,,,,,New York City,United States,5128581
https://github.com/ror-community/ror-updates/issues/33678,,Fakultet za islamske studije u Novom Pazaru*sr,active,education,Faculty of islamic studies in Novi Pazar*en,Fakultet za islamske studije u Novom Pazaru*sr,FIS*sr,https://www.fis.edu.rs,,fis.edu.rs,2001,,,,,,,,,Novi Pazar,Serbia,787595
https://github.com/ror-community/ror-updates/issues/33687,,Denusa Destilaria Nova União S/A (Brazil)*pt,active,company,Destilaria Nova União*pt,Denusa Destilaria Nova União S/A (Brazil)*pt; Denusa Destilaria Nova União S/A*pt,DENUSA*pt,https://denusa.com.br,,denusa.com.br,,,,,,,,,,Jandaia,Brasil,6324003
https://github.com/ror-community/ror-updates/issues/33703,,Qarakal Quantum (Israel)*en,active,company,,Qarakal Quantum (Israel)*en; Qarakal Quantum*en,,https://qarakal.ai,,qarakal.ai,2024,,,,,,,,,Tel Aviv,Israel,293397
https://github.com/ror-community/ror-updates/issues/33721,,Jiangsu Lihua Foods Group Co. Ltd. (China)*en,active,company,,Jiangsu Lihua Foods Group Co. Ltd. (China)*en; Jiangsu Lihua Foods Group Co. Ltd.*en; 江苏立华食品集团股份有限公司*zh,,http://www.lihuamuye.com,,lihuamuye.com,,,,,,,,,,Changzhou,China,1815456
https://github.com/ror-community/ror-updates/issues/33743,,Ocularis*es,active,nonprofit,Ocularis*es; Ocularis Asociación*es,Ocularis*es,,https://www.ocularis.ong,,ocularis.ong,2010,,,,,,,,,Sitges,Spain,3108877
https://github.com/ror-community/ror-updates/issues/33747,,Rayference SRL (Belgium)*en,active,company,,Rayference SRL (Belgium)*en; Rayference SRL*en,,https://www.rayference.eu,,rayference.eu,,,,,,,,,,Brussels,Belgium,2800866
https://github.com/ror-community/ror-updates/issues/33748,,Apogenomics (China)*en,active,company,,Apogenomics (China)*en; Apogenomics*en,,https://www.apogenomics.com/en/,,apogenomics.com,2024,,,,,,,,,Shanghai,China,1796236
https://github.com/ror-community/ror-updates/issues/33749,,Hood Theological Seminary*en,active,education,,Hood Theological Seminary*en,,https://www.hoodseminary.edu,https://en.wikipedia.org/wiki/Hood_Theological_Seminary,hoodseminary.edu,1879,,,,,0000 0000 9690 467X,0000 0000 9690 467X,Q55613931,Q55613931,Salisbury,United States,4489985
https://github.com/ror-community/ror-updates/issues/33770,,"NPC Worldwide, LLC*en",active,company,NPC Worldwide*en,"NPC Worldwide, LLC*en",NPCWW*en,https://www.enpisi.com,,enpisi.com; npcworldwi.de,2023,,,,,,,,,Bloomington,United States,4254679
https://github.com/ror-community/ror-updates/issues/33779,,"Komunalnyi zaklad vyshchoi osvity ""Barskyi humanitarno-pedahohichnyi koledzh imeni Mykhaila Hrushevskoho""*uk",active,education,,"Komunalnyi zaklad vyshchoi osvity ""Barskyi humanitarno-pedahohichnyi koledzh imeni Mykhaila Hrushevskoho""*uk; Комунальний заклад вищої освіти «Барський гуманітарно-педагогічний коледж імені Михайла Грушевського»*uk",,https://www.bar-bgpk.com.ua,https://uk.wikipedia.org/wiki/%D0%91%D0%B0%D1%80%D1%81%D1%8C%D0%BA%D0%B8%D0%B9_%D0%B3%D1%83%D0%BC%D0%B0%D0%BD%D1%96%D1%82%D0%B0%D1%80%D0%BD%D0%BE-%D0%BF%D0%B5%D0%B4%D0%B0%D0%B3%D0%BE%D0%B3%D1%96%D1%87%D0%BD%D0%B8%D0%B9_%D0%BA%D0%BE%D0%BB%D0%B5%D0%B4%D0%B6,bar-bgpk.com.ua,1985,,,,,,,Q16692383,Q16692383,Bar,Ukraine,712861
https://github.com/ror-community/ror-updates/issues/33792,,Zoo Neuwied*de,active,archive,Zoo Neuwied gGmbH*de; Tierpark Hubertushof*de,Zoo Neuwied*de,,https://zooneuwied.de,https://de.wikipedia.org/wiki/Zoo_Neuwied,zooneuwied.de,1970,,,,,,,Q220065,Q220065,Neuwied,Germany,2863840
https://github.com/ror-community/ror-updates/issues/33805,,Instituto Tecnológico Superior de Fresnillo*es,active,education,TecNM Campus Fresnillo*es; Tecnológico de Fresnillo*es,Instituto Tecnológico Superior de Fresnillo*es,ITSF*es,https://itsf.mx,,itsf.mx,1994,,,,,0000 0004 1770 0505,0000 0004 1770 0505,Q53647207,Q53647207,Fresnillo,Mexico,4006163
https://github.com/ror-community/ror-updates/issues/33818,,Momentum Transfer (Germany)*en,active,company,Momentum Transfer GmbH*en,Momentum Transfer (Germany)*en; Momentum Transfer*en,,https://momentum-transfer.com,,momentum-transfer.com,,,,,,,,,,Hamburg,Germany,2911298
https://github.com/ror-community/ror-updates/issues/33836,,Institute of Hydrobiology and Ecology*en,active,nonprofit,,Institute of Hydrobiology and Ecology*en; Учреждение «Институт гидробиологии и экологии»*ru; «Гидробиология және экология Институты» мекемесі*kk,,https://ihe.kz,,ihe.kz,,,,,,,,,,Irgeli,Kazakhstan,1522192
https://github.com/ror-community/ror-updates/issues/33857,,Grupo Educativo 16 de Septiembre*es,active,education,,Grupo Educativo 16 de Septiembre*es,,https://ceu16.edu.mx,,ceu16.edu.mx,,,,,,,,,,Mexicali,Mexico,3996069
https://github.com/ror-community/ror-updates/issues/33878,,SWG S.p.A.*it,active,company,,SWG S.p.A.*it,SWG*it,https://www.swg.it,,swg.it,1981,,,,,,,,,Trieste,Italy,3165185
https://github.com/ror-community/ror-updates/issues/33881,,Canadian Women's Heart Health Centre*en,active,facility,,Canadian Women's Heart Health Centre*en,CWHHC*en,https://www.ottawaheart.ca/patients-visitors/centres-and-programs/canadian-women-s-heart-health-centre,,,2014,,,,,,,,,Ottawa,Canada,6094817
https://github.com/ror-community/ror-updates/issues/33904,,ISÖ – Institut für Sozialökologie gemeinnützige GmbH*de,active,nonprofit,ISÖ – Institut für Sozialökologie gGmbH*de,ISÖ – Institut für Sozialökologie gemeinnützige GmbH*de; ISÖ – Institute for Social Ecology*en,ISÖ*de,https://www.isoe.org,,isoe.org,1987,,,,,,,,,Siegburg,Germany,2832521
https://github.com/ror-community/ror-updates/issues/33947,,ChangeMaker Nexus Ltd (Bangladesh)*en,active,company,,ChangeMaker Nexus Ltd (Bangladesh)*en; ChangeMaker Nexus Ltd*en,CMNL*en,https://changemakernexus.com,,changemakernexus.com,2025,,,,,,,,,Khulna,Bangladesh,1336135
https://github.com/ror-community/ror-updates/issues/33980,,Shri Vidyarthi Sudhar Sangh’s Nagpur College of Pharmacy*en,active,education,Nagpur College of Pharmacy*en,Shri Vidyarthi Sudhar Sangh’s Nagpur College of Pharmacy*en,NCP*en,https://ncpngp.edu.in,,ncpngp.edu.in,2019,,,,,,,,,Wanadongri,India,10214288
https://github.com/ror-community/ror-updates/issues/34051,,Instituto de Investigación Sanitaria Hospital Universitari Vall d’Hebron (IIS IR-HUVH)*es,active,facility,,Instituto de Investigación Sanitaria Hospital Universitari Vall d’Hebron (IIS IR-HUVH)*es,IIS IR-HUVH*es; IR-HUVH*ca,https://vhir.vallhebron.com/ca/institut/institut-acreditat,,,2009,,,,,,,,,Barcelona,Spain,3128760
https://github.com/ror-community/ror-updates/issues/34057,,Associazione Iblea per la Ricerca Epidemiologica E.T.S.*it,active,nonprofit; funder,Associazione Iblea per la Ricerca Epidemiologica O.N.L.U.S.*it; Hyblean Association for Epidemiological Research*en,Associazione Iblea per la Ricerca Epidemiologica E.T.S.*it; Hyblean Association for Epidemiology Research*en,A.I.R.Ep. ETS*it; AIRE ONLUS*it,https://www.aireetsragusa.org/,,aireetsragusa.org,2002,501100006695,501100006695,,,0000 0004 5906 5933,0000 0004 5906 5933,,,Ragusa,Italy,2523650
https://github.com/ror-community/ror-updates/issues/34093,,SETBP1 Society*en,active,nonprofit; funder,,SETBP1 Society*en,,https://www.setbp1.org/,,setbp1.org,2017,,,,,,,,,Austin,United States,4671654
https://github.com/ror-community/ror-updates/issues/34097,,MacQuarrie Management Corp. (United States)*en,active,company,,MacQuarrie Management Corp. (United States)*en; MacQuarrie Management Corp.*en,,https://sites.google.com/view/mmc-rp-lab,,,,,,,,,,,,Marion,United States,5664683
https://github.com/ror-community/ror-updates/issues/34098,,Omnimed (Canada)*en,active,company,,Omnimed (Canada)*en; Omnimed*en,,https://www.omnimed.com/en/,,omnimed.com,1984,,,,,,,,,Cookshire,Canada,5927234
https://github.com/ror-community/ror-updates/issues/34109,,Schools Division Office of Balanga City*en,active,government,Department of Education - Schools Division Office of Balanga City*en; DepEd SDO Balanga City*en,Schools Division Office of Balanga City*en,,https://sdobc.depedbalanga-shs.edu.ph/,,depedbalanga-shs.edu.ph,,,,,,,,Q130421520,Q130421520,Balanga,Philippines,1728523
https://github.com/ror-community/ror-updates/issues/34120,,Instituto Superior Universitario Bernardo O'Higgins*es,active,education,Instituto Superior Tecnológico Bernardo O'Higgins*es,Instituto Superior Universitario Bernardo O'Higgins*es,ISTBO*es,https://www.instituto-ohiggins.edu.ec/,,instituto-ohiggins.edu.ec,1994,,,,,,,,,Quito,Ecuador,3652462
https://github.com/ror-community/ror-updates/issues/34121,,St. Patrick's Home of Ottawa*en,active,healthcare,,St. Patrick's Home of Ottawa*en,,https://stpats.ca/,,stpats.ca,1865,,,,,,,Q137365154,Q137365154,Ottawa,Canada,6094817
https://github.com/ror-community/ror-updates/issues/34127,,Arc Impact Acquisition Corporation (United States)*en,active,company,Arc Impact*en,Arc Impact Acquisition Corporation (United States)*en; Arc Impact Acquisition Corporation*en,ARC*en,https://arc-impact.com/,,arc-impact.com,2025,,,,,,,,,Burlington,United States,4931737
https://github.com/ror-community/ror-updates/issues/34180,,NeuroMet Wellness*en,active,healthcare,Neuromet Wellness Care and Diagnostics*en; NeuroMet Wellness Diagnostics & Care*en,NeuroMet Wellness*en,,https://www.neurometwellness.com,,neurometwellness.com,2024,,,,,,,,,Gurugram,India,1270642
https://github.com/ror-community/ror-updates/issues/34187,,Zoovet Travel*es,active,healthcare,,Zoovet Travel*es,,https://zoovettravel.com,,zoovettravel.com,2013,,,,,0000 0005 3051 3904,0000 0005 3051 3904,,,Trujillo,Peru,3691175
https://github.com/ror-community/ror-updates/issues/34255,,National Research Institute of Renewable Energy Sources under the Ministry of Energy of the Republic of Uzbekistan*en,active,facility,,National Research Institute of Renewable Energy Sources under the Ministry of Energy of the Republic of Uzbekistan*en; O‘zbekiston Respublikasi Energetika vazirligi huzuridagi Qayta tiklanuvchi energiya manbalari milliy ilmiy-tadqiqot instituti*uz,NIRES*en,https://nires.uz,,nires.uz,2021,,,,,,,,,Tashkent,Uzbekistan,1512569
https://github.com/ror-community/ror-updates/issues/34265,,T.I. Vyazemsky Karadag Scientific Station – Nature Reserve of the RAS*en,active,facility,Карадагская научная станция им. Т.И. Вяземского – природный заповедник РАН – филиал ФГБУН ФИЦ «Институт биологии южных морей имени А.О. Ковалевского РАН»*ru,T.I. Vyazemsky Karadag Scientific Station – Nature Reserve of the RAS*en; Карадагская научная станция им. Т.И. Вяземского – природный заповедник РАН*ru,КНС – ПЗ РАН*ru,http://karadag.com.ru,https://ru.wikipedia.org/wiki/%D0%9A%D0%B0%D1%80%D0%B0%D0%B4%D0%B0%D0%B3%D1%81%D0%BA%D0%B0%D1%8F_%D0%B1%D0%B8%D0%BE%D1%81%D1%82%D0%B0%D0%BD%D1%86%D0%B8%D1%8F,karadag.com.ru,1914,,,,,,,Q4213736,Q4213736,Kurortne,Ukraine,703596
https://github.com/ror-community/ror-updates/issues/34286,,Verisav (France)*fr,active,company,Verisav SAS*fr,Verisav (France)*fr; Verisav*fr,,https://www.verisav.fr,,verisav.fr,2025,,,,,0000 0005 2956 7091,0000 0005 2956 7091,,,Beychac-et-Caillau,France,6448410
https://github.com/ror-community/ror-updates/issues/34290,,Decryptogen (United States)*en,active,company,Decryptogen LLC*en,Decryptogen (United States)*en; Decryptogen*en,,https://decryptogen.com,,decryptogen.com,2015,,,,,,,,,Cheyenne,United States,5821086
https://github.com/ror-community/ror-updates/issues/34303,,First Peoples Wellness Circle*en,active,nonprofit,,First Peoples Wellness Circle*en,FPWC*en,https://fpwc.ca,,fpwc.ca,2015,,,,,,,,,North Bay,Canada,6089426
https://github.com/ror-community/ror-updates/issues/34329,,RSO Soeharso Surakarta*id,active,healthcare,RS Ortopedi Prof. Dr. R. Soeharso Surakarta*id; Rumah Sakit Ortopedi Prof. Dr. R. Soeharso Surakarta*id,RSO Soeharso Surakarta*id; Prof. Dr. R. Soeharso Orthopaedic Hospital*en,RSO*id,https://rso.go.id,,rso.go.id,1951,,,,,,,,,Kartasura,Indonesia,1641054
https://github.com/ror-community/ror-updates/issues/34330,,Nehru Institute of Health Sciences*en,active,education,,Nehru Institute of Health Sciences*en,NIHS*en,http://www.nihs.net.in,,nihs.net.in,2022,,,,,,,,,Coimbatore,India,1273865
https://github.com/ror-community/ror-updates/issues/34355,,Association Karukinka*fr,active,nonprofit,Karukinka*fr,Association Karukinka*fr; Asociación Karukinka*es,,https://karukinka.eu,,karukinka.eu,2014,,,,,,,,,Bouvron,France,3030718
https://github.com/ror-community/ror-updates/issues/34359,,Instituto Tecnológico Superior de Pátzcuaro*es,active,education,TecNM Campus Pátzcuaro*es; Tecnológico Nacional de México / Instituto Tecnológico Superior de Pátzcuaro*es,Instituto Tecnológico Superior de Pátzcuaro*es,ITSPA*es,https://patzcuaro.tecnm.mx,,patzcuaro.tecnm.mx,2006,,,,,,,,,Zurumútaro,Mexico,3979580
https://github.com/ror-community/ror-updates/issues/34364,,Anil Neerukonda Institute of Technology & Sciences*en,active,education,Anil Neerukonda Institute of Technology and Sciences*en,Anil Neerukonda Institute of Technology & Sciences*en,ANITS*en,https://anits.edu.in,,anits.edu.in,2001,,,,,0000 0004 1768 5747,0000 0004 1768 5747,,,Bheemunipatnam,India,1275930
https://github.com/ror-community/ror-updates/issues/34370,,"Shehu Shagari University of Education, Sokoto*en",active,education,Shehu Shagari College of Education*en,"Shehu Shagari University of Education, Sokoto*en",SSUES*en,https://ssues.edu.ng,,ssues.edu.ng,2022,,,,,,,,,Sokoto,Nigeria,2322911
https://github.com/ror-community/ror-updates/issues/34375,,Private Joint-Stock Company “Ternopil Dairy Factory”*en,active,company,PJSC “Ternopil Dairy Factory”*en; Ternopil Dairy Plant*en; “MOLOKIA” COMPANY*en,Private Joint-Stock Company “Ternopil Dairy Factory”*en; Приватне акціонерне товариство «Тернопільський молокозавод»*uk; КОМПАНІЯ «МОЛОКІЯ»*uk,,https://pjsc.molokija.com/ua/,,pjsc.molokija.com,2000,,,,,,,,,Ternopil,Ukraine,691650
https://github.com/ror-community/ror-updates/issues/34379,,Instituto Superior de Formación Técnica Nº 182*es,active,education,ISFT Nº 182*es,Instituto Superior de Formación Técnica Nº 182*es,,https://isft182.edu.ar/,,isft182.edu.ar,1987,,,,,,,,,San Miguel,Argentina,7645166
https://github.com/ror-community/ror-updates/issues/34383,,Bayelsa State College of Nursing Sciences*en,active,education,"Bayelsa State College of Nursing Sciences, Tombia-Ekpetiama*en",Bayelsa State College of Nursing Sciences*en,BYSCONS*en,https://byscons.edu.ng/,,byscons.edu.ng,,,,,,,,,,Tombia,Nigeria,2322002
https://github.com/ror-community/ror-updates/issues/34387,,ARRISE – Advanced Rehabilitation Research & Innovation in Sports Excellence*en,active,healthcare,ARRISE – Academic Research and Orthopaedic Rehabilitation Centre for Innovation and Sports Medicine Excellence*en,ARRISE – Advanced Rehabilitation Research & Innovation in Sports Excellence*en,ARRISE*en,https://arrise.be/,,arrise.be,2025,,,,,,,,,Kapellen,Belgium,2794730
https://github.com/ror-community/ror-updates/issues/34390,,"General Hospital Lagos, Odan*en",active,healthcare,General Hospital Odan*en; Lagos Island General Hospital*en,"General Hospital Lagos, Odan*en",GHL*en,https://generalhospitallagos.com/,https://en.wikipedia.org/wiki/Lagos_Island_General_Hospital,generalhospitallagos.com,1893,,,,,,,Q19874986,Q19874986,Lagos,Nigeria,2332459
https://github.com/ror-community/ror-updates/issues/34407,,Robotic Minds (Ecuador)*en,active,company,Robotic Minds Edtech Company*en,Robotic Minds (Ecuador)*en; Robotic Minds*en,,https://roboticminds.com.ec/,,roboticminds.com.ec,2015,,,,,,,,,Quito,Ecuador,3652462
https://github.com/ror-community/ror-updates/issues/34408,,Instituto de Inteligência Artificial na Educação – IA.Edu*pt,active,nonprofit,Instituto de Inteligência Artificial para a Educação – IAEDU*pt;IA.Edu*pt,Instituto de Inteligência Artificial na Educação – IA.Edu*pt; IA.Edu Institute*en,,,,iaedu.org.br,2025,,,,,,,,,Maceió,Brazil,3395981
https://github.com/ror-community/ror-updates/issues/34424,,Ateneu Universitari Sant Pacià*ca,active,education,Ateneu Sant Pacià*ca,Ateneu Universitari Sant Pacià*ca,AUSP*ca,https://edusantpacia.cat/ca/,https://ca.wikipedia.org/wiki/Ateneu_Universitari_Sant_Paci%C3%A0,edusantpacia.cat,2015,,,,,,,Q106009766,Q106009766,Barcelona,Spain,3128760
https://github.com/ror-community/ror-updates/issues/34452,,Zoongizi Ode Inc.*en,active,nonprofit,Fearless R2W Inc.*en,Zoongizi Ode Inc.*en; Strong Hearts*en,,https://zoongiziode.ca,,zoongiziode.ca,2014,,,,,,,,,Winnipeg,Canada,6183235
https://github.com/ror-community/ror-updates/issues/34463,,[C]Worthy*en,active,nonprofit,"[C]Worthy, LLC*en",[C]Worthy*en,,https://www.cworthy.org,,cworthy.org,2023,,,,,,,,,Boulder,United States,5574991
https://github.com/ror-community/ror-updates/issues/34474,,Centre for Productivity and Sustainability Analysis*en,active,nonprofit,,Centre for Productivity and Sustainability Analysis*en,CPSA*en,https://cpsa.lt,,cpsa.lt,2024,,,,,0000 0005 2752 758X,0000 0005 2752 758X,,,Vilnius,Lithuania,593116
https://github.com/ror-community/ror-updates/issues/34475,,Tuproqshunoslik va agrokimyoviy tadqiqotlar instituti*uz,active,government,,Tuproqshunoslik va agrokimyoviy tadqiqotlar instituti*uz; Institute of Soil Science and Agrochemical Research*en; Научно-исследовательский институт почвоведения и агрохимии*ru,,https://soil.uz,,soil.uz,1920,,,,,,,,,Tashkent,Uzbekistan,1512569
https://github.com/ror-community/ror-updates/issues/34491,,Instituto Tecnológico Superior Jubones*es,active,education,Instituto Superior Tecnológico Jubones*es,Instituto Tecnológico Superior Jubones*es,ITSJ*es,https://institutojubones.edu.ec,,institutojubones.edu.ec,1995,,,,,,,,,Pasaje,Ecuador,3653403
https://github.com/ror-community/ror-updates/issues/34512,,Outride*en,active,nonprofit; funder,The Specialized Foundation*en,Outride*en,,https://outridebike.org,,outridebike.org,2019,,,,,0000 0005 2730 5178,0000 0005 2730 5178,,,Morgan Hill,United States,5374764
https://github.com/ror-community/ror-updates/issues/34524,,Taiwan Sugar Corporation (Taiwan)*en,active,company,Taisugar*en,Taiwan Sugar Corporation (Taiwan)*en; Taiwan Sugar Corporation*en; 台灣糖業股份有限公司*zh,TSC*en,https://www.taisugar.com.tw,https://zh.wikipedia.org/wiki/%E5%8F%B0%E7%81%A3%E7%B3%96%E6%A5%AD%E5%85%AC%E5%8F%B8,taisugar.com.tw,1946,,,,,,,Q6126202,Q6126202,Tainan,Taiwan,1668355
https://github.com/ror-community/ror-updates/issues/34530,,BC Transplant*en,active,healthcare,,BC Transplant*en,BCT*en,https://www.transplant.bc.ca,,transplant.bc.ca,1986,,,,,,,,,Vancouver,Canada,6173331
https://github.com/ror-community/ror-updates/issues/34544,,AIDS Community Care Montreal*en,active,nonprofit,Montreal AIDS Resource Centre*en,AIDS Community Care Montreal*en; SIDA Bénévoles Montréal*fr,ACCM*en,https://accmontreal.org,,accmontreal.org,1987,,,,,,,Q124488177,Q124488177,Montreal,Canada,6077243
https://github.com/ror-community/ror-updates/issues/34547,,Interagency Arctic Research Policy Committee*en,active,government,,Interagency Arctic Research Policy Committee*en,IARPC*en,https://www.iarpccollaborations.org,,iarpccollaborations.org,1984,,,,,,,,,Washington,United States,4140963
https://github.com/ror-community/ror-updates/issues/34594,,St. Joseph University*en,active,education,,St. Joseph University*en,SJU*en,https://sju.ac.in/,,sju.ac.in,2024,,,,,,,,,Tindivanam,India,1254444
https://github.com/ror-community/ror-updates/issues/34596,,Adam Vital Hospital*en,active,healthcare,Adam-Vital Hospital*en; Adam Vital Hospital Dubai*en,Adam Vital Hospital*en,AVH*en,https://www.adamvitalhospital.com/,,adamvitalhospital.com,2011,,,,,,,,,Dubai,United Arab Emirates,292223
https://github.com/ror-community/ror-updates/issues/34626,,Institut Supérieur de Technologie de Mamou*fr,active,education,Institut Supérieur de Technologie (IST) de Mamou*fr;IST-Mamou*fr,Institut Supérieur de Technologie de Mamou*fr,,https://ist-mamou.org,https://fr.wikipedia.org/wiki/Institut_sup%C3%A9rieur_de_technologie_de_Mamou,ist-mamou.org,2004,,,,,,,Q85537269,Q85537269,Mamou,Guinea,2417833
https://github.com/ror-community/ror-updates/issues/34627,,MATCHA ROOM*en,active,other,MATCHA ROOM®*en; Materials Chat Room*en; Materials Chamber Research Organisation and Management*en,MATCHA ROOM*en,,https://matcharoom.cloud/,,matcharoom.cloud,2018,,,,,,,,,Bojonegoro,Indonesia,1648451
https://github.com/ror-community/ror-updates/issues/34909,,African and Caribbean Council on HIV/AIDS in Ontario*en,active,nonprofit,African & Caribbean Council on HIV/AIDS in Ontario*en,African and Caribbean Council on HIV/AIDS in Ontario*en; Conseil des Africains et Caraïbéens sur le VIH/sida en Ontario*fr,ACCHO*en; CACVO*fr,https://www.accho.ca/,,accho.ca,2005,,,,,,,,,Toronto,Canada,6167865
https://github.com/ror-community/ror-updates/issues/34918,,Vanier Children's Mental Wellness*en,active,healthcare,Madame Vanier Children's Services*en; Vanier Children's Services*en; Madame Vanier Children's Center*en,Vanier Children's Mental Wellness*en,,https://www.vanier.com,,vanier.com,1965,,,,,,,Q137366221,Q137366221,London,Canada,6058560
https://github.com/ror-community/ror-updates/issues/34932,,HHH Research Consultancy & Development*en,active,company,HHH Research Consultancy and Development*en,HHH Research Consultancy & Development*en,HHH*en,https://www.h3rnd.org,,h3rnd.org,,,,,,,,,,Dhaka,Bangladesh,1185241
https://github.com/ror-community/ror-updates/issues/34947,,K.L.E. Society's S. Nijalingappa College*en,active,education,KLE Society's S. Nijalingappa College*en; KLE's S. Nijalingappa College*en,K.L.E. Society's S. Nijalingappa College*en,KLESNC*en,https://www.klesnc.org,,klesnc.org,1963,,,,,0000 0004 1767 8029,0000 0004 1767 8029,,,Bengaluru,India,1277333
https://github.com/ror-community/ror-updates/issues/34949,,Centre for Freudian Analysis and Research*en,active,education,,Centre for Freudian Analysis and Research*en,CFAR*en,https://cfar.org.uk,https://en.wikipedia.org/wiki/Centre_for_Freudian_Analysis_and_Research,cfar.org.uk,1985,,,,,0000 0000 9253 136X,0000 0000 9253 136X,Q5062446,Q5062446,London,United Kingdom,2643743
https://github.com/ror-community/ror-updates/issues/34993,,Public Health Sudbury & Districts*en,active,healthcare,Public Health Sudbury and Districts*en; Sudbury & District Health Unit*en; Sudbury and District Health Unit*en,Public Health Sudbury & Districts*en,PHSD*en,https://www.phsd.ca,,phsd.ca,1956,,,,,,,,,Greater Sudbury,Canada,5964700
https://github.com/ror-community/ror-updates/issues/41075,,Narh-Bita College*en,active,education,,Narh-Bita College*en,,https://narhbitacollege.edu.gh,,narhbitacollege.edu.gh,2004,,,,,,,Q134953552,Q134953552,Tema,Ghana,2294700
https://github.com/ror-community/ror-updates/issues/41278,,Museo Nacional de Historia Natural de Chile*es,active,archive,,Museo Nacional de Historia Natural de Chile*es; Chilean National Museum of Natural History*en,MNHN*es,https://www.mnhn.gob.cl,https://en.wikipedia.org/wiki/Chilean_National_Museum_of_Natural_History,mnhn.gob.cl,1830,,,,,0000 0001 2324 0574,0000 0001 2324 0574,Q3064279,Q3064279,Santiago,Chile,3871336
https://github.com/ror-community/ror-updates/issues/41147,,Ismail National Mahila P.G. College*en,active,education,Ismail National Mahila (P.G.) College*en; Ismail National Mahila P.G. College*en; Ismail National Mahila Post Graduate College*en; Ismail National Mahila PG College*en; INM PG College*en; INMPG College*en; IN College*en; INM PG College Meerut*en,Ismail National Mahila P.G. College*en,INMPG*en,https://www.inmpgcollege.org.in,,inmpgcollege.org.in,1962,,,,,,,Q93966530,Q93966530,Meerut,India,1263214
https://github.com/ror-community/ror-updates/issues/34998,,Trivento Educação*pt,active,education,Grupo Trivento Educação*pt,Trivento Educação*pt,,https://triventoeducacao.com.br,,triventoeducacao.com.br,,,,,,,,,,Belo Horizonte,Brazil,3470127
https://github.com/ror-community/ror-updates/issues/35001,,"Istituto freudiano per la clinica, la terapia e la scienza*it",active,education,,"Istituto freudiano per la clinica, la terapia e la scienza*it",IF*it,https://www.istitutofreudiano.com,,istitutofreudiano.com; istitutofreudiano.it,1990,,,,,,,,,Rome,Italy,3169070
https://github.com/ror-community/ror-updates/issues/35010,,"LLC ""Agency ""AST"""" (Russia)*en",active,company,,"LLC ""Agency ""AST"""" (Russia)*en; LLC ""Agency ""AST""""*en; ООО ""Агентство ""АСТ""""*ru",,https://ast.agency,,ast.agency,2015,,,,,,,,,Omsk,Russia,1496153
https://github.com/ror-community/ror-updates/issues/35027,,Aqqiumavvik Society*en,active,nonprofit,Aqqiumavvik Wellness Society*en; Arviat Wellness Centre*en,Aqqiumavvik Society*en,,https://www.aqqiumavvik.com,,aqqiumavvik.com,2016,,,,,,,,,Arviat,Canada,5887448
https://github.com/ror-community/ror-updates/issues/35034,,Batshaw Youth and Family Centres*en,active,healthcare,,Batshaw Youth and Family Centres*en; Les Centres de la jeunesse et de la famille Batshaw*fr,,https://www.ciusss-ouestmtl.gouv.qc.ca/en/facilities/readaptation-centres-for-troubled-youth/batshaw-youth-and-family-centres,,,1992,,,,,,,,,Westmount,Canada,6179226
https://github.com/ror-community/ror-updates/issues/35037,,BenchSci (Canada)*en,active,company,Scinapsis Analytics Inc.*en,BenchSci (Canada)*en; BenchSci*en,,https://www.benchsci.com,,benchsci.com,2015,,,,,,,,,Toronto,Canada,6167865
https://github.com/ror-community/ror-updates/issues/35042,,Raja Rammohun Roy Mahavidyalaya*en,active,education,Raja Rammohan Roy Mahavidyalaya*en,Raja Rammohun Roy Mahavidyalaya*en; রাজা রামমোহন রায় মহাবিদ্যালয়*bn,RRRM*en,https://www.rrrmahavidyalaya.edu.in,https://en.wikipedia.org/wiki/Raja_Rammohan_Roy_Mahavidyalaya,rrrmahavidyalaya.edu.in,1964,,,,,0000 0004 1769 2277,0000 0004 1769 2277,Q135790995,Q135790995,Radhanagar,India,8740488
https://github.com/ror-community/ror-updates/issues/35049,,Hôpital de Chicoutimi*fr,active,healthcare,Hôpital de Marine*fr; Hôtel-Dieu Saint-Vallier*fr,Hôpital de Chicoutimi*fr; Chicoutimi Hospital*en,,https://santesaglac.gouv.qc.ca/a-propos-de-nous/histoire/,,,1884,,,,,,,Q80053613,Q80053613,Chicoutimi,Canada,5921225
https://github.com/ror-community/ror-updates/issues/35066,,OrganoTherapeutics SARL (Luxembourg)*en,active,company,,OrganoTherapeutics SARL (Luxembourg)*en; OrganoTherapeutics SARL*en,,https://www.organo-therapeutics.com,,organo-therapeutics.com,2019,,,,,,,,,Esch-sur-Alzette,Luxembourg,2960596
https://github.com/ror-community/ror-updates/issues/35107,,Turan International Research Institute*en,active,company,,Turan International Research Institute*en,TIRI*en,https://turanglobal.org,,turanglobal.org,,,,,,,,,,Baku,Azerbaijan,587084
https://github.com/ror-community/ror-updates/issues/35116,,"Institute of Pharmacy, Maregaon*en",active,education,"Shri Chhatrapati Shahu Maharaj Shikshan Sanstha's Institute of Pharmacy, Maregaon*en; SCSMSS Institute of Pharmacy, Maregaon*en","Institute of Pharmacy, Maregaon*en",,https://www.iopmaregaon.org/index,,iopmaregaon.org,1993,,,,,,,,,Maregaon,India,1263535
https://github.com/ror-community/ror-updates/issues/35135,,O2Micro International Limited (Cayman Islands)*en,active,company,,O2Micro International Limited (Cayman Islands)*en; O2Micro International Limited*en,,https://www.o2micro.com,,o2micro.com,1997,,,,,,,,,George Town,Cayman Islands,3580661
https://github.com/ror-community/ror-updates/issues/35153,,"Instituto de Estudios Superiores de Progreso de Obregón, Hidalgo*es",active,education,Instituto de Estudios Superiores de Progreso de Obregón Hidalgo*es,"Instituto de Estudios Superiores de Progreso de Obregón, Hidalgo*es",IESPOH*es,https://iespoh.com,,iespoh.com,,,,,,,,,,Progreso de Obregón,Mexico,3521103
https://github.com/ror-community/ror-updates/issues/35165,,Fundación Pluralismo & Desarrollo*es,active,nonprofit,Fundación Código Abierto*es,Fundación Pluralismo & Desarrollo*es,FUNPYD*es,https://www.pluralismoydesarrollo.org,,pluralismoydesarrollo.org,2024,,,,,,,,,Cúcuta,Colombia,3685533
https://github.com/ror-community/ror-updates/issues/35192,,Caregivers Nova Scotia*en,active,nonprofit,Caregivers Nova Scotia Association*en,Caregivers Nova Scotia*en,CNS*en,https://caregiversns.org,,caregiversns.org,1998,,,,,,,,,Halifax,Canada,6324729
https://github.com/ror-community/ror-updates/issues/35193,,"Centre d’Expertise et de Recherche en Eau, Sol et Environnement*fr",active,company,,"Centre d’Expertise et de Recherche en Eau, Sol et Environnement*fr",CERESE*fr,https://cerese-group.com,,cerese-group.com,2024,,,,,,,,,Abomey-Calavi,Benin,2395914
https://github.com/ror-community/ror-updates/issues/35196,,Centre for Public Health Research*en,active,nonprofit,CPHR-MANT*en,Centre for Public Health Research*en,CPHR*en,https://cphr-mant.org,,cphr-mant.org,2017,,,,,,,,,Kolkata,India,1275004
https://github.com/ror-community/ror-updates/issues/35200,,InfoClin Canada (Canada)*en,active,company,InfoClin*en; InfoClin Inc*en,InfoClin Canada (Canada)*en; InfoClin Canada*en,,https://www.infoclin.ca,,infoclin.ca,,,,,,,,,,Toronto,Canada,6167865
https://github.com/ror-community/ror-updates/issues/35236,,Terra Altai (United States)*en,active,company,,Terra Altai (United States)*en; Terra Altai*en,,https://terra-altai.com,,terra-altai.com,,,,,,,,,,Houston,United States,4699066
https://github.com/ror-community/ror-updates/issues/35237,,Kommission für bayerische Landesgeschichte bei der Bayerischen Akademie der Wissenschaften*de,active,other,Kommission für bayerische Landesgeschichte*de,Kommission für bayerische Landesgeschichte bei der Bayerischen Akademie der Wissenschaften*de; Commission for Bavarian History at the Bavarian Academy of Sciences and Humanities*en,KBLG*de,https://kblg.badw.de/die-kommission.html,https://de.wikipedia.org/wiki/Kommission_f%C3%BCr_bayerische_Landesgeschichte,kblg.badw.de,1927,,,,,0000 0001 0944 2831,0000 0001 0944 2831,Q1780276,Q1780276,Munich,Germany,2867714
https://github.com/ror-community/ror-updates/issues/35241,,Instituto Mexicano de Medicina Integral de Sueño*es,active,healthcare,,Instituto Mexicano de Medicina Integral de Sueño*es,IMMIS*es,https://www.institutomexicanodesueno.com,,institutomexicanodesueno.com,,,,,,,,,,Mexico City,Mexico,3530597
https://github.com/ror-community/ror-updates/issues/35284,,"Song Biotechnologies, LLC (United States)*en",active,company,Song Biotechnologies*en,"Song Biotechnologies, LLC (United States)*en; Song Biotechnologies, LLC*en",,https://songbiotechnologies.com,,songbiotechnologies.com,2015,,,,,0000 0005 0743 5813,0000 0005 0743 5813,,,Baltimore,United States,4347778
https://github.com/ror-community/ror-updates/issues/35289,,Museo de Historia Natural Alcide d'Orbigny*es,active,archive,,Museo de Historia Natural Alcide d'Orbigny*es,,http://museodorbigny.org,https://es.wikipedia.org/wiki/Museo_de_Historia_Natural_Alcide_d%27Orbigny,museodorbigny.org,2003,,,,,,,Q99335797,Q99335797,Cochabamba,Bolivia,3919968
https://github.com/ror-community/ror-updates/issues/35301,,Université de Développement Durable en Afrique Centrale*fr,active,education,Institut Supérieur des Finances et de Commerce*fr,Université de Développement Durable en Afrique Centrale*fr,UDDAC*fr,https://uddac-cd.com,,uddac-cd.com,1991,,,,,,,,,Bukavu,DR Congo,217831
https://github.com/ror-community/ror-updates/issues/35303,,"Optoseeker Biotechnology (Shenzhen) Co., Ltd. (China)*en",active,company,OptoSeeker Biotech*en,"Optoseeker Biotechnology (Shenzhen) Co., Ltd. (China)*en; Optoseeker Biotechnology (Shenzhen) Co., Ltd.*en; 追光生物科技(深圳)有限公司*zh",,https://www.optoseeker.com,,optoseeker.com,2023,,,,,0000 0005 3039 9726,0000 0005 3039 9726,,,Shenzhen,China,1795565
https://github.com/ror-community/ror-updates/issues/35310,,WinSport (Canada)*en,active,nonprofit,Calgary Olympic Development Association*en,WinSport (Canada)*en; WinSport*en,CODA*en,https://www.winsport.ca,https://en.wikipedia.org/wiki/WinSport,winsport.ca,1979,,,,,,,,,Calgary,Canada,5913490
https://github.com/ror-community/ror-updates/issues/35316,,FluidAI Medical (Canada)*en,active,company,NERv Technology Inc.*en,FluidAI Medical (Canada)*en; FluidAI Medical*en,,https://fluidai.md,,fluidai.md,2014,,,,,0000 0005 1097 5300,0000 0005 1097 5300,,,Kitchener,Canada,5992996
https://github.com/ror-community/ror-updates/issues/35330,,Clínica de Ojos Escobar*es,active,healthcare,Grupo Oftalmológico Regnasco*es,Clínica de Ojos Escobar*es,,https://clinicaojosescobar.com.ar/,,clinicaojosescobar.com.ar,1986,,,,,,,,,Belén de Escobar,Argentina,3436079
https://github.com/ror-community/ror-updates/issues/35346,,Instituto Brasileiro de Educação e Desenvolvimento em Inovação Sustentável*pt,active,nonprofit,IBEDIS ICT*pt; Instituto IBEDIS*pt,Instituto Brasileiro de Educação e Desenvolvimento em Inovação Sustentável*pt,IBEDIS*pt,https://ibedis.org/,,ibedis.org,2018,,,,,,,,,São Paulo,Brazil,3448439
https://github.com/ror-community/ror-updates/issues/35365,,"Toxoplasma, Parasitic and Mycotic Infections*en",active,facility,UR 3075 ToPaMIn*en;ToPaMIn*en,"Toxoplasma, Parasitic and Mycotic Infections*en",,https://www.unistra.fr/fr/entites/laboratoire/toxoplasma-parasitic-and-mycotic-infections,,,2026,,,,,,,,,Strasbourg,France,2973783
https://github.com/ror-community/ror-updates/issues/35373,,Fundación Stars4all*es,active,nonprofit,,Fundación Stars4all*es; STARS4ALL Foundation*en,,https://foundation.stars4all.eu/,,foundation.stars4all.eu,2016,,,,,,,Q130013879,Q130013879,Madrid,Spain,3117735
https://github.com/ror-community/ror-updates/issues/35413,,Seeta University*en,active,education,SEETA University*en,Seeta University*en,,https://su.ac.ug/,,su.ac.ug,,,,,,0000 0005 3028 5155,0000 0005 3028 5155,,,Mbalala,Uganda,229282
https://github.com/ror-community/ror-updates/issues/35426,,"Inter American University of Puerto Rico, Aguadilla Campus*en",active,education,Inter Aguadilla*es,"Inter American University of Puerto Rico, Aguadilla Campus*en; Universidad Interamericana de Puerto Rico, Recinto de Aguadilla*es",,https://aguadilla.inter.edu/,,aguadilla.inter.edu,1957,,,,,,,,,Aguadilla,Puerto Rico,4562506
https://github.com/ror-community/ror-updates/issues/35445,,3BIGS (South Korea)*en,active,company,"3BIGS Co., Ltd.*en; 3BIGS Company Limited*en",3BIGS (South Korea)*en; 3BIGS*en; 쓰리빅스*ko,,https://3bigs.com/,,3bigs.com,2018,,,,,0000 0005 0903 3826,0000 0005 0903 3826,,,Hwaseong-si,South Korea,1843847
https://github.com/ror-community/ror-updates/issues/35479,,Association des Entomologistes de Picardie*fr,active,nonprofit,,Association des Entomologistes de Picardie*fr,ADEP*fr,https://adepentomo.fr/,,adepentomo.fr,1988,,,,,,,,,Compiègne,France,3024066
https://github.com/ror-community/ror-updates/issues/35502,,ResearchNB*en,active,funder; nonprofit,,ResearchNB*en; RechercheNB*fr,,https://researchnb.ca/,,researchnb.ca,2023,100013123,100013123,,,,,,,Fredericton,Canada,5957776
https://github.com/ror-community/ror-updates/issues/35541,,"Shenzhen Aibaowei Biological Technology Co., Ltd. (China)*en",active,company,"Aibaowei Biotechnology Co., Ltd.*en; Shenzhen Aibowei Biotechnology Co., Ltd.*en; Shenzhen Aibaowei Bio-Technology Limited Co. Ltd.*en","Shenzhen Aibaowei Biological Technology Co., Ltd. (China)*en; Shenzhen Aibaowei Biological Technology Co., Ltd.*en; 深圳市爱宝惟生物科技有限公司*zh",,https://www.ttq.so/,,ttq.so,2013,,,,,,,,,Shenzhen,China,1795565
https://github.com/ror-community/ror-updates/issues/35550,,Artesia B.V. (Netherlands)*en,active,company,Artesia*nl; Artesia Water*en,Artesia B.V. (Netherlands)*en; Artesia B.V.*nl,,https://www.artesia-water.nl/,,artesia-water.nl,2001,,,,,,,,,Schoonhoven,Netherlands,2747506
https://github.com/ror-community/ror-updates/issues/35597,,Instituto Tecnológico Superior de Monclova*es,active,education,Tecnológico Nacional de México: Instituto Tecnológico Superior de Monclova*es; TecNM Campus Monclova*es; Tec de Monclova*es,Instituto Tecnológico Superior de Monclova*es,ITSM*es,https://tecmonclova.com/web/,,tecmonclova.com,1996,,,,,,,,,Monclova,Mexico,3995523
https://github.com/ror-community/ror-updates/issues/35615,,Negah Animal Eye Clinic*en,active,healthcare,Negah Veterinary Clinic*en; Negah Veterinary Centre*en,Negah Animal Eye Clinic*en,,https://negahvetclinic.com/,,negahvetclinic.com,,,,,,,,,,Tehran,Iran,112931
https://github.com/ror-community/ror-updates/issues/35625,,Kitchener Downtown Community Health Centre*en,inactive,healthcare; nonprofit,,Kitchener Downtown Community Health Centre*en,KDCHC*en,,,,2000,,,,,,,,,Kitchener,Canada,5992996
https://github.com/ror-community/ror-updates/issues/35627,,Moyo Health & Community Services*en,active,nonprofit,Peel HIV/AIDS Network*en,Moyo Health & Community Services*en,PHAN*en,https://www.moyohcs.ca/,,moyohcs.ca,1992,,,,,,,,,Brampton,Canada,5907364
https://github.com/ror-community/ror-updates/issues/35691,,Universidad Tecnológica de las Islas Canarias*es,active,education,TECH Universidad España*es; TECH Global University (Spain)*en,Universidad Tecnológica de las Islas Canarias*es,UTECH*es,https://www.techtitute.com/es-es,,,2024,,,,,,,Q130323544,Q130323544,San Cristóbal de La Laguna,Spain,2511401
https://github.com/ror-community/ror-updates/issues/35706,,Eesti HIV-positiivsete Võrgustik*et,active,nonprofit,Mittetulundusühing Eesti HIV-positiivsete Võrgustik*et,Eesti HIV-positiivsete Võrgustik*et; Estonian Network of People Living with HIV*en,EHPV*et,https://ehpv.ee/,,ehpv.ee,2005,,,,,,,,,Tallinn,Estonia,588409
https://github.com/ror-community/ror-updates/issues/35708,,OBEN IT SOLUTIONS (Nigeria)*en,active,company,,OBEN IT SOLUTIONS (Nigeria)*en; OBEN IT SOLUTIONS*en,,https://obenitsolutions.com/,,obenitsolutions.com,2026,,,,,,,,,Akure,Nigeria,2350841
https://github.com/ror-community/ror-updates/issues/35730,,Faran Mehr Danesh University*en,active,education,Faran (Mehr Danesh) Non-Governmental Institute of Virtual Higher Education*en,Faran Mehr Danesh University*en; موسسه آموزش عالی فاران مهر دانش*fa,,https://faran.ac.ir/,,faran.ac.ir,,,,,,,,,,Tehran,Iran,112931
https://github.com/ror-community/ror-updates/issues/35741,,Rhythm Biosciences (Australia)*en,active,company,Rhythm Biosciences Limited*en,Rhythm Biosciences (Australia)*en; Rhythm Biosciences*en,,https://rhythmbio.com/,,rhythmbio.com,2017,,,,,,,Q109627111,Q109627111,Parkville,Australia,2153770
https://github.com/ror-community/ror-updates/issues/35770,,Yemen and Gulf University for Science and Technology*en,active,education,,Yemen and Gulf University for Science and Technology*en; جامعة اليمن والخليج للعلوم والتكنولوجيا*ar,YGUST*en,https://ygu.edu.ye/,https://ar.wikipedia.org/wiki/%D8%AC%D8%A7%D9%85%D8%B9%D8%A9_%D8%A7%D9%84%D9%8A%D9%85%D9%86_%D9%88%D8%A7%D9%84%D8%AE%D9%84%D9%8A%D8%AC_%D9%84%D9%84%D8%B9%D9%84%D9%88%D9%85_%D9%88%D8%A7%D9%84%D8%AA%D9%83%D9%86%D9%88%D9%84%D9%88%D8%AC%D9%8A%D8%A7,ygu.edu.ye,2014,,,,,,,Q136790520,Q136790520,Sanaa,Yemen,71137
https://github.com/ror-community/ror-updates/issues/35776,,Berlin Mathematics Research Center MATH+*en,active,facility; funder,MATH+ Berlin Mathematics Research Center*en,Berlin Mathematics Research Center MATH+*en,MATH+*en,https://mathplus.de/,https://de.wikipedia.org/wiki/Exzellenzcluster_MATH%2B,mathplus.de,2019,501100019239,501100019239,,,,,Q77087740,Q77087740,Berlin,Germany,2950159
https://github.com/ror-community/ror-updates/issues/35788,,Independent Media Institute*en,active,nonprofit,,Independent Media Institute*en,IMI*en,https://independentmediainstitute.org/,,independentmediainstitute.org,1983,,,,,,,,,New York City,United States,5128581
https://github.com/ror-community/ror-updates/issues/35812,,British Columbia College of Nurses and Midwives*en,active,nonprofit,BC College of Nurses and Midwives*en,British Columbia College of Nurses and Midwives*en,BCCNM*en,https://www.bccnm.ca/Pages/Default.aspx,,bccnm.ca,2020,,,,,,,,,Vancouver,Canada,6173331
https://github.com/ror-community/ror-updates/issues/35815,,Alberta First Nations Information Governance Centre*en,active,nonprofit,The Alberta First Nations Information Governance Centre*en; Alberta FNIGC*en,Alberta First Nations Information Governance Centre*en,AFNIGC*en,https://afnigc.ca,,afnigc.ca,2010,,,,,,,,,Tsuu T'ina Nation 145,Canada,6169844
https://github.com/ror-community/ror-updates/issues/35819,,AIDS Committee of Newfoundland and Labrador*en,active,nonprofit,,AIDS Committee of Newfoundland and Labrador*en,ACNL*en,https://acnl.net,,acnl.net,1988,,,,,,,,,St. John's,Canada,6324733
https://github.com/ror-community/ror-updates/issues/35829,,Ergodic LLC (United States)*en,active,company,Ergodic L.L.C.*en,Ergodic LLC (United States)*en; Ergodic LLC*en,,https://ergodic.io,,ergodic.io,2020,,,,,,,,,Seattle,United States,5809844
https://github.com/ror-community/ror-updates/issues/35846,,Zentrum für neue Sozialpolitik*de,active,nonprofit,Stiftung Grundeinkommen*de,Zentrum für neue Sozialpolitik*de,ZSP*de,https://zentrum-neue-sozialpolitik.org,,zentrum-neue-sozialpolitik.org,2017,,,,,,,,,Berlin,Germany,2950159
https://github.com/ror-community/ror-updates/issues/35849,,DSTI School of Engineering*en,active,education,Data ScienceTech Institute*en,DSTI School of Engineering*en,DSTI*en,https://dsti.school,,dsti.school; dsti.institute,2015,,,,,,,,,Biot,France,3032579
https://github.com/ror-community/ror-updates/issues/35893,,ASR Homoeopathic Medical College & Hospital*en,active,education,"Akula Sree Ramulu Homeopathic Medical College and Hospital*en; ASR Homoeopathic Medical College*en; ASR Homoeopathic Medical College, Tadepalligudem*en",ASR Homoeopathic Medical College & Hospital*en,ASRHMC*en,https://asrhomeopathy.com,,asrhomeopathy.com,2019,,,,,,,,,Tadepalligudem,India,1255264
https://github.com/ror-community/ror-updates/issues/35915,,8Hats Lab (Singapore)*en,active,company,8Hats Lab Pte. Ltd.*en,8Hats Lab (Singapore)*en; 8Hats Lab*en,,https://8hats.ai,,8hats.ai,2026,,,,,,,,,Singapore,Singapore,1880252
https://github.com/ror-community/ror-updates/issues/35918,,Sekolah Tinggi Agama Islam Putra Galuh Ciamis*id,active,education,STAI Putra Galuh Ciamis*id; STAI Putra Galuh*id,Sekolah Tinggi Agama Islam Putra Galuh Ciamis*id,STAI*id,https://putragaluh.ac.id,,putragaluh.ac.id,2000,,,,,,,,,Cijeungjing,Indonesia,8053883
https://github.com/ror-community/ror-updates/issues/35932,,The eDNA Consultancy Ltd. (United Kingdom)*en,active,company,The eDNA Consultancy*en,The eDNA Consultancy Ltd. (United Kingdom)*en; The eDNA Consultancy Ltd.*en,,https://theednaconsultancy.co.uk,,theednaconsultancy.co.uk,2024,,,,,,,,,Frampton on Severn,United Kingdom,2649100
https://github.com/ror-community/ror-updates/issues/35938,,Women's Health & Research Institute of Australia (Australia)*en,active,healthcare; company,Women's Health & Research Institute of Australia Pty Limited*en,Women's Health & Research Institute of Australia (Australia)*en; Women's Health & Research Institute of Australia*en,WHRIA*en,https://www.whria.com.au,,whria.com.au,2007,,,,,,,,,Sydney,Australia,2147714
https://github.com/ror-community/ror-updates/issues/35944,,Indira Gandhi Technological and Medical Sciences University*en,active,education,,Indira Gandhi Technological and Medical Sciences University*en; इंदिरा गाँधी प्रौद्योगिकी एवं चिकित्सा विज्ञान विश्वविद्यालय*hi,IGTAMSU*en,https://www.igtamsu.ac.in,https://en.wikipedia.org/wiki/Indira_Gandhi_Technological_and_Medical_Sciences_University,igtamsu.ac.in,2012,,,,,,,Q19840228,Q19840228,Ziro,India,1252668
https://github.com/ror-community/ror-updates/issues/35947,,Biotalys NV (Belgium)*en,active,company,AgroSavfe NV*en; AgroSavfe*en; Biotalys*en,Biotalys NV (Belgium)*en; Biotalys NV*en,,https://biotalys.com,https://nl.wikipedia.org/wiki/Biotalys,biotalys.com,2013,,,,,,,Q104698919,Q104698919,Ghent,Belgium,2797656
https://github.com/ror-community/ror-updates/issues/35970,,Slovak Archive of Social Data*en,active,archive,,Slovak Archive of Social Data*en; Slovenský archív sociálnych dát*sk,SASD*sk,https://sasd.sav.sk,,sasd.sav.sk,2004,,,,,,,,,Bratislava,Slovakia,3060972
https://github.com/ror-community/ror-updates/issues/35978,,Centre for Informatics Research and Development*en,active,nonprofit,,Centre for Informatics Research and Development*en,CIRD*en,https://sites.google.com/view/cirdi/home,,cird.in,,,,,,,,,,Thiruvananthapuram,India,1254163
https://github.com/ror-community/ror-updates/issues/35984,,Caribbean Colon Cancer Initiative*en,active,nonprofit,,Caribbean Colon Cancer Initiative*en,CCCI*en,https://caribbeancoloncancer.org/,,caribbeancoloncancer.org,2021,,,,,,,,,Saint Michael,Barbados,3373557
https://github.com/ror-community/ror-updates/issues/35986,,Professor Ademola Ojo Emmanuel Foundation*en,active,nonprofit; funder,Ademola Ojo Emmanuel Foundation*en; PAOEF Foundation*en,Professor Ademola Ojo Emmanuel Foundation*en,PAOEF*en,https://paoef.org/,,paoef.org,2021,,,,,,,,,Oriade,Nigeria,7701483
https://github.com/ror-community/ror-updates/issues/36004,,Vignan's Institute of Management and Technology for Women*en,active,education,Vignan's Institute of Management & Technology for Women*en,Vignan's Institute of Management and Technology for Women*en,VMTW*en,https://www.vmtw.in/,,vmtw.in,2008,,,,,0000 0005 1770 6867,0000 0005 1770 6867,,,Kondapuram,India,1445380
https://github.com/ror-community/ror-updates/issues/36012,,Marine Conservation without Borders*en,active,nonprofit,,Marine Conservation without Borders*en; Conservación Marina sin Fronteras*es,MCB*en,https://marinefrontiers.org/,,marinefrontiers.org,2016,,,,,,,,,Florence,United States,4578737
https://github.com/ror-community/ror-updates/issues/36016,,Sustainable Health Systems*en,active,nonprofit,Sustainable Health Systems Sierra Leone*en,Sustainable Health Systems*en,SHS*en,https://shssl.org/,,shssl.org,2016,,,,,,,,,Freetown,Sierra Leone,2409306
https://github.com/ror-community/ror-updates/issues/36022,,Alaska Ocean Observing System*en,active,nonprofit,,Alaska Ocean Observing System*en,AOOS*en,https://aoos.org/,,aoos.org,,,,,,,,Q138465552,Q138465552,Anchorage,United States,5879400
https://github.com/ror-community/ror-updates/issues/36166,,Universidad Interserrana del Estado de Puebla - Chilchotla*es,active,education,Universidad Interserrana del Estado de Puebla Chilchotla*es,Universidad Interserrana del Estado de Puebla - Chilchotla*es,UICh*es,https://uich.edu.mx/,https://es.wikipedia.org/wiki/Universidad_Interserrana_del_Estado_de_Puebla_-_Chilchotla,uich.edu.mx,2009,,,,,,,Q141047383,Q141047383,Rafael J. García,Mexico,3520876
https://github.com/ror-community/ror-updates/issues/36176,,Ma'had Aly Walindo*id,active,education,,Ma'had Aly Walindo*id,,http://mahadalywalindo.ac.id/,,mahadalywalindo.ac.id,2021,,,,,,,,,Boyoteluk,Indonesia,6755509
https://github.com/ror-community/ror-updates/issues/36211,,Aspidia srl (Italy)*en,active,company,Aspidia*en,Aspidia srl (Italy)*en; Aspidia srl*en,,https://www.aspidia.com/,,aspidia.com,2021,,,,,0000 0005 3089 2940,0000 0005 3089 2940,,,Milan,Italy,3173435
https://github.com/ror-community/ror-updates/issues/36303,,Ice Memory Foundation*en,active,nonprofit; archive,,Ice Memory Foundation*en; Fondation Ice Memory*fr,,https://www.ice-memory.org/,,ice-memory.org,2021,,,,,,,Q114454896,Q114454896,Saint-Martin-d'Hères,France,2978317
https://github.com/ror-community/ror-updates/issues/36315,,Mykhailo Boichuk Kyiv State Academy of Decorative-Applied Arts and Design*en,active,education,Mykhailo Boichuk Kyiv State Academy of Decorative Applied Arts and Design*en; Mykhailo Boichuk KSADAAD*en; Kyiv State Academy of Decorative and Applied Arts and Design named after Mykhailo Boichuk*en,Mykhailo Boichuk Kyiv State Academy of Decorative-Applied Arts and Design*en; Київська державна академія декоративно-прикладного мистецтва і дизайну імені Михайла Бойчука*uk,КДАДПМД*uk,https://kdidpmid.edu.ua/academy/,https://uk.wikipedia.org/wiki/%D0%9A%D0%B8%D1%97%D0%B2%D1%81%D1%8C%D0%BA%D0%B0_%D0%B4%D0%B5%D1%80%D0%B6%D0%B0%D0%B2%D0%BD%D0%B0_%D0%B0%D0%BA%D0%B0%D0%B4%D0%B5%D0%BC%D1%96%D1%8F_%D0%B4%D0%B5%D0%BA%D0%BE%D1%80%D0%B0%D1%82%D0%B8%D0%B2%D0%BD%D0%BE-%D0%BF%D1%80%D0%B8%D0%BA%D0%BB%D0%B0%D0%B4%D0%BD%D0%BE%D0%B3%D0%BE_%D0%BC%D0%B8%D1%81%D1%82%D0%B5%D1%86%D1%82%D0%B2%D0%B0_%D1%96_%D0%B4%D0%B8%D0%B7%D0%B0%D0%B9%D0%BD%D1%83_%D1%96%D0%BC%D0%B5%D0%BD%D1%96_%D0%9C%D0%B8%D1%85%D0%B0%D0%B9%D0%BB%D0%B0_%D0%91%D0%BE%D0%B9%D1%87%D1%83%D0%BA%D0%B0,kdidpmid.edu.ua,1938,,,,,0000 0005 1275 2223,0000 0005 1275 2223,Q162633,Q162633,Kyiv,Ukraine,703448
https://github.com/ror-community/ror-updates/issues/36331,,Rourkela Institute of Technology*en,active,education,"Rourkela Institute of Technology, Kalunga*en; Rourkela Institute of Technology Kalunga*en",Rourkela Institute of Technology*en,RIT*en,https://www.ritrkl.ac.in/,,ritrkl.ac.in,1984,,,,,,,,,Rourkela,India,1258315
https://github.com/ror-community/ror-updates/issues/36337,,Facoltà Teologica Pugliese*it,active,education,Facoltà Teologica Pugliese di Bari*it,Facoltà Teologica Pugliese*it,FTP*it,https://www.facoltateologica.it/,https://de.wikipedia.org/wiki/Theologische_Fakult%C3%A4t_von_Apulien,facoltateologica.it,2005,,,,,,,Q122579060,Q122579060,Bari,Italy,3182351
https://github.com/ror-community/ror-updates/issues/36357,,Sardar Patel University Mandi*en,active,education,"Sardar Patel University, Mandi*en; SPU Mandi*en",Sardar Patel University Mandi*en,SPU*en,https://www.spumandi.ac.in/,https://en.wikipedia.org/wiki/Sardar_Patel_University_Mandi,spumandi.ac.in,2022,,,,,0000 0005 1312 8828,0000 0005 1312 8828,Q111744229,Q111744229,Mandi,India,1263862
https://github.com/ror-community/ror-updates/issues/36372,,Indian Institute of Information Technology Kottayam*en,active,education; funder,"Indian Institute of Information Technology, Kottayam*en; IIIT Kottayam*en",Indian Institute of Information Technology Kottayam*en; भारतीय सूचना प्रौद्योगिकी संस्थान कोट्टायम*hi,IIITK*en,https://www.iiitkottayam.ac.in/,https://en.wikipedia.org/wiki/Indian_Institute_of_Information_Technology%2C_Kottayam,iiitkottayam.ac.in,2015,100031649,100031649,,,0000 0004 8010 5127,0000 0004 8010 5127,Q24907467,Q24907467,Meenachil,India,12681980
https://github.com/ror-community/ror-updates/issues/36373,,Institute of Engineering Thapathali Campus*en,active,education,"Tribhuvan University, Institute of Engineering, Thapathali Campus*en; Thapathali Campus*en; Technical Training Institute*en",Institute of Engineering Thapathali Campus*en; थापाथली क्याम्पस*ne,TTI*en,https://tcioe.edu.np/,,tcioe.edu.np,1963,,,,,,,,,Kathmandu,Nepal,1283240
https://github.com/ror-community/ror-updates/issues/36377,,Aboriginal and Torres Strait Islander Community Health Service Brisbane*en,active,healthcare,ATSICHS Brisbane*en; Aboriginal and Torres Strait Islander Community Health Service Brisbane Ltd.*en; Aboriginal and Torres Strait Islander Community Health Service Brisbane Limited*en,Aboriginal and Torres Strait Islander Community Health Service Brisbane*en,ATSICHS*en,https://atsichsbrisbane.org.au/,,atsichsbrisbane.org.au,1973,,,,,,,,,Brisbane,Australia,2174003
https://github.com/ror-community/ror-updates/issues/36405,,École Supérieure d’Art et Design •Grenoble •Valence*fr,active,education,École Supérieure d’Art et Design de Grenoble-Valence*fr,École Supérieure d’Art et Design •Grenoble •Valence*fr,ESAD-GV*fr; ESAD•GV*fr,https://esad-gv.fr,https://fr.wikipedia.org/wiki/%C3%89cole_sup%C3%A9rieure_d%27art_et_design_de_Grenoble-Valence,esad-gv.fr,2011,,,,,,,Q22248359,Q22248359,Grenoble; Valence,France,3014728; 2971053
https://github.com/ror-community/ror-updates/issues/36411,,GLIWA GmbH & Co. KG (Germany)*en,active,company,,GLIWA GmbH & Co. KG (Germany)*en; GLIWA GmbH & Co. KG*en,,https://www.gliwa.com,,gliwa.com,2003,,,,,,,,,Weilheim in Oberbayern,Germany,2812515
https://github.com/ror-community/ror-updates/issues/36437,,Demcon (Netherlands)*en,active,company,DEMCON Holding B.V.*nl,Demcon (Netherlands)*en; Demcon*en,,https://demcon.com,,demcon.com,1993,,,,,,,,,Enschede,Netherlands,2756071
https://github.com/ror-community/ror-updates/issues/36440,,Servicio Nacional del Adulto Mayor*es,active,government,,Servicio Nacional del Adulto Mayor*es,SENAMA*es,https://www.senama.gob.cl,https://es.wikipedia.org/wiki/Servicio_Nacional_del_Adulto_Mayor,senama.gob.cl,2002,,,,,,,Q20018788,Q20018788,Santiago,Chile,3871336
https://github.com/ror-community/ror-updates/issues/36450,,BioMac Lab (Bangladesh)*en,active,company,,BioMac Lab (Bangladesh)*en; BioMac Lab*en,,https://www.biomaclab.com,,biomaclab.com,2024,,,,,0000 0005 3027 3373,0000 0005 3027 3373,,,Dhaka,Bangladesh,1185241
https://github.com/ror-community/ror-updates/issues/36464,,"College of Health Sciences and Technology, Jahun*en",active,education,"School of Health Technology, Jahun*en","College of Health Sciences and Technology, Jahun*en",,https://www.chstjahun.edu.ng,,chstjahun.edu.ng,1989,,,,,0000 0004 6362 2851,0000 0004 6362 2851,,,Jahun,Nigeria,2336641
https://github.com/ror-community/ror-updates/issues/36474,,A. R. College of Pharmacy & G. H. Patel Institute of Pharmacy*en,active,education,AR College of Pharmacy and GH Patel Institute of Pharmacy*en,A. R. College of Pharmacy & G. H. Patel Institute of Pharmacy*en,ARGH*en,https://www.arghpharmacy.ac.in,,arghpharmacy.ac.in,1981,,,,,0000 0004 1799 8268,0000 0004 1799 8268,,,Vallabh Vidyanagar,India,1253482
https://github.com/ror-community/ror-updates/issues/36478,,United Nations Office for Disaster Risk Reduction*en,active,government,United Nations International Strategy for Disaster Reduction*en,United Nations Office for Disaster Risk Reduction*en,UNDRR*en; UNISDR*en,https://www.undrr.org,https://en.wikipedia.org/wiki/United_Nations_Office_for_Disaster_Risk_Reduction,undrr.org,1999,,,,,0000 0001 2359 2131,0000 0001 2359 2131,Q7888446,Q7888446,Geneva,Switzerland,2660646
https://github.com/ror-community/ror-updates/issues/36482,,"Hubei Yihua Group Co., Ltd. (China)*en",active,company,Hubei Yihua Group*en,"Hubei Yihua Group Co., Ltd. (China)*en; Hubei Yihua Group Co., Ltd.*en",,https://en.hbyihua.cn/,https://zh.wikipedia.org/wiki/%E5%AE%9C%E5%8C%96%E9%9B%86%E5%9B%A2,hbyihua.cn,1977,,,,,,,Q10948814,Q10948814,Yichang,China,1786764
https://github.com/ror-community/ror-updates/issues/36500,,The Surveyors’ Trust*en,active,funder,The Surveyors Trust*en; Surveyors Trust Australia*en,The Surveyors’ Trust*en,,https://www.thesurveyorstrust.org.au,,thesurveyorstrust.org.au,2001,,,,,,,,,Brisbane,Australia,2174003
https://github.com/ror-community/ror-updates/issues/36503,,Birendra Multiple Campus*en,active,education,,Birendra Multiple Campus*en; वीरेन्द्र बहुमुखी क्याम्पस*ne,BMC*en,https://bimc.tu.edu.np/,https://en.wikipedia.org/wiki/Birendra_Multiple_Campus,bimc.tu.edu.np,1965,,,,,0000 0004 1777 3106,0000 0004 1777 3106,Q13186198,Q13186198,Bharatpur,Nepal,1283613
https://github.com/ror-community/ror-updates/issues/36512,,Council for International Organizations of Medical Sciences*en,active,nonprofit,,Council for International Organizations of Medical Sciences*en,CIOMS*en,https://cioms.ch/,https://en.wikipedia.org/wiki/Council_for_International_Organizations_of_Medical_Sciences,cioms.ch,1949,,,,,0000 0001 2190 7478,0000 0001 2190 7478,Q2132314,Q2132314,Geneva,Switzerland,2660646
https://github.com/ror-community/ror-updates/issues/36513,,OCEANO VOX (France)*fr,active,company,,OCEANO VOX (France)*fr; OCEANO VOX*fr,,https://www.oceano-vox.com/oceano_vox.html,,oceano-vox.com; oceanovox.com,2021,,,,,,,,,Nantes,France,2990969
https://github.com/ror-community/ror-updates/issues/36520,,AIDeep Economics (Uruguay)*en,active,company,AI Deep Economics*en; AI Deep Economics SAS*en; AIDeep*en,AIDeep Economics (Uruguay)*en; AIDeep Economics*en,,https://www.aideepeconomics.com/,,aideepeconomics.com,2023,,,,,,,Q140450599,Q140450599,Montevideo,Uruguay,3441575
https://github.com/ror-community/ror-updates/issues/36542,,"Rating Agency ""MIRA""*en",active,company,,"Rating Agency ""MIRA""*en; Рейтингове агентство «МІРА»*uk",,https://mira-raiting.agency,,mira-raiting.agency,2004,,,,,,,,,Cherkasy,Ukraine,710791
https://github.com/ror-community/ror-updates/issues/36548,,Hosmat Hospital Educational Institute - College of Physiotherapy*en,active,education,,Hosmat Hospital Educational Institute - College of Physiotherapy*en,,https://www.bethelmedicalservices.org,,,,,,,,,,,,BANGALORE,India,1277333
https://github.com/ror-community/ror-updates/issues/36550,,Sri Sukhmani College of Law*en,active,education,,Sri Sukhmani College of Law*en,SSCL*en,,,,2021,,,,,,,,,Dera Bassi,India,1276765
https://github.com/ror-community/ror-updates/issues/36564,,Sulawesi Cipta Forum*id,active,nonprofit,Yayasan Sulawesi Cipta Forum*id; Sulawesi Community Foundation*en; Yayasan Komunitas Sulawesi*id,Sulawesi Cipta Forum*id,SCF*id,https://scf.or.id,,scf.or.id,2006,,,,,,,,,Makassar,Indonesia,1622786
https://github.com/ror-community/ror-updates/issues/36578,,FTSA- Faculdade Teológica Sul Americana*pt,active,education,,FTSA- Faculdade Teológica Sul Americana*pt,FSTA*pt,https://ftsa.edu.br,https://pt.wikipedia.org/wiki/Faculdade_Teol%C3%B3gica_Sul_Americana,ftsa.edu.br,2000,,,,,,,,,Londrina,Brasil,3458449
https://github.com/ror-community/ror-updates/issues/36601,,Priyanka Hospital & Cardiac Centre*en,active,healthcare,Priyanka Hospital and Cardiac Center*en,Priyanka Hospital & Cardiac Centre*en,PHCC*en,https://priyankahospital.com,,priyankahospital.com,,,,,,,,,,Jaipur,India,1269515
https://github.com/ror-community/ror-updates/issues/36609,,Kelp Forest Foundation*en,active,nonprofit; funder,,Kelp Forest Foundation*en,KFF*en,https://www.kelpforestfoundation.org,,kelpforestfoundation.org,2021,,,,,,,,,Zeist,Netherlands,2743977
https://github.com/ror-community/ror-updates/issues/36670,,Qom Islamic Seminary*en,active,education,Qom Hawza*en; Qom Seminary*en; Qom Shiite Seminary*en,Qom Islamic Seminary*en; حوزه علمیه قم*fa,,,https://en.wikipedia.org/wiki/Qom_Seminary,,1922,,,,,,,Q4119319,Q4119319,Qom,Iran,119208
https://github.com/ror-community/ror-updates/issues/36681,,Kasthurba College for Women*en,active,education,Villianur College for Women*en,Kasthurba College for Women*en,KCW*en,https://kcw.org.in/,,kcw.org.in,2005,,,,,,,,,Villianur,India,1253169
https://github.com/ror-community/ror-updates/issues/36756,,WARMI Mental Health*en,active,nonprofit,WARMI A Mental Health Society*en,WARMI Mental Health*en,,https://www.warmimentalhealth.com/,,warmimentalhealth.com,2018,,,,,,,,,Cincinnati,United States,4508722
https://github.com/ror-community/ror-updates/issues/36763,,Myositis International Health & Research Collaborative Alliance*en,active,nonprofit,MIHRA Foundation*en; Myositis International Health and Research Collaborative Alliance (MIHRA) Foundation*en,Myositis International Health & Research Collaborative Alliance*en,MIHRA*en,https://mihrafoundation.org/,,mihrafoundation.org,2023,,,,,,,,,New Orleans,United States,4335045
https://github.com/ror-community/ror-updates/issues/36782,,Roudaki Higher Education Institute*en,active,education,Rodaki Higher Education Institute*en; Rodaki Institute of Higher Education*en; Roudaki Non-profit Non-Governmental Higher Education Institute*en,Roudaki Higher Education Institute*en; موسسه آموزش عالی رودکی تنکابن*fa,,https://rodaki.ac.ir/portal/,,rodaki.ac.ir,2006,,,,,,,,,Tonekabon,Iran,112656
https://github.com/ror-community/ror-updates/issues/36794,,HFC Human-Factors-Consult GmbH*de,active,company,HFC - Human Factors Consult GmbH*de; Human-Factors-Consult GmbH*de,HFC Human-Factors-Consult GmbH*de,HFC*de,https://human-factors-consult.de/,,human-factors-consult.de,2003,,,,,0000 0004 9295 9058,0000 0004 9295 9058,,,Berlin,Germany,2950159
https://github.com/ror-community/ror-updates/issues/36797,,QCentroid*en,active,company,"QCentroid Labs, S.L.*es",QCentroid*en,,https://qcentroid.com/,,qcentroid.com; qcentroid.xyz,2022,,,,,,,,,Bilbao,Spain,3128026
https://github.com/ror-community/ror-updates/issues/36824,,Sanjay Memorial Institute of Technology*en,active,education,S.M. Institute of Technology*en,Sanjay Memorial Institute of Technology*en,SMIT*en,https://smitorissa.org/,,smitorissa.org,1980,,,,,,,,,Brahmapur,India,1275198
https://github.com/ror-community/ror-updates/issues/36830,,Aboriginal Health & Wellness Centre of Winnipeg Inc.*en,active,healthcare; nonprofit,"Aboriginal Health and Wellness Centre of Winnipeg, Inc.*en; Aboriginal Health & Wellness Centre*en",Aboriginal Health & Wellness Centre of Winnipeg Inc.*en,AHWC*en,https://www.ahwc.ca/,,ahwc.ca,1994,,,,,,,,,Winnipeg,Canada,6183235
https://github.com/ror-community/ror-updates/issues/36831,,AIDS Committee of Durham Region*en,active,nonprofit,The AIDS Committee of Durham Region*en,AIDS Committee of Durham Region*en,ACDR*en,https://www.aidsdurham.com/,,aidsdurham.com,1992,,,,,,,Q124461129,Q124461129,Oshawa,Canada,6094578
https://github.com/ror-community/ror-updates/issues/36840,,E.S.E. Hospital Universitario Erasmo Meoz*es,active,healthcare,Hospital Universitario Erasmo Meoz*es; ESE Hospital Universitario Erasmo Meoz*es,E.S.E. Hospital Universitario Erasmo Meoz*es,ESE HUEM*es; HUEM*es,https://herasmomeoz.gov.co/,https://es.wikipedia.org/wiki/Hospital_Universitario_Erasmo_Meoz,herasmomeoz.gov.co,1987,,,,,0000 0005 0724 2069,0000 0005 0724 2069,Q5902942,Q5902942,Cúcuta,Colombia,3685533
https://github.com/ror-community/ror-updates/issues/36902,,Golap Borbora State Institute of Panchayat and Rural Development*en,active,government,State Institute of Panchayat & Rural Development*en; State Institute of Panchayat and Rural Development*en,Golap Borbora State Institute of Panchayat and Rural Development*en,GBSIPRD*en; SIPRD*en,https://gbsiprd.assam.gov.in/,,gbsiprd.assam.gov.in,1998,,,,,0000 0004 1756 5286,0000 0004 1756 5286,,,Guwahati,India,1271476
https://github.com/ror-community/ror-updates/issues/36906,,"Moscow Multidisciplinary Clinical Center ""Kommunarka""*en",active,healthcare,"MMCC ""Kommunarka""*en; City Clinical Hospital No. 40*en; Государственное бюджетное учреждение здравоохранения города Москвы «Московский многопрофильный клинический центр «Коммунарка» Департамента здравоохранения города Москвы»*ru","Moscow Multidisciplinary Clinical Center ""Kommunarka""*en; Московский многопрофильный клинический центр «Коммунарка»*ru",MMCC*en; ММКЦ*ru,https://mmccdzm.ru/,https://en.wikipedia.org/wiki/City_Clinical_Hospital_No._40_%28Moscow%29,mmccdzm.ru,1898,,,,,,,Q88643858,Q88643858,Moscow,Russian Federation,524901
https://github.com/ror-community/ror-updates/issues/36916,,Instituto Superior Tecnológico Ismael Pérez Pazmiño*es,active,education,,Instituto Superior Tecnológico Ismael Pérez Pazmiño*es,INSTIPP*es,https://web.instipp.edu.ec/,,instipp.edu.ec,2003,,,,,,,,,Machala,Ecuador,3654533
https://github.com/ror-community/ror-updates/issues/36922,,Body Brave*en,active,nonprofit,Body Brave Canada*en; Body Brave Inc.*en,Body Brave*en,,https://www.bodybrave.ca,,bodybrave.ca,2017,,,,,,,,,Hamilton,Canada,5969782
https://github.com/ror-community/ror-updates/issues/36924,,Canuck Place Children's Hospice*en,active,healthcare,Canuck Place*en,Canuck Place Children's Hospice*en,,https://www.canuckplace.org,,canuckplace.org,1990,,,,,0000 0004 0456 9720,0000 0004 0456 9720,Q137365432,Q137365432,Vancouver,Canada,6173331
https://github.com/ror-community/ror-updates/issues/36938,,Supply Chain Intelligence Institute Austria*en,active,nonprofit,Austrian Supply Chain Intelligence Institute*en,Supply Chain Intelligence Institute Austria*en,ASCII*en,https://ascii.ac.at,,ascii.ac.at,2023,,,,,0000 0005 2865 8936,0000 0005 2865 8936,,,Vienna,Austria,2761369
https://github.com/ror-community/ror-updates/issues/36941,,Sociedade de Pesquisa Qualitativa em Motricidade Humana*pt,active,nonprofit,,Sociedade de Pesquisa Qualitativa em Motricidade Humana*pt; Society for Qualitative Research in Human Motricity*en; Sociedad de Investigación Cualitativa en Motricidad Humana*es,SPQMH*pt,https://www.motricidades.org/spqmh/,,motricidades.org,2003,,,,,,,Q74432693,Q74432693,São Carlos,Brazil,3449319
https://github.com/ror-community/ror-updates/issues/36947,,Yersin University of Dalat*en,active,education,Yersin University Da Lat*en,Yersin University of Dalat*en; Trường Đại học Yersin Đà Lạt*vi,,https://yersin.edu.vn,https://vi.wikipedia.org/wiki/Tr%C6%B0%E1%BB%9Dng_%C4%90%E1%BA%A1i_h%E1%BB%8Dc_Yersin_%C4%90%C3%A0_L%E1%BA%A1t,yersin.edu.vn,2004,,,,,0000 0005 2731 527X,0000 0005 2731 527X,Q10829037,Q10829037,Da Lat,Vietnam,1584071
https://github.com/ror-community/ror-updates/issues/36952,,The Neighbourhood Organization*en,active,nonprofit,Thorncliffe Neighbourhood Office*en; Thorncliffe Neighbourhood Office of Toronto for Social & Multicultural Development*en,The Neighbourhood Organization*en,TNO*en,https://tno-toronto.org,,tno-toronto.org,1985,,,,,,,,,Toronto,Canada,6167865
https://github.com/ror-community/ror-updates/issues/36954,,Faculdade Dinâmica do Vale do Piranga*pt,active,education,Faculdade Dinâmica*pt,Faculdade Dinâmica do Vale do Piranga*pt,FADIP*pt,https://www.faculdadedinamica.com.br,,faculdadedinamica.com.br,2006,,,,,0000 0004 7958 2866,0000 0004 7958 2866,Q56841406,Q56841406,Ponte Nova,Brazil,3453078
https://github.com/ror-community/ror-updates/issues/36959,,Sekolah Tinggi Agama Kristen Arastamar Grimenawa Jayapura*id,active,education,STAK Arastamar Grimenawa Jayapura*id,Sekolah Tinggi Agama Kristen Arastamar Grimenawa Jayapura*id; Arastamar Grimenawa Christian College Jayapura*en,STAK AGJ*id,https://stak-agj.ac.id,,stak-agj.ac.id,2014,,,,,,,Q109919322,Q109919322,Sentani,Indonesia,2082460
https://github.com/ror-community/ror-updates/issues/36974,,"Specijalna bolnica za psihijatrijske bolesti ""Gornja Toponica""*sr",active,healthcare,,"Specijalna bolnica za psihijatrijske bolesti ""Gornja Toponica""*sr; Специјална болница за психијатријске болести ""Горња Топоница""*sr; Special Hospital for Psychiatric Diseases ""Gornja Toponica""*en",SBPB*sr,https://spbtoponica.rs,https://sr.wikipedia.org/wiki/%D0%A1%D0%BF%D0%B5%D1%86%D0%B8%D1%98%D0%B0%D0%BB%D0%BD%D0%B0_%D0%B1%D0%BE%D0%BB%D0%BD%D0%B8%D1%86%D0%B0_%D0%B7%D0%B0_%D0%BF%D1%81%D0%B8%D1%85%D0%B8%D1%98%D0%B0%D1%82%D1%80%D0%B8%D1%98%D1%81%D0%BA%D0%B5_%D0%B1%D0%BE%D0%BB%D0%B5%D1%81%D1%82%D0%B8_%D0%93%D0%BE%D1%80%D1%9A%D0%B0_%D0%A2%D0%BE%D0%BF%D0%BE%D0%BD%D0%B8%D1%86%D0%B0,spbtoponica.rs,1926,,,,,,,Q2733246,Q2733246,Gornja Toponica,Serbia,790457
https://github.com/ror-community/ror-updates/issues/36992,,Szpital Powiatowy im. dr Tytusa Chałubińskiego w Zakopanem*pl,active,healthcare,Tytus Chałubiński District General Hospital*en,Szpital Powiatowy im. dr Tytusa Chałubińskiego w Zakopanem*pl; Tytus Chałubiński's Hospital in Zakopane*en,,https://szpital-zakopane.pl,,szpital-zakopane.pl,,,,,,,,,,Zakopane,Poland,3080866
https://github.com/ror-community/ror-updates/issues/36994,,Ghent Centre for Digital Humanities*en,active,facility,GhentCDH*en,Ghent Centre for Digital Humanities*en,,https://www.ghentcdh.ugent.be,,ghentcdh.ugent.be,2012,,,,,,,,,Ghent,Belgium,2797656
https://github.com/ror-community/ror-updates/issues/36997,,Kakojan College*en,active,education,,Kakojan College*en; কাকজান মহাবিদ্যালয়*as,KC*en,https://kakojancollege.edu.in,https://as.wikipedia.org/wiki/%E0%A6%95%E0%A6%BE%E0%A6%95%E0%A6%9C%E0%A6%BE%E0%A6%A8_%E0%A6%AE%E0%A6%B9%E0%A6%BE%E0%A6%AC%E0%A6%BF%E0%A6%A6%E0%A7%8D%E0%A6%AF%E0%A6%BE%E0%A6%B2%E0%A6%AF%E0%A6%BC,kakojancollege.edu.in,1967,,,,,0000 0005 2799 6749,0000 0005 2799 6749,Q39059770,Q39059770,Teok,India,12680357
https://github.com/ror-community/ror-updates/issues/37048,,Kandra Radhakanta Kundu Mahavidyalaya*en,active,education,Kandra Radha Kanta Kundu Mahavidyalaya*en,Kandra Radhakanta Kundu Mahavidyalaya*en,,https://www.kandrarkkmahavidyalaya.org,https://sat.wikipedia.org/wiki/%E1%B1%A0%E1%B1%9F%E1%B1%B8%E1%B1%AB%E1%B1%BD%E1%B1%A8%E1%B1%9F_%E1%B1%A8%E1%B1%9F%E1%B1%AB%E1%B1%B7%E1%B1%9F_%E1%B1%A0%E1%B1%9F%E1%B1%B1%E1%B1%9B%E1%B1%9A_%E1%B1%A0%E1%B1%A9%E1%B1%B1%E1%B1%B0%E1%B1%A9_%E1%B1%A2%E1%B1%9F%E1%B1%A6%E1%B1%9F%E1%B1%B5%E1%B1%A4%E1%B1%AB%E1%B1%BD%E1%B1%AD%E1%B1%9F%E1%B1%9E%E1%B1%9A%E1%B1%AD,kandrarkkmahavidyalaya.org,2001,,,,,0000 0005 2794 1262,0000 0005 2794 1262,Q6361604,Q6361604,Kandra,India,12523122
https://github.com/ror-community/ror-updates/issues/37051,,Consilience Research Foundation*en,active,nonprofit,,Consilience Research Foundation*en,CRF*en,https://www.consilienceresearch.in,,consilienceresearch.in,2025,,,,,,,,,Dehradun,India,1273313
https://github.com/ror-community/ror-updates/issues/37052,,Yangi Asr Universiteti*uz,active,education,,Yangi Asr Universiteti*uz; New Century University*en,,https://yangiasr.uz,,yangiasr.uz,2021,,,,,,,,,Tashkent,Uzbekistan,1512569
https://github.com/ror-community/ror-updates/issues/37054,,AZ Sint-Maarten*nl,active,healthcare,Algemeen Ziekenhuis Sint-Maarten*nl,AZ Sint-Maarten*nl,,https://www.azsintmaarten.be,https://nl.wikipedia.org/wiki/Algemeen_Ziekenhuis_Sint-Maarten,azsintmaarten.be,1999,,,,,,,Q28149769,Q28149769,Mechelen,Belgium,2791537
https://github.com/ror-community/ror-updates/issues/37056,,Institut Teknologi Gamalama*id,active,education,Institut Teknologi Gamalama Ternate*id; Akademi Ilmu Komputer Ternate*id; INTEG Ternate*id,Institut Teknologi Gamalama*id,INTEG*id; AIKOM*id,https://integ.ac.id,,integ.ac.id,2024,,,,,,,Q140905305,Q140905305,Ternate,Indonesia,1624041
https://github.com/ror-community/ror-updates/issues/37065,,Özel İskenderun Gelişim Hastanesi*tr,active,healthcare,İskenderun Gelişim Hastanesi*tr; Iskenderun Gelisim Hastanesi*tr,Özel İskenderun Gelişim Hastanesi*tr; Iskenderun Gelisim Hospital*en,,https://www.gelisimhastanesi.com,,gelisimhastanesi.com,2005,,,,,,,,,İskenderun,Türkiye,311111
https://github.com/ror-community/ror-updates/issues/37069,,State Institution «Ivan Franko Institute of the National Academy of Sciences of Ukraine»*en,active,government,Ivan Franko Institute of the National Academy of Sciences of Ukraine*en,State Institution «Ivan Franko Institute of the National Academy of Sciences of Ukraine»*en; Державна установа «Інститут Івана Франка Національної академії наук України»*uk;ДУ «ІФ НАН України»*uk,SI «IF NASU»*en,http://ifnan.gov.ua,https://uk.wikipedia.org/wiki/%D0%86%D0%BD%D1%81%D1%82%D0%B8%D1%82%D1%83%D1%82_%D0%86%D0%B2%D0%B0%D0%BD%D0%B0_%D0%A4%D1%80%D0%B0%D0%BD%D0%BA%D0%B0_%D0%9D%D0%90%D0%9D_%D0%A3%D0%BA%D1%80%D0%B0%D1%97%D0%BD%D0%B8,ifnan.gov.ua,2011,,,,,,,Q28706155,Q28706155,Lviv,Ukraine,702550
https://github.com/ror-community/ror-updates/issues/37074,,College of Micronesia Land Grant Program*en,active,education,College of Micronesia*en; College of Micronesia Land-Grant Program*en; COM Land Grant Program*en,College of Micronesia Land Grant Program*en,COM*en; COMLGP*en; COM-LG*en,https://comlandgrant.org,,comlandgrant.org,1977,,,,,,,,,Kolonia,Federated States of Micronesia,4043034
https://github.com/ror-community/ror-updates/issues/37082,,Pôle National Supérieur de Danse Rosella Hightower*fr,active,education,PNSD Rosella Hightower*fr; École Supérieure de Danse de Cannes Rosella Hightower*fr; ESDC Rosella Hightower*fr,Pôle National Supérieur de Danse Rosella Hightower*fr,PNSD*fr,https://www.pnsd.fr,https://fr.wikipedia.org/wiki/P%C3%B4le_national_sup%C3%A9rieur_de_danse_Rosella-Hightower,pnsd.fr,1961,,,,,,,Q3578444,Q3578444,Mougins,France,2991551
https://github.com/ror-community/ror-updates/issues/37085,,Fundación Europea Sociedad y Educación*es,active,nonprofit,Fundación Sociedad y Educación*es,Fundación Europea Sociedad y Educación*es; European Foundation Society and Education*en,EFSE*es,https://www.sociedadyeducacion.org/,,sociedadyeducacion.org,2004,,,,,,,Q131901758,Q131901758,Madrid,Spain,3117735
https://github.com/ror-community/ror-updates/issues/37091,,YouthCO HIV & Hep C Society*en,active,nonprofit,YouthCO AIDS Society*en; YouthCO*en,YouthCO HIV & Hep C Society*en,,https://www.youthco.org/,,youthco.org,1994,,,,,,,,,Vancouver,Canada,6173331
https://github.com/ror-community/ror-updates/issues/37097,,Instituto Brasileiro de Fluência*pt,active,nonprofit,,Instituto Brasileiro de Fluência*pt; Brazilian Fluency Institute*en,IBF*pt,https://www.gagueira.org.br/,,gagueira.org.br,2006,,,,,,,,,São Paulo,Brazil,3448439
https://github.com/ror-community/ror-updates/issues/37126,,Politeknik Ketenagakerjaan*id,active,education,Politeknik Ketenagakerjaan Indonesia*id,Politeknik Ketenagakerjaan*id; Manpower Polytechnic*en,,https://polteknaker.ac.id/,https://id.wikipedia.org/wiki/Politeknik_Ketenagakerjaan,polteknaker.ac.id,2017,,,,,,,Q109437493,Q109437493,Jakarta,Indonesia,1642911
https://github.com/ror-community/ror-updates/issues/37137,,Institut de Recherche et de Vulgarisation de l'Aulacodiculture de Guinée*fr,active,government,Guinean Institute for Research and Extension of Aulacodiculture*en,Institut de Recherche et de Vulgarisation de l'Aulacodiculture de Guinée*fr; Institute for Research and Extension in Aulacodiculture in Guinea*en,IRVAG*fr,https://irvag.edu.gn,,irvag.edu.gn,2025,,,,,,,,,Moata,Guinea,2417525
https://github.com/ror-community/ror-updates/issues/37138,,We are here Venice ETS*en,active,nonprofit,We are here Venice*en,We are here Venice ETS*en,,https://www.weareherevenice.org,,weareherevenice.org,2015,,,,,,,,,Venice,Italy,3164603
https://github.com/ror-community/ror-updates/issues/37140,,Državni arhiv u Slavonskom Brodu*hr,active,archive,Državni arhiv Slavonski Brod*hr,Državni arhiv u Slavonskom Brodu*hr; State Archives in Slavonski Brod*en,DASB*hr,https://dasb.hr,https://en.wikipedia.org/wiki/State_Archives_in_Slavonski_Brod,dasb.hr,1959,,,,,,,Q129177039,Q129177039,Slavonski Brod,Croatia,3190586
https://github.com/ror-community/ror-updates/issues/37142,,Instituto de Neurocirugía Dr. Alfonso Asenjo*es,active,healthcare,Instituto de Neurocirugía Alfonso Asenjo*es; Instituto de Neurocirugía Dr. Asenjo*es; Instituto de Neurocirugía Asenjo*es,Instituto de Neurocirugía Dr. Alfonso Asenjo*es; Asenjo Neurosurgery Institute*en,INCA*es,https://www.institutodeneurocirugia.cl,https://es.wikipedia.org/wiki/Instituto_de_Neurocirug%C3%ADa_Dr._Alfonso_Asenjo,institutodeneurocirugia.cl,1939,,,,,,,Q38011917,Q38011917,Providencia,Chile,3875139
https://github.com/ror-community/ror-updates/issues/37147,,Fundación Ángel Andreetta*es,active,nonprofit,,Fundación Ángel Andreetta*es,,https://faaec.org,,faaec.org,,,,,,,,,,Gualaceo,Ecuador,3657670
https://github.com/ror-community/ror-updates/issues/37159,,Maharaj Lakshmishwar Singh Memorial College*en,active,education,"Maharaja Lakshmeshwar Singh Memorial College*en; MLSM College*en; MLSM College, Darbhanga*en",Maharaj Lakshmishwar Singh Memorial College*en,MLSM*en,https://mlsmcollege.ac.in,,mlsmcollege.ac.in,1979,,,,,0000 0005 2966 6233,0000 0005 2966 6233,,,Darbhanga,India,1273491
https://github.com/ror-community/ror-updates/issues/37161,,Sanjay Ghodawat Institute*en,active,education,,Sanjay Ghodawat Institute*en,SGI*en,https://www.sginstitute.in,,sginstitute.in,2012,,,,,,,,,Hatkanangle,India,12681326
https://github.com/ror-community/ror-updates/issues/37162,,"Institute of Mathematics and Applications, Bhubaneswar*en",active,education,,"Institute of Mathematics and Applications, Bhubaneswar*en; ଗଣିତ ଓ ପ୍ରୟୋଗ ପ୍ରତିଷ୍ଠାନ, ଭୁବନେଶ୍ବର*or",IMA*en,https://iomaorissa.ac.in,https://en.wikipedia.org/wiki/Institute_of_Mathematics_and_Applications%2C_Bhubaneswar,iomaorissa.ac.in,1999,,,,,,,Q6040578,Q6040578,Bhubaneswar,India,1275817
https://github.com/ror-community/ror-updates/issues/37165,,"Communal Higher Educational Establishment of Kyiv Regional Council ""Pavlo Chubynsky Academy of Arts""*en",active,education,Pavlo Chubynsky Academy of Arts*en,"Communal Higher Educational Establishment of Kyiv Regional Council ""Pavlo Chubynsky Academy of Arts""*en; Комунальний заклад вищої освіти Київської обласної ради «Академія мистецтв імені Павла Чубинського»*uk",,https://chubynsky.best,https://uk.wikipedia.org/wiki/%D0%90%D0%BA%D0%B0%D0%B4%D0%B5%D0%BC%D1%96%D1%8F_%D0%BC%D0%B8%D1%81%D1%82%D0%B5%D1%86%D1%82%D0%B2_%D1%96%D0%BC%D0%B5%D0%BD%D1%96_%D0%9F%D0%B0%D0%B2%D0%BB%D0%B0_%D0%A7%D1%83%D0%B1%D0%B8%D0%BD%D1%81%D1%8C%D0%BA%D0%BE%D0%B3%D0%BE,chubynsky.best,1930,,,,,,,Q97165194,Q97165194,Kyiv,Ukraine,703448
https://github.com/ror-community/ror-updates/issues/37168,,Aquark Technologies Ltd*en,active,company,Aquark Technologies*en,Aquark Technologies Ltd*en,,https://www.aquarktechnologies.com,,aqrkt.com; aquarktechnologies.com,2021,,,,,,,,,Eastleigh,United Kingdom,2650396
https://github.com/ror-community/ror-updates/issues/37172,,"FujiClean Co., Ltd. (Japan)*en",active,company,FujiClean Co.*en; フジクリーン工業株式会社*ja,"FujiClean Co., Ltd. (Japan)*en; FujiClean Co., Ltd.*en; フジクリーン株式会社*ja",,https://www.fujiclean.co.jp,https://ja.wikipedia.org/wiki/%E3%83%95%E3%82%B8%E3%82%AF%E3%83%AA%E3%83%BC%E3%83%B3%E5%B7%A5%E6%A5%AD,fujiclean.co.jp,1961,,,,,,,Q119380921,Q119380921,Nagoya,Japan,1856057
https://github.com/ror-community/ror-updates/issues/37175,,The Clubhouse Network*en,active,nonprofit,"The Clubhouse Network, Inc.*en; Computer Clubhouse Network*en; Intel Computer Clubhouse Network*en",The Clubhouse Network*en,TCN*en,https://theclubhousenetwork.org,https://en.wikipedia.org/wiki/The_Clubhouse_Network,theclubhousenetwork.org,2017,,,,,,,,,Boston,United States,4930956
https://github.com/ror-community/ror-updates/issues/37197,,ASBM University*en,active,education,Asian School of Business Management*en,ASBM University*en,ASBM*en; ASBMU*en,https://www.asbm.ac.in,https://en.wikipedia.org/wiki/ASBM_University,asbm.ac.in,2019,,,,,,,Q90009516,Q90009516,Bhubaneswar,India,1275817
https://github.com/ror-community/ror-updates/issues/37198,,Vasireddy Venkatadri International Technological University*en,active,education,VVIT University*en; Vasireddy Venkatadri Institute of Technology*en,Vasireddy Venkatadri International Technological University*en,VVITU*en; VVIT*en,https://vvitu.ac.in,https://en.wikipedia.org/wiki/Vasireddy_Venkatadri_International_Technological_University,vvitu.ac.in,2025,,,,,0000 0004 6022 0937,0000 0004 6022 0937,Q16345780,Q16345780,Namburu,India,10778895
https://github.com/ror-community/ror-updates/issues/37202,,National Capital Region Institute of Medical Sciences*en,active,education; healthcare,NCR Institute of Medical Sciences*en,National Capital Region Institute of Medical Sciences*en,NCRIMS*en,https://ncrinstituteofmedicalsciences.com,,ncrinstituteofmedicalsciences.com,2018,,,,,,,,,Nalpur,India,10371478
https://github.com/ror-community/ror-updates/issues/37224,,Pôle Santé Libéral et Ambulatoire de la Grâce-de-Dieu*fr,active,healthcare,Pôle de Santé de la Grâce de Dieu*fr,Pôle Santé Libéral et Ambulatoire de la Grâce-de-Dieu*fr,PSLA GDD*fr,https://polesantegdd.com,,polesantegdd.com,2010,,,,,,,,,Caen,France,3029241
https://github.com/ror-community/ror-updates/issues/37243,,BioThrust GmbH (Germany)*en,active,company,,BioThrust GmbH (Germany)*en; BioThrust GmbH*en,,https://www.biothrust.com,,biothrust.com; biothrust.de,2022,,,,,,,,,Aachen,Germany,3247449
https://github.com/ror-community/ror-updates/issues/37333,,Centre de Recherche et d'Appui aux Systèmes de Santé*fr,active,nonprofit,,Centre de Recherche et d'Appui aux Systèmes de Santé*fr,CRASS*fr,https://crass-cd.org,,crass-cd.org,,,,,,,,,,Goma,Democratic Republic of the Congo,216281
https://github.com/ror-community/ror-updates/issues/37337,,Plus91 Technologies Pvt Ltd (India)*en,active,company,Plus91*en,Plus91 Technologies Pvt Ltd (India)*en; Plus91 Technologies Pvt Ltd*en,,https://plus91.in/v2/,,plus91.in,2009,,,,,,,,,Pune,India,1259229
https://github.com/ror-community/ror-updates/issues/37340,,"Trust University, Barishal*en",active,education,,"Trust University, Barishal*en; ট্রাস্ট ইউনিভার্সিটি, বরিশাল*bn",TUB*en,https://www.trustuniversity.edu.bd/,"https://bn.wikipedia.org/wiki/%E0%A6%9F%E0%A7%8D%E0%A6%B0%E0%A6%BE%E0%A6%B8%E0%A7%8D%E0%A6%9F_%E0%A6%87%E0%A6%89%E0%A6%A8%E0%A6%BF%E0%A6%AD%E0%A6%BE%E0%A6%B0%E0%A7%8D%E0%A6%B8%E0%A6%BF%E0%A6%9F%E0%A6%BF,_%E0%A6%AC%E0%A6%B0%E0%A6%BF%E0%A6%B6%E0%A6%BE%E0%A6%B2",trustuniversity.edu.bd,2018,,,,,,,Q114140795,Q114140795,Barishal,Bangladesh,1336137
https://github.com/ror-community/ror-updates/issues/37342,,Sir Syed CASE Institute of Technology*en,active,education,Center for Advanced Studies in Engineering*en,Sir Syed CASE Institute of Technology*en,SS-CASE-IT*en; CASE*en,https://case.edu.pk/,https://en.wikipedia.org/wiki/Sir_Syed_CASE_Institute_of_Technology,case.edu.pk,2001,,,,,,,Q113635886,Q113635886,Islamabad,Pakistan,1176615
https://github.com/ror-community/ror-updates/issues/37822,,CREPIM (France)*fr,active,company,Centre de Recherche et d'Étude sur les Procédés d'Ignifugation des Matériaux*fr,CREPIM (France)*fr; CREPIM*fr,,https://www.crepim.com,,crepim.com; crepim.fr,1992,,,,,,,,,Bruay-la-Buissière,France,3029825
https://github.com/ror-community/ror-updates/issues/37823,,Istituto per le Ricerche di Tecnologia Meccanica e per l'Automazione S.p.A. (Italy)*it,inactive,company,Istituto per le Ricerche di Tecnologia Meccanica e per l'Automazione*it; Istituto R.T.M. S.p.A.*it,Istituto per le Ricerche di Tecnologia Meccanica e per l'Automazione S.p.A. (Italy)*it; Istituto per le Ricerche di Tecnologia Meccanica e per l'Automazione S.p.A.*it,RTM*it,,,,1988,,,,,,,,,Vico Canavese,Italy,3164411
https://github.com/ror-community/ror-updates/issues/37832,,Xella Technologie- und Forschungsgesellschaft mbH (Germany)*de,active,company,,Xella Technologie- und Forschungsgesellschaft mbH (Germany)*de; Xella Technologie- und Forschungsgesellschaft mbH*de; Xella Technology and Research Centre mbH*en,T&F*de,https://www.xella.com/en_US/innovation-technology-and-research,,,2004,,,,,,,,,Kloster Lehnin,Germany,2879407
https://github.com/ror-community/ror-updates/issues/37838,,Ekibastuz Engineering and Technical Institute named after Academician K. Satpayev*en,active,education,,Ekibastuz Engineering and Technical Institute named after Academician K. Satpayev*en; Академик Қ. Сәтбаев атындағы Екібастұз инженерлік-техникалық институты*kk; Екибастузский инженерно-технический институт имени академика К. Сатпаева*ru,EITI*en,https://eiti.edu.kz,,eiti.edu.kz,1994,,,,,,,,,Ekibastuz,Kazakhstan,1524325
https://github.com/ror-community/ror-updates/issues/37848,,"Aqualung Therapeutics, Corp (United States)*en",active,company,Aqualung Therapeutics Corporation*en; Aqualung Therapeutics Corp.*en,"Aqualung Therapeutics, Corp (United States)*en; Aqualung Therapeutics, Corp*en",ALT*en,https://www.aqualungtherapeutics.com,,aqualungtherapeutics.com,2011,,,,,,,,,Tucson,United States,5318313
https://github.com/ror-community/ror-updates/issues/37849,,École normale d'Enseignement technique et professionnel*fr,active,education,,École normale d'Enseignement technique et professionnel*fr,ENETP*fr,https://www.enetp.ml,,enetp.ml,2010,,,,,,,Q140947694,Q140947694,Bamako,Mali,2460596
https://github.com/ror-community/ror-updates/issues/37856,,Faculdade ViaSapiens*pt,active,education,Faculdade Via Sapiens*pt; Faculdade Católica de Ibiapaba*pt; Faculdade Católica da Ibiapaba*pt,Faculdade ViaSapiens*pt,FVS*pt; FACI*pt,https://site.faculdadeviasapiens.com.br,,faculdadeviasapiens.com.br,2016,,,,,,,,,Tianguá,Brazil,3386449
https://github.com/ror-community/ror-updates/issues/37867,,Sri Sarada College of Education (Autonomous)*en,active,education,,Sri Sarada College of Education (Autonomous)*en,SSCOE*en,https://sscoe.ac.in/,,sscoe.ac.in,1968,,,,,,,,,Salem,India,1257629
https://github.com/ror-community/ror-updates/issues/37871,,Indraprastha Institute of Management and Technology*en,active,education,Indraprastha Institute of Management & Technology*en,Indraprastha Institute of Management and Technology*en,IIMT*en,https://iimt.org.in/,,iimt.org.in,2009,,,,,,,,,Umahi,India,1441541
https://github.com/ror-community/ror-updates/issues/37874,,Euclid Beamlabs LLC (United States)*en,active,company,,Euclid Beamlabs LLC (United States)*en; Euclid Beamlabs LLC*en,,https://euclidtechlabs.com/about/,,euclidbeam.com,,,,,,,,,,Beltsville,United States,4348353
https://github.com/ror-community/ror-updates/issues/37878,,Lions SightFirst Eye Hospital*en,active,healthcare,,Lions SightFirst Eye Hospital*en,LSEH*en,https://lionsloresho.org/,,lionsloresho.org,1997,,,,,,,,,Nairobi,Kenya,184745
https://github.com/ror-community/ror-updates/issues/37885,,Yeshwantrao Chavan College of Engineering*en,active,education,,Yeshwantrao Chavan College of Engineering*en,YCCE*en,https://ycce.edu/,,ycce.edu,1984,,,,,0000 0004 1777 2859,0000 0004 1777 2859,,,Wanadongri,India,10214288
https://github.com/ror-community/ror-updates/issues/37886,,Kelp Blue (Namibia)*en,active,company,,Kelp Blue (Namibia)*en; Kelp Blue*en,,https://www.kelp.blue/global/locations/namibia,,,2020,,,,,,,,,Lüderitz,Namibia,3355672
https://github.com/ror-community/ror-updates/issues/37900,,Associação MILK — Movimento de Intervenções e Linguagens Kulturais e Arte*pt,active,nonprofit,,Associação MILK — Movimento de Intervenções e Linguagens Kulturais e Arte*pt,MILK*pt,https://associacaomilk.pt/,,associacaomilk.pt,,,,,,,,,,Lisbon,Portugal,2267057
https://github.com/ror-community/ror-updates/issues/37909,,National Standards Laboratory SA (Switzerland)*en,active,company,,National Standards Laboratory SA (Switzerland)*en; National Standards Laboratory SA*en,,https://ns-lab.ch/,,ns-lab.ch,2024,,,,,,,,,Aigle,Switzerland,2661834
https://github.com/ror-community/ror-updates/issues/37910,,Śląski Ogród Botaniczny*pl,active,archive,,Śląski Ogród Botaniczny*pl; Silesian Botanical Garden*en,ŚOB*pl,http://www.obmikolow.robia.pl/,https://pl.wikipedia.org/wiki/%C5%9Al%C4%85ski_Ogr%C3%B3d_Botaniczny_%E2%80%93_Zwi%C4%85zek_Stowarzysze%C5%84,obmikolow.robia.pl; sibg.org.pl,2003,,,,,,,Q9395559,Q9395559,Mikołów,Poland,3091831
https://github.com/ror-community/ror-updates/issues/37913,,Institut Al-Ma'arif Way Kanan*id,active,education,Sekolah Tinggi Agama Islam Al-Ma'arif Way Kanan*id,Institut Al-Ma'arif Way Kanan*id,ILMAWA*id,https://almaarif.ac.id/,,almaarif.ac.id,2010,,,,,,,Q129343285,Q129343285,Baradatu,Indonesia,8361791
https://github.com/ror-community/ror-updates/issues/37915,,Centro Universitário de Jaguariúna*pt,active,education,Faculdade de Jaguariúna*pt;UniFAJ*pt,Centro Universitário de Jaguariúna*pt,,https://unifaj.com.br/,,unifaj.com.br,2000,,,,,,,Q54864274,Q54864274,Jaguariúna,Brazil,3460200
https://github.com/ror-community/ror-updates/issues/37925,,Faculdade São Basílio Magno*pt,active,education,,Faculdade São Basílio Magno*pt,FASBAM*pt,https://fasbam.edu.br/,https://pt.wikipedia.org/wiki/Faculdade_S%C3%A3o_Bas%C3%ADlio_Magno,fasbam.edu.br,1969,,,,,,,Q106544922,Q106544922,Curitiba,Brazil,3464975
https://github.com/ror-community/ror-updates/issues/37943,,Silvia Health Inc. (South Korea)*en,active,company,,Silvia Health Inc. (South Korea)*en; Silvia Health Inc.*en; 실비아헬스*ko,,https://silviahealth.com/,,silviahealth.com,2020,,,,,,,,,Seoul,South Korea,1835848
https://github.com/ror-community/ror-updates/issues/37952,,The International Society for Condensed Matter Nuclear Science*en,active,nonprofit,International Society for Condensed Matter Nuclear Science*en,The International Society for Condensed Matter Nuclear Science*en,ISCMNS*en,https://iscmns.org/,,iscmns.org,2004,,,,,,,Q3997770,Q3997770,London,United Kingdom,2643743
https://github.com/ror-community/ror-updates/issues/37964,,Aurora Offshore Engineering (Australia)*en,active,company,,Aurora Offshore Engineering (Australia)*en; Aurora Offshore Engineering*en,AOE*en,https://aurora-oe.com/,,aurora-oe.com,2015,,,,,,,,,Perth,Australia,2063523
https://github.com/ror-community/ror-updates/issues/37971,,apheris AI GmbH (Germany)*de,active,company,Apheris*en,apheris AI GmbH (Germany)*de; apheris AI GmbH*de,,https://www.apheris.com/,,apheris.com,2019,,,,,,,Q138463608,Q138463608,Berlin,Germany,2950159
https://github.com/ror-community/ror-updates/issues/37973,,SCAD Independent*en,active,nonprofit,Study Center for Acehnese Democracy of Independent*en,SCAD Independent*en,SCAD*en,https://www.scadindependent.org/,,scadindependent.org,2010,,,,,0000 0005 1265 9838,0000 0005 1265 9838,,,Banda Aceh,Indonesia,1215502
https://github.com/ror-community/ror-updates/issues/37975,,"CellFE, Inc. (United States)*en",active,company,CellFE*en; CellFE Biotech*en,"CellFE, Inc. (United States)*en; CellFE, Inc.*en",,https://www.cellfebiotech.com/,,cellfebiotech.com,2018,,,,,0000 0005 1788 2473,0000 0005 1788 2473,,,Hayward,United States,5355933
https://github.com/ror-community/ror-updates/issues/37978,,Sekolah Tinggi Ilmu Ekonomi Pariwisata Indonesia*id,active,education,STIEPARI Semarang*id; AKPARI Semarang*id,Sekolah Tinggi Ilmu Ekonomi Pariwisata Indonesia*id,STIEPARI*id,https://stiepari.ac.id,,stiepari.ac.id,1970,,,,,0000 0004 0405 0806,0000 0004 0405 0806,Q109912517,Q109912517,Semarang,Indonesia,1627896
https://github.com/ror-community/ror-updates/issues/37985,,Marine Life Alliance*en,active,nonprofit,Marinelife Alliance*en; MarineLife Alliance*en,Marine Life Alliance*en,MLA*en,https://marinelife-bd.org/en/,,marinelife-bd.org,1999,,,,,,,,,Cox's Bazar,Bangladesh,1336134
https://github.com/ror-community/ror-updates/issues/37986,,Brightest Bio (United States)*en,active,company,"Auragent Bioscience, LLC*en",Brightest Bio (United States)*en; Brightest Bio*en,,https://brightestbio.com/,,brightestbio.com,2018,,,,,,,,,Overland,United States,4402178
https://github.com/ror-community/ror-updates/issues/38005,,Duhok Private Technical Institute*en,active,education,Dohuk Private Technical Institute*en; Duhok PTI*en,Duhok Private Technical Institute*en; معهد دهوك التقني الأهلي*ar; پەیمانگەها تەکنیکی دهوك یا تایبەت*ku,DPTI*en,https://dpti.edu.krd/en,,dpti.edu.krd; dhk-pti.com,2015,,,,,0000 0004 9389 5324,0000 0004 9389 5324,Q111765740,Q111765740,Duhok,Iraq,96994
https://github.com/ror-community/ror-updates/issues/38010,,Mothers’ Milk Bank of the Western Great Lakes*en,active,nonprofit,Milk Bank WGL*en; Mothers Milk Bank of the Western Great Lakes*en,Mothers’ Milk Bank of the Western Great Lakes*en,,https://www.milkbankwgl.org,,milkbankwgl.org,2011,,,,,,,,,Elk Grove Village,United States,4890925
https://github.com/ror-community/ror-updates/issues/38012,,Cyber Hankuk University of Foreign Studies*en,active,education,사이버외대*ko,Cyber Hankuk University of Foreign Studies*en; 사이버한국외국어대학교*ko,CUFS*en,https://www.cufs.ac.kr,https://ko.wikipedia.org/wiki/%EC%82%AC%EC%9D%B4%EB%B2%84%ED%95%9C%EA%B5%AD%EC%99%B8%EA%B5%AD%EC%96%B4%EB%8C%80%ED%95%99%EA%B5%90,cufs.ac.kr,2004,,,,,0000 0005 0353 7599,0000 0005 0353 7599,Q12599823,Q12599823,Seoul,South Korea,1835848
https://github.com/ror-community/ror-updates/issues/38036,,Université Saint Charles Lwanga*fr,active,education,Université Saint Charles Lwanga de Sarh*fr,Université Saint Charles Lwanga*fr; Saint Charles Lwanga University of Sarh*en,UCL*fr,https://www.ucl-tchad.com,https://fr.wikipedia.org/wiki/Universit%C3%A9_Saint_Charles_Lwanga_de_Sarh,ucl-tchad.com,2018,,,,,,,Q121741779,Q121741779,Sarh,Chad,2425791
https://github.com/ror-community/ror-updates/issues/38039,,Maharshi Karve Stree Shikshan Samstha's K. B. Joshi Institute of Information Technology*en,active,education,MKSSS's K. B. Joshi Institute of Information Technology*en; K. B. Joshi Institute of Information Technology*en; K. B. Joshi Institute of IT*en; KB Joshi Institute of IT*en,Maharshi Karve Stree Shikshan Samstha's K. B. Joshi Institute of Information Technology*en,KBJIIT*en,https://www.mkssskbjiit.com,,mkssskbjiit.com; maharshikarvebcapune.org,2003,,,,,,,,,Pune,India,1259229
https://github.com/ror-community/ror-updates/issues/38045,,Cherkasy State Business College*en,active,education,Cherkasy State Business-College*en; Черкаський державний фаховий бізнес-коледж*uk,Cherkasy State Business College*en; Черкаський державний бізнес-коледж*uk,CSBC*en; ЧДБК*uk,https://csbc.edu.ua,,csbc.edu.ua,1966,,,,,,,,,Cherkasy,Ukraine,710791
https://github.com/ror-community/ror-updates/issues/38046,,Surajmal University*en,active,education,"Surajmal University, Kichha, Udham Singh Nagar, Uttarakhand*en",Surajmal University*en,SMU*en,https://www.smu.ac.in,,smu.ac.in,2021,,,,,,,,,Kichha,India,1266575
https://github.com/ror-community/ror-updates/issues/38059,,Centro para la Investigación de Tiburones de Venezuela*es,active,nonprofit,Centro para la Investigación de Tiburones*es,Centro para la Investigación de Tiburones de Venezuela*es,CIT*es,https://citvenezuela.org,,citvenezuela.org,2004,,,,,,,,,Caracas,Venezuela,3646738
https://github.com/ror-community/ror-updates/issues/38067,,Politeknik Unggulan Cipta Mandiri*id,active,education,Politeknik UCM*id; UCM Campus*id,Politeknik Unggulan Cipta Mandiri*id,UCM*id,https://ucmcampus.ac.id/,,ucmcampus.ac.id,2022,,,,,,,Q129343610,Q129343610,Medan,Indonesia,1214520
https://github.com/ror-community/ror-updates/issues/38068,,Rajeev Institute of Ayurvedic Medical Science and Research Centre*en,active,education,Rajeev Institute of Ayurvedic Medical Science and Research Centre & Hospital*en,Rajeev Institute of Ayurvedic Medical Science and Research Centre*en,RIAMS*en,https://riams.in/,,riams.in,2019,,,,,,,,,Hassan,India,1270239
https://github.com/ror-community/ror-updates/issues/38069,,Ìyàwó*yo,active,other,Iyawo*yo; Ìyàwó Health*en,Ìyàwó*yo,,https://www.iyawo.org/,,iyawo.org,,,,,,,,,,Ibadan,Nigeria,2339354
https://github.com/ror-community/ror-updates/issues/38078,,Compelling Works Limited (Uganda)*en,active,company,SionaPros Ltd*en,Compelling Works Limited (Uganda)*en; Compelling Works Limited*en,,https://www.compelling.works/,,compelling.works,2006,,,,,,,,,Kampala,Uganda,232422
https://github.com/ror-community/ror-updates/issues/38080,,DANUBIUS-ERIC*en,active,facility,International Centre for Advanced Studies on River-Sea Systems*en,DANUBIUS-ERIC*en,,https://danubius-ri.eu/,,danubius-ri.eu,2025,,,,,,,Q141247130,Q141247130,Murighiol,Romania,672602
https://github.com/ror-community/ror-updates/issues/38296,,Shaheed Captain Ripudaman Singh Rajkiya Mahavidyalaya*en,active,education,"Government College, Sawai Madhopur*en; Government Post Graduate College, Sawai Madhopur*en",Shaheed Captain Ripudaman Singh Rajkiya Mahavidyalaya*en,SCRS*en,https://hte.rajasthan.gov.in/ShaheedCaptainRipudamanSinghRajkiyaMahavidyalayaSawaiMadhopur/17963,,,1971,,,,,,,,,Sawai Madhopur,India,1256949
https://github.com/ror-community/ror-updates/issues/38360,,Sound Retina PS*en,active,healthcare,"Sound Retina*en; Sound Retina, PS*en",Sound Retina PS*en,,https://www.soundretina.com/,,soundretina.com,,,,,,,,,,Tacoma,United States,5812944
https://github.com/ror-community/ror-updates/issues/38374,,Yayasan Rumah Energi*id,active,nonprofit,Rumah Energi Foundation*en,Yayasan Rumah Energi*id,YRE*id,https://www.rumahenergi.org,,rumahenergi.org,2012,,,,,,,,,South Jakarta,Indonesia,1642905
https://github.com/ror-community/ror-updates/issues/38407,,Madhavi Netralaya*en,active,healthcare,,Madhavi Netralaya*en,,https://madhavinetralaya.com,,madhavinetralaya.com,,,,,,,,,,Arrah,India,1278483
https://github.com/ror-community/ror-updates/issues/38512,,Instituto Superior Tecnológico Particular Sudamericano*es,active,education,Instituto Tecnológico Superior Particular Sudamericano*es; Instituto Superior Tecnológico Sudamericano*es; Instituto de Tecnologías Sudamericano*es,Instituto Superior Tecnológico Particular Sudamericano*es,ITS*es,https://sudamericano.edu.ec,,sudamericano.edu.ec,1995,,,,,,,,,Cuenca,Ecuador,3658666
https://github.com/ror-community/ror-updates/issues/38523,,Ethio Tebib Hospital*en,active,healthcare,Ethio-Tebib Hospital*en; Ethio-Tebib General Hospital*en,Ethio Tebib Hospital*en,,https://ethiotebibhospital.com,,ethiotebibhospital.com,,,,,,,,,,Addis Ababa,Ethiopia,344979
https://github.com/ror-community/ror-updates/issues/38544,,Jigawa State College of Remedial and Advanced Studies*en,active,education,"Jigawa State College of Remedial and Advanced Studies, Babura*en; College of Remedial and Advanced Studies, Babura*en",Jigawa State College of Remedial and Advanced Studies*en,JICORAS*en,https://jicoras.edu.ng,,jicoras.edu.ng,,,,,,,,,,Babura,Nigeria,8634241
https://github.com/ror-community/ror-updates/issues/38571,,Government Kolasib College*en,active,education,Govt. Kolasib College*en; Kolasib College*en,Government Kolasib College*en,GKC*en,,https://en.wikipedia.org/wiki/Government_Kolasib_College,,1978,,,,,,,Q24939788,Q24939788,Kolasib,India,1266258
https://github.com/ror-community/ror-updates/issues/38588,,Cheragh Medical University*en,active,education,Cheragh University*en,Cheragh Medical University*en,,https://cheragh.online/,,cheragh.online; cheragh.edu.af,2008,,,,,,,,,Kabul,Afghanistan,1138958
https://github.com/ror-community/ror-updates/issues/38594,,Action for Development Initiative*en,active,nonprofit,AFODI Uganda*en; AFODIresearch*en,Action for Development Initiative*en,AFODI*en,https://afodiuganda.org/,,afodiuganda.org,2018,,,,,,,,,Kireka,Uganda,231139
https://github.com/ror-community/ror-updates/issues/38598,,Center for Countermeasures against Chemical and Biological Warfare Agents*en,active,nonprofit,,Center for Countermeasures against Chemical and Biological Warfare Agents*en,CCACBWA*en,https://counteractcbw.blogspot.com/,,counteractcbw.blogspot.com,,,,,,0000 0005 2825 3031,0000 0005 2825 3031,,,Lagos,Nigeria,2332459
https://github.com/ror-community/ror-updates/issues/38600,,Flashbots (Cayman Islands)*en,active,company,Flashbots Ltd.*en,Flashbots (Cayman Islands)*en; Flashbots*en,,https://www.flashbots.net/,,flashbots.net,2020,,,,,,,,,George Town,Cayman Islands,3580661
https://github.com/ror-community/ror-updates/issues/38614,,O‘zbekiston Respublikasi Prezident huzuridagi davlat siyosati va boshqaruv akademiyasi*uz,active,education,O‘zbekiston Respublikasi Prezidenti huzuridagi Davlat boshqaruvi akademiyasi*uz; O‘zbekiston Respublikasi Prezidenti huzuridagi Davlat va jamiyat qurilishi akademiyasi*uz; Academy of Public Administration under the President of the Republic of Uzbekistan*en,O‘zbekiston Respublikasi Prezident huzuridagi davlat siyosati va boshqaruv akademiyasi*uz; Academy of Public Policy and Administration under the President of the Republic of Uzbekistan*en,APPA*en,https://dsba.uz/,,dsba.uz,1995,,,,,0000 0004 4684 8680,0000 0004 4684 8680,,,Tashkent,Uzbekistan,1512569
https://github.com/ror-community/ror-updates/issues/38619,,Institut za unapređenje životnih aktivnosti*sr,active,company,Istraživačko-razvojni institut “Institut za unapređenje životnih aktivnosti”*sr; Centar za unapređenje životnih aktivnosti*sr,Institut za unapređenje životnih aktivnosti*sr; Research and Development Institute “Life Activities Advancement Institute”*en,LAAI*en,https://www.add-for-life.com/,,add-for-life.com,2007,,,,,,,,,Belgrade,Serbia,792680
https://github.com/ror-community/ror-updates/issues/38632,,Sustainable Healthcare Coalition*en,active,nonprofit,Sustainable Healthcare Coalition Limited*en,Sustainable Healthcare Coalition*en,SHC*en,https://shcoalition.org,,shcoalition.org,2011,,,,,,,,,Newton Abbot,United Kingdom,2641557
https://github.com/ror-community/ror-updates/issues/38638,,University of Abyan*en,active,education,Abyan University*en,University of Abyan*en; جامعة أبين*ar,,https://www.abyan-univ.net,https://ar.wikipedia.org/wiki/%D8%AC%D8%A7%D9%85%D8%B9%D8%A9_%D8%A3%D8%A8%D9%8A%D9%86,abyan-univ.net,2018,,,,,,,Q125497839,Q125497839,Zinjibar,Yemen,69426
https://github.com/ror-community/ror-updates/issues/38643,,Universitas Islam Mulia Yogyakarta*id,active,education,UIM Yogyakarta*id,Universitas Islam Mulia Yogyakarta*id,UIM*id,https://uim-yogya.ac.id,,uim-yogya.ac.id,2024,,,,,,,Q129344136,Q129344136,Sedayu,Indonesia,1628263
https://github.com/ror-community/ror-updates/issues/38765,,Sekolah Tinggi Ilmu Kesehatan Karya Kesehatan*id,active,education,STIKES Karya Kesehatan*id,Sekolah Tinggi Ilmu Kesehatan Karya Kesehatan*id,,https://karyakesehatan.ac.id,,karyakesehatan.ac.id,2012,,,,,,,Q109913026,Q109913026,Kendari,Indonesia,1640344
https://github.com/ror-community/ror-updates/issues/38768,,Deepflare (Poland)*en,active,company,DeepFlare sp. z o.o.*pl; DEEPFLARE SPÓŁKA Z OGRANICZONĄ ODPOWIEDZIALNOŚCIĄ*pl,Deepflare (Poland)*en; Deepflare*en,,https://deepflare.ai,,deepflare.ai,2020,,,,,,,,,Warsaw,Poland,756135
https://github.com/ror-community/ror-updates/issues/38802,,Australian and New Zealand Gastroenterology International Training Association*en,active,nonprofit,Australian & New Zealand Gastroenterology International Training Association*en; Australian and New Zealand Gastroenterology International Training Association Limited*en,Australian and New Zealand Gastroenterology International Training Association*en,ANZGITA*en,https://www.anzgita.org,,anzgita.org,2014,,,,,,,,,Melbourne,Australia,2158177
https://github.com/ror-community/ror-updates/issues/38807,,Sekolah Tinggi Ilmu Kesehatan Griya Husada Surabaya*id,active,education,STIKES Griya Husada Surabaya*id,Sekolah Tinggi Ilmu Kesehatan Griya Husada Surabaya*id,,https://stikesghsby.ac.id,,stikesghsby.ac.id,2022,,,,,,,Q129342936,Q129342936,Surabaya,Indonesia,1625822
https://github.com/ror-community/ror-updates/issues/38837,,ConsulTech GmbH (Germany)*en,active,company,ConsulTech*en; ConsulTech Technologieberatung GmbH*de,ConsulTech GmbH (Germany)*en; ConsulTech GmbH*de,,https://www.consultech.de,,consultech.de,2009,,,,,,,,,Berlin,Germany,2950159
https://github.com/ror-community/ror-updates/issues/38877,,SMBT Institute of Dental Sciences and Research*en,active,education,,SMBT Institute of Dental Sciences and Research*en,SMBT IDSR*en,https://idsr.smbt.edu.in,,idsr.smbt.edu.in,2015,,,,,0000 0005 0633 4762,0000 0005 0633 4762,Q99403102,Q99403102,Igatpuri,India,1269810
https://github.com/ror-community/ror-updates/issues/38886,,IPES Business School*en,active,education,,IPES Business School*en; Institut de Perfectionnement & d'Enseignement Supérieur*fr,IPES*fr,https://ipes.edu.ht,,ipes.edu.ht,2017,,,,,,,,,Port-au-Prince,Haiti,3718426
https://github.com/ror-community/ror-updates/issues/38888,,Sociedade Portuguesa de Saúde Pública*pt,active,nonprofit,,Sociedade Portuguesa de Saúde Pública*pt; Portuguese Society of Public Health*en,SPSP*pt,https://spsp.pt,,spsp.pt,2022,,,,,,,,,Lisbon,Portugal,2267057
https://github.com/ror-community/ror-updates/issues/38891,,"Cascade Catalysts, Inc. (Canada)*en",active,company,Cascade Catalysts*en,"Cascade Catalysts, Inc. (Canada)*en; Cascade Catalysts, Inc.*en",,https://www.cascadecatalysts.com,,cascadecatalysts.com,,,,,,,,,,Vancouver,Canada,6173331
https://github.com/ror-community/ror-updates/issues/38893,,"BrainMaster Technologies, Inc. (United States)*en",active,company,BrainMaster*en; BrainMaster Technologies Inc*en,"BrainMaster Technologies, Inc. (United States)*en; BrainMaster Technologies, Inc.*en",,https://brainmaster.com,,brainmaster.com,1995,,,,,,,,,Bedford,United States,5146831
https://github.com/ror-community/ror-updates/issues/38898,,"Instituto de Pesquisa, Direitos e Movimentos Sociais*pt",active,nonprofit,Instituto de Pesquisa Direitos e Movimentos Sociais*pt; Instituto de Pesquisa em Direitos e Movimentos Sociais*pt,"Instituto de Pesquisa, Direitos e Movimentos Sociais*pt; Institute for Research, Rights and Social Movements*en; Instituto de Investigación, Derechos y Movimientos Sociales*es",IPDMS*pt,https://ipdms.org.br,,ipdms.org.br,2012,,,,,,,,,Goiás,Brazil,3462374
https://github.com/ror-community/ror-updates/issues/38900,,Nigerian Navy College of Accounts and Finance*en,active,education,"Nigerian Navy College of Accounts & Finance, Owerrinta*en; Nigeria Navy College of Accounts and Finance Owerrinta*en",Nigerian Navy College of Accounts and Finance*en,NNCAF*en,https://nncaf.edu.ng/,,nncaf.edu.ng,2013,,,,,,,,,Owerrinta,Nigeria,2325325
https://github.com/ror-community/ror-updates/issues/38905,,Fondazione Italiana Diabete ETS*it,active,nonprofit; funder,Fondazione Italiana Diabete*it,Fondazione Italiana Diabete ETS*it,FID*it,https://fondazionediabete.org/,,fondazionediabete.org,2009,,,,,,,Q141266381,Q141266381,Legnano,Italy,3174921
https://github.com/ror-community/ror-updates/issues/38908,,Bhargava Systems Research Inc.*en,active,nonprofit,Bhargava Systems Research*en,Bhargava Systems Research Inc.*en,,https://www.bhargavaresearch.org/,,bhargavaresearch.org,,,,,,,,,,Carmel,United States,4255466
https://github.com/ror-community/ror-updates/issues/38912,,Escola Superior de Educação Física de Jundiaí*pt,active,education,ESEF Jundiaí*pt,Escola Superior de Educação Física de Jundiaí*pt,ESEF*pt; ESEFJ*pt,https://esef.br,,esef.br,1972,,,,,,,Q56840349,Q56840349,Jundiaí,Brazil,3459462
https://github.com/ror-community/ror-updates/issues/38919,,"Federal University of Transportation, Daura*en",active,education,Federal University of Transportation Daura*en,"Federal University of Transportation, Daura*en",FUTD*en,https://www.futd.edu.ng/,https://en.wikipedia.org/wiki/Federal_University_of_Transportation%2C_Daura,futd.edu.ng,2023,,,,,,,Q130759921,Q130759921,Daura,Nigeria,2345094
https://github.com/ror-community/ror-updates/issues/38942,,Faculdade do Médio Parnaíba*pt,active,education,Sociedade de Ensino Superior do Médio Parnaíba*pt,Faculdade do Médio Parnaíba*pt,FAMEP*pt,https://famep.com.br/site/,,famep.com.br,,,,,,,,Q56846994,Q56846994,Teresina,Brazil,3386496
https://github.com/ror-community/ror-updates/issues/38943,,University of Al-Butana*en,active,education,Al-Butana University*en; University of Al Butana*en,University of Al-Butana*en; جامعة البطانة*ar,,https://albutana.edu.sd/,https://ar.wikipedia.org/wiki/%D8%AC%D8%A7%D9%85%D8%B9%D8%A9_%D8%A7%D9%84%D8%A8%D8%B7%D8%A7%D9%86%D8%A9,albutana.edu.sd,2008,,,,,,,Q16121154,Q16121154,Rufaa,Sudan,367972
https://github.com/ror-community/ror-updates/issues/38946,,Netaji Subhas University*en,active,education,"Netaji Subhas University, Jamshedpur, Jharkhand*en",Netaji Subhas University*en,NSU*en,https://nsuniv.ac.in/,,nsuniv.ac.in,2018,,,,,,,,,Jamshedpur,India,1269300
https://github.com/ror-community/ror-updates/issues/38948,,JSPM's Rajarshi Shahu College of Engineering*en,active,education,Rajarshi Shahu College of Engineering*en; JSPMs Rajarshi Shahu College of Engineering*en,JSPM's Rajarshi Shahu College of Engineering*en,RSCOE*en,https://www.jspmrscoe.edu.in/,,jspmrscoe.edu.in,2001,,,,,0000 0004 1771 4368,0000 0004 1771 4368,,,Pimpri-Chinchwad,India,7626690
https://github.com/ror-community/ror-updates/issues/38952,,Mahweet University*en,active,education,Al-Mahwit University*en,Mahweet University*en; جامعة المحويت*ar,,https://www.mu.edu.ye/,https://en.wikipedia.org/wiki/Al-Mahwit_University,mu.edu.ye,2022,,,,,,,Q141100436,Q141100436,Al Mahwit,Yemen,78977
https://github.com/ror-community/ror-updates/issues/38957,,ONESTRUCTION Inc.*en,active,company,,ONESTRUCTION Inc.*en; ONESTRUCTION株式会社*ja,,https://onestruction.com/en/,,onestruction.com,2020,,,,,,,,,Tottori,Japan,1849892
https://github.com/ror-community/ror-updates/issues/38966,,The Himalayan Conservancy*en,active,nonprofit,,The Himalayan Conservancy*en; Himalaya Samrakshak Sanstha*ne,THiC*en,https://thehimalayanconservancy.org/,,thehimalayanconservancy.org,,,,,,0000 0005 3080 2132,0000 0005 3080 2132,,,Kirtipur,Nepal,1283190
https://github.com/ror-community/ror-updates/issues/38968,,Asociación Península de Nicoya Zona Azul*es,active,nonprofit,Asociación Península de Nicoya–Zona Azul*es,Asociación Península de Nicoya Zona Azul*es,,https://asociacionzonaazul.org,,asociacionzonaazul.org,2017,,,,,,,,,Guanacaste,Costa Rica,3623582
https://github.com/ror-community/ror-updates/issues/38971,,Institute of Art Studies*en,active,facility,Institute of Art Studies of the Academy of Sciences of the Republic of Uzbekistan*en; Fine Arts Institute of the Academy of Sciences of the Republic of Uzbekistan*en,Institute of Art Studies*en; San'atshunoslik instituti*uz; Институт искусствознания*ru,,https://fineartins.academy.uz,https://uz.wikipedia.org/wiki/San%CA%BCatshunoslik_instituti,fineartins.academy.uz,1928,,,,,,,Q25514618,Q25514618,Tashkent,Uzbekistan,1512569
https://github.com/ror-community/ror-updates/issues/38976,,Mining Institute Ltd. Belgrade*en,active,company,Mining Institute Belgrade*en; Rudarski institut Beograd*sr,Mining Institute Ltd. Belgrade*en; Rudarski institut d.o.o. Beograd*sr; Рударски институт д.о.о. Београд*sr,,https://ribeograd.ac.rs,,ribeograd.ac.rs,1960,,,,,,,,,Zemun,Serbia,783920
https://github.com/ror-community/ror-updates/issues/38978,,Hôpital La Musse*fr,active,healthcare,Etablissements La Musse*fr,Hôpital La Musse*fr,,https://www.larenaissancesanitaire.fr/hopital-la-musse.html,,hlrs-lamusse.net,1932,,,,,,,,,Saint-Sébastien-de-Morsent,France,2976986
https://github.com/ror-community/ror-updates/issues/38986,,Future Physicians America*en,active,company,Future Physicians of America*en,Future Physicians America*en,FPA*en,https://www.futurephysiciansamerica.com/,,futurephysiciansamerica.com,2021,,,,,,,,,Orlando,United States,4167147
https://github.com/ror-community/ror-updates/issues/38990,,Hanoi Financial and Banking University*en,active,education,Financial and Banking University*en,Hanoi Financial and Banking University*en; Trường Đại học Tài chính – Ngân hàng Hà Nội*vi,FBU*en,https://fbu.edu.vn,,fbu.edu.vn,2010,,,,,,,,,Hanoi,Vietnam,1581130
https://github.com/ror-community/ror-updates/issues/39002,,Cystic Fibrosis Registry of Ireland*en,active,nonprofit,Cystic Fibrosis Registry Ireland*en,Cystic Fibrosis Registry of Ireland*en,CFRI*en,https://cfri.ie,,cfri.ie,2002,,,,,,,,,Dublin,Ireland,2964574
https://github.com/ror-community/ror-updates/issues/39003,,Wyższa Szkoła Nauk Medycznych w Warszawie*pl,active,education,Wyższa Szkoła Nauk Medycznych LUX MED*pl,Wyższa Szkoła Nauk Medycznych w Warszawie*pl; Higher School of Medical Sciences*en,WSNM*pl,https://wsnm.edu.pl,,wsnm.edu.pl,2025,,,,,,,,,Warsaw,Poland,756135
https://github.com/ror-community/ror-updates/issues/39008,,Sheffield Children's Hospital Charity*en,active,nonprofit; funder,The Children's Hospital Charity*en,Sheffield Children's Hospital Charity*en,,https://sheffieldchildrens.org,,sheffieldchildrens.org,1976,,,,,,,,,Sheffield,United Kingdom,2638077
https://github.com/ror-community/ror-updates/issues/39020,,"Kumquat Biosciences, Inc. (United States)*en",active,company,Kumquat Biosciences*en,"Kumquat Biosciences, Inc. (United States)*en; Kumquat Biosciences, Inc.*en",,https://kumquatbiosciences.com,,kumquatbiosciences.com; kumquatbio.com,2019,,,,,,,,,San Diego,United States,5391811
https://github.com/ror-community/ror-updates/issues/39021,,Crane Trust*en,active,nonprofit,"Platte River Whooping Crane Maintenance Trust, Inc.*en",Crane Trust*en,,https://www.cranetrust.org,,cranetrust.org,1978,,,,,0000 0005 0294 7481,0000 0005 0294 7481,,,Wood River,United States,5082201
https://github.com/ror-community/ror-updates/issues/39022,,"Government Girls Degree College, DLW, Varanasi*en",active,education,"Govt. Girls Degree College, DLW, Varanasi*en","Government Girls Degree College, DLW, Varanasi*en; राजकीय महिला महाविद्यालय, डी० एल० डब्लू०, वाराणसी*hi",,https://onlineggdcdlwvaranasi.org,,onlineggdcdlwvaranasi.org,,,,,,,,,,Varanasi,India,1253405
https://github.com/ror-community/ror-updates/issues/39025,,Qnity Electronics (United States)*en,active,company,"Qnity Electronics, Inc.*en; Qnity*en",Qnity Electronics (United States)*en; Qnity Electronics*en,,https://www.qnityelectronics.com,https://en.wikipedia.org/wiki/Qnity_Electronics,qnityelectronics.com,2025,,,,,,,Q138685636,Q138685636,Wilmington,United States,4145381
https://github.com/ror-community/ror-updates/issues/39027,,Al-Awael Modern University*en,active,education,,Al-Awael Modern University*en; جامعة الأوائل الحديثة*ar,,https://www.amu-ye.com,,amu-ye.com,2021,,,,,,,,,Mukalla,Yemen,78754
https://github.com/ror-community/ror-updates/issues/39029,,Haldia Institute of Health Sciences*en,active,education,,Haldia Institute of Health Sciences*en,HIHS*en,https://hihshaldia.in,,hihshaldia.in,2003,,,,,,,,,Haldia,India,1270506
https://github.com/ror-community/ror-updates/issues/39052,,DHT.health (United Kingdom)*en,active,company,DHT.HEALTH LIMITED*en,DHT.health (United Kingdom)*en; DHT.health*en,,https://www.dht.health,,dht.health,2024,,,,,,,,,Clitheroe,United Kingdom,2652819
https://github.com/ror-community/ror-updates/issues/39060,,Universidad Nacional de San Antonio de Areco*es,active,education,,Universidad Nacional de San Antonio de Areco*es; National University of San Antonio de Areco*en,UNSAdA*es,https://www.unsada.edu.ar,https://es.wikipedia.org/wiki/Universidad_Nacional_de_San_Antonio_de_Areco,unsada.edu.ar,2015,,,,,0000 0005 2729 0885,0000 0005 2729 0885,Q27557477,Q27557477,San Antonio de Areco,Argentina,3429248
https://github.com/ror-community/ror-updates/issues/39114,,Upper Snake River Tribes Foundation*en,active,nonprofit,"USRT Foundation, Inc.*en; Upper Snake River Tribes (USRT) Foundation*en",Upper Snake River Tribes Foundation*en,USRT*en,https://uppersnakerivertribes.org,,uppersnakerivertribes.org; usrtf.org,2007,,,,,,,,,Boise,United States,5586437
https://github.com/ror-community/ror-updates/issues/39119,,Somali Social Research Institute*en,active,nonprofit,SOR Institute*en; SOR Institute: Somalia Social Research*en; SOR Institute: Somali Social Research*en,Somali Social Research Institute*en,SOR*en,https://www.sorinstitute.org,,sorinstitute.org,,,,,,,,,,Mogadishu,Somalia,53654
https://github.com/ror-community/ror-updates/issues/39130,,Farnborough College of Technology*en,active,education,,Farnborough College of Technology*en,,https://www.farn-ct.ac.uk,https://en.wikipedia.org/wiki/Farnborough_College_of_Technology,farn-ct.ac.uk,1957,,,,,0000 0001 0666 878X,0000 0001 0666 878X,Q5435976,Q5435976,Farnborough,United Kingdom,2649672
https://github.com/ror-community/ror-updates/issues/39131,,Zhenhai District Maternal and Child Health and Family Planning Service Center*en,active,healthcare,Zhenhai District Maternal and Child Health Family Planning Center*en,Zhenhai District Maternal and Child Health and Family Planning Service Center*en; 宁波市镇海区妇幼保健计划生育服务中心*zh,,https://www.zh.gov.cn/art/2023/6/2/art_1229731918_59250338.html,,,,,,,,,,,,Ningbo,China,1799397
https://github.com/ror-community/ror-updates/issues/39132,,Sekolah Tinggi Ilmu Ekonomi Mahaputra Riau*id,active,education,STIE Mahaputra Riau*id,Sekolah Tinggi Ilmu Ekonomi Mahaputra Riau*id,,https://stie-mahaputra-riau.ac.id,,stie-mahaputra-riau.ac.id,2012,,,,,,,Q109912072,Q109912072,Pekanbaru,Indonesia,1631761
https://github.com/ror-community/ror-updates/issues/39135,,Nanjing Jiangbei New Area Center for Public Health Service*en,active,healthcare,,Nanjing Jiangbei New Area Center for Public Health Service*en; 南京江北新区公共卫生服务中心*zh,,,,,,,,,,,,,,Nanjing,China,1799962
https://github.com/ror-community/ror-updates/issues/39154,,Institute for Future Education Entrepreneurship & Leadership*en,active,education,,Institute for Future Education Entrepreneurship & Leadership*en,iFEEL*en,https://ifeel.edu.in,,ifeel.edu.in,2010,,,,,0000 0004 1768 7160,0000 0004 1768 7160,,,Lonavala,India,1264793
https://github.com/ror-community/ror-updates/issues/39174,,Treble Technologies (Iceland)*en,active,company,Treble*en,Treble Technologies (Iceland)*en; Treble Technologies*en,,https://www.treble.tech,,treble.tech,2020,,,,,,,,,Reykjavík,Iceland,3413829
https://github.com/ror-community/ror-updates/issues/39176,,"Federal University of Agriculture and Development Studies, Iragbiji*en",active,education,"Federal University of Agriculture & Development Studies, Iragbiji*en","Federal University of Agriculture and Development Studies, Iragbiji*en",FUADSI*en; FUADS*en,https://fuadsi.edu.ng,,fuadsi.edu.ng,2025,,,,,,,,,Iragbiji,Nigeria,2337343
https://github.com/ror-community/ror-updates/issues/39178,,Matrishishu Miteri Provincial Hospital*en,active,healthcare,,Matrishishu Miteri Provincial Hospital*en; मातृशिशु मितेरी प्रादेशिक अस्पताल*ne,MMPH*en,https://mmph.gandaki.gov.np,,mmph.gandaki.gov.np,2015,,,,,,,,,Pokhara,Nepal,1282898
https://github.com/ror-community/ror-updates/issues/39221,,Research Institute of Hawzah and University*en,active,government,,Research Institute of Hawzah and University*en; پژوهشگاه حوزه و دانشگاه*fa,RIHU*en,https://rihu.ac.ir,https://fa.wikipedia.org/wiki/%D9%BE%DA%98%D9%88%D9%87%D8%B4%DA%AF%D8%A7%D9%87_%D8%AD%D9%88%D8%B2%D9%87_%D9%88_%D8%AF%D8%A7%D9%86%D8%B4%DA%AF%D8%A7%D9%87,rihu.ac.ir,1982,,,,,0000 0001 0702 0723,0000 0001 0702 0723,Q74433036,Q74433036,Qom,Iran,119208
https://github.com/ror-community/ror-updates/issues/39227,,The First People's Hospital of Pinghu*en,active,healthcare,The First Peoples Hospital of Pinghu*en,The First People's Hospital of Pinghu*en; 平湖市第一人民医院*zh,,https://www.phyy.com,,phyy.com,1945,,,,,0000 0005 1089 8309,0000 0005 1089 8309,,,Pinghu,China,1813869
https://github.com/ror-community/ror-updates/issues/39228,,Daha International University*en,active,education,,Daha International University*en,DIU*en,https://diu.edu.so,,diu.edu.so,2012,,,,,0000 0005 0806 5033,0000 0005 0806 5033,,,Mogadishu,Somalia,53654
https://github.com/ror-community/ror-updates/issues/39237,,Green Economy and Optimization Research Lab*en,active,other,,Green Economy and Optimization Research Lab*en,GEORL*en,https://georesearch.institute,,georesearch.institute,,,,,,,,,,Baku,Azerbaijan,587084
https://github.com/ror-community/ror-updates/issues/39248,,Australia and New Zealand Transplant and Cellular Therapies Limited*en,active,nonprofit,Australia and New Zealand Transplant and Cellular Therapies*en; Bone Marrow Transplant Society of Australia and New Zealand*en,Australia and New Zealand Transplant and Cellular Therapies Limited*en,ANZTCT*en,https://anztct.org.au,,anztct.org.au,2003,,,,,0000 0005 3081 4854,0000 0005 3081 4854,,,Sydney,Australia,2147714
https://github.com/ror-community/ror-updates/issues/39249,,Cherkas Global University (United States)*en,active,nonprofit,Cherkas Global University Inc.*en; International Network Center for Fundamental and Applied Research*en,Cherkas Global University (United States)*en; Cherkas Global University*en,CGU*en,https://cherkasgu.net,,cherkasgu.net,1992,,,,,0000 0005 1088 6041,0000 0005 1088 6041,Q123463303,Q123463303,Houston,United States,4699066
https://github.com/ror-community/ror-updates/issues/39255,,Faculdade Ipemig*pt,active,education,Faculdade Batista de Minas Gerais*pt,Faculdade Ipemig*pt,FIPEMIG*pt; FBMG*pt,https://fipemig.edu.br,,fipemig.edu.br,1999,,,,,0000 0004 0417 9925,0000 0004 0417 9925,,,Belo Horizonte,Brazil,3470127
https://github.com/ror-community/ror-updates/issues/39260,,"Guizhou Power Grid Co., Ltd. (China)*en",active,company,,"Guizhou Power Grid Co., Ltd. (China)*en; Guizhou Power Grid Co., Ltd.*en; 贵州电网有限责任公司*zh",,https://www.gz.csg.cn/,,gz.csg.cn,2004,,,,,,,,,Guiyang,China,1809461
https://github.com/ror-community/ror-updates/issues/39263,,The People's Hospital of Chuxiong Yi Autonomous Prefecture*en,active,healthcare,Chuxiong Yi Autonomous Prefecture People's Hospital*en; Chuxiong People's Hospital*en; The Fourth Affiliated Hospital of Dali University*en,The People's Hospital of Chuxiong Yi Autonomous Prefecture*en; 楚雄彝族自治州人民医院*zh; 大理大学第四附属医院*zh,,,,cxzrmyy.com,1938,,,,,,,,,Chuxiong,China,1814760
https://github.com/ror-community/ror-updates/issues/39266,,Swarrnim Startup and Innovation University*en,active,education,Swarrnim Startup & Innovation University*en; Swarrnim University*en,Swarrnim Startup and Innovation University*en,SSIU*en,https://www.swarrnim.edu.in/,,swarrnim.edu.in,2017,,,,,,,,,Gandhinagar,India,1271715
https://github.com/ror-community/ror-updates/issues/39274,,kausable (Germany)*en,active,company,kausable GmbH*de,kausable (Germany)*en; kausable*en,ksbl*en,https://kausable.ai/,,kausable.ai,2025,,,,,,,,,Heidelberg,Germany,2907911
https://github.com/ror-community/ror-updates/issues/39279,,Igloo Artists Limited*en,active,nonprofit,Igloo Artists Ltd*en; Igloo Artists*en; Gibson/Martelli*en,Igloo Artists Limited*en,,https://gibsonmartelli.com/,,gibsonmartelli.com,2006,,,,,,,,,London,United Kingdom,2643743
https://github.com/ror-community/ror-updates/issues/39280,,FOC Teleclinic*en,active,healthcare,,FOC Teleclinic*en; အခမဲ့ပြည်သူ့ဆေးခန်း*my,,https://focteleclinic.org/,,focteleclinic.org,2021,,,,,,,,,Yangon,Myanmar,1298824
https://github.com/ror-community/ror-updates/issues/39284,,Black Sea - Danube Association for Research and Development*en,active,nonprofit,Black Sea-Danube Association for Research and Development*en,Black Sea - Danube Association for Research and Development*en; Асоциация за изследване и развитие на Черноморското крайбрежие и р. Дунав*bg,BDCA*en; АЧД*bg,,,bdcabg.org,2008,,,,,,,,,Varna,Bulgaria,726050
https://github.com/ror-community/ror-updates/issues/39298,,"St. Mary's College of Bansalan, Inc.*en",active,education,Holy Cross of Bansalan College*en,"St. Mary's College of Bansalan, Inc.*en",SMCBI*en,,,,1959,,,,,,,,,Bansalan,Philippines,1727080
https://github.com/ror-community/ror-updates/issues/39308,,Abstract Math Institute (India)*en,active,company,Abstract Math*en,Abstract Math Institute (India)*en; Abstract Math Institute*en,,https://theabstractmath.com,,theabstractmath.com,2023,,,,,,,,,Howrah,India,1270396
https://github.com/ror-community/ror-updates/issues/39312,,Universitas Harkat Negeri*id,active,education,Universitas Harkat Negeri Tegal*id,Universitas Harkat Negeri*id,UHN*id,https://harkatnegeri.ac.id,,harkatnegeri.ac.id,2025,,,,,0000 0004 0374 9439,0000 0004 0374 9439,,,Tegal,Indonesia,1624494
https://github.com/ror-community/ror-updates/issues/39314,,National Innovation Center*en,active,nonprofit,National Innovation Centre*en,National Innovation Center*en; Rastriya Awiskar Kendra*ne,NIC*en,https://nicnepal.org,https://en.wikipedia.org/wiki/National_Innovation_Center,nicnepal.org,2012,,,,,,,Q104846568,Q104846568,Kirtipur,Nepal,1283190
https://github.com/ror-community/ror-updates/issues/39319,,Clínica de Enfermedades Crónicas y de Procedimientos Especiales (Mexico)*es,active,company,"Clínica de Enfermedades Crónicas y de Procedimientos Especiales, S.C.*es",Clínica de Enfermedades Crónicas y de Procedimientos Especiales (Mexico)*es; Clínica de Enfermedades Crónicas y de Procedimientos Especiales*es,CECYPE*es,https://www.cecype.com,,cecype.com,1998,,,,,0000 0004 6097 072X,0000 0004 6097 072X,,,Morelia,Mexico,3995402
https://github.com/ror-community/ror-updates/issues/39346,,College of Technical Sciences - Sabha*en,active,education,College of Technical Sciences Sabha*en; Faculty of Technical Sciences - Sabha*en,College of Technical Sciences - Sabha*en; كلية العلوم التقنية - سبها*ar,,https://ctss.edu.ly,,ctss.edu.ly,2017,,,,,,,,,Sabha,Libya,2212775
https://github.com/ror-community/ror-updates/issues/39350,,Gopal Narayan Singh University*en,active,education,GNS University*en,Gopal Narayan Singh University*en; गोपाल नारायण सिंह विश्वविद्यालय*hi,GNSU*en,https://gnsu.ac.in,https://en.wikipedia.org/wiki/Gopal_Narayan_Singh_University,gnsu.ac.in,2018,,,,,0000 0005 1120 7434,0000 0005 1120 7434,Q60751910,Q60751910,Jamuhar,India,10834400
https://github.com/ror-community/ror-updates/issues/39361,,"SURYCAT: Sécurité, cryptographie, codes, algèbre et algorithmes*fr",active,facility,,"SURYCAT: Sécurité, cryptographie, codes, algèbre et algorithmes*fr; SecUrity, cRYptography, Codes, Algebra and algoriThms*en",SURYCAT*en,https://www.inria.fr/fr/surycat,,,2026,,,,,,,,,Palaiseau,France,2988758
https://github.com/ror-community/ror-updates/issues/39363,,ANANKE: Analyse et méthodes numériques pour l'estimation fondée sur la physique*fr,active,facility,Analysis And Numerics of physical-Knowledge-based Estimation*en,ANANKE: Analyse et méthodes numériques pour l'estimation fondée sur la physique*fr,ANANKE*fr,https://team.inria.fr/ananke/,,,2025,,,,,,,,,Palaiseau,France,2988758
https://github.com/ror-community/ror-updates/issues/39372,,B’iota Laboratuvarları (Türkiye)*tr,active,company,BİOTA BİTKİSEL İLAÇ VE KOZMETİK LABORATUVARLARI A.Ş.*tr; Biota Laboratories*en,B’iota Laboratuvarları (Türkiye)*tr; B’iota Laboratuvarları*tr,,https://www.biotalab.com,,biotalab.com,2002,,,,,,,,,Sancaktepe,Türkiye,7628420
https://github.com/ror-community/ror-updates/issues/39377,,The Cultured Abalone Farm*en,active,company,"Cultured Abalone*en; The Cultured Abalone Farm, LLC*en",The Cultured Abalone Farm*en,TCAF*en,https://www.culturedabalone.com,,culturedabalone.com,1989,,,,,,,,,Goleta,United States,5352963
https://github.com/ror-community/ror-updates/issues/39388,,"MGM Medical College, Panvel*en",active,education,MGM Medical College Panvel*en,"MGM Medical College, Panvel*en",,https://www.mgmmcpanvel.in,,mgmmcpanvel.in,2025,,,,,,,,,Panvel,India,1260434
https://github.com/ror-community/ror-updates/issues/39391,,Linquan County People's Hospital*en,active,healthcare,阜阳师范大学附属临泉医院*zh,Linquan County People's Hospital*en; 临泉县人民医院*zh,,,,lqrmyy.com,1950,,,,,,,,,Linquan,China,1803361
https://github.com/ror-community/ror-updates/issues/39447,,Shri Gulabrao Deokar College of Pharmacy*en,active,education,"Shri Gulabrao Deokar College of Pharmacy, Jalgaon*en",Shri Gulabrao Deokar College of Pharmacy*en,SGDCOP*en,https://sgdcop.org.in/,,sgdcop.org.in,2018,,,,,,,,,Jalgaon,India,1269407
https://github.com/ror-community/ror-updates/issues/39481,,STKIP Budidaya Binjai*id,active,education,Sekolah Tinggi Keguruan dan Ilmu Pendidikan Budidaya*id; STKIP Budidaya*id,STKIP Budidaya Binjai*id,,https://stkipbudidaya.ac.id,,stkipbudidaya.ac.id,1985,,,,,,,,,Binjai,Indonesia,1215355
https://github.com/ror-community/ror-updates/issues/39497,,Sekolah Tinggi Ilmu Komputer Cipta Karya Informatika*id,active,education,STIKOM Cipta Karya Informatika*id; St Ilmu Komputer Cipta Karya Informatika*id,Sekolah Tinggi Ilmu Komputer Cipta Karya Informatika*id,STIKOM CKI*id,https://official.stikomcki.ac.id,,stikomcki.ac.id,2002,,,,,0000 0004 0375 7375,0000 0004 0375 7375,Q109911798,Q109911798,East Jakarta,Indonesia,1642904
https://github.com/ror-community/ror-updates/issues/39498,,Indian Institute of Information Technology Ranchi*en,active,education,"Indian Institute of Information Technology, Ranchi*en; IIIT Ranchi*en",Indian Institute of Information Technology Ranchi*en,,https://iiitranchi.ac.in,https://en.wikipedia.org/wiki/Indian_Institute_of_Information_Technology%2C_Ranchi,iiitranchi.ac.in,2016,,,,,0000 0005 0684 5167,0000 0005 0684 5167,Q27963693,Q27963693,Ranchi,India,1258526
https://github.com/ror-community/ror-updates/issues/39500,,Children's City Clinical Hospital No. 1 of Prioksky District of Nizhny Novgorod*en,active,healthcare,Детская городская клиническая больница № 1 Приокского района г. Нижнего Новгорода*ru,Children's City Clinical Hospital No. 1 of Prioksky District of Nizhny Novgorod*en; Государственное бюджетное учреждение здравоохранения Нижегородской области «Детская городская клиническая больница № 1 Приокского района г. Нижнего Новгорода»*ru;ГБУЗ НО «ДГКБ № 1»*ru,,https://dgkb1nn.ru,,dgkb1nn.ru,1939,,,,,,,,,Nizhny Novgorod,Russia,520555
https://github.com/ror-community/ror-updates/issues/39507,,Consortium Gabonais de la Recherche Scientifique*fr,active,nonprofit,,Consortium Gabonais de la Recherche Scientifique*fr; Gabonese Scientific Research Consortium*en,CGRS*fr,,,,,,,,,,,,,Libreville,Gabon,2399697
https://github.com/ror-community/ror-updates/issues/39522,,Adhiyamaan College of Agriculture and Research*en,active,education,,Adhiyamaan College of Agriculture and Research*en; அதியமான் வேளாண்மைக் கல்லூரி மற்றும் ஆராய்ச்சி*ta,ACAR*en,https://acar.ac.in/index/,,acar.ac.in,2016,,,,,,,,,Attimugam,India,11333681
https://github.com/ror-community/ror-updates/issues/39540,,Centre d'Innovation en Télécommunications et Intégration de services*fr,active,facility,,Centre d'Innovation en Télécommunications et Intégration de services*fr; Centre of Innovation in Telecommunications and Integration of Service*en,CITI*fr,https://www.citi-lab.fr,,citi-lab.fr,2001,,,,,0000 0001 2296 9160,0000 0001 2296 9160,Q51781645,Q51781645,Villeurbanne,France,2968254
https://github.com/ror-community/ror-updates/issues/39544,,Grupo de Pesquisa e Assistência ao Câncer Infantil*pt,active,healthcare,,Grupo de Pesquisa e Assistência ao Câncer Infantil*pt,GPACI*pt,https://www.gpaci.org.br/,,gpaci.org.br,1983,,,,,,,,,Sorocaba,Brazil,3447399
https://github.com/ror-community/ror-updates/issues/39555,,Instituto Superior de Ciências de Educação do Uíge*pt,active,education,ISCED-Uíge*pt,Instituto Superior de Ciências de Educação do Uíge*pt,,https://isced-uige.ao/,,isced-uige.ao,1997,,,,,,,,,Uíge,Angola,2236568
https://github.com/ror-community/ror-updates/issues/39590,,SNS College of Pharmacy*en,active,education,S.N.S. College of Pharmacy*en,SNS College of Pharmacy*en,SNSCOP*en,https://www.snscop.in/,,snscop.in,2019,,,,,,,,,Motihari,India,1262710
https://github.com/ror-community/ror-updates/issues/39593,,Institut für Theologie und Frieden*de,active,nonprofit,,Institut für Theologie und Frieden*de; Institute for Theology and Peace*en,,https://www.zebis.eu/ithf/ithf-institut-fuer-theologie-frieden/,https://de.wikipedia.org/wiki/Institut_f%C3%BCr_Theologie_und_Frieden,ithf.de,1978,,,,,0000 0001 1956 1834,0000 0001 1956 1834,Q1425348,Q1425348,Hamburg,Germany,2911298
https://github.com/ror-community/ror-updates/issues/39594,,Central State Archive of Supreme Bodies of Power and Government of Ukraine*en,active,archive,,Central State Archive of Supreme Bodies of Power and Government of Ukraine*en; Центральний державний архів вищих органів влади та управління України*uk;ЦДАВО України*uk; TsDAVO of Ukraine*en,,https://tsdavo.gov.ua/,https://uk.wikipedia.org/wiki/%D0%A6%D0%B5%D0%BD%D1%82%D1%80%D0%B0%D0%BB%D1%8C%D0%BD%D0%B8%D0%B9_%D0%B4%D0%B5%D1%80%D0%B6%D0%B0%D0%B2%D0%BD%D0%B8%D0%B9_%D0%B0%D1%80%D1%85%D1%96%D0%B2_%D0%B2%D0%B8%D1%89%D0%B8%D1%85_%D0%BE%D1%80%D0%B3%D0%B0%D0%BD%D1%96%D0%B2_%D0%B2%D0%BB%D0%B0%D0%B4%D0%B8_%D1%82%D0%B0_%D1%83%D0%BF%D1%80%D0%B0%D0%B2%D0%BB%D1%96%D0%BD%D0%BD%D1%8F_%D0%A3%D0%BA%D1%80%D0%B0%D1%97%D0%BD%D0%B8,tsdavo.gov.ua,1943,,,,,,,Q4504293,Q4504293,Kyiv,Ukraine,703448
https://github.com/ror-community/ror-updates/issues/39596,,Diabetes Cure Research Association*en,active,nonprofit,,Diabetes Cure Research Association*en; Asociación de Investigación en la Cura de la Diabetes*es,DCRA*en,https://diabetesdcra.com/,,diabetesdcra.com,2024,,,,,,,Q141248025,Q141248025,Noáin,Spain,3115446
https://github.com/ror-community/ror-updates/issues/39603,,"Government Medical College, Kathua*en",active,education,,"Government Medical College, Kathua*en",GMC*en,https://www.gmckathua.in,https://en.wikipedia.org/wiki/Government_Medical_College%2C_Kathua,gmckathua.in,2018,,,,,0000 0005 0949 8228,0000 0005 0949 8228,Q104858005,Q104858005,Kathua,India,1267486
https://github.com/ror-community/ror-updates/issues/39606,,Green Has Italia (Italy)*en,active,company,Green Has Italia S.p.A.*it,Green Has Italia (Italy)*en; Green Has Italia*it,,https://www.greenhasgroup.com,,greenhasgroup.com,1985,,,,,,,,,Canale,Italy,3180898
https://github.com/ror-community/ror-updates/issues/39609,,ANKORS*en,active,nonprofit,AIDS Network Kootenay Outreach and Support Society*en; AIDS Network Outreach & Support Society*en,ANKORS*en,ANKORS*en,https://ankors.bc.ca,,ankors.bc.ca,1993,,,,,,,,,Nelson,Canada,6086871
https://github.com/ror-community/ror-updates/issues/39635,,Dar Al-Handasah Consultants Shair & Partners Company (Saudi Arabia)*en,active,company,Dar Al Handasah (Shair and Partners)*en,Dar Al-Handasah Consultants Shair & Partners Company (Saudi Arabia)*en; Dar Al-Handasah Consultants Shair & Partners Company*en,,,,,1990,,,,,,,,,Riyadh,Saudi Arabia,108410
https://github.com/ror-community/ror-updates/issues/39641,,Lutera Akadēmija*lv,active,education,Nodibinājums “Lutera Akadēmija”*lv,Lutera Akadēmija*lv; Luther Academy*en; Foundation “Luther Academy”*en; Stiftung “Luther Akademie”*de,LA*lv,https://www.luteraakademija.lv,https://lv.wikipedia.org/wiki/Lutera_akad%C4%93mija,luteraakademija.lv; lut.edu.lv,1997,,,,,0000 0005 2791 829X,0000 0005 2791 829X,Q52317347,Q52317347,Riga,Latvia,456172
https://github.com/ror-community/ror-updates/issues/39643,,Ion Chat Research Corporation (Japan)*en,active,company,Ion Chat Research Corp.*en,Ion Chat Research Corporation (Japan)*en; Ion Chat Research Corporation*en,,https://ion-chat.com,,ion-chat.com,,,,,,,,,,Tokorozawa,Japan,1850181
https://github.com/ror-community/ror-updates/issues/39665,,Centro Tecnológico de Materias Primas Minerales y Materiales*es,active,nonprofit,"Centro Tecnológico del Mármol, Piedra y Materiales*es; Centro Tecnológico del Mármol*es",Centro Tecnológico de Materias Primas Minerales y Materiales*es,CTM*es,https://ctmarmol.es,,ctmarmol.es,1996,,,,,,,,,Cehegín,Spain,2519651
https://github.com/ror-community/ror-updates/issues/39667,,Federal University of Environment and Technology*en,active,education,"Federal University of Environment and Technology, Koroma/Sakpenwa*en; Federal University of Environment and Technology, Tai Town*en",Federal University of Environment and Technology*en,FUET*en,https://fuet.edu.ng,,fuet.edu.ng,2025,,,,,,,Q141455752,Q141455752,Saakpenwa,Nigeria,10370805
https://github.com/ror-community/ror-updates/issues/39669,,Facoltà Teologica dell'Italia Centrale*it,active,education,,Facoltà Teologica dell'Italia Centrale*it,FTIC*it,https://www.ftic.it,https://de.wikipedia.org/wiki/Theologische_Fakult%C3%A4t_von_Mittelitalien,ftic.it,1997,,,,,0000 0001 2114 6998,0000 0001 2114 6998,Q81170565,Q81170565,Florence,Italy,3176959
https://github.com/ror-community/ror-updates/issues/39695,,Fondazione REB ETS*it,active,nonprofit; funder,Fondazione per la Ricerca sull'Epidermolisi Bollosa*it,Fondazione REB ETS*it,REB*it,https://fondazionereb.org,,fondazionereb.org,2017,,,,,,,,,Milan,Italy,3173435
https://github.com/ror-community/ror-updates/issues/39715,,"G. S. Pisarenko Institute for Problems of Strength, National Academy of Sciences of Ukraine*en",active,facility,G. S. Pysarenko Institute for Problems of Strength of the National Academy of Sciences of Ukraine*en; Pysarenko Institute of Strength Problems of the NAS of Ukraine*en,"G. S. Pisarenko Institute for Problems of Strength, National Academy of Sciences of Ukraine*en; Інститут проблем міцності імені Г. С. Писаренка Національної академії наук України*uk; Институт проблем прочности имени Г. С. Писаренко НАН Украины*ru",,https://www.ipp.kiev.ua,https://uk.wikipedia.org/wiki/%D0%86%D0%BD%D1%81%D1%82%D0%B8%D1%82%D1%83%D1%82_%D0%BF%D1%80%D0%BE%D0%B1%D0%BB%D0%B5%D0%BC_%D0%BC%D1%96%D1%86%D0%BD%D0%BE%D1%81%D1%82%D1%96_%D1%96%D0%BC%D0%B5%D0%BD%D1%96_%D0%93._%D0%A1._%D0%9F%D0%B8%D1%81%D0%B0%D1%80%D0%B5%D0%BD%D0%BA%D0%B0_%D0%9D%D0%90%D0%9D_%D0%A3%D0%BA%D1%80%D0%B0%D1%97%D0%BD%D0%B8,ipp.kiev.ua,1966,,,,,,,Q12074658,Q12074658,Kyiv,Ukraine,703448
https://github.com/ror-community/ror-updates/issues/39716,,Anjuman Islam Janjira Degree College of Science*en,active,education,AIJ Degree College*en,Anjuman Islam Janjira Degree College of Science*en,,https://www.aijdegreecollege.edu.in,,aijdegreecollege.edu.in,2009,,,,,,,,,Murud,India,1262403
https://github.com/ror-community/ror-updates/issues/39724,,Academia de la Llingua Asturiana,active,government,,Academia de la Llingua Asturiana,ALLA,https://alladixital.org,https://en.wikipedia.org/wiki/Academy_of_the_Asturian_Language,alladixital.org,1980,,,,,0000 0001 1931 0402,0000 0001 1931 0402,Q2282912,Q2282912,Oviedo,Spain,3114711
https://github.com/ror-community/ror-updates/issues/39757,,KanonCure Inc. (Japan)*en,active,company,,KanonCure Inc. (Japan)*en; KanonCure Inc.*en; カノンキュア株式会社*ja,,https://kanoncure.com,,kanoncure.com,2016,,,,,,,,,Yonago,Japan,1848277
https://github.com/ror-community/ror-updates/issues/39762,,"Trans Chromosomics, Inc. (Japan)*en",active,company,Trans Chromosomics Inc.*en,"Trans Chromosomics, Inc. (Japan)*en; Trans Chromosomics, Inc.*en; 株式会社Trans Chromosomics*ja",TC*en,https://www.trans-chromo.com,,trans-chromo.com,2014,,,,,,,,,Yonago,Japan,1848277
https://github.com/ror-community/ror-updates/issues/39771,,Radhakundah Institute (Nepal)*en,active,company,Radhakundah Pvt. Ltd.*en; Radhakundah Pvt Ltd*en,Radhakundah Institute (Nepal)*en; Radhakundah Institute*en,,https://radhakundah.com,,radhakundah.com,2025,,,,,,,,,Kathmandu,Nepal,1283240
https://github.com/ror-community/ror-updates/issues/39773,,The NoRCEL Institute*en,active,nonprofit,Network of Researchers on the Chemical Emergence of Life*en; Network of Researchers on the Chemical Evolution of Life*en; NoRCEL Institute*en,The NoRCEL Institute*en,NoRCEL*en,https://norcel.net,,norcel.net,2013,,,,,,,Q140607335,Q140607335,Leeds,United Kingdom,2644688
https://github.com/ror-community/ror-updates/issues/39777,,Sekolah Tinggi Ilmu Syariah wal Aqidah Ash-Shofa Manonjaya Tasikmalaya*id,active,education,STISA Ash-Shofa Manonjaya*id,Sekolah Tinggi Ilmu Syariah wal Aqidah Ash-Shofa Manonjaya Tasikmalaya*id,STISA*id,https://stisa-ashshofa.ac.id,,stisa-ashshofa.ac.id,,,,,,,,,,Manonjaya,Indonesia,1636304
https://github.com/ror-community/ror-updates/issues/39781,,Kepler Computing Inc. (United States)*en,active,company,Kepler Computing*en,Kepler Computing Inc. (United States)*en; Kepler Computing Inc.*en,,https://keplercompute.com,,keplercompute.com,2018,,,,,,,,,San Jose,United States,5392171
https://github.com/ror-community/ror-updates/issues/39785,,Yayasan Bali Sruti Denpasar*id,active,nonprofit,Bali Sruti*id,Yayasan Bali Sruti Denpasar*id,,https://balisruti.org,,balisruti.org,2004,,,,,,,,,Denpasar,Indonesia,1645528
https://github.com/ror-community/ror-updates/issues/39792,,Ma'had Aly Sunan Drajat*id,active,education,Ma'had Aly Sunan Drajat Lamongan*id,Ma'had Aly Sunan Drajat*id,,https://mahadalysunandrajat.ac.id,,mahadalysunandrajat.ac.id,2007,,,,,,,,,Paciran,Indonesia,1633442
https://github.com/ror-community/ror-updates/issues/39806,,M.A.R.E. Soc. Coop. a r.l. (Italy)*it,active,company,M.A.R.E. S.c. a r.l.*it; Cooperativa M.A.R.E.*it; MARE SOC. COOP.*it,M.A.R.E. Soc. Coop. a r.l. (Italy)*it; M.A.R.E. Soc. Coop. a r.l.*it,,https://www.coopmare.com,,coopmare.com,1995,,,,,,,,,Cattolica,Italy,3179347
https://github.com/ror-community/ror-updates/issues/39821,,World Association for Symphonic Bands and Ensembles*en,active,nonprofit,World Association for Symphonic Bands & Ensembles*en,World Association for Symphonic Bands and Ensembles*en,WASBE*en,https://www.wasbe.org,,wasbe.org; wasbe.online,1981,,,,,0000 0001 1544 469X,0000 0001 1544 469X,,,Brooklet,United States,4184540
https://github.com/ror-community/ror-updates/issues/39828,,benfovir AG*en,active,company,Benfovir AG*en,benfovir AG*en,,https://benfovir.com,,benfovir.com,,,,,,,,,,Darmstadt,Germany,2938913
https://github.com/ror-community/ror-updates/issues/39832,,Ukrainian Theriological Society*en,active,nonprofit,Ukrainske Teriologichne Tovarystvo*uk,Ukrainian Theriological Society*en; Українське теріологічне товариство НАН України*uk,UTS*en,http://terioshkola.org.ua/index.htm,https://uk.wikipedia.org/wiki/%D0%A3%D0%BA%D1%80%D0%B0%D1%97%D0%BD%D1%81%D1%8C%D0%BA%D0%B5_%D1%82%D0%B5%D1%80%D1%96%D0%BE%D0%BB%D0%BE%D0%B3%D1%96%D1%87%D0%BD%D0%B5_%D1%82%D0%BE%D0%B2%D0%B0%D1%80%D0%B8%D1%81%D1%82%D0%B2%D0%BE_%D0%9D%D0%90%D0%9D_%D0%A3%D0%BA%D1%80%D0%B0%D1%97%D0%BD%D0%B8,terioshkola.org.ua,1982,,,,,0000 0000 9760 5110,0000 0000 9760 5110,Q12164022,Q12164022,Kyiv,Ukraine,703448
https://github.com/ror-community/ror-updates/issues/39833,,"Predictive, LLC*en",active,company,Predictive LLC*en,"Predictive, LLC*en",,https://www.predictive-llc.com,,predictive-llc.com,2019,,,,,,,,,Raleigh,United States,4487042
https://github.com/ror-community/ror-updates/issues/39836,,Northern College of Acupuncture*en,active,education,,Northern College of Acupuncture*en,NCA*en,https://nca.ac.uk,,nca.ac.uk,1988,,,,,0000 0004 4660 3712,0000 0004 4660 3712,,,York,United Kingdom,2633352
https://github.com/ror-community/ror-updates/issues/39838,,INDIAB Foundation*en,active,nonprofit,,INDIAB Foundation*en,,,,,2019,,,,,0000 0005 2958 3999,0000 0005 2958 3999,,,Ghaziabad,India,1271308
https://github.com/ror-community/ror-updates/issues/39853,,Institut Islam Bustanul Ulum Lampung*id,active,education,Institut Islam Bustanul Ulum*id; Sekolah Tinggi Ilmu Tarbiyah Bustanul 'Ulum Lampung Tengah*id; STIT Bustanul 'Ulum Lampung Tengah*id,Institut Islam Bustanul Ulum Lampung*id,INSIBU*id,https://univbu.ac.id,,univbu.ac.id,,,,,,,,,,Jaya Sakti,Indonesia,12486182
https://github.com/ror-community/ror-updates/issues/39866,,"Shardabai Pawar Mahila Arts, Commerce and Science College*en",active,education,"Agricultural Development Trust's Shardabai Pawar Arts, Commerce & Science College*en; Shardabai Pawar Mahila Mahavidyalaya*mr","Shardabai Pawar Mahila Arts, Commerce and Science College*en",SPMC*en,https://www.spmcshardanagar.org,,spmcshardanagar.org,1991,,,,,,,,,Baramati,India,1277091
https://github.com/ror-community/ror-updates/issues/39868,,Instituto Superior Politécnico do Bengo*pt,active,education,ISP-Bengo*pt,Instituto Superior Politécnico do Bengo*pt,,https://ispbengo.ao,,ispbengo.ao; ispbengo.com,2020,,,,,,,Q136564998,Q136564998,Panguíla,Angola,13631347
https://github.com/ror-community/ror-updates/issues/39872,,"Lighthouse Social Enterprise Co., Ltd*en",active,company,Lighthouse Social Enterprise*en; Lighthouse Social Enterprise Viet Nam*en; Lighthouse Vietnam*en; DNXH Hải Đăng*vi,"Lighthouse Social Enterprise Co., Ltd*en; Công ty TNHH Doanh nghiệp Xã hội Hải Đăng*vi",,https://lighthousevietnam.org,,lighthousevietnam.org,2016,,,,,,,,,Hanoi,Vietnam,1581130
https://github.com/ror-community/ror-updates/issues/39883,,Libyan Academy for Postgraduate Studies - Ajdabiya*en,active,education,أكاديمية الدراسات العليا بالمنطقة الشرقية*ar,Libyan Academy for Postgraduate Studies - Ajdabiya*en; الأكاديمية الليبية للدراسات العليا - أجدابيا*ar,,https://academya.edu.ly,,academya.edu.ly,2016,,,,,,,,,Ajdabiya,Libya,89113
https://github.com/ror-community/ror-updates/issues/39886,,Toshkent iqtisodiyot va texnologiyalari universiteti*uz,active,education,Toshkent iqtisodiyot va texnologiyalar universiteti*uz,Toshkent iqtisodiyot va texnologiyalari universiteti*uz; Tashkent University of Economics and Technologies*en; Ташкентский университет экономики и технологий*ru,TITU*en,https://uztitu.uz,,uztitu.uz,2022,,,,,,,,,Tashkent,Uzbekistan,1512569
https://github.com/ror-community/ror-updates/issues/39890,,Bethel Bible Seminary*en,active,education,,Bethel Bible Seminary*en; 伯特利神學院*zh,,https://www.bethelhk.org,https://en.wikipedia.org/wiki/Bethel_Bible_Seminary,bethelhk.org,1925,,,,,0000 0004 1755 6830,0000 0004 1755 6830,Q10885670,Q10885670,Hong Kong,Hong Kong,1819729
https://github.com/ror-community/ror-updates/issues/39893,,Trillium GmbH Medizinischer Fachverlag (Germany)*de,active,company,,Trillium GmbH Medizinischer Fachverlag (Germany)*de; Trillium GmbH Medizinischer Fachverlag*de,,https://www.trillium.de,,trillium.de,1995,,,,,0000 0005 2463 0397,0000 0005 2463 0397,Q114841278,Q114841278,Grafrath,Germany,2918232
https://github.com/ror-community/ror-updates/issues/39894,,SimVantage GmbH (Austria)*en,active,company,,SimVantage GmbH (Austria)*en; SimVantage GmbH*en,,https://simvantage.com,,simvantage.com,2021,,,,,,,,,Graz,Austria,2778067
https://github.com/ror-community/ror-updates/issues/39899,,Qurina International University*en,active,education,,Qurina International University*en; جامعة قورينا الدولية*ar,QIU*en,https://qiu.edu.ly,,qiu.edu.ly,2017,,,,,,,,,Benghazi,Libya,88319
https://github.com/ror-community/ror-updates/issues/39923,,Politeknik Kelapa Sawit Citra Widya Edukasi*id,active,education,Politeknik CWE*id,Politeknik Kelapa Sawit Citra Widya Edukasi*id,CWE*id,https://www.poltekcwe.ac.id,,poltekcwe.ac.id; cwe.ac.id,2006,,,,,0000 0004 0375 0229,0000 0004 0375 0229,Q109919644,Q109919644,Bekasi,Indonesia,1649378
https://github.com/ror-community/ror-updates/issues/39924,,Late Laxmibai Phadtare College of Pharmacy*en,active,education,"Late Laxmibai Phadtare College of Pharmacy, Kalamb*en",Late Laxmibai Phadtare College of Pharmacy*en,,https://www.phadtarepharmacy.edu.in,,phadtarepharmacy.edu.in,2020,,,,,,,,,Indapur,India,12681265
https://github.com/ror-community/ror-updates/issues/39933,,Sekolah Tinggi Pastoral Dian Mandala Gunungsitoli*id,active,education,STP Dian Mandala Gunungsitoli*id; STP Dian Mandala*id,Sekolah Tinggi Pastoral Dian Mandala Gunungsitoli*id; Dian Mandala Pastoral College*en,,https://stpdianmandala.ac.id,,stpdianmandala.ac.id,2008,,,,,,,,,Gunungsitoli,Indonesia,1215102
https://github.com/ror-community/ror-updates/issues/39934,,Govt. Zirtiri Residential Science College*en,active,education,Government Zirtiri Residential Science College*en,Govt. Zirtiri Residential Science College*en,GZRSC*en,https://gzrsc.edu.in,https://en.wikipedia.org/wiki/Government_Zirtiri_Residential_Science_College,gzrsc.edu.in,2000,,,,,0000 0005 2788 1562,0000 0005 2788 1562,Q8072789,Q8072789,Aizawl,India,1279186
https://github.com/ror-community/ror-updates/issues/39936,,YUX Design (Senegal)*en,active,company,,YUX Design (Senegal)*en; YUX Design*en,YUX*en,https://www.yux.design,,yux.design,2016,,,,,,,,,Dakar,Senegal,2253354
https://github.com/ror-community/ror-updates/issues/39970,,"Federal University of Agriculture and Technology, Okeho*en",active,education,,"Federal University of Agriculture and Technology, Okeho*en",FUNATO*en,https://funato.edu.ng,,funato.edu.ng,2025,,,,,0000 0005 3096 4406,0000 0005 3096 4406,Q141438651,Q141438651,Okeho,Nigeria,2327236
https://github.com/ror-community/ror-updates/issues/40041,,The CHAMP1 Research Foundation*en,active,nonprofit; funder,CHAMP1 Research Foundation*en; CHAMP1 Foundation*en,The CHAMP1 Research Foundation*en,,https://champ1foundation.org,,champ1foundation.org,2018,,,,,,,,,Spring Hill,United States,4173838
https://github.com/ror-community/ror-updates/issues/40046,,Millî Eğitim Akademisi Başkanlığı*tr,active,government,Millî Eğitim Akademisi*tr,Millî Eğitim Akademisi Başkanlığı*tr,,https://akademi.meb.gov.tr,,akademi.meb.gov.tr,2025,,,,,,,,,Ankara,Türkiye,323786
https://github.com/ror-community/ror-updates/issues/40052,,The Institute for Migrant Rights*en,active,nonprofit,,The Institute for Migrant Rights*en,IMR*en,https://www.theimr.org,,theimr.org,,,,,,,,,,Cianjur,Indonesia,1647142
https://github.com/ror-community/ror-updates/issues/40056,,United World College Changshu China*en,active,education,,United World College Changshu China*en; 常熟世界联合学院*zh,UWC CSC*en,https://www.uwcchina.org,https://en.wikipedia.org/wiki/United_World_College_Changshu_China,uwcchina.org,2015,,,,,,,Q56295022,Q56295022,Changshu,China,6685841
https://github.com/ror-community/ror-updates/issues/40057,,Dong-Eui Institute of Technology*en,active,education,,Dong-Eui Institute of Technology*en; 동의과학대학교*ko,DIT*en,https://www.dit.ac.kr,https://ko.wikipedia.org/wiki/%EB%8F%99%EC%9D%98%EA%B3%BC%ED%95%99%EB%8C%80%ED%95%99%EA%B5%90,dit.ac.kr,1972,,,,,0000 0004 1784 9078,0000 0004 1784 9078,Q12593522,Q12593522,Busanjin-gu,South Korea,8604807
https://github.com/ror-community/ror-updates/issues/40123,,"Chengdu Havenlon Security Technology Co., Ltd. (China)*en",active,company,Havenlon*en; Havenlon Labs*en,"Chengdu Havenlon Security Technology Co., Ltd. (China)*en; Chengdu Havenlon Security Technology Co., Ltd.*en; 成都海文隆安全科技有限公司*zh",,https://havenlon.com,,havenlon.com,,,,,,,,,,Chengdu,China,1815286
https://github.com/ror-community/ror-updates/issues/40128,,Arid Recovery*en,active,nonprofit,Arid Recovery Limited*en,Arid Recovery*en,,https://aridrecovery.org.au,https://de.wikipedia.org/wiki/Arid_Recovery,aridrecovery.org.au,1997,,,,,,,Q93263574,Q93263574,Olympic Dam,Australia,8188966
https://github.com/ror-community/ror-updates/issues/40145,,XDream Robotics (China)*en,active,company,,XDream Robotics (China)*en; XDream Robotics*en; 炽梦科技*zh,,https://www.xdreamrobo.com,,xdreamrobo.com,2025,,,,,,,,,Shanghai,China,1796236
https://github.com/ror-community/ror-updates/issues/40176,,Universitas Nahdlatul Ulama Pasuruan*id,active,education,UNU Pasuruan*id,Universitas Nahdlatul Ulama Pasuruan*id,,https://www.unupasuruan.ac.id,,unupasuruan.ac.id,2023,,,,,0000 0005 1284 921X,0000 0005 1284 921X,,,Pasuruan,Indonesia,1632033
https://github.com/ror-community/ror-updates/issues/40192,,ATIDHI CLINIC LLP*en,active,healthcare,ATIDHI Group*en,ATIDHI CLINIC LLP*en,ATIDHI*en,https://www.atidhi.in,,atidhi.in,2022,,,,,,,,,Thrissur,India,1254187
https://github.com/ror-community/ror-updates/issues/40200,,Vantara*en,active,facility; nonprofit,,Vantara*en,,https://vantara.in,https://en.wikipedia.org/wiki/Vantara,vantara.in,2024,,,,,,,Q124853850,Q124853850,Jamnagar,India,1269317
https://github.com/ror-community/ror-updates/issues/40204,,Peshawar Institute of Cardiology*en,active,healthcare,"Peshawar Institute of Cardiology, Medical Teaching Institute*en",Peshawar Institute of Cardiology*en,PIC*en; PIC-MTI*en,https://pic.edu.pk,https://en.wikipedia.org/wiki/Peshawar_Institute_of_Cardiology,pic.edu.pk,2020,,,,,,,Q125395937,Q125395937,Peshawar,Pakistan,1168197
https://github.com/ror-community/ror-updates/issues/40205,,United Bible Societies*en,active,nonprofit,,United Bible Societies*en; Alliance biblique universelle*fr; Sociedades Bíblicas Unidas*es,UBS*en,https://unitedbiblesocieties.org,https://en.wikipedia.org/wiki/United_Bible_Societies,unitedbiblesocieties.org; biblesocieties.org,1946,,,,,0000 0004 5375 5888,0000 0004 5375 5888,Q15891753,Q15891753,Swindon,United Kingdom,2636389
https://github.com/ror-community/ror-updates/issues/40211,,Levity Crop Science (United Kingdom)*en,active,company,Levity Crop Science Ltd*en; Levity Cropscience Limited*en,Levity Crop Science (United Kingdom)*en; Levity Crop Science*en,,https://levitycropscience.com,,levitycropscience.com,2010,,,,,0000 0004 4663 5490,0000 0004 4663 5490,,,Woodplumpton,United Kingdom,2633627
https://github.com/ror-community/ror-updates/issues/40250,,MaxBrain Technologies (India)*en,active,company,Maxbrain Technologies Private Limited*en,MaxBrain Technologies (India)*en; MaxBrain Technologies*en,,https://maxbraintech.com,,maxbraintech.com,2018,,,,,,,,,Jaipur,India,1269515
https://github.com/ror-community/ror-updates/issues/40253,,"MGM Medical College, Nerul*en",active,education,"Mahatma Gandhi Mission Medical College, Nerul*en; MGM Medical College and Hospital, Nerul*en","MGM Medical College, Nerul*en",,https://www.mgmmcnerul.edu.in,,mgmmcnerul.edu.in,2024,,,,,,,,,Navi Mumbai,India,6619347
https://github.com/ror-community/ror-updates/issues/40257,,Institut Teknologi Bacharuddin Jusuf Habibie*id,active,education,ITBH*id,Institut Teknologi Bacharuddin Jusuf Habibie*id,ITH*id,https://ith.ac.id,https://id.wikipedia.org/wiki/Institut_Teknologi_Bacharuddin_Jusuf_Habibie,ith.ac.id,2014,,,,,0000 0005 1314 7498,0000 0005 1314 7498,Q123154500,Q123154500,Parepare,Indonesia,1632353
https://github.com/ror-community/ror-updates/issues/40265,,Greens Zoological Rescue and Rehabilitation Centre Society*en,active,archive; nonprofit,Greens Zoological Rescue and Rehabilitation Centre*en,Greens Zoological Rescue and Rehabilitation Centre Society*en,GZRRCS*en; GZRRC*en,https://vantara.in/en,,vantara.in,2021,,,,,0000 0005 3100 5995,0000 0005 3100 5995,,,Jamnagar,India,1269317
https://github.com/ror-community/ror-updates/issues/40285,,Annakkili Amma Research Institute*en,active,company,,Annakkili Amma Research Institute*en,AARI*en,https://www.aaribioscience.com,,aaribioscience.com,2016,,,,,,,,,Chennai,India,1264527
https://github.com/ror-community/ror-updates/issues/40299,,Centre d’Information et de Documentation Scientifique et Technique*fr,active,government; archive,,Centre d’Information et de Documentation Scientifique et Technique*fr; Centre for Scientific and Technical Information and Documentation*en,CIDST*fr,https://cidst.miremby.mg,,cidst.miremby.mg,1987,,,,,,,Q63862255,Q63862255,Antananarivo,Madagascar,1070940
https://github.com/ror-community/ror-updates/issues/40304,,Deutsche Bibelgesellschaft*de,active,nonprofit,,Deutsche Bibelgesellschaft*de; German Bible Society*en,DBG*de,https://www.die-bibel.de,https://en.wikipedia.org/wiki/Deutsche_Bibelgesellschaft,die-bibel.de; dbg.de,1981,,,,,0000 0001 2194 9221,0000 0001 2194 9221,Q875742,Q875742,Stuttgart,Germany,2825297
https://github.com/ror-community/ror-updates/issues/40309,,SIBHIALTA Ingeniería y Servicios Cía. Ltda.*es,active,company,SIBHIALTA Cía. Ltda.*es; Sibhialta*es,SIBHIALTA Ingeniería y Servicios Cía. Ltda.*es,,https://sibhialta.com,,sibhialta.com,2013,,,,,,,,,Quito,Ecuador,3652462
https://github.com/ror-community/ror-updates/issues/40313,,Varenya Research Foundation Nepal*en,active,nonprofit,,Varenya Research Foundation Nepal*en,VRFN*en,https://www.varenyafoundation.org.np,,varenyafoundation.org.np,2024,,,,,,,Q141494041,Q141494041,Suryabinayak,Nepal,12096265
https://github.com/ror-community/ror-updates/issues/40328,,St Philaret’s Institute*en,active,education,,St Philaret’s Institute*en; Свято-Филаретовский институт*ru,SFI*en; СФИ*ru,https://sfi.ru,https://ru.wikipedia.org/wiki/%D0%A1%D0%B2%D1%8F%D1%82%D0%BE-%D0%A4%D0%B8%D0%BB%D0%B0%D1%80%D0%B5%D1%82%D0%BE%D0%B2%D1%81%D0%BA%D0%B8%D0%B9_%D0%B8%D0%BD%D1%81%D1%82%D0%B8%D1%82%D1%83%D1%82,sfi.ru,1988,,,,,,,Q16695485,Q16695485,Moscow,Russia,524901
https://github.com/ror-community/ror-updates/issues/40331,,Association Wallonne des Eleveurs*fr,active,nonprofit,Association Wallonne des Éleveurs*fr; Association Wallonne des Eleveurs-Groupe ASBL*fr; Walloon Breeders Association*en,Association Wallonne des Eleveurs*fr,AWE*fr,https://www.awenet.be/awe/,,awenet.be,2003,,,,,,,,,Ciney,Belgium,2800298
https://github.com/ror-community/ror-updates/issues/40335,,Sekolah Tinggi Teologi Elohim Indonesia*id,active,education,STT Elohim Indonesia*id,Sekolah Tinggi Teologi Elohim Indonesia*id,STTELA*id,https://sttelohim.ac.id/,,sttelohim.ac.id,1999,,,,,,,Q109921970,Q109921970,Kabupaten Malang,Indonesia,1636713
https://github.com/ror-community/ror-updates/issues/40344,,The Libyan Academy for Postgraduate Studies-Misurata*en,active,education,The Libyan Academy-Misurata*en,The Libyan Academy for Postgraduate Studies-Misurata*en; الأكاديمية الليبية مصراتة*ar; الأكاديمية الليبية للدراسات العليا فرع مصراتة*ar,,https://lam.edu.ly/ar/,,lam.edu.ly,2008,,,,,,,,,Misurata,Libya,2214846
https://github.com/ror-community/ror-updates/issues/40380,,"Edo State Polytechnic, Usen*en",active,education,,"Edo State Polytechnic, Usen*en",,https://edopoly.edu.ng/,,edopoly.edu.ng,2002,,,,,,,,,Usen,Nigeria,2319623
https://github.com/ror-community/ror-updates/issues/40381,,Sindh Institute of Child Health & Neonatology*en,active,healthcare,Sindh Institute of Child Health and Neonatology*en,Sindh Institute of Child Health & Neonatology*en,SICHN*en,https://www.sichn.org/,,sichn.org; sichn.com.pk,2019,,,,,,,,,Karachi,Pakistan,1174872
https://github.com/ror-community/ror-updates/issues/40388,,"Higher Institute of Science and Technology, Suluq*en",active,education,Higher Institute of Science and Technology - Salouq*en,"Higher Institute of Science and Technology, Suluq*en; المعهد العالي للعلوم والتقنية سلوق*ar",,https://hicps.edu.ly/,,hicps.edu.ly,,,,,,,,Q141503168,Q141503168,Suluq,Libya,81604
https://github.com/ror-community/ror-updates/issues/40439,,Iranian Psychological Association*en,active,nonprofit,,Iranian Psychological Association*en; انجمن روانشناسی ایران*fa,IPA*en,https://iranpa.org/,,iranpa.org,,,,,,,,Q16045489,Q16045489,Tehran,Iran,112931
https://github.com/ror-community/ror-updates/issues/40454,,"Hypertension & Research Centre, Rangpur*en",active,healthcare,"Hypertension and Research Centre, Rangpur*en","Hypertension & Research Centre, Rangpur*en",HTN&RCR*en,https://www.htncr.org/,,htncr.org,2008,,,,,,,,,Rangpur,Bangladesh,1185188
https://github.com/ror-community/ror-updates/issues/40469,,L&R Sozialforschung GmbH*de,active,company,L&R Sozialforschung*de,L&R Sozialforschung GmbH*de; L&R Social Research*en,,https://www.lrsocialresearch.at/,,lrsocialresearch.at,1990,,,,,,,,,Vienna,Austria,2761369
https://github.com/ror-community/ror-updates/issues/40477,,Universitas Riyadlul Ulum*id,active,education,Universitas Riyadlul Ulum Condong*id; Institut Teknologi dan Bisnis Riyadlul Ulum*id,Universitas Riyadlul Ulum*id,UNIRU*id; ITB-RU*id,https://uniru.ac.id,,uniru.ac.id,2025,,,,,,,,,Tasikmalaya,Indonesia,1624647
https://github.com/ror-community/ror-updates/issues/40481,,Reconnect Health Services*en,active,healthcare,Reconnect Community Health Services*en,Reconnect Health Services*en,,https://www.reconnect.on.ca/,,reconnect.on.ca,1981,,,,,,,,,Toronto,Canada,6167865
https://github.com/ror-community/ror-updates/issues/40496,,Asiana IDT*en,active,company,Asiana IDT Inc.*en,Asiana IDT*en; 아시아나IDT*ko,,https://www.asianaidt.com/,https://ko.wikipedia.org/wiki/%EC%95%84%EC%8B%9C%EC%95%84%EB%82%98%EC%95%84%EC%9D%B4%EB%94%94%ED%8B%B0,asianaidt.com,2003,,,,,,,Q4806818,Q4806818,Seoul,South Korea,1835848
https://github.com/ror-community/ror-updates/issues/40498,,Sekolah Tinggi Ilmu Kesehatan Sukma Wijaya Sampang*id,active,education,STIKES Sukma Wijaya Sampang*id; Akademi Kebidanan Graha Husada Sampang*id,Sekolah Tinggi Ilmu Kesehatan Sukma Wijaya Sampang*id,,https://stikessukmawijaya.ac.id/,,stikessukmawijaya.ac.id,2022,,,,,,,Q129343019,Q129343019,Sampang,Indonesia,1628899
https://github.com/ror-community/ror-updates/issues/40513,,endogene.bio (France)*en,active,company,,endogene.bio (France)*en; endogene.bio*en,,https://www.endogene.bio/,,endogene.bio,2022,,,,,,,,,Paris,France,2988507
https://github.com/ror-community/ror-updates/issues/40520,,Federal Polytechnic Bali*en,active,education,Fed Poly Bali*en,Federal Polytechnic Bali*en,,https://fedpolybali.edu.ng/,https://en.wikipedia.org/wiki/Federal_Polytechnic%2C_Bali,fedpolybali.edu.ng,2007,,,,,,,,,Bali,Nigeria,8659779
https://github.com/ror-community/ror-updates/issues/40523,,Agard Research Associates Inc.*en,active,nonprofit,Agard Research Associates*en,Agard Research Associates Inc.*en,ARA*en,https://www.agardresearchassociates.org/,,agardresearchassociates.org; agardassociates.org,2025,,,,,,,,,East Windsor,United States,5097470
https://github.com/ror-community/ror-updates/issues/40524,,California Landscape Architectural Student Scholarship Fund*en,active,nonprofit; funder,CLASS Fund*en,California Landscape Architectural Student Scholarship Fund*en,,https://www.classfund.org/,,classfund.org,1980,,,,,,,,,Tustin,United States,5404119
https://github.com/ror-community/ror-updates/issues/40540,,Fundacja Archeolodzy.org*pl,active,nonprofit,,Fundacja Archeolodzy.org*pl; Archeolodzy.org Foundation*en,,https://archeolodzy.org/,,archeolodzy.org,2017,,,,,,,,,Świdnica,Poland,3084093
https://github.com/ror-community/ror-updates/issues/40545,,Jagan Institute of Management Studies*en,active,education,"Jagan Institute of Management Studies, Rohini*en; JIMS Rohini*en",Jagan Institute of Management Studies*en,JIMS*en,https://www.jimsrohini.org/,,jimsrohini.org,1993,,,,,,,Q6122114,Q6122114,Delhi,India,1273294
https://github.com/ror-community/ror-updates/issues/40546,,"Sagri Co., Ltd. (Japan)*en",active,company,,"Sagri Co., Ltd. (Japan)*en; Sagri Co., Ltd.*en; サグリ株式会社*ja",,https://sagri.tokyo/,,sagri.tokyo,2018,,,,,,,,,Tamba,Japan,13132799
https://github.com/ror-community/ror-updates/issues/40549,,Saraya Hamra University*en,active,education,,Saraya Hamra University*en; جامعة السرايا الحمراء*ar,SHU*en,https://www.shu.edu.ly/,,shu.edu.ly,2022,,,,,,,,,Tripoli,Libya,2210247
https://github.com/ror-community/ror-updates/issues/40560,,Centre international de formation européenne*fr,active,education,,Centre international de formation européenne*fr; International Centre for European Training*en,CIFE*fr,https://www.cife.eu/,https://en.wikipedia.org/wiki/Centre_international_de_formation_europ%C3%A9enne,cife.eu,1954,,,,,0000 0001 2322 5673,0000 0001 2322 5673,Q1054148,Q1054148,Nice,France,2990440
https://github.com/ror-community/ror-updates/issues/40585,,"Shandong Caishan Aluminum Industry Co., Ltd.*en",active,company,"Shandong Caishan Aluminum Co., Ltd.*en; Shandong Caishan Aluminium Industry Co., Ltd.*en","Shandong Caishan Aluminum Industry Co., Ltd.*en; 山东彩山铝业有限公司*zh",,https://sdcaishan.com,,sdcaishan.com,,,,,,,,,,Tai'an,China,1793724
https://github.com/ror-community/ror-updates/issues/40606,,"Army Institute of Technology, Pune*en",active,education,AIT Pune*en,"Army Institute of Technology, Pune*en",AIT*en,https://www.aitpune.com/,https://en.wikipedia.org/wiki/Army_Institute_of_Technology,aitpune.com,1994,,,,,0000 0004 1780 6836,0000 0004 1780 6836,Q4794163,Q4794163,Pune,India,1259229
https://github.com/ror-community/ror-updates/issues/40609,,Kyiv Research and Design-Construction Institute “Enerhoproekt”*en,active,company,JSC “Kyiv Research and Design Institute Enerhoproekt”*en,Kyiv Research and Design-Construction Institute “Enerhoproekt”*en; Київський науково-дослідний та проектно-конструкторський інститут «Енергопроект»*uk,KIEP*en,https://kiep.ua/,https://uk.wikipedia.org/wiki/%D0%9A%D0%B8%D1%97%D0%B2%D0%B5%D0%BD%D0%B5%D1%80%D0%B3%D0%BE%D0%BF%D1%80%D0%BE%D0%B5%D0%BA%D1%82,kiep.ua,1933,,,,,,,Q107075313,Q107075313,Kyiv,Ukraine,703448
https://github.com/ror-community/ror-updates/issues/40645,,Ottoman Pharma (Pakistan)*en,active,company,,Ottoman Pharma (Pakistan)*en; Ottoman Pharma*en,,https://ottomanpharma.com,,ottomanpharma.com,2002,,,,,,,,,Lahore,Pakistan,1172451
https://github.com/ror-community/ror-updates/issues/40647,,POF Hospital*en,active,healthcare,,POF Hospital*en,,https://hospital.pof.gov.pk,,hospital.pof.gov.pk,1962,,,,,,,,,Wah Cantt,Pakistan,11785389
https://github.com/ror-community/ror-updates/issues/40650,,ZARMED University*en,active,education,Turon Zarmed University*en; Turon Zarmed Universiteti*uz,ZARMED University*en; Zarmed universiteti*uz,,https://zarmeduniver.com,https://en.wikipedia.org/wiki/Zarmed_University,zarmeduniver.com,2022,,,,,0000 0005 1107 3552,0000 0005 1107 3552,,,Bukhara,Uzbekistan,1217662
https://github.com/ror-community/ror-updates/issues/40651,,Institute for Information Theories and Applications FOI ITHEA*en,active,nonprofit,Institute of Information Theories and Applications ITHEA*en,Institute for Information Theories and Applications FOI ITHEA*en,ITHEA*en,http://www.ithea.org,,ithea.org,2002,,,,,,,,,Sofia,Bulgaria,727011
https://github.com/ror-community/ror-updates/issues/40652,,Satyawati College (Evening)*en,active,education,Satyawati Evening College*en,Satyawati College (Evening)*en,,https://satyawatie.du.ac.in,,satyawatie.du.ac.in,1973,,,,,,,,,Delhi,India,1273294
https://github.com/ror-community/ror-updates/issues/40653,,Fixstars Amplify Corporation (Japan)*en,active,company,,Fixstars Amplify Corporation (Japan)*en; Fixstars Amplify Corporation*en; 株式会社 Fixstars Amplify*ja,,https://amplify.fixstars.com/en/,,amplify.fixstars.com,2021,,,,,,,,,Tokyo,Japan,1850147
https://github.com/ror-community/ror-updates/issues/40655,,Klub Naukowy Fenix*pl,active,nonprofit,,Klub Naukowy Fenix*pl; Fenix Science Club*en,,https://fenix.club,,fenix.club,2014,,,,,0000 0005 1277 7789,0000 0005 1277 7789,Q134595938,Q134595938,Warsaw,Poland,756135
https://github.com/ror-community/ror-updates/issues/40656,,Coral Restoration Foundation*en,active,nonprofit,,Coral Restoration Foundation*en,CRF*en,https://coralrestoration.org,,coralrestoration.org,2000,,,,,0000 0004 7953 2068,0000 0004 7953 2068,,,Tavernier,United States,4174870
https://github.com/ror-community/ror-updates/issues/40699,,"Women's Health, Sports & Performance Institute*en",active,nonprofit,,"Women's Health, Sports & Performance Institute*en",WHSP*en,https://whspinstitute.org,,whspinstitute.org,2026,,,,,,,,,Boston,United States,4930956
https://github.com/ror-community/ror-updates/issues/40742,,Embrapa Agrobiology*en,active,government,Centro Nacional de Pesquisa de Agrobiologia*pt,Embrapa Agrobiology*en; Embrapa Agrobiologia*pt,CNPAB*pt,https://www.embrapa.br/web/agrobiologia,,,,,,,,,,,,Seropédica,Brazil,3447785
https://github.com/ror-community/ror-updates/issues/40743,,Embrapa Agroenergy*en,active,government,Centro Nacional de Pesquisa de Agroenergia*pt,Embrapa Agroenergy*en; Embrapa Agroenergia*pt,CNPAE*pt,https://www.embrapa.br/web/agroenergia,,,,,,,,,,,,Brasília,Brazil,3469058
https://github.com/ror-community/ror-updates/issues/40744,,Embrapa Agrosilvopastoral*en,active,government,Centro de Pesquisa Agropecuária de Mato Grosso*pt,Embrapa Agrosilvopastoral*en; Embrapa Agrossilvipastoril*pt,CPAMT*pt,https://www.embrapa.br/web/agrossilvipastoril,,,,,,,,,,,,Sinop,Brazil,6318696
https://github.com/ror-community/ror-updates/issues/40745,,Embrapa Amapá*pt,active,government,Centro de Pesquisa Agroflorestal do Amapá*pt,Embrapa Amapá*pt,CPAF-AP*pt,https://www.embrapa.br/web/amapa,,,,,,,,,,,,Macapá,Brazil,3396016
https://github.com/ror-community/ror-updates/issues/40746,,Embrapa Beef Cattle*en,active,government,Centro Nacional de Pesquisa de Gado de Corte*pt,Embrapa Beef Cattle*en; Embrapa Gado de Corte*pt,CNPGC*pt,https://www.embrapa.br/web/gado-de-corte,,,,,,,,,,,,Campo Grande,Brazil,3467747
https://github.com/ror-community/ror-updates/issues/40747,,Embrapa Cerrados*pt,active,government,Centro de Pesquisa Agropecuária dos Cerrados*pt,Embrapa Cerrados*pt,CPAC*pt,https://www.embrapa.br/web/cerrados,,,,,,,,,,,,Planaltina,Brazil,11184422
https://github.com/ror-community/ror-updates/issues/40748,,Embrapa Coastal Tablelands*en,active,government,Centro de Pesquisa Agropecuária dos Tabuleiros Costeiros*pt,Embrapa Coastal Tablelands*en; Embrapa Tabuleiros Costeiros*pt,CPATC*pt,https://www.embrapa.br/web/tabuleiros-costeiros,,,,,,,,,,,,Aracaju,Brazil,3471872
https://github.com/ror-community/ror-updates/issues/40749,,Embrapa Coffee*en,active,government,Centro Nacional de Pesquisa do Café*pt,Embrapa Coffee*en; Embrapa Café*pt,CNPCa*pt,https://www.embrapa.br/web/cafe,,,,,,,,,,,,Brasília,Brazil,3469058
https://github.com/ror-community/ror-updates/issues/40750,,Embrapa Cotton*en,active,government,Centro Nacional de Pesquisa de Algodão*pt,Embrapa Cotton*en; Embrapa Algodão*pt,CNPA*pt,https://www.embrapa.br/web/algodao,,,,,,,,,,,,Campina Grande,Brazil,3403642
https://github.com/ror-community/ror-updates/issues/40751,,Embrapa Dairy Cattle*en,active,government,Centro Nacional de Pesquisa de Gado de Leite*pt,Embrapa Dairy Cattle*en; Embrapa Gado de Leite*pt,CNPGL*pt,https://www.embrapa.br/web/gado-de-leite,,,,,,,,,,,,Juiz de Fora,Brazil,3459505
https://github.com/ror-community/ror-updates/issues/40752,,Embrapa Digital Agriculture*en,active,government,Centro Nacional de Pesquisa Tecnológica em Informática para a Agricultura*pt,Embrapa Digital Agriculture*en; Embrapa Agricultura Digital*pt,CNPTIA*pt,https://www.embrapa.br/web/agricultura-digital,,,,,,,,,,,,Campinas,Brazil,3467865
https://github.com/ror-community/ror-updates/issues/40753,,Embrapa Eastern Amazon*en,active,government; funder,Centro de Pesquisa Agroflorestal da Amazônia Oriental*pt,Embrapa Eastern Amazon*en; Embrapa Amazônia Oriental*pt,CPATU*pt,https://www.embrapa.br/web/amazonia-oriental,,,,100030718,100030718,,,,,,,Belém,Brazil,3405870
https://github.com/ror-community/ror-updates/issues/40754,,Embrapa Environment*en,active,government,Centro Nacional de Pesquisa de Monitoramento e Avaliação de Impacto Ambiental*pt,Embrapa Environment*en; Embrapa Meio Ambiente*pt,CNPMA*pt,https://www.embrapa.br/web/meio-ambiente,,,,,,,,,,,,Jaguariúna,Brazil,3460200
https://github.com/ror-community/ror-updates/issues/40756,,Embrapa Food and Territories*en,active,government,Centro Nacional de Pesquisa de Alimentos e Territórios*pt,Embrapa Food and Territories*en; Embrapa Alimentos e Territórios*pt,CNAT*pt,https://www.embrapa.br/web/alimentos-e-territorios,,,,,,,,,,,,Maceió,Brazil,3395981
https://github.com/ror-community/ror-updates/issues/40757,,Embrapa Food Technology*en,active,government,Centro Nacional de Pesquisa de Tecnologia Agroindustrial de Alimentos*pt,Embrapa Food Technology*en; Embrapa Agroindústria de Alimentos*pt,CTAA*pt,https://www.embrapa.br/web/agroindustria-de-alimentos,,,,,,,,,,,,Rio de Janeiro,Brazil,3451190
https://github.com/ror-community/ror-updates/issues/40758,,Embrapa Genetic Resources and Biotechnology*en,active,government; funder,Centro Nacional de Pesquisa de Recursos Genéticos e Biotecnologia*pt,Embrapa Genetic Resources and Biotechnology*en; Embrapa Recursos Genéticos e Biotecnologia*pt,CENARGEN*pt,https://www.embrapa.br/web/recursos-geneticos-e-biotecnologia,,,,501100020014,501100020014,,,,,,,Brasília,Brazil,3469058
https://github.com/ror-community/ror-updates/issues/40759,,Embrapa Goats and Sheep*en,active,government,Centro Nacional de Pesquisa de Caprinos*pt,Embrapa Goats and Sheep*en; Embrapa Caprinos e Ovinos*pt,CNPC*pt,https://www.embrapa.br/web/caprinos-e-ovinos,,,,,,,,,,,,Sobral,Brazil,3387296
https://github.com/ror-community/ror-updates/issues/40760,,Embrapa Grape and Wine*en,active,government,Centro Nacional de Pesquisa de Uva e Vinho*pt,Embrapa Grape and Wine*en; Embrapa Uva e Vinho*pt,CNPUV*pt,https://www.embrapa.br/web/uva-e-vinho,,,,,,,,,,,,Bento Gonçalves,Brazil,3470073
https://github.com/ror-community/ror-updates/issues/40761,,Embrapa Instrumentation*en,active,government,Centro Nacional de Pesquisa e Desenvolvimento de Instrumentação Agropecuária*pt,Embrapa Instrumentation*en; Embrapa Instrumentação*pt,CNPDIA*pt,https://www.embrapa.br/web/instrumentacao,,,,,,,,,,,,São Carlos,Brazil,3449319
https://github.com/ror-community/ror-updates/issues/40762,,Embrapa Maize and Sorghum*en,active,government,Centro Nacional de Pesquisa de Milho e Sorgo*pt,Embrapa Maize and Sorghum*en; Embrapa Milho e Sorgo*pt,CNPMS*pt,https://www.embrapa.br/web/milho-e-sorgo,,,,,,,,,,,,Sete Lagoas,Brazil,3447624
https://github.com/ror-community/ror-updates/issues/40763,,Embrapa Maranhão*pt,active,government,Centro de Pesquisa Agropecuária de Cocais e Planícies Inundáveis*pt,Embrapa Maranhão*pt,CPACP*pt,https://www.embrapa.br/web/maranhao,,,,,,,,,,,,São Luís,Brazil,3388368
https://github.com/ror-community/ror-updates/issues/40764,,Embrapa Mid-North*en,active,government,Centro de Pesquisa Agropecuária do Meio-Norte*pt,Embrapa Mid-North*en; Embrapa Meio Norte*pt,CPAMN*pt,https://www.embrapa.br/web/meio-norte,,,,,,,,,,,,Teresina,Brazil,3386496
https://github.com/ror-community/ror-updates/issues/40765,,Embrapa Pantanal*pt,active,government,Centro de Pesquisa Agropecuária do Pantanal*pt,Embrapa Pantanal*pt,CPAP*pt,https://www.embrapa.br/web/pantanal,,,,,,,,,,,,Corumbá,Brazil,3465342
https://github.com/ror-community/ror-updates/issues/40766,,Embrapa Rondônia*pt,active,government,Centro de Pesquisa Agroflorestal de Rondônia*pt,Embrapa Rondônia*pt,CPAF-RO*pt,https://www.embrapa.br/web/rondonia,,,,,,,,,,,,Porto Velho,Brazil,3662762
https://github.com/ror-community/ror-updates/issues/40768,,Embrapa Roraima*pt,active,government,Centro de Pesquisa Agroflorestal de Roraima*pt,Embrapa Roraima*pt,CPAF-RR*pt,https://www.embrapa.br/web/roraima,,,,,,,,,,,,Boa Vista,Brazil,3664980
https://github.com/ror-community/ror-updates/issues/40769,,Embrapa Semi-Arid Region*en,active,government,Centro de Pesquisa Agropecuária do Trópico Semi-Árido*pt,Embrapa Semi-Arid Region*en; Embrapa Semiárido*pt,CPATSA*pt,https://www.embrapa.br/web/semiarido,,,,,,,,,,,,Petrolina,Brazil,3392242
https://github.com/ror-community/ror-updates/issues/40770,,Embrapa Soils*en,active,government,Centro Nacional de Pesquisa de Solos*pt,Embrapa Soils*en; Embrapa Solos*pt,CNPS*pt,https://www.embrapa.br/web/solos,,,,,,,,,,,,Rio de Janeiro,Brazil,3451190
https://github.com/ror-community/ror-updates/issues/40771,,Embrapa Southeastern Livestock*en,active,government,Centro de Pesquisa de Pecuária do Sudeste*pt,Embrapa Southeastern Livestock*en; Embrapa Pecuária Sudeste*pt,CPPSE*pt,https://www.embrapa.br/web/pecuaria-sudeste,,,,,,,,,,,,São Carlos,Brazil,3449319
https://github.com/ror-community/ror-updates/issues/40772,,Embrapa Southern Livestock*en,active,government,Centro de Pesquisa de Pecuária dos Campos Sul-Brasileiros*pt,Embrapa Southern Livestock*en; Embrapa Pecuária Sul*pt,CPPSUL*pt,https://www.embrapa.br/web/pecuaria-sul,,,,,,,,,,,,Bagé,Brazil,3471196
https://github.com/ror-community/ror-updates/issues/40773,,Embrapa Soybean*en,active,government,Centro Nacional de Pesquisa de Soja*pt,Embrapa Soybean*en; Embrapa Soja*pt,CNPSO*pt,https://www.embrapa.br/web/soja,,,,,,,,,,,,Londrina,Brazil,3458449
https://github.com/ror-community/ror-updates/issues/40774,,Embrapa Swine and Poultry*en,active,government,Centro Nacional de Pesquisa de Suínos e Aves*pt,Embrapa Swine and Poultry*en; Embrapa Suínos e Aves*pt,CNPSA*pt,https://www.embrapa.br/web/suinos-e-aves,,,,,,,,,,,,Concórdia,Brazil,3465721
https://github.com/ror-community/ror-updates/issues/40775,,Embrapa Temperate Agriculture*en,active,government,Centro de Pesquisa Agropecuária de Clima Temperado*pt,Embrapa Temperate Agriculture*en; Embrapa Clima Temperado*pt,CPACT*pt,https://www.embrapa.br/web/clima-temperado,,,,,,,,,,,,Pelotas,Brazil,3454244
https://github.com/ror-community/ror-updates/issues/40776,,Embrapa Territorial*pt,active,government,Centro Nacional de Pesquisa de Monitoramento por Satélite*pt,Embrapa Territorial*pt,CNPM*pt,https://www.embrapa.br/web/territorial,,,,,,,,,,,,Campinas,Brazil,3467865
https://github.com/ror-community/ror-updates/issues/40777,,Embrapa Vegetables*en,active,government,Centro Nacional de Pesquisa de Hortaliças*pt,Embrapa Vegetables*en; Embrapa Hortaliças*pt,CNPH*pt,https://www.embrapa.br/web/hortalicas,,,,,,,,,,,,Samambaia,Brazil,12432979
https://github.com/ror-community/ror-updates/issues/40778,,Embrapa Western Agriculture*en,active,government,Centro de Pesquisa Agropecuária do Oeste*pt,Embrapa Western Agriculture*en; Embrapa Agropecuária Oeste*pt,CPAO*pt,https://www.embrapa.br/web/agropecuaria-oeste,,,,,,,,,,,,Dourados,Brazil,3464460
https://github.com/ror-community/ror-updates/issues/40779,,Embrapa Western Amazon*en,active,government,Centro de Pesquisa Agroflorestal da Amazônia Ocidental*pt,Embrapa Western Amazon*en; Embrapa Amazônia Ocidental*pt,CPAA*pt,https://www.embrapa.br/web/amazonia-ocidental,,,,,,,,,,,,Manaus,Brazil,3663517
https://github.com/ror-community/ror-updates/issues/40780,,Embrapa Wheat*en,active,government,Centro Nacional de Pesquisa de Trigo*pt,Embrapa Wheat*en; Embrapa Trigo*pt,CNPT*pt,https://www.embrapa.br/web/trigo,,,,,,,,,,,,Passo Fundo,Brazil,3454857
https://github.com/ror-community/ror-updates/issues/41160,,Nəsimi adına Dilçilik İnstitutu*az,active,facility,AMEA Dilçilik İnstitutu*az; Nasimi Institute of Linguistics*en; Dilçilik İnstitutu*az; Azərbaycan Milli Elmlər Akademiyası Nəsimi adına Dilçilik İnstitutu*az; Institute of Linguistics named after Nasimi*en,Nəsimi adına Dilçilik İnstitutu*az; Nasimi Institute of Linguistics of the Azerbaijan National Academy of Sciences*en,,https://www.dilcilik.az,,dilcilik.az,1945,,,,,,,,,Baku,Azerbaijan,587084
https://github.com/ror-community/ror-updates/issues/41161,,Milli Hematologiya və Transfuziologiya Mərkəzi*az,active,healthcare,,Milli Hematologiya və Transfuziologiya Mərkəzi*az; National Hematology and Transfusiology Center*en,,https://mhtm.az,,mhtm.az,,,,,,,,,,Baku,Azerbaijan,587084
https://github.com/ror-community/ror-updates/issues/41162,,Folklor İnstitutu*az,active,facility,Institute of Folklore of ANAS*en; AMEA Folklor İnstitutu*az; Azərbaycan Milli Elmlər Akademiyasının Folklor İnstitutu*az,Folklor İnstitutu*az; Azerbaijan National Academy of Sciences Institute of Folklore*en,,https://folklor.az,https://az.wikipedia.org/wiki/AMEA_Folklor_%C4%B0nstitutu,folklor.az,2003,,,,,,,Q4201805,Q4201805,Baku,Azerbaijan,587084
https://github.com/ror-community/ror-updates/issues/41163,,Nizami Gəncəvi adına Milli Azərbaycan Ədəbiyyatı Muzeyi*az,active,archive,,Nizami Gəncəvi adına Milli Azərbaycan Ədəbiyyatı Muzeyi*az; National Museum of Azerbaijan Literature named after Nizami Ganjavi*en,,https://nizamimuseum.az,,nizamimuseum.az,1939,,,,,,,Q2500152,Q2500152,Baku,Azerbaijan,587084
https://github.com/ror-community/ror-updates/issues/41164,,Neftqazelmitədqiqatlayihə İnstitutu*az,active,company,,Neftqazelmitədqiqatlayihə İnstitutu*az; Oil and Gas Research and Design Institute*en,,https://refineryazerikimya.com/oilandgasresearch,,,2009,,,,,,,,,Baku,Azerbaijan,587084
https://github.com/ror-community/ror-updates/issues/41165,,Respublika Seysmoloji Xidmət Mərkəzi*az,active,government,Azərbaycan Milli Elmlər Akademiyası nəzdində Respublika Seysmoloji Xidmət Mərkəzi*az; AMEA nəzdində Respublika Seysmoloji Xidmət Mərkəzi*az,Respublika Seysmoloji Xidmət Mərkəzi*az; Republican Seismic Survey Center*en,RSSC*en,https://seismology.az/,,seismology.az,1999,,,,,,,,,Baku,Azerbaijan,587084
https://github.com/ror-community/ror-updates/issues/41167,,Hüquq və İnsan Haqları İnstitutu*az,active,facility,Institute of Law and Human Rights Public Legal Entity*en; Research Institute on Human Rights*en,Hüquq və İnsan Haqları İnstitutu*az; Institute of Law and Human Rights*en,,https://lhri.az/en/,https://az.wikipedia.org/wiki/H%C3%BCquq_v%C9%99_%C4%B0nsan_Haqlar%C4%B1_%C4%B0nstitutu,lhri.az,1998,,,,,,,Q12849063,Q12849063,Baku,Azerbaijan,587084
https://github.com/ror-community/ror-updates/issues/41168,,Mikrobiologiya İnstitutu*az,active,facility,,Mikrobiologiya İnstitutu*az; Institute of Microbiology*en,,https://www.azmbi.az/index.php/en/,,azmbi.az,1994,,,,,,,,,Baku,Azerbaijan,587084
https://github.com/ror-community/ror-updates/issues/41169,,Elmi-Tədqiqat Ağciyər Xəstəlikləri İnstitutu*az,active,healthcare,,Elmi-Tədqiqat Ağciyər Xəstəlikləri İnstitutu*az; Scientific Research Institute of Lung Diseases*en,,https://etacxi.az/,,etacxi.az,1944,,,,,,,,,Baku,Azerbaijan,587084
https://github.com/ror-community/ror-updates/issues/41170,,Ə.Quliyev adına Aşqarlar Kimyası İnstitutu*az,active,government,,Ə.Quliyev adına Aşqarlar Kimyası İnstitutu*az; Institute of Chemistry of Additives named after Academician A. M. Guliyev*en,ICA*en,https://ica.az,,ica.az,1965,,,,,,,,,Baku,Azerbaijan,587084
https://github.com/ror-community/ror-updates/issues/41171,,Fəlsəfə və Sosiologiya İnstitutu*az,active,facility,ANAS Philosophy and Sociology Institute*en; AMEA Fəlsəfə və Sosiologiya İnstitutu*az; Azərbaycan Milli Elmlər Akademiyası Fəlsəfə və Sosiologiya İnstitutu*az,Fəlsəfə və Sosiologiya İnstitutu*az; Institute of Philosophy and Sociology of ANAS*en,,https://philosophy.edu.az/,https://az.wikipedia.org/wiki/AMEA_F%C9%99ls%C9%99f%C9%99_v%C9%99_Sosiologiya_%C4%B0nstitutu,philosophy.edu.az,1945,,,,,,,Q12839677,Q12839677,Baku,Azerbaijan,587084
https://github.com/ror-community/ror-updates/issues/41172,,İctimai Səhiyyə və İslahatlar Mərkəzi*az,active,government,,İctimai Səhiyyə və İslahatlar Mərkəzi*az; Center for Public Health and Reforms*en,İSİM*az,https://isim.az,,isim.az,2006,,,,,,,,,Baku,Azerbaijan,587084
https://github.com/ror-community/ror-updates/issues/41173,,Sosial Tədqiqatlar Mərkəzi*az,active,government,Center for Social Studies*en,Sosial Tədqiqatlar Mərkəzi*az; Social Research Center*en,SRC*en; STM*az,http://stm.gov.az,,stm.gov.az,2019,,,,,,,,,Baku,Azerbaijan,587084
https://github.com/ror-community/ror-updates/issues/41174,,Beynəlxalq Münasibətlərin Təhlili və Multikulturalizm Mərkəzi*az,active,government,Center of Analysis of International Relations*en; AIR Center*en,Beynəlxalq Münasibətlərin Təhlili və Multikulturalizm Mərkəzi*az; Center for Analysis of International Relations and Multiculturalism*en,BMTMM*az,https://aircenter.az,,aircenter.az,2019,,,,,,,,,Baku,Azerbaijan,587084
https://github.com/ror-community/ror-updates/issues/41175,,Elmi-Tədqiqat Travmatologiya və Ortopediya İnstitutu*az,active,healthcare,Azerbaijan Scientific Research Institute of Traumatology and Orthopedics*en,Elmi-Tədqiqat Travmatologiya və Ortopediya İnstitutu*az; Scientific Research Institute of Traumatology and Orthopedics*en,,https://sehiyye.gov.az/nazirliyin-qurumlari/elmi-t-dqiqat-travmatologiya-v-ortopediya-i-nstitutu/,,,,,,,,,,,,Baku,Azerbaijan,587084
https://github.com/ror-community/ror-updates/issues/41176,,Mərkəzi Elmi Kitabxana*az,active,archive,Central Scientific Library of ANAS*en; AMEA Mərkəzi Elmi Kitabxana*az,Mərkəzi Elmi Kitabxana*az; Central Scientific Library of the Azerbaijan National Academy of Sciences*en,MEK*az,https://mek.org.az,,mek.org.az,1923,,,,,,,,,Baku,Azerbaijan,587084
https://github.com/ror-community/ror-updates/issues/41177,,Lənkəran Regional Elmi Mərkəzi*az,active,facility,AMEA Lənkəran Regional Elmi Mərkəzi*az,Lənkəran Regional Elmi Mərkəzi*az; Lankaran Regional Scientific Center*en,,https://science.gov.az/en/pages/lenkoranskiy-regionalnyiy-nauchnyiy-tsentr,,,2005,,,,,,,,,Lankaran,Azerbaijan,147622
https://github.com/ror-community/ror-updates/issues/41178,,Azərbaycan Respublikasının Müdafiə Sənayesi Nazirliyi*az,active,government,,Azərbaycan Respublikasının Müdafiə Sənayesi Nazirliyi*az; Ministry of Defence Industry of Azerbaijan*en,,https://www.mdi.gov.az/az,https://az.wikipedia.org/wiki/M%C3%BCdafi%C9%99_S%C9%99nayesi_Nazirliyi_(Az%C9%99rbaycan),mdi.gov.az,2005,,,,,,,Q2042372,Q2042372,Baku,Azerbaijan,587084
https://github.com/ror-community/ror-updates/issues/41179,,Təbiət Tarixi Muzeyi*az,active,archive,ANAS Museum of Natural History*en,Təbiət Tarixi Muzeyi*az; Museum of Natural History*en,,https://science.gov.az/en/forms/organizatsii/3709,,,1937,,,,,,,,,Baku,Azerbaijan,587084
https://github.com/ror-community/ror-updates/issues/41180,,Azərbaycan Milli Elmlər Akademiyasının Naxçıvan Bölməsi*az,active,facility,Nakhchivan Division of ANAS*en; AMEA Naxçıvan Bölməsi*az,Azərbaycan Milli Elmlər Akademiyasının Naxçıvan Bölməsi*az; Nakhchivan Branch of ANAS*en,,http://nscience.gov.az/en,https://az.wikipedia.org/wiki/AMEA_Nax%C3%A7%C4%B1van_B%C3%B6lm%C9%99si,nscience.gov.az,2002,,,,,,,Q12836479,Q12836479,Nakhchivan,Azerbaijan,147429
https://github.com/ror-community/ror-updates/issues/41181,,Hidrometeorologiya Elmi Tədqiqat İnstitutu*az,active,government,,Hidrometeorologiya Elmi Tədqiqat İnstitutu*az; Scientific Research Institute of Hydrometeorology*en,,https://eco.gov.az/az/nazirlik/xeber?newsID=6641,,,1966,,,,,,,,,Baku,Azerbaijan,587084
https://github.com/ror-community/ror-updates/issues/41182,,Əkinçilik Elmi Tədqiqat İnstitutu*az,active,government,Agricultural Research Institute of the Ministry of Agriculture*en; Research Institute of Crop Husbandry*en,Əkinçilik Elmi Tədqiqat İnstitutu*az; Azerbaijan Research Institute of Crop Husbandry*en,,https://eeti.az,,eeti.az,1950,,,,,,,,,Pirshaghi,Azerbaijan,585257
https://github.com/ror-community/ror-updates/issues/41183,,K. Y. Fərəcova adına Elmi-Tədqiqat Pediatriya İnstitutu*az,active,healthcare,,K. Y. Fərəcova adına Elmi-Tədqiqat Pediatriya İnstitutu*az; Scientific Research Institute of Pediatrics named after K. Y. Farajova*en,,https://etpi.az/,,etpi.az,1925,,,,,,,,,Baku,Azerbaijan,587084
https://github.com/ror-community/ror-updates/issues/41184,,Heyvandarlıq Elmi Tədqiqat İnstitutu*az,active,government,Animal Husbandry and Fisheries Scientific Research Institute of the Ministry of Science and Education*en,Heyvandarlıq Elmi Tədqiqat İnstitutu*az; Animal Husbandry Scientific Research Institute*en,HETİ*az,https://www.heti.az,,heti.az,2015,,,,,,,,,Firuzabad,Azerbaijan,11877082
https://github.com/ror-community/ror-updates/issues/41185,,Bitki Mühafizəsi və Texniki Bitkilər Elmi-Tədqiqat İnstitutu*az,active,government,Scientific Research Institute of Plant Protection and Technical Crops*en,Bitki Mühafizəsi və Texniki Bitkilər Elmi-Tədqiqat İnstitutu*az; Scientific Research Institute of Plant Protection and Industrial Crops*en,,https://www.bmtbeti.az/,,bmtbeti.az,2015,,,,,,,,,Ganja,Azerbaijan,586523
https://github.com/ror-community/ror-updates/issues/41186,,Elmi-Tədqiqat Mamalıq və Ginekologiya İnstitutu*az,active,healthcare,,Elmi-Tədqiqat Mamalıq və Ginekologiya İnstitutu*az; Scientific Research Institute of Obstetrics and Gynecology*en,,https://sehiyye.gov.az/nazirliyin-qurumlari/elmi-t-dqiqat-mamaliq-v-ginekologiya-i-nstitutu/,,,,,,,,,,,,Baku,Azerbaijan,587084
https://github.com/ror-community/ror-updates/issues/41187,,İ.M. Seçenov adına Birinci Moskva Dövlət Tibb Universitetinin Bakı filialı*az,active,education,Baku Branch of the I. M. Sechenov First Moscow State Medical University*en,İ.M. Seçenov adına Birinci Moskva Dövlət Tibb Universitetinin Bakı filialı*az; Baku Branch of Sechenov University*en; Бакинский филиал Первого Московского государственного медицинского университета имени И. М. Сеченова*ru,,https://sechenov.edu.az,,sechenov.edu.az,2015,,,,,,,,,Baku,Azerbaijan,587084
https://github.com/ror-community/ror-updates/issues/41188,,Tərəvəzçilik Elmi-Tədqiqat İnstitutu*az,active,government,Vegetable Growing Research Institute*en,Tərəvəzçilik Elmi-Tədqiqat İnstitutu*az; Scientific Research Institute of Vegetable Growing*en,,https://www.teti.az/,,teti.az,1965,,,,,,,,,Pirşağı,Azerbaijan,585257
https://github.com/ror-community/ror-updates/issues/41189,,V. Y. Axundov adına Elmi-Tədqiqat Tibbi Profilaktika İnstitutu*az,active,healthcare,Scientific Research Institute of Medical Prevention named after V. Y. Akhundov*en,V. Y. Axundov adına Elmi-Tədqiqat Tibbi Profilaktika İnstitutu*az; V. Y. Akhundov Scientific Research Institute of Medical Prevention*en,,https://ettpi.health.gov.az/,,ettpi.health.gov.az,1922,,,,,,,,,Baku,Azerbaijan,587084
https://github.com/ror-community/ror-updates/issues/41190,,Mərkəzi Nəbatat Bağı*az,active,archive,Central Botanical Garden of the Ministry of Science and Education*en; Central Botanical Garden of Azerbaijan National Academy of Sciences*en,Mərkəzi Nəbatat Bağı*az; Central Botanical Garden*en,,https://armnb.az,,armnb.az,1936,,,,,,,,,Baku,Azerbaijan,587084
https://github.com/ror-community/ror-updates/issues/41191,,Elmi-Tədqiqat Tibbi Bərpa İnstitutu*az,active,healthcare,Azerbaijan Scientific Research Institute of Medical Rehabilitation*en,Elmi-Tədqiqat Tibbi Bərpa İnstitutu*az; Scientific Research Institute of Medical Rehabilitation*en,,http://ettbi.az/az/,,ettbi.az,1936,,,,,,,,,Baku,Azerbaijan,587084
https://github.com/ror-community/ror-updates/issues/41192,,Yüksək Texnologiyalar Parkı*az,active,facility; government,,Yüksək Texnologiyalar Parkı*az; High Technologies Park*en,YTP*az,https://ytp.az,,ytp.az,2016,,,,,,,,,Baku,Azerbaijan,587084
https://github.com/ror-community/ror-updates/issues/41193,,Elm və Ali Təhsil üzrə Dövlət Agentliyi*az,active,government,,Elm və Ali Təhsil üzrə Dövlət Agentliyi*az; State Agency for Science and Higher Education*en,,https://www.eatda.edu.az/,,eatda.edu.az,2022,,,,,,,,,Baku,Azerbaijan,587084
https://github.com/ror-community/ror-updates/issues/41194,,Təhsildə Keyfiyyət Təminatı Agentliyi*az,active,government,Education Quality Assurance Agency of Azerbaijan*en,Təhsildə Keyfiyyət Təminatı Agentliyi*az; Education Quality Assurance Agency*en,TKTA*az,https://tkta.edu.az/,,tkta.edu.az,2019,,,,,,,,,Baku,Azerbaijan,587084
https://github.com/ror-community/ror-updates/issues/41195,,İnnovasiya və Rəqəmsal İnkişaf Agentliyi*az,active,funder; government,,İnnovasiya və Rəqəmsal İnkişaf Agentliyi*az; Innovation and Digital Development Agency*en,IDDA*en,https://idda.az,,idda.az,2021,,,,,,,,,Baku,Azerbaijan,587084
https://github.com/ror-community/ror-updates/issues/41196,,Baytarlıq Elmi-Tədqiqat İnstitutu*az,active,government,,Baytarlıq Elmi-Tədqiqat İnstitutu*az; Veterinary Research Institute*en,,https://www.agro.gov.az/az/nazirlik/tabeli-qurumlar/ktn-struktur,,,,,,,,,,,,Baku,Azerbaijan,587084
https://github.com/ror-community/ror-updates/issues/41197,,Akademik Ziya Bünyadov adına Şərqşünaslıq İnstitutu*az,active,government,,Akademik Ziya Bünyadov adına Şərqşünaslıq İnstitutu*az; Institute of Oriental Studies named after Academician Ziya Bunyadov*en,,http://www.orientalstudies.az/,,orientalstudies.az,1958,,,,,,,,,Baku,Azerbaijan,587084
https://github.com/ror-community/ror-updates/issues/41198,,Respublika Qan Bankı*az,active,healthcare,,Respublika Qan Bankı*az; Republican Blood Bank*en,,https://president.az/az/articles/view/66495,,,2024,,,,,,,,,Baku,Azerbaijan,587084
https://github.com/ror-community/ror-updates/issues/41199,,Memarlıq və İncəsənət İnstitutu*az,active,government,Institute of Architecture & Art of the Azerbaijan National Academy of Sciences*en,Memarlıq və İncəsənət İnstitutu*az; Institute of Architecture and Art*en,,https://science.gov.az/en/institutes/34,,,1945,,,,,,,,,Baku,Azerbaijan,587084
https://github.com/ror-community/ror-updates/issues/41200,,Biofizika İnstitutu*az,active,government,Institute of Biophysics of the Azerbaijan National Academy of Sciences*en,Biofizika İnstitutu*az; Institute of Biophysics*en,,https://biophysics.az,,biophysics.az,2016,,,,,,,,,Baku,Azerbaijan,587084
https://github.com/ror-community/ror-updates/issues/41201,,İdarəetmə Sistemləri İnstitutu*az,active,government,Institute of Control Systems of the Azerbaijan National Academy of Sciences*en; Institute of Cybernetics*en,İdarəetmə Sistemləri İnstitutu*az; Institute of Control Systems*en,ICS*en,https://www.isi.az/,,isi.az,1960,,,,,,,,,Baku,Azerbaijan,587084
https://github.com/ror-community/ror-updates/issues/41202,,Neft və Qaz İnstitutu*az,inactive,facility,Institute of Oil and Gas*en,Neft və Qaz İnstitutu*az; Oil and Gas Institute*en,,https://ogi.az/,https://az.wikipedia.org/wiki/Neft_v%C9%99_Qaz_%C4%B0nstitutu_(Az%C9%99rbaycan),ogi.az,2016,,,,,,,Q95469505,Q95469505,Baku,Azerbaijan,587084
https://github.com/ror-community/ror-updates/issues/41203,,Polimer Materialları İnstitutu*az,active,facility,Institute of Polymer Materials of the Ministry of Science and Education of the Republic of Azerbaijan*en,Polimer Materialları İnstitutu*az; Institute of Polymer Materials*en,,https://sdu.edu.az/az/185,,,1966,,,,,,,,,Sumqayit,Azerbaijan,584923
https://github.com/ror-community/ror-updates/issues/41204,,Radiasiya Problemləri İnstitutu*az,inactive,facility,Institute of Radiation Problems of the Ministry of Science and Education of the Republic of Azerbaijan*en,Radiasiya Problemləri İnstitutu*az; Institute of Radiation Problems*en,,https://www.radiation.gov.az/az/haqqinda/institutun-tarixi,https://az.wikipedia.org/wiki/Radiasiya_Probleml%C9%99ri_%C4%B0nstitutu_(Az%C9%99rbaycan),,2002,,,,,,,Q25536565,Q25536565,Baku,Azerbaijan,587084
https://github.com/ror-community/ror-updates/issues/41205,,Dendrologiya Bağı*az,active,archive,Institute of Dendrology*en; Institute of Dendrology of the Azerbaijan National Academy of Sciences*en; Mardakan Arboretum*en,Dendrologiya Bağı*az; Dendrology Garden*en,,https://dendrologiya.gov.az,,dendrologiya.gov.az,2022,,,,,,,,,Mardakan,Azerbaijan,585568
https://github.com/ror-community/ror-updates/issues/41206,,Torpaqşünaslıq və Aqrokimya İnstitutu*az,inactive,facility,Institute of Soil Science and Agro Chemistry*en,Torpaqşünaslıq və Aqrokimya İnstitutu*az; Institute of Soil Science and Agrochemistry*en,,https://tai.az/,https://az.wikipedia.org/wiki/Torpaq%C5%9F%C3%BCnasl%C4%B1q_v%C9%99_Aqrokimya_%C4%B0nstitutu_(Az%C9%99rbaycan),tai.az,1945,,,,,,,Q25537963,Q25537963,Baku,Azerbaijan,587084
https://github.com/ror-community/ror-updates/issues/41207,,İqtisadiyyat İnstitutu*az,active,government,Institute of Economics of the Ministry of Science and Education of Azerbaijan*en; Institute of Economics of the Azerbaijan National Academy of Sciences*en,İqtisadiyyat İnstitutu*az; Institute of Economics*en,,https://economics.org.az,,economics.org.az,1958,,,,,,,,,Baku,Azerbaijan,587084
https://github.com/ror-community/ror-updates/issues/41208,,Azərbaycan Rəssamlıq Akademiyası*az,active,education,Azerbaijan State Academy of Arts*en,Azərbaycan Rəssamlıq Akademiyası*az; Azerbaijan State Academy of Fine Arts*en,ADRA*az,,,,2002,,,,,0000 0005 1229 9801,0000 0005 1229 9801,Q4058249,Q4058249,Baku,Azerbaijan,587084
https://github.com/ror-community/ror-updates/issues/41209,,Hüseyn Cavidin Ev Muzeyi*az,active,archive,Huseyn Javid Home Museum*en; Huseyn Javid's House Museum*en; House-Museum of Huseyn Javid*en,Hüseyn Cavidin Ev Muzeyi*az; Huseyn Javid House Museum*en,,https://science.gov.az/az/news/open/33281,,,1995,,,,,,,,,Baku,Azerbaijan,587084
https://github.com/ror-community/ror-updates/issues/41210,,Geologiya İnstitutu*az,active,facility,Institute of Geology Public Legal Entity*en,Geologiya İnstitutu*az; Institute of Geology*en,,https://gia.az,,gia.az,2025,,,,,,,,,Baku,Azerbaijan,587084
https://github.com/ror-community/ror-updates/issues/41211,,Fizika İnstitutu Publik Hüquqi Şəxs*az,active,facility,Institute of Physics*en; Fizika İnstitutu*az,Fizika İnstitutu Publik Hüquqi Şəxs*az; Institute of Physics Public Legal Entity*en,,http://physics.gov.az/,,physics.gov.az,2025,,,,,,,,,Baku,Azerbaijan,587084
https://github.com/ror-community/ror-updates/issues/40784,,Tyson Research Center*en,active,facility,"Tyson Research Center, Washington University in St. Louis*en",Tyson Research Center*en,,https://tyson.wustl.edu,https://en.wikipedia.org/wiki/Tyson_Research_Center,tyson.wustl.edu,1963,,,,,,,Q7861792,Q7861792,Eureka,United States,4385835
https://github.com/ror-community/ror-updates/issues/40785,,Deering Estate Cultural and Ecological Field Station*en,active,facility,Deering Estate*en; Charles Deering Estate*en; Deering Estate at Cutler*en,Deering Estate Cultural and Ecological Field Station*en,,https://deeringestate.org,https://en.wikipedia.org/wiki/Charles_Deering_Estate,deeringestate.org,,,,,,,,Q5076811,Q5076811,Palmetto Bay,United States,4167634
https://github.com/ror-community/ror-updates/issues/40786,,Darrin Fresh Water Institute*en,active,facility,Margaret A. and David M. Darrin '40 Fresh Water Institute*en; Margaret A. and David M. Darrin '40 Freshwater Institute*en; Darrin Freshwater Institute*en; Darrin Fresh Water Institute Laboratory*en,Darrin Fresh Water Institute*en,DFWI*en,https://dfwi.rpi.edu,,dfwi.rpi.edu,1967,,,,,,,,,Bolton Landing,United States,5109722
https://github.com/ror-community/ror-updates/issues/40787,,Brackenridge Field Laboratory*en,active,facility,Brackenridge Field Lab*en,Brackenridge Field Laboratory*en,BFL*en,https://fieldstations.utexas.edu/field-stations/brackenridge-field-laboratory,https://en.wikipedia.org/wiki/Brackenridge_Field_Laboratory,,1966,,,,,,,Q4953671,Q4953671,Austin,United States,4671654
https://github.com/ror-community/ror-updates/issues/40788,,Hill Country Field Station*en,active,facility,,Hill Country Field Station*en,,https://fieldstations.utexas.edu/field-stations/hill-country-field-station,,,,,,,,,,,,Dripping Springs,United States,4686903
https://github.com/ror-community/ror-updates/issues/40789,,Lady Bird Johnson Wildflower Center*en,active,facility,The University of Texas at Austin Lady Bird Johnson Wildflower Center*en; National Wildflower Research Center*en; State Botanic Garden and Arboretum of Texas*en; Wildflower Center*en,Lady Bird Johnson Wildflower Center*en,,https://www.wildflower.org,https://en.wikipedia.org/wiki/Lady_Bird_Johnson_Wildflower_Center,wildflower.org,1982,,,,,,,Q2645392,Q2645392,Austin,United States,4671654
https://github.com/ror-community/ror-updates/issues/40790,,University of Texas at Austin Marine Science Institute*en,active,facility,The University of Texas at Austin Marine Science Institute*en; University of Texas Marine Science Institute*en; UT Marine Science Institute*en; Institute of Marine Science*en; Texas Marine Science Institute*en; Port Aransas Marine Laboratory*en,University of Texas at Austin Marine Science Institute*en,UTMSI*en,https://utmsi.utexas.edu,https://en.wikipedia.org/wiki/University_of_Texas_Marine_Science_Institute,utmsi.utexas.edu,1941,,,,,,,,,Port Aransas,United States,4720036
https://github.com/ror-community/ror-updates/issues/40791,,McDonald Observatory*en,active,facility,The University of Texas McDonald Observatory at Fort Davis*en; University of Texas at Austin McDonald Observatory*en,McDonald Observatory*en,,https://mcdonaldobservatory.org,https://en.wikipedia.org/wiki/McDonald_Observatory,mcdonaldobservatory.org,1939,,,,,,,Q1536779,Q1536779,Fort Davis,United States,5521715
https://github.com/ror-community/ror-updates/issues/40792,,Stengl Lost Pines Biological Station*en,active,facility,Stengl Lost Pines*en; Stengl Biological Research Station*en; Stengl Lost Pines Field Station*en,Stengl Lost Pines Biological Station*en,SLP*en,https://fieldstations.utexas.edu/field-stations/stengl-lost-pines,,fieldstations.utexas.edu,1991,,,,,,,,,Smithville,United States,4729284
https://github.com/ror-community/ror-updates/issues/40793,,White Family Outdoor Learning Center*en,active,facility,The White Family Outdoor Learning Center*en,White Family Outdoor Learning Center*en,WFOLC*en,https://www.jsg.utexas.edu/wfolc/,,,2018,,,,,,,,,Dripping Springs,United States,4686903
https://github.com/ror-community/ror-updates/issues/40584,,China Overseas Fisheries Association*en,active,nonprofit,China Overseas Fishery Association*en,China Overseas Fisheries Association*en; 中国远洋渔业协会*zh,COFA*en,http://cofa.net.cn,,cofa.net.cn,2012,,,,,,,,,Beijing,China,1816670
https://github.com/ror-community/ror-updates/issues/40794,,ABC News (United States)*en,active,company,,ABC News (United States)*en; ABC News*en,,https://abcnews.com/,https://en.wikipedia.org/wiki/ABC_News_%28United_States%29,abcnews.com,1945,,,,,0000 0001 0696 5151,0000 0001 0696 5151,Q287171,Q287171,New York City,United States,5128581
https://github.com/ror-community/ror-updates/issues/40795,,Academy for Health Development*en,active,nonprofit,,Academy for Health Development*en,AHEAD*en,https://aheadev.org/,,aheadev.org,2007,,,,,,,Q132471585,Q132471585,Ile-Ife,Nigeria,2338900
https://github.com/ror-community/ror-updates/issues/40796,,Academy of Sciences of the Soviet Union*en,inactive,government,Academy of Sciences of the USSR*en,Academy of Sciences of the Soviet Union*en; Академия наук СССР*ru,АН СССР*ru,,https://en.wikipedia.org/wiki/Academy_of_Sciences_of_the_Soviet_Union,,1925,,,,,0000 0001 2162 0960,0000 0001 2162 0960,Q2370801,Q2370801,Moscow,Russia,524901
https://github.com/ror-community/ror-updates/issues/40797,,ActivQuest (Eswatini)*en,inactive,company,ActivQuest Precise Research*en,ActivQuest (Eswatini)*en; ActivQuest*en,,,,,2005,,,,,,,,,Mbabane,Eswatini,934985
https://github.com/ror-community/ror-updates/issues/40799,,Advision Lesotho (Lesotho)*en,active,company,,Advision Lesotho (Lesotho)*en; Advision Lesotho*en,,https://advision.co.ls/,,advision.co.ls,2004,,,,,,,,,Maseru,Lesotho,932505
https://github.com/ror-community/ror-updates/issues/40800,,Afrosondagem (Cape Verde)*en,active,company,,Afrosondagem (Cape Verde)*en; Afrosondagem*en,,http://afrosondagem.cv,,afrosondagem.cv,2002,,,,,,,,,Praia,Cape Verde,3374333
https://github.com/ror-community/ror-updates/issues/40801,,Alabama Sentencing Commission*en,active,government,,Alabama Sentencing Commission*en,,https://sentencingcommission.alacourt.gov/,https://en.wikipedia.org/wiki/Alabama_Sentencing_Commission,sentencingcommission.alacourt.gov,2000,,,,,,,Q4705316,Q4705316,Montgomery,United States,4076784
https://github.com/ror-community/ror-updates/issues/40802,,Alliance for the Arts in Research Universities*en,active,education,,Alliance for the Arts in Research Universities*en,a2ru*en,https://a2ru.org/,,a2ru.org,2012,,,,,,,,,Ann Arbor,United States,4984247
https://github.com/ror-community/ror-updates/issues/40803,,American Atheists*en,active,nonprofit,,American Atheists*en,,https://atheists.org/,https://en.wikipedia.org/wiki/American_Atheists,atheists.org,1963,,,,,,,Q463426,Q463426,Cranford,United States,5097017
https://github.com/ror-community/ror-updates/issues/40804,,American Probation and Parole Association*en,active,nonprofit,,American Probation and Parole Association*en,APPA*en,https://www.appa-net.org/eweb/,,appa-net.org,1974,,,,,,,,,Lombard,United States,4900373
https://github.com/ror-community/ror-updates/issues/40805,,American Prosecutors Research Institute*en,active,nonprofit,,American Prosecutors Research Institute*en,APRI*en,https://www.ndaa-apri.org/apri/index.html,,ndaa-apri.org,1984,,,,,,,,,Alexandria,United States,4744091
https://github.com/ror-community/ror-updates/issues/40806,,ASIS International*en,active,other,American Society for Industrial Security*en,ASIS International*en,ASIS*en,https://www.asisonline.org/,https://en.wikipedia.org/wiki/ASIS_International,asisonline.org,1955,,,,,0000 0004 0438 4523,0000 0004 0438 4523,Q2819425,Q2819425,Alexandria,United States,4744091
https://github.com/ror-community/ror-updates/issues/40807,,Americans for the Arts*en,active,nonprofit,,Americans for the Arts*en,,https://www.americansforthearts.org/,https://en.wikipedia.org/wiki/Americans_for_the_Arts,americansforthearts.org,1960,,,,,,,Q2843095,Q2843095,Washington,United States,4140963
https://github.com/ror-community/ror-updates/issues/40808,,"Applied Research Services, Inc. (United States)*en",active,company,,"Applied Research Services, Inc. (United States)*en; Applied Research Services, Inc.*en",ARS*en,https://ars-corp.com/,,ars-corp.com,1994,,,,,,,,,Atlanta,United States,4180439
https://github.com/ror-community/ror-updates/issues/40809,,Arkansas Administrative Office of the Courts*en,active,government,,Arkansas Administrative Office of the Courts*en,,https://arcourts.gov/,,,,,,,,,,,,Little Rock,United States,4119403
https://github.com/ror-community/ror-updates/issues/40810,,Asian Pacific Institute on Gender-Based Violence*en,active,nonprofit,Asian and Pacific Islander Institute on Domestic Violence*en,Asian Pacific Institute on Gender-Based Violence*en,API-GBV*en,https://api-gbv.org/,,api-gbv.org,2000,,,,,,,,,Oakland,United States,5378538
https://github.com/ror-community/ror-updates/issues/40811,,Associated Press-NORC Center for Public Affairs Research*en,active,other,,Associated Press-NORC Center for Public Affairs Research*en,AP-NORC*en,https://apnorc.org/,,apnorc.org,2011,,,,,,,Q114859757,Q114859757,Chicago,United States,4887398
https://github.com/ror-community/ror-updates/issues/40812,,Association for Cultural Equity*en,active,nonprofit,,Association for Cultural Equity*en,ACE*en,https://www.culturalequity.org/,,culturalequity.org,1983,,,,,,,Q58550041,Q58550041,New York City,United States,5128581
https://github.com/ror-community/ror-updates/issues/40813,,Association of Bookmobile & Outreach Services*en,active,other,Association of Bookmobile and Outreach Services*en,Association of Bookmobile & Outreach Services*en,ABOS*en,https://abos-outreach.com/,,abos-outreach.com,2007,,,,,,,Q124308250,Q124308250,Eldridge,United States,4855248
https://github.com/ror-community/ror-updates/issues/40814,,Correctional Leaders Association*en,active,other,Association of State Correctional Administrators*en,Correctional Leaders Association*en,CLA*en; ASCA*en,https://www.correctionalleaders.com/,,correctionalleaders.com,,,,,,,,,,Iona,United States,5596741
https://github.com/ror-community/ror-updates/issues/40815,,Baltimore County Police Department*en,active,government,,Baltimore County Police Department*en,BCoPD*en,https://www.baltimorecountymd.gov/departments/police,https://en.wikipedia.org/wiki/Baltimore_County_Police_Department,,,,,,,,,Q4852844,Q4852844,Towson,United States,4371582
https://github.com/ror-community/ror-updates/issues/40816,,Baltimore Metropolitan Council*en,active,government,,Baltimore Metropolitan Council*en,BMC*en,https://baltometro.org/,,baltometro.org,1992,,,,,,,,,Baltimore,United States,4347778
https://github.com/ror-community/ror-updates/issues/40817,,Bay Area Health Task Force*en,inactive,nonprofit,,Bay Area Health Task Force*en,BAHTF*en,,,,,,,,,,,,,San Francisco,United States,5391959
https://github.com/ror-community/ror-updates/issues/40818,,Behavior Research Center (United States)*en,active,company,,Behavior Research Center (United States)*en; Behavior Research Center*en,BRC*en,https://brc-research.com/,,brc-research.com,1965,,,,,,,,,Phoenix,United States,5308655
https://github.com/ror-community/ror-updates/issues/40819,,Big Brothers Big Sisters of America*en,active,nonprofit,Big Brothers/Big Sisters of America*en,Big Brothers Big Sisters of America*en,,https://www.bbbs.org/,https://en.wikipedia.org/wiki/Big_Brothers_Big_Sisters_of_America,bbbs.org,1904,,,,,0000 0000 9409 8053,0000 0000 9409 8053,Q858605,Q858605,Tampa,United States,4174757
https://github.com/ror-community/ror-updates/issues/40820,,Biobot Analytics (United States)*en,active,company,,Biobot Analytics (United States)*en; Biobot Analytics*en,,https://biobot.io/,https://en.wikipedia.org/wiki/Biobot_Analytics,biobot.io,2017,,,,,,,Q125783510,Q125783510,Cambridge,United States,4931972
https://github.com/ror-community/ror-updates/issues/40821,,Black Entertainment Television (United States)*en,active,company,,Black Entertainment Television (United States)*en; Black Entertainment Television*en,BET*en,https://www.bet.com/,https://en.wikipedia.org/wiki/BET,bet.com,1980,,,,,,,Q880256,Q880256,New York City,United States,5128581
https://github.com/ror-community/ror-updates/issues/40822,,"Black Knight, Inc. (United States)*en",inactive,company,,"Black Knight, Inc. (United States)*en; Black Knight, Inc.*en",,,,,,,,,,,,,,Jacksonville,United States,4160021
https://github.com/ror-community/ror-updates/issues/40823,,Blue Cross of Western Pennsylvania*en,inactive,healthcare,,Blue Cross of Western Pennsylvania*en,,,,,,,,,,,,,,Pittsburgh,United States,5206379
https://github.com/ror-community/ror-updates/issues/40824,,Bode Technology (United States)*en,active,company,,Bode Technology (United States)*en; Bode Technology*en,,https://bodetech.com/,,bodetech.com,,,,,,,,,,Lorton,United States,4770714
https://github.com/ror-community/ror-updates/issues/40825,,Boston Police Department*en,active,government,Boston Police*en,Boston Police Department*en,,https://police.boston.gov/,https://en.wikipedia.org/wiki/Boston_Police_Department,police.boston.gov,1854,,,,,,,Q2066929,Q2066929,Boston,United States,4930956
https://github.com/ror-community/ror-updates/issues/40826,,Bozeman School District 7*en,active,education,Bozeman Public Schools*en,Bozeman School District 7*en,,https://www.bsd7.org/,https://en.wikipedia.org/wiki/Bozeman_Public_Schools,bsd7.org,,,,,,,,Q4952829,Q4952829,Bozeman,United States,5641727
https://github.com/ror-community/ror-updates/issues/40827,,"Buccaneer Computer Systems & Service, Inc. (United States)*en",inactive,company,"Buccaneer, a General Dynamics Company*en","Buccaneer Computer Systems & Service, Inc. (United States)*en; Buccaneer Computer Systems & Service, Inc.*en",,,,,2000,,,,,,,,,Warrenton,United States,4792255
https://github.com/ror-community/ror-updates/issues/40828,,"Bureau of Social Science Research, Inc.*en",inactive,nonprofit,Bureau of Social Science Research*en,"Bureau of Social Science Research, Inc.*en",BSSR*en,,,,1950,,,,,,,Q110540048,Q110540048,Washington,United States,4140963
https://github.com/ror-community/ror-updates/issues/40829,,Cable News Network (United States)*en,active,company,,Cable News Network (United States)*en; Cable News Network*en,CNN*en,https://www.cnn.com/,https://en.wikipedia.org/wiki/CNN,cnn.com,1980,,,,,0000 0004 0411 2974,0000 0004 0411 2974,Q48340,Q48340,Atlanta,United States,4180439
https://github.com/ror-community/ror-updates/issues/40830,,Caliber Associates (United States)*en,inactive,company,,Caliber Associates (United States)*en; Caliber Associates*en,,,,,1983,,,,,,,,,Fairfax,United States,4758023
https://github.com/ror-community/ror-updates/issues/40831,,California Adolescent Health Collaborative*en,inactive,nonprofit,,California Adolescent Health Collaborative*en,,,,,1996,,,,,,,,,Oakland,United States,5378538
https://github.com/ror-community/ror-updates/issues/40833,,Epidemiology and Prevention for Injury Control Branch*en,inactive,government,EPIC Branch*en,Epidemiology and Prevention for Injury Control Branch*en,,,,,1990,,,,,,,,,Sacramento,United States,5389489
https://github.com/ror-community/ror-updates/issues/40834,,Human Population Laboratory*en,inactive,government,California Human Population Laboratory*en,Human Population Laboratory*en,HPL*en,,,,1959,,,,,,,,,Sacramento,United States,5389489
https://github.com/ror-community/ror-updates/issues/40837,,Campaign for Good Governance*en,active,nonprofit,,Campaign for Good Governance*en,,https://slcgg.org/,https://en.wikipedia.org/wiki/Campaign_for_Good_Governance,slcgg.org,1996,,,,,,,Q5027795,Q5027795,Freetown,Sierra Leone,2409306
https://github.com/ror-community/ror-updates/issues/40839,,Center for Justice Innovation*en,active,nonprofit,Center for Court Innovation*en,Center for Justice Innovation*en,,https://www.innovatingjustice.org/,https://en.wikipedia.org/wiki/Center_for_Justice_Innovation,innovatingjustice.org,1996,,,,,,,Q5059571,Q5059571,New York City,United States,5128581
https://github.com/ror-community/ror-updates/issues/40840,,Center for Economic Studies*en,active,government,,Center for Economic Studies*en,CES*en,https://www.census.gov/programs-surveys/ces.html,https://en.wikipedia.org/wiki/Center_for_Economic_Studies_%28U.S._Census_Bureau%29,,1982,,,,,,,Q56289918,Q56289918,Washington,United States,4140963
https://github.com/ror-community/ror-updates/issues/40841,,"Center for Healthcare Evaluation, Research, and Promotion*en",active,government,Center for Health Equity Research and Promotion*en,"Center for Healthcare Evaluation, Research, and Promotion*en",CHERP*en,https://www.cherp.research.va.gov/,,,2001,,,,,,,,,Pittsburgh,United States,5206379
https://github.com/ror-community/ror-updates/issues/40842,,Center for Homicide Research*en,active,nonprofit,,Center for Homicide Research*en,,https://homicidecenter.org/,,homicidecenter.org,1999,,,,,,,,,Minneapolis,United States,5037649
https://github.com/ror-community/ror-updates/issues/40843,,Center for Research and Opinion Polls*en,active,nonprofit,,Center for Research and Opinion Polls*en; Centre de Recherche et de Sondage d’Opinions*fr,CROP*en,https://www.crop-africa.org/,,crop-africa.org,2011,,,,,,,,,Lomé,Togo,2365267
https://github.com/ror-community/ror-updates/issues/40844,,Center for the Community Interest*en,inactive,nonprofit,American Alliance for Rights and Responsibilities*en,Center for the Community Interest*en,,,,,1989,,,,,,,,,Washington,United States,4140963
https://github.com/ror-community/ror-updates/issues/40845,,Seðlabanki Íslands*is,active,government,,Seðlabanki Íslands*is; Central Bank of Iceland*en,,https://cb.is/,https://en.wikipedia.org/wiki/Central_Bank_of_Iceland,cb.is,1961,,,,,0000 0001 0657 904X,0000 0001 0657 904X,Q1195916,Q1195916,Reykjavík,Iceland,3413829
https://github.com/ror-community/ror-updates/issues/40846,,Central Opera Service*en,inactive,nonprofit,,Central Opera Service*en,,,,,1954,,,,,,,,,New York City,United States,5128581
https://github.com/ror-community/ror-updates/issues/40847,,Centre de Recherche et de Formation sur le Développement Intégré*fr,active,nonprofit,,Centre de Recherche et de Formation sur le Développement Intégré*fr,CREFDI*fr,https://crefdi.org/,,crefdi.org,2010,,,,,,,,,Abidjan,Côte d’Ivoire,2293538
https://github.com/ror-community/ror-updates/issues/40848,,Centre for Monitoring Indian Economy (India)*en,active,company,,Centre for Monitoring Indian Economy (India)*en; Centre for Monitoring Indian Economy*en,CMIE*en,https://www.cmie.com/,https://en.wikipedia.org/wiki/Centre_for_Monitoring_Indian_Economy,cmie.com,1976,,,,,,,Q107104690,Q107104690,Mumbai,India,1275339
https://github.com/ror-community/ror-updates/issues/40849,,Centre pour la Gouvernance Démocratique*fr,active,nonprofit,,Centre pour la Gouvernance Démocratique*fr,CGD*fr,https://cgd-burkina.org/,https://fr.wikipedia.org/wiki/Centre_pour_la_gouvernance_d%C3%A9mocratique,cgd-burkina.org,2001,,,,,,,Q116262542,Q116262542,Ouagadougou,Burkina Faso,2357048
https://github.com/ror-community/ror-updates/issues/40850,,Centro de Estudios de Población*es,active,nonprofit,,Centro de Estudios de Población*es; Center for Population Studies*en,CENEP*es,https://cenep.org.ar/,,cenep.org.ar,1974,,,,,,,,,Buenos Aires,Argentina,3435910
https://github.com/ror-community/ror-updates/issues/40851,,Centro de Estudios de Población y Desarrollo*es,active,government,,Centro de Estudios de Población y Desarrollo*es; Center for Population and Development Studies*en,CEPDE*es,,,,2001,,,,,,,,,Havana,Cuba,3553478
https://github.com/ror-community/ror-updates/issues/40852,,Centro de Investigaciones sobre la Realidad Social (Spain)*es,inactive,company,,Centro de Investigaciones sobre la Realidad Social (Spain)*es; Centro de Investigaciones sobre la Realidad Social*es; Center for Research on Social Reality*en,CIRES*es,,,,1990,,,,,,,,,Madrid,Spain,3117735
https://github.com/ror-community/ror-updates/issues/40853,,Ceres Policy Research (United States)*en,active,company,,Ceres Policy Research (United States)*en; Ceres Policy Research*en,,https://www.cerespolicyresearch.com/,,cerespolicyresearch.com,2002,,,,,,,,,Oakland,United States,5378538
https://github.com/ror-community/ror-updates/issues/40854,,Champaign County Regional Planning Commission*en,active,government,Champaign County RPC*en,Champaign County Regional Planning Commission*en,,https://ccrpc.org/,,ccrpc.org,1966,,,,,,,,,Urbana,United States,4914570
https://github.com/ror-community/ror-updates/issues/40855,,Chicago Police Department*en,active,government,,Chicago Police Department*en,,https://www.chicagopolice.org/,https://en.wikipedia.org/wiki/Chicago_Police_Department,chicagopolice.org,1835,,,,,0000 0004 0469 2921,0000 0004 0469 2921,Q1340186,Q1340186,Chicago,United States,4887398
https://github.com/ror-community/ror-updates/issues/40857,,China Research Center on Aging*en,active,government,,China Research Center on Aging*en,CRCA*en,http://www.crca.cn/,,crca.cn,1989,,,,,,,,,Beijing,China,1816670
https://github.com/ror-community/ror-updates/issues/40858,,City of Cincinnati*en,active,government,,City of Cincinnati*en,,https://www.cincinnati-oh.gov/cityofcincinnati/,https://en.wikipedia.org/wiki/Cincinnati,cincinnati-oh.gov,1802,,,,,,,Q43196,Q43196,Cincinnati,United States,4508722
https://github.com/ror-community/ror-updates/issues/40859,,City of Philadelphia*en,active,government,,City of Philadelphia*en,,https://www.phila.gov/,https://en.wikipedia.org/wiki/Philadelphia,phila.gov,1701,,,,,0000 0004 0616 2107,0000 0004 0616 2107,Q1345,Q1345,Philadelphia,United States,4560349
https://github.com/ror-community/ror-updates/issues/40860,,City of Richmond*en,active,government,,City of Richmond*en,,https://www.rva.gov/,https://en.wikipedia.org/wiki/Richmond%2C_Virginia,rva.gov,1737,,,,,0000 0004 0638 8085,0000 0004 0638 8085,Q43421,Q43421,Richmond,United States,4781708
https://github.com/ror-community/ror-updates/issues/40861,,COEF-Ressources (Madagascar)*fr,active,company,CoefRessources*fr,COEF-Ressources (Madagascar)*fr; COEF-Ressources*fr,,https://www.coefressources.mg,,coefressources.mg,2000,,,,,,,,,Antananarivo,Madagascar,1070940
https://github.com/ror-community/ror-updates/issues/40862,,Colectivo de Análisis de la Seguridad con Democracia A.C.*es,active,nonprofit,,Colectivo de Análisis de la Seguridad con Democracia A.C.*es; Collective for Security Analysis with Democracy A.C.*en,CASEDE*es,http://www.casede.org/,,casede.org,2005,,,,,,,,,Mexico City,Mexico,3530597
https://github.com/ror-community/ror-updates/issues/40863,,Colorado Department of Corrections*en,active,government,,Colorado Department of Corrections*en,,https://cdoc.colorado.gov/,https://en.wikipedia.org/wiki/Colorado_Department_of_Corrections,cdoc.colorado.gov,1977,,,,,,,Q5148784,Q5148784,Colorado Springs,United States,5417598
https://github.com/ror-community/ror-updates/issues/40864,,Colorado Department of Public Safety*en,active,government; funder,,Colorado Department of Public Safety*en,,https://publicsafety.colorado.gov/,https://en.wikipedia.org/wiki/Colorado_Department_of_Public_Safety,publicsafety.colorado.gov,1983,100023088,100023088,,,,,Q17510574,Q17510574,Denver,United States,5419384
https://github.com/ror-community/ror-updates/issues/40865,,Colorado Division of Criminal Justice*en,active,government; funder,,Colorado Division of Criminal Justice*en,,https://dcj.colorado.gov/,,dcj.colorado.gov,1973,100021147,100021147,,,,,,,Lakewood,United States,5427946
https://github.com/ror-community/ror-updates/issues/40867,,Abigail Wexner Research Institute*en,active,healthcare,Columbus Children's Research Institute*en,Abigail Wexner Research Institute*en,AWRI*en,https://www.nationwidechildrens.org/research,,,1964,,,,,,,,,Columbus,United States,4509177
https://github.com/ror-community/ror-updates/issues/40868,,Columbus County School District*en,active,education,,Columbus County School District*en,,https://www.columbus.k12.nc.us/,,columbus.k12.nc.us,,,,,,,,,,Whiteville,United States,4498899
https://github.com/ror-community/ror-updates/issues/40869,,"Commission on Accreditation for Law Enforcement Agencies, Inc.*en",active,nonprofit,Commission on Accreditation for Law Enforcement Agencies*en,"Commission on Accreditation for Law Enforcement Agencies, Inc.*en",CALEA*en,https://www.calea.org/,https://en.wikipedia.org/wiki/Commission_on_Accreditation_for_Law_Enforcement_Agencies,calea.org,1979,,,,,,,Q5152690,Q5152690,Gainesville,United States,4760363
https://github.com/ror-community/ror-updates/issues/40870,,Commission on the Operation of the Senate*en,inactive,government,Culver Commission*en; Hughes Commission*en; Culver/Hughes Commission*en,Commission on the Operation of the Senate*en,,,,,1975,,,,,,,,,Washington,United States,4140963
https://github.com/ror-community/ror-updates/issues/40871,,"Community Science, Inc. (United States)*en",active,company,,"Community Science, Inc. (United States)*en; Community Science, Inc.*en",,https://communityscience.com/,,communityscience.com,1997,,,,,,,,,Bethesda,United States,4348599
https://github.com/ror-community/ror-updates/issues/40872,,"Community Service Foundation, Inc.*en",active,nonprofit,Community Service Foundation*en; CSF Buxmont*en; Community Service Foundation and Buxmont Academy*en,"Community Service Foundation, Inc.*en",CSF*en,https://www.csfbuxmont.org/csf-services/,,csfbuxmont.org,1977,,,,,,,,,Bethlehem,United States,5180225
https://github.com/ror-community/ror-updates/issues/40875,,Congressional Quarterly (United States)*en,active,company,,Congressional Quarterly (United States)*en; Congressional Quarterly*en,CQ*en,https://info.cq.com/,https://en.wikipedia.org/wiki/Congressional_Quarterly,cq.com,1945,,,,,,,Q2993018,Q2993018,Washington,United States,4140963
https://github.com/ror-community/ror-updates/issues/40876,,Consejo Mexicano de Asuntos Internacionales*es,active,nonprofit,,Consejo Mexicano de Asuntos Internacionales*es; Mexican Council on Foreign Relations*en,COMEXI*es,https://www.consejomexicano.org/,https://en.wikipedia.org/wiki/Mexican_Council_on_Foreign_Relations,consejomexicano.org,2001,,,,,,,Q2985186,Q2985186,Mexico City,Mexico,3530597
https://github.com/ror-community/ror-updates/issues/40877,,Conservation Law Foundation*en,active,nonprofit,,Conservation Law Foundation*en,CLF*en,https://www.clf.org/,https://en.wikipedia.org/wiki/Conservation_Law_Foundation,clf.org,1966,,,,,0000 0001 0579 5429,0000 0001 0579 5429,Q5162928,Q5162928,Boston,United States,4930956
https://github.com/ror-community/ror-updates/issues/40878,,Cotality (United States)*en,active,company,CoreLogic*en,Cotality (United States)*en; Cotality*en,,https://www.cotality.com/,https://en.wikipedia.org/wiki/Cotality,cotality.com,2010,,,,,,,Q5170137,Q5170137,Irvine,United States,5359777
https://github.com/ror-community/ror-updates/issues/40879,,Corporación de la Reforma Agraria*es,inactive,government,,Corporación de la Reforma Agraria*es; Corporation for Agrarian Reform*en,CORA*es,,https://es.wikipedia.org/wiki/Corporaci%C3%B3n_de_la_Reforma_Agraria,,1962,,,,,,,Q5788973,Q5788973,Santiago,Chile,3871336
https://github.com/ror-community/ror-updates/issues/40880,,Crime Control Institute*en,inactive,nonprofit,,Crime Control Institute*en,,,,,1979,,,,,,,,,Washington,United States,4140963
https://github.com/ror-community/ror-updates/issues/40882,,Cultural Initiatives Silicon Valley*en,inactive,nonprofit,,Cultural Initiatives Silicon Valley*en,,,,,1996,,,,,,,,,San Jose,United States,5392171
https://github.com/ror-community/ror-updates/issues/40884,,DAR Partners (United States)*en,active,company,,DAR Partners (United States)*en; DAR Partners*en,,https://darpartners.com/,,darpartners.com,,,,,,,,,,Winchester,United States,4794120
https://github.com/ror-community/ror-updates/issues/40886,,Day One*en,active,nonprofit,,Day One*en,,https://dayoneny.org/,,dayoneny.org,2003,,,,,,,,,New York City,United States,5128581
https://github.com/ror-community/ror-updates/issues/40888,,The Detroit News (United States)*en,active,company,,The Detroit News (United States)*en; The Detroit News*en,,https://www.detroitnews.com/,,detroitnews.com,1873,,,,,,,Q2703792,Q2703792,Detroit,United States,4990729
https://github.com/ror-community/ror-updates/issues/40890,,"DIVO-Institut für Wirtschaftsforschung, Sozialforschung und Angewandte Mathematik GmbH (Germany)*de",inactive,company,Deutsches Institut für Volksumfragen*de; DIVO-Institut*de,"DIVO-Institut für Wirtschaftsforschung, Sozialforschung und Angewandte Mathematik GmbH (Germany)*de; DIVO-Institut für Wirtschaftsforschung, Sozialforschung und Angewandte Mathematik GmbH*de; German Institute for Public Opinion Research*en",DIVO*de,,https://de.wikipedia.org/wiki/Deutsches_Institut_f%C3%BCr_Volksumfragen,,1951,,,,,,,Q1205741,Q1205741,Frankfurt am Main,Germany,2925533
https://github.com/ror-community/ror-updates/issues/40891,,"Doble Research Associates, Inc. (United States)*en",inactive,company,,"Doble Research Associates, Inc. (United States)*en; Doble Research Associates, Inc.*en",,,,,1990,,,,,,,,,Englewood Cliffs,United States,5097677
https://github.com/ror-community/ror-updates/issues/40892,,Oficina Nacional de Estadística*es,active,government,,Oficina Nacional de Estadística*es; National Statistics Office*en,ONE*es,https://www.one.gob.do/,,one.gob.do,1935,,,,,,,Q55472731,Q55472731,Santo Domingo,Dominican Republic,3492908
https://github.com/ror-community/ror-updates/issues/40893,,"Drug Abuse Council, Inc.*en",inactive,nonprofit,,"Drug Abuse Council, Inc.*en",,,,,1972,,,,,,,,,Washington,United States,4140963
https://github.com/ror-community/ror-updates/issues/40894,,"DUALabs, Inc. (United States)*en",inactive,company,Data Use and Access Laboratories*en,"DUALabs, Inc. (United States)*en; DUALabs, Inc.*en",,,https://en.wikipedia.org/wiki/DUALabs,,1969,,,,,,,Q5206282,Q5206282,Arlington,United States,4744709
https://github.com/ror-community/ror-updates/issues/40895,,Stichting Kiezersonderzoek Nederland*nl,active,nonprofit,,Stichting Kiezersonderzoek Nederland*nl; Dutch Foundation for Electoral Research*en,SKON*nl,https://www.dpes.nl/,,dpes.nl,1971,,,,,,,,,Amsterdam,Netherlands,2759794
https://github.com/ror-community/ror-updates/issues/40897,,"Développement, Institutions et Mondialisation*fr",active,education,,"Développement, Institutions et Mondialisation*fr",DIAL*fr,https://dial.ird.fr/,,dial.ird.fr,2009,,,,,,,Q51780373,Q51780373,Paris,France,2988507
https://github.com/ror-community/ror-updates/issues/40898,,"E.H. White and Company, Inc. (United States)*en",inactive,company,,"E.H. White and Company, Inc. (United States)*en; E.H. White and Company, Inc.*en",,,,,1974,,,,,,,,,San Francisco,United States,5391959
https://github.com/ror-community/ror-updates/issues/40900,,Egyptian Research and Training Center (Egypt)*en,active,company,,Egyptian Research and Training Center (Egypt)*en; Egyptian Research and Training Center*en,ERTC*en,https://ertcegypt.com/,,ertcegypt.com,2000,,,,,,,,,Cairo,Egypt,360630
https://github.com/ror-community/ror-updates/issues/40901,,El Norte (Mexico)*es,active,company,,El Norte (Mexico)*es; El Norte*es,,https://www.elnorte.com/,https://en.wikipedia.org/wiki/El_Norte_%28Monterrey%29,elnorte.com,1938,,,,,,,Q5351698,Q5351698,Monterrey,Mexico,3995465
https://github.com/ror-community/ror-updates/issues/40902,,ESPN (United States)*en,active,company,,ESPN (United States)*en; ESPN*en,,https://www.espn.com/,https://en.wikipedia.org/wiki/ESPN,espn.com,1979,,,,,,,Q217776,Q217776,Bristol,United States,5282835
https://github.com/ror-community/ror-updates/issues/40903,,European Social Survey*en,active,other,,European Social Survey*en,ESS*en,https://www.europeansocialsurvey.org/,https://en.wikipedia.org/wiki/European_Social_Survey,europeansocialsurvey.org,2001,,,,,,,Q1376959,Q1376959,London,United Kingdom,2643743
https://github.com/ror-community/ror-updates/issues/40904,,ETC Institute (United States)*en,active,company,,ETC Institute (United States)*en; ETC Institute*en,,https://etcinstitute.com/,,etcinstitute.com,1982,,,,,,,,,Olathe,United States,4276614
https://github.com/ror-community/ror-updates/issues/40905,,Directorate-General for Press and Communication*en,inactive,government,,Directorate-General for Press and Communication*en,,,,,1958,,,,,,,,,Brussels,Belgium,2800866
https://github.com/ror-community/ror-updates/issues/40906,,Directorate-General for Justice and Home Affairs*en,inactive,government,,Directorate-General for Justice and Home Affairs*en,,,,,1999,,,,,,,,,Brussels,Belgium,2800866
https://github.com/ror-community/ror-updates/issues/40907,,Directorate-General for Health and Consumer Protection*en,inactive,government,,Directorate-General for Health and Consumer Protection*en,,,,,2010,,,,,,,,,Brussels,Belgium,2800866
https://github.com/ror-community/ror-updates/issues/40908,,European Values Study*en,active,nonprofit,European Value Systems Study Group*en,European Values Study*en,EVS*en; EVSSG*en,https://europeanvaluesstudy.eu/,https://de.wikipedia.org/wiki/European_Values_Study,europeanvaluesstudy.eu,1978,,,,,,,Q1377086,Q1377086,Tilburg,Netherlands,2746301
https://github.com/ror-community/ror-updates/issues/40909,,Faits et Opinions (France)*fr,inactive,company,,Faits et Opinions (France)*fr; Faits et Opinions*fr,,,,,1968,,,,,,,,,Paris,France,2988507
https://github.com/ror-community/ror-updates/issues/40910,,FAsTR LLC (United States)*en,active,company,"Forensic Assessment, Training, & Research*en",FAsTR LLC (United States)*en; FAsTR LLC*en,,https://fas-tr.com/,,fas-tr.com,,,,,,,,,,Madison,United States,5261457
https://github.com/ror-community/ror-updates/issues/40911,,FATE ® Fashion And Textiles Education Archive*en,active,archive,,FATE ® Fashion And Textiles Education Archive*en,FATE*en,https://www.fashionandtextileseducation.com/,,fashionandtextileseducation.com,,,,,,,,,,London,United Kingdom,2643743
https://github.com/ror-community/ror-updates/issues/40912,,Domestic and Sexual Violence Prevention Coalition*en,active,government,Fayette Urban County Government Domestic Violence Prevention Board*en; Domestic Violence Prevention Board*en,Domestic and Sexual Violence Prevention Coalition*en,DSVPC*en,https://www.lexingtonky.gov/government/boards-commissions/domestic-sexual-violence-prevention-coalition,,,,,,,,,,,,Lexington,United States,4297983
https://github.com/ror-community/ror-updates/issues/40913,,Federal Financial Institutions Examination Council*en,active,government,,Federal Financial Institutions Examination Council*en,FFIEC*en,https://www.ffiec.gov/,https://en.wikipedia.org/wiki/Federal_Financial_Institutions_Examination_Council,ffiec.gov,1979,,,,,,,Q3740862,Q3740862,Arlington,United States,4744709
https://github.com/ror-community/ror-updates/issues/40914,,Federal Judicial Center*en,active,government,,Federal Judicial Center*en,FJC*en,https://www.fjc.gov/,https://en.wikipedia.org/wiki/Federal_Judicial_Center,fjc.gov,1967,,,,,0000 0001 2178 2986,0000 0001 2178 2986,Q5440270,Q5440270,Washington,United States,4140963
https://github.com/ror-community/ror-updates/issues/40915,,"Federal Neuro-Psychiatric Hospital, Kaduna*en",active,healthcare,,"Federal Neuro-Psychiatric Hospital, Kaduna*en",,https://fnphkaduna.gov.ng/,https://en.wikipedia.org/wiki/Federal_Neuro-Psychiatric_Hospital%2C_Kaduna,fnphkaduna.gov.ng,1975,,,,,,,Q112967855,Q112967855,Barnawa,Nigeria,9412144
https://github.com/ror-community/ror-updates/issues/40916,,First Amendment Center*en,inactive,nonprofit,,First Amendment Center*en,,,https://en.wikipedia.org/wiki/First_Amendment_Center,,1991,,,,,,,Q5452278,Q5452278,Nashville,United States,4644585
https://github.com/ror-community/ror-updates/issues/40917,,Florida Department of Corrections*en,active,government,,Florida Department of Corrections*en,FL DOC*en,https://www.fdc.myflorida.com/,https://en.wikipedia.org/wiki/Florida_Department_of_Corrections,fdc.myflorida.com,1978,,,,,0000 0004 0632 1008,0000 0004 0632 1008,Q5461316,Q5461316,Tallahassee,United States,4174715
https://github.com/ror-community/ror-updates/issues/40918,,Free Our Citizens of Unhealthy Substances Coalition*en,inactive,nonprofit,,Free Our Citizens of Unhealthy Substances Coalition*en,FOCUS*en,,,,1996,,,,,,,,,Jefferson County,United States,4810162
https://github.com/ror-community/ror-updates/issues/40919,,Ford County Sheriff's Office*en,active,government,,Ford County Sheriff's Office*en,,https://www.fordcounty.net/268/Sheriffs-Office,,,1873,,,,,,,Q116982884,Q116982884,Dodge City,United States,5445298
https://github.com/ror-community/ror-updates/issues/40920,,Forschungsgruppe Wahlen e. V.*de,active,nonprofit,,Forschungsgruppe Wahlen e. V.*de; Forschungsgruppe Wahlen*de,FGW*de,https://www.forschungsgruppe.de,https://de.wikipedia.org/wiki/Forschungsgruppe_Wahlen,forschungsgruppe.de,1974,,,,,,,Q1438049,Q1438049,Mannheim,Germany,2873891
https://github.com/ror-community/ror-updates/issues/40921,,Fortune (United States)*en,active,company,Fortune Magazine*en,Fortune (United States)*en; Fortune*en,,https://fortune.com/,https://en.wikipedia.org/wiki/Fortune_%28magazine%29,fortune.com,1929,,,,,,,Q372989,Q372989,New York City,United States,5128581
https://github.com/ror-community/ror-updates/issues/40922,,Foundation for Informed Medical Decision Making*en,inactive,nonprofit,,Foundation for Informed Medical Decision Making*en,,,,,1989,,,,,,,,,Boston,United States,4930956
https://github.com/ror-community/ror-updates/issues/40923,,Gallup International Association*en,active,other,"Gallup International, Inc.*en",Gallup International Association*en,GIA*en,https://gallup-international.com/,https://en.wikipedia.org/wiki/Gallup_International_Association,gallup-international.com,1947,,,,,,,Q1572899,Q1572899,Vienna,Austria,2761369
https://github.com/ror-community/ror-updates/issues/40924,,GFT (United States)*en,active,company,"Gannett Fleming, Inc.*en; Gannett Fleming TranSystems*en",GFT (United States)*en; GFT*en,,https://www.gftinc.com/,,gftinc.com,1915,,,,,,,Q5521425,Q5521425,Mechanicsburg,United States,5200657
https://github.com/ror-community/ror-updates/issues/40925,,De Geïllustreerde Pers N.V. (Netherlands)*nl,inactive,company,"Geillustreerde Pers N.V., Amsterdam*nl",De Geïllustreerde Pers N.V. (Netherlands)*nl; De Geïllustreerde Pers N.V.*nl,,,https://nl.wikipedia.org/wiki/De_Ge%C3%AFllustreerde_Pers,,1936,,,,,,,Q1851754,Q1851754,Amsterdam,Netherlands,2759794
https://github.com/ror-community/ror-updates/issues/40926,,Juventude Universitária Católica*pt,inactive,other,,Juventude Universitária Católica*pt; Catholic University Youth in Portugal*en,JUC*pt,,,,,,,,,,,,,Lisbon,Portugal,2267057
https://github.com/ror-community/ror-updates/issues/40927,,National Statistics Office of Vietnam*en,active,government,General Statistics Office of Vietnam*en,National Statistics Office of Vietnam*en,,https://www.nso.gov.vn/,https://en.wikipedia.org/wiki/National_Statistics_Office_of_Vietnam,nso.gov.vn,1946,,,,,,,Q10831788,Q10831788,Hanoi,Vietnam,1581130
https://github.com/ror-community/ror-updates/issues/40928,,George H. Gallup International Institute*en,inactive,nonprofit,,George H. Gallup International Institute*en,,,,,1988,,,,,,,,,Princeton,United States,5102922
https://github.com/ror-community/ror-updates/issues/40929,,Georgia State Board of Pardons and Paroles*en,active,government,,Georgia State Board of Pardons and Paroles*en,,https://pap.georgia.gov/,https://en.wikipedia.org/wiki/Georgia_State_Board_of_Pardons_and_Paroles,pap.georgia.gov,1943,,,,,0000 0004 0431 9764,0000 0004 0431 9764,Q5547745,Q5547745,Atlanta,United States,4180439
https://github.com/ror-community/ror-updates/issues/40930,,Georgia State University Research Foundation Inc.*en,active,nonprofit,Georgia State University Research Foundation*en,Georgia State University Research Foundation Inc.*en,GSURF*en,https://research.gsu.edu/georgia-state-university-research-foundation/,,,1989,,,,,,,Q131849555,Q131849555,Atlanta,United States,4180439
https://github.com/ror-community/ror-updates/issues/40931,,Greater Los Angeles Geriatric Research Education and Clinical Center*en,active,government,Greater Los Angeles GRECC*en,Greater Los Angeles Geriatric Research Education and Clinical Center*en,GRECC*en,https://www.va.gov/GRECC/pages/Greater_Los_Angeles_GRECC.asp,,,1975,,,,,,,,,Los Angeles,United States,5368361
https://github.com/ror-community/ror-updates/issues/40933,,Groupe de Recherche en Économie Appliquée et Théorique*fr,active,nonprofit,,Groupe de Recherche en Économie Appliquée et Théorique*fr,GREAT*fr,https://greatmali.net/,,greatmali.net,1999,,,,,,,,,Bamako,Mali,2460596
https://github.com/ror-community/ror-updates/issues/40934,,Groupe de Recherche et d'Appui aux Initiatives Démocratiques*fr,active,nonprofit,,Groupe de Recherche et d'Appui aux Initiatives Démocratiques*fr,GRADIS*fr,,,,2002,,,,,,,,,Bujumbura,Burundi,425378
https://github.com/ror-community/ror-updates/issues/40935,,Gun Violence Archive*en,active,nonprofit,,Gun Violence Archive*en,,https://www.gunviolencearchive.org/,https://en.wikipedia.org/wiki/Gun_Violence_Archive,gunviolencearchive.org,2013,,,,,,,Q40888048,Q40888048,Washington,United States,4140963
https://github.com/ror-community/ror-updates/issues/40936,,Hankook Research (South Korea)*en,active,company,,Hankook Research (South Korea)*en; Hankook Research*en,,https://www.hrc.co.kr/,,hrc.co.kr,1978,,,,,,,,,Seoul,South Korea,1835848
https://github.com/ror-community/ror-updates/issues/40937,,Harder+Company Community Research (United States)*en,active,company,,Harder+Company Community Research (United States)*en; Harder+Company Community Research*en,,https://harderco.com/,,harderco.com,1986,,,,,,,,,San Diego,United States,5391811
https://github.com/ror-community/ror-updates/issues/40938,,Harris County Community Supervision and Corrections Department*en,active,government,Harris County CSCD*en,Harris County Community Supervision and Corrections Department*en,,https://cscd.harriscountytx.gov/,,cscd.harriscountytx.gov,,,,,,,,,,Houston,United States,4699066
https://github.com/ror-community/ror-updates/issues/40939,,Harris County Institute of Forensic Sciences*en,active,government,,Harris County Institute of Forensic Sciences*en,,https://ifs.harriscountytx.gov,,ifs.harriscountytx.gov,1957,,,,,,,,,Houston,United States,4699066
https://github.com/ror-community/ror-updates/issues/40940,,Hatchile Consult Ltd. (Uganda)*en,active,company,,Hatchile Consult Ltd. (Uganda)*en; Hatchile Consult Ltd.*en,,https://hatchileconsult.com/,,hatchileconsult.com,2001,,,,,,,,,Kampala,Uganda,232422
https://github.com/ror-community/ror-updates/issues/40941,,Carelon Research (United States)*en,active,company,HealthCore*en,Carelon Research (United States)*en; Carelon Research*en,,https://www.carelonresearch.com/,,carelonresearch.com,1996,,,,,,,,,Wilmington,United States,4145381
https://github.com/ror-community/ror-updates/issues/40942,,Hennepin County Department of Community Corrections and Rehabilitation*en,active,government,,Hennepin County Department of Community Corrections and Rehabilitation*en,,https://www.hennepincounty.gov/government/directory/community-corrections-rehabilitation,,,,,,,,,,,,Minneapolis,United States,5037649
https://github.com/ror-community/ror-updates/issues/40943,,Her Justice*en,active,nonprofit,,Her Justice*en,,https://herjustice.org/,,herjustice.org,1993,,,,,,,Q54631048,Q54631048,New York City,United States,5128581
https://github.com/ror-community/ror-updates/issues/40944,,International Communications Research (United States)*en,inactive,company,ICR Survey Research Group*en,International Communications Research (United States)*en; International Communications Research*en,ICR*en,,,,1983,,,,,,,,,Media,United States,4559575
https://github.com/ror-community/ror-updates/issues/40945,,Independent Institute for Administration and Civil Society Studies*en,active,nonprofit,,Independent Institute for Administration and Civil Society Studies*en,IIACSS*en,https://iiacss.org/,,iiacss.org,2003,,,,,,,,,Amman,Jordan,250441
https://github.com/ror-community/ror-updates/issues/40946,,Data Axle (United States)*en,active,company,Infogroup*en,Data Axle (United States)*en; Data Axle*en,,https://www.dataaxleusa.com/,https://en.wikipedia.org/wiki/Data_Axle,dataaxleusa.com,1972,,,,,0000 0000 9751 7946,0000 0000 9751 7946,Q54873943,Q54873943,Dallas,United States,4684888
https://github.com/ror-community/ror-updates/issues/40947,,Institut für praxisorientierte Sozialforschung (Germany)*de,inactive,company,,Institut für praxisorientierte Sozialforschung (Germany)*de; Institut für praxisorientierte Sozialforschung*de,IPOS*de,,,,1973,,,,,,,,,Mannheim,Germany,2873891
https://github.com/ror-community/ror-updates/issues/40948,,Institute for Democracy in South Africa*en,inactive,nonprofit,Institute for Democratic Alternatives in South Africa*en,Institute for Democracy in South Africa*en,IDASA*en,,https://en.wikipedia.org/wiki/Institute_for_Democratic_Alternatives_in_South_Africa,,1986,,,,,,,Q28223182,Q28223182,Cape Town,South Africa,3369157
https://github.com/ror-community/ror-updates/issues/40949,,Institute for Economic and Social Measurements*en,inactive,nonprofit,,Institute for Economic and Social Measurements*en,,,,,1977,,,,,,,,,Bethesda,United States,4348599
https://github.com/ror-community/ror-updates/issues/40950,,Institute for Empirical Research in Political Economy*en,active,education,,Institute for Empirical Research in Political Economy*en; Institut de Recherche Empirique en Économie Politique*fr,IERPE*en; IREEP*fr,https://africanschoolofeconomics.com/the-institute-for-empirical-research-in-political-economy/,,,2004,,,,,,,,,Cotonou,Benin,2394819
https://github.com/ror-community/ror-updates/issues/40951,,Institute for Innovation in Social Policy*en,inactive,education,,Institute for Innovation in Social Policy*en,IISP*en,https://iisp.vassar.edu/,,iisp.vassar.edu,1985,,,,,,,,,Poughkeepsie,United States,5132143
https://github.com/ror-community/ror-updates/issues/40952,,Institute for International Social Research*en,inactive,nonprofit,,Institute for International Social Research*en,,,,,1955,,,,,,,,,Princeton,United States,5102922
https://github.com/ror-community/ror-updates/issues/40953,,Institute for Public Policy Research*en,active,nonprofit,,Institute for Public Policy Research*en,IPPR*en,https://ippr.org.na/,,ippr.org.na,2001,,,,,,,,,Windhoek,Namibia,3352136
https://github.com/ror-community/ror-updates/issues/40954,,Institute for Safe Medication Practices Canada*en,active,nonprofit,ISMP Canada*en,Institute for Safe Medication Practices Canada*en,,https://ismpcanada.ca/,,ismpcanada.ca,2000,,,,,,,,,North York,Canada,6091104
https://github.com/ror-community/ror-updates/issues/40955,,Institute for Social Analysis*en,inactive,nonprofit,,Institute for Social Analysis*en,ISA*en,,,,1978,,,,,,,,,Reston,United States,4781530
https://github.com/ror-community/ror-updates/issues/40956,,Institute for Social and Economic Studies*en,active,nonprofit,,Institute for Social and Economic Studies*en; Instituto de Estudos Sociais e Económicos*pt,IESE*pt,https://www.iese.ac.mz/,,iese.ac.mz,2007,,,,,,,,,Maputo,Mozambique,1040652
https://github.com/ror-community/ror-updates/issues/40957,,Institute of Sociology*en,inactive,government,,Institute of Sociology*en,,,,,1983,,,,,,,,,Hanoi,Vietnam,1581130
https://github.com/ror-community/ror-updates/issues/40958,,Instituto Nacional de Alimentação e Nutrição*pt,inactive,government,,Instituto Nacional de Alimentação e Nutrição*pt; National Institute of Food and Nutrition*en,INAN*pt,,,,1972,,,,,,,,,Brasília,Brazil,3469058
https://github.com/ror-community/ror-updates/issues/40959,,Instituto Universitario de Investigación Ortega-Marañón*es,active,education,Instituto Universitario de Investigación Ortega y Gasset*es,Instituto Universitario de Investigación Ortega-Marañón*es,IUIOM*es; IUIOG*es,https://ortegaygasset.edu/institutouniversitario/,,ortegaygasset.edu,1986,,,,,,,,,Madrid,Spain,3117735
https://github.com/ror-community/ror-updates/issues/40960,,Interact B.V.*nl,inactive,other,,Interact B.V.*nl,,,,,,,,,,,,,,Dongen,Netherlands,2756723
https://github.com/ror-community/ror-updates/issues/40961,,International Association of Chiefs of Police*en,active,nonprofit; funder,,International Association of Chiefs of Police*en,IACP*en,https://www.theiacp.org/,https://en.wikipedia.org/wiki/International_Association_of_Chiefs_of_Police,theiacp.org,1893,100029612,100029612,,,0000 0001 1093 1106,0000 0001 1093 1106,Q6048430,Q6048430,Alexandria,United States,4744091
https://github.com/ror-community/ror-updates/issues/40962,,International Budget Partnership*en,active,nonprofit,,International Budget Partnership*en,,https://internationalbudget.org/,,internationalbudget.org,1997,,,,,,,Q131845839,Q131845839,Washington,United States,4140963
https://github.com/ror-community/ror-updates/issues/40963,,International Development Group (United States)*en,active,company,,International Development Group (United States)*en; International Development Group*en,IDG*en,https://www.internationaldevelopmentgroup.com/,,internationaldevelopmentgroup.com,1988,,,,,,,,,Arlington,United States,4744709
https://github.com/ror-community/ror-updates/issues/40964,,International Social Survey Programme*en,active,other,International Social Survey Program*en,International Social Survey Programme*en,ISSP*en,https://issp.org/,https://en.wikipedia.org/wiki/International_Social_Survey_Programme,issp.org,1984,,,,,,,Q1666895,Q1666895,Lausanne,Switzerland,2659994
https://github.com/ror-community/ror-updates/issues/40965,,Iowa Attorney General's Office*en,active,government,,Iowa Attorney General's Office*en,,https://www.iowaattorneygeneral.gov/,https://en.wikipedia.org/wiki/Iowa_Attorney_General,ag.iowa.gov,1853,,,,,,,Q83981607,Q83981607,Des Moines,United States,4853828
https://github.com/ror-community/ror-updates/issues/40966,,Iowa Consortium for Substance Abuse Research and Evaluation*en,active,education,,Iowa Consortium for Substance Abuse Research and Evaluation*en,,https://icsa.uiowa.edu/,,icsa.uiowa.edu,1991,,,,,,,Q74550861,Q74550861,Coralville,United States,4852640
https://github.com/ror-community/ror-updates/issues/40967,,Iowa Criminal and Juvenile Justice Planning and Statistical Analysis Center*en,inactive,government,,Iowa Criminal and Juvenile Justice Planning and Statistical Analysis Center*en,,,,,,,,,,,,,,Des Moines,United States,4853828
https://github.com/ror-community/ror-updates/issues/40968,,ITASCAP (Sierra Leone)*en,inactive,company,ITASCAP Limited*en; ITASCAP Ltd.*en,ITASCAP (Sierra Leone)*en; ITASCAP*en,,,,,2011,,,,,,,,,Freetown,Sierra Leone,2409306
https://github.com/ror-community/ror-updates/issues/40969,,Ithaka S+R*en,active,nonprofit,,Ithaka S+R*en,,https://sr.ithaka.org/,,ithaka.org,2004,,,,,,,Q64025619,Q64025619,New York City,United States,5128581
https://github.com/ror-community/ror-updates/issues/40970,,Jersey City Police Department*en,active,government,,Jersey City Police Department*en,JCPD*en,https://www.jerseycitynj.gov/cityhall/public_safety/police,,,1829,,,,,,,Q87995011,Q87995011,Jersey City,United States,5099836
https://github.com/ror-community/ror-updates/issues/40971,,JoongAng (South Korea)*ko,active,company,JoongAng Ilbo*ko,JoongAng (South Korea)*ko; JoongAng*ko,,https://www.joongang.co.kr/,https://en.wikipedia.org/wiki/JoongAng_Ilbo,joongang.co.kr,1965,,,,,,,Q483903,Q483903,Seoul,South Korea,1835848
https://github.com/ror-community/ror-updates/issues/40972,,Justice Policy Research Corporation (United States)*en,inactive,company,,Justice Policy Research Corporation (United States)*en; Justice Policy Research Corporation*en,,,,,1989,,,,,,,,,Sacramento,United States,5389489
https://github.com/ror-community/ror-updates/issues/40973,,Justice Resources (United States)*en,inactive,company,,Justice Resources (United States)*en; Justice Resources*en,,,,,1981,,,,,,,,,Washington,United States,4140963
https://github.com/ror-community/ror-updates/issues/40974,,Justice Strategies*en,inactive,nonprofit,,Justice Strategies*en,,,,,2003,,,,,,,,,Brooklyn,United States,5110302
https://github.com/ror-community/ror-updates/issues/40975,,Juvenile Court of Metropolitan Nashville and Davidson County*en,active,government,Davidson County Juvenile Court*en; Nashville Juvenile Court*en,Juvenile Court of Metropolitan Nashville and Davidson County*en,,https://juvenilecourt.nashville.gov/,,juvenilecourt.nashville.gov,,,,,,,,,,Nashville,United States,4644585
https://github.com/ror-community/ror-updates/issues/40976,,Kansas Bureau of Investigation*en,active,government,,Kansas Bureau of Investigation*en,KBI*en,https://www.ks.gov/kbi/,https://en.wikipedia.org/wiki/Kansas_Bureau_of_Investigation,kbi.ks.gov,1939,,,,,0000 0000 9341 1896,0000 0000 9341 1896,Q6364598,Q6364598,Topeka,United States,4280539
https://github.com/ror-community/ror-updates/issues/40977,,Kansas City Health Department*en,active,government,,Kansas City Health Department*en,KCHD*en,https://www.kcmo.gov/city-hall/departments/health,,,,,,,,,,,,Kansas City,United States,4393217
https://github.com/ror-community/ror-updates/issues/40978,,Kansas City Missouri Police Department*en,active,government,,Kansas City Missouri Police Department*en,KCPD*en,https://kcpolice.org/,https://en.wikipedia.org/wiki/Kansas_City_Police_Department,kcpolice.org,1874,,,,,,,Q6364821,Q6364821,Kansas City,United States,4393217
https://github.com/ror-community/ror-updates/issues/40979,,Kaplan Early Learning Company (United States)*en,active,company,,Kaplan Early Learning Company (United States)*en; Kaplan Early Learning Company*en,,https://www.kaplanco.com/,,kaplanco.com,1968,,,,,,,,,Lewisville,United States,4475767
https://github.com/ror-community/ror-updates/issues/40980,,Kickstarter (United States)*en,active,company,,Kickstarter (United States)*en; Kickstarter*en,,https://www.kickstarter.com/,https://en.wikipedia.org/wiki/Kickstarter,kickstarter.com,2009,,,,,,,Q34755,Q34755,Brooklyn,United States,5110302
https://github.com/ror-community/ror-updates/issues/41308,,Malta Leadership Institute*en,active,education,,Malta Leadership Institute*en,MLI*en,https://maltaleadershipinstitute.com,,maltaleadershipinstitute.com,2017,,,,,0000 0004 7878 9646,0000 0004 7878 9646,Q141626410,Q141626410,Birkirkara,Malta,2563191
https://github.com/ror-community/ror-updates/issues/41596,,Escape Studios*en,active,education,Pearson College London*en,Escape Studios*en,,https://www.escapestudios.ac.uk,https://en.wikipedia.org/wiki/Escape_Studios,escapestudios.ac.uk,2012,,,,,,,,,London,United Kingdom,2643743
https://github.com/ror-community/ror-updates/issues/41597,,City & Guilds of London Art School*en,active,education,City and Guilds of London Art School*en; Lambeth School of Art*en,City & Guilds of London Art School*en,,https://www.cityandguildsartschool.ac.uk,https://en.wikipedia.org/wiki/City_and_Guilds_of_London_Art_School,cityandguildsartschool.ac.uk,1854,,,,,,,,,London,United Kingdom,2643743
https://github.com/ror-community/ror-updates/issues/41598,,Bristol Baptist College*en,active,education,,Bristol Baptist College*en,,https://www.bristol-baptist.ac.uk,,bristol-baptist.ac.uk,,,,,,,,,,Bristol,United Kingdom,2654675
https://github.com/ror-community/ror-updates/issues/41599,,Academy of Live and Recorded Arts*en,inactive,education,,Academy of Live and Recorded Arts*en,ALRA*en,https://alra.co.uk,https://en.wikipedia.org/wiki/Academy_of_Live_and_Recorded_Arts,alra.co.uk,1979,,,,,,,,,London,United Kingdom,2643743
https://github.com/ror-community/ror-updates/issues/41600,,Access Creative College*en,active,education,Access to Music*en,Access Creative College*en,,https://www.accesscreative.ac.uk,https://en.wikipedia.org/wiki/Access_Creative_College,accesscreative.ac.uk,1992,,,,,,,,,Birmingham,United Kingdom,2655603
https://github.com/ror-community/ror-updates/issues/41601,,ABI College*en,active,education,Queensland College London*en,ABI College*en,QCOL*en,https://abicollege.org.uk,,abicollege.org.uk,2004,,,,,,,,,London,United Kingdom,2643743
https://github.com/ror-community/ror-updates/issues/41602,,UCL School of Pharmacy*en,active,education,"The School of Pharmacy, University of London*en",UCL School of Pharmacy*en,,https://www.ucl.ac.uk/life-sciences/pharmacy,https://en.wikipedia.org/wiki/UCL_School_of_Pharmacy,,,,,,,,,,,London,United Kingdom,2643743
https://github.com/ror-community/ror-updates/issues/41603,,Kanuni University*en,inactive,education,,Kanuni University*en; Kanuni Üniversitesi*tr,,,https://en.wikipedia.org/wiki/Kanuni_University,,2013,,,,,,,,,Adana,Turkey,325363
https://github.com/ror-community/ror-updates/issues/41604,,Visoka šola Ravne na Koroškem*sl,active,education,,Visoka šola Ravne na Koroškem*sl; College of Ravne na Koroškem*en;VŠ Ravne*sl,,,,,,,,,,,,,,Ravne na Koroškem,Slovenia,3191839
https://github.com/ror-community/ror-updates/issues/41605,,Fakulteta za zdravstvene in socialne vede Slovenj Gradec*sl,active,education,Visoka šola za zdravstvene vede Slovenj Gradec*sl; University College of Health Sciences Slovenj Gradec*en,Fakulteta za zdravstvene in socialne vede Slovenj Gradec*sl; Faculty of Health and Social Sciences Slovenj Gradec*en,FZSV SG*sl; VŠZV SG*sl,https://www.fzsv.si,,fzsv.si,2009,,,,,,,,,Slovenj Gradec,Slovenia,3190536
https://github.com/ror-community/ror-updates/issues/41606,,Akademia Katolicka w Warszawie*pl,active,education,,Akademia Katolicka w Warszawie*pl; Catholic Academy in Warsaw*en,,https://akademiakatolicka.pl,,akademiakatolicka.pl,1962,,,,,,,,,Warsaw,Poland,756135
https://github.com/ror-community/ror-updates/issues/41607,,"Wyższa Szkoła Hotelarstwa, Gastronomii i Turystyki*pl",inactive,education,,"Wyższa Szkoła Hotelarstwa, Gastronomii i Turystyki*pl; Higher School of Hotel Industry, Gastronomy and Tourism in Warsaw*en",WSHGiT*pl,,,,,,,,,,,,,Warsaw,Poland,756135
https://github.com/ror-community/ror-updates/issues/41609,,Norwegian School of Information Technology*en,inactive,education,,Norwegian School of Information Technology*en; Norges Informasjonsteknologiske Høgskole*no,NITH*no,,https://en.wikipedia.org/wiki/Norwegian_School_of_Information_Technology,,1995,,,,,,,,,Oslo,Norway,3143244
https://github.com/ror-community/ror-updates/issues/41610,,Buskerud and Vestfold University College*en,inactive,education,,Buskerud and Vestfold University College*en; Høgskolen i Buskerud og Vestfold*no,HBV*no,,https://en.wikipedia.org/wiki/Buskerud_and_Vestfold_University_College,,2014,,,,,,,,,Kongsberg,Norway,3149563
https://github.com/ror-community/ror-updates/issues/41611,,Telemark University College*en,inactive,education,,Telemark University College*en; Høgskolen i Telemark*no,TUC*en; HiT*no,,https://en.wikipedia.org/wiki/Telemark_University_College,,,,,,,,,,,Bø,Norway,6453381
https://github.com/ror-community/ror-updates/issues/41612,,Sør-Trøndelag University College*en,inactive,education,,Sør-Trøndelag University College*en; Høgskolen i Sør-Trøndelag*no,HiST*no,,https://en.wikipedia.org/wiki/S%C3%B8r-Tr%C3%B8ndelag_University_College,,1994,,,,,,,,,Trondheim,Norway,3133880
https://github.com/ror-community/ror-updates/issues/41613,,Gjøvik University College*en,inactive,education,,Gjøvik University College*en; Høgskolen i Gjøvik*no,HiG*no,,https://en.wikipedia.org/wiki/Gj%C3%B8vik_University_College,,1994,,,,,,,,,Gjøvik,Norway,3155573
https://github.com/ror-community/ror-updates/issues/41614,,Nord-Trøndelag University College*en,inactive,education,,Nord-Trøndelag University College*en; Høgskolen i Nord-Trøndelag*no,HiNT*no,,https://en.wikipedia.org/wiki/Nord-Tr%C3%B8ndelag_University_College,,1994,,,,,,,,,Steinkjer,Norway,3136947
https://github.com/ror-community/ror-updates/issues/41615,,Nesna University College*en,inactive,education,,Nesna University College*en; Høgskolen i Nesna*no,HiNe*no,,https://en.wikipedia.org/wiki/Nesna_University_College,,,,,,,,,,,Nesna,Norway,3144660
https://github.com/ror-community/ror-updates/issues/41616,,Narvik University College*en,inactive,education,,Narvik University College*en,,,https://en.wikipedia.org/wiki/Narvik_University_College,,,,,,,,,,,Narvik,Norway,3144987
https://github.com/ror-community/ror-updates/issues/41617,,Lillehammer University College*en,inactive,education,,Lillehammer University College*en; Høgskolen i Lillehammer*no,,,https://en.wikipedia.org/wiki/Lillehammer_University_College,,1994,,,,,,,,,Lillehammer,Norway,3147474
https://github.com/ror-community/ror-updates/issues/41618,,Hedmark University College*en,inactive,education,Hedmark University of Applied Sciences*en,Hedmark University College*en; Høgskolen i Hedmark*no,HiHm*no,,https://en.wikipedia.org/wiki/Hedmark_University_College,,1994,,,,,,,,,Elverum,Norway,3158300
https://github.com/ror-community/ror-updates/issues/41619,,Polytechnic of Varaždin*en,inactive,education,,Polytechnic of Varaždin*en; Veleučilište u Varaždinu*hr,,,,,2005,,,,,,,,,Varaždin,Croatia,3188383
https://github.com/ror-community/ror-updates/issues/41620,,Institut supérieur du bâtiment et des travaux publics*fr,active,education,,Institut supérieur du bâtiment et des travaux publics*fr,ISBA TP*fr,https://www.isba.fr,,isba.fr,1952,,,,,,,,,Marseille,France,2995469
https://github.com/ror-community/ror-updates/issues/41621,,Institut Régional du Travail Social de Champagne-Ardenne*fr,active,education,,Institut Régional du Travail Social de Champagne-Ardenne*fr,IRTS CA*fr,https://irtsca.fr,,irtsca.fr,,,,,,,,,,Reims,France,2984114
https://github.com/ror-community/ror-updates/issues/41622,,Institut national supérieur du professorat et de l'éducation de la Nouvelle-Calédonie*fr,active,education,École Supérieure du Professorat et de l'Éducation Nouvelle-Calédonie*fr; ESPE Nouvelle-Calédonie*fr,Institut national supérieur du professorat et de l'éducation de la Nouvelle-Calédonie*fr,INSPÉ*fr; ESPE*fr,https://www.unc.nc/formation/formation-des-enseignants/linstitut-national-du-professorat-et-de-leducation/,,,2020,,,,,,,,,Nouméa,New Caledonia,2139521
https://github.com/ror-community/ror-updates/issues/41623,,Institut Français de Mécanique Avancée*fr,inactive,education,,Institut Français de Mécanique Avancée*fr,IFMA*fr,,https://fr.wikipedia.org/wiki/Institut_fran%C3%A7ais_de_m%C3%A9canique_avanc%C3%A9e,,1991,,,,,,,,,Clermont-Ferrand,France,3024635
https://github.com/ror-community/ror-updates/issues/41624,,École régionale des beaux-arts de Rennes*fr,inactive,education,,École régionale des beaux-arts de Rennes*fr,,,,,,,,,,,,,,Rennes,France,2983990
https://github.com/ror-community/ror-updates/issues/41625,,The Royal School of Library and Information Science*en,inactive,education,,The Royal School of Library and Information Science*en; Det Informationsvidenskabelige Akademi*da,RSLIS*en,,https://en.wikipedia.org/wiki/Royal_School_of_Library_and_Information_Science,,,,,,,,,,,Copenhagen,Denmark,2618425
https://github.com/ror-community/ror-updates/issues/41626,,Mathias Hochschule Rheine*de,inactive,education,,Mathias Hochschule Rheine*de,,,,,2009,,,,,,,,,Rheine,Germany,2847645
https://github.com/ror-community/ror-updates/issues/41627,,Central Bohemian Institute of Higher Education*en,inactive,education,,Central Bohemian Institute of Higher Education*en; Středočeský vysokoškolský institut*cs,,,https://cs.wikipedia.org/wiki/St%C5%99edo%C4%8Desk%C3%BD_vysoko%C5%A1kolsk%C3%BD_institut,,,,,,,,,,,Kladno,Czechia,3073699
https://github.com/ror-community/ror-updates/issues/41628,,Philips University*en,active,education,,Philips University*en,,https://philipsuni.ac.cy,,philipsuni.ac.cy,,,,,,,,,,Strovolos,Cyprus,146054
https://github.com/ror-community/ror-updates/issues/41629,,Cyprus School of Molecular Medicine*en,active,education,,Cyprus School of Molecular Medicine*en,CSMM*en,https://www.cing.ac.cy/easyconsole.cfm/id/510,,,,,,,,,,,,Nicosia,Cyprus,146268
https://github.com/ror-community/ror-updates/issues/41630,,Cyprus Police Academy*en,active,education,,Cyprus Police Academy*en,,https://www.gov.cy/police/en/documents/agglika-cyprus-police-academy/general-information/,https://en.wikipedia.org/wiki/Cyprus_Police_Academy,,1990,,,,,,,,,Nicosia,Cyprus,146268
https://github.com/ror-community/ror-updates/issues/41631,,Établissement d'Enseignement pour Adultes et de Formation Continue Sud-Luxembourg*fr,active,education,EAFC Sud-Luxembourg*fr,Établissement d'Enseignement pour Adultes et de Formation Continue Sud-Luxembourg*fr,,https://www.eafc-sudlux.be,,eafc-sudlux.be,,,,,,,,,,Arlon,Belgium,2803073
https://github.com/ror-community/ror-updates/issues/41632,,Institut Provincial d'Enseignement de Promotion Sociale de Huy-Waremme*fr,active,education,IPEFA Huy-Waremme*fr,Institut Provincial d'Enseignement de Promotion Sociale de Huy-Waremme*fr,,https://www.provincedeliege.be/fr/enseignement/adultes/ipefahuywaremme,,,,,,,,,,,,Huy,Belgium,2795113
https://github.com/ror-community/ror-updates/issues/41633,,Établissement d'Enseignement pour Adultes et de Formation Continue Mouscron Wallonie Picarde*fr,active,education,EAFC Mouscron Wallonie Picarde*fr,Établissement d'Enseignement pour Adultes et de Formation Continue Mouscron Wallonie Picarde*fr,,https://www.iepsm.be,,iepsm.be,,,,,,,,,,Mouscron,Belgium,2790595
https://github.com/ror-community/ror-updates/issues/41634,,École Supérieure des Arts Saint-Luc de Bruxelles*fr,active,education,ESA Saint-Luc Bruxelles*fr,École Supérieure des Arts Saint-Luc de Bruxelles*fr,,https://www.stluc-bruxelles-esa.be,,stluc-bruxelles-esa.be,,,,,,,,,,Brussels,Belgium,2800866
https://github.com/ror-community/ror-updates/issues/41635,,Katholieke Hogeschool Vives Zuid*nl,inactive,education,Katholieke Hogeschool Zuid-West-Vlaanderen*nl,Katholieke Hogeschool Vives Zuid*nl; Catholic College Vives South*en,KATHO*nl,,https://nl.wikipedia.org/wiki/Katholieke_Hogeschool_Zuid-West-Vlaanderen,,1995,,,,,,,,,Torhout,Belgium,2785364
https://github.com/ror-community/ror-updates/issues/41636,,Katholieke Hogeschool Leuven*nl,inactive,education,UC Leuven*en; KHLeuven*nl,Katholieke Hogeschool Leuven*nl,,,https://nl.wikipedia.org/wiki/Katholieke_Hogeschool_Leuven,,1995,,,,,,,,,Leuven,Belgium,2792482
https://github.com/ror-community/ror-updates/issues/41637,,Katholieke Hogeschool Limburg*nl,inactive,education,UC Limburg*en,Katholieke Hogeschool Limburg*nl,KHLim*nl,,https://nl.wikipedia.org/wiki/Katholieke_Hogeschool_Limburg,,1995,,,,,,,,,Diepenbeek,Belgium,2799412
https://github.com/ror-community/ror-updates/issues/41638,,Institut Supérieur d'Agriculture de Lille*fr,inactive,education,ISA Lille*fr,Institut Supérieur d'Agriculture de Lille*fr,ISA*fr,,https://en.wikipedia.org/wiki/ISA_Lille,,1963,,,,,,,,,Lille,France,2998324
https://github.com/ror-community/ror-updates/issues/41639,,Fachhochschule für angewandte Militärwissenschaften*de,active,education,,Fachhochschule für angewandte Militärwissenschaften*de; University of Applied Military Sciences*en; FHMilitärwissenschaften*de,,https://www.militaerwissenschaften.ac.at,,militaerwissenschaften.ac.at,2022,,,,,,,,,Vienna,Austria,2761369
https://github.com/ror-community/ror-updates/issues/41640,,DONA International*en,active,nonprofit,Doulas of North America*en,DONA International*en,,https://dona.org,https://en.wikipedia.org/wiki/DONA_International,dona.org,1992,,,,,,,Q65064783,Q65064783,Tallahassee,United States,4174715
https://github.com/ror-community/ror-updates/issues/41642,,Babu Shivnath Agrawal (PG) College*en,active,education,"B.S.A. (P.G.) College, Mathura*en; B.S.A. College*en; BSA PG College*en; Babu Shivnath Agrawal College*en",Babu Shivnath Agrawal (PG) College*en,,https://bsapgcollege.ac.in,,bsapgcollege.ac.in,1956,,,,,0000 0004 1768 551X,0000 0004 1768 551X,Q24938523,Q24938523,Mathura,India,1263364
https://github.com/ror-community/ror-updates/issues/41644,,Unanimous AI (United States)*en,active,company,,Unanimous AI (United States)*en; Unanimous AI*en,,https://unanimous.ai,https://en.wikipedia.org/wiki/Unanimous_A.I.,unanimous.ai,2015,,,,,,,Q24908355,Q24908355,Arlington,United States,4744709
https://github.com/ror-community/ror-updates/issues/39686,,Hrvatsko društvo za istraživanje raka*hr,active,nonprofit,,Hrvatsko društvo za istraživanje raka*hr; Croatian Association for Cancer Research*en,HDIR*hr,https://hdir.hr,,hdir.hr,2009,,,,,,,,,Zagreb,Croatia,3186886
https://github.com/ror-community/ror-updates/issues/39940,,SAND Technologies (South Africa)*en,active,company,Sand Technologies*en; SAND Tech*en; Sand Tech*en; SAND*en,SAND Technologies (South Africa)*en; SAND Technologies*en,,https://www.sandtech.com,,sandtech.com,,,,,,,,,,Cape Town,South Africa,3369157
https://github.com/ror-community/ror-updates/issues/40078,,College of Sharia Sciences*en,active,education,College of Shari'a Sciences*en,College of Sharia Sciences*en; كلية العلوم الشرعية*ar,,https://css.edu.om,,css.edu.om,2014,,,,,0000 0004 8341 8049,0000 0004 8341 8049,,,Muscat,Oman,287286
https://github.com/ror-community/ror-updates/issues/40096,,Pixii*nl,active,nonprofit,Passiefhuis-Platform vzw*nl; Passiefhuis-Platform*nl,Pixii*nl,PHP*nl,https://www.pixii.be,https://nl.wikipedia.org/wiki/Passiefhuis,pixii.be,2002,,,,,,,,,Antwerp,Belgium,2803138
https://github.com/ror-community/ror-updates/issues/40215,,Research Hub Nexus (Nigeria)*en,active,company,Research Hub Nexus Institute*en,Research Hub Nexus (Nigeria)*en; Research Hub Nexus*en,,https://www.researchhubnexus.com,,researchhubnexus.com,2024,,,,,,,,,Lagos,Nigeria,2332459
https://github.com/ror-community/ror-updates/issues/40548,,Central Square Foundation*en,active,nonprofit,,Central Square Foundation*en,CSF*en,https://www.centralsquarefoundation.org,,centralsquarefoundation.org,2012,,,,,0000 0005 1802 1923,0000 0005 1802 1923,,,New Delhi,India,1261481
https://github.com/ror-community/ror-updates/issues/38846,,Anand Hospital*en,active,healthcare,Anand Hospital Purnia*en; KS Anand Hospital Purnia*en; KS Anand Hospital*en,Anand Hospital*en,,http://www.ksanandhospital.com,,ksanandhospital.com,1982,,,,,0000 0005 3079 0354,0000 0005 3079 0354,,,Purnia,India,1259166
