html_url,id,names.types.ror_display,status,types,names.types.alias,names.types.label,names.types.acronym,links.type.website,links.type.wikipedia,domains,established,external_ids.type.fundref.all,external_ids.type.fundref.preferred,external_ids.type.grid.all,external_ids.type.grid.preferred,external_ids.type.isni.all,external_ids.type.isni.preferred,external_ids.type.wikidata.all,external_ids.type.wikidata.preferred,city,country,locations.geonames_id
,https://ror.org/02jx3x895,,,,,,,,,replace==ucl.ac.uk,,,,,,,,,,,,
,https://ror.org/01y2jtd41,,,,,,,,,replace==wisc.edu,,,,,,,,,,,,
,https://ror.org/027m9bs27,,,,,,,,,replace==manchester.ac.uk,,,,,,,,,,,,
,https://ror.org/05h992307,,,,,,,,,replace==pnnl.gov,,,,,,,,,,,,
,https://ror.org/02en5vm52,,,,,,,,,replace==sorbonne-universite.fr,,,,,,,,,,,,
,https://ror.org/01an3r305,,,,,,,,,replace==pitt.edu,,,,,,,,,,,,
,https://ror.org/000e0be47,,,,,,,,,replace==northwestern.edu,,,,,,,,,,,,
,https://ror.org/00rs6vg23,,,,,,,,,replace==osu.edu,,,,,,,,,,,,
,https://ror.org/03r8z3t63,,,,,,,,,replace==unsw.edu.au,,,,,,,,,,,,
,https://ror.org/00za53h95,,,,,,,,,replace==jhu.edu,,,,,,,,,,,,
,https://ror.org/05vt9qd57,,,,,,,,,replace==rutgers.edu,,,,,,,,,,,,
,https://ror.org/02bfwt286,,,,,,,,,replace==monash.edu,,,,,,,,,,,,
,https://ror.org/01f5ytq51,,,,,,,,,replace==tamu.edu,,,,,,,,,,,,
,https://ror.org/01yc7t268,,,,,,,,,replace==wustl.edu,,,,,,,,,,,,
,https://ror.org/0220mzb33,,,,,,,,,replace==kcl.ac.uk,,,,,,,,,,,,
,https://ror.org/01tgyzw49,,,,,,,,,replace==nus.edu.sg,,,,,,,,,,,,
,https://ror.org/03angcq70,,,,,,,,,replace==bham.ac.uk,,,,,,,,,,,,
,https://ror.org/04wffgt70,,,,,,,,,replace==unicamp.br,,,,,,,,,,,,
,https://ror.org/04xs57h96,,,,,,,,,replace==liverpool.ac.uk,,,,,,,,,,,,
,https://ror.org/00t33hh48,,,,,,,,,replace==cuhk.edu.hk,,,,,,,,,,,,
,https://ror.org/0524sp257,,,,,,,,,replace==bristol.ac.uk,,,,,,,,,,,,
,https://ror.org/04gyf1771,,,,,,,,,replace==uci.edu,,,,,,,,,,,,
,https://ror.org/00vtgdb53,,,,,,,,,replace==gla.ac.uk,,,,,,,,,,,,
,https://ror.org/048a87296,,,,,,,,,replace==uu.se,,,,,,,,,,,,
,https://ror.org/00p991c53,,,,,,,,,replace==hust.edu.cn,,,,,,,,,,,,
,https://ror.org/04mhzgx49,,,,,,,replace==https://english.tau.ac.il/,,replace==tau.ac.il,,,,,,,,,,,,
,https://ror.org/01ee9ar58,,,,,,,,,replace==nottingham.ac.uk,,,,,,,,,,,,
,https://ror.org/01xtthb56,,,,,,,,,replace==uio.no,,,,,,,,,,,,
,https://ror.org/01ryk1543,,,,,,,,,replace==southampton.ac.uk,,,,,,,,,,,,
,https://ror.org/02vm5rt34,,,,,,,,,replace==vanderbilt.edu,,,,,,,,,,,,
,https://ror.org/037zgn354,,,,,,,,,replace==jhmi.edu,,,,,,,,,,,,
,https://ror.org/01tmp8f25,,,,,,,,,replace==unam.mx,,,,,,,,,,,,
,https://ror.org/02ttsq026,,,,,,,,,replace==colorado.edu,,,,,,,,,,,,
,https://ror.org/04xfq0f34,,,,,,,,,replace==rwth-aachen.de,,,,,,,,,,,,
,https://ror.org/05bqach95,,,,,,,,,replace==ntu.edu.tw,,,,,,,,,,,,
,https://ror.org/03xjwb503,,,,,,,,,replace==universite-paris-saclay.fr,,,,,,,,,,,,
,https://ror.org/012tb2g32,,,,,,,replace==https://www.tju.edu.cn/,,replace==tju.edu.cn,,,,,,,,,,,,
,https://ror.org/03490as77,,,,,,,,,replace==ufrj.br,,,,,,,,,,,,
,https://ror.org/03p74gp79,,,,,,,,,replace==uct.ac.za,,,,,,,,,,,,
,https://ror.org/02s376052,,,,,,,,,replace==epfl.ch,,,,,,,,,,,,
,https://ror.org/03a1kwz48,,,,,,,,,replace==uni-tuebingen.de,,,,,,,,,,,,
,https://ror.org/0030zas98,,,,,,,,,replace==polyu.edu.hk,,,,,,,,,,,,
,https://ror.org/035xkbk20,,,,,,,,,replace==univ-amu.fr,,,,,,,,,,,,
,https://ror.org/01y64my43,,,,,,,,,replace==buffalo.edu,,,,,,,,,,,,
,https://ror.org/02rx3b187,,,,,,,,,replace==univ-grenoble-alpes.fr,,,,,,,,,,,,
,https://ror.org/03xjacd83,,,,,,,,,replace==ccf.org,,,,,,,,,,,,
,https://ror.org/046ak2485,,,,,,,,,replace==fu-berlin.de,,,,,,,,,,,,
,https://ror.org/010pmpe69,,,,,,,,,replace==msu.ru,,,,,,,,,,,,
,https://ror.org/023b0x485,,,,,,,,,replace==uni-mainz.de,,,,,,,,,,,,
,https://ror.org/05gxnyn08,,,,,,,,,replace==iupui.edu,,,,,,,,,,,,
,https://ror.org/041yk2d64,,,,,,,,,replace==ufrgs.br,,,,,,,,,,,,
,https://ror.org/01dr6c206,,,,,,,replace==https://pan.pl/,,replace==pan.pl,,,,,,,,,,,,
,https://ror.org/01a77tt86,,,,,,,,,replace==warwick.ac.uk,,,,,,,,,,,,
,https://ror.org/02ymw8z06,,,,,,,,,replace==missouri.edu,,,,,,,,,,,,
,https://ror.org/01e41cf67,,,,,,,,,replace==lanl.gov,,,,,,,,,,,,
,https://ror.org/026zzn846,,,,,,,,,replace==qmul.ac.uk,,,,,,,,,,,,
,https://ror.org/00se2k293,,,,,,,,,replace==nycu.edu.tw,,,,,,,,,,,,
,https://ror.org/00rcxh774,,,,,,,,,replace==uni-koeln.de,,,,,,,,,,,,
,https://ror.org/00pd74e08,,,,,,,,,replace==uni-muenster.de,,,,,,,,,,,,
,https://ror.org/0245cg223,,,,,,,,,replace==uni-freiburg.de,,,,,,,,,,,,
,https://ror.org/027bh9e22,,,,,,,,,replace==leidenuniv.nl,,,,,,,,,,,,
,https://ror.org/02y72wh86,,,,,,,,,replace==queensu.ca,,,,,,,,,,,,
,https://ror.org/024z2rq82,,,,,,,,,replace==hhu.de,,,,,,,,,,,,
,https://ror.org/03kk7td41,,,,,,,,,replace==cardiff.ac.uk,,,,,,,,,,,,
,https://ror.org/00g30e956,,,,,,,,,replace==uni-hamburg.de,,,,,,,,,,,,
,https://ror.org/02yrq0923,,,,,,,,,replace==mskcc.org,,,,,,,,,,,,
,https://ror.org/02tyer376,,,,,,,,,replace==dsmz.de,,,,,,,,,,,,
,https://ror.org/03qryx823,,,,,,,,,replace==technion.ac.il,,,,,,,,,,,,
,https://ror.org/00y4zzh67,,,,,,,,,replace==gwu.edu,,,,,,,,,,,,
,https://ror.org/05g3dte14,,,,,,,,,replace==fsu.edu,,,,,,,,,,,,
,https://ror.org/006v7bf86,,,,,,,,,replace==harvardup.co.uk,,,,,,,,,,,,
,https://ror.org/01c4pz451,,,,,,,,,replace==tums.ac.ir,,,,,,,,,,,,
,https://ror.org/02gfc7t72,,,,,,,,,replace==csic.es,,,,,,,,,,,,
,https://ror.org/02k40bc56,,,,,,,,,replace==indiana.edu,,,,,,,,,,,,
,https://ror.org/01hcx6992,,,,,,,,,replace==hu-berlin.de,,,,,,,,,,,,
,https://ror.org/05ect4e57,,,,,,,,,replace==lsu.edu,,,,,,,,,,,,
,https://ror.org/0176yjw32,,,,,,,replace==https://www.ufmg.br/,,replace==ufmg.br,,,,,,,,,,,,
,https://ror.org/03v4gjf40,,,,,,,,,replace==tu-berlin.de,,,,,,,,,,,,
,https://ror.org/00fbnyb24,,,,,,,replace==https://www.uni-wuerzburg.de/,,replace==uni-wuerzburg.de,,,,,,,,,,,,
,https://ror.org/01v29qb04,,,,,,,,,replace==durham.ac.uk,,,,,,,,,,,,
,https://ror.org/03s7gtk40,,,,,,,,,replace==uni-leipzig.de,,,,,,,,,,,,
,https://ror.org/03gnr7b55,,,,,,,,,replace==univ-nantes.fr,,,,,,,,,,,,
,https://ror.org/02b6qw903,,,,,,,,,replace==sc.edu,,,,,,,,,,,,
,https://ror.org/01b8kcc49,,,,,,,,,replace==ncku.edu.tw,,,,,,,,,,,,
,https://ror.org/03zga2b32,,,,,,,,,replace==uib.no,,,,,,,,,,,,
,https://ror.org/05q3vnk25,,,,,,,,,replace==ird.fr,,,,,,,,,,,,
,https://ror.org/01703db54,,,,,,,,,replace==aist.go.jp,,,,,,,,,,,,
,https://ror.org/01z05qp51,,,,,,,,,replace==namesforlife.com,,,,,,,,,,,,
,https://ror.org/046865y68,,,,,,,replace==https://www.hanyang.ac.kr/,,replace==hanyang.ac.kr,,,,,,,,,,,,
,https://ror.org/0116zj450,,,,,,,,,replace==ui.ac.id,,,,,,,,,,,,
,https://ror.org/05syd6y78,,,,,,,,,replace==ufpr.br,,,,,,,,,,,,
,https://ror.org/00s6t1f81,,,,,,,,,replace==unipv.it,,,,,,,,,,,,
,https://ror.org/02ma4wv74,,,,,,,replace==https://www.kau.edu.sa/,,replace==kau.edu.sa,,,,,,,,,,,,
,https://ror.org/043mer456,,,,,,,,,replace==unl.edu,,,,,,,,,,,,
,https://ror.org/04vnq7t77,,,,,,,,,replace==uni-stuttgart.de,,,,,,,,,,,,
,https://ror.org/01jmxt844,,,,,,,,,replace==otago.ac.nz,,,,,,,,,,,,
,https://ror.org/05njb9z20,,,,,,,,,replace==uni-lj.si,,,,,,,,,,,,
,https://ror.org/04dese585,,,,,,,,,replace==iisc.ac.in,,,,,,,,,,,,
,https://ror.org/05d2yfz11,,,,,,,replace==https://www.nudt.edu.cn/,,replace==nudt.edu.cn,,,,,,,,,,,,
,https://ror.org/04d836q62,,,,,,,,,replace==tuwien.ac.at,,,,,,,,,,,,
,https://ror.org/006e5kg04,,,,,,,,,replace==vub.be,,,,,,,,,,,,
,https://ror.org/02yk2p779,,,,,,,,,replace==isa.org,,,,,,,,,,,,
,https://ror.org/04t5xt781,,,,,,,,,replace==northeastern.edu,,,,,,,,,,,,
,https://ror.org/00f2yqf98,,,,,,,,,replace==mh-hannover.de,,,,,,,,,,,,
,https://ror.org/00453a208,,,,,,,,,replace==cuny.edu,,,,,,,,,,,,
,https://ror.org/02pc6pc55,,,,,,,,,replace==okayama-u.ac.jp,,,,,,,,,,,,
,https://ror.org/04v3ywz14,,,,,,,replace==https://en.cau.edu.cn/,,replace==cau.edu.cn,,,,,,,,,,,,
,https://ror.org/023znxa73,,,,,,,,,replace==spbu.ru,,,,,,,,,,,,
,https://ror.org/01hjzeq58,,,,,,,,,replace==chiba-u.jp,,,,,,,,,,,,
,https://ror.org/008x57b05,,,,,,,,,replace==uantwerpen.be,,,,,,,,,,,,
,https://ror.org/05qpz1x62,,,,,,,,,replace==uni-jena.de,,,,,,,,,,,,
,https://ror.org/059sp8j34,,,,,,,,,replace==ipn.mx,,,,,,,,,,,,
,https://ror.org/05qrfxd25,,,,,,,,,replace==pran.ru,,,,,,,,,,,,
,https://ror.org/04teye511,,,,,,,,,replace==uc.cl,,,,,,,,,,,,
,https://ror.org/015m7wh34,,,,,,,,,replace==univ-rennes.fr,,,,,,,,,,,,
,https://ror.org/00cb9w016,,,,,,,,,replace==asu.edu.eg,,,,,,,,,,,,
,https://ror.org/05p1j8758,,,,,,,,,replace==k-state.edu,,,,,,,,,,,,
,https://ror.org/01q1z8k08,,,,,,,,,replace==suny.edu,,,,,,,,,,,,
,https://ror.org/04ttjf776,,,,,,,,,replace==rmit.edu.au,,,,,,,,,,,,
,https://ror.org/02dwcqs71,,,,,,,replace==https://www.aiims.edu/,,replace==aiims.gov.in,,,,,,,,,,,,
,https://ror.org/02nv7yv05,,,,,,,,,replace==fz-juelich.de,,,,,,,,,,,,
,https://ror.org/01yj56c84,,,,,,,,,replace==bjtu.edu.cn,,,,,,,,,,,,
,https://ror.org/01rxfrp27,,,,,,,,,replace==latrobe.edu.au,,,,,,,,,,,,
,https://ror.org/05dq2gs74,,,,,,,replace==https://www.vumc.org/,,replace==vumc.org,,,,,,,,,,,,
,https://ror.org/02k5swt12,,,,,,,,,replace==unifesp.br,,,,,,,,,,,,
,https://ror.org/02ex6cf31,,,,,,,,,replace==bnl.gov,,,,,,,,,,,,
,https://ror.org/05gqaka33,,,,,,,,,replace==uni-halle.de,,,,,,,,,,,,
,https://ror.org/01zqcg218,,,,,,,,,replace==khu.ac.kr,,,,,,,,,,,,
,https://ror.org/01zgy1s35,,,,,,,,,replace==uke.de,,,,,,,,,,,,
,https://ror.org/0198v2949,,,,,,,,,replace==uerj.br,,,,,,,,,,,,
,https://ror.org/057q4rt57,,,,,,,,,replace==sickkids.ca,,,,,,,,,,,,
,https://ror.org/047908t24,,,,,,,,,replace==ufpe.br,,,,,,,,,,,,
,https://ror.org/01460j859,,,,,,,,,replace==upv.es,,,,,,,,,,,,
,https://ror.org/030eybx10,,,,,,,,,replace==usc.gal,,,,,,,,,,,,
,https://ror.org/03xrrjk67,,,,,,,,,replace==ua.edu,,,,,,,,,,,,
,https://ror.org/0313jb750,,,,,,,,,replace==caas.cn,,,,,,,,,,,,
,https://ror.org/0090zs177,,,,,,,,,replace==lse.ac.uk,,,,,,,,,,,,
,https://ror.org/02wn5qz54,,,,,,,,,replace==st-andrews.ac.uk,,,,,,,,,,,,
,https://ror.org/002h8g185,,,,,,,,,replace==bath.ac.uk,,,,,,,,,,,,
,https://ror.org/01znkr924,,,,,,,,,replace==mahidol.ac.th,,,,,,,,,,,,
,https://ror.org/007mrxy13,,,,,,,,,replace==wchscu.cn,,,,,,,,,,,,
,https://ror.org/042twtr12,,,,,,,,,replace==cdc.gov,,,,,,,,,,,,
,https://ror.org/01jdpyv68,,,,,,,,,replace==uni-saarland.de,,,,,,,,,,,,
,https://ror.org/00xmkp704,,,,,,,,,replace==uzgent.be,,,,,,,,,,,,
,https://ror.org/01ynf4891,,,,,,,,,replace==unimib.it,,,,,,,,,,,,
,https://ror.org/0304hq317,,,,,,,,,replace==uni-hannover.de,,,,,,,,,,,,
,https://ror.org/01b78mz79,,,,,,,,,replace==ufsm.br,,,,,,,,,,,,
,https://ror.org/026v1ze26,,,,,,,,,replace==nims.go.jp,,,,,,,,,,,,
,https://ror.org/04ers2y35,,,,,,,,,replace==uni-bremen.de,,,,,,,,,,,,
,https://ror.org/03h7r5v07,,,,,,,,,replace==unicatt.it,,,,,,,,,,,,
,https://ror.org/00t3r8h32,,,,,,,,,replace==uni-luebeck.de,,,,,,,,,,,,
,https://ror.org/01kg8sb98,,,,,,,,,replace==iu.edu,,,,,,,,,,,,
,https://ror.org/028wp3y58,,,,,,,,,replace==chula.ac.th,,,,,,,,,,,,
,https://ror.org/056bjta22,,,,,,,,,replace==undip.ac.id,,,,,,,,,,,,
,https://ror.org/04grmx538,,,,,,,,,replace==nber.org,,,,,,,,,,,,
,https://ror.org/03w5sq511,,,,,,,,,replace==iitkgp.ac.in,,,,,,,,,,,,
,https://ror.org/02qyf5152,,,,,,,,,replace==iitb.ac.in,,,,,,,,,,,,
,https://ror.org/055f7t516,,,,,,,,,replace==hse.ru,,,,,,,,,,,,
,https://ror.org/04jztag35,,,,,,,,,replace==pumch.cn,,,,,,,,,,,,
,https://ror.org/01k97gp34,,,,,,,,,replace==tu-dortmund.de,,,,,,,,,,,,
,https://ror.org/05hy3tk52,,,,,,,,,replace==polytechnique.edu,,,,,,,,,,,,
,https://ror.org/00mzz1w90,,,,,,,,,replace==alexu.edu.eg,,,,,,,,,,,,
,https://ror.org/05jk51a88,,,,,,,,,replace==nihon-u.ac.jp,,,,,,,,,,,,
,https://ror.org/04cdn2797,,,,,,,,,replace==bhu.ac.in,,,,,,,,,,,,
,https://ror.org/04jhswv08,,,,,,,,,replace==fiocruz.br,,,,,,,,,,,,
,https://ror.org/042xt5161,,,,,,,,,replace==uhn.ca,,,,,,,,,,,,
,https://ror.org/01hcyya48,,,,,,,,,replace==cchmc.org,,,,,,,,,,,,
,https://ror.org/02c2f8975,,,,,,,,,replace==ulsan.ac.kr,,,,,,,,,,,,
,https://ror.org/010bgev76,,,,,,,,,replace==floridacollege.edu,,,,,,,,,,,,
,https://ror.org/01k8vtd75,,,,,,,,,replace==mans.edu.eg,,,,,,,,,,,,
,https://ror.org/00j9c2840,,,,,,,replace==https://www.oslo-universitetssykehus.no/,,replace==oslo-universitetssykehus.no,,,,,,,,,,,,
,https://ror.org/047gc3g35,,,,,,,,,replace==uchile.cl,,,,,,,,,,,,
,https://ror.org/010nsgg66,,,,,,,,,replace==tu-braunschweig.de,,,,,,,,,,,,
,https://ror.org/04cdgtt98,,,,,,,,,replace==dkfz.de,,,,,,,,,,,,
,https://ror.org/02s47w807,,,,,,,,,replace==winmedical.org,,,,,,,,,,,,
,https://ror.org/01apwpt12,,,,,,,,,replace==sandia.gov,,,,,,,,,,,,
,https://ror.org/01faaaf77,,,,,,,,,replace==uni-graz.at,,,,,,,,,,,,
,https://ror.org/00zat6v61,,,,,,,replace==https://www.gzhmu.edu.cn/,,replace==gzhmu.edu.cn,,,,,,,,,,,,
,https://ror.org/00xyeez13,,,,,,,,,replace==kust.edu.cn,,,,,,,,,,,,
,https://ror.org/05rsv9s98,,,,,,,,,replace==va.gov,,,,,,,,,,,,
,https://ror.org/03kgsv495,,,,,,,,,replace==biu.ac.il,,,,,,,,,,,,
,https://ror.org/04azbjn80,,,,,,,,,replace==gdut.edu.cn,,,,,,,,,,,,
,https://ror.org/0040r6f76,,,,,,,,,replace==vuw.ac.nz,,,,,,,,,,,,
,https://ror.org/04r0gp612,,,,,,,,,replace==nspc.com,,,,,,,,,,,,
,https://ror.org/002t25c44,,,,,,,,,replace==univ-paris1.fr,,,,,,,,,,,,
,https://ror.org/0482b5b22,,,,,,,,,replace==embrapa.br,,,,,,,,,,,,
,https://ror.org/03k3p7647,,,,,,,,,replace==ufba.br,,,,,,,,,,,,
,https://ror.org/05jbt9m15,,,,,,,,,replace==uark.edu,,,,,,,,,,,,
,https://ror.org/02wmsc916,,,,,,,,,replace==gzu.edu.cn,,,,,,,,,,,,
,https://ror.org/041qf4r12,,,,,,,replace==https://www.cup.edu.cn/,,replace==cup.edu.cn,,,,,,,,,,,,
,https://ror.org/0051rme32,,,,,,,,,replace==nwsuaf.edu.cn,,,,,,,,,,,,
,https://ror.org/007ps6h72,,,,,,,,,replace==fredhutch.org,,,,,,,,,,,,
,https://ror.org/03zdwsf69,,,,,,,,,replace==uni-rostock.de,,,,,,,,,,,,
,https://ror.org/03tzaeb71,,,,,,,,,replace==hawaii.edu,,,,,,,,,,,,
,https://ror.org/00apj8t60,,,,,,,,,replace==itb.ac.id,,,,,,,,,,,,
,https://ror.org/00d80zx46,,,,,,,,,replace==cgu.edu.tw,,,,,,,,,,,,
,https://ror.org/0039d5757,,,,,,,,,replace==ufg.br,,,,,,,,,,,,
,https://ror.org/05hepy730,,,,,,,,,replace==nrcan-rncan.gc.ca,,,,,,,,,,,,
,https://ror.org/01wk3d929,,,,,,,,,replace==ub.ac.id,,,,,,,,,,,,
,https://ror.org/05a0ya142,,,,,,,,,replace==broadinstitute.org,,,,,,,,,,,,
,https://ror.org/04ww21r56,,,,,,,,,replace==niigata-u.ac.jp,,,,,,,,,,,,
,https://ror.org/04ehecz88,,,,,,,,,replace==upmc.edu,,,,,,,,,,,,
,https://ror.org/01fpnj063,,,,,,,replace==https://www.catholic.ac.kr/,,replace==catholic.ac.kr,,,,,,,,,,,,
,https://ror.org/053avzc18,,,,,,,,,replace==cas.cz,,,,,,,,,,,,
,https://ror.org/01q9sj412,,,,,,,replace==https://www.insel.ch/,,replace==insel.ch,,,,,,,,,,,,
,https://ror.org/03q9sr818,,,,,,,,,replace==ufpa.br,,,,,,,,,,,,
,https://ror.org/033003e23,,,,,,,,,replace==tuni.fi,,,,,,,,,,,,
,https://ror.org/02exqgm79,,,,,,,,,replace==hitachi.com,,,,,,,,,,,,
,https://ror.org/054xkpr46,,,,,,,,,replace==gazi.edu.tr,,,,,,,,,,,,
,https://ror.org/01g9ty582,,,,,,,replace==https://semmelweis.hu/,,replace==semmelweis.hu,,,,,,,,,,,,
,https://ror.org/00xqf8t64,,,,,,,,,replace==unpad.ac.id,,,,,,,,,,,,
,https://ror.org/03gzbrs57,,,,,,,,,replace==nyp.org,,,,,,,,,,,,
,https://ror.org/00582g326,,,,,,,,,replace==iitr.ac.in,,,,,,,,,,,,
,https://ror.org/03xb04968,,,,,,,replace==https://www.ahmu.edu.cn/,,replace==ahmu.edu.cn,,,,,,,,,,,,
,https://ror.org/003109y17,,,,,,,,,replace==unica.it,,,,,,,,,,,,
,https://ror.org/008fyn775,,,,,,,,,replace==pwr.edu.pl,,,,,,,,,,,,
,https://ror.org/02e8hzf44,,,,,,,,,replace==hus.fi,,,,,,,,,,,,
,https://ror.org/01p7jjy08,,,,,,,,,replace==slu.edu,,,,,,,,,,,,
,https://ror.org/01pnej532,,,,,,,,,replace==szte.hu,,,,,,,,,,,,
,https://ror.org/05kt9ap64,,,,,,,,,replace==kindai.ac.jp,,,,,,,,,,,,
,https://ror.org/03k1bsr36,,,,,,,,,replace==u-bourgogne.fr,,,,,,,,,,,,
,https://ror.org/03vzbgh69,,,,,,,,,replace==uniklinik-freiburg.de,,,,,,,,,,,,
,https://ror.org/02pammg90,,,,,,,replace==https://www.cedars-sinai.org/,,replace==cshs.org,,,,,,,,,,,,
,https://ror.org/02xzytt36,,,,,,,,,replace==manipal.edu,,,,,,,,,,,,
,https://ror.org/04tavpn47,,,,,,,,,replace==smmu.edu.cn,,,,,,,,,,,,
,https://ror.org/01se4f844,,,,,,,,,replace==wales.ac.uk,,,,,,,,,,,,
,https://ror.org/019tgvf94,,,,,,,,,replace==univ-cotedazur.fr,,,,,,,,,,,,
,https://ror.org/031q21x57,,,,,,,,,replace==uwm.edu,,,,,,,,,,,,
,https://ror.org/03nteze27,,,,,,,replace==https://www.ntuh.gov.tw/,,replace==ntuh.gov.tw,,,,,,,,,,,,
,https://ror.org/00ms48f15,,,,,,,,,replace==fmmu.edu.cn,,,,,,,,,,,,
,https://ror.org/050113w36,,,,,,,replace==https://www.srmist.edu.in/,,replace==srmist.edu.in,,,,,,,,,,,,
,https://ror.org/03w04rv71,,,,,,,,,replace==iums.ac.ir,,,,,,,,,,,,
,https://ror.org/05kzjxq56,,,,,,,,,replace==jnu.ac.kr,,,,,,,,,,,,
,https://ror.org/019kgqr73,,,,,,,,,replace==uta.edu,,,,,,,,,,,,
,https://ror.org/04b6x2g63,,,,,,,,,replace==luc.edu,,,,,,,,,,,,
,https://ror.org/049emcs32,,,,,,,,,replace==utdallas.edu,,,,,,,,,,,,
,https://ror.org/048cwvf49,,,,,,,,,replace==unisa.ac.za,,,,,,,,,,,,
,https://ror.org/05ggc9x40,,,,,,,,,replace==u-pec.fr,,,,,,,,,,,,
,https://ror.org/044vy1d05,,,,,,,,,replace==tokushima-u.ac.jp,,,,,,,,,,,,
,https://ror.org/02a2kzf50,,,,,,,,,replace==clinic.cat,,,,,,,,,,,,
,https://ror.org/04gsp2c11,,,,,,,,,replace==jcu.edu.au,,,,,,,,,,,,
,https://ror.org/00rcvgx40,,,,,,,,,replace==rutgers.nl,,,,,,,,,,,,
,https://ror.org/05arfhc56,,,,,,,,,replace==uniraj.ac.in,,,,,,,,,,,,
,https://ror.org/05q92br09,,,,,,,replace==https://www.jbnu.ac.kr/web/index.do,,replace==jbnu.ac.kr,,,,,,,,,,,,
,https://ror.org/03bea9k73,,,,,,,,,replace==universityofgalway.ie,,,,,,,,,,,,
,https://ror.org/03nhjew95,,,,,,,,,replace==univ-rouen.fr,,,,,,,,,,,,
,https://ror.org/036pt7h44,,,,,,,replace==https://www.umchealthsystem.com/,,replace==umchealthsystem.com,,,,,,,,,,,,
,https://ror.org/0244rem06,,,,,,,,,replace==shinshu-u.ac.jp,,,,,,,,,,,,
,https://ror.org/04gzbav43,,,,,,,,,replace==aut.ac.ir,,,,,,,,,,,,
,https://ror.org/01r024a98,,,,,,,,,replace==cau.ac.kr,,,,,,,,,,,,
,https://ror.org/01pbdzh19,,,,,,,,,replace==utoledo.edu,,,,,,,,,,,,
,https://ror.org/03wx2rr30,,,,,,,,,replace==ui.edu.ng,,,,,,,,,,,,
,https://ror.org/04q6c7p66,,,,,,,,,replace==cugb.edu.cn,,,,,,,,,,,,
,https://ror.org/02dxx6824,,,,,,,,,replace==scripps.edu,,,,,,,,,,,,
,https://ror.org/0234wmv40,,,,,,,replace==https://www.uni-bayreuth.de,,replace==uni-bayreuth.de,,,,,,,,,,,,
,https://ror.org/04nkhwh30,,,,,,,,,replace==hull.ac.uk,,,,,,,,,,,,
,https://ror.org/013cjyk83,,,,,,,,,replace==psl.eu,,,,,,,,,,,,
,https://ror.org/05w21nn13,,,,,,,,,replace==tmmu.edu.cn,,,,,,,,,,,,
,https://ror.org/024c2fq17,,,,,,,replace==https://www.sharif.ir,,replace==sharif.edu,,,,,,,,,,,,
,https://ror.org/043bpky34,,,,,,,,,replace==njupt.edu.cn,,,,,,,,,,,,
,https://ror.org/05xpvk416,,,,,,,,,replace==nist.gov,,,,,,,,,,,,
,https://ror.org/04bqqa360,,,,,,,,,replace==uem.br,,,,,,,,,,,,
,https://ror.org/00jc20583,,,,,,,,,replace==cu.edu,,,,,,,,,,,,
,https://ror.org/03cxys317,,,,,,,replace==https://www.yamaguchi-u.ac.jp/english/,,replace==yamaguchi-u.ac.jp,,,,,,,,,,,,
,https://ror.org/01p7qe739,,,,,,,,,replace==tokai.ac.jp,,,,,,,,,,,,
,https://ror.org/05w6wfp17,,,,,,,,,replace==barc.gov.in,,,,,,,,,,,,
,https://ror.org/049pfb863,,,,,,,,,replace==kent.edu,,,,,,,,,,,,
,https://ror.org/00z3td547,,,,,,,,,replace==nwu.edu.cn,,,,,,,,,,,,
,https://ror.org/05sxf4h28,,,,,,,,,replace==ufes.br,,,,,,,,,,,,
,https://ror.org/01jaj8n65,,,,,,,,,replace==aun.edu.eg,,,,,,,,,,,,
,https://ror.org/01xdqrp08,,,,,,,,,replace==pfizer.com,,,,,,,,,,,,
,https://ror.org/01kd65564,,,,,,,,,replace==utsa.edu,,,,,,,,,,,,
,https://ror.org/05m2fqn25,,,,,,,,,replace==cmu.ac.th,,,,,,,,,,,,
,https://ror.org/04g2vpn86,,,,,,,replace==https://www.royalholloway.ac.uk/,,replace==royalholloway.ac.uk,,,,,,,,,,,,
,https://ror.org/01585b035,,,,,,,,,replace==uel.br,,,,,,,,,,,,
,https://ror.org/03x1jna21,,,,,,,,,replace==ccnu.edu.cn,,,,,,,,,,,,
,https://ror.org/053fp5c05,,,,,,,,,replace==ewha.ac.kr,,,,,,,,,,,,
,https://ror.org/03wefcv03,,,,,,,,,replace==sunnybrook.ca,,,,,,,,,,,,
,https://ror.org/01692sz90,,,,,,,,,replace==juntendo.ac.jp,,,,,,,,,,,,
,https://ror.org/016zn0y21,,,,,,,,,replace==policlinico.mi.it,,,,,,,,,,,,
,https://ror.org/00nqqvk19,,,,,,,,,replace==comsats.edu.pk,,,,,,,,,,,,
,https://ror.org/0321g0743,,,,,,,,,replace==gustaveroussy.fr,,,,,,,,,,,,
,https://ror.org/05vvg9554,,,,,,,,,replace==psi.edu,,,,,,,,,,,,
,https://ror.org/05257z229,,,,,,,,,replace==hgfound.org,,,,,,,,,,,,
,https://ror.org/05yc6p159,,,,,,,,,replace==yu.ac.kr,,,,,,,,,,,,
,https://ror.org/01qhf1r47,,,,,,,,,replace==annauniv.edu,,,,,,,,,,,,
,https://ror.org/000sfad56,,,,,,,,,replace==ifpan.edu.pl,,,,,,,,,,,,
,https://ror.org/01jw2p796,,,,,,,,,replace==iust.ac.ir,,,,,,,,,,,,
,https://ror.org/01n3s4692,,,,,,,,,replace==sums.ac.ir,,,,,,,,,,,,
,https://ror.org/05srvzs48,,,,,,,replace==https://www.sggw.edu.pl/en/,,replace==sggw.edu.pl,,,,,,,,,,,,
,https://ror.org/038avdt50,,,,,,,replace==https://www.xaut.edu.cn/,,replace==xaut.edu.cn,,,,,,,,,,,,
,https://ror.org/04xhy8q59,,,,,,,,,replace==univ-poitiers.fr,,,,,,,,,,,,
,https://ror.org/01kzn7k21,,,,,,,,,replace==iau.ac.ir,,,,,,,,,,,,
,https://ror.org/00ey54k21,,,,,,,,,replace==unaerp.br,,,,,,,,,,,,
,https://ror.org/0135d1r83,,,,,,,,,replace==yokohama-cu.ac.jp,,,,,,,,,,,,
,https://ror.org/05jb9pq57,,,,,,,replace==https://www.sdfmu.edu.cn/,,replace==sdfmu.edu.cn,,,,,,,,,,,,
,https://ror.org/04zrf7b53,,,,,,,,,replace==uni-kl.de,,,,,,,,,,,,
,https://ror.org/02af4h012,,,,,,,replace==https://jadavpuruniversity.in/,,replace==jadavpuruniversity.in,,,,,,,,,,,,
,https://ror.org/0091vmj44,,,,,,,replace==https://sbu.ac.ir,,replace==sbu.ac.ir,,,,,,,,,,,,
,https://ror.org/01jf74q70,,,,,,,,,replace==unesa.ac.id,,,,,,,,,,,,
,https://ror.org/03ds72003,,,,,,,,,replace==mitchellinstitute.org,,,,,,,,,,,,
,https://ror.org/01w0d5g70,,,,,,,,,replace==umkc.edu,,,,,,,,,,,,
,https://ror.org/02aaqv166,,,,,,,,,replace==knu.ua,,,,,,,,,,,,
,https://ror.org/051dzs374,,,,,,,,,replace==agr.gc.ca,,,,,,,,,,,,
,https://ror.org/03eh3y714,,,,,,,,,replace==psi.ch,,,,,,,,,,,,
,https://ror.org/00yhnba62,,,,,,,,,replace==qu.edu.qa,,,,,,,,,,,,
,https://ror.org/002v2kq79,,,,,,,,,replace==utfpr.edu.br,,,,,,,,,,,,
,https://ror.org/02bbd5539,,,,,,,,,replace==att.com,,,,,,,,,,,,
,https://ror.org/04k51q396,,,,,,,,,replace==usb.ch,,,,,,,,,,,,
,https://ror.org/02yzgww51,,,,,,,,,replace==ucr.ac.cr,,,,,,,,,,,,
,https://ror.org/01ch2yn61,,,,,,,,,replace==metoffice.gov.uk,,,,,,,,,,,,
,https://ror.org/005dvqh91,,,,,,,,,replace==nyulangone.org,,,,,,,,,,,,
,https://ror.org/02n0bts35,,,,,,,,,replace==medunigraz.at,,,,,,,,,,,,
,https://ror.org/05e94g991,,,,,,,,,replace==uillinois.edu,,,,,,,,,,,,
,https://ror.org/05sbt2524,,,,,,,replace==https://www.grenoble-inp.fr/,,replace==grenoble-inp.fr,,,,,,,,,,,,
,https://ror.org/00hpz7z43,,,,,,,,,replace==nmsu.edu,,,,,,,,,,,,
,https://ror.org/05nf86y53,,,,,,,,,replace==jaea.go.jp,,,,,,,,,,,,
,https://ror.org/059mq0909,,,,,,,,,replace==siemens.com,,,,,,,,,,,,
,https://ror.org/05031qk94,,,,,,,replace==https://www.tmu.edu.tw,,replace==tmu.edu.tw,,,,,,,,,,,,
,https://ror.org/04waqzz56,,,,,,,,,replace==mui.ac.ir,,,,,,,,,,,,
,https://ror.org/01papkj44,,,,,,,,,replace==tabrizu.ac.ir,,,,,,,,,,,,
,https://ror.org/04d4sd432,,,,,,,,,replace==usf.tn,,,,,,,,,,,,
,https://ror.org/00hs7dr46,,,,,,,,,replace==urfu.ru,,,,,,,,,,,,
,https://ror.org/01m1pv723,,,,,,,,,replace==hug.ch,,,,,,,,,,,,
,https://ror.org/01en4s460,,,,,,,,,replace==tcomn.com,,,,,,,,,,,,
,https://ror.org/03pt86f80,,,,,,,,,replace==i-med.ac.at,,,,,,,,,,,,
,https://ror.org/025h1m602,,,,,,,replace==https://www.konkuk.ac.kr/konkuk/index.do,,replace==konkuk.ac.kr,,,,,,,,,,,,
,https://ror.org/04sfka033,,,,,,,,,replace==mums.ac.ir,,,,,,,,,,,,
,https://ror.org/02r3e0967,,,,,,,,,replace==stjude.org,,,,,,,,,,,,
,https://ror.org/0078xmk34,,,,,,,,,replace==umontana.edu,,,,,,,,,,,,
,https://ror.org/01rmh9n78,,,,,,,,,replace==unh.edu,,,,,,,,,,,,
,https://ror.org/03kw9gc02,,,,,,,,,replace==amu.ac.in,,,,,,,,,,,,
,https://ror.org/0199hds37,,,,,,,,,replace==univ-paris13.fr,,,,,,,,,,,,
,https://ror.org/0457zbj98,,,,,,,,,replace==ouhsc.edu,,,,,,,,,,,,
,https://ror.org/054qv7y42,,,,,,,,,replace==bordeaux-inp.fr,,,,,,,,,,,,
,https://ror.org/053rcsq61,,,,,,,,,replace==acsir.res.in,,,,,,,,,,,,
,https://ror.org/01e7v7w47,,,,,,,,,replace==caluniv.ac.in,,,,,,,,,,,,
,https://ror.org/00f2txz25,,,,,,,replace==https://www.kitasato-u.ac.jp/,,replace==kitasato-u.ac.jp,,,,,,,,,,,,
,https://ror.org/01xf75524,,,,,,,,,replace==moffitt.org,,,,,,,,,,,,
,https://ror.org/03pfshj32,,,,,,,,,replace==muenchen-klinik.de,,,,,,,,,,,,
,https://ror.org/03ayjn504,,,,,,,,,replace==tec.mx,,,,,,,,,,,,
,https://ror.org/03gk81f96,,,,,,,replace==https://www.kmu.edu.tw,,replace==kmu.edu.tw,,,,,,,,,,,,
,https://ror.org/03ba28x55,,,,,,,,,replace==vallhebron.cat,,,,,,,,,,,,
,https://ror.org/00scwqd12,,,,,,,,,replace==mst.edu,,,,,,,,,,,,
,https://ror.org/02w0trx84,,,,,,,,,replace==montana.edu,,,,,,,,,,,,
,https://ror.org/034xvzb47,,,,,,,,,replace==fda.gov,,,,,,,,,,,,
,https://ror.org/038b8e254,,,,,,,,,replace==aau.edu.et,,,,,,,,,,,,
,https://ror.org/05ap66461,,,,,,,,,replace==us.edu,,,,,,,,,,,,
,https://ror.org/03hsf0573,,,,,,,,,replace==wm.edu,,,,,,,,,,,,
,https://ror.org/04j8yhy50,,,,,,,,,replace==scienceoxford.com,,,,,,,,,,,,
,https://ror.org/0371hy230,,,,,,,,,replace==icrea.cat,,,,,,,,,,,,
,https://ror.org/00z27jk27,,,,,,,replace==https://www.shutcm.edu.cn/,,replace==shutcm.edu.cn,,,,,,,,,,,,
,https://ror.org/02f9zrr09,,,,,,,,,replace==novartis.com,,,,,,,,,,,,
,https://ror.org/04mghma93,,,,,,,,,replace==hw.ac.uk,,,,,,,,,,,,
,https://ror.org/00saywf64,,,,,,,,,replace==gnu.ac.kr,,,,,,,,,,,,
,https://ror.org/058kzsd48,,,,,,,,,replace==uni-paderborn.de,,,,,,,,,,,,
,https://ror.org/00fq07k50,,,,,,,,,replace==unram.ac.id,,,,,,,,,,,,
,https://ror.org/044b0xj37,,,,,,,,,replace==upi.edu,,,,,,,,,,,,
,https://ror.org/00et6q107,,,,,,,,,replace==lpu.co.in,,,,,,,,,,,,
,https://ror.org/025vmq686,,,,,,,,,replace==pucrs.br,,,,,,,,,,,,
,https://ror.org/00n1nz186,,,,,,,replace==https://nrcki.ru/,,replace==nrcki.ru,,,,,,,,,,,,
,https://ror.org/04d5vba33,,,,,,,,,replace==utep.edu,,,,,,,,,,,,
,https://ror.org/02kyckx55,,,,,,,,,replace==uakron.edu,,,,,,,,,,,,
,https://ror.org/04qk6pt94,,,,,,,,,replace==wright.edu,,,,,,,,,,,,
,https://ror.org/05pr37258,,,,,,,,,replace==hsc.mb.ca,,,,,,,,,,,,
,https://ror.org/03ymy8z76,,,,,,,,,replace==vghtpe.gov.tw,,,,,,,,,,,,
,https://ror.org/047yk3s18,,,,,,,,,replace==cua.edu,,,,,,,,,,,,
,https://ror.org/05fzw1z08,,,,,,,replace==https://unm.ac.id/,,replace==unm.ac.id,,,,,,,,,,,,
,https://ror.org/01zvqw119,,,,,,,,,replace==aut.ac.nz,,,,,,,,,,,,
,https://ror.org/00rg70c39,,,,,,,,,replace==policlinicogemelli.it,,,,,,,,,,,,
,https://ror.org/05h1bnb22,,,,,,,,,replace==ndsu.edu,,,,,,,,,,,,
,https://ror.org/04fe7hy80,,,,,,,replace==https://www.xzhmu.edu.cn/,,replace==xzhmu.edu.cn,,,,,,,,,,,,
,https://ror.org/049kefs16,,,,,,,,,replace==siu.edu,,,,,,,,,,,,
,https://ror.org/0030f2a11,,,,,,,,,replace==uk-erlangen.de,,,,,,,,,,,,
,https://ror.org/04374qe70,,,,,,,,,replace==sickkidsfoundation.com,,,,,,,,,,,,
,https://ror.org/01sn1yx84,,,,,,,,,replace==unn.edu.ng,,,,,,,,,,,,
,https://ror.org/05t4pvx35,,,,,,,,,replace==cumail.in,,,,,,,,,,,,
,https://ror.org/03c62dg59,,,,,,,,,replace==toh.ca,,,,,,,,,,,,
,https://ror.org/01r22mr83,,,,,,,,,replace==ug.edu.gh,,,,,,,,,,,,
,https://ror.org/006vs7897,,,,,,,,,replace==unmsm.edu.pe,,,,,,,,,,,,
,https://ror.org/02ppyfa04,,,,,,,,,replace==chu-lille.fr,,,,,,,,,,,,
,https://ror.org/03dkvy735,,,,,,,,,replace==nymc.edu,,,,,,,,,,,,
,https://ror.org/02frkq021,,,,,,,,,replace==sb-ras.ru,,,,,,,,,,,,
,https://ror.org/0499dwk57,,,,,,,,,replace==roswellpark.org,,,,,,,,,,,,
,https://ror.org/05v4dza81,,,,,,,,,replace==usk.ac.id,,,,,,,,,,,,
,https://ror.org/044g6d731,,,,,,,,,replace==unipune.ac.in,,,,,,,,,,,,
,https://ror.org/01gyxrk03,,,,,,,,,replace==u-picardie.fr,,,,,,,,,,,,
,https://ror.org/00v0z9322,,,,,,,,,replace==mipt.ru,,,,,,,,,,,,
,https://ror.org/022gvg072,,,,,,,,,replace==unimed.ac.id,,,,,,,,,,,,
,https://ror.org/01cqmqj90,,,,,,,replace==https://www.hadassah.org.il/,,replace==hadassah.org.il,,,,,,,,,,,,
,https://ror.org/00rxpqe74,,,,,,,,,replace==providence.edu,,,,,,,,,,,,
,https://ror.org/01ek73717,,,,,,,,,replace==intel.com,,,,,,,,,,,,
,https://ror.org/03s9hs139,,,,,,,,,replace==iium.edu.my,,,,,,,,,,,,
,https://ror.org/00aft1q37,,,,,,,,,replace==sejong.ac.kr,,,,,,,,,,,,
,https://ror.org/013msgt25,,,,,,,,,replace==ge.com,,,,,,,,,,,,
,https://ror.org/00t60zh31,,,,,,,,,replace==kp.org,,,,,,,,,,,,
,https://ror.org/00sfmx060,,,,,,,replace==https://www.pucsp.br/home,,replace==pucsp.br,,,,,,,,,,,,
,https://ror.org/04w7skc03,,,,,,,,,replace==du.edu,,,,,,,,,,,,
,https://ror.org/02rktxt32,,,,,,,,,replace==rch.org.au,,,,,,,,,,,,
,https://ror.org/04t1cdb72,,,,,,,,,replace==igsnrr.ac.cn,,,,,,,,,,,,
,https://ror.org/02z5nhe81,,,,,,,,,replace==noaa.gov,,,,,,,,,,,,
,https://ror.org/03xddgg98,,,,,,,,,replace==imss.gob.mx,,,,,,,,,,,,
,https://ror.org/00af3sa43,,,,,,,,,replace==iut.ac.ir,,,,,,,,,,,,
,https://ror.org/04t0gwh46,,,,,,,,,replace==curie.fr,,,,,,,,,,,,
,https://ror.org/03ht1xw27,,,,,,,,,replace==tifr.res.in,,,,,,,,,,,,
,https://ror.org/04p2sbk06,,,,,,,,,replace==pu.ac.in,,,,,,,,,,,,
,https://ror.org/05v56p320,,,,,,,,,replace==um-tapsel.ac.id,,,,,,,,,,,,
,https://ror.org/01apvbh93,,,,,,,,,replace==akademiska.se,,,,,,,,,,,,
,https://ror.org/04ded0672,,,,,,,,,replace==unand.ac.id,,,,,,,,,,,,
,https://ror.org/031bsb921,,,,,,,,,replace==uni-mannheim.de,,,,,,,,,,,,
,https://ror.org/028ka0n85,,,,,,,,,replace==ufs.br,,,,,,,,,,,,
,https://ror.org/03cq4gr50,,,,,,,,,replace==kku.ac.th,,,,,,,,,,,,
,https://ror.org/05mxhda18,,,,,,,,,replace==uk-koeln.de,,,,,,,,,,,,
,https://ror.org/010b9wj87,,,,,,,,,replace==bmc.org,,,,,,,,,,,,
,https://ror.org/01qat3289,,,,,,,,,replace==lilly.com,,,,,,,,,,,,
,https://ror.org/02ys5x139,,,,,,,,,replace==ic.edu,,,,,,,,,,,,
,https://ror.org/01j7r2734,,,,,,,,,replace==union.org,,,,,,,,,,,,
,https://ror.org/0445phv87,,,,,,,,,replace==u-toyama.ac.jp,,,,,,,,,,,,
,https://ror.org/03893we55,,,,,,,,,replace==zstu.edu.cn,,,,,,,,,,,,
,https://ror.org/010hz0g26,,,,,,,,,replace==jichi.ac.jp,,,,,,,,,,,,
,https://ror.org/01fh86n78,,,,,,,,,replace==uanl.mx,,,,,,,,,,,,
,https://ror.org/03tn5ee41,,,,,,,,,replace==bu.edu.eg,,,,,,,,,,,,
,https://ror.org/04s9hft57,,,,,,,,,replace==qau.edu.pk,,,,,,,,,,,,
,https://ror.org/01856cw59,,,,,,,,,replace==ukmuenster.de,,,,,,,,,,,,
,https://ror.org/02x91aj62,,,,,,,,,replace==spbstu.ru,,,,,,,,,,,,
,https://ror.org/03yph8055,,,,,,,replace==https://www.csust.edu.cn,,replace==csust.edu.cn,,,,,,,,,,,,
,https://ror.org/0107w4315,,,,,,,,,replace==uchealth.org,,,,,,,,,,,,
,https://ror.org/044pcn091,,,,,,,,,replace==umc.edu,,,,,,,,,,,,
,https://ror.org/00a208s56,,,,,,,,,replace==tu-chemnitz.de,,,,,,,,,,,,
,https://ror.org/04hmn8g73,,,,,,,replace==https://www.bayer.com,,replace==bayer.com,,,,,,,,,,,,
,https://ror.org/01jkd3546,,,,,,,replace==https://www.lebedev.ru/,,replace==lebedev.ru,,,,,,,,,,,,
,https://ror.org/04tec8z30,,,,,,,,,replace==unirio.br,,,,,,,,,,,,
,https://ror.org/00c01js51,,,,,,,,,replace==osumc.edu,,,,,,,,,,,,
,https://ror.org/00v4yb702,,,,,,,,,replace==rit.edu,,,,,,,,,,,,
,https://ror.org/03etyjw28,,,,,,,,,replace==javeriana.edu.co,,,,,,,,,,,,
,https://ror.org/03eqttr49,,,,,,,,,replace==rtp.org,,,,,,,,,,,,
,https://ror.org/04yrqp957,,,,,,,,,replace==univ-angers.fr,,,,,,,,,,,,
,https://ror.org/040kfrw16,,,,,,,,,replace==upstate.edu,,,,,,,,,,,,
,https://ror.org/00cb3km46,,,,,,,,,replace==snubh.org,,,,,,,,,,,,
,https://ror.org/05rxmkq09,,,,,,,,,replace==fundacen.org.ar,,,,,,,,,,,,
,https://ror.org/05jhnwe22,,,,,,,,,replace==ecu.edu.au,,,,,,,,,,,,
,https://ror.org/02hssy432,,,,,,,replace==https://www.iss.it/,,replace==iss.it,,,,,,,,,,,,
,https://ror.org/01g5y5k24,,,,,,,,,replace==kek.jp,,,,,,,,,,,,
,https://ror.org/014zrew76,,,,,,,,,replace==univ-orleans.fr,,,,,,,,,,,,
,https://ror.org/02ksmb993,,,,,,,,,replace==ufrpe.br,,,,,,,,,,,,
,https://ror.org/05b0cyh02,,,,,,,,,replace==pnu.edu.sa,,,,,,,,,,,,
,https://ror.org/00prkya54,,,,,,,,,replace==dicp.ac.cn,,,,,,,,,,,,
,https://ror.org/0130jk839,,,,,,,,,replace==uhhospitals.org,,,,,,,,,,,,
,https://ror.org/04w8z7f34,,,,,,,,,replace==mephi.ru,,,,,,,,,,,,
,https://ror.org/038c3w259,,,,,,,,,replace==kmmu.edu.cn,,,,,,,,,,,,
,https://ror.org/05cvf7v30,,,,,,,,,replace==iphy.ac.cn,,,,,,,,,,,,
,https://ror.org/04cgczp52,,,,,,,,,replace==tplondon.com,,,,,,,,,,,,
,https://ror.org/05sjrb944,,,,,,,,,replace==menofia.edu.eg,,,,,,,,,,,,
,https://ror.org/05gzceg21,,,,,,,,,replace==ku.ac.th,,,,,,,,,,,,
,https://ror.org/0366d2847,,,,,,,,,replace==ufms.br,,,,,,,,,,,,
,https://ror.org/00q1fsf04,,,,,,,,,replace==unimedizin-mainz.de,,,,,,,,,,,,
,https://ror.org/02ma57s91,,,,,,,,,replace==usach.cl,,,,,,,,,,,,
,https://ror.org/05arjae42,,,,,,,,,replace==guet.edu.cn,,,,,,,,,,,,
,https://ror.org/05twwhs70,,,,,,,replace==https://www.sgcc.com.cn/,,replace==sgcc.com.cn,,,,,,,,,,,,
,https://ror.org/057q6n778,,,,,,,replace==https://www.dongguk.edu/,,replace==dongguk.edu,,,,,,,,,,,,
,https://ror.org/03panb555,,,,,,,replace==http://www.lut.edu.cn/,,replace==lut.edu.cn,,,,,,,,,,,,
,https://ror.org/04epb4p87,,,,,,,replace==https://www.zcmu.edu.cn/,,replace==zcmu.edu.cn,,,,,,,,,,,,
,https://ror.org/05h9t7759,,,,,,,,,replace==ui.ac.ir,,,,,,,,,,,,
,https://ror.org/05bhmhz54,,,,,,,,,replace==yangtzeu.edu.cn,,,,,,,,,,,,
,https://ror.org/05gt1vc06,,,,,,,,,replace==howard.edu,,,,,,,,,,,,
,https://ror.org/00kwnx126,,,,,,,,,replace==ufpi.br,,,,,,,,,,,,
,https://ror.org/05wv2vq37,,,,,,,,,replace==du.ac.bd,,,,,,,,,,,,
,https://ror.org/03v8tnc06,,,,,,,,,replace==ihep.ac.cn,,,,,,,,,,,,
,https://ror.org/057xmsr27,,,,,,,replace==https://www.vcuhealth.org,,replace==vcuhealth.org,,,,,,,,,,,,
,https://ror.org/050jn9y42,,,,,,,,,replace==insa-lyon.fr,,,,,,,,,,,,
,https://ror.org/059n1d175,,,,,,,,,replace==santpau.cat,,,,,,,,,,,,
,https://ror.org/04gh4er46,,,,,,,,,replace==siat.ac.cn,,,,,,,,,,,,
,https://ror.org/00s13br28,,,,,,,,,replace==htu.edu.cn,,,,,,,,,,,,
,https://ror.org/04jzmdh37,,,,,,,,,replace==cepr.org,,,,,,,,,,,,
,https://ror.org/03x42jk29,,,,,,,,,replace==univ-eiffel.fr,,,,,,,,,,,,
,https://ror.org/000qzf213,,,,,,,,,replace==ust.ac.kr,,,,,,,,,,,,
,https://ror.org/01tgmhj36,,,,,,,,,replace==coventry.ac.uk,,,,,,,,,,,,
,https://ror.org/04ezk3x31,,,,,,,,,replace==univ-tlse2.fr,,,,,,,,,,,,
,https://ror.org/04txgxn49,,,,,,,,,replace==itmo.ru,,,,,,,,,,,,
,https://ror.org/0433kqc49,,,,,,,replace==https://www.pknu.ac.kr/main,,replace==pknu.ac.kr,,,,,,,,,,,,
,https://ror.org/00dna7t83,,,,,,,,,replace==ufal.br,,,,,,,,,,,,
,https://ror.org/047bp1713,,,,,,,,,replace==nuc.edu.cn,,,,,,,,,,,,
,https://ror.org/03w2j5y17,,,,,,,,,replace==nust.edu.pk,,,,,,,,,,,,
,https://ror.org/00h52n341,,,,,,,,,replace==ciac.ac.cn,,,,,,,,,,,,
,https://ror.org/019sbgd69,,,,,,,,,replace==gumed.edu.pl,,,,,,,,,,,,
,https://ror.org/03fd77x13,,,,,,,,,replace==in2p3.fr,,,,,,,,,,,,
,https://ror.org/01hgg7b81,,,,,,,,,replace==unj.ac.id,,,,,,,,,,,,
,https://ror.org/01hv94n30,,,,,,,replace==http://www.rjh.com.cn/,,replace==rjh.com.cn,,,,,,,,,,,,
,https://ror.org/0400g8r85,,,,,,,,,replace==sysucc.org.cn,,,,,,,,,,,,
,https://ror.org/00wfvh315,,,,,,,,,replace==csu.edu.au,,,,,,,,,,,,
,https://ror.org/042t93s57,,,,,,,,,replace==iit.it,,,,,,,,,,,,
,https://ror.org/04031z735,,,,,,,,,replace==ub.edu.br,,,,,,,,,,,,
,https://ror.org/02y9nww90,,,,,,,,,replace==uonbi.ac.ke,,,,,,,,,,,,
,https://ror.org/029nkcm90,,,,,,,,,replace==obspm.fr,,,,,,,,,,,,
,https://ror.org/04dpnfr42,,,,,,,,,replace==johnsonu.edu,,,,,,,,,,,,
,https://ror.org/01k40cz91,,,,,,,,,replace==normandie-univ.fr,,,,,,,,,,,,
,https://ror.org/01f677e56,,,,,,,,,replace==sintef.no,,,,,,,,,,,,
,https://ror.org/01gaw2478,,,,,,,,,replace==teikyo-u.ac.jp,,,,,,,,,,,,
,https://ror.org/029pp9z10,,,,,,,,,replace==jhuapl.edu,,,,,,,,,,,,
,https://ror.org/02jv3k292,,,,,,,,,replace==uni-sofia.bg,,,,,,,,,,,,
,https://ror.org/00s409261,,,,,,,,,replace==uninsubria.it,,,,,,,,,,,,
,https://ror.org/02ed4cj64,,,,,,,,,replace==creativecommons.org,,,,,,,,,,,,
,https://ror.org/033ztpr93,,,,,,,,,replace==ttuhsc.edu,,,,,,,,,,,,
,https://ror.org/043jzw605,,,,,,,,,replace==icr.ac.uk,,,,,,,,,,,,
,https://ror.org/04qmmjx98,,,,,,,,,replace==uni-osnabrueck.de,,,,,,,,,,,,
,https://ror.org/039ygjf22,,,,,,,,,replace==jikei.ac.jp,,,,,,,,,,,,
,https://ror.org/048y1rc66,,,,,,,,,replace==iccas.ac.cn,,,,,,,,,,,,
,https://ror.org/03qb7bg95,,,,,,,replace==https://www.gzucm.edu.cn/,,replace==gzucm.edu.cn,,,,,,,,,,,,
,https://ror.org/02mr3ar13,,,,,,,,,replace==sdut.edu.cn,,,,,,,,,,,,
,https://ror.org/00013q465,,,,,,,,,replace==pucp.edu.pe,,,,,,,,,,,,
,https://ror.org/04jr01610,,,,,,,,,replace==carnegiescience.edu,,,,,,,,,,,,
,https://ror.org/05dwj7825,,,,,,,,,replace==istitutotumori.mi.it,,,,,,,,,,,,
,https://ror.org/022zbs961,,,,,,,,,replace==univ-yaounde1.cm,,,,,,,,,,,,
,https://ror.org/00nk7p507,,,,,,,,,replace==unri.ac.id,,,,,,,,,,,,
,https://ror.org/027zt9171,,,,,,,,,replace==houstonmethodist.org,,,,,,,,,,,,
,https://ror.org/0419nfc77,,,,,,,,,replace==ctgu.edu.cn,,,,,,,,,,,,
,https://ror.org/03ryywt80,,,,,,,replace==https://www.gachon.ac.kr,,replace==gachon.ac.kr,,,,,,,,,,,,
,https://ror.org/05hffr360,,,,,,,,,replace==ku.ac.ae,,,,,,,,,,,,
,https://ror.org/03hamhx47,,,,,,,,,replace==uml.edu,,,,,,,,,,,,
,https://ror.org/04b181w54,,,,,,,,,replace==vtt.fi,,,,,,,,,,,,
,https://ror.org/00cb23x68,,,,,,,,,replace==knust.edu.gh,,,,,,,,,,,,
,https://ror.org/041rhpw39,,,,,,,,,replace==chu-grenoble.fr,,,,,,,,,,,,
,https://ror.org/02mhbdp94,,,,,,,,,replace==uniandes.edu.co,,,,,,,,,,,,
,https://ror.org/018yw5541,,,,,,,,,replace==qdio.ac.cn,,,,,,,,,,,,
,https://ror.org/036cy3843,,,,,,,,,replace==filmindependent.org,,,,,,,,,,,,
,https://ror.org/00965bg92,,,,,,,,,replace==ni.ac.rs,,,,,,,,,,,,
,https://ror.org/03e10x626,,,,,,,,,replace==uib.es,,,,,,,,,,,,
,https://ror.org/03rpsvy57,,,,,,,,,replace==rcees.ac.cn,,,,,,,,,,,,
,https://ror.org/01tv9ph92,,,,,,,replace==https://sfedu.ru/,,replace==sfedu.ru,,,,,,,,,,,,
,https://ror.org/02g87qh62,,,,,,,,,replace==ciberisciii.es,,,,,,,,,,,,
,https://ror.org/053v2gh09,,,,,,,replace==https://www.xyeyy.com/,,replace==xyeyy.com,,,,,,,,,,,,
,https://ror.org/02syg0q74,,,,,,,,,replace==hirosaki-u.ac.jp,,,,,,,,,,,,
,https://ror.org/059x21724,,,,,,,,,replace==yamanashi.ac.jp,,,,,,,,,,,,
,https://ror.org/03np4e098,,,,,,,replace==https://www.helse-bergen.no/,,replace==helse-bergen.no,,,,,,,,,,,,
,https://ror.org/05hpfkn88,,,,,,,,,replace==furg.br,,,,,,,,,,,,
,https://ror.org/054d77k59,,,,,,,,,replace==uaf.edu.pk,,,,,,,,,,,,
,https://ror.org/05269d038,,,,,,,,,replace==cnpc.com.cn,,,,,,,,,,,,
,https://ror.org/05hcacp57,,,,,,,,,replace==arc.sci.eg,,,,,,,,,,,,
,https://ror.org/001kjn539,,,,,,,replace==https://www.svhm.org.au/,,replace==svhm.org.au,,,,,,,,,,,,
,https://ror.org/01hhf7w52,,,,,,,,,replace==iiti.ac.in,,,,,,,,,,,,
,https://ror.org/032fk0x53,,,,,,,,,replace==urmia.ac.ir,,,,,,,,,,,,
,https://ror.org/04a5szx83,,,,,,,,,replace==und.edu,,,,,,,,,,,,
,https://ror.org/0561n6946,,,,,,,,,replace==acad.ro,,,,,,,,,,,,
,https://ror.org/001q4kn48,,,,,,,,,replace==univh2c.ma,,,,,,,,,,,,
,https://ror.org/02m82p074,,,,,,,,,replace==suez.edu.eg,,,,,,,,,,,,
,https://ror.org/03f6n9m15,,,,,,,,,replace==unimedizin-ffm.de,,,,,,,,,,,,
,https://ror.org/03y8mtb59,,,,,,,,,replace==just.edu.jo,,,,,,,,,,,,
,https://ror.org/026ny0e17,,,,,,,,,replace==ec.gc.ca,,,,,,,,,,,,
,https://ror.org/035rzkx15,,,,,,,replace==https://www.uniklinikum-jena.de/,,replace==uniklinikum-jena.de,,,,,,,,,,,,
,https://ror.org/05m4rmw09,,,,,,,,,replace==imf.org,,,,,,,,,,,,
,https://ror.org/031699d98,,,,,,,,,replace==pnu.ac.ir,,,,,,,,,,,,
,https://ror.org/048fyec77,,,,,,,,,replace==mcri.edu.au,,,,,,,,,,,,
,https://ror.org/04gqg1a07,,,,,,,,,replace==univ-smb.fr,,,,,,,,,,,,
,https://ror.org/05h9q1g27,,,,,,,,,replace==txstate.edu,,,,,,,,,,,,
,https://ror.org/057xtrt18,,,,,,,,,replace==kurume-u.ac.jp,,,,,,,,,,,,
,https://ror.org/00pb8h375,,,,,,,replace==https://www.bmstu.ru/,,replace==bmstu.ru,,,,,,,,,,,,
,https://ror.org/03zjqec80,,,,,,,,,replace==hss.edu,,,,,,,,,,,,
,https://ror.org/03mzw7781,,,,,,,,,replace==jlmu.cn,,,,,,,,,,,,
,https://ror.org/00jpq0w62,,,,,,,,,replace==chu-tours.fr,,,,,,,,,,,,
,https://ror.org/03cnmz153,,,,,,,,,replace==ums.ac.id,,,,,,,,,,,,
,https://ror.org/02bv3zr67,,,,,,,,,replace==hbni.ac.in,,,,,,,,,,,,
,https://ror.org/00xwgyp12,,,,,,,,,replace==ufrrj.br,,,,,,,,,,,,
,https://ror.org/026sv7t11,,,,,,,,,replace==qnlm.ac,,,,,,,,,,,,
,https://ror.org/04za5zm41,,,,,,,,,replace==ukdd.de,,,,,,,,,,,,
,https://ror.org/0542q3127,,,,,,,,,replace==lpnu.ua,,,,,,,,,,,,
,https://ror.org/0447kww10,,,,,,,,,replace==miyazaki-u.ac.jp,,,,,,,,,,,,
,https://ror.org/037cnag11,,,,,,,,,replace==umsl.edu,,,,,,,,,,,,
,https://ror.org/048g2sh07,,,,,,,,,replace==utp.edu.my,,,,,,,,,,,,
,https://ror.org/03thb3e06,,,,,,,,,replace==amnh.org,,,,,,,,,,,,
,https://ror.org/05d80e146,,,,,,,,,replace==swmconline.com,,,,,,,,,,,,
,https://ror.org/04xf6nm78,,,,,,,replace==https://www.uca.ma/,,replace==uca.ac.ma,,,,,,,,,,,,
,https://ror.org/01c1p1v81,,,,,,,,,replace==upgris.ac.id,,,,,,,,,,,,
,https://ror.org/04d7es448,,,,,,,,,replace==hsanmartino.it,,,,,,,,,,,,
,https://ror.org/035adwg89,,,,,,,,,replace==pkuph.edu.cn,,,,,,,,,,,,
,https://ror.org/02t1bej08,,,,,,,,,replace==monashhealth.org,,,,,,,,,,,,
,https://ror.org/01s7y5e82,,,,,,,,,replace==lnu.edu.ua,,,,,,,,,,,,
,https://ror.org/036j6sg82,,,,,,,,,replace==sgh.com.sg,,,,,,,,,,,,
,https://ror.org/04zb31v77,,,,,,,replace==https://www.saitama-med.ac.jp/,,replace==saitama-med.ac.jp,,,,,,,,,,,,
,https://ror.org/03ydkyb10,,,,,,,,,replace==wisconsin.edu,,,,,,,,,,,,
,https://ror.org/05mx0wr29,,,,,,,,,replace==zust.edu.cn,,,,,,,,,,,,
,https://ror.org/0567t7073,,,,,,,,,replace==fccc.edu,,,,,,,,,,,,
,https://ror.org/03a9t7g49,,,,,,,,,replace==jacksonvillecollege.edu,,,,,,,,,,,,
,https://ror.org/04eq83d71,,,,,,,,,replace==henau.edu.cn,,,,,,,,,,,,
,https://ror.org/03sbhge02,,,,,,,replace==https://www.hallym.ac.kr/,,replace==hallym.ac.kr,,,,,,,,,,,,
,https://ror.org/04tqgg260,,,,,,,,,replace==fh-aachen.de,,,,,,,,,,,,
,https://ror.org/05w1q1c88,,,,,,,,,replace==smatteo.pv.it,,,,,,,,,,,,
,https://ror.org/00q2w1j53,,,,,,,,,replace==isical.ac.in,,,,,,,,,,,,
,https://ror.org/028kg9j04,,,,,,,,,replace==ufabc.edu.br,,,,,,,,,,,,
,https://ror.org/019apvn83,,,,,,,,,replace==abu.edu.ng,,,,,,,,,,,,
,https://ror.org/05ne20t07,,,,,,,,,replace==unioeste.br,,,,,,,,,,,,
,https://ror.org/02263ky35,,,,,,,,,replace==ufam.edu.br,,,,,,,,,,,,
,https://ror.org/042bbge36,,,,,,,,,replace==nova.edu,,,,,,,,,,,,
,https://ror.org/039cf4q47,,,,,,,,,replace==uomosul.edu.iq,,,,,,,,,,,,
,https://ror.org/04j7mzp05,,,,,,,,,replace==kagawa-u.ac.jp,,,,,,,,,,,,
,https://ror.org/02wsd5p50,,,,,,,,,replace==vast.vn,,,,,,,,,,,,
,https://ror.org/00gtmwv55,,,,,,,,,replace==bms.com,,,,,,,,,,,,
,https://ror.org/05v1y0t93,,,,,,,,,replace==cjlu.edu.cn,,,,,,,,,,,,
,https://ror.org/0291ys696,,,,,,,,,replace==miunited.org,,,,,,,,,,,,
,https://ror.org/005r2ww51,,,,,,,,,replace==siu.edu.in,,,,,,,,,,,,
,https://ror.org/00epner96,,,,,,,replace==https://bellvitgehospital.cat/,,replace==bellvitgehospital.cat,,,,,,,,,,,,
,https://ror.org/01bzgdw81,,,,,,,,,replace==iari.res.in,,,,,,,,,,,,
,https://ror.org/03nm9bt69,,,,,,,,,replace==howelllabs.com,,,,,,,,,,,,
,https://ror.org/04j14t006,,,,,,,,,replace==requimte.pt,,,,,,,,,,,,
,https://ror.org/03pm18j10,,,,,,,,,replace==hofstra.edu,,,,,,,,,,,,
,https://ror.org/005ta0471,,,,,,,,,replace==infn.it,,,,,,,,,,,,
,https://ror.org/01y3hvq34,,,,,,,,,replace==sioc.ac.cn,,,,,,,,,,,,
,https://ror.org/02bxt4m23,,,,,,,,,replace==northwell.edu,,,,,,,,,,,,
,https://ror.org/02bbqcn27,,,,,,,,,replace==kcs.org.uk,,,,,,,,,,,,
,https://ror.org/04nd58p63,,,,,,,,,replace==tlvmc.gov.il,,,,,,,,,,,,
,https://ror.org/05kacnm89,,,,,,,,,replace==ucv.ve,,,,,,,,,,,,
,https://ror.org/01h7cca57,,,,,,,,,replace==sapmed.ac.jp,,,,,,,,,,,,
,https://ror.org/054225q67,,,,,,,,,replace==cancer.org.uk,,,,,,,,,,,,
,https://ror.org/04f812k67,,,,,,,,,replace==paloaltou.edu,,,,,,,,,,,,
,https://ror.org/04ymgwq66,,,,,,,,,replace==cczu.edu.cn,,,,,,,,,,,,
,https://ror.org/05y503v71,,,,,,,,,replace==inra.org.ma,,,,,,,,,,,,
,https://ror.org/00sec1m50,,,,,,,,,replace==uece.br,,,,,,,,,,,,
,https://ror.org/05g3mes96,,,,,,,,,replace==lu.lv,,,,,,,,,,,,
,https://ror.org/0077k1j32,,,,,,,,,replace==mnit.ac.in,,,,,,,,,,,,
,https://ror.org/02vr0ne26,,,,,,,,,replace==ieo.it,,,,,,,,,,,,
,https://ror.org/02x1vjk79,,,,,,,,,replace==pucpr.br,,,,,,,,,,,,
,https://ror.org/02j1m6098,,,,,,,,,replace==duke-nus.edu.sg,,,,,,,,,,,,
,https://ror.org/02k949197,,,,,,,,,replace==kluniversity.in,,,,,,,,,,,,
,https://ror.org/05crbcr45,,,,,,,,,replace==nodai.ac.jp,,,,,,,,,,,,
,https://ror.org/007phxq15,,,,,,,,,replace==ioc.ac.ru,,,,,,,,,,,,
,https://ror.org/00d1dhh09,,,,,,,,,replace==hitchcock.org,,,,,,,,,,,,
,https://ror.org/00f2z7n96,,,,,,,,,replace==rand.org,,,,,,,,,,,,
,https://ror.org/013e0zm98,,,,,,,,,replace==btbu.edu.cn,,,,,,,,,,,,
,https://ror.org/01njes783,,,,,,,,,replace==seattlechildrens.org,,,,,,,,,,,,
,https://ror.org/01zt9a375,,,,,,,,,replace==chosun.ac.kr,,,,,,,,,,,,
,https://ror.org/02d5ks197,,,,,,,,,replace==cuhk.edu.cn,,,,,,,,,,,,
,https://ror.org/02hcv4z63,,,,,,,,,replace==mu.edu.eg,,,,,,,,,,,,
,https://ror.org/039zxt351,,,,,,,,,replace==hsr.it,,,,,,,,,,,,
,https://ror.org/018159086,,,,,,,replace==https://rsmu.ru/,,replace==rsmu.ru,,,,,,,,,,,,
,https://ror.org/04kf58w92,,,,,,,,,replace==autonomoushealthcare.com,,,,,,,,,,,,
,https://ror.org/0327f3359,,,,,,,,,replace==ahau.edu.cn,,,,,,,,,,,,
,https://ror.org/026er9r08,,,,,,,,,replace==lmco.com,,,,,,,,,,,,
,https://ror.org/038cy8j79,,,,,,,,,replace==iau.edu.sa,,,,,,,,,,,,
,https://ror.org/029ycp228,,,,,,,,,replace==uach.cl,,,,,,,,,,,,
,https://ror.org/00bx3rb98,,,,,,,,,replace==cma.gov.cn,,,,,,,,,,,,
,https://ror.org/02tphfq59,,,,,,,,,replace==unr.edu.ar,,,,,,,,,,,,
,https://ror.org/04efg9a07,,,,,,,replace==https://www.usmba.ac.ma/,,replace==usmba.ac.ma,,,,,,,,,,,,
,https://ror.org/01k5qnb77,,,,,,,,,replace==rki.de,,,,,,,,,,,,
,https://ror.org/05ctmmy43,,,,,,,,,replace==unisinos.br,,,,,,,,,,,,
,https://ror.org/03qjsrb10,,,,,,,,,replace==sch.ac.kr,,,,,,,,,,,,
,https://ror.org/01cnqpt53,,,,,,,,,replace==jainuniversity.ac.in,,,,,,,,,,,,
,https://ror.org/00k8zt527,,,,,,,,,replace==kiit.ac.in,,,,,,,,,,,,
,https://ror.org/02xtbq882,,,,,,,,,replace==itp.ac.cn,,,,,,,,,,,,
,https://ror.org/03a6zw892,,,,,,,,,replace==luriechildrens.org,,,,,,,,,,,,
,https://ror.org/01226dv09,,,,,,,,,replace==ukr.de,,,,,,,,,,,,
,https://ror.org/01h5tnr73,,,,,,,,,replace==battelle.org,,,,,,,,,,,,
,https://ror.org/00w6g5w60,,,,,,,,,replace==coh.org,,,,,,,,,,,,
,https://ror.org/02s6gs133,,,,,,,,,replace==ime.ac.cn,,,,,,,,,,,,
,https://ror.org/05vhczg54,,,,,,,replace==https://www.fcu.edu.tw,,replace==fcu.edu.tw,,,,,,,,,,,,
,https://ror.org/03e71c577,,,,,,,,,replace==camh.ca,,,,,,,,,,,,
,https://ror.org/04aercx33,,,,,,,,,replace==han.net.br,,,,,,,,,,,,
,https://ror.org/028hv5492,,,,,,,,,replace==uniklinik-leipzig.de,,,,,,,,,,,,
,https://ror.org/01xv1nn60,,,,,,,,,replace==taibahu.edu.sa,,,,,,,,,,,,
,https://ror.org/05qec5a53,,,,,,,replace==https://www.chu-rennes.fr/,,replace==chu-rennes.fr,,,,,,,,,,,,
,https://ror.org/0385nmy68,,,,,,,replace==https://www.miit.gov.cn/,,replace==miit.gov.cn,,,,,,,,,,,,
,https://ror.org/00mj9k629,,,,,,,,,replace==childrenscolorado.org,,,,,,,,,,,,
,https://ror.org/0079gpv38,,,,,,,,,replace==uaemex.mx,,,,,,,,,,,,
,https://ror.org/05pn4yv70,,,,,,,,,replace==bsu.edu.eg,,,,,,,,,,,,
,https://ror.org/00tjv0s33,,,,,,,,,replace==kmu.ac.kr,,,,,,,,,,,,
,https://ror.org/027de2r94,,,,,,,,,replace==radenintan.ac.id,,,,,,,,,,,,
,https://ror.org/045495t75,,,,,,,,,replace==ifo.de,,,,,,,,,,,,
,https://ror.org/02dqztz06,,,,,,,,,replace==epri.com,,,,,,,,,,,,
,https://ror.org/02m9vrb24,,,,,,,replace==https://english.hnust.edu.cn/,,replace==hnust.edu.cn,,,,,,,,,,,,
,https://ror.org/047wbd030,,,,,,,,,replace==h-da.de,,,,,,,,,,,,
,https://ror.org/05s570m15,,,,,,,,,replace==sri.com,,,,,,,,,,,,
,https://ror.org/05gxjyb39,,,,,,,,,replace==imamu.edu.sa,,,,,,,,,,,,
,https://ror.org/03ny67e60,,,,,,,,,replace==ioe.edu.np,,,,,,,,,,,,
,https://ror.org/01zy2cs03,,,,,,,,,replace==hzdr.de,,,,,,,,,,,,
,https://ror.org/01defpn95,,,,,,,,,replace==sathyabama.ac.in,,,,,,,,,,,,
,https://ror.org/04wjghj95,,,,,,,,,replace==cmu1h.com,,,,,,,,,,,,
,https://ror.org/059qg2m13,,,,,,,,,replace==jamstec.go.jp,,,,,,,,,,,,
,https://ror.org/00ndx3g44,,,,,,,,,replace==hama-med.ac.jp,,,,,,,,,,,,
,https://ror.org/01ss10648,,,,,,,,,replace==uum.edu.my,,,,,,,,,,,,
,https://ror.org/02qp5k481,,,,,,,,,replace==iqt.org,,,,,,,,,,,,
,https://ror.org/01bdr6121,,,,,,,,,replace==guilan.ac.ir,,,,,,,,,,,,
,https://ror.org/025z8ah66,,,,,,,replace==https://www.publichealthontario.ca/,,replace==oahpp.ca,,,,,,,,,,,,
,https://ror.org/05nkgk822,,,,,,,replace==https://www.jxnu.edu.cn/,,replace==jxnu.edu.cn,,,,,,,,,,,,
,https://ror.org/0028v3876,,,,,,,,,replace==ccu.edu.tw,,,,,,,,,,,,
,https://ror.org/05aspc753,,,,,,,,,replace==marionegri.it,,,,,,,,,,,,
,https://ror.org/05s04wy35,,,,,,,,,replace==uomustansiriyah.edu.iq,,,,,,,,,,,,
,https://ror.org/056s65p46,,,,,,,,,replace==ufop.edu.br,,,,,,,,,,,,
,https://ror.org/05n0wgt02,,,,,,,,,replace==kfshrc.edu.sa,,,,,,,,,,,,
,https://ror.org/03763ep67,,,,,,,replace==https://www.chp.edu/,,replace==chp.edu,,,,,,,,,,,,
,https://ror.org/01xcepn55,,,,,,,,,replace==exxonmobil.com,,,,,,,,,,,,
,https://ror.org/01frn9647,,,,,,,,,replace==univ-pau.fr,,,,,,,,,,,,
,https://ror.org/02gm5zw39,,,,,,,,,replace==ukaachen.de,,,,,,,,,,,,
,https://ror.org/05c1qsg97,,,,,,,,,replace==chu-nantes.fr,,,,,,,,,,,,
,https://ror.org/048nfjm95,,,,,,,,,replace==mu.ie,,,,,,,,,,,,
,https://ror.org/00gtcbp88,,,,,,,,,replace==upe.br,,,,,,,,,,,,
,https://ror.org/01cc3fy72,,,,,,,,,replace==ikerbasque.net,,,,,,,,,,,,
,https://ror.org/02gh4kt33,,,,,,,,,replace==inaf.it,,,,,,,,,,,,
,https://ror.org/040dky007,,,,,,,,,replace==iict.res.in,,,,,,,,,,,,
,https://ror.org/009ywjj88,,,,,,,,,replace==criminnesota.com,,,,,,,,,,,,
,https://ror.org/04ysmca02,,,,,,,,,replace==irvine.edu,,,,,,,,,,,,
,https://ror.org/05rfqv493,,,,,,,,,replace==etsu.edu,,,,,,,,,,,,
,https://ror.org/00cf0ab87,,,,,,,,,replace==seu.edu.bd,,,,,,,,,,,,
,https://ror.org/002rc4w13,,,,,,,,,replace==iub.edu.pk,,,,,,,,,,,,
,https://ror.org/012dxyr07,,,,,,,replace==https://urk.edu.pl/,,replace==urk.edu.pl,,,,,,,,,,,,
,https://ror.org/000pmrk50,,,,,,,,,replace==uii.ac.id,,,,,,,,,,,,
,https://ror.org/051hvcm98,,,,,,,replace==http://www.jsnu.edu.cn/,,replace==jsnu.edu.cn,,,,,,,,,,,,
,https://ror.org/04gqx4x78,,,,,,,,,replace==unicampus.it,,,,,,,,,,,,
,https://ror.org/02eq2w707,,,,,,,,,replace==nas.edu,,,,,,,,,,,,
,https://ror.org/00qps9a02,,,,,,,,,replace==ingv.it,,,,,,,,,,,,
,https://ror.org/045x93337,,,,,,,,,replace==yu.edu,,,,,,,,,,,,
,https://ror.org/056ep7w45,,,,,,,replace==https://www.soa.ac.in/,,replace==soa.ac.in,,,,,,,,,,,,
,https://ror.org/0175hh227,,,,,,,,,replace==lecnam.net,,,,,,,,,,,,
,https://ror.org/02qa1x782,,,,,,,,,replace==dfo-mpo.gc.ca,,,,,,,,,,,,
,https://ror.org/02j89k719,,,,,,,,,replace==fjirsm.ac.cn,,,,,,,,,,,,
,https://ror.org/01jepya76,,,,,,,,,replace==westpoint.edu,,,,,,,,,,,,
,https://ror.org/01a3mef16,,,,,,,,,replace==pondiuni.edu.in,,,,,,,,,,,,
,https://ror.org/031t5w623,,,,,,,replace==https://dzhk.de/,,replace==dzhk.de,,,,,,,,,,,,
,https://ror.org/045ysha14,,,,,,,,,replace==naramed-u.ac.jp,,,,,,,,,,,,
,https://ror.org/00b5m4j81,,,,,,,,,replace==shell.com,,,,,,,,,,,,
,https://ror.org/038a1tp19,,,,,,,,,replace==asia.edu.tw,,,,,,,,,,,,
,https://ror.org/023q4bk22,,,,,,,,,replace==cqu.edu.au,,,,,,,,,,,,
,https://ror.org/01w1ehb86,,,,,,,,,replace==uotechnology.edu.iq,,,,,,,,,,,,
,https://ror.org/037skf023,,,,,,,,,replace==srmuniversity.ac.in,,,,,,,,,,,,
,https://ror.org/03j1rr444,,,,,,,,,replace==pucminas.br,,,,,,,,,,,,
,https://ror.org/04wn28048,,,,,,,,,replace==utulsa.edu,,,,,,,,,,,,
,https://ror.org/03jzs4815,,,,,,,,,replace==ineos.ac.ru,,,,,,,,,,,,
,https://ror.org/00bgtad15,,,,,,,,,replace==stjohns.edu,,,,,,,,,,,,
,https://ror.org/01vhnrs90,,,,,,,,,replace==mpia.de,,,,,,,,,,,,
,https://ror.org/04hrrh248,,,,,,,,,replace==impan.pl,,,,,,,,,,,,
,https://ror.org/038s1ax16,,,,,,,,,replace==templecollege.edu,,,,,,,,,,,,
,https://ror.org/02r6pfc06,,,,,,,,,replace==unizik.edu.ng,,,,,,,,,,,,
,https://ror.org/05x6rt433,,,,,,,,,replace==unpam.ac.id,,,,,,,,,,,,
,https://ror.org/01me6gb93,,,,,,,replace==https://en.ktu.edu,,replace==ktu.lt,,,,,,,,,,,,
,https://ror.org/0314qy595,,,,,,,,,replace==shanghai-electric.com,,,,,,,,,,,,
,https://ror.org/051qwcj72,,,,,,,,,replace==qau.edu.cn,,,,,,,,,,,,
,https://ror.org/00chfja07,,,,,,,,,replace==seoultech.ac.kr,,,,,,,,,,,,
,https://ror.org/03x8rhq63,,,,,,,,,replace==impcas.ac.cn,,,,,,,,,,,,
,https://ror.org/01pvt8a36,,,,,,,,,replace==experimentalstation.org,,,,,,,,,,,,
,https://ror.org/0111f7045,,,,,,,,,replace==ippcaas.cn,,,,,,,,,,,,
,https://ror.org/02rqvrp93,,,,,,,,,replace==meiji.ac.jp,,,,,,,,,,,,
,https://ror.org/048dd0611,,,,,,,,,replace==semi.ac.cn,,,,,,,,,,,,
,https://ror.org/01qzc0f54,,,,,,,replace==https://www.qut.edu.cn/,,replace==qut.edu.cn,,,,,,,,,,,,
,https://ror.org/02jj4k517,,,,,,,,,replace==ftiudm.ru,,,,,,,,,,,,
,https://ror.org/007zhvp17,,,,,,,,,replace==williams.com,,,,,,,,,,,,
,https://ror.org/04rcqnp59,,,,,,,,,replace==heidelberg.edu,,,,,,,,,,,,
,https://ror.org/0090r4d87,,,,,,,,,replace==ict.ac.cn,,,,,,,,,,,,
,https://ror.org/019fnr381,,,,,,,,,replace==trisakti.ac.id,,,,,,,,,,,,
,https://ror.org/016bgq349,,,,,,,,,replace==nict.go.jp,,,,,,,,,,,,
,https://ror.org/05nqg3g04,,,,,,,,,replace==nimte.ac.cn,,,,,,,,,,,,
,https://ror.org/000t0f062,,,,,,,,,replace==eduhk.hk,,,,,,,,,,,,
,https://ror.org/01dzed356,,,,,,,,,replace==hunau.edu.cn,,,,,,,,,,,,
,https://ror.org/00mthsf17,,,,,,,,,replace==chu-montpellier.fr,,,,,,,,,,,,
,https://ror.org/03qvtpc38,,,,,,,,,replace==dau.ac.kr,,,,,,,,,,,,
,https://ror.org/03xez1567,,,,,,,,,replace==salk.edu,,,,,,,,,,,,
,https://ror.org/00k5j5c86,,,,,,,,,replace==tokyo-med.ac.jp,,,,,,,,,,,,
,https://ror.org/00yg0kc17,,,,,,,replace==https://acaoeducativa.org.br/,,replace==acaoeducativa.org.br,,,,,,,,,,,,
,https://ror.org/055eqsb67,,,,,,,,,replace==mdp.edu.ar,,,,,,,,,,,,
,https://ror.org/01nyv7k26,,,,,,,,,replace==oita-u.ac.jp,,,,,,,,,,,,
,https://ror.org/05bc5bx80,,,,,,,,,replace==veltech.edu.in,,,,,,,,,,,,
,https://ror.org/02cafbr77,,,,,,,,,replace==pucv.cl,,,,,,,,,,,,
,https://ror.org/0360dkv71,,,,,,,,,replace==caf.ac.cn,,,,,,,,,,,,
,https://ror.org/0493xsw21,,,,,,,,,replace==bih-charite.de,,,,,,,,,,,,
,https://ror.org/031vc2293,,,,,,,,,replace==tu-freiberg.de,,,,,,,,,,,,
,https://ror.org/05x817c41,,,,,,,,,replace==bzu.edu.pk,,,,,,,,,,,,
,https://ror.org/045sza929,,,,,,,,,replace==cea.gov.cn,,,,,,,,,,,,
,https://ror.org/02rwycx38,,,,,,,replace==https://www.uniroma5.it/,,replace==uniroma5.it,,,,,,,,,,,,
,https://ror.org/03cyvdv85,,,,,,,replace==https://www.wzhospital.cn/,,replace==wzhospital.cn,,,,,,,,,,,,
,https://ror.org/032hdk172,,,,,,,,,replace==mu.ac.in,,,,,,,,,,,,
,https://ror.org/04dzvks42,,,,,,,,,replace==xinhuamed.com.cn,,,,,,,,,,,,
,https://ror.org/0149jvn88,,,,,,,,,replace==ksau-hs.edu.sa,,,,,,,,,,,,
,https://ror.org/000917t60,,,,,,,,,replace==uaslp.mx,,,,,,,,,,,,
,https://ror.org/00g6ka752,,,,,,,,,replace==um.ac.ir,,,,,,,,,,,,
,https://ror.org/04agmb972,,,,,,,,,replace==georgiasouthern.edu,,,,,,,,,,,,
,https://ror.org/02yg0nm07,,,,,,,,,replace==upr.edu,,,,,,,,,,,,
,https://ror.org/01xtjs520,,,,,,,,,replace==ill.eu,,,,,,,,,,,,
,https://ror.org/04ycpbx82,,,,,,,,,replace==westminster.ac.uk,,,,,,,,,,,,
,https://ror.org/031f8kt38,,,,,,,,,replace==uaeh.edu.mx,,,,,,,,,,,,
,https://ror.org/059rn9488,,,,,,,,,replace==hp.com,,,,,,,,,,,,
,https://ror.org/05hnb4n85,,,,,,,replace==https://www.jejunu.ac.kr/,,replace==jejunu.ac.kr,,,,,,,,,,,,
,https://ror.org/0563w1497,,,,,,,,,replace==tnc.org,,,,,,,,,,,,
,https://ror.org/01xxp6985,,,,,,,,,replace==kochi-u.ac.jp,,,,,,,,,,,,
,https://ror.org/0062dz060,,,,,,,replace==https://www.norwichresearchpark.com/,,replace==norwichresearchpark.com,,,,,,,,,,,,
,https://ror.org/04f7vj627,,,,,,,,,replace==kg.ac.rs,,,,,,,,,,,,
,https://ror.org/045kpgw45,,,,,,,,,replace==gdph.org.cn,,,,,,,,,,,,
,https://ror.org/04fa4r544,,,,,,,,,replace==orcid.org,,,,,,,,,,,,
,https://ror.org/02q4res37,,,,,,,,,replace==iemn.fr,,,,,,,,,,,,
,https://ror.org/034vb5t35,,,,,,,replace==https://www.royalmarsden.nhs.uk/,,replace==rmh.nhs.uk,,,,,,,,,,,,
,https://ror.org/04ev03g22,,,,,,,,,replace==scilifelab.se,,,,,,,,,,,,
,https://ror.org/03vsmv677,,,,,,,,,replace==ti.com,,,,,,,,,,,,
,https://ror.org/02m2h7991,,,,,,,,,replace==zhejianglab.org,,,,,,,,,,,,
,https://ror.org/04mqy3p58,,,,,,,,,replace==inesc-id.pt,,,,,,,,,,,,
,https://ror.org/00ykac431,,,,,,,,,replace==ictmumbai.edu.in,,,,,,,,,,,,
,https://ror.org/016z2bp30,,,,,,,,,replace==njhealth.org,,,,,,,,,,,,
,https://ror.org/02gp4e279,,,,,,,,,replace==cags.ac.cn,,,,,,,,,,,,
,https://ror.org/01zqv1s26,,,,,,,,,replace==fph.org.uk,,,,,,,,,,,,
,https://ror.org/01evzkn27,,,,,,,,,replace==fgv.br,,,,,,,,,,,,
,https://ror.org/04andmq85,,,,,,,,,replace==inrap.fr,,,,,,,,,,,,
,https://ror.org/04z4wmb81,,,,,,,,,replace==ncst.edu.cn,,,,,,,,,,,,
,https://ror.org/05q60vz69,,,,,,,,,replace==mrc.ac.za,,,,,,,,,,,,
,https://ror.org/02bwk9n38,,,,,,,replace==http://www.cafs.ac.cn/,,replace==cafs.ac.cn,,,,,,,,,,,,
,https://ror.org/05ghzpa93,,,,,,,,,replace==gndu.ac.in,,,,,,,,,,,,
,https://ror.org/00qjgk605,,,,,,,,,replace==mercubuana.ac.id,,,,,,,,,,,,
,https://ror.org/0008wzh48,,,,,,,replace==https://www.royalmarsden.nhs.uk/,,replace==rmh.nhs.uk,,,,,,,,,,,,
,https://ror.org/01naq7912,,,,,,,,,replace==telecom-paris.fr,,,,,,,,,,,,
,https://ror.org/03j4x9j18,,,,,,,,,replace==ipe.ac.cn,,,,,,,,,,,,
,https://ror.org/00ka6rp58,,,,,,,replace==https://www.srrsh.com/,,replace==srrsh.com,,,,,,,,,,,,
,https://ror.org/05x6qnc69,,,,,,,,,replace==ul.edu.lb,,,,,,,,,,,,
,https://ror.org/05dmr4w13,,,,,,,,,replace==untirta.ac.id,,,,,,,,,,,,
,https://ror.org/01tc10z29,,,,,,,,,replace==cancerinstitutewia.in,,,,,,,,,,,,
,https://ror.org/037tz0e16,,,,,,,,,replace==lhsc.on.ca,,,,,,,,,,,,
,https://ror.org/03net5943,,,,,,,,,replace==nepu.edu.cn,,,,,,,,,,,,
,https://ror.org/021p32893,,,,,,,,,replace==unmuhjember.ac.id,,,,,,,,,,,,
,https://ror.org/04cd75h10,,,,,,,,,replace==iwate-u.ac.jp,,,,,,,,,,,,
,https://ror.org/0424g0k78,,,,,,,,,replace==gaslini.org,,,,,,,,,,,,
,https://ror.org/02qbzdk74,,,,,,,,,replace==pau.edu,,,,,,,,,,,,
,https://ror.org/01j1wt659,,,,,,,,,replace==umm.ac.id,,,,,,,,,,,,
,https://ror.org/0480zh114,,,,,,,,,replace==jetro.go.jp,,,,,,,,,,,,
,https://ror.org/05jcsqx24,,,,,,,,,replace==sgu.ru,,,,,,,,,,,,
,https://ror.org/04je6yw13,,,,,,,,,replace==ucad.edu.sn,,,,,,,,,,,,
,https://ror.org/04pqpvr75,,,,,,,replace==https://udelosandes.edu.bo/,,replace==udelosandes.edu.bo,,,,,,,,,,,,
,https://ror.org/053xy8k29,,,,,,,replace==https://www.uft.edu.br/,,replace==uft.edu.br,,,,,,,,,,,,
,https://ror.org/02tcf7a68,,,,,,,replace==https://www.chu-clermontferrand.fr/,,replace==chu-clermontferrand.fr,,,,,,,,,,,,
,https://ror.org/01hnrbb29,,,,,,,replace==https://www.fa.ru/,,replace==fa.ru,,,,,,,,,,,,
,https://ror.org/04xnm9a92,,,,,,,,,replace==ranepa.ru,,,,,,,,,,,,
,https://ror.org/04nyv3z04,,,,,,,replace==https://hust.edu.vn,,replace==hust.edu.vn,,,,,,,,,,,,
,https://ror.org/0485axj58,,,,,,,,,replace==uhs.nhs.uk,,,,,,,,,,,,
,https://ror.org/01sx1pm50,,,,,,,,,replace==rockwellautomation.com,,,,,,,,,,,,
,https://ror.org/02zwb6n98,,,,,,,,,replace==hamad.qa,,,,,,,,,,,,
,https://ror.org/05weahn72,,,,,,,replace==https://www.svuniversity.edu.in/,,replace==svumail.edu.in,,,,,,,,,,,,
,https://ror.org/03azxga02,,,,,,,,,replace==nebraskamed.com,,,,,,,,,,,,
,https://ror.org/04qkq2m54,,,,,,,,,replace==yuntech.edu.tw,,,,,,,,,,,,
,https://ror.org/0065zqt33,,,,,,,,,replace==nationalcancercenter.org,,,,,,,,,,,,
,https://ror.org/046nvst19,,,,,,,,,replace==fhi.no,,,,,,,,,,,,
,https://ror.org/04zrbnc33,,,,,,,,,replace==mmu.edu.my,,,,,,,,,,,,
,https://ror.org/03g03ge92,,,,,,,,,replace==amgen.com,,,,,,,,,,,,
,https://ror.org/03n7yzv56,,,,,,,,,replace==adu.edu.tr,,,,,,,,,,,,
,https://ror.org/02jkmyk67,,,,,,,,,replace==amss.ac.cn,,,,,,,,,,,,
,https://ror.org/006x48140,,,,,,,replace==https://sanraffaele.it/,,replace==sanraffaele.it,,,,,,,,,,,,
,https://ror.org/006776986,,,,,,,,,replace==wku.ac.kr,,,,,,,,,,,,
,https://ror.org/04sq8k219,,,,,,,replace==https://uoflhealth.org/locations/uofl-hospital/,,replace==uoflhealth.org,,,,,,,,,,,,
,https://ror.org/00xgvev73,,,,,,,replace==https://www.incmnsz.mx/,,replace==incmnsz.mx,,,,,,,,,,,,
,https://ror.org/02778hg05,,,,,,,,,replace==uni-trier.de,,,,,,,,,,,,
,https://ror.org/04q12yn84,,,,,,,,,replace==oslomet.no,,,,,,,,,,,,
,https://ror.org/03sfybe47,,,,,,,,,replace==bccancer.bc.ca,,,,,,,,,,,,
,https://ror.org/0264zxa45,,,,,,,,,replace==tohoku-mpu.ac.jp,,,,,,,,,,,,
,https://ror.org/020wjcq07,,,,,,,replace==https://www.shibaura-it.ac.jp/,,replace==shibaura-it.ac.jp,,,,,,,,,,,,
,https://ror.org/051j50p12,,,,,,,,,replace==tkc.edu,,,,,,,,,,,,
,https://ror.org/0008xqs48,,,,,,,,,replace==idibell.cat,,,,,,,,,,,,
,https://ror.org/048zcaj52,,,,,,,,,replace==cdu.edu.au,,,,,,,,,,,,
,https://ror.org/01pvx8v81,,,,,,,,,replace==futa.edu.ng,,,,,,,,,,,,
,https://ror.org/0424bsv16,,,,,,,,,replace==uzleuven.be,,,,,,,,,,,,
,https://ror.org/05m1gnk07,,,,,,,,,replace==korea-u.ac.jp,,,,,,,,,,,,
,https://ror.org/0076kfe04,,,,,,,,,replace==uchicagomedicine.org,,,,,,,,,,,,
,https://ror.org/03rwgpn18,,,,,,,,,replace==clarkson.edu,,,,,,,,,,,,
,https://ror.org/03dvm1235,,,,,,,,,replace==gcu.ac.uk,,,,,,,,,,,,
,https://ror.org/05dbj6g52,,,,,,,,,replace==austin.org.au,,,,,,,,,,,,
,https://ror.org/04r1cxt79,,,,,,,replace==https://www.kemri.go.ke/,,replace==kemri.go.ke,,,,,,,,,,,,
,https://ror.org/04fht8c22,,,,,,,,,replace==buc.edu.in,,,,,,,,,,,,
,https://ror.org/01rws6r75,,,,,,,,,replace==ajums.ac.ir,,,,,,,,,,,,
,https://ror.org/03yczjf25,,,,,,,,,replace==upch.pe,,,,,,,,,,,,
,https://ror.org/04ygk5j35,,,,,,,,,replace==uefs.br,,,,,,,,,,,,
,https://ror.org/02hw5fp67,,,,,,,,,replace==nies.go.jp,,,,,,,,,,,,
,https://ror.org/016gb9e15,,,,,,,,,replace==unisc.edu.au,,,,,,,,,,,,
,https://ror.org/03cmntr54,,,,,,,,,replace==iac.es,,,,,,,,,,,,
,https://ror.org/01qq57711,,,,,,,,,replace==unab.cl,,,,,,,,,,,,
,https://ror.org/00c489v88,,,,,,,,,replace==acmedsci.ac.uk,,,,,,,,,,,,
,https://ror.org/04bckew43,,,,,,,,,replace==chru-strasbourg.fr,,,,,,,,,,,,
,https://ror.org/00gvw6327,,,,,,,,,replace==kgmcindia.edu,,,,,,,,,,,,
,https://ror.org/02xmkec90,,,,,,,,,replace==kmuh.org.tw,,,,,,,,,,,,
,https://ror.org/05qderh61,,,,,,,,,replace==unical.edu.ng,,,,,,,,,,,,
,https://ror.org/059ryjv25,,,,,,,replace==https://english.csmu.edu.tw/,,replace==csmu.edu.tw,,,,,,,,,,,,
,https://ror.org/05addee68,,,,,,,,,replace==gm.com,,,,,,,,,,,,
,https://ror.org/05vspf741,,,,,,,,,replace==kums.ac.ir,,,,,,,,,,,,
,https://ror.org/042r36z33,,,,,,,replace==https://www.uepa.br,,replace==uepa.br,,,,,,,,,,,,
,https://ror.org/00zv91802,,,,,,,,,replace==saic.com,,,,,,,,,,,,
,https://ror.org/047yhep71,,,,,,,,,replace==im.ac.cn,,,,,,,,,,,,
,https://ror.org/04zn42r77,,,,,,,,,replace==uk.ac.ir,,,,,,,,,,,,
,https://ror.org/022syn853,,,,,,,,,replace==simm.ac.cn,,,,,,,,,,,,
,https://ror.org/015qjqf64,,,,,,,,,replace==tiho-hannover.de,,,,,,,,,,,,
,https://ror.org/017h5q109,,,,,,,,,replace==chu-toulouse.fr,,,,,,,,,,,,
,https://ror.org/05d538656,,,,,,,,,replace==humanitas.it,,,,,,,,,,,,
,https://ror.org/05b5c0584,,,,,,,replace==https://www.univ-lyon3.fr/,,replace==univ-lyon3.fr,,,,,,,,,,,,
,https://ror.org/02m9kbe37,,,,,,,,,replace==univ-tln.fr,,,,,,,,,,,,
,https://ror.org/0009t4v78,,,,,,,,,replace==aru.ac.uk,,,,,,,,,,,,
,https://ror.org/01nr6fy72,,,,,,,,,replace==kclj.si,,,,,,,,,,,,
,https://ror.org/05bj7sh33,,,,,,,,,replace==ust.edu,,,,,,,,,,,,
,https://ror.org/0086rpr26,,,,,,,,,replace==uos.edu.pk,,,,,,,,,,,,
,https://ror.org/03qdqbt06,,,,,,,,,replace==pcl.ac.cn,,,,,,,,,,,,
,https://ror.org/03y1zyv86,,,,,,,,,replace==osuokc.edu,,,,,,,,,,,,
,https://ror.org/05skxkv18,,,,,,,,,replace==ioz.ac.cn,,,,,,,,,,,,
,https://ror.org/046n57345,,,,,,,,,replace==hfcas.ac.cn,,,,,,,,,,,,
,https://ror.org/02k8cbn47,,,,,,,,,replace==gsi.de,,,,,,,,,,,,
,https://ror.org/051vg8924,,,,,,,,,replace==bostonchildrensmuseum.org,,,,,,,,,,,,
,https://ror.org/001xkv632,,,,,,,,,replace==scu.edu.au,,,,,,,,,,,,
,https://ror.org/0419fj215,,,,,,,,,replace==aircas.ac.cn,,,,,,,,,,,,
,https://ror.org/03haqmz43,,,,,,,,,replace==ufhb.edu.ci,,,,,,,,,,,,
,https://ror.org/05ym42410,,,,,,,,,replace==gsau.edu.cn,,,,,,,,,,,,
,https://ror.org/019vsm959,,,,,,,,,replace==misis.ru,,,,,,,,,,,,
,https://ror.org/05x2f1m38,,,,,,,,,replace==ecjtu.edu.cn,,,,,,,,,,,,
,https://ror.org/02ynbzc81,,,,,,,,,replace==unifor.br,,,,,,,,,,,,
,https://ror.org/02qhjtc16,,,,,,,,,replace==uph.edu,,,,,,,,,,,,
,https://ror.org/04tk2gy88,,,,,,,,,replace==ufhealth.org,,,,,,,,,,,,
,https://ror.org/01xapxe37,,,,,,,replace==https://dhsgsu.edu.in/,,replace==dhsgsu.edu.in,,,,,,,,,,,,
,https://ror.org/04qva2324,,,,,,,,,replace==hcmut.edu.vn,,,,,,,,,,,,
,https://ror.org/00vbvha87,,,,,,,,,replace==phe.gov.uk,,,,,,,,,,,,
,https://ror.org/05f5j6225,,,,,,,,,replace==utsz.edu.cn,,,,,,,,,,,,
,https://ror.org/03s0c9350,,,,,,,,,replace==ua-edu.us,,,,,,,,,,,,
,https://ror.org/04v8qfb10,,,,,,,,,replace==pnj.ac.id,,,,,,,,,,,,
,https://ror.org/015rhss58,,,,,,,,,replace==asst-spedalicivili.it,,,,,,,,,,,,
,https://ror.org/019tcpt25,,,,,,,,,replace==centralesupelec.fr,,,,,,,,,,,,
,https://ror.org/03c4atk17,,,,,,,,,replace==usi.ch,,,,,,,,,,,,
,https://ror.org/027s08w94,,,,,,,replace==https://www.uepg.br,,replace==uepg.br,,,,,,,,,,,,
,https://ror.org/04ayk8723,,,,,,,,,replace==gsck.ac.in,,,,,,,,,,,,
,https://ror.org/050p6gz73,,,,,,,,,replace==iacs.res.in,,,,,,,,,,,,
,https://ror.org/02x8svs93,,,,,,,,,replace==neu.edu.tr,,,,,,,,,,,,
,https://ror.org/05bxbmy32,,,,,,,,,replace==cass.org.cn,,,,,,,,,,,,
,https://ror.org/05fw97k56,,,,,,,,,replace==sfu-kras.ru,,,,,,,,,,,,
,https://ror.org/05417j740,,,,,,,,,replace==ung.ac.id,,,,,,,,,,,,
,https://ror.org/002x1sg85,,,,,,,,,replace==h12o.es,,,,,,,,,,,,
,https://ror.org/050rg6t21,,,,,,,replace==https://www.gpi.ru/,,replace==gpi.ru,,,,,,,,,,,,
,https://ror.org/0405n5e57,,,,,,,replace==https://www.nimhans.ac.in/,,replace==nimhans.ac.in,,,,,,,,,,,,
,https://ror.org/04atsbb87,,,,,,,,,replace==fit.edu,,,,,,,,,,,,
,https://ror.org/035j0tq82,,,,,,,,,replace==orange.com,,,,,,,,,,,,
,https://ror.org/02wgx3e98,,,,,,,,,replace==sohag.edu.eg,,,,,,,,,,,,
,https://ror.org/02h8a1848,,,,,,,replace==http://www.nxmu.edu.cn,,replace==nxmu.edu.cn,,,,,,,,,,,,
,https://ror.org/017xnm587,,,,,,,replace==https://www.ssu.ac.kr/,,replace==ssu.ac.kr,,,,,,,,,,,,
,https://ror.org/03g897070,,,,,,,,,replace==siom.ac.cn,,,,,,,,,,,,
,https://ror.org/04cybtr86,,,,,,,,,replace==iwate-med.ac.jp,,,,,,,,,,,,
,https://ror.org/01ar9e455,,,,,,,,,replace==aero.org,,,,,,,,,,,,
,https://ror.org/05azenf09,,,,,,,,,replace==nypsi.org,,,,,,,,,,,,
,https://ror.org/00jxshx33,,,,,,,,,replace==svu.edu.eg,,,,,,,,,,,,
,https://ror.org/003regz62,,,,,,,,,replace==bjtth.cn,,,,,,,,,,,,
,https://ror.org/049v69k10,,,,,,,,,replace==rowan.edu,,,,,,,,,,,,
,https://ror.org/033dfsn42,,,,,,,,,replace==iscas.ac.cn,,,,,,,,,,,,
,https://ror.org/04m24yn62,,,,,,,,,replace==nrao.edu,,,,,,,,,,,,
,https://ror.org/01rsgrz10,,,,,,,replace==https://sgpgims.org.in/,,replace==sgpgi.ac.in,,,,,,,,,,,,
,https://ror.org/00qfnf017,,,,,,,,,replace==colpos.mx,,,,,,,,,,,,
,https://ror.org/02bxrp522,,,,,,,,,replace==knoxvillecollege.edu,,,,,,,,,,,,
,https://ror.org/052bx8q98,,,,,,,,,replace==nu.edu.kz,,,,,,,,,,,,
,https://ror.org/03vn1ts68,,,,,,,,,replace==pppl.gov,,,,,,,,,,,,
,https://ror.org/03nz8qe97,,,,,,,replace==https://www.ariel.ac.il/wp/en/,,replace==ariel.ac.il,,,,,,,,,,,,
,https://ror.org/010842375,,,,,,,,,replace==tmc.gov.in,,,,,,,,,,,,
,https://ror.org/01bb1zm18,,,,,,,,,replace==unn.ru,,,,,,,,,,,,
,https://ror.org/010567a58,,,,,,,,,replace==chu-amiens.fr,,,,,,,,,,,,
,https://ror.org/02w4tny03,,,,,,,,,replace==shiep.edu.cn,,,,,,,,,,,,
,https://ror.org/03h2bh287,,,,,,,,,replace==ouh.nhs.uk,,,,,,,,,,,,
,https://ror.org/03x516a66,,,,,,,replace==https://bam.de/,,replace==bam.de,,,,,,,,,,,,
,https://ror.org/00myn0z94,,,,,,,,,replace==irisa.fr,,,,,,,,,,,,
,https://ror.org/02phn5242,,,,,,,,,replace==cmb.ac.lk,,,,,,,,,,,,
,https://ror.org/014837179,,,,,,,,,replace==iscte.pt,,,,,,,,,,,,
,https://ror.org/05fk5tr28,,,,,,,,,replace==frb.gov,,,,,,,,,,,,
,https://ror.org/01g9q1f24,,,,,,,,,replace==unibi.ac.id,,,,,,,,,,,,
,https://ror.org/03grprm46,,,,,,,replace==https://www.urgentafloreasca.ro/,,replace==urgentafloreasca.ro,,,,,,,,,,,,
,https://ror.org/05hr3ch11,,,,,,,,,replace==ibcas.ac.cn,,,,,,,,,,,,
,https://ror.org/01a4hbq44,,,,,,,,,replace==stolav.no,,,,,,,,,,,,
,https://ror.org/05hppb561,,,,,,,,,replace==fmi.fi,,,,,,,,,,,,
,https://ror.org/054spjc55,,,,,,,,,replace==uccs.edu,,,,,,,,,,,,
,https://ror.org/0598sqh06,,,,,,,,,replace==humanas.cl,,,,,,,,,,,,
,https://ror.org/04d7e4m76,,,,,,,,,replace==isu.edu.tw,,,,,,,,,,,,
,https://ror.org/03gd0dm95,,,,,,,,,replace==aku.edu,,,,,,,,,,,,
,https://ror.org/02ys8pq62,,,,,,,,,replace==aiimsraipur.edu.in,,,,,,,,,,,,
,https://ror.org/00hx6zz33,,,,,,,,,replace==ens-paris-saclay.fr,,,,,,,,,,,,
,https://ror.org/01h85hm56,,,,,,,,,replace==duhs.edu.pk,,,,,,,,,,,,
,https://ror.org/012rct222,,,,,,,,,replace==ciomp.ac.cn,,,,,,,,,,,,
,https://ror.org/02exxtn84,,,,,,,replace==https://amityuniversity.ae,,replace==amityuniversity.ae,,,,,,,,,,,,
,https://ror.org/047kyg834,,,,,,,,,replace==ug.edu.ec,,,,,,,,,,,,
,https://ror.org/0124gwh94,,,,,,,,,replace==agresearch.co.nz,,,,,,,,,,,,
,https://ror.org/01x8rc503,,,,,,,,,replace==louisiana.edu,,,,,,,,,,,,
,https://ror.org/055zmrh94,,,,,,,,,replace==jic.ac.uk,,,,,,,,,,,,
,https://ror.org/03djtgh02,,,,,,,,,replace==phcc.gov.qa,,,,,,,,,,,,
,https://ror.org/02w6gr951,,,,,,,,,replace==sinap.ac.cn,,,,,,,,,,,,
,https://ror.org/01tfhsg94,,,,,,,,,replace==hopital-europeen.fr,,,,,,,,,,,,
,https://ror.org/01wfhkb67,,,,,,,,,replace==aliraqia.edu.iq,,,,,,,,,,,,
,https://ror.org/02ynb0474,,,,,,,replace==https://razi.ac.ir/,,replace==razi.ac.ir,,,,,,,,,,,,
,https://ror.org/005bjd415,,,,,,,,,replace==upsi.edu.my,,,,,,,,,,,,
,https://ror.org/04gwbew76,,,,,,,replace==https://www.mee.gov.cn/,,replace==mee.gov.cn,,,,,,,,,,,,
,https://ror.org/01575p865,,,,,,,,,replace==crab.org,,,,,,,,,,,,
,https://ror.org/01rhff309,,,,,,,,,replace==bas.ac.uk,,,,,,,,,,,,
,https://ror.org/012bxv356,,,,,,,,,replace==uni-mysore.ac.in,,,,,,,,,,,,
,https://ror.org/02vwnat91,,,,,,,,,replace==lsbu.ac.uk,,,,,,,,,,,,
,https://ror.org/02y394t43,,,,,,,,,replace==svnit.ac.in,,,,,,,,,,,,
,https://ror.org/05fnxgv12,,,,,,,,,replace==gla.ac.in,,,,,,,,,,,,
,https://ror.org/05t8xvx87,,,,,,,replace==https://www.craes.cn/,,replace==craes.org.cn,,,,,,,,,,,,
,https://ror.org/04dpa3g90,,,,,,,,,replace==ynau.edu.cn,,,,,,,,,,,,
,https://ror.org/00g2tkw06,,,,,,,,,replace==ford.com,,,,,,,,,,,,
,https://ror.org/04c6bry31,,,,,,,,,replace==stjames.ie,,,,,,,,,,,,
,https://ror.org/05tszed37,,,,,,,,,replace==ynhh.org,,,,,,,,,,,,
,https://ror.org/04ka8rx28,,,,,,,,,replace==basu.ac.ir,,,,,,,,,,,,
,https://ror.org/0595gz585,,,,,,,,,replace==uog.edu.et,,,,,,,,,,,,
,https://ror.org/02fq2px14,,,,,,,,,replace==jipmer.edu.in,,,,,,,,,,,,
,https://ror.org/04zfmcq84,,,,,,,,,replace==cmh.edu,,,,,,,,,,,,
,https://ror.org/02wkcrp04,,,,,,,,,replace==mazums.ac.ir,,,,,,,,,,,,
,https://ror.org/03vrj4p82,,,,,,,,,replace==ufsj.edu.br,,,,,,,,,,,,
,https://ror.org/00m6w7z96,,,,,,,,,replace==nwu.edu.ph,,,,,,,,,,,,
,https://ror.org/02hs8e066,,,,,,,,,replace==northbridge.edu,,,,,,,,,,,,
,https://ror.org/03evbwn87,,,,,,,,,replace==chu-brest.fr,,,,,,,,,,,,
,https://ror.org/02s6maw65,,,,,,,replace==https://fg.edu.br/,,replace==fg.edu.br,,,,,,,,,,,,
,https://ror.org/01aaptx40,,,,,,,,,replace==iuhealth.org,,,,,,,,,,,,
,https://ror.org/0108gdg43,,,,,,,,,replace==sriramachandra.edu.in,,,,,,,,,,,,
,https://ror.org/0492nfe34,,,,,,,,,replace==ucc.edu.gh,,,,,,,,,,,,
,https://ror.org/03z3mg085,,,,,,,,,replace==pmu.ac.at,,,,,,,,,,,,
,https://ror.org/03n3v6d52,,,,,,,,,replace==cqust.edu.cn,,,,,,,,,,,,
,https://ror.org/02xf7p935,,,,,,,replace==https://www.inu.ac.kr/inu/index.do,,replace==inu.ac.kr,,,,,,,,,,,,
,https://ror.org/0369pvp92,,,,,,,,,replace==nchu.edu.cn,,,,,,,,,,,,
,https://ror.org/04bs5yc70,,,,,,,,,replace==wsl.ch,,,,,,,,,,,,
,https://ror.org/01qtasp15,,,,,,,,,replace==eso.org,,,,,,,,,,,,
,https://ror.org/02r6fpx29,,,,,,,,,replace==nhri.edu.tw,,,,,,,,,,,,
,https://ror.org/004eeze55,,,,,,,,,replace==muhn.edu.cn,,,,,,,,,,,,
,https://ror.org/022c3hy66,,,,,,,,,replace==ia.ac.cn,,,,,,,,,,,,
,https://ror.org/00vp5ry21,,,,,,,,,replace==irshums.ac.ir,,,,,,,,,,,,
,https://ror.org/03151rh82,,,,,,,replace==https://www.lsuhs.edu/,,replace==lsuhs.edu,,,,,,,,,,,,
,https://ror.org/006jxzx88,,,,,,,,,replace==bond.edu.au,,,,,,,,,,,,
,https://ror.org/0235kyq22,,,,,,,,,replace==petrobras.com.br,,,,,,,,,,,,
,https://ror.org/001rahr89,,,,,,,,,replace==ahnmc.com,,,,,,,,,,,,
,https://ror.org/03jbkky50,,,,,,,replace==https://istts.ac.id,,replace==stts.edu,,,,,,,,,,,,
,https://ror.org/01670bg46,,,,,,,,,replace==bdu.edu.et,,,,,,,,,,,,
,https://ror.org/05ms04m92,,,,,,,,,replace==buffalostate.edu,,,,,,,,,,,,
,https://ror.org/00jy9e726,,,,,,,,,replace==capital.edu,,,,,,,,,,,,
,https://ror.org/02bnkt322,,,,,,,,,replace==bfh.ch,,,,,,,,,,,,
,https://ror.org/050fhx250,,,,,,,,,replace==choa.org,,,,,,,,,,,,
,https://ror.org/01j1eb875,,,,,,,,,replace==iconcologia.net,,,,,,,,,,,,
,https://ror.org/05510vn56,,,,,,,,,replace==usm.cl,,,,,,,,,,,,
,https://ror.org/00b8kjk28,,,,,,,,,replace==praxis.ee,,,,,,,,,,,,
,https://ror.org/03rnk6m14,,,,,,,,,replace==supagro.fr,,,,,,,,,,,,
,https://ror.org/0356cst02,,,,,,,,,replace==gig.ac.cn,,,,,,,,,,,,
,https://ror.org/005mpbw70,,,,,,,,,replace==uninove.br,,,,,,,,,,,,
,https://ror.org/02aze4h65,,,,,,,,,replace==ncat.edu,,,,,,,,,,,,
,https://ror.org/0051w2v06,,,,,,,,,replace==uet.edu.pk,,,,,,,,,,,,
,https://ror.org/03rth4p18,,,,,,,,,replace==univ-lyon2.fr,,,,,,,,,,,,
,https://ror.org/00he80998,,,,,,,,,replace==mft.nhs.uk,,,,,,,,,,,,
,https://ror.org/00ey9xa07,,,,,,,,,replace==hrbu.edu.cn,,,,,,,,,,,,
,https://ror.org/011647w73,,,,,,,,,replace==nuu.uz,,,,,,,,,,,,
,https://ror.org/05fd1hd85,,,,,,,,,replace==tsu.ge,,,,,,,,,,,,
,https://ror.org/0438wbg98,,,,,,,,,replace==oecd.org,,,,,,,,,,,,
,https://ror.org/00ssvzv66,,,,,,,,,replace==kahedu.edu.in,,,,,,,,,,,,
,https://ror.org/01c1w6d29,,,,,,,,,replace==uni-bamberg.de,,,,,,,,,,,,
,https://ror.org/033qpss18,,,,,,,,,replace==auxologico.it,,,,,,,,,,,,
,https://ror.org/00c7x4a95,,,,,,,,,replace==dlpu.edu.cn,,,,,,,,,,,,
,https://ror.org/04j1w0q97,,,,,,,,,replace==iu.ac.bd,,,,,,,,,,,,
,https://ror.org/00nqb1v70,,,,,,,,,replace==utc.edu,,,,,,,,,,,,
,https://ror.org/029gksw03,,,,,,,,,replace==semnan.ac.ir,,,,,,,,,,,,
,https://ror.org/040c7js64,,,,,,,replace==https://www.xsyu.edu.cn/,,replace==xsyu.edu.cn,,,,,,,,,,,,
,https://ror.org/028vtqb15,,,,,,,,,replace==bitmesra.ac.in,,,,,,,,,,,,
,https://ror.org/00c32gy34,,,,,,,,,replace==unison.mx,,,,,,,,,,,,
,https://ror.org/009cc1d57,,,,,,,,,replace==uinsa.ac.id,,,,,,,,,,,,
,https://ror.org/03zeg8w71,,,,,,,replace==https://www.mi-ras.ru/,,replace==mi-ras.ru,,,,,,,,,,,,
,https://ror.org/05eer8g02,,,,,,,,,replace==ju.edu.et,,,,,,,,,,,,
,https://ror.org/05ezss144,,,,,,,,,replace==duytan.edu.vn,,,,,,,,,,,,
,https://ror.org/04chq2495,,,,,,,,,replace==commerce.gov,,,,,,,,,,,,
,https://ror.org/0238gz740,,,,,,,replace==https://itep.ru/,,replace==itep.ru,,,,,,,,,,,,
,https://ror.org/03gcvf773,,,,,,,replace==https://dsifl.com/,,replace==dsifl.com,,,,,,,,,,,,
,https://ror.org/05x0m9n95,,,,,,,,,replace==hljit.edu.cn,,,,,,,,,,,,
,https://ror.org/0049erg63,,,,,,,,,replace==kookmin.ac.kr,,,,,,,,,,,,
,https://ror.org/02fkh1w66,,,,,,,,,replace==healthaffairs.org,,,,,,,,,,,,
,https://ror.org/005qv5373,,,,,,,,,replace==wakayama-med.ac.jp,,,,,,,,,,,,
,https://ror.org/04hjbmv12,,,,,,,,,replace==takeda.com,,,,,,,,,,,,
,https://ror.org/02e9zc863,,,,,,,replace==https://www.kw.ac.kr/,,replace==kw.ac.kr,,,,,,,,,,,,
,https://ror.org/05nnyr510,,,,,,,,,replace==ru.ac.bd,,,,,,,,,,,,
,https://ror.org/00ynnr806,,,,,,,,,replace==kew.org,,,,,,,,,,,,
,https://ror.org/02c0s8023,,,,,,,,,replace==umi.ac.id,,,,,,,,,,,,
,https://ror.org/03a2tac74,,,,,,,,,replace==florey.edu.au,,,,,,,,,,,,
,https://ror.org/026yy9j15,,,,,,,,,replace==ibsgranada.es,,,,,,,,,,,,
,https://ror.org/032jk8892,,,,,,,,,replace==sastra.edu,,,,,,,,,,,,
,https://ror.org/0347fy350,,,,,,,,,replace==rothamsted.ac.uk,,,,,,,,,,,,
,https://ror.org/03rke0285,,,,,,,,,replace==baker.edu.au,,,,,,,,,,,,
,https://ror.org/00sde4n60,,,,,,,,,replace==umm.edu,,,,,,,,,,,,
,https://ror.org/03tbh6y23,,,,,,,,,replace==upd.edu.ph,,,,,,,,,,,,
,https://ror.org/0303y7a51,,,,,,,,,replace==dut.ac.za,,,,,,,,,,,,
,https://ror.org/01t8prc81,,,,,,,,,replace==xatu.edu.cn,,,,,,,,,,,,
,https://ror.org/05pcv4v03,,,,,,,,,replace==uniparthenope.it,,,,,,,,,,,,
,https://ror.org/015h5sy57,,,,,,,,,replace==jkuat.ac.ke,,,,,,,,,,,,
,https://ror.org/04h1h0y33,,,,,,,,,replace==cnes.fr,,,,,,,,,,,,
,https://ror.org/05jtef216,,,,,,,,,replace==ohri.ca,,,,,,,,,,,,
,https://ror.org/04e3vbx44,,,,,,,replace==https://www.m-culture.gov.dz/,,replace==m-culture.gov.dz,,,,,,,,,,,,
,https://ror.org/02dxm8k93,,,,,,,,,replace==upb.edu.co,,,,,,,,,,,,
,https://ror.org/01kr7aq59,,,,,,,replace==https://rsu.edu.ng/,,replace==ust.edu.ng,,,,,,,,,,,,
,https://ror.org/02aj13c28,,,,,,,,,replace==helmholtz-berlin.de,,,,,,,,,,,,
,https://ror.org/022bnxw24,,,,,,,,,replace==iap.fr,,,,,,,,,,,,
,https://ror.org/03c4shz64,,,,,,,replace==https://www.uae.ac.ma/,,replace==uae.ac.ma,,,,,,,,,,,,
,https://ror.org/02t0qr014,,,,,,,,,replace==uncw.edu,,,,,,,,,,,,
,https://ror.org/00znex860,,,,,,,,,replace==usna.edu,,,,,,,,,,,,
,https://ror.org/01rvn4p91,,,,,,,,,replace==ethrat.ch,,,,,,,,,,,,
,https://ror.org/0254bmq54,,,,,,,replace==https://www.ncnp.go.jp/en/,,replace==ncnp.go.jp,,,,,,,,,,,,
,https://ror.org/04r53se39,,,,,,,,,replace==iie.ac.cn,,,,,,,,,,,,
,https://ror.org/027arzy69,,,,,,,,,replace==chu-caen.fr,,,,,,,,,,,,
,https://ror.org/015n1m812,,,,,,,,,replace==uneb.br,,,,,,,,,,,,
,https://ror.org/00xdn8y92,,,,,,,replace==https://punjabiuniversity.ac.in/,,replace==pbi.ac.in,,,,,,,,,,,,
,https://ror.org/00zqaxa34,,,,,,,,,replace==neepu.edu.cn,,,,,,,,,,,,
,https://ror.org/01encsj80,,,,,,,,,replace==ub.ac.bw,,,,,,,,,,,,
,https://ror.org/04f49ff35,,,,,,,,,replace==nanoctr.cn,,,,,,,,,,,,
,https://ror.org/04wqh5h97,,,,,,,,,replace==ims.ac.jp,,,,,,,,,,,,
,https://ror.org/01vj9qy35,,,,,,,replace==https://www.cmcludhiana.in/medical-college/,,replace==cmcludhiana.in,,,,,,,,,,,,
,https://ror.org/01x6q1934,,,,,,,,,replace==clevefdn.org,,,,,,,,,,,,
,https://ror.org/03zhhr656,,,,,,,replace==https://www.kyokyo-u.ac.jp/,,replace==kyokyo-u.ac.jp,,,,,,,,,,,,
,https://ror.org/04zb59n70,,,,,,,,,replace==ifw-dresden.de,,,,,,,,,,,,
,https://ror.org/00v8fdc16,,,,,,,,,replace==uaq.mx,,,,,,,,,,,,
,https://ror.org/047w75g40,,,,,,,replace==https://www.iiu.edu.pk/,,replace==iiu.edu.pk,,,,,,,,,,,,
,https://ror.org/01nckkm68,,,,,,,,,replace==sophia.ac.jp,,,,,,,,,,,,
,https://ror.org/01gbfax37,,,,,,,,,replace==sdjzu.edu.cn,,,,,,,,,,,,
,https://ror.org/00kftxm09,,,,,,,replace==https://en.catalysis.ru/,,replace==catalysis.ru,,,,,,,,,,,,
,https://ror.org/05tgamw04,,,,,,,,,replace==carnivores.org,,,,,,,,,,,,
,https://ror.org/05gpas306,,,,,,,,,replace==hmc.edu.cn,,,,,,,,,,,,
,https://ror.org/05p8nb362,,,,,,,,,replace==hc-sc.gc.ca,,,,,,,,,,,,
,https://ror.org/02rg6ka44,,,,,,,,,replace==uesb.edu.br,,,,,,,,,,,,
,https://ror.org/01hafxd32,,,,,,,,,replace==motorola.com,,,,,,,,,,,,
,https://ror.org/02h6cs343,,,,,,,replace==https://www.aichi-med-u.ac.jp/,,replace==aichi-med-u.ac.jp,,,,,,,,,,,,
,https://ror.org/049pzty39,,,,,,,,,replace==buk.edu.ng,,,,,,,,,,,,
,https://ror.org/02h1b1x27,,,,,,,,,replace==ula.ve,,,,,,,,,,,,
,https://ror.org/03enmdz06,,,,,,,,,replace==csufresno.edu,,,,,,,,,,,,
,https://ror.org/02n6c9837,,,,,,,replace==https://www.sanofi.com/en,,replace==sanofi.com,,,,,,,,,,,,
,https://ror.org/0435rc536,,,,,,,,,replace==novonordisk.com,,,,,,,,,,,,
,https://ror.org/02dwrdh81,,,,,,,,,replace==uokufa.edu.iq,,,,,,,,,,,,
,https://ror.org/028h95t32,,,,,,,replace==https://www.ldu.edu.cn/,,replace==ldu.edu.cn,,,,,,,,,,,,
,https://ror.org/02nknzn40,,,,,,,replace==https://icp-ras.ru/,,replace==icp.ac.ru,,,,,,,,,,,,
,https://ror.org/002n09z45,,,,,,,,,replace==sib.swiss,,,,,,,,,,,,
,https://ror.org/00m4czf33,,,,,,,replace==http://en.iwhr.com/,,replace==iwhr.com,,,,,,,,,,,,
,https://ror.org/0373nm262,,,,,,,replace==https://english.kongju.ac.kr,,replace==kongju.ac.kr,,,,,,,,,,,,
,https://ror.org/05nsbhw27,,,,,,,,,replace==cheo.on.ca,,,,,,,,,,,,
,https://ror.org/01xjv7358,,,,,,,,,replace==jasri.jp,,,,,,,,,,,,
,https://ror.org/05nnv1197,,,,,,,replace==https://www.ipfran.ru/,,replace==ipfran.ru,,,,,,,,,,,,
,https://ror.org/01dvabv26,,,,,,,,,replace==beun.edu.tr,,,,,,,,,,,,
,https://ror.org/045pcya52,,,,,,,replace==https://dnwml.org/,,replace==aacil.org,,,,,,,,,,,,
,https://ror.org/04123ky43,,,,,,,,,replace==clarku.edu,,,,,,,,,,,,
,https://ror.org/04e698d63,,,,,,,,,replace==mwr.gov.cn,,,,,,,,,,,,
,https://ror.org/032hv6w38,,,,,,,,,replace==areeo.ac.ir,,,,,,,,,,,,
,https://ror.org/05j7fep28,,,,,,,,,replace==ansto.gov.au,,,,,,,,,,,,
,https://ror.org/01b2f6h61,,,,,,,,,replace==nstu.ru,,,,,,,,,,,,
,https://ror.org/05nj8ma95,,,,,,,,,replace==issas.ac.cn,,,,,,,,,,,,
,https://ror.org/047hdnt12,,,,,,,,,replace==institutfrancais.com,,,,,,,,,,,,
,https://ror.org/0481e1q24,,,,,,,,,replace==hr.nl,,,,,,,,,,,,
,https://ror.org/05rcxtd95,,,,,,,replace==https://www.hsantalucia.it/,,replace==hsantalucia.it,,,,,,,,,,,,
,https://ror.org/04rvw0k47,,,,,,,,,replace==u-shizuoka-ken.ac.jp,,,,,,,,,,,,
,https://ror.org/02p5xjf12,,,,,,,,,replace==utrgv.edu,,,,,,,,,,,,
,https://ror.org/02akpm128,,,,,,,,,replace==ucn.cl,,,,,,,,,,,,
,https://ror.org/004mbaj56,,,,,,,,,replace==yu.edu.jo,,,,,,,,,,,,
,https://ror.org/03e8s1d88,,,,,,,,,replace==pik-potsdam.de,,,,,,,,,,,,
,https://ror.org/05snbjh64,,,,,,,replace==https://www.zin.ru/,,replace==zin.ru,,,,,,,,,,,,
,https://ror.org/01whksa54,,,,,,,,,replace==inasan.ru,,,,,,,,,,,,
,https://ror.org/03dfa9f06,,,,,,,replace==https://www.swfu.edu.cn/,,replace==swfu.edu.cn,,,,,,,,,,,,
,https://ror.org/009nnre75,,,,,,,,,replace==uksw.edu,,,,,,,,,,,,
,https://ror.org/03d0p2685,,,,,,,,,replace==helmholtz-hzi.de,,,,,,,,,,,,
,https://ror.org/04tnbqb63,,,,,,,,,replace==crick.ac.uk,,,,,,,,,,,,
,https://ror.org/0412y9z21,,,,,,,,,replace==dvfu.ru,,,,,,,,,,,,
,https://ror.org/01xgfaw76,,,,,,,replace==https://gov.uz/oz/academy,,replace==academy.uz,,,,,,,,,,,,
,https://ror.org/05fp9g671,,,,,,,,,replace==umz.ac.ir,,,,,,,,,,,,
,https://ror.org/04j3vr751,,,,,,,,,replace==hut.edu.cn,,,,,,,,,,,,
,https://ror.org/04sm5zn07,,,,,,,,,replace==boeing.com,,,,,,,,,,,,
,https://ror.org/03pbgwk21,,,,,,,,,replace==u-bordeaux-montaigne.fr,,,,,,,,,,,,
,https://ror.org/02t2qwf81,,,,,,,,,replace==uop.edu.pk,,,,,,,,,,,,
,https://ror.org/05c2qg481,,,,,,,,,replace==paristech.fr,,,,,,,,,,,,
,https://ror.org/03kc2e209,,,,,,,,,replace==unismuh.ac.id,,,,,,,,,,,,
,https://ror.org/01zfzax10,,,,,,,,,replace==tu.edu.iq,,,,,,,,,,,,
,https://ror.org/02qf2tx24,,,,,,,,,replace==kwansei.ac.jp,,,,,,,,,,,,
,https://ror.org/003tmp461,,,,,,,replace==https://www.schiller.edu/,,replace==schiller.edu,,,,,,,,,,,,
,https://ror.org/016a74861,,,,,,,,,replace==baai.ac.cn,,,,,,,,,,,,
,https://ror.org/02f5b7n18,,,,,,,,,replace==mpic.de,,,,,,,,,,,,
,https://ror.org/03kxdn807,,,,,,,,,replace==uniten.edu.my,,,,,,,,,,,,
,https://ror.org/04e5cyn06,,,,,,,,,replace==aaea.org,,,,,,,,,,,,
,https://ror.org/01bsn4x02,,,,,,,,,replace==unishivaji.ac.in,,,,,,,,,,,,
,https://ror.org/0491yz035,,,,,,,,,replace==saha.ac.in,,,,,,,,,,,,
,https://ror.org/01frp7483,,,,,,,,,replace==wfu.edu.cn,,,,,,,,,,,,
,https://ror.org/03eyq4y97,,,,,,,,,replace==hbku.edu.qa,,,,,,,,,,,,
,https://ror.org/053d3tv41,,,,,,,replace==https://www.iuhw.ac.jp/,,replace==iuhw.ac.jp,,,,,,,,,,,,
,https://ror.org/05rbx8m02,,,,,,,,,replace==istituto-besta.it,,,,,,,,,,,,
,https://ror.org/032nzv584,,,,,,,,,replace==uk-gm.de,,,,,,,,,,,,
,https://ror.org/04a7gbp98,,,,,,,,,replace==bgs.ac.uk,,,,,,,,,,,,
,https://ror.org/005p9kw61,,,,,,,,,replace==nmt.edu,,,,,,,,,,,,
,https://ror.org/01fe0jt45,,,,,,,replace==https://www.bosch.com/,,replace==bosch.de,,,,,,,,,,,,
,https://ror.org/01fbz6h17,,,,,,,,,replace==dhha.org,,,,,,,,,,,,
,https://ror.org/00hhkn466,,,,,,,,,replace==jsps.go.jp,,,,,,,,,,,,
,https://ror.org/0543j5e78,,,,,,,,,replace==vsu.ru,,,,,,,,,,,,
,https://ror.org/03gcbhc33,,,,,,,,,replace==ifpen.fr,,,,,,,,,,,,
,https://ror.org/0371fqr87,,,,,,,replace==https://www.whuh.com/en/,,replace==whuh.com,,,,,,,,,,,,
,https://ror.org/03am2jy38,,,,,,,,,replace==univ-perp.fr,,,,,,,,,,,,
,https://ror.org/03kkjyb15,,,,,,,replace==https://www.pkuszh.com.cn/,,replace==pkuszh.com,,,,,,,,,,,,
,https://ror.org/01av3m334,,,,,,,,,replace==uftm.edu.br,,,,,,,,,,,,
,https://ror.org/00egdv862,,,,,,,replace==https://www.hongik.ac.kr/,,replace==hongik.ac.kr,,,,,,,,,,,,
,https://ror.org/03b9y4e65,,,,,,,,,replace==awkum.edu.pk,,,,,,,,,,,,
,https://ror.org/05tkzma19,,,,,,,,,replace==igcar.gov.in,,,,,,,,,,,,
,https://ror.org/04yf4aj88,,,,,,,,,replace==undana.ac.id,,,,,,,,,,,,
,https://ror.org/0390vdb22,,,,,,,,,replace==ioaging.org,,,,,,,,,,,,
,https://ror.org/05x2svh05,,,,,,,,,replace==ufersa.edu.br,,,,,,,,,,,,
,https://ror.org/02ycyys66,,,,,,,,,replace==ior.it,,,,,,,,,,,,
,https://ror.org/02nwvxz07,,,,,,,,,replace==enpc.fr,,,,,,,,,,,,
,https://ror.org/040gec961,,,,,,,,,replace==gcu.edu.pk,,,,,,,,,,,,
,https://ror.org/01kdzej58,,,,,,,,,replace==bhu.edu.cn,,,,,,,,,,,,
,https://ror.org/052prhs50,,,,,,,,,replace==tu-sofia.bg,,,,,,,,,,,,
,https://ror.org/031y8am81,,,,,,,replace==http://www.nufe.edu.cn/,,replace==nufe.edu.cn,,,,,,,,,,,,
,https://ror.org/02qz8b764,,,,,,,,,replace==cshl.edu,,,,,,,,,,,,
,https://ror.org/03f9nc143,,,,,,,,,replace==skoltech.ru,,,,,,,,,,,,
,https://ror.org/04a1r5z94,,,,,,,,,replace==hu.edu.jo,,,,,,,,,,,,
,https://ror.org/03msb7010,,,,,,,,,replace==twc.edu,,,,,,,,,,,,
,https://ror.org/04jvemc39,,,,,,,,,replace==mpifr.de,,,,,,,,,,,,
,https://ror.org/04fegvg32,,,,,,,,,replace==rosalindfranklin.edu,,,,,,,,,,,,
,https://ror.org/00h9jrb69,,,,,,,,,replace==uv.cl,,,,,,,,,,,,
,https://ror.org/014ja3n03,,,,,,,,,replace==uhb.nhs.uk,,,,,,,,,,,,
,https://ror.org/02xrm8562,,,,,,,,,replace==untag-sby.ac.id,,,,,,,,,,,,
,https://ror.org/01n92vv28,,,,,,,,,replace==oncodeinstitute.nl,,,,,,,,,,,,
,https://ror.org/02aswte26,,,,,,,,,replace==manchester.edu,,,,,,,,,,,,
,https://ror.org/04xreqs31,,,,,,,,,replace==ipm.ir,,,,,,,,,,,,
,https://ror.org/01ysgtb61,,,,,,,,,replace==bmsu.ac.ir,,,,,,,,,,,,
,https://ror.org/00em04n91,,,,,,,,,replace==mgsu.ru,,,,,,,,,,,,
,https://ror.org/01dyr7034,,,,,,,,,replace==yau.edu.cn,,,,,,,,,,,,
,https://ror.org/00ee40h97,,,,,,,,,replace==karmanos.org,,,,,,,,,,,,
,https://ror.org/0098hst83,,,,,,,,,replace==cetc.com.cn,,,,,,,,,,,,
,https://ror.org/006m4q736,,,,,,,,,replace==science.az,,,,,,,,,,,,
,https://ror.org/04pbtsc74,,,,,,,,,replace==rea.ru,,,,,,,,,,,,
,https://ror.org/05xwcq167,,,,,,,,,replace==uabc.edu.mx,,,,,,,,,,,,
,https://ror.org/00n1e1p60,,,,,,,replace==https://ocean.ru/en/,,replace==ocean.ru,,,,,,,,,,,,
,https://ror.org/01a1xfd09,,,,,,,,,replace==inr.ru,,,,,,,,,,,,
,https://ror.org/00vxe3x87,,,,,,,replace==https://sternwarte.de/,,replace==sternwarte.de,,,,,,,,,,,,
,https://ror.org/00bq4rw46,,,,,,,,,replace==hospitalitaliano.org.ar,,,,,,,,,,,,
,https://ror.org/0354t7b78,,,,,,,,,replace==rtx.com,,,,,,,,,,,,
,https://ror.org/014rks409,,,,,,,,,replace==finuni.fi,,,,,,,,,,,,
,https://ror.org/05p6rhy72,,,,,,,,,replace==ices.on.ca,,,,,,,,,,,,
,https://ror.org/057jnjd73,,,,,,,,,replace==imech.ac.cn,,,,,,,,,,,,
,https://ror.org/02cbymn47,,,,,,,,,replace==unemat.br,,,,,,,,,,,,
,https://ror.org/00jrtvk29,,,,,,,,,replace==wilmu.edu,,,,,,,,,,,,
,https://ror.org/050gn5214,,,,,,,,,replace==icm-institute.org,,,,,,,,,,,,
,https://ror.org/01dg04253,,,,,,,,,replace==ibch.ru,,,,,,,,,,,,
,https://ror.org/00wek6x04,,,,,,,,,replace==uprm.edu,,,,,,,,,,,,
,https://ror.org/00ntrnw83,,,,,,,,,replace==vncdc.gov.vn,,,,,,,,,,,,
,https://ror.org/0535cbe18,,,,,,,,,replace==kanazawa-med.ac.jp,,,,,,,,,,,,
,https://ror.org/00fhc9y79,,,,,,,,,replace==gdufs.edu.cn,,,,,,,,,,,,
,https://ror.org/05rpzs058,,,,,,,,,replace==ucs.br,,,,,,,,,,,,
,https://ror.org/00r6gdp61,,,,,,,,,replace==inifap.gob.mx,,,,,,,,,,,,
,https://ror.org/011d8sm39,,,,,,,replace==https://www.ccsu.cn/,,replace==ccsu.edu.cn,,,,,,,,,,,,
,https://ror.org/0250bhj44,,,,,,,,,replace==fedpolyado.edu.ng,,,,,,,,,,,,
,https://ror.org/056hcgc41,,,,,,,replace==https://mku.edu.tr/,,replace==mku.edu.tr,,,,,,,,,,,,
,https://ror.org/02br7py06,,,,,,,,,replace==sari.ac.cn,,,,,,,,,,,,
,https://ror.org/02gen2282,,,,,,,,,replace==ufvjm.edu.br,,,,,,,,,,,,
,https://ror.org/01xz39a70,,,,,,,,,replace==cnea.gob.ar,,,,,,,,,,,,
,https://ror.org/01whwkf30,,,,,,,,,replace==butantan.gov.br,,,,,,,,,,,,
,https://ror.org/01jz1e142,,,,,,,,,replace==lzb.ac.cn,,,,,,,,,,,,
,https://ror.org/05k9skc85,,,,,,,,,replace==pasteur-lille.fr,,,,,,,,,,,,
,https://ror.org/01zwq4y59,,,,,,,,,replace==uesc.br,,,,,,,,,,,,
,https://ror.org/00qedmt22,,,,,,,,,replace==bau.edu.jo,,,,,,,,,,,,
,https://ror.org/01bx8ja67,,,,,,,,,replace==msubaroda.ac.in,,,,,,,,,,,,
,https://ror.org/039fp5n52,,,,,,,replace==https://www.wethecurious.org/,,replace==wethecurious.org,,,,,,,,,,,,
,https://ror.org/04p7ekn23,,,,,,,replace==https://www.w-hs.de/,,replace==w-hs.de,,,,,,,,,,,,
,https://ror.org/04fttyv97,,,,,,,,,replace==ualr.edu,,,,,,,,,,,,
,https://ror.org/029819q61,,,,,,,,,replace==cibr.ac.cn,,,,,,,,,,,,
,https://ror.org/01ngpvg12,,,,,,,,,replace==mpi-susmat.de,,,,,,,,,,,,
,https://ror.org/03rqk8h36,,,,,,,,,replace==nccu.edu.tw,,,,,,,,,,,,
,https://ror.org/0034eay46,,,,,,,,,replace==tamus.edu,,,,,,,,,,,,
,https://ror.org/00bpmmc63,,,,,,,replace==https://www.inaoep.mx/,,replace==inaoep.mx,,,,,,,,,,,,
,https://ror.org/05gqsa340,,,,,,,,,replace==hus.ac.jp,,,,,,,,,,,,
,https://ror.org/01vp99c97,,,,,,,,,replace==colmex.mx,,,,,,,,,,,,
,https://ror.org/046p12h21,,,,,,,,,replace==bms.kr,,,,,,,,,,,,
,https://ror.org/010npae67,,,,,,,,,replace==lincolnsinn.org.uk,,,,,,,,,,,,
,https://ror.org/01n9zy652,,,,,,,,,replace==mu-sofia.bg,,,,,,,,,,,,
,https://ror.org/00x5je630,,,,,,,,,replace==donstu.ru,,,,,,,,,,,,
,https://ror.org/01zr73v18,,,,,,,,,replace==sjzu.edu.cn,,,,,,,,,,,,
,https://ror.org/04hd0yz67,,,,,,,,,replace==eaea.org.eg,,,,,,,,,,,,
,https://ror.org/03bdv1r55,,,,,,,replace==https://www.jmc.ac.il/en/,,replace==jmc.ac.il,,,,,,,,,,,,
,https://ror.org/02g5p4n58,,,,,,,,,replace==abbvie.com,,,,,,,,,,,,
,https://ror.org/03c21xx79,,,,,,,,,replace==unimal.ac.id,,,,,,,,,,,,
,https://ror.org/029tkqm80,,,,,,,,,replace==svuh.ie,,,,,,,,,,,,
,https://ror.org/0446vnd56,,,,,,,,,replace==wku.edu,,,,,,,,,,,,
,https://ror.org/04nvtmr42,,,,,,,replace==https://www.interface.com/,,replace==interface.com,,,,,,,,,,,,
,https://ror.org/02842cb31,,,,,,,,,replace==unir.br,,,,,,,,,,,,
,https://ror.org/00txxwv34,,,,,,,replace==https://www.agropolis.fr/,,replace==agropolis.fr,,,,,,,,,,,,
,https://ror.org/03cn6tr16,,,,,,,,,replace==ciberehd.org,,,,,,,,,,,,
,https://ror.org/03cw63y62,,,,,,,,,replace==wchospital.ca,,,,,,,,,,,,
,https://ror.org/04ts4qa58,,,,,,,replace==https://www.changwon.ac.kr/kor/index.html,,replace==changwon.ac.kr,,,,,,,,,,,,
,https://ror.org/03cxsty68,,,,,,,,,replace==unicentro.br,,,,,,,,,,,,
,https://ror.org/026vtd268,,,,,,,replace==https://www.manit.ac.in,,replace==manit.ac.in,,,,,,,,,,,,
,https://ror.org/01tyv8576,,,,,,,,,replace==ibp.ac.cn,,,,,,,,,,,,
,https://ror.org/0126z4b94,,,,,,,,,replace==acecr.ac.ir,,,,,,,,,,,,
,https://ror.org/03m1g2s55,,,,,,,,,replace==sbpdiscovery.org,,,,,,,,,,,,
,https://ror.org/02t71h845,,,,,,,replace==https://www.honeywell.com/us/en,,replace==honeywell.com,,,,,,,,,,,,
,https://ror.org/052z7nw84,,,,,,,,,replace==ue.edu.pk,,,,,,,,,,,,
,https://ror.org/0409zd934,,,,,,,,,replace==unicartagena.edu.co,,,,,,,,,,,,
,https://ror.org/03wb8xz10,,,,,,,replace==https://www.edf.fr/en,,replace==edf.fr,,,,,,,,,,,,
,https://ror.org/0192yj155,,,,,,,,,replace==scsio.ac.cn,,,,,,,,,,,,
,https://ror.org/02f7nxk86,,,,,,,,,replace==unpal.ac.id,,,,,,,,,,,,
,https://ror.org/038g7dk46,,,,,,,,,replace==uni-miskolc.hu,,,,,,,,,,,,
,https://ror.org/031px5f40,,,,,,,,,replace==umj.ac.id,,,,,,,,,,,,
,https://ror.org/002cp4060,,,,,,,,,replace==ap-hm.fr,,,,,,,,,,,,
,https://ror.org/00nzsxq20,,,,,,,,,replace==ncbj.gov.pl,,,,,,,,,,,,
,https://ror.org/01s3fs709,,,,,,,,,replace==agrocampus-ouest.fr,,,,,,,,,,,,
,https://ror.org/04s629c33,,,,,,,,,replace==nihs.go.jp,,,,,,,,,,,,
,https://ror.org/04jabhf80,,,,,,,,,replace==jsut.edu.cn,,,,,,,,,,,,
,https://ror.org/04j3eks61,,,,,,,replace==https://english.issp.cas.cn/,,replace==issp.ac.cn,,,,,,,,,,,,
,https://ror.org/01mmady97,,,,,,,,,replace==dhzc-charite.de,,,,,,,,,,,,
,https://ror.org/03ve0eh58,,,,,,,,,replace==umsu.ac.id,,,,,,,,,,,,
,https://ror.org/0324fzh77,,,,,,,,,replace==liu.edu,,,,,,,,,,,,
,https://ror.org/02nt5es71,,,,,,,,,replace==ahs.ca,,,,,,,,,,,,
,https://ror.org/00jhae347,,,,,,,,,replace==medpro.com,,,,,,,,,,,,
,https://ror.org/05cyd8v32,,,,,,,,,replace==buruniv.ac.in,,,,,,,,,,,,
,https://ror.org/03zwesg40,,,,,,,,,replace==ut.ac.id,,,,,,,,,,,,
,https://ror.org/032q5ym94,,,,,,,,,replace==martinos.org,,,,,,,,,,,,
,https://ror.org/023bq8521,,,,,,,,,replace==etu.ru,,,,,,,,,,,,
,https://ror.org/004dzkd51,,,,,,,,,replace==phyche.ac.ru,,,,,,,,,,,,
,https://ror.org/04pn6vp43,,,,,,,,,replace==chu-st-etienne.fr,,,,,,,,,,,,
,https://ror.org/01hy2c330,,,,,,,,,replace==igic.ras.ru,,,,,,,,,,,,
,https://ror.org/04sk34n56,,,,,,,,,replace==totalenergies.com,,,,,,,,,,,,
,https://ror.org/05by5hm18,,,,,,,,,replace==cpp.edu,,,,,,,,,,,,
,https://ror.org/00286hs46,,,,,,,,,replace==ur.ac.rw,,,,,,,,,,,,
,https://ror.org/04xftk194,,,,,,,,,replace==dlsu.edu.ph,,,,,,,,,,,,
,https://ror.org/0590dnz19,,,,,,,,,replace==fuwai.com,,,,,,,,,,,,
,https://ror.org/00yqvtm78,,,,,,,,,replace==shahroodut.ac.ir,,,,,,,,,,,,
,https://ror.org/02msjvh03,,,,,,,,,replace==gbpuat.ac.in,,,,,,,,,,,,
,https://ror.org/03qjp1d79,,,,,,,,,replace==hereon.de,,,,,,,,,,,,
,https://ror.org/0261g6j35,,,,,,,replace==https://hau.ac.in/,,replace==hau.ac.in,,,,,,,,,,,,
,https://ror.org/036h6g940,,,,,,,,,replace==gov.in,,,,,,,,,,,,
,https://ror.org/0176yqn58,,,,,,,,,replace==aucegypt.edu,,,,,,,,,,,,
,https://ror.org/05fjs7w98,,,,,,,,,replace==nimr.or.tz,,,,,,,,,,,,
,https://ror.org/03y5egs41,,,,,,,replace==https://uni-pannon.hu/,,replace==uni-pannon.hu,,,,,,,,,,,,
,https://ror.org/01j0qa041,,,,,,,,,replace==ospedaliriuniti.marche.it,,,,,,,,,,,,
,https://ror.org/05qsjq305,,,,,,,,,replace==chu-nice.fr,,,,,,,,,,,,
,https://ror.org/04rtaxr13,,,,,,,,,replace==joint-docs.com,,,,,,,,,,,,
,https://ror.org/02r5cmz65,,,,,,,,,replace==mubabol.ac.ir,,,,,,,,,,,,
,https://ror.org/019wqcg20,,,,,,,,,replace==stanfordhealthcare.org,,,,,,,,,,,,
,https://ror.org/04py2rh25,,,,,,,,,replace==mgb.org,,,,,,,,,,,,
,https://ror.org/00fhbr831,,,,,,,,,replace==triangle-inc.org,,,,,,,,,,,,
,https://ror.org/02pecpe58,,,,,,,replace==https://mngha.med.sa/,,replace==mngha.med.sa,,,,,,,,,,,,
,https://ror.org/0071qz696,,,,,,,,,replace==ctu.edu.vn,,,,,,,,,,,,
,https://ror.org/05xrcj819,,,,,,,,,replace==ao-pisa.toscana.it,,,,,,,,,,,,
,https://ror.org/03btvgn05,,,,,,,,,replace==cue-lnf.fr,,,,,,,,,,,,
,https://ror.org/01s5axj25,,,,,,,,,replace==lunenfeld.ca,,,,,,,,,,,,
,https://ror.org/0403qcr87,,,,,,,,,replace==ait.ac.th,,,,,,,,,,,,
,https://ror.org/02qg60849,,,,,,,replace==https://www.engsys.com/,,replace==engsys.com,,,,,,,,,,,,
,https://ror.org/00qwnam72,,,,,,,,,replace==it-chiba.ac.jp,,,,,,,,,,,,
,https://ror.org/01d1kv753,,,,,,,,,replace==spring8.or.jp,,,,,,,,,,,,
,https://ror.org/005bty106,,,,,,,,,replace==eulji.ac.kr,,,,,,,,,,,,
,https://ror.org/02wnmk332,,,,,,,,,replace==cbpf.br,,,,,,,,,,,,
,https://ror.org/03gtdcg60,,,,,,,,,replace==udp.cl,,,,,,,,,,,,
,https://ror.org/00nvxt968,,,,,,,,,replace==uks.eu,,,,,,,,,,,,
,https://ror.org/04t8qjg16,,,,,,,,,replace==cdri.res.in,,,,,,,,,,,,
,https://ror.org/02y28sc20,,,,,,,,,replace==visva-bharati.ac.in,,,,,,,,,,,,
,https://ror.org/0326knt82,,,,,,,,,replace==uai.cl,,,,,,,,,,,,
,https://ror.org/015803449,,,,,,,,,replace==slam.nhs.uk,,,,,,,,,,,,
,https://ror.org/0119pby33,,,,,,,,,replace==ciberes.org,,,,,,,,,,,,
,https://ror.org/00q32j219,,,,,,,,,replace==boehringer-ingelheim.com,,,,,,,,,,,,
,https://ror.org/04qcjsm24,,,,,,,,,replace==nio.gov.pl,,,,,,,,,,,,
,https://ror.org/048qnr849,,,,,,,,,replace==aswu.edu.eg,,,,,,,,,,,,
,https://ror.org/05khqpb71,,,,,,,replace==https://www.uibe.edu.cn,,replace==uibe.edu.cn,,,,,,,,,,,,
,https://ror.org/01fwrsq33,,,,,,,,,replace==barrowneuro.org,,,,,,,,,,,,
,https://ror.org/034vpja60,,,,,,,,,replace==unifal-mg.edu.br,,,,,,,,,,,,
,https://ror.org/003qeh975,,,,,,,,,replace==catas.cn,,,,,,,,,,,,
,https://ror.org/00xhj8c72,,,,,,,,,replace==lmu.edu,,,,,,,,,,,,
,https://ror.org/00m1n2078,,,,,,,,,replace==cae.com,,,,,,,,,,,,
,https://ror.org/01jemb993,,,,,,,,,replace==chph.ras.ru,,,,,,,,,,,,
,https://ror.org/02s8x5a25,,,,,,,,,replace==sdu.edu.kz,,,,,,,,,,,,
,https://ror.org/05783y657,,,,,,,,,replace==ski.org,,,,,,,,,,,,
,https://ror.org/04cqs5j56,,,,,,,,,replace==siue.edu,,,,,,,,,,,,
,https://ror.org/03wrf9427,,,,,,,replace==https://www.suit-sz.edu.cn/,,replace==sziit.edu.cn,,,,,,,,,,,,
,https://ror.org/00k6c4h29,,,,,,,replace==https://www.lnpu.edu.cn/,,replace==lnpu.edu.cn,,,,,,,,,,,,
,https://ror.org/0025g8755,,,,,,,,,replace==hsacco.it,,,,,,,,,,,,
,https://ror.org/03gf6ma44,,,,,,,,,replace==westwomen.org,,,,,,,,,,,,
,https://ror.org/05am7x020,,,,,,,,,replace==rscm.co.id,,,,,,,,,,,,
,https://ror.org/006wjwp03,,,,,,,,,replace==rijksmuseum.nl,,,,,,,,,,,,
,https://ror.org/02dqdxm48,,,,,,,,,replace==hhsc.ca,,,,,,,,,,,,
,https://ror.org/0317ekv86,,,,,,,replace==https://www.uob.edu.bh/,,replace==uob.edu.bh,,,,,,,,,,,,
,https://ror.org/02re32a17,,,,,,,replace==https://www.hs-mainz.de/,,replace==hs-mainz.de,,,,,,,,,,,,
,https://ror.org/03f9f1d95,,,,,,,,,replace==afit.edu,,,,,,,,,,,,
,https://ror.org/033fgr632,,,,,,,,,replace==ucimed.com,,,,,,,,,,,,
,https://ror.org/021es5e59,,,,,,,replace==http://corp-mit.ru,,replace==corp-mit.ru,,,,,,,,,,,,
,https://ror.org/04txyc737,,,,,,,,,replace==novonordiskfonden.dk,,,,,,,,,,,,
,https://ror.org/04skmn292,,,,,,,,,replace==bch.com.cn,,,,,,,,,,,,
,https://ror.org/01b3dvp57,,,,,,,,,replace==garvan.org.au,,,,,,,,,,,,
,https://ror.org/05ydjnb78,,,,,,,,,replace==uni-passau.de,,,,,,,,,,,,
,https://ror.org/0441cbj57,,,,,,,,,replace==nubip.edu.ua,,,,,,,,,,,,
,https://ror.org/01khf5d59,,,,,,,replace==https://www.qqhru.edu.cn/,,replace==qqhru.edu.cn,,,,,,,,,,,,
,https://ror.org/059d6yn51,,,,,,,replace==https://www.toyo.ac.jp/,,replace==toyo.jp,,,,,,,,,,,,
,https://ror.org/03r38cy24,,,,,,,,,replace==orist.jp,,,,,,,,,,,,
,https://ror.org/00ha14p11,,,,,,,,,replace==vtu.ac.in,,,,,,,,,,,,
,https://ror.org/029s6hd13,,,,,,,,,replace==chu-poitiers.fr,,,,,,,,,,,,
,https://ror.org/01g9hkj35,,,,,,,,,replace==gdas.gd.cn,,,,,,,,,,,,
,https://ror.org/04ryvdf08,,,,,,,,,replace==cosmos.ru,,,,,,,,,,,,
,https://ror.org/016p83279,,,,,,,,,replace==hospital-macarena.com,,,,,,,,,,,,
,https://ror.org/04qjh2h11,,,,,,,,,replace==xjau.edu.cn,,,,,,,,,,,,
,https://ror.org/0577sef82,,,,,,,,,replace==sevin.ru,,,,,,,,,,,,
,https://ror.org/04z4kmw33,,,,,,,,,replace==mh.org.au,,,,,,,,,,,,
,https://ror.org/00bv64a69,,,,,,,,,replace==jfcr.or.jp,,,,,,,,,,,,
,https://ror.org/03a11m818,,,,,,,replace==https://ctb.iau.ir,,replace==iauctb.ac.ir,,,,,,,,,,,,
,https://ror.org/00b4mx203,,,,,,,,,replace==ihb.ac.cn,,,,,,,,,,,,
,https://ror.org/02tvcev59,,,,,,,,,replace==newschool.edu,,,,,,,,,,,,
,https://ror.org/05bhsww40,,,,,,,,,replace==scrippshealth.org,,,,,,,,,,,,
,https://ror.org/04scfb908,,,,,,,,,replace==alfred.org.au,,,,,,,,,,,,
,https://ror.org/05sw1mq09,,,,,,,,,replace==crc-kiel.de,,,,,,,,,,,,
,https://ror.org/04gns8903,,,,,,,,,replace==ihed.ras.ru,,,,,,,,,,,,
,https://ror.org/00414dg76,,,,,,,,,replace==rchsd.org,,,,,,,,,,,,
,https://ror.org/044rgx723,,,,,,,replace==https://www.imust.edu.cn/,,replace==imust.edu.cn,,,,,,,,,,,,
,https://ror.org/0270y6950,,,,,,,,,replace==hrbnu.edu.cn,,,,,,,,,,,,
,https://ror.org/0578f1k82,,,,,,,,,replace==hist.edu.cn,,,,,,,,,,,,
,https://ror.org/04fa2qd52,,,,,,,,,replace==sanyau.edu.cn,,,,,,,,,,,,
,https://ror.org/00shsf120,,,,,,,,,replace==nui.ie,,,,,,,,,,,,
,https://ror.org/0523b6g79,,,,,,,,,replace==dlou.edu.cn,,,,,,,,,,,,
,https://ror.org/001f7a930,,,,,,,,,replace==cittadellasalute.to.it,,,,,,,,,,,,
,https://ror.org/05vh67662,,,,,,,,,replace==ita.br,,,,,,,,,,,,
,https://ror.org/013cdqc34,,,,,,,,,replace==alzahra.ac.ir,,,,,,,,,,,,
,https://ror.org/02xjrkt08,,,,,,,,,replace==sdfey.com,,,,,,,,,,,,
,https://ror.org/04vy95b61,,,,,,,,,replace==nstda.or.th,,,,,,,,,,,,
,https://ror.org/05e34ej29,,,,,,,,,replace==znu.ac.ir,,,,,,,,,,,,
,https://ror.org/00jsjm362,,,,,,,,,replace==univ-tlemcen.dz,,,,,,,,,,,,
,https://ror.org/00264zf15,,,,,,,,,replace==ztu.edu.cn,,,,,,,,,,,,
,https://ror.org/007tn5k56,,,,,,,,,replace==shu.edu,,,,,,,,,,,,
,https://ror.org/02mby1820,,,,,,,,,replace==ausl.bologna.it,,,,,,,,,,,,
,https://ror.org/02f0cra24,,,,,,,,,replace==ginras.ru,,,,,,,,,,,,
,https://ror.org/02b2x6q12,,,,,,,,,replace==aidatlanta.org,,,,,,,,,,,,
,https://ror.org/01d2sez20,,,,,,,,,replace==missouristate.edu,,,,,,,,,,,,
,https://ror.org/03kaab451,,,,,,,replace==https://mdu.ac.in/,,replace==mdurohtak.ac.in,,,,,,,,,,,,
,https://ror.org/02ntheh91,,,,,,,,,replace==ivic.gob.ve,,,,,,,,,,,,
,https://ror.org/02fj6b627,,,,,,,replace==https://www.gxust.edu.cn/,,replace==gxust.edu.cn,,,,,,,,,,,,
,https://ror.org/03j9tzj20,,,,,,,replace==https://www.nbu.edu.sa/,,replace==nbu.edu.sa,,,,,,,,,,,,
,https://ror.org/000fxgx19,,,,,,,,,replace==sunypoly.edu,,,,,,,,,,,,
,https://ror.org/04cdk4t75,,,,,,,,,replace==chu-rouen.fr,,,,,,,,,,,,
,https://ror.org/04cnscd67,,,,,,,,,replace==umi.ac.ma,,,,,,,,,,,,
,https://ror.org/05efq3455,,,,,,,,,replace==unsil.ac.id,,,,,,,,,,,,
,https://ror.org/0506y2b23,,,,,,,,,replace==istitutotumori.na.it,,,,,,,,,,,,
,https://ror.org/05gftfe97,,,,,,,,,replace==chinamobilehk.com,,,,,,,,,,,,
,https://ror.org/001jx2139,,,,,,,,,replace==hsjdbcn.org,,,,,,,,,,,,
,https://ror.org/032hx4q18,,,,,,,,,replace==dow.com,,,,,,,,,,,,
,https://ror.org/05v2p9075,,,,,,,,,replace==nahrainuniv.edu.iq,,,,,,,,,,,,
,https://ror.org/010r9dy59,,,,,,,,,replace==uautonoma.cl,,,,,,,,,,,,
,https://ror.org/01a0mk874,,,,,,,,,replace==nku.edu.tr,,,,,,,,,,,,
,https://ror.org/04jscf286,,,,,,,,,replace==ottawa.edu,,,,,,,,,,,,
,https://ror.org/02stey378,,,,,,,,,replace==nd.edu.au,,,,,,,,,,,,
,https://ror.org/05qgz5a90,,,,,,,,,replace==neovize.cz,,,,,,,,,,,,
,https://ror.org/04r15fz20,,,,,,,replace==https://hu.edu.et/,,replace==hu.edu.et,,,,,,,,,,,,
,https://ror.org/05a7rhx54,,,,,,,,,replace==ericsson.com,,,,,,,,,,,,
,https://ror.org/00235nr42,,,,,,,,,replace==unifei.edu.br,,,,,,,,,,,,
,https://ror.org/03a9mf398,,,,,,,replace==https://mpgu.su/,,replace==mpgu.su,,,,,,,,,,,,
,https://ror.org/00zhvdn11,,,,,,,replace==https://www.thu.edu.tw/,,replace==thu.edu.tw,,,,,,,,,,,,
,https://ror.org/02c4zkr79,,,,,,,,,replace==eksu.edu.ng,,,,,,,,,,,,
,https://ror.org/05y06tg49,,,,,,,,,replace==o6u.edu.eg,,,,,,,,,,,,
,https://ror.org/028z9kw20,,,,,,,,,replace==hu.nl,,,,,,,,,,,,
,https://ror.org/033cbzv42,,,,,,,,,replace==ipp.ac.cn,,,,,,,,,,,,
,https://ror.org/05v5wwy67,,,,,,,,,replace==hippocratio.gr,,,,,,,,,,,,
,https://ror.org/04vdmbk59,,,,,,,,,replace==uptc.edu.co,,,,,,,,,,,,
,https://ror.org/04j5z3x06,,,,,,,replace==https://uea.edu.br,,replace==uea.edu.br,,,,,,,,,,,,
,https://ror.org/027385r44,,,,,,,,,replace==ecut.edu.cn,,,,,,,,,,,,
,https://ror.org/006k1pa70,,,,,,,,,replace==cambridge.pt,,,,,,,,,,,,
,https://ror.org/03adqg323,,,,,,,,,replace==labri.fr,,,,,,,,,,,,
,https://ror.org/051qn8h41,,,,,,,,,replace==iliauni.edu.ge,,,,,,,,,,,,
,https://ror.org/02zrtpp84,,,,,,,,,replace==vnit.ac.in,,,,,,,,,,,,
,https://ror.org/04eps4h65,,,,,,,replace==https://tuf.edu.pk/,,replace==tuf.edu.pk,,,,,,,,,,,,
,https://ror.org/01dr2b756,,,,,,,,,replace==hbmu.edu.cn,,,,,,,,,,,,
,https://ror.org/04d0szq68,,,,,,,replace==https://www.szmc.org.il/,,replace==szmc.org.il,,,,,,,,,,,,
,https://ror.org/039zhhm92,,,,,,,,,replace==khuisf.ac.ir,,,,,,,,,,,,
,https://ror.org/00e477a69,,,,,,,replace==https://www.hsc.edu.tw/,,replace==hsc.edu.tw,,,,,,,,,,,,
,https://ror.org/03zn6c508,,,,,,,,,replace==itpcas.ac.cn,,,,,,,,,,,,
,https://ror.org/00mfpxb84,,,,,,,,,replace==univ-avignon.fr,,,,,,,,,,,,
,https://ror.org/00cwwxh37,,,,,,,,,replace==esaunggul.ac.id,,,,,,,,,,,,
,https://ror.org/0095xcq10,,,,,,,,,replace==umt.edu.pk,,,,,,,,,,,,
,https://ror.org/014xqzt56,,,,,,,,,replace==brmh.org,,,,,,,,,,,,
,https://ror.org/043071f54,,,,,,,,,replace==roehampton.ac.uk,,,,,,,,,,,,
,https://ror.org/01w60n236,,,,,,,,,replace==sumdu.edu.ua,,,,,,,,,,,,
,https://ror.org/030wyr187,,,,,,,replace==https://www.ttl.fi/en/,,replace==ttl.fi,,,,,,,,,,,,
,https://ror.org/05c84j393,,,,,,,,,replace==uemg.br,,,,,,,,,,,,
,https://ror.org/02ehshm78,,,,,,,,,replace==emich.edu,,,,,,,,,,,,
,https://ror.org/04320xd69,,,,,,,,,replace==nwrc-eg.org,,,,,,,,,,,,
,https://ror.org/05w13qg40,,,,,,,replace==https://www.muctr.ru/,,replace==muctr.ru,,,,,,,,,,,,
,https://ror.org/053h75930,,,,,,,,,replace==bunkyo.ac.jp,,,,,,,,,,,,
,https://ror.org/038x9td67,,,,,,,,,replace==amolf.nl,,,,,,,,,,,,
,https://ror.org/03fk87k11,,,,,,,,,replace==imj-prg.fr,,,,,,,,,,,,
,https://ror.org/04e8jbs38,,,,,,,,,replace==hsu-hh.de,,,,,,,,,,,,
,https://ror.org/0139j4p80,,,,,,,,,replace==ahtcm.edu.cn,,,,,,,,,,,,
,https://ror.org/023pc0v92,,,,,,,,,replace==asl.bari.it,,,,,,,,,,,,
,https://ror.org/0498pcx51,,,,,,,,,replace==taylors.edu.my,,,,,,,,,,,,
,https://ror.org/034q1za58,,,,,,,,,replace==ipu.ac.in,,,,,,,,,,,,
,https://ror.org/00v29jp57,,,,,,,,,replace==unsam.edu.ar,,,,,,,,,,,,
,https://ror.org/03ngjpk76,,,,,,,,,replace==ga.com,,,,,,,,,,,,
,https://ror.org/041pjwa23,,,,,,,replace==https://portal.univali.br/,,replace==univali.br,,,,,,,,,,,,
,https://ror.org/04q0r6m34,,,,,,,,,replace==uacm.edu.mx,,,,,,,,,,,,
,https://ror.org/00md77g41,,,,,,,,,replace==operapadrepio.it,,,,,,,,,,,,
,https://ror.org/05kewds18,,,,,,,,,replace==ngc.com,,,,,,,,,,,,
,https://ror.org/01r277z15,,,,,,,,,replace==ilam.ac.ir,,,,,,,,,,,,
,https://ror.org/002an7w33,,,,,,,,,replace==uems.eu,,,,,,,,,,,,
,https://ror.org/043mzjj67,,,,,,,,,replace==beaumont.ie,,,,,,,,,,,,
,https://ror.org/05q6tgt32,,,,,,,,,replace==kennedykrieger.org,,,,,,,,,,,,
,https://ror.org/043pgqy52,,,,,,,,,replace==usra.edu,,,,,,,,,,,,
,https://ror.org/032y0n460,,,,,,,,,replace==insp.mx,,,,,,,,,,,,
,https://ror.org/00cpb6264,,,,,,,,,replace==neuromed.it,,,,,,,,,,,,
,https://ror.org/046yatd98,,,,,,,,,replace==midwestern.edu,,,,,,,,,,,,
,https://ror.org/023m5rq87,,,,,,,,,replace==upn.mx,,,,,,,,,,,,
,https://ror.org/040cnym54,,,,,,,,,replace==pbrc.edu,,,,,,,,,,,,
,https://ror.org/03snqfa66,,,,,,,,,replace==zu.ac.ae,,,,,,,,,,,,
,https://ror.org/04fzwnh64,,,,,,,,,replace==nm.org,,,,,,,,,,,,
,https://ror.org/04q9esz89,,,,,,,,,replace==latech.edu,,,,,,,,,,,,
,https://ror.org/03ta25k06,,,,,,,,,replace==ueg.br,,,,,,,,,,,,
,https://ror.org/03r6wjz53,,,,,,,,,replace==educacao.sp.gov.br,,,,,,,,,,,,
,https://ror.org/00rawf147,,,,,,,,,replace==msh-lse.fr,,,,,,,,,,,,
,https://ror.org/00s1jty20,,,,,,,,,replace==biotechinstitute.org,,,,,,,,,,,,
,https://ror.org/052d1a351,,,,,,,,,replace==mfn.berlin,,,,,,,,,,,,
,https://ror.org/01p7k1986,,,,,,,,,replace==ceitec.cz,,,,,,,,,,,,
,https://ror.org/01mcrnj60,,,,,,,,,replace==mu.edu.sa,,,,,,,,,,,,
,https://ror.org/00saanr69,,,,,,,,,replace==univsul.edu.iq,,,,,,,,,,,,
,https://ror.org/020rbyg91,,,,,,,,,replace==qst.go.jp,,,,,,,,,,,,
,https://ror.org/00excyz84,,,,,,,,,replace==emu.edu.tr,,,,,,,,,,,,
,https://ror.org/00wqczk30,,,,,,,,,replace==pasteur.ac.ir,,,,,,,,,,,,
,https://ror.org/022w3f533,,,,,,,replace==https://si.se/,,replace==si.se,,,,,,,,,,,,
,https://ror.org/04qxpma28,,,,,,,,,replace==uniara.com.br,,,,,,,,,,,,
,https://ror.org/02hb7bm88,,,,,,,,,replace==luke.fi,,,,,,,,,,,,
,https://ror.org/01ft5vz71,,,,,,,,,replace==iitp.ac.in,,,,,,,,,,,,
,https://ror.org/051rngw70,,,,,,,replace==https://www.sku.ac.ir/en,,replace==sku.ac.ir,,,,,,,,,,,,
,https://ror.org/02c2gwm94,,,,,,,,,replace==cardio.com,,,,,,,,,,,,
,https://ror.org/045qb5273,,,,,,,,,replace==dypatil.edu,,,,,,,,,,,,
,https://ror.org/05etxs293,,,,,,,,,replace==diamond.ac.uk,,,,,,,,,,,,
,https://ror.org/00devjr72,,,,,,,,,replace==univasf.edu.br,,,,,,,,,,,,
,https://ror.org/02n1hzn07,,,,,,,,,replace==mtsu.edu,,,,,,,,,,,,
,https://ror.org/044bma518,,,,,,,replace==https://www.ffpri.go.jp/en/,,replace==ffpri.go.jp,,,,,,,,,,,,
,https://ror.org/01xf83457,,,,,,,replace==https://www.irccs-sangerardo.it/,,replace==irccs-sangerardo.it,,,,,,,,,,,,
,https://ror.org/04ka0vh05,,,,,,,,,replace==iaa.es,,,,,,,,,,,,
,https://ror.org/01xcjmy57,,,,,,,,,replace==iov.veneto.it,,,,,,,,,,,,
,https://ror.org/05167c961,,,,,,,,,replace==westernu.edu,,,,,,,,,,,,
,https://ror.org/03ks2a131,,,,,,,,,replace==mitre.org,,,,,,,,,,,,
,https://ror.org/019787q29,,,,,,,,,replace==ucsiuniversity.edu.my,,,,,,,,,,,,
,https://ror.org/020ws7586,,,,,,,,,replace==insa-rouen.fr,,,,,,,,,,,,
,https://ror.org/058rvd314,,,,,,,,,replace==ipht.fr,,,,,,,,,,,,
,https://ror.org/02bchch95,,,,,,,,,replace==plantandfood.co.nz,,,,,,,,,,,,
,https://ror.org/04q9qf557,,,,,,,,,replace==neomed.edu,,,,,,,,,,,,
,https://ror.org/010jskt71,,,,,,,,,replace==erau.edu,,,,,,,,,,,,
,https://ror.org/00znvbk37,,,,,,,,,replace==nhls.ac.za,,,,,,,,,,,,
,https://ror.org/02cc4gc68,,,,,,,replace==https://atu.ac.ir/,,replace==atu.ac.ir,,,,,,,,,,,,
,https://ror.org/05pmj3x43,,,,,,,,,replace==jacobs.com,,,,,,,,,,,,
,https://ror.org/010n0x685,,,,,,,,,replace==uce.edu.ec,,,,,,,,,,,,
,https://ror.org/05t8s3y29,,,,,,,,,replace==discovery.org,,,,,,,,,,,,
,https://ror.org/03za3eq42,,,,,,,replace==https://www.crecg.com/,,replace==crec.cn,,,,,,,,,,,,
,https://ror.org/010brsj79,,,,,,,,,replace==qbisci.com,,,,,,,,,,,,
,https://ror.org/03vaqfv64,,,,,,,,,replace==gns.cri.nz,,,,,,,,,,,,
,https://ror.org/00mc77d93,,,,,,,,,replace==icsmaugeri.it,,,,,,,,,,,,
,https://ror.org/04wm52x94,,,,,,,,,replace==inta.gob.ar,,,,,,,,,,,,
,https://ror.org/04r1zkp10,,,,,,,replace==https://www.jxstnu.edu.cn/,,replace==jxstnu.edu.cn,,,,,,,,,,,,
,https://ror.org/00pbh0a34,,,,,,,,,replace==britishmuseum.org,,,,,,,,,,,,
,https://ror.org/013qfkw58,,,,,,,,,replace==mmumullana.org,,,,,,,,,,,,
,https://ror.org/013m0ej23,,,,,,,,,replace==perimeterinstitute.ca,,,,,,,,,,,,
,https://ror.org/00s9dpb54,,,,,,,replace==https://www.mju.ac.kr/,,replace==mju.ac.kr,,,,,,,,,,,,
,https://ror.org/04tzy5g14,,,,,,,,,replace==mobot.org,,,,,,,,,,,,
,https://ror.org/04ptbrd12,,,,,,,replace==https://www.gums.ac.ir/,,replace==gums.ac.ir,,,,,,,,,,,,
,https://ror.org/003wx9n05,,,,,,,,,replace==sbs.org,,,,,,,,,,,,
,https://ror.org/00ft6nj33,,,,,,,,,replace==sia.cn,,,,,,,,,,,,
,https://ror.org/00rfn0469,,,,,,,,,replace==tsc.edu.cn,,,,,,,,,,,,
,https://ror.org/00qexeh70,,,,,,,,,replace==midhosp.org,,,,,,,,,,,,
,https://ror.org/02gdcg342,,,,,,,,,replace==univ-littoral.fr,,,,,,,,,,,,
,https://ror.org/01rkwtz72,,,,,,,,,replace==gdaas.cn,,,,,,,,,,,,
,https://ror.org/01xqdxh54,,,,,,,,,replace==scbg.ac.cn,,,,,,,,,,,,
,https://ror.org/01e8ff003,,,,,,,,,replace==shahed.ac.ir,,,,,,,,,,,,
,https://ror.org/02rrdvm96,,,,,,,,,replace==sibcb.ac.cn,,,,,,,,,,,,
,https://ror.org/057mvv518,,,,,,,,,replace==ufrb.edu.br,,,,,,,,,,,,
,https://ror.org/04ews3245,,,,,,,,,replace==ddz.de,,,,,,,,,,,,
,https://ror.org/02tfv4t78,,,,,,,,,replace==corning.com,,,,,,,,,,,,
,https://ror.org/01za8fg18,,,,,,,,,replace==lasu.edu.ng,,,,,,,,,,,,
,https://ror.org/04vtx5s55,,,,,,,,,replace==unima.ac.mw,,,,,,,,,,,,
,https://ror.org/022yvqh08,,,,,,,,,replace==uch-ibadan.org.ng,,,,,,,,,,,,
,https://ror.org/04ty8dh37,,,,,,,,,replace==delsu.edu.ng,,,,,,,,,,,,
,https://ror.org/030v5kp38,,,,,,,,,replace==unn.no,,,,,,,,,,,,
,https://ror.org/02p0p4q62,,,,,,,,,replace==prl.res.in,,,,,,,,,,,,
,https://ror.org/043jqrs76,,,,,,,replace==https://www.scnu.ac.kr/,,replace==scnu.ac.kr,,,,,,,,,,,,
,https://ror.org/000q08p21,,,,,,,,,replace==schott.com,,,,,,,,,,,,
,https://ror.org/02v8d7770,,,,,,,,,replace==bahria.edu.pk,,,,,,,,,,,,
,https://ror.org/02ewzwr87,,,,,,,,,replace==qu.edu.iq,,,,,,,,,,,,
,https://ror.org/03mrbr458,,,,,,,,,replace==aip.de,,,,,,,,,,,,
,https://ror.org/00e96v939,,,,,,,,,replace==univ-evry.fr,,,,,,,,,,,,
,https://ror.org/01evb6z23,,,,,,,,,replace==king.edu,,,,,,,,,,,,
,https://ror.org/01thb7525,,,,,,,,,replace==iae.ac.cn,,,,,,,,,,,,
,https://ror.org/01qz7fr76,,,,,,,,,replace==bsms.ac.uk,,,,,,,,,,,,
,https://ror.org/02retg991,,,,,,,replace==https://jammuuniversity.ac.in/,,replace==jammuuniversity.ac.in,,,,,,,,,,,,
,https://ror.org/046e90j34,,,,,,,replace==https://www.cardiologia.org.mx/,,replace==cardiologia.org.mx,,,,,,,,,,,,
,https://ror.org/040hqpc16,,,,,,,,,replace==mater.ie,,,,,,,,,,,,
,https://ror.org/00qvx5329,,,,,,,,,replace==doheny.org,,,,,,,,,,,,
,https://ror.org/05vg74d16,,,,,,,,,replace==hi.no,,,,,,,,,,,,
,https://ror.org/00k575643,,,,,,,,,replace==nsrrc.org.tw,,,,,,,,,,,,
,https://ror.org/05sj5k538,,,,,,,,,replace==po.edu.pl,,,,,,,,,,,,
,https://ror.org/01ak5cj98,,,,,,,,,replace==usb.ve,,,,,,,,,,,,
,https://ror.org/02anh8x74,,,,,,,,,replace==msruas.ac.in,,,,,,,,,,,,
,https://ror.org/03fs9z545,,,,,,,,,replace==tropmedres.ac,,,,,,,,,,,,
,https://ror.org/044kkfr75,,,,,,,,,replace==albanova.se,,,,,,,,,,,,
,https://ror.org/0331wat71,,,,,,,,,replace==ahus.no,,,,,,,,,,,,
,https://ror.org/03xg85719,,,,,,,,,replace==wiko-berlin.de,,,,,,,,,,,,
,https://ror.org/02y7rck89,,,,,,,,,replace==dali.edu.cn,,,,,,,,,,,,
,https://ror.org/035z2ew45,,,,,,,,,replace==eiu.edu,,,,,,,,,,,,
,https://ror.org/02c4cbt39,,,,,,,,,replace==lsus.edu,,,,,,,,,,,,
,https://ror.org/00s2qq515,,,,,,,,,replace==dpu.edu.in,,,,,,,,,,,,
,https://ror.org/03j32c418,,,,,,,,,replace==ump.ac.id,,,,,,,,,,,,
,https://ror.org/05jme6y84,,,,,,,,,replace==uswr.ac.ir,,,,,,,,,,,,
,https://ror.org/04fsb1973,,,,,,,,,replace==texascollege.edu,,,,,,,,,,,,
,https://ror.org/01rrczv41,,,,,,,,,replace==upm.edu.ph,,,,,,,,,,,,
,https://ror.org/00f8man71,,,,,,,replace==https://indianastate.edu/,,replace==indstate.edu,,,,,,,,,,,,
,https://ror.org/01fczmh85,,,,,,,,,replace==nsut.ac.in,,,,,,,,,,,,
,https://ror.org/02124dd11,,,,,,,,,replace==su.edu.krd,,,,,,,,,,,,
,https://ror.org/025gq5q04,,,,,,,,,replace==iue.ac.cn,,,,,,,,,,,,
,https://ror.org/05j73fd60,,,,,,,,,replace==sxicc.ac.cn,,,,,,,,,,,,
,https://ror.org/035n7q728,,,,,,,replace==https://americas.aramco.com/,,replace==aramcoamericas.com,,,,,,,,,,,,
,https://ror.org/0218eta95,,,,,,,replace==https://www.ras.ru/sciencestructure/departments.aspx?dep=6.,,replace==pran.ru,,,,,,,,,,,,
,https://ror.org/01g1t6g78,,,,,,,,,replace==whitney.org,,,,,,,,,,,,
,https://ror.org/00hhjss72,,,,,,,,,replace==tencent.com,,,,,,,,,,,,
,https://ror.org/03nh7d505,,,,,,,,,replace==ec-nantes.fr,,,,,,,,,,,,
,https://ror.org/05f0zr486,,,,,,,,,replace==akhwien.at,,,,,,,,,,,,
,https://ror.org/046nf9z89,,,,,,,,,replace==gu.ac.ir,,,,,,,,,,,,
,https://ror.org/03fcgva33,,,,,,,,,replace==wmchealth.org,,,,,,,,,,,,
,https://ror.org/01vx5yq44,,,,,,,,,replace==psu.edu.eg,,,,,,,,,,,,
,https://ror.org/02vnf0c38,,,,,,,,,replace==loria.fr,,,,,,,,,,,,
,https://ror.org/01f60xs15,,,,,,,,,replace==afu.edu.np,,,,,,,,,,,,
,https://ror.org/027pr6c67,,,,,,,,,replace==muhas.ac.tz,,,,,,,,,,,,
,https://ror.org/033jnv181,,,,,,,,,replace==hhs.gov,,,,,,,,,,,,
,https://ror.org/056szk247,,,,,,,,,replace==jsu.edu.cn,,,,,,,,,,,,
,https://ror.org/01zx16v02,,,,,,,,,replace==athens.edu,,,,,,,,,,,,
,https://ror.org/03ks1vk59,,,,,,,replace==https://www.cro.sanita.fvg.it/it/,,replace==cro.it,,,,,,,,,,,,
,https://ror.org/044ybef51,,,,,,,,,replace==nci.gov.my,,,,,,,,,,,,
,https://ror.org/04rnwed46,,,,,,,replace==https://www.eesigroup.com/,,replace==eesigroup.com,,,,,,,,,,,,
,https://ror.org/01qavk531,,,,,,,,,replace==catharinaziekenhuis.nl,,,,,,,,,,,,
,https://ror.org/03wcc3744,,,,,,,replace==https://www.forestresearch.gov.uk/,,replace==forestresearch.gov.uk,,,,,,,,,,,,
,https://ror.org/01hvx5h04,,,,,,,,,replace==omu.ac.jp,,,,,,,,,,,,
,https://ror.org/036xnae80,,,,,,,,,replace==ku.edu.np,,,,,,,,,,,,
,https://ror.org/044cm3z84,,,,,,,,,replace==bsu.edu.ru,,,,,,,,,,,,
,https://ror.org/0538gdx71,,,,,,,,,replace==jncasr.ac.in,,,,,,,,,,,,
,https://ror.org/01173vs27,,,,,,,replace==https://cu.ac.bd/,,replace==cu.ac.bd,,,,,,,,,,,,
,https://ror.org/01t466c14,,,,,,,,,replace==una.cr,,,,,,,,,,,,
,https://ror.org/05cdfgm80,,,,,,,replace==https://www.synu.edu.cn,,replace==synu.edu.cn,,,,,,,,,,,,
,https://ror.org/00hfj7g70,,,,,,,,,replace==nkust.edu.tw,,,,,,,,,,,,
,https://ror.org/054psm803,,,,,,,,,replace==ssn.edu.in,,,,,,,,,,,,
,https://ror.org/03kn4xv14,,,,,,,,,replace==ihep.ru,,,,,,,,,,,,
,https://ror.org/03sxpbt26,,,,,,,,,replace==iapcm.ac.cn,,,,,,,,,,,,
,https://ror.org/04emwm605,,,,,,,,,replace==thalesgroup.com,,,,,,,,,,,,
,https://ror.org/05av9mn02,,,,,,,,,replace==pml.ac.uk,,,,,,,,,,,,
,https://ror.org/0228w5t68,,,,,,,,,replace==kkh.com.sg,,,,,,,,,,,,
,https://ror.org/00sb1nr29,,,,,,,,,replace==iau-tnb.ac.ir,,,,,,,,,,,,
,https://ror.org/03kw6wr76,,,,,,,,,replace==philips.com,,,,,,,,,,,,
,https://ror.org/01wc2tq75,,,,,,,,,replace==kogakuin.ac.jp,,,,,,,,,,,,
,https://ror.org/0503ejf32,,,,,,,,,replace==uma.tn,,,,,,,,,,,,
,https://ror.org/02zt1gg83,,,,,,,,,replace==iaea.org,,,,,,,,,,,,
,https://ror.org/03vayv672,,,,,,,replace==https://univet.hu/en,,replace==univet.hu,,,,,,,,,,,,
,https://ror.org/014nnvj65,,,,,,,,,replace==th-koeln.de,,,,,,,,,,,,
,https://ror.org/013nat269,,,,,,,,,replace==syke.fi,,,,,,,,,,,,
,https://ror.org/05ycegt40,,,,,,,,,replace==banasthali.in,,,,,,,,,,,,
,https://ror.org/029t9db68,,,,,,,,,replace==tsue.uz,,,,,,,,,,,,
,https://ror.org/029tnqt29,,,,,,,,,replace==umoncton.ca,,,,,,,,,,,,
,https://ror.org/01dv3hq14,,,,,,,,,replace==keldysh.ru,,,,,,,,,,,,
,https://ror.org/02xh9x144,,,,,,,,,replace==upei.ca,,,,,,,,,,,,
,https://ror.org/05qfq0x09,,,,,,,replace==https://www.hnucm.edu.cn/,,replace==hnucm.edu.cn,,,,,,,,,,,,
,https://ror.org/0020x6414,,,,,,,,,replace==hmri.org.au,,,,,,,,,,,,
,https://ror.org/00zca7903,,,,,,,,,replace==ciberned.es,,,,,,,,,,,,
,https://ror.org/02sqgkj21,,,,,,,,,replace==unisabana.edu.co,,,,,,,,,,,,
,https://ror.org/044fxjq88,,,,,,,,,replace==usj.edu.lb,,,,,,,,,,,,
,https://ror.org/05kvm7n82,,,,,,,replace==https://www.scu.edu.tw/,,replace==scu.edu.tw,,,,,,,,,,,,
,https://ror.org/0233st365,,,,,,,,,replace==meteo.fr,,,,,,,,,,,,
,https://ror.org/002epp671,,,,,,,replace==https://www.cens.lmu.de/en/,,replace==cens.de,,,,,,,,,,,,
,https://ror.org/016na8197,,,,,,,,,replace==unimaid.edu.ng,,,,,,,,,,,,
,https://ror.org/011kf5r70,,,,,,,,,replace==nhmrc.gov.au,,,,,,,,,,,,
,https://ror.org/005pn5z34,,,,,,,,,replace==ifsp.edu.br,,,,,,,,,,,,
,https://ror.org/03zaddr67,,,,,,,,,replace==moorfields.nhs.uk,,,,,,,,,,,,
,https://ror.org/03a6a0a65,,,,,,,,,replace==unoesc.edu.br,,,,,,,,,,,,
,https://ror.org/04hrbe508,,,,,,,,,replace==univ-batna.dz,,,,,,,,,,,,
,https://ror.org/03pztks36,,,,,,,,,replace==adityabirla.com,,,,,,,,,,,,
,https://ror.org/00wdsp051,,,,,,,,,replace==hcrisa.org.za,,,,,,,,,,,,
,https://ror.org/03cavsb35,,,,,,,,,replace==radenfatah.ac.id,,,,,,,,,,,,
,https://ror.org/01qtp1053,,,,,,,,,replace==psemail.eu,,,,,,,,,,,,
,https://ror.org/04jbp8w50,,,,,,,,,replace==uty.ac.id,,,,,,,,,,,,
,https://ror.org/02e2nnq08,,,,,,,,,replace==sdufe.edu.cn,,,,,,,,,,,,
,https://ror.org/032xf8h46,,,,,,,,,replace==kgu.ac.kr,,,,,,,,,,,,
,https://ror.org/02e3ssq97,,,,,,,replace==https://www.dongnocchi.it/,,replace==dongnocchi.it,,,,,,,,,,,,
,https://ror.org/00qk1f078,,,,,,,,,replace==dnu.dp.ua,,,,,,,,,,,,
,https://ror.org/049ecjx61,,,,,,,,,replace==crys.ras.ru,,,,,,,,,,,,
,https://ror.org/003fvp964,,,,,,,,,replace==ipipan.waw.pl,,,,,,,,,,,,
,https://ror.org/05e830h62,,,,,,,replace==https://ichf.edu.pl/,,replace==ichf.edu.pl,,,,,,,,,,,,
,https://ror.org/03yb2hp88,,,,,,,,,replace==univ-bejaia.dz,,,,,,,,,,,,
,https://ror.org/035z6xf33,,,,,,,,,replace==omrf.org,,,,,,,,,,,,
,https://ror.org/04bk7v425,,,,,,,,,replace==mercer.edu,,,,,,,,,,,,
,https://ror.org/01xe5fb92,,,,,,,,,replace==uog.edu.pk,,,,,,,,,,,,
,https://ror.org/02p9cyn66,,,,,,,,,replace==landcareresearch.co.nz,,,,,,,,,,,,
,https://ror.org/04hcvaf32,,,,,,,,,replace==su.edu.ye,,,,,,,,,,,,
,https://ror.org/05vehv290,,,,,,,,,replace==utmn.ru,,,,,,,,,,,,
,https://ror.org/05v509s40,,,,,,,,,replace==univ-lehavre.fr,,,,,,,,,,,,
,https://ror.org/05n8ah907,,,,,,,,,replace==unilever.com,,,,,,,,,,,,
,https://ror.org/03j7v5j15,,,,,,,,,replace==psych.ac.cn,,,,,,,,,,,,
,https://ror.org/0444j5556,,,,,,,,,replace==opt.ac.cn,,,,,,,,,,,,
,https://ror.org/03hjgt059,,,,,,,,,replace==isglobal.org,,,,,,,,,,,,
,https://ror.org/04s5p1a35,,,,,,,replace==https://www.gov.br/icmbio/pt-br,,replace==icmbio.gov.br,,,,,,,,,,,,
,https://ror.org/01wqn3353,,,,,,,,,replace==uhamka.ac.id,,,,,,,,,,,,
,https://ror.org/03gwbzf29,,,,,,,,,replace==umfst.ro,,,,,,,,,,,,
,https://ror.org/00a3sq030,,,,,,,,,replace==franklin.edu,,,,,,,,,,,,
,https://ror.org/00rnmt205,,,,,,,replace==https://inran.ne/,,replace==inran.ne,,,,,,,,,,,,
,https://ror.org/020pekv35,,,,,,,,,replace==cal.org,,,,,,,,,,,,
,https://ror.org/0327f2m07,,,,,,,,,replace==crea.gov.it,,,,,,,,,,,,
,https://ror.org/030mwrt98,,,,,,,,,replace==nord.no,,,,,,,,,,,,
,https://ror.org/02g01ht84,,,,,,,,,replace==ydyy.net,,,,,,,,,,,,
,https://ror.org/05n0gsn30,,,,,,,,,replace==unimilitar.edu.co,,,,,,,,,,,,
,https://ror.org/04ja5n907,,,,,,,,,replace==uema.br,,,,,,,,,,,,
,https://ror.org/01g7qth32,,,,,,,,,replace==immt.res.in,,,,,,,,,,,,
,https://ror.org/006kxhp52,,,,,,,,,replace==un.org,,,,,,,,,,,,
,https://ror.org/03bqk3e80,,,,,,,,,replace==nccs.com.sg,,,,,,,,,,,,
,https://ror.org/05prsqx18,,,,,,,,,replace==bsl.nl,,,,,,,,,,,,
,https://ror.org/05y33vv83,,,,,,,,,replace==udd.cl,,,,,,,,,,,,
,https://ror.org/02haar591,,,,,,,,,replace==ipsl.fr,,,,,,,,,,,,
,https://ror.org/03e3kts03,,,,,,,,,replace==sahmri.com,,,,,,,,,,,,
,https://ror.org/01a9z1q73,,,,,,,replace==https://www.neigae.cas.cn/,,replace==iga.ac.cn,,,,,,,,,,,,
,https://ror.org/01gk55t56,,,,,,,,,replace==uir.ac.id,,,,,,,,,,,,
,https://ror.org/02pg0e883,,,,,,,replace==https://www.u-aizu.ac.jp/,,replace==u-aizu.ac.jp,,,,,,,,,,,,
,https://ror.org/029mnbn96,,,,,,,,,replace==aiimsbhubaneswar.edu.in,,,,,,,,,,,,
,https://ror.org/011htkb76,,,,,,,,,replace==upmc.edu,,,,,,,,,,,,
,https://ror.org/02jwb5s28,,,,,,,replace==https://www.bjhmoh.cn/,,replace==bjhmoh.cn,,,,,,,,,,,,
,https://ror.org/05dybcw48,,,,,,,,,replace==unita.ac.id,,,,,,,,,,,,
,https://ror.org/02xg1m795,,,,,,,,,replace==nig.ac.jp,,,,,,,,,,,,
,https://ror.org/0027d9x02,,,,,,,,,replace==sinano.ac.cn,,,,,,,,,,,,
,https://ror.org/05t58bx13,,,,,,,,,replace==samgtu.ru,,,,,,,,,,,,
,https://ror.org/00kqye711,,,,,,,,,replace==upjohn.org,,,,,,,,,,,,
,https://ror.org/035fp5e48,,,,,,,,,replace==scgcorp.com,,,,,,,,,,,,
,https://ror.org/01rtzw447,,,,,,,,,replace==lcc-toulouse.fr,,,,,,,,,,,,
,https://ror.org/05fhe0r85,,,,,,,,,replace==add.re.kr,,,,,,,,,,,,
,https://ror.org/055m2tx54,,,,,,,,,replace==nehu.ac.in,,,,,,,,,,,,
,https://ror.org/03y3y9v44,,,,,,,,,replace==eafit.edu.co,,,,,,,,,,,,
,https://ror.org/01r3kjq03,,,,,,,,,replace==adu.ac.ae,,,,,,,,,,,,
,https://ror.org/031wq1t38,,,,,,,,,replace==mot.gov.cn,,,,,,,,,,,,
,https://ror.org/00b747122,,,,,,,,,replace==ksbl.ch,,,,,,,,,,,,
,https://ror.org/00g651r29,,,,,,,,,replace==maimonidesmed.org,,,,,,,,,,,,
,https://ror.org/04pkc8m17,,,,,,,,,replace==nokia.com,,,,,,,,,,,,
,https://ror.org/052ay8m85,,,,,,,replace==https://fmba.gov.ru/,,replace==fmba.gov.ru,,,,,,,,,,,,
,https://ror.org/021nb2v44,,,,,,,replace==https://www.medicalcollegekolkata.in/,,replace==medicalcollegekolkata.in,,,,,,,,,,,,
,https://ror.org/03ksn2k92,,,,,,,,,replace==udmyangon-edu.com,,,,,,,,,,,,
,https://ror.org/03e2qe334,,,,,,,,,replace==nu.ac.th,,,,,,,,,,,,
,https://ror.org/03seew607,,,,,,,replace==https://www.applmath.com/,,replace==applmath.com,,,,,,,,,,,,
,https://ror.org/032298f51,,,,,,,,,replace==ospedalesantandrea.it,,,,,,,,,,,,
,https://ror.org/05202v862,,,,,,,,,replace==taru.edu.cn,,,,,,,,,,,,
,https://ror.org/04e3ktk27,,,,,,,replace==https://www.lri.fr/,,replace==lri.fr,,,,,,,,,,,,
,https://ror.org/033243786,,,,,,,,,replace==ummi.ac.id,,,,,,,,,,,,
,https://ror.org/016yv6y68,,,,,,,,,replace==dsu.edu,,,,,,,,,,,,
,https://ror.org/02md09461,,,,,,,,,replace==worldbank.org,,,,,,,,,,,,
,https://ror.org/056wyhh33,,,,,,,replace==https://www.nitp.ac.in/,,replace==nitp.ac.in,,,,,,,,,,,,
,https://ror.org/03k6r8t20,,,,,,,,,replace==niglas.ac.cn,,,,,,,,,,,,
,https://ror.org/057ecva72,,,,,,,,,replace==unne.edu.ar,,,,,,,,,,,,
,https://ror.org/04ybnj478,,,,,,,,,replace==aosr.ro,,,,,,,,,,,,
,https://ror.org/05m9vrv91,,,,,,,replace==https://www.rogerscorp.com,,replace==rogerscorporation.com,,,,,,,,,,,,
,https://ror.org/05k3sdc46,,,,,,,,,replace==nsmc.edu.cn,,,,,,,,,,,,
,https://ror.org/04bpyvy69,,,,,,,,,replace==mu.edu.et,,,,,,,,,,,,
,https://ror.org/00ssy9q55,,,,,,,,,replace==lam.fr,,,,,,,,,,,,
,https://ror.org/01nsn0t21,,,,,,,,,replace==furb.br,,,,,,,,,,,,
,https://ror.org/01a2wsa50,,,,,,,,,replace==bio-gipuzkoa.eus,,,,,,,,,,,,
,https://ror.org/028qa3n13,,,,,,,,,replace==iiserpune.ac.in,,,,,,,,,,,,
,https://ror.org/01n6r0e97,,,,,,,replace==https://www.leibniz-gemeinschaft.de/en/,,replace==leibniz-gemeinschaft.de,,,,,,,,,,,,
,https://ror.org/04ee58018,,,,,,,,,replace==ujat.mx,,,,,,,,,,,,
,https://ror.org/0046mja08,,,,,,,,,replace==najah.edu,,,,,,,,,,,,
,https://ror.org/05rs3pv16,,,,,,,replace==https://www.sanxiau.edu.cn/,,replace==sanxiau.edu.cn,,,,,,,,,,,,
,https://ror.org/01t6bjk79,,,,,,,replace==https://rmanpo.ru/,,replace==rmapo.ru,,,,,,,,,,,,
,https://ror.org/00m9f2x37,,,,,,,,,replace==center-for-children.org,,,,,,,,,,,,
,https://ror.org/03zwxja46,,,,,,,,,replace==ttk.hu,,,,,,,,,,,,
,https://ror.org/025fw7a54,,,,,,,,,replace==fli.de,,,,,,,,,,,,
,https://ror.org/047s7ag77,,,,,,,,,replace==fmabc.br,,,,,,,,,,,,
,https://ror.org/0152zzg30,,,,,,,replace==https://www.aufe.edu.cn/,,replace==aufe.edu.cn,,,,,,,,,,,,
,https://ror.org/0366c6s65,,,,,,,,,replace==whrsm.ac.cn,,,,,,,,,,,,
,https://ror.org/032m55064,,,,,,,replace==https://www.kiost.ac.kr/,,replace==kiost.ac.kr,,,,,,,,,,,,
,https://ror.org/04p6eac84,,,,,,,,,replace==mu.ac.ke,,,,,,,,,,,,
,https://ror.org/04hya7017,,,,,,,,,replace==ciberonc.es,,,,,,,,,,,,
,https://ror.org/050z9fj14,,,,,,,,,replace==huhsp.org.br,,,,,,,,,,,,
,https://ror.org/04qrtgy16,,,,,,,,,replace==mirea.ru,,,,,,,,,,,,
,https://ror.org/04dx82x73,,,,,,,replace==https://www.nnnu.edu.cn/,,replace==nnnu.edu.cn,,,,,,,,,,,,
,https://ror.org/00gqx0331,,,,,,,,,replace==rc-harwell.ac.uk,,,,,,,,,,,,
,https://ror.org/05rwjyj14,,,,,,,,,replace==fusionacademy.com,,,,,,,,,,,,
,https://ror.org/044zqqy65,,,,,,,,,replace==nps.gov,,,,,,,,,,,,
,https://ror.org/02cgn2a44,,,,,,,,,replace==sfi.ch,,,,,,,,,,,,
,https://ror.org/02wzg6d13,,,,,,,,,replace==gsj.jp,,,,,,,,,,,,
,https://ror.org/04esgv207,,,,,,,,,replace==nagpuruniversity.ac.in,,,,,,,,,,,,
,https://ror.org/02zc85170,,,,,,,replace==https://www.nit.ac.ir/,,replace==nit.ac.ir,,,,,,,,,,,,
,https://ror.org/0460vf117,,,,,,,,,replace==nsi.edu,,,,,,,,,,,,
,https://ror.org/02n43xw86,,,,,,,,,replace==usb.ac.ir,,,,,,,,,,,,
,https://ror.org/03jbsdf87,,,,,,,,,replace==umsu.ac.ir,,,,,,,,,,,,
,https://ror.org/01savtv33,,,,,,,replace==https://www.asst-pg23.it/,,replace==asst-pg23.it,,,,,,,,,,,,
,https://ror.org/03b0k9c14,,,,,,,replace==https://www.uk-augsburg.de/,,replace==uk-augsburg.de,,,,,,,,,,,,
,https://ror.org/01vasff55,,,,,,,replace==https://www.jmsu.edu.cn,,replace==jmsu.edu.cn,,,,,,,,,,,,
,https://ror.org/02qgahb88,,,,,,,,,replace==utm.edu.ec,,,,,,,,,,,,
,https://ror.org/05t77d857,,,,,,,,,replace==ibms.org,,,,,,,,,,,,
,https://ror.org/00bsj2955,,,,,,,,,replace==pec.edu.in,,,,,,,,,,,,
,https://ror.org/00vvvt117,,,,,,,,,replace==sookmyung.ac.kr,,,,,,,,,,,,
,https://ror.org/036x6gt55,,,,,,,,,replace==nbt.nhs.uk,,,,,,,,,,,,
,https://ror.org/01varr368,,,,,,,,,replace==powerchina.cn,,,,,,,,,,,,
,https://ror.org/006tpsn23,,,,,,,,,replace==marin.edu,,,,,,,,,,,,
,https://ror.org/00ngv8j44,,,,,,,,,replace==itu.edu.pk,,,,,,,,,,,,
,https://ror.org/01gb99w41,,,,,,,,,replace==epn.edu.ec,,,,,,,,,,,,
,https://ror.org/0016yxd93,,,,,,,,,replace==emelibrary.org,,,,,,,,,,,,
,https://ror.org/048nctr92,,,,,,,,,replace==uta.edu.ec,,,,,,,,,,,,
,https://ror.org/02nnjtm50,,,,,,,,,replace==nssc.ac.cn,,,,,,,,,,,,
,https://ror.org/0377t1328,,,,,,,,,replace==eso.org,,,,,,,,,,,,
,https://ror.org/03qygnx22,,,,,,,,,replace==willseye.org,,,,,,,,,,,,
,https://ror.org/017mte255,,,,,,,,,replace==equinor.com,,,,,,,,,,,,
,https://ror.org/050589e39,,,,,,,,,replace==embl-hamburg.de,,,,,,,,,,,,
,https://ror.org/055n68305,,,,,,,,,replace==inca.gov.br,,,,,,,,,,,,
,https://ror.org/005kw6t15,,,,,,,,,replace==infineon.com,,,,,,,,,,,,
,https://ror.org/0509e3289,,,,,,,,,replace==inah.gob.mx,,,,,,,,,,,,
,https://ror.org/02j71c790,,,,,,,,,replace==ufra.edu.br,,,,,,,,,,,,
,https://ror.org/0156rhd17,,,,,,,,,replace==wzhealth.com,,,,,,,,,,,,
,https://ror.org/02d93ae38,,,,,,,replace==https://www.gob.mx/issste,,replace==issste.gob.mx,,,,,,,,,,,,
,https://ror.org/031e6xm45,,,,,,,,,replace==uninorte.edu.co,,,,,,,,,,,,
,https://ror.org/02e42hc22,,,,,,,,,replace==cisri.cn,,,,,,,,,,,,
,https://ror.org/00ngrq502,,,,,,,replace==https://araku.ac.ir/,,replace==araku.ac.ir,,,,,,,,,,,,
,https://ror.org/05gtb4824,,,,,,,,,replace==ubb.ac.id,,,,,,,,,,,,
,https://ror.org/03fftr154,,,,,,,,,replace==irycis.org,,,,,,,,,,,,
,https://ror.org/05f3yt521,,,,,,,,,replace==ipu.ru,,,,,,,,,,,,
,https://ror.org/02f3xk561,,,,,,,,,replace==cancerresearch.org,,,,,,,,,,,,
,https://ror.org/04w5etv87,,,,,,,,,replace==cib.ac.cn,,,,,,,,,,,,
,https://ror.org/05e7tm136,,,,,,,,,replace==wspc.com,,,,,,,,,,,,
,https://ror.org/0517h6h17,,,,,,,,,replace==chairs-chaires.gc.ca,,,,,,,,,,,,
,https://ror.org/01ecnnp60,,,,,,,,,replace==jsums.edu,,,,,,,,,,,,
,https://ror.org/04qszbx34,,,,,,,,,replace==u-sacred-heart.ac.jp,,,,,,,,,,,,
,https://ror.org/02jfa8730,,,,,,,,,replace==chevron.com,,,,,,,,,,,,
,https://ror.org/058td2q88,,,,,,,replace==https://www.hopital-foch.com/,,replace==hopital-foch.com,,,,,,,,,,,,
,https://ror.org/035zn2q74,,,,,,,,,replace==uaar.edu.pk,,,,,,,,,,,,
,https://ror.org/01q1jaw52,,,,,,,,,replace==ahepahosp.gr,,,,,,,,,,,,
,https://ror.org/04vdpck27,,,,,,,,,replace==ucm.cl,,,,,,,,,,,,
,https://ror.org/012gg9483,,,,,,,,,replace==unicid.edu.br,,,,,,,,,,,,
,https://ror.org/03svthf85,,,,,,,,,replace==dmu.edu.eg,,,,,,,,,,,,
,https://ror.org/00pn44t17,,,,,,,,,replace==umayor.cl,,,,,,,,,,,,
,https://ror.org/05pg3mb97,,,,,,,,,replace==umk.ac.id,,,,,,,,,,,,
,https://ror.org/025020z88,,,,,,,,,replace==hnca.org.cn,,,,,,,,,,,,
,https://ror.org/003kqe171,,,,,,,,,replace==duc.edu.gh,,,,,,,,,,,,
,https://ror.org/01yxvpn13,,,,,,,,,replace==jums.ac.ir,,,,,,,,,,,,
,https://ror.org/05ma4gw77,,,,,,,,,replace==pacific.edu,,,,,,,,,,,,
,https://ror.org/01n8ggb71,,,,,,,,,replace==biodiv.de,,,,,,,,,,,,
,https://ror.org/00at2pp81,,,,,,,,,replace==genderstudies.cz,,,,,,,,,,,,
,https://ror.org/05n5mpz07,,,,,,,,,replace==ordemdosmedicos.pt,,,,,,,,,,,,
,https://ror.org/006nxzf98,,,,,,,,,replace==ashland.com,,,,,,,,,,,,
,https://ror.org/031478740,,,,,,,,,replace==osti.gov,,,,,,,,,,,,
,https://ror.org/045pn2j94,,,,,,,,,replace==genomics.cn,,,,,,,,,,,,
,https://ror.org/045ae7j03,,,,,,,,,replace==usf.edu.br,,,,,,,,,,,,
,https://ror.org/04gczvb13,,,,,,,,,replace==ilarchsurv.org,,,,,,,,,,,,
,https://ror.org/02y5sbr94,,,,,,,,,replace==cabi.org,,,,,,,,,,,,
,https://ror.org/006ak0b38,,,,,,,,,replace==qztc.edu.cn,,,,,,,,,,,,
,https://ror.org/04fybn584,,,,,,,,,replace==unicauca.edu.co,,,,,,,,,,,,
,https://ror.org/003n8re58,,,,,,,,,replace==shao.ac.cn,,,,,,,,,,,,
,https://ror.org/05fj8cf83,,,,,,,,,replace==uacj.mx,,,,,,,,,,,,
,https://ror.org/03bpc5f92,,,,,,,,,replace==imr.gov.my,,,,,,,,,,,,
,https://ror.org/05qjwb041,,,,,,,,,replace==aiimsrishikesh.edu.in,,,,,,,,,,,,
,https://ror.org/03hasqf61,,,,,,,,,replace==icmab.es,,,,,,,,,,,,
,https://ror.org/055n47h92,,,,,,,,,replace==nins.ac.jp,,,,,,,,,,,,
,https://ror.org/05e15a779,,,,,,,,,replace==aiimsjodhpur.edu.in,,,,,,,,,,,,
,https://ror.org/013zjb662,,,,,,,,,replace==nuk.edu.tw,,,,,,,,,,,,
,https://ror.org/008ms5s18,,,,,,,,,replace==lamar.edu,,,,,,,,,,,,
,https://ror.org/04t730v47,,,,,,,replace==https://www.utn.edu.ar/,,replace==utn.edu.ar,,,,,,,,,,,,
,https://ror.org/03xqzzq44,,,,,,,replace==https://uki.ac.id,,replace==uki.ac.id,,,,,,,,,,,,
,https://ror.org/00fn3pa80,,,,,,,,,replace==unas.ac.id,,,,,,,,,,,,
,https://ror.org/03ek23472,,,,,,,,,replace==chnu.edu.cn,,,,,,,,,,,,
,https://ror.org/05pny7s12,,,,,,,,,replace==ku.ac.bd,,,,,,,,,,,,
,https://ror.org/03r42d171,,,,,,,,,replace==zaums.ac.ir,,,,,,,,,,,,
,https://ror.org/03em6xj44,,,,,,,,,replace==ibsal.es,,,,,,,,,,,,
,https://ror.org/01pbhra64,,,,,,,,,replace==msm.edu,,,,,,,,,,,,
,https://ror.org/05y50nr98,,,,,,,,,replace==suffolk.edu,,,,,,,,,,,,
,https://ror.org/03shav252,,,,,,,replace==https://www.kstu.ru/,,replace==kstu.ru,,,,,,,,,,,,
,https://ror.org/029wq9x81,,,,,,,,,replace==sichuancancer.org,,,,,,,,,,,,
,https://ror.org/01k7a6660,,,,,,,,,replace==hcmed.org,,,,,,,,,,,,
,https://ror.org/02a7yfb86,,,,,,,replace==https://www.pucgoias.edu.br/,,replace==pucgoias.edu.br,,,,,,,,,,,,
,https://ror.org/053jnhe44,,,,,,,,,replace==meus.com,,,,,,,,,,,,
,https://ror.org/03wdrmh81,,,,,,,,,replace==sut.ac.ir,,,,,,,,,,,,
,https://ror.org/03sab2a45,,,,,,,replace==https://www.uuh.ulsan.kr/,,replace==uuh.ulsan.kr,,,,,,,,,,,,
,https://ror.org/03h954e30,,,,,,,,,replace==cimav.edu.mx,,,,,,,,,,,,
,https://ror.org/00cxp1a86,,,,,,,,,replace==uninter.edu.mx,,,,,,,,,,,,
,https://ror.org/02crz6e12,,,,,,,,,replace==seri.com.sg,,,,,,,,,,,,
,https://ror.org/02yj55q56,,,,,,,replace==https://www.kunsan.ac.kr,,replace==kunsan.ac.kr,,,,,,,,,,,,
,https://ror.org/035h3r191,,,,,,,,,replace==du.edu.eg,,,,,,,,,,,,
,https://ror.org/01p9g6b97,,,,,,,replace==https://www.neac.gov.cn/,,replace==neac.gov.cn,,,,,,,,,,,,
,https://ror.org/050850526,,,,,,,,,replace==mouau.edu.ng,,,,,,,,,,,,
,https://ror.org/04qtcz169,,,,,,,,,replace==unifa.edu.uy,,,,,,,,,,,,
,https://ror.org/025n13r50,,,,,,,,,replace==adelphi.edu,,,,,,,,,,,,
,https://ror.org/01y34t753,,,,,,,,,replace==fio.org.cn,,,,,,,,,,,,
,https://ror.org/04ed7fw48,,,,,,,,,replace==univ-ubs.fr,,,,,,,,,,,,
,https://ror.org/05wdbfp45,,,,,,,,,replace==northsouth.edu,,,,,,,,,,,,
,https://ror.org/03m098d13,,,,,,,,,replace==damascusuniversity.edu.sy,,,,,,,,,,,,
,https://ror.org/03dp0vf82,,,,,,,replace==https://oxb.com/,,replace==oxb.com,,,,,,,,,,,,
,https://ror.org/02qp2hh41,,,,,,,,,replace==waldenu.edu,,,,,,,,,,,,
,https://ror.org/01x3jjv63,,,,,,,,,replace==uzhnu.edu.ua,,,,,,,,,,,,
,https://ror.org/05w54hk79,,,,,,,replace==https://hus.vnu.edu.vn/,,replace==hus.edu.vn,,,,,,,,,,,,
,https://ror.org/00jgwn197,,,,,,,,,replace==skuastkashmir.ac.in,,,,,,,,,,,,
,https://ror.org/05gxmms51,,,,,,,,,replace==comac.cc,,,,,,,,,,,,
,https://ror.org/029nydt37,,,,,,,,,replace==nitte.edu.in,,,,,,,,,,,,
,https://ror.org/01v7y5b55,,,,,,,,,replace==kmou.ac.kr,,,,,,,,,,,,
,https://ror.org/05bpb0y22,,,,,,,,,replace==ecosur.mx,,,,,,,,,,,,
,https://ror.org/05hag2y10,,,,,,,,,replace==ufac.br,,,,,,,,,,,,
,https://ror.org/056mrsz54,,,,,,,replace==https://ifz.ru/,,replace==ifz.ru,,,,,,,,,,,,
,https://ror.org/01d0bkz51,,,,,,,,,replace==tcu.edu.cn,,,,,,,,,,,,
,https://ror.org/01h3fm945,,,,,,,,,replace==ucms.ac.in,,,,,,,,,,,,
,https://ror.org/0403jak37,,,,,,,,,replace==bu.edu.sa,,,,,,,,,,,,
,https://ror.org/00z65ng94,,,,,,,,,replace==itp.ac.ru,,,,,,,,,,,,
,https://ror.org/01n7gem85,,,,,,,,,replace==dnb.de,,,,,,,,,,,,
,https://ror.org/049cbmb74,,,,,,,,,replace==childrenswi.org,,,,,,,,,,,,
,https://ror.org/03ez40v33,,,,,,,,,replace==bi.no,,,,,,,,,,,,
,https://ror.org/001g9gn21,,,,,,,,,replace==faculdadebrasil.edu.br,,,,,,,,,,,,
,https://ror.org/0002pcv65,,,,,,,,,replace==unrc.edu.ar,,,,,,,,,,,,
,https://ror.org/04dndfk38,,,,,,,,,replace==ubiobio.cl,,,,,,,,,,,,
,https://ror.org/02tc7rm90,,,,,,,,,replace==petronas.com,,,,,,,,,,,,
,https://ror.org/03zek0r74,,,,,,,,,replace==agrosupdijon.fr,,,,,,,,,,,,
,https://ror.org/02jqkb192,,,,,,,,,replace==biogen.com,,,,,,,,,,,,
,https://ror.org/05jfbgm49,,,,,,,,,replace==hcmus.edu.vn,,,,,,,,,,,,
,https://ror.org/020xs5r81,,,,,,,,,replace==sckcen.be,,,,,,,,,,,,
,https://ror.org/00qaa6j11,,,,,,,,,replace==hueuni.edu.vn,,,,,,,,,,,,
,https://ror.org/030atj633,,,,,,,,,replace==moh.gov.sa,,,,,,,,,,,,
,https://ror.org/00s9pac36,,,,,,,,,replace==mayinstitute.org,,,,,,,,,,,,
,https://ror.org/0593p4448,,,,,,,,,replace==irri.org,,,,,,,,,,,,
,https://ror.org/00v807439,,,,,,,,,replace==tri.edu.au,,,,,,,,,,,,
,https://ror.org/04arhmz60,,,,,,,,,replace==hcu.edu,,,,,,,,,,,,
,https://ror.org/02vg22c33,,,,,,,,,replace==dri.edu,,,,,,,,,,,,
,https://ror.org/036yvre49,,,,,,,,,replace==kemsu.ru,,,,,,,,,,,,
,https://ror.org/04j9bvy88,,,,,,,,,replace==bergmannsheil.de,,,,,,,,,,,,
,https://ror.org/01rk35k63,,,,,,,,,replace==universite-lyon.fr,,,,,,,,,,,,
,https://ror.org/05db1pj03,,,,,,,,,replace==dufe.edu.cn,,,,,,,,,,,,
,https://ror.org/05dkjfz60,,,,,,,,,replace==kumoh.ac.kr,,,,,,,,,,,,
,https://ror.org/02wdwnk04,,,,,,,,,replace==bhf.org.uk,,,,,,,,,,,,
,https://ror.org/050hvq478,,,,,,,,,replace==budapestinstitute.eu,,,,,,,,,,,,
,https://ror.org/00a1rzv11,,,,,,,,,replace==aiaa.org,,,,,,,,,,,,
,https://ror.org/01a5mqy88,,,,,,,replace==https://jcbose.ac.in/,,replace==jcbose.ac.in,,,,,,,,,,,,
,https://ror.org/01jgbgc06,,,,,,,,,replace==ips.ac.ru,,,,,,,,,,,,
,https://ror.org/05n3asa33,,,,,,,,,replace==ibima.eu,,,,,,,,,,,,
,https://ror.org/00vyyx863,,,,,,,,,replace==easternhealth.org.au,,,,,,,,,,,,
,https://ror.org/02kf4r633,,,,,,,,,replace==manavrachna.edu.in,,,,,,,,,,,,
,https://ror.org/03pa1rf77,,,,,,,,,replace==imr.ac.cn,,,,,,,,,,,,
,https://ror.org/02sp3q482,,,,,,,,,replace==aup.edu.pk,,,,,,,,,,,,
,https://ror.org/00ndhrx30,,,,,,,,,replace==suezuni.edu.eg,,,,,,,,,,,,
,https://ror.org/015j7c446,,,,,,,replace==https://iaun.iau.ir,,replace==iaun.ac.ir,,,,,,,,,,,,
,https://ror.org/03s9ada67,,,,,,,,,replace==healthpartners.com,,,,,,,,,,,,
,https://ror.org/00839we02,,,,,,,,,replace==acadiau.ca,,,,,,,,,,,,
,https://ror.org/00mczdx43,,,,,,,,,replace==unsl.edu.ar,,,,,,,,,,,,
,https://ror.org/0312m2266,,,,,,,,,replace==pagni.gr,,,,,,,,,,,,
,https://ror.org/039zedc16,,,,,,,,,replace==stgeorges.nhs.uk,,,,,,,,,,,,
,https://ror.org/03xec1444,,,,,,,,,replace==ssaihq.com,,,,,,,,,,,,
,https://ror.org/028rmam09,,,,,,,,,replace==sjzc.edu.cn,,,,,,,,,,,,
,https://ror.org/00strmv13,,,,,,,,,replace==queensuniversity.edu.bd,,,,,,,,,,,,
,https://ror.org/04nps9965,,,,,,,,,replace==ieecas.cn,,,,,,,,,,,,
,https://ror.org/03t0n2419,,,,,,,,,replace==hamburg-institut.com,,,,,,,,,,,,
,https://ror.org/01zqccq48,,,,,,,,,replace==daegu.ac.kr,,,,,,,,,,,,
,https://ror.org/013pk4y14,,,,,,,replace==https://kazangmu.ru/,,replace==kazangmu.ru,,,,,,,,,,,,
,https://ror.org/05petvd47,,,,,,,,,replace==xzu.edu.cn,,,,,,,,,,,,
,https://ror.org/024v0gx67,,,,,,,replace==https://www.gxtcmu.edu.cn/,,replace==gxtcmu.edu.cn,,,,,,,,,,,,
,https://ror.org/05mnjs436,,,,,,,,,replace==dzu.edu.cn,,,,,,,,,,,,
,https://ror.org/0053n5071,,,,,,,,,replace==wcupa.edu,,,,,,,,,,,,
,https://ror.org/002hbfc50,,,,,,,replace==https://www.jlju.edu.cn,,replace==jlju.edu.cn,,,,,,,,,,,,
,https://ror.org/00x514t95,,,,,,,,,replace==hanbat.ac.kr,,,,,,,,,,,,
,https://ror.org/00tas1680,,,,,,,,,replace==uisu.ac.id,,,,,,,,,,,,
,https://ror.org/0275ye937,,,,,,,,,replace==chu-nimes.fr,,,,,,,,,,,,
,https://ror.org/04a3gjw65,,,,,,,,,replace==moedu.gov.bd,,,,,,,,,,,,
,https://ror.org/05g1zjw44,,,,,,,,,replace==lipn.fr,,,,,,,,,,,,
,https://ror.org/029man787,,,,,,,,,replace==lynu.edu.cn,,,,,,,,,,,,
,https://ror.org/05d9dtr71,,,,,,,replace==https://www.cch.org.tw/,,replace==cch.org.tw,,,,,,,,,,,,
,https://ror.org/01p92hb48,,,,,,,,,replace==ntis.gov,,,,,,,,,,,,
,https://ror.org/00ktqrd38,,,,,,,,,replace==kpu.ac.jp,,,,,,,,,,,,
,https://ror.org/04dt6bw53,,,,,,,,,replace==tcu.ac.jp,,,,,,,,,,,,
,https://ror.org/04mrrw205,,,,,,,,,replace==uach.mx,,,,,,,,,,,,
,https://ror.org/02shmve39,,,,,,,,,replace==must.edu.mn,,,,,,,,,,,,
,https://ror.org/04s11gh14,,,,,,,,,replace==unmuhpnk.ac.id,,,,,,,,,,,,
,https://ror.org/00yksxf10,,,,,,,,,replace==emoryhealthcare.org,,,,,,,,,,,,
,https://ror.org/04kf25f32,,,,,,,,,replace==sgtuniversity.org,,,,,,,,,,,,
,https://ror.org/05j136930,,,,,,,replace==https://www.espe.edu.ec/,,replace==espe.edu.ec,,,,,,,,,,,,
,https://ror.org/02djn2x77,,,,,,,,,replace==march.es,,,,,,,,,,,,
,https://ror.org/022d5qt08,,,,,,,,,replace==julius-kuehn.de,,,,,,,,,,,,
,https://ror.org/019z71f50,,,,,,,replace==https://www.ntunhs.edu.tw/,,replace==ntunhs.edu.tw,,,,,,,,,,,,
,https://ror.org/02ws33e43,,,,,,,,,replace==kanazawa-it.ac.jp,,,,,,,,,,,,
,https://ror.org/012npkr10,,,,,,,replace==https://stjosephstechnology.ac.in/home/,,replace==stjosephstechnology.ac.in,,,,,,,,,,,,
,https://ror.org/01gvkyp03,,,,,,,,,replace==nio.res.in,,,,,,,,,,,,
,https://ror.org/01tkb7c15,,,,,,,,,replace==sio.org.cn,,,,,,,,,,,,
,https://ror.org/01x9zv505,,,,,,,,,replace==fbf-isola.it,,,,,,,,,,,,
,https://ror.org/007wym039,,,,,,,replace==http://www.haue.edu.cn/,,replace==haue.edu.cn,,,,,,,,,,,,
,https://ror.org/05ghynn27,,,,,,,,,replace==unisma.ac.id,,,,,,,,,,,,
,https://ror.org/041szz343,,,,,,,replace==https://www.vstu.ru/,,replace==vstu.ru,,,,,,,,,,,,
,https://ror.org/05p0pbv75,,,,,,,,,replace==toyota.ch,,,,,,,,,,,,
,https://ror.org/01vwvvq12,,,,,,,replace==https://www.zisu.edu.cn,,replace==zisu.edu.cn,,,,,,,,,,,,
,https://ror.org/040qyzk67,,,,,,,,,replace==reduc.edu.cu,,,,,,,,,,,,
,https://ror.org/03mbq3y29,,,,,,,,,replace==lahey.org,,,,,,,,,,,,
,https://ror.org/05h0rw812,,,,,,,,,replace==ncgg.go.jp,,,,,,,,,,,,
,https://ror.org/0066vpg85,,,,,,,,,replace==jju.edu.cn,,,,,,,,,,,,
,https://ror.org/03sbc8x80,,,,,,,,,replace==chucasa.ma,,,,,,,,,,,,
,https://ror.org/05abs3w97,,,,,,,,,replace==tamuk.edu,,,,,,,,,,,,
,https://ror.org/029nvrb94,,,,,,,,,replace==snec.com.sg,,,,,,,,,,,,
,https://ror.org/04hhneb29,,,,,,,,,replace==uat.edu.mx,,,,,,,,,,,,
,https://ror.org/05gehxw18,,,,,,,,,replace==dmc.org,,,,,,,,,,,,
,https://ror.org/03t1jzs40,,,,,,,,,replace==burlo.trieste.it,,,,,,,,,,,,
,https://ror.org/03br1wy20,,,,,,,,,replace==fresnel.fr,,,,,,,,,,,,
,https://ror.org/02jzt6t86,,,,,,,,,replace==igcz.poznan.pl,,,,,,,,,,,,
,https://ror.org/03sfwvw54,,,,,,,replace==https://nitsri.ac.in/,,replace==nitsri.ac.in,,,,,,,,,,,,
,https://ror.org/0068yvd12,,,,,,,,,replace==cgdev.org,,,,,,,,,,,,
,https://ror.org/0461cvh40,,,,,,,replace==https://www.gwnu.ac.kr/sites/kr/index.do,,replace==gwnu.ac.kr,,,,,,,,,,,,
,https://ror.org/03k84rm07,,,,,,,,,replace==ceh.org,,,,,,,,,,,,
,https://ror.org/01d692d57,,,,,,,,,replace==usindh.edu.pk,,,,,,,,,,,,
,https://ror.org/02kzxd152,,,,,,,,,replace==mu-plovdiv.bg,,,,,,,,,,,,
,https://ror.org/03rrkrc24,,,,,,,replace==https://www.sdtbu.edu.cn/,,replace==sdtbu.edu.cn,,,,,,,,,,,,
,https://ror.org/02403qw73,,,,,,,,,replace==nhri.cn,,,,,,,,,,,,
,https://ror.org/04m4wwh75,,,,,,,,,replace==asu.ru,,,,,,,,,,,,
,https://ror.org/00y1ekh28,,,,,,,,,replace==uew.edu.gh,,,,,,,,,,,,
,https://ror.org/01hzdv945,,,,,,,,,replace==ccsuniversity.ac.in,,,,,,,,,,,,
,https://ror.org/04b69g067,,,,,,,,,replace==wu.ac.th,,,,,,,,,,,,
,https://ror.org/0286g6711,,,,,,,,,replace==sgu.edu.cn,,,,,,,,,,,,
,https://ror.org/01ee0g236,,,,,,,,,replace==uern.br,,,,,,,,,,,,
,https://ror.org/006zjws59,,,,,,,,,replace==uvic-ucc.cat,,,,,,,,,,,,
,https://ror.org/01jem9c82,,,,,,,,,replace==juntadeandalucia.es,,,,,,,,,,,,
,https://ror.org/01d7fn555,,,,,,,,,replace==cftri.res.in,,,,,,,,,,,,
,https://ror.org/05dbx6743,,,,,,,,,replace==dva.gov.au,,,,,,,,,,,,
,https://ror.org/02knr1992,,,,,,,,,replace==iu.edu.kh,,,,,,,,,,,,
,https://ror.org/001bbwj30,,,,,,,,,replace==ausl.re.it,,,,,,,,,,,,
,https://ror.org/01h8ey223,,,,,,,,,replace==multimedica.it,,,,,,,,,,,,
,https://ror.org/01vztzd79,,,,,,,,,replace==iisermohali.ac.in,,,,,,,,,,,,
,https://ror.org/049rrx986,,,,,,,,,replace==unespar.edu.br,,,,,,,,,,,,
,https://ror.org/016xje988,,,,,,,,,replace==unam.na,,,,,,,,,,,,
,https://ror.org/0182gym65,,,,,,,,,replace==cepc.es,,,,,,,,,,,,
,https://ror.org/013jjp941,,,,,,,replace==https://www.beihua.edu.cn/,,replace==beihua.edu.cn,,,,,,,,,,,,
,https://ror.org/009mk5659,,,,,,,,,replace==facs.org,,,,,,,,,,,,
,https://ror.org/04qzrw529,,,,,,,,,replace==novsu.ru,,,,,,,,,,,,
,https://ror.org/012cvds63,,,,,,,,,replace==leidos.com,,,,,,,,,,,,
,https://ror.org/04w3ve464,,,,,,,,,replace==katsura.com,,,,,,,,,,,,
,https://ror.org/03v8ter60,,,,,,,,,replace==unizulu.ac.za,,,,,,,,,,,,
,https://ror.org/02z0nsb22,,,,,,,,,replace==imde.ac.cn,,,,,,,,,,,,
,https://ror.org/03kwaeq96,,,,,,,,,replace==phri.ca,,,,,,,,,,,,
,https://ror.org/00xddhq60,,,,,,,,,replace==ammanu.edu.jo,,,,,,,,,,,,
,https://ror.org/03wjwyj98,,,,,,,,,replace==eppendorf.de,,,,,,,,,,,,
,https://ror.org/00sge8677,,,,,,,,,replace==bracu.ac.bd,,,,,,,,,,,,
,https://ror.org/0568y3j03,,,,,,,,,replace==futminna.edu.ng,,,,,,,,,,,,
,https://ror.org/00v6s9648,,,,,,,,,replace==worc.ac.uk,,,,,,,,,,,,
,https://ror.org/03cqnhx95,,,,,,,,,replace==sjcs.edu,,,,,,,,,,,,
,https://ror.org/01b9n8m42,,,,,,,,,replace==tcs.com,,,,,,,,,,,,
,https://ror.org/03dc0dy65,,,,,,,replace==https://www.kaums.ac.ir/,,replace==kaums.ac.ir,,,,,,,,,,,,
,https://ror.org/0557kgc34,,,,,,,,,replace==ccfebras.ru,,,,,,,,,,,,
,https://ror.org/004wf8x96,,,,,,,,,replace==ddugu.ac.in,,,,,,,,,,,,
,https://ror.org/05pg2cw06,,,,,,,,,replace==azaruniv.ac.ir,,,,,,,,,,,,
,https://ror.org/03ypap427,,,,,,,replace==https://www.aramco.com/,,replace==aramco.com,,,,,,,,,,,,
,https://ror.org/050rkhq40,,,,,,,,,replace==ju.edu,,,,,,,,,,,,
,https://ror.org/03b6cpn03,,,,,,,,,replace==onu.edu.ua,,,,,,,,,,,,
,https://ror.org/002b21721,,,,,,,replace==https://pansim.edu.pl/,,replace==pansim.edu.pl,,,,,,,,,,,,
,https://ror.org/00nj22y86,,,,,,,,,replace==ipmnet.ru,,,,,,,,,,,,
,https://ror.org/03njn4610,,,,,,,,,replace==iisaragon.es,,,,,,,,,,,,
,https://ror.org/01zwmgk08,,,,,,,,,replace==lin-magdeburg.de,,,,,,,,,,,,
,https://ror.org/04k031t90,,,,,,,,,replace==vet-alfort.fr,,,,,,,,,,,,
,https://ror.org/01w6vdf77,,,,,,,,,replace==gau.ac.ir,,,,,,,,,,,,
,https://ror.org/02ndk3y82,,,,,,,,,replace==childrens.com,,,,,,,,,,,,
,https://ror.org/03vvynj75,,,,,,,,,replace==state.gov,,,,,,,,,,,,
,https://ror.org/01q6pmm96,,,,,,,,,replace==up.edu,,,,,,,,,,,,
,https://ror.org/0066jc902,,,,,,,replace==https://scwmri.ac.ir/,,replace==scwmri.ac.ir,,,,,,,,,,,,
,https://ror.org/020vtf184,,,,,,,,,replace==sslab.org.cn,,,,,,,,,,,,
,https://ror.org/02fvkg758,,,,,,,,,replace==mtu.edu.iq,,,,,,,,,,,,
,https://ror.org/03w0k0x36,,,,,,,,,replace==bsu.edu.cn,,,,,,,,,,,,
,https://ror.org/03s8xc553,,,,,,,replace==https://www.sxdtdx.edu.cn/,,replace==sxdtdx.edu.cn,,,,,,,,,,,,
,https://ror.org/03qt1g669,,,,,,,,,replace==ycu.edu.cn,,,,,,,,,,,,
,https://ror.org/033bb5z47,,,,,,,,,replace==uni-weimar.de,,,,,,,,,,,,
,https://ror.org/0535c1v66,,,,,,,,,replace==aus.ac.in,,,,,,,,,,,,
,https://ror.org/00pe0tf51,,,,,,,,,replace==fao.org,,,,,,,,,,,,
,https://ror.org/01wwwe276,,,,,,,,,replace==ncas.ac.uk,,,,,,,,,,,,
,https://ror.org/01tspta37,,,,,,,replace==https://www.ipfdd.de/,,replace==ipfdd.de,,,,,,,,,,,,
,https://ror.org/02mfapa96,,,,,,,,,replace==anu.ac.in,,,,,,,,,,,,
,https://ror.org/03w7hce19,,,,,,,,,replace==sbponline.org.br,,,,,,,,,,,,
,https://ror.org/01px48m89,,,,,,,,,replace==bentley.edu,,,,,,,,,,,,
,https://ror.org/02eb4t121,,,,,,,,,replace==pmo.ac.cn,,,,,,,,,,,,
,https://ror.org/006vxbq87,,,,,,,,,replace==atomki.hu,,,,,,,,,,,,
,https://ror.org/03b5q4637,,,,,,,,,replace==ets.org,,,,,,,,,,,,
,https://ror.org/02nsv5p42,,,,,,,,,replace==pdpu.ac.in,,,,,,,,,,,,
,https://ror.org/01xf7jb19,,,,,,,replace==https://www.zums.ac.ir,,replace==zums.ac.ir,,,,,,,,,,,,
,https://ror.org/006pq9r08,,,,,,,,,replace==cardiologicomonzino.it,,,,,,,,,,,,
,https://ror.org/03y6k2j68,,,,,,,,,replace==ucsc.cl,,,,,,,,,,,,
,https://ror.org/030nd5313,,,,,,,,,replace==inocardia.com,,,,,,,,,,,,
,https://ror.org/007h1g065,,,,,,,,,replace==ut.edu,,,,,,,,,,,,
,https://ror.org/05y26ar20,,,,,,,,,replace==urca.br,,,,,,,,,,,,
,https://ror.org/04td3ys19,,,,,,,,,replace==quadram.ac.uk,,,,,,,,,,,,
,https://ror.org/017b7j426,,,,,,,,,replace==altera.com,,,,,,,,,,,,
,https://ror.org/02722hp10,,,,,,,replace==https://www.shamir.org,,replace==shamir.gov.il,,,,,,,,,,,,
,https://ror.org/03zydm450,,,,,,,,,replace==gosh.nhs.uk,,,,,,,,,,,,
,https://ror.org/029njb796,,,,,,,,,replace==psu.ru,,,,,,,,,,,,
,https://ror.org/020gjh112,,,,,,,,,replace==sdc.university,,,,,,,,,,,,
,https://ror.org/04mvr1r74,,,,,,,,,replace==imail.org,,,,,,,,,,,,
,https://ror.org/00e16h982,,,,,,,,,replace==uniosun.edu.ng,,,,,,,,,,,,
,https://ror.org/02qn0hf26,,,,,,,,,replace==uasd.in,,,,,,,,,,,,
,https://ror.org/03025ga79,,,,,,,,,replace==accamargo.org.br,,,,,,,,,,,,
,https://ror.org/03qyvqf30,,,,,,,,,replace==is-practice.eu,,,,,,,,,,,,
,https://ror.org/00vkrxq08,,,,,,,,,replace==ummc.edu.my,,,,,,,,,,,,
,https://ror.org/00mtny680,,,,,,,,,replace==psmmc.med.sa,,,,,,,,,,,,
,https://ror.org/05pyq8e17,,,,,,,,,replace==generaldynamics.com,,,,,,,,,,,,
,https://ror.org/054gw3b40,,,,,,,,,replace==bsu.edu.az,,,,,,,,,,,,
,https://ror.org/02csxcg02,,,,,,,,,replace==dinus.id,,,,,,,,,,,,
,https://ror.org/03q3s7962,,,,,,,,,replace==hzu.edu.cn,,,,,,,,,,,,
,https://ror.org/01nhzsw25,,,,,,,replace==https://www.hydroquebec.com/,,replace==hydroquebec.com,,,,,,,,,,,,
,https://ror.org/0522dg826,,,,,,,replace==https://www.sxtcm.edu.cn/,,replace==sxtcm.edu.cn,,,,,,,,,,,,
,https://ror.org/019av8481,,,,,,,,,replace==nigpas.ac.cn,,,,,,,,,,,,
