html_url,id,names.types.ror_display,status,types,names.types.alias,names.types.label,names.types.acronym,links.type.website,links.type.wikipedia,domains,established,external_ids.type.fundref.all,external_ids.type.fundref.preferred,external_ids.type.grid.all,external_ids.type.grid.preferred,external_ids.type.isni.all,external_ids.type.isni.preferred,external_ids.type.wikidata.all,external_ids.type.wikidata.preferred,city,country,locations.geonames_id
https://github.com/ror-community/ror-updates/issues/31937,,BIOGRAPHS: Graphes Biologiques*fr,active,facility,Graphes Biologiques*fr,BIOGRAPHS: Graphes Biologiques*fr,,https://inria.fr/biographs,,,2026,,,,,,,,,Rennes,France,2983990
https://github.com/ror-community/ror-updates/issues/37377,,Laboratoire Méditerranéen de Sociologie*fr,inactive,facility,UMR 7305*fr; UMR7305*fr,Laboratoire Méditerranéen de Sociologie*fr,LAMES*fr,https://www.lames.cnrs.fr,,,2012,,,,,0000 0001 2186 8755,0000 0001 2186 8755,Q51781762,Q51781762,Aix-en-Provence,France,3038354
https://github.com/ror-community/ror-updates/issues/38031,,Signum University*en,active,education,,Signum University*en,,https://signumuniversity.org,https://en.wikipedia.org/wiki/Signum_University,signumuniversity.org,2012,,,,,0000 0004 9332 8098,0000 0004 9332 8098,Q110127737,Q110127737,Bedford,United States,5083221
https://github.com/ror-community/ror-updates/issues/38009,,Guttman Community College*en,active,education,"Stella and Charles Guttman Community College*en; New Community College*en; Guttman Community College, CUNY*en",Guttman Community College*en,,https://guttman.cuny.edu,https://en.wikipedia.org/wiki/Guttman_Community_College,guttman.cuny.edu,2011,,,,,0000 0004 0572 1026,0000 0004 0572 1026,Q7006662,Q7006662,New York,United States,5128581
https://github.com/ror-community/ror-updates/issues/38008,,KAAF University*en,active,education,KAAF University College*en,KAAF University*en,,https://kaafuni.edu.gh,https://en.wikipedia.org/wiki/KAAF_University,kaafuni.edu.gh,2006,,,,,0000 0004 6473 8311,0000 0004 6473 8311,Q16733703,Q16733703,Buduburam,Ghana,2302541
https://github.com/ror-community/ror-updates/issues/37994,,Government Engineering College Thrissur*en,active,education,"Government Engineering College, Thrissur*en; Government Engineering College, Trichur*en; Government Engineering College Trichur*en; Govt. Engineering College, Thrissur*en; Govt. Engineering College Thrissur*en; Govt. Engineering College, Trichur*en; Govt. Engineering College Trichur*en; Govt. Engg. College, Thrissur*en; Govt. Engg. College Thrissur*en; Govt. Engg. College, Trichur*en; Govt. Engg. College Trichur*en; GEC Thrissur*en; GEC Trichur*en",Government Engineering College Thrissur*en,GECT*en,https://gectcr.ac.in,https://en.wikipedia.org/wiki/Government_Engineering_College%2C_Thrissur,gectcr.ac.in,1957,,,,,0000 0004 1777 1880,0000 0004 1777 1880,Q5588825,Q5588825,Thrissur,India,1254187
https://github.com/ror-community/ror-updates/issues/38082,,Beihai Hospital of Chinese Medici*en,active,healthcare,Beihai Hospital Affiliated to Guangxi University of Chinese Medici*en,Beihai Hospital of Chinese Medici*en; 北海市中医*zh,,https://www.bhszyyy.com,,bhszyyy.com,1923,,,,,,,,,Beihai,China,1816705
https://github.com/ror-community/ror-updates/issues/38066,,Institute for Future Intelligence*en,active,nonprofit,,Institute for Future Intelligence*en,IFI*en,https://intofuture.org,,intofuture.org,2020,,,,,,,Q140843711,Q140843711,Natick,United States,4944994
https://github.com/ror-community/ror-updates/issues/38057,,Panyapiwat Institute of Management*en,active,education,,Panyapiwat Institute of Management*en; สถาบันการจัดการปัญญาภิวัฒน์*th,PIM*en,https://www.pim.ac.th,https://en.wikipedia.org/wiki/Panyapiwat_Institute_of_Management,pim.ac.th,2007,,,,,0000 0004 0427 1297,0000 0004 0427 1297,Q13021900,Q13021900,Mueang Nonthaburi,Thailand,1608133
https://github.com/ror-community/ror-updates/issues/38064,,Ramsey-Washington Metro Watershed District*en,active,government,Ramsey Washington Metro Watershed District*en,Ramsey-Washington Metro Watershed District*en,RWMWD*en,https://rwmwd.org,,rwmwd.org,1975,,,,,,,Q140839688,Q140839688,Little Canada,United States,5034905
https://github.com/ror-community/ror-updates/issues/38063,,Minnehaha Creek Watershed District*en,active,government,,Minnehaha Creek Watershed District*en,MCWD*en,https://minnehahacreek.org,https://en.wikipedia.org/wiki/Minnehaha_Creek_Watershed_District,minnehahacreek.org,1967,,,,,,,Q6868074,Q6868074,Minnetonka,United States,5037784
https://github.com/ror-community/ror-updates/issues/38061,,Kunthavai Naacchiyaar Government Arts College for Women (Autonomous)*en,active,education,Kunthavai Naacchiyaar Government Arts College for Women*en; Kunthavai Nachiaar College*en,Kunthavai Naacchiyaar Government Arts College for Women (Autonomous)*en; குந்தவை நாச்சியார் அரசினர் மகளிர் கலைக் கல்லூரி*ta,KNGAC*en,https://www.kngac.ac.in,https://ta.wikipedia.org/wiki/%E0%AE%95%E0%AF%81%E0%AE%A8%E0%AF%8D%E0%AE%A4%E0%AE%B5%E0%AF%88_%E0%AE%A8%E0%AE%BE%E0%AE%9A%E0%AF%8D%E0%AE%9A%E0%AE%BF%E0%AE%AF%E0%AE%BE%E0%AE%B0%E0%AF%8D_%E0%AE%85%E0%AE%B0%E0%AE%9A%E0%AE%BF%E0%AE%A9%E0%AE%B0%E0%AF%8D_%E0%AE%AE%E0%AE%95%E0%AE%B3%E0%AE%BF%E0%AE%B0%E0%AF%8D_%E0%AE%95%E0%AE%B2%E0%AF%88%E0%AE%95%E0%AF%8D_%E0%AE%95%E0%AE%B2%E0%AF%8D%E0%AE%B2%E0%AF%82%E0%AE%B0%E0%AE%BF,kngac.ac.in,1966,,,,,0000 0005 0960 7025,0000 0005 0960 7025,Q6445080,Q6445080,Thanjavur,India,1254649
https://github.com/ror-community/ror-updates/issues/37820,,SINOPEC Petroleum Engineering Technology Research Institute (China)*en,active,company,,SINOPEC Petroleum Engineering Technology Research Institute (China)*en; 石油工程技术研究院*zh,SRIPE*en,http://sripe.sinopec.com,,sinopec.com,,,,,,,,,,Beijing,China,1816670
https://github.com/ror-community/ror-updates/issues/37818,,CRSC Research & Design Institute Group (China)*en,active,company,"CRSC Research & Design Institute Group Co., Ltd.*en; China Railway Signal & Communication Research & Design Institute Group*en",CRSC Research & Design Institute Group (China)*en; 北京全路通信信号研究设计院集团有限公司*zh,CRSCD*en,https://qlth.crsc.cn/,,crsc.cn,1953,,,,,,,Q123467745,Q123467745,Beijing,China,1816670
https://github.com/ror-community/ror-updates/issues/37817,,CRRC Qingdao Sifang Rolling Stock Research Institute (China)*en,active,company,"CRRC Qingdao Sifang Rolling Stock Research Institute Co., Ltd.*en",CRRC Qingdao Sifang Rolling Stock Research Institute (China)*en; 中车青岛四方车辆研究所有限公司*zh,,https://www.crrcgc.cc/sfsen/,https://zh.wikipedia.org/wiki/%E4%B8%AD%E8%BD%A6%E9%9D%92%E5%B2%9B%E5%9B%9B%E6%96%B9%E8%BD%A6%E8%BE%86%E7%A0%94%E7%A9%B6%E6%89%80,crrcgc.cc,1959,,,,,,,Q15904149,Q15904149,Qingdao,China,1797929
https://github.com/ror-community/ror-updates/issues/37288,,Biologie des Interactions Neurones/Glie*fr,active,facility,U 495*fr; INSERM U-495*fr; UMR_S711*fr; INSERM U-711*fr; Unite Mixte de Recherche INSERM U-711*fr,Biologie des Interactions Neurones/Glie*fr,,,,,2001,,,,,,,,,Paris,France,2988507
https://github.com/ror-community/ror-updates/issues/37289,,Génétique épidémiologique et moléculaire des pathologies cardio-vasculaires*fr,active,facility,U 525*fr; UMR-S 525*fr; UMR S 525*fr; INSERM U 525*fr,Génétique épidémiologique et moléculaire des pathologies cardio-vasculaires*fr,,,,,,,,,,,,,,Paris,France,2988507
https://github.com/ror-community/ror-updates/issues/37813,,Korea Institute of Aids to Navigation*en,active,government,Korea Navigation Beacon Technology Institute*en,Korea Institute of Aids to Navigation*en; 한국항로표지기술원*ko,KATON*en,https://katon.or.kr,https://ko.wikipedia.org/wiki/%ED%95%9C%EA%B5%AD%ED%95%AD%EB%A1%9C%ED%91%9C%EC%A7%80%EA%B8%B0%EC%88%A0%EC%9B%90,katon.or.kr,1999,,,,,,,Q12624539,Q12624539,Sejong,South Korea,11523293
https://github.com/ror-community/ror-updates/issues/37294,,Cytosquelette et Développement*fr,active,facility,UMR 7000*fr; FRE 2853*fr; UMR CNRS 7000*fr; URA 2115*fr; CNRS URA 2115*fr; Laboratoire Cytosquelette et Développement*fr,Cytosquelette et Développement*fr,,,,,1999,,,,,,,,,Paris,France,2988507
https://github.com/ror-community/ror-updates/issues/38022,,National Energy Research Center*en,active,government,,National Energy Research Center*en,NERC*en,,,,1972,,,,,0000 0005 3067 1902,0000 0005 3067 1902,,,Khartoum,Sudan,379252
https://github.com/ror-community/ror-updates/issues/37811,,Institut für Diabetes-Technologie (Germany)*de,active,company,Institut für Diabetes-Technologie Ulm GmbH*de,Institut für Diabetes-Technologie (Germany)*de,IfDT*de,https://www.ifdt-ulm.de,,ifdt-ulm.de,1986,,,,,,,,,Ulm,Germany,2820256
https://github.com/ror-community/ror-updates/issues/38025,,National Agency for Scientific Research and Innovation*en,active,government,,National Agency for Scientific Research and Innovation*en; Agjencia Kombëtare e Kërkimit Shkencor dhe Inovacionit*sq,NASRI*en; AKKSHI*sq,https://nasri.gov.al,,nasri.gov.al,2016,,,,,,,,,Tirana,Albania,3183875
https://github.com/ror-community/ror-updates/issues/37809,,Korea Arboreta and Gardens Institute*en,active,government,,Korea Arboreta and Gardens Institute*en; 한국수목원정원관리원*ko,KOAGI*en,https://www.koagi.or.kr,https://ko.wikipedia.org/wiki/%ED%95%9C%EA%B5%AD%EC%88%98%EB%AA%A9%EC%9B%90%EC%A0%95%EC%9B%90%EA%B4%80%EB%A6%AC%EC%9B%90,koagi.or.kr,2017,,,,,,,Q55735729,Q55735729,Sejong,South Korea,11523293
https://github.com/ror-community/ror-updates/issues/37808,,National Fire Research Institute*en,active,government,National Fire Research Institute of Korea*en,National Fire Research Institute*en; 국립소방연구원*ko,NFRI*en,https://nfire.go.kr/,https://ko.wikipedia.org/wiki/%EA%B5%AD%EB%A6%BD%EC%86%8C%EB%B0%A9%EC%97%B0%EA%B5%AC%EC%9B%90,nfire.go.kr,2019,,,,,,,Q86478185,Q86478185,Asan,South Korea,1839726
https://github.com/ror-community/ror-updates/issues/38002,,Research Institute of Criminology of the Republic of Uzbekistan*en,active,government,Research Institute of Criminology*en,Research Institute of Criminology of the Republic of Uzbekistan*en; Oʻzbekiston Respublikasi Kriminologiya tadqiqot instituti*uz; Исследовательский институт криминологии Республики Узбекистан*ru,,https://kti.iiv.uz,,kti.iiv.uz,2024,,,,,,,,,Tashkent,Uzbekistan,1512569
https://github.com/ror-community/ror-updates/issues/37807,,CNPC Tubular Goods Research Institute (China)*en,active,company,,CNPC Tubular Goods Research Institute (China)*en; 石油管工程技术研究院*zh,TGRI*en,http://tgrc.cnpc.com.cn/tgrcen/,,cnpc.com.cn,1981,,,,,,,,,Xi'an,China,1790630
https://github.com/ror-community/ror-updates/issues/37806,,Shanghai Institute of Immunology*en,active,facility,,Shanghai Institute of Immunology*en; 上海市免疫学研究所*zh,SII*en,https://www.shsmu.edu.cn/sii/,,shsmu.edu.cn,1979,,,,,,,,,Shanghai,China,1796236
https://github.com/ror-community/ror-updates/issues/37805,,Lanzhou Institute of Biological Products (China)*en,active,company,,Lanzhou Institute of Biological Products (China)*en; 兰州生物制品研究所有限责任公司*zh,LIBP*en,https://www.vacmic.com,,vacmic.com,1934,,,,,,,Q129175707,Q129175707,Lanzhou,China,1804430
https://github.com/ror-community/ror-updates/issues/37802,,"Institute of Biomedical Engineering, Chinese Academy of Medical Sciences*en",active,facility,,"Institute of Biomedical Engineering, Chinese Academy of Medical Sciences*en; 中国医学科学院生物医学工程研究所*zh",IBME*en,https://bme.cams.cn/,https://zh.wikipedia.org/wiki/%E4%B8%AD%E5%9B%BD%E5%8C%BB%E5%AD%A6%E7%A7%91%E5%AD%A6%E9%99%A2%E7%94%9F%E7%89%A9%E5%8C%BB%E5%AD%A6%E5%B7%A5%E7%A8%8B%E7%A0%94%E7%A9%B6%E6%89%80,bme.cams.cn,1978,,,,,,,Q109347158,Q109347158,Tianjin,China,1792947
https://github.com/ror-community/ror-updates/issues/37801,,Suzhou Science and Technology Town Hospital*en,active,healthcare,,Suzhou Science and Technology Town Hospital*en; 苏州科技城医院*zh,,https://www.szkjcyy.com/,,szkjcyy.com,2016,,,,,,,,,Suzhou,China,1886760
https://github.com/ror-community/ror-updates/issues/37800,,Zhengzhou Research Institute for Abrasives & Grinding (China)*en,active,company,"Zhengzhou Research Institute for Abrasives & Grinding Co., Ltd.*en",Zhengzhou Research Institute for Abrasives & Grinding (China)*en; 郑州磨料磨具磨削研究所*zh,ZZSM*en,https://en.zzsm.com/,,zzsm.com,1958,,,,,,,,,Zhengzhou,China,1784658
https://github.com/ror-community/ror-updates/issues/37799,,Nanjing First Hospital*en,active,healthcare,,Nanjing First Hospital*en; 南京市第一医院*zh,NFH*en,https://nfh.org.cn/,https://zh.wikipedia.org/wiki/%E5%8D%97%E4%BA%AC%E5%B8%82%E7%AC%AC%E4%B8%80%E5%8C%BB%E9%99%A2,nfh.org.cn,1936,,,,,0000 0004 4648 4223,0000 0004 4648 4223,,,Nanjing,China,1799962
https://github.com/ror-community/ror-updates/issues/37795,,CISDI Group (China)*en,active,company,"CISDI Group Co., Ltd.*en",CISDI Group (China)*en; 中冶赛迪集团有限公司*zh,CISDI*en,https://www.cisdigroup.com.cn,,cisdigroup.com.cn,1958,,,,,,,Q107542789,Q107542789,Chongqing,China,1814906
https://github.com/ror-community/ror-updates/issues/37793,,Shanghai Nuclear Engineering Research and Design Institute (China)*en,active,company; funder,,Shanghai Nuclear Engineering Research and Design Institute (China)*en; 上海核工程研究设计院*zh,SNERDI*en,https://www.snerdi.com.cn,https://zh.wikipedia.org/wiki/%E4%B8%8A%E6%B5%B7%E6%A0%B8%E5%B7%A5%E7%A8%8B%E7%A0%94%E7%A9%B6%E8%AE%BE%E8%AE%A1%E9%99%A2,snerdi.com.cn,1970,100009089,100009089,,,,,Q55695070,Q55695070,Shanghai,China,1796236
https://github.com/ror-community/ror-updates/issues/37792,,Instituto Tecnológico de Galicia*es,active,nonprofit,,Instituto Tecnológico de Galicia*es,ITG*es,https://itg.es,,itg.es,1991,,,,,0000 0000 9767 7392,0000 0000 9767 7392,Q135183592,Q135183592,A Coruña,Spain,3119841
https://github.com/ror-community/ror-updates/issues/37791,,Instituto de Tecnologia Química e Biológica António Xavier*pt,active,facility; funder,,Instituto de Tecnologia Química e Biológica António Xavier*pt,ITQB NOVA*pt,https://www.itqb.unl.pt,https://pt.wikipedia.org/wiki/Instituto_de_Tecnologia_Qu%C3%ADmica_e_Biol%C3%B3gica_Ant%C3%B3nio_Xavier,itqb.unl.pt,1986,501100018842,501100018842,,,,,Q10302945,Q10302945,Oeiras,Portugal,2265464
https://github.com/ror-community/ror-updates/issues/37790,,Institut für Virologie und Immunologie*de,active,government,,Institut für Virologie und Immunologie*de; Institute of Virology and Immunology*en; Institut de virologie et d'immunologie*fr; Istituto di virologia e immunologia*it,IVI*de,https://www.ivi.admin.ch,https://de.wikipedia.org/wiki/Institut_f%C3%BCr_Virologie_und_Immunologie,ivi.admin.ch,1942,,,,,,,Q1665021,Q1665021,Mittelhäusern,Switzerland,7670303
https://github.com/ror-community/ror-updates/issues/37789,,Fushun Research Institute of Petroleum and Petrochemicals (China)*en,active,company,,Fushun Research Institute of Petroleum and Petrochemicals (China)*en; 抚顺石油化工研究院*zh,FRIPP*en,http://fripp.sinopec.com/fripp/,,fripp.sinopec.com,1953,,,,,,,,,Fushun,China,2037355
https://github.com/ror-community/ror-updates/issues/37788,,AVIC Manufacturing Technology Institute (China)*en,active,company,,AVIC Manufacturing Technology Institute (China)*en; 中国航空制造技术研究院*zh,BAMTRI*en,https://www.avicmti.com/,https://en.wikipedia.org/wiki/AVIC_Manufacturing_Technology_Institute,avicmti.com,1957,,,,,,,Q39514561,Q39514561,Beijing,China,1816670
https://github.com/ror-community/ror-updates/issues/38375,,University of Toronto Scarborough,active,education; funder,UT Scarborough*en; U of T Scarborough*en,University of Toronto Scarborough; Université de Toronto à Scarborough,UTSC*en,https://www.utsc.utoronto.ca,,utsc.utoronto.ca,1964,501100004730,501100004730,,,,,Q3137221,Q3137221,Scarborough,Canada,6141900
https://github.com/ror-community/ror-updates/issues/38356,,Uma Charan Patnaik Engineering School*en,active,education,"U.C.P. Engineering School, Berhampur*en; Berhampur Engineering School*en; UCP Engineering School*en",Uma Charan Patnaik Engineering School*en; ଉମା ଚରଣ ପଟ୍ଟନାୟକ ଇଞ୍ଜିନିଅରିଙ୍ଗ ସ୍କୁଲ*or,UCPES*en,https://ucpesbam.in/,https://en.wikipedia.org/wiki/Uma_Charan_Patnaik_Engineering_School,ucpesbam.in,1956,,,,,,,Q27514821,Q27514821,Berhampur,India,1275198
https://github.com/ror-community/ror-updates/issues/38355,,Madras Christian College*en,active,education,Chennai Christian College*en; Madras Christian College (Autonomous)*en,Madras Christian College*en; சென்னை கிருத்துவக் கல்லூரி*ta,MCC*en,https://mcc.edu.in,https://en.wikipedia.org/wiki/Madras_Christian_College,mcc.edu.in,1837,,,,,0000 0001 0724 4698,0000 0001 0724 4698,Q3524031,Q3524031,Tambaram,India,1255062
https://github.com/ror-community/ror-updates/issues/37295,,Neuropsychopharmacologie*fr,active,facility,UMR-S 677*fr; UMR 677*fr,Neuropsychopharmacologie*fr,,,,,2005,,,,,,,,,Paris,France,2988507
https://github.com/ror-community/ror-updates/issues/37296,,Immuno-biologie cellulaire et moléculaire des infections parasitaires*fr,active,facility,U 511*fr; INSERM U511*fr; Immunologie cellulaire et moléculaire des infections parasitaires*fr,Immuno-biologie cellulaire et moléculaire des infections parasitaires*fr,,,,,2001,,,,,0000 0004 0459 5224,0000 0004 0459 5224,,,Paris,France,2988507
https://github.com/ror-community/ror-updates/issues/37298,,Laboratoire d'Immunologie Cellulaire et Tissulaire*fr,active,facility,U 543*fr; U543*fr; INSERM U543*fr,Laboratoire d'Immunologie Cellulaire et Tissulaire*fr,,,,,1997,,,,,,,,,Paris,France,2988507
https://github.com/ror-community/ror-updates/issues/37300,,Biologie et physiologie des interactions neuro-respiratoires et cardio-pulmonaires*fr,active,facility,UPRES EA 2397*fr; EA 2397*fr,Biologie et physiologie des interactions neuro-respiratoires et cardio-pulmonaires*fr,,,,,1997,,,,,,,,,Paris,France,2988507
https://github.com/ror-community/ror-updates/issues/37301,,"Cœur, Muscle et Vaisseaux*fr",active,facility,IFR 14*fr; Institut Federatif de Recherche sur la Physiopathologie et Génétique Cardiovasculaire*fr; Institut Fédératif de Physiopathologie et de Génétique Cardiovasculaire*fr,"Cœur, Muscle et Vaisseaux*fr",,,,,2005,,,,,,,,,Paris,France,2988507
https://github.com/ror-community/ror-updates/issues/38421,,Anusandhan National Research Foundation*en,active,government;funder,Anusandhan National Research Foundation (ANRF)*en,Anusandhan National Research Foundation*en; अनुसंधान राष्ट्रीय अनुसंधान फाउंडेशन*hi,,https://anrfonline.in,,anrfonline.in,,,,,,,,,,New Delhi,India,1261481
https://github.com/ror-community/ror-updates/issues/38405,,Kenya Assemblies of God EAST University*en,active,education,East Africa School of Theology*en; EAST University*en; KAG EAST University*en,Kenya Assemblies of God EAST University*en,KAG-EU*en,https://east.university,,east.ac.ke,1979,,,,,,,Q140893583,Q140893583,Nairobi,Kenya,184745
https://github.com/ror-community/ror-updates/issues/37315,,Laboratoire d'Imagerie Fonctionnelle*fr,active,facility,UMR-S 678*fr; UMR-S 678*fr; INSERM UMR S 678*fr,Laboratoire d'Imagerie Fonctionnelle*fr,LIF*fr,,,,2005,,,,,,,,,Paris,France,2988507
https://github.com/ror-community/ror-updates/issues/37314,,"Unité Dyslipidémies, Inflammation et athérosclérose dans les maladies métaboliques*fr",active,facility,"UMR-S 939*fr; INSERM-UMRS 939*fr; UMR S 939*fr; Dyslipoprotéinémies, Inflammation et Athérosclérose dans les Maladies Métaboliques*fr; Dyslipidémies, inflammation et arthérosclérose dans les maladies métaboliques*fr","Unité Dyslipidémies, Inflammation et athérosclérose dans les maladies métaboliques*fr",,,,,2009,,,,,,,,,Paris,France,2988507
https://github.com/ror-community/ror-updates/issues/37313,,Modélisation mathématique et statistique en biologie et médecine*fr,active,facility,U 436*fr; INSERM U436*fr,Modélisation mathématique et statistique en biologie et médecine*fr,,,,,2001,,,,,,,,,Paris,France,2988507
https://github.com/ror-community/ror-updates/issues/37312,,Unité de Recherches de Néphrologie normale et pathologique*fr,active,facility,U 64*fr; U. 64*fr; INSERM U 64*fr; Unité de Néphrologie normale et pathologique*fr,Unité de Recherches de Néphrologie normale et pathologique*fr,,,,,1995,,,,,,,,,Paris,France,2988507
https://github.com/ror-community/ror-updates/issues/37311,,Unité de Recherches sur les Peptides Neurodigestifs et le Diabète*fr,active,facility,U 55*fr; INSERM U. 55*fr; Peptides Neurodigestifs et Diabète*fr,Unité de Recherches sur les Peptides Neurodigestifs et le Diabète*fr,,,,,,,,,,,,,,Paris,France,2988507
https://github.com/ror-community/ror-updates/issues/37309,,Pathologie vasculaire et endocrinologie rénale*fr,inactive,facility,U 36*fr; INSERM U36*fr,Pathologie vasculaire et endocrinologie rénale*fr,,,,,2005,,,,,,,,,Paris,France,2988507
https://github.com/ror-community/ror-updates/issues/37307,,Centre de recherches ďImmuno-Pathologie et ďImmunologie Expérimentale*fr,inactive,facility,U 23*fr,Centre de recherches ďImmuno-Pathologie et ďImmunologie Expérimentale*fr,,,,,,,,,,,,,,Paris,France,2988507
https://github.com/ror-community/ror-updates/issues/37306,,Imagerie médicale quantitative*fr,Inactive,facility,U 494*fr; INSERM U494*fr; UMR S 494*fr,Imagerie médicale quantitative*fr,,,,,2001,,,,,,,,,Paris,France,2988507
https://github.com/ror-community/ror-updates/issues/38493,,Novozymes Japan Ltd. (Japan)*en,active,company; funder,Novozymes Japan*en;ノボザイムズ ジャパン株式会社*ja,Novozymes Japan Ltd. (Japan)*en; Novozymes Japan Ltd.*en;ノボザイムズ・ジャパン株式会社*ja,,https://www.novozymesjapan.com,,novozymesjapan.com,1977,501100010434,501100010434,,,,,,,Chiba,Japan,2113015
https://github.com/ror-community/ror-updates/issues/38033,,Lipotype (Germany)*en,active,company,Lipotype GmbH*en,Lipotype (Germany)*en,,https://www.lipotype.com,,lipotype.com,2012,,,,,0000 0005 2729 8799,0000 0005 2729 8799,,,Dresden,Germany,2935022
https://github.com/ror-community/ror-updates/issues/38004,,United Nations Children's Fund Brazil*en,active,funder,UNICEF Brazil*en,United Nations Children's Fund Brazil*en; UNICEF Brasil*pt,UNICEF*en,https://www.unicef.org/brazil/,,unicef.org,,,,,,,,,,Brasília,Brazil,3469058
https://github.com/ror-community/ror-updates/issues/37987,,"Ministry of Investments, Regional Development and Informatization of the Slovak Republic*en",active,government,,"Ministry of Investments, Regional Development and Informatization of the Slovak Republic*en; Ministerstvo investícií, regionálneho rozvoja a informatizácie Slovenskej republiky*sk",MIRRI SK*en,https://mirri.gov.sk,"https://sk.wikipedia.org/wiki/Ministerstvo_invest%C3%ADci%C3%AD,_region%C3%A1lneho_rozvoja_a_informatiz%C3%A1cie_Slovenskej_republiky",mirri.gov.sk,2020,,,,,,,Q97014712,Q97014712,Bratislava,Slovakia,3060972
https://github.com/ror-community/ror-updates/issues/37980,,Institute of Microbiology Academy of Sciences of the Republic of Uzbekistan*en,active,government,,Institute of Microbiology Academy of Sciences of the Republic of Uzbekistan*en,,https://en.microbio.uz,,en.microbio.uz,1977,,,,,0000 0004 6086 1056,0000 0004 6086 1056,,,Tashkent,Uzbekistan,1512569
https://github.com/ror-community/ror-updates/issues/37903,,Institute of Pulse Processes and Technologies of the National Academy of Sciences of Ukraine*en,active,government,,Institute of Pulse Processes and Technologies of the National Academy of Sciences of Ukraine*en; Інститут імпульсних процесів і технологій НАН України*uk,IPPT NASU*en,https://iipt.com.ua,https://uk.wikipedia.org/wiki/%D0%86%D0%BD%D1%81%D1%82%D0%B8%D1%82%D1%83%D1%82_%D1%96%D0%BC%D0%BF%D1%83%D0%BB%D1%8C%D1%81%D0%BD%D0%B8%D1%85_%D0%BF%D1%80%D0%BE%D1%86%D0%B5%D1%81%D1%96%D0%B2_%D1%96_%D1%82%D0%B5%D1%85%D0%BD%D0%BE%D0%BB%D0%BE%D0%B3%D1%96%D0%B9_%D0%9D%D0%90%D0%9D_%D0%A3%D0%BA%D1%80%D0%B0%D1%97%D0%BD%D0%B8,iipt.com.ua,1962,,,,,,,Q4201520,Q4201520,Mykolaiv,Ukraine,700569
https://github.com/ror-community/ror-updates/issues/37898,,Haleon (United States)*en,active,company,Haleon US*en; Haleon USA*en,Haleon (United States)*en,,https://www.haleon.com,,,,,,,,,,,,"Warren, NJ",United States,5106044
https://github.com/ror-community/ror-updates/issues/37825,,National Engineering and Technology Research Center for Preservation of Agricultural Products*en,active,facility,,National Engineering and Technology Research Center for Preservation of Agricultural Products*en; 国家农产品保鲜工程技术研究中心（天津）*zh,,https://www.taas.ac.cn/nyy_ptjs/ptjs_gczx/ptjs_bxgcjs/,,taas.ac.cn,,,,,,,,,,Tianjin,China,1792947
https://github.com/ror-community/ror-updates/issues/37821,,Central Research Institute of Building and Construction (China)*en,active,company,"Central Research Institute of Building and Construction Co., Ltd.*en",Central Research Institute of Building and Construction (China)*en; 中冶建筑研究总院有限公司*zh,CRIBC*en,http://www.cribc.com/,,cribc.com,1955,,,,,,,,,Beijing,China,1816670
https://github.com/ror-community/ror-updates/issues/37305,,Douleurs et Stress*fr,active,facility,U 713*fr; Unité Inserm 713*fr; INSERM U 713*fr,Douleurs et Stress*fr,,,,,2005,,,,,,,,,Paris,France,2988507
https://github.com/ror-community/ror-updates/issues/37303,,"Génétique, pharmacologie et physiopathologie des maladies cardiovasculaires*fr",inactive,facility,UMR-S 956*fr; INSERM UMR S 956*fr,"Génétique, pharmacologie et physiopathologie des maladies cardiovasculaires*fr",,,,,2009,,,,,,,,,Paris,France,2988507
https://github.com/ror-community/ror-updates/issues/38211,,M. N. College*en,active,education,M.N. College Visnagar*en,"M. N. College*en; એમ.એન. કોલેજ, વિસનગર*gu",,https://mnc.edu.in,https://en.wikipedia.org/wiki/M._N._College%2C_Visnagar,mnc.edu.in,1946,,,,,,,Q140736780,Q140736780,Visnagar,India,1253095
https://github.com/ror-community/ror-updates/issues/38517,,Centre Régional de Coordination des Dépistages des Cancers des Hauts-de-France*fr,active,nonprofit,Centre Régional de Coordination des Dépistages des Cancers Hauts-de-France*fr; Centre Régional de Coordination du Dépistage des Cancers Hauts-de-France*fr;CRCDC Hauts-de-France*fr,Centre Régional de Coordination des Dépistages des Cancers des Hauts-de-France*fr,CRCDC HDF*fr; CRCDC*fr,https://www.crcdc-hdf.fr,,crcdc-hdf.fr,2018,,,,,0000 0005 2724 2955,0000 0005 2724 2955,,,Lille,France,2998324
https://github.com/ror-community/ror-updates/issues/38476,,Virridy (United States)*en,active,company,Virridy Inc*en,Virridy (United States)*en; Virridy*en,,https://virridy.com,,virridy.com,2012,,,,,,,Q140918534,Q140918534,Boulder,United States,5574991
https://github.com/ror-community/ror-updates/issues/38504,,Gitarattan International Business School*en,active,education,GIBS Delhi*en,Gitarattan International Business School*en; गीतारत्तान इंटरनेशनल बिजनेस स्कूल*hi,GIBS*en,https://gitarattan.edu.in,,gitarattan.edu.in,2004,,,,,0000 0004 1778 0007,0000 0004 1778 0007,Q89533195,Q89533195,Delhi,India,1273294
https://github.com/ror-community/ror-updates/issues/38503,,College of Electronic Technology Bani Walid*en,active,education,Higher Institute of Electronics*en,College of Electronic Technology Bani Walid*en; كلية التقنية الإلكترونية-بني وليد*ar,CETB*en,https://ar.cetb.edu.ly,https://ar.wikipedia.org/wiki/%D9%83%D9%84%D9%8A%D8%A9_%D8%A7%D9%84%D8%AA%D9%82%D9%86%D9%8A%D8%A9_%D8%A7%D9%84%D8%A5%D9%84%D9%83%D8%AA%D8%B1%D9%88%D9%86%D9%8A%D8%A9_%D8%A8%D9%86%D9%8A_%D9%88%D9%84%D9%8A%D8%AF,cetb.edu.ly,1976,,,,,,,Q95002337,Q95002337,Bani Walid,Libya,
https://github.com/ror-community/ror-updates/issues/38500,,Surendranath Evening College*en,active,education,,Surendranath Evening College*en; सुरेंद्रनाथ इवनिंग कॉलेज*hi,,https://snec.edu.in,https://hi.wikipedia.org/wiki/%E0%A4%B8%E0%A5%81%E0%A4%B0%E0%A5%87%E0%A4%82%E0%A4%A6%E0%A5%8D%E0%A4%B0%E0%A4%A8%E0%A4%BE%E0%A4%A5_%E0%A4%87%E0%A4%B5%E0%A4%A8%E0%A4%BF%E0%A4%82%E0%A4%97_%E0%A4%95%E0%A5%89%E0%A4%B2%E0%A5%87%E0%A4%9C,snec.edu.in,1961,,,,,,,Q7645707,Q7645707,Kolkata,India,1275004
https://github.com/ror-community/ror-updates/issues/38521,,Ministère de l’Enseignement supérieur*fr,active,government; funder,"Ministère de l’Enseignement supérieur, de la Recherche, de la Science et de la Technologie*fr; Ministère de l’Enseignement supérieur (Québec)*fr; Ministry of Higher Education (Quebec)*en",Ministère de l’Enseignement supérieur*fr; Ministry of Higher Education*en,MES*fr,https://www.quebec.ca/gouvernement/ministeres-organismes/enseignement-superieur,https://fr.wikipedia.org/wiki/Minist%C3%A8re_de_l%27Enseignement_sup%C3%A9rieur_%28Qu%C3%A9bec%29,,2020,501100004524,501100004524,,,,,Q16664612,Q16664612,Québec,Canada,6325494
https://github.com/ror-community/ror-updates/issues/32939,,The Kharkiv Entomological Society*en,active,nonprofit; funder,Kharkiv Entomological Society*en,The Kharkiv Entomological Society*en; Харківське ентомологічне товариство*uk,KhES*en,https://society.entomology.kharkiv.ua,,entomology.kharkiv.ua,1949,10,10,,,,,,,Kharkiv,Ukraine,706483
https://github.com/ror-community/ror-updates/issues/38547,,Vinmec Healthcare System*en,active,healthcare,Vinmec*en;Vinmec Health System*en;Vinmec International General Hospital System*en;Vinmec International General Hospital Joint Stock Company*en,Vinmec Healthcare System*en; Hệ thống Y tế Vinmec*vi,,https://www.vinmec.com,,vinmec.com,2012,,,,,,,,,Hanoi,Vietnam,1581130
https://github.com/ror-community/ror-updates/issues/38548,,Vinmec Central Park International Hospital*en,active,healthcare,Vinmec Central Park Hospital*en;Vinmec Central Park*en;Vinmec Central Park International General Hospital*en,Vinmec Central Park International Hospital*en; Bệnh viện Đa khoa Quốc tế Vinmec Central Park*vi,,https://www.vinmec.com/eng/hospital/vinmec-central-park-international-hospital-1,,,2015,,,,,,,,,Ho Chi Minh City,Vietnam,1566083
https://github.com/ror-community/ror-updates/issues/38549,,Vinmec Smart City Hospital*en,active,healthcare,Vinmec Smart City*en;Vinmec Smart City International Hospital*en;Vinmec Smart City General Hospital*en,Vinmec Smart City Hospital*en; Bệnh viện Đa khoa Quốc tế Vinmec Smart City*vi,,https://www.vinmec.com/eng/hospital/vinmec-smart-city-international-hospital-1,,,2024,,,,,,,,,Hanoi,Vietnam,1581130
https://github.com/ror-community/ror-updates/issues/38550,,Vinmec Da Nang Hospital*en,active,healthcare,Vinmec Danang Hospital*en;Vinmec Da Nang International Hospital*en;Vinmec Danang International Hospital*en;Vinmec Da Nang General Hospital*en,Vinmec Da Nang Hospital*en; Bệnh viện Đa khoa Quốc tế Vinmec Đà Nẵng*vi,,https://www.vinmec.com/eng/hospital/vinmec-da-nang-hospital,,,2017,,,,,,,,,Da Nang,Vietnam,1583992
https://github.com/ror-community/ror-updates/issues/38551,,Vinmec Hai Phong Hospital*en,active,healthcare,Vinmec Haiphong Hospital*en;Vinmec Hai Phong International Hospital*en;Vinmec Haiphong International Hospital*en;Vinmec Hai Phong General Hospital*en,Vinmec Hai Phong Hospital*en; Bệnh viện Đa khoa Quốc tế Vinmec Hải Phòng*vi,,https://www.vinmec.com/eng/hospital/vinmec-hai-phong-hospital-1,,,2018,,,,,,,,,Hai Phong,Vietnam,1581298
https://github.com/ror-community/ror-updates/issues/38552,,Vinmec Ha Long Hospital*en,active,healthcare,Vinmec Halong Hospital*en;Vinmec Ha Long International Hospital*en;Vinmec Halong International Hospital*en;Vinmec Ha Long General Hospital*en,Vinmec Ha Long Hospital*en; Bệnh viện Đa khoa Quốc tế Vinmec Hạ Long*vi,,https://www.vinmec.com/eng/hospital/vinmec-ha-long-hospital-1,,,2016,,,,,,,,,Ha Long,Vietnam,1581130
https://github.com/ror-community/ror-updates/issues/38554,,Vinmec Phu Quoc Hospital*en,active,healthcare,Vinmec Phuquoc Hospital*en;Vinmec Phu Quoc International Hospital*en;Vinmec Phuquoc International Hospital*en;Vinmec Phu Quoc International General Hospital*en,Vinmec Phu Quoc Hospital*en; Bệnh viện Đa khoa Quốc tế Vinmec Phú Quốc*vi,,https://www.vinmec.com/eng/hospital/vinmec-phu-quoc-hospital,,,2015,,,,,,,,,Phu Quoc,Vietnam,8531735
https://github.com/ror-community/ror-updates/issues/38555,,Vinmec Can Tho Hospital*en,active,healthcare,Vinmec Cantho Hospital*en;Vinmec Can Tho International Hospital*en;Vinmec Cantho International Hospital*en;Vinmec Can Tho International General Hospital*en,Vinmec Can Tho Hospital*en; Bệnh viện Đa khoa Quốc tế Vinmec Cần Thơ*vi,,https://www.vinmec.com/eng/hospital/vinmec-can-tho-hospital,,,2025,,,,,,,,,Can Tho,Vietnam,1586203
https://github.com/ror-community/ror-updates/issues/38556,,Vinmec Hi-Tech Center*en,active,facility,Vinmec Hi - Tech Center*en;Vinmec High-Tech Center*en;Vinmec Hitech Center*en,Vinmec Hi-Tech Center*en; Trung tâm Công nghệ Cao Vinmec*vi,,https://www.vinmec.com/eng/hospital/vinmec-hi-tech-center-vinmec-healthcare-system,,,2018,,,,,,,,,Hanoi,Vietnam,1581130
https://github.com/ror-community/ror-updates/issues/38557,,Vinmec Research Institute of Stem Cell and Gene Technology*en,active,facility,Vinmec Research Institute of Stem Cells and Gene Technology*en;Vinmec - VinUni Research Institute of Stem Cells and Gene Technology*en;Vinmec Institute of Stem Cell Research and Gene Technology*en,Vinmec Research Institute of Stem Cell and Gene Technology*en; Viện Nghiên cứu Tế bào gốc và Công nghệ gen Vinmec*vi,VRISG*en,https://vrisg.vinuni.edu.vn,,vrisg.vinuni.edu.vn,2016,,,,,,,,,Hanoi,Vietnam,1581130
https://github.com/ror-community/ror-updates/issues/38558,,Vinmec - VinUni Institute of Immunology*en,active,facility,Vinmec-VinUni Institute of Immunology*en;Vinmec – VinUni Institute of Immunology*en;Vinmec - VinUni Research Institute of Immunology*en;Vin-Mec-VinUni Institute of Immunology*en,Vinmec - VinUni Institute of Immunology*en; Viện Nghiên cứu Miễn dịch Vinmec - VinUni*vi,VIVI*en,https://vivi.vinuni.edu.vn,,vivi.vinuni.edu.vn,,,,,,,,,,Hanoi,Vietnam,1581130
https://github.com/ror-community/ror-updates/issues/38560,,Centre de recherche de Santé Québec Chaudière-Appalaches*fr,active,facility,Centre de recherche du CISSS de Chaudière-Appalaches*fr;Centre de Recherche du Centre intégré de santé et de services sociaux de Chaudière-Appalaches*fr;Centre de recherche du CISSS Chaudière-Appalaches*fr;CISSS of Chaudière-Appalaches Research Center*en;CISSS Chaudière-Appalaches Research Center*en,Centre de recherche de Santé Québec Chaudière-Appalaches*fr,,https://www.cisssca.com/recherche-et-enseignement/centre-de-recherche-du-cisss-de-chaudiere-appalaches,,,2019,,,,,,,,,Lévis,Canada,6325521
https://github.com/ror-community/ror-updates/issues/37317,,Instrumentation et Dynamique Cardiovasculaire*fr,inactive,facility,U 256*fr; INSERM U 256*fr; INSERM U. 256*fr,Instrumentation et Dynamique Cardiovasculaire*fr,,,,,,,,,,,,,,Paris,France,2988507
https://github.com/ror-community/ror-updates/issues/37316,,"Physiopathologie, génétique et pharmacologie du remodelage cardiovasculaire*fr",inactive,facility,U 621*fr; UMR-S 621*fr; INSERM U 621*fr; INSERM U-621*fr,"Physiopathologie, génétique et pharmacologie du remodelage cardiovasculaire*fr",,,,,2005,,,,,,,,,Paris,France,2988507
https://github.com/ror-community/ror-updates/issues/37302,,Lipoprotéines et Athérogénèse*fr,inactive,facility,U 321*fr; INSERM Unité U321*fr; INSERM U 321*fr,Lipoprotéines et Athérogénèse*fr,,,,,1997,,,,,,,,,Paris,France,2988507
https://github.com/ror-community/ror-updates/issues/37344,,Centre de recherche du château de Versailles*fr,active,other; funder,Versailles Research Centre*en; Palace of Versailles Research Centre*fr,Centre de recherche du château de Versailles*fr; Research Centre of the Palace of Versailles*en,CRCV*fr,https://www.chateauversailles.fr/centre-recherche,https://en.wikipedia.org/wiki/Palace_of_Versailles_Research_Centre,,2004,501100014085,501100014085,,,,,Q2945406,Q2945406,Versailles,France,2969679
https://github.com/ror-community/ror-updates/issues/38336,,Pub Kamrup College*en,active,education,,Pub Kamrup College*en; পূব কামৰূপ মহাবিদ্যালয়*as; পূর্ব কামরূপ মহাবিদ্যালয়*bn,,https://www.pubkamrupcollege.co.in,https://as.wikipedia.org/wiki/%E0%A6%AA%E0%A7%82%E0%A6%AC_%E0%A6%95%E0%A6%BE%E0%A6%AE%E0%A7%B0%E0%A7%82%E0%A6%AA_%E0%A6%AE%E0%A6%B9%E0%A6%BE%E0%A6%AC%E0%A6%BF%E0%A6%A6%E0%A7%8D%E0%A6%AF%E0%A6%BE%E0%A6%B2%E0%A6%AF%E0%A6%BC,pubkamrupcollege.co.in,1972,,,,,0000 0005 0263 2578,0000 0005 0263 2578,Q39049843,Q39049843,Guwahati,India,1271476
https://github.com/ror-community/ror-updates/issues/38546,,M.N. College & Research Institute*en,active,education,M. N. College and Research Institute*en; M.N. Institute of Applied Sciences*en,M.N. College & Research Institute*en,,https://mncollegebkn.in,,mncollegebkn.in,2003,,,,,,,Q91413842,Q91413842,Bikaner,India,1275665
https://github.com/ror-community/ror-updates/issues/37354,,Jeddah Regional Laboratory*en,active,healthcare,Jeddah Regional Reference Laboratory*en;Regional Laboratory of Jeddah*en;مختبر جدة الإقليمي*ar,Jeddah Regional Laboratory*en; المختبر الإقليمي بجدة*ar,JRL*en,,,,1975,,,,,,,Q140673770,Q140673770,Jeddah,Saudi Arabia,105343
https://github.com/ror-community/ror-updates/issues/38341,,Syamaprasad College*en,active,education,Shyamaprasad College*en,Syamaprasad College*en; শ্যামাপ্রসাদ কলেজ*bn,,https://www.syamaprasadcollege.in,https://bn.wikipedia.org/wiki/%E0%A6%B6%E0%A7%8D%E0%A6%AF%E0%A6%BE%E0%A6%AE%E0%A6%BE%E0%A6%AA%E0%A7%8D%E0%A6%B0%E0%A6%B8%E0%A6%BE%E0%A6%A6_%E0%A6%95%E0%A6%B2%E0%A7%87%E0%A6%9C,syamaprasadcollege.in,1945,,,,,,,Q7659454,Q7659454,Kolkata,India,1275004
https://github.com/ror-community/ror-updates/issues/38084,,Laboratoire Solomon Lefschetz*fr,active,facility,IRL2001*fr; IRL 2001*fr; LaSol*fr,Laboratoire Solomon Lefschetz*fr; Laboratorio Internacional Solomon Lefschetz*es,,http://www.umi-lasol.matem.unam.mx,,umi-lasol.matem.unam.mx,2021,,,,,,,,,Mexico City,MX,3530597
https://github.com/ror-community/ror-updates/issues/38085,,CNRS Helmholtz Dark Matter Laboratory*en,active,facility,IRL2003*en;IRL 2003*en;DMLab*en,CNRS Helmholtz Dark Matter Laboratory*en,,https://dmlab.in2p3.fr,,dmlab.in2p3.fr,2023,,,,,,,,,Hamburg,DE,2911298
https://github.com/ror-community/ror-updates/issues/38086,,Abraham de Moivre*en,active,facility,"IRL2004*en;IRL 2004*en; CNRS-Imperial ""Abraham de Moivre"" International Research Laboratory*en",Abraham de Moivre*en,,https://www.imperial.ac.uk/abraham-de-moivre/,,imperial.ac.uk,2021,,,,,,,,,London,GB,2643743
https://github.com/ror-community/ror-updates/issues/38087,,Centre Pierre Binetruy*fr,active,facility,IRL2007*fr;IRL 2007*fr,Centre Pierre Binetruy*fr,CPB *fr,https://www.cpb.in2p3.fr,,cpb.in2p3.fr,2021,,,,,0000 0005 1129 6940,0000 0005 1129 6940,,,Berkeley,US,5327684
https://github.com/ror-community/ror-updates/issues/38088,,Reconciling Ecological and Human Adaptations for a Biosphere-based Sustainability*en,active,facility,IRL2008*en; IRL 2008*en,Reconciling Ecological and Human Adaptations for a Biosphere-based Sustainability*en; REHABS - Reconciling Ecological and Human Adaptations for a Biosphere-based Sustainability*en,REHABS *fr,https://en.ird.fr/project-rehabs-reconciling-ecological-and-human-adaptations-biosphere-based-sustainability,,,2021,,,,,,,,,George,ZA,3576407
https://github.com/ror-community/ror-updates/issues/38089,,French–Australian Laboratory for Human / Autonomous Agents Teaming*en,active,facility,IRL2010*en; IRL 2010*en;French–Australian Laboratory for Human Autonomous Agents Teaming*en,French–Australian Laboratory for Human / Autonomous Agents Teaming*en,CROSSING *fr;IRL CROSSING *fr,https://crossing.cnrs.fr,,crossing.cnrs.fr,2021,,,,,,,,,Adelaide,AU,2078025
https://github.com/ror-community/ror-updates/issues/38090,,"International Laboratory for Astrophysics, Neutrino and Cosmology Experiments*en",active,facility,IRL2014*en; IRL 2014*en,"International Laboratory for Astrophysics, Neutrino and Cosmology Experiments*en",ILANCE *fr,https://ilance.cnrs.fr,,ilance.cnrs.fr,2021,,,,,,,,,Kashiwa,JP,1859924
https://github.com/ror-community/ror-updates/issues/38091,,Dynamical Control of Materials*en,active,facility,IRL2015*en;IRL 2015*en; International Research Laboratory Dynamical Control of Materials*en; IRL Dynamical Control of Materials*en,Dynamical Control of Materials*en,DYNACOM*en; IRL DYNACOM*en,https://irl-dynacom.chem.s.u-tokyo.ac.jp,,irl-dynacom.chem.s.u-tokyo.ac.jp,2022,,,,,,,,,Tokyo,JP,1850147
https://github.com/ror-community/ror-updates/issues/38092,,Japanese - French lAboratory for Semiconductor physics and Technology*en,active,facility,IRL2016*en;IRL 2016*en,Japanese - French lAboratory for Semiconductor physics and Technology*en,JFAST *fr,https://tokyo.office.cnrs.fr/research/jfast/,,,2022,,,,,,,,,Ibaraki Tsukuba,JP,2110681
https://github.com/ror-community/ror-updates/issues/38093,,Laboratoire Frontières Quantiques*fr,active,facility,"IRL2017;IRL 2017; International Research Laboratory Laboratoire ""Frontières Quantiques""",Laboratoire Frontières Quantiques*fr,LFQ*fr,https://irl-lfq.com,,irl-lfq.com,2022,,,,,,,,,Sherbrooke,CA,6146143
https://github.com/ror-community/ror-updates/issues/38094,,France-Vietnam in Mathematics and its Applications*en,active,facility,IRL2018;IRL 2018; International Research Laboratory France-Vietnam in Mathematics and its Applications*en; IRL France-Vietnam in Mathematics and its Applications*en,France-Vietnam in Mathematics and its Applications*en,FVMA*fr;IRL FVMA*fr,https://irl-fvma.math.cnrs.fr,,,2023,,,,,,,,,Hanoi,VN,1581130
https://github.com/ror-community/ror-updates/issues/38095,,Laboratoire Ypatia des Sciences Mathématiques*fr,active,facility,IRL2019;IRL 2019,Laboratoire Ypatia des Sciences Mathématiques*fr,LYSM*fr,https://www.altamatematica.it/lysm/,,,2021,,,,,,,,,Rome,IT,3169070
https://github.com/ror-community/ror-updates/issues/38096,,Toshiko Yuasa Laboratory*en,active,facility,IRL2023*en; IRL 2023*en,Toshiko Yuasa Laboratory*en,TYL*fr,https://tyl.cnrs.fr,,tyl.cnrs.fr,2023,,,,,,,,,Tsukuba,JP,2110681
https://github.com/ror-community/ror-updates/issues/38097,,International Research Laboratory for Nuclear Physics and Nuclear Astrophysics*en,active,facility,IRL2024;IRL 2024; IRL Nuclear Physics and Nuclear Astrophysics*en,International Research Laboratory for Nuclear Physics and Nuclear Astrophysics*en,NPA*fr,https://npa.in2p3.fr,,,2023,,,,,,,,,East Lansing,US,4998830
https://github.com/ror-community/ror-updates/issues/38098,,French-Japanese Laboratory of Mathematics and their Interactions*en,active,facility,IRL2025;IRL 2025,French-Japanese Laboratory of Mathematics and their Interactions*en,FJ-LMI*fr,https://fj-lmi.cnrs.fr,,,2023,,,,,,,,,Tokyo,JP,1850147
https://github.com/ror-community/ror-updates/issues/38099,,UChicago-CNRS HumanitiesPlus International Research Laboratory*en,active,facility,IRL2026;IRL 2026;HumanitiesPlus IRL;University of Chicago-CNRS HumanitiesPlus International Research Laboratory*en; IRL Humanités et sciences sociales*fr,UChicago-CNRS HumanitiesPlus International Research Laboratory*en,,https://humanitiesirl.uchicago.edu,,,2024,,,,,,,,,Chicago,United States,4887398
https://github.com/ror-community/ror-updates/issues/38100,,Institut Franco-Argentin de Dynamique des Fluides pour l'Environnement*fr,active,facility,IRL2027;IRL 2027;IFADyFE*fr,Institut Franco-Argentin de Dynamique des Fluides pour l'Environnement*fr,,https://www.ifadyfe.cnrs.fr,,,2024,,,,,,,,,Buenos Aires,AR,3435910
https://github.com/ror-community/ror-updates/issues/38101,,Eco-Evo-Devo of Coral Reef Fishes Life Cycle*en,active,facility,IRL2028;IRL 2028; International Research Laboratory EARLY*en,Eco-Evo-Devo of Coral Reef Fishes Life Cycle*en,EARLY;IRL EARLY,https://www.oist.jp/early-cnrs,,,2024,,,,,,,,,"Onna, Okinawa",JP,1856035
https://github.com/ror-community/ror-updates/issues/38102,,IRL Immunology: Regulation of host responses and immune health*en,active,facility,IRL2029;IRL 2029;ImmuneHEALTH; IRL Immunology*en;Regulation of host responses and immune health*en,IRL Immunology: Regulation of host responses and immune health*en,,https://sao-paulo.office.cnrs.fr/en/research/irl-immunology-regulation-of-host-responses-and-immune-health/,,,2024,,,,,,,,,São Paulo,BR,3448439
https://github.com/ror-community/ror-updates/issues/38104,,International Research Laboratory in Particle Physics and Cosmology*en,active,facility,IRL2031;IRL 2031;Particle Physics and Cosmology *en;Particle Physics & Cosmology International Research Laboratory*en,International Research Laboratory in Particle Physics and Cosmology*en,PPC*en;IRL PPC*en,https://ppc.in2p3.fr,,ppc.in2p3.fr,2024,,,,,,,,,Chicago,US,4887398
https://github.com/ror-community/ror-updates/issues/38105,,France Australia Mathematical Sciences and Interactions International Research Lab,active,facility,IRL2032;IRL 2032;International Research Lab France-Australia Mathematical Sciences and Interactions*en;IRL France-Australia Mathematical Sciences and Interactions*en;France Australia Mathematical Sciences and Interactions*en,France Australia Mathematical Sciences and Interactions International Research Lab,FAMSI*en; IRL FAMSI*en,https://maths.anu.edu.au/research/famsi-irl,,,2025,,,,,,,,,Canberra,AU,2172517
https://github.com/ror-community/ror-updates/issues/38106,,Archaeozoological Center for the Study of Central Asia*en,active,facility,IRL2033;IRL 2033;ZooStan*en,Archaeozoological Center for the Study of Central Asia*en,,https://zoostancentre.com,,zoostancentre.com,2024,,,,,,,,,Almaty,KZ,1526384
https://github.com/ror-community/ror-updates/issues/38108,,Ayrton- Blériot Engineering Laboratory*en,active,facility,IRL2035;IRL 2035;Ayrton-Blériot Engineering Lab*en;Ayrton- Blériot Engineering Laboratory - ABEL*en,Ayrton- Blériot Engineering Laboratory*en,ABEL*fr,https://www.imperial.ac.uk/cnrs-imperial-international-research-centre/ayrton--bleriot-engineering-laboratory---abel/,,,2025,,,,,,,,,London,GB,2643743
https://github.com/ror-community/ror-updates/issues/38109,,IRL Marine Eutrophication Lab*en,active,facility,IRL2036*en; IRL 2036*en; International Research Laboratory Marine Eutrophication Lab*en,IRL Marine Eutrophication Lab*en,MAREL*en; IRL MAREL*en,,,,2026,,,,,,,,,Rio de Janeiro,BR,3451190
https://github.com/ror-community/ror-updates/issues/38111,,International Research Laboratory CNRS-EuXFEL*en,active,facility,IRL2038;IRL 2038;CNRS - EuXFEL*en; IRL CNRS - EuXFEL*en,International Research Laboratory CNRS-EuXFEL*en,XFEL,https://www.gdr-xfel.cnrs.fr,,,2025,,,,,,,,,Schenefeld,DE,2839763
https://github.com/ror-community/ror-updates/issues/38112,,PHANTOM Lab*en,active,facility,"IRL2040;IRL 2040; Plasticity, Heterogeneity and Tumor Microenvironment Lab*en",PHANTOM Lab*en,PHANTOM *fr,https://genomic-cancer-medicine.unimelb.edu.au/research/phantom-lab,,,2025,,,,,,,,,Melbourne,AU,2158177
https://github.com/ror-community/ror-updates/issues/38114,,Organic Photonics and Electronics International Laboratory*en,active,facility,IRL2043;IRL 2043; IR,Organic Photonics and Electronics International Laboratory*en,OPHELIA*en,https://tokyo.office.cnrs.fr/research/ophelia/,,,2026,,,,,,,,,Fukuoka,JP,1863967
https://github.com/ror-community/ror-updates/issues/38115,,"""Antoine Lavoisier"" Multiscale Metabolism International Research Laboratory",active,facility,"IRL2044;IRL 2044;Multiscale Metabolism ""Antoine Lavoisier""*en; IRL Multiscale Metabolism ""Antoine Lavoisier""*en","""Antoine Lavoisier"" Multiscale Metabolism International Research Laboratory",,https://www.imperial.ac.uk/metabolism-digestion-reproduction/cnrs--university-of-lille--imperial-international-research-project-in-integrative-metabolism/,,,2026,,,,,,,,,London,GB,2643743
https://github.com/ror-community/ror-updates/issues/38567,,Modern Law College*en,active,education,PES Modern Law College*en; Progressive Education Society's Modern Law College*en; PES Modern Law College Pune*en,Modern Law College*en; मॉडर्न विधी महाविद्यालय*mr,,https://modernlawcollege.ac.in,,modernlawcollege.ac.in,2003,,,,,,,Q140947626,Q140947626,Pune,India,1259229
https://github.com/ror-community/ror-updates/issues/38116,,Multidisciplinary International Research for Advancing Innovation in Glycosciences*en,active,facility,IRL2045;IRL 2045;GlycoMIRAI,Multidisciplinary International Research for Advancing Innovation in Glycosciences*en,,https://tokyo.office.cnrs.fr/research/glycomirai/,,,2026,,,,,,,,,Nagoya,JP,1856057
https://github.com/ror-community/ror-updates/issues/38119,,The Pacific Institute for the Mathematical Sciences*en,active,facility,IRL3069;IRL 3069;PIMS - Europe; Pacific Institute for the Mathematical Sciences*en,The Pacific Institute for the Mathematical Sciences*en,,https://www.pims.math.ca/cnrs,,,2021,,,,,,,,,Vancouver,CA,6173331
https://github.com/ror-community/ror-updates/issues/38122,,CNRS-AIST JRL (Joint Robotics Laboratory)*en,active,facility,IRL3218;IRL 3218;CNRS-AIST Joint Robotics Laboratory,CNRS-AIST JRL (Joint Robotics Laboratory)*en,JRL*en;CNRS-AIST JRL,https://unit.aist.go.jp/isri/isri-jrl/,,,2021,,,,,,,,,Tsukuba,JP,2110681
https://github.com/ror-community/ror-updates/issues/38123,,CNRS International - NTU - Thales Research Alliance*en,active,facility,IRL3288*en;IRL 3288*en,CNRS International - NTU - Thales Research Alliance*en,CINTRA*en,https://www.ntu.edu.sg/cintra,,,2021,,,,,,,,,Singapore,SG,1880252
https://github.com/ror-community/ror-updates/issues/38124,,CRM-CNRS International Research Lab*en,active,facility,IRL3457;IRL 3457; CRM-CNRS International Research Laboratory*en,CRM-CNRS International Research Lab*en,CRM-CNRS*fr; CRM-CNRS IRL,https://blogcrmcnrs.pages.math.cnrs.fr,,,2021,,,,,,,,,Montreal,CA,6077243
https://github.com/ror-community/ror-updates/issues/38125,,Eco-Efficient Products & Processes Laboratory*en,active,facility,IRL3464;IRL 3464,Eco-Efficient Products & Processes Laboratory*en,E2P2L *fr,https://www.e2p2l.com,,e2p2l.com,2021,,,,,,,,,Shanghai,CN,1796236
https://github.com/ror-community/ror-updates/issues/38126,,Bridging Mechanobiology and Medicine*en,active,facility,IRL3639;IRL 3639;IRL Bridging Mechanobiology and Medicine*en;International Research Laboratory Bridging Mechanobiology and Medicine*en,Bridging Mechanobiology and Medicine*en,BMC*en; IRL BMC*en,https://singapore.office.cnrs.fr/project/irl-bmc/,,,2021,,,,,,,,,Singapore,SG,1880252
https://github.com/ror-community/ror-updates/issues/38127,,French-American Center for Theoretical Science*en,active,facility,IRL8023;IRL 8023; IRL French-American Center for Theoretical Science*en; International Research Laboratory French-American Center for Theoretical Science*en,French-American Center for Theoretical Science*en,FACTS*en;IRL FACTS*en,https://washington.office.cnrs.fr/fr/research/cnrs-ucsb-international-research-laboratory-facts/,,,2023,,,,,,,,,Santa Barbara,US,5392952
https://github.com/ror-community/ror-updates/issues/38128,,Fédération des Sciences Chimiques de Marseille*fr,active,facility,UAR1739;UAR 1739,Fédération des Sciences Chimiques de Marseille*fr,FSCM*fr,https://fr-chimie.univ-amu.fr,,,2024,,,,,,,,,Marseille,FR,
https://github.com/ror-community/ror-updates/issues/38129,,Ecole de Physique des Houches*fr,active,facility,UAR2002;UAR 2002,Ecole de Physique des Houches*fr; Les Houches School of Physics*en,,https://www.houches-school-physics.com,,houches-school-physics.com,2021,,,,,,,,,Les Houches,FR,3000622
https://github.com/ror-community/ror-updates/issues/38131,,Maison des Sciences Humaines de Bordeaux*fr,active,facility,UAR2004;UAR 2004,Maison des Sciences Humaines de Bordeaux*fr,MSHBx*fr,https://www.mshbx.fr,,mshbx.fr,2021,,,,,,,,,Pessac,FR,2987805
https://github.com/ror-community/ror-updates/issues/38132,,Certification Agency for Scientific Code and Data*en,active,facility,UAR2007;UAR 2007;CASCaD*en,Certification Agency for Scientific Code and Data*en,,https://www.cascad.tech,,cascad.tech,2022,,,,,,,,,Jouy En Josas,FR,3012165
https://github.com/ror-community/ror-updates/issues/38133,,Centre de Primatologie de la Méditerranée*fr,active,facility,UAR2018;UAR 2018,Centre de Primatologie de la Méditerranée*fr,MPRC*fr,https://www.ibisa.net/plateformes/centre-primatologie-mediterranee-mprc-155.html,,,2022,,,,,,,,,Marseille,FR,2995469
https://github.com/ror-community/ror-updates/issues/38135,,Spectrométrie de Masse pour la Biologie*fr,active,facility,UAR2024;UAR 2024;MSBio*fr;UTechS MSBio*fr,Spectrométrie de Masse pour la Biologie*fr,,https://research.pasteur.fr/fr/team/mass-spectrometry-for-biology/,,,2022,,,,,,,,,Paris,FR,2988507
https://github.com/ror-community/ror-updates/issues/38137,,Multi-ingénierie pour les systèmes vivants*fr,active,facility,UAR2027;UAR 2027,Multi-ingénierie pour les systèmes vivants*fr,MEP CENTURI*fr,https://centuri-livingsystems.org/multi-engineering-platform/,,,2024,,,,,,,,,Marseille,FR,2995469
https://github.com/ror-community/ror-updates/issues/38138,,Laboratoire Sous-marin Provence Méditerranée*fr,active,facility,UAR2032;UAR 2032,Laboratoire Sous-marin Provence Méditerranée*fr,LSPM*fr,https://www.cppm.in2p3.fr/web/fr/LSPM/index.html,,,2022,,,,,,,,,Marseille,FR,2995469
https://github.com/ror-community/ror-updates/issues/38141,,Biologie & Santé*fr,active,facility,UAR2038;UAR 2038;UAR BioS*fr,Biologie & Santé*fr,,https://sfa.univ-poitiers.fr/la-plateforme-imageup-dimagerie-de-luniversite-de-poitiers-labellisee-par-le-groupement-dinteret-scientifique-ibisa/,,,2024,,,,,,,,,Poitiers,FR,2986495
https://github.com/ror-community/ror-updates/issues/38142,,"Fédération de chimie ""Le Bel""*fr",active,facility,UAR2042;UAR 2042,"Fédération de chimie ""Le Bel""*fr",,https://frlebel.chimie.unistra.fr,,,2024,,,,,,,,,Strasbourg,FR,2973783
https://github.com/ror-community/ror-updates/issues/38144,,Bordeaux Proteome *fr,active,facility,UAR2046;UAR 2046,Bordeaux Proteome *fr,PROTEOME *fr,https://proteome.u-bordeaux.fr,,,2026,,,,,,,,,Bordeaux,FR,3031582
https://github.com/ror-community/ror-updates/issues/38145,,Proteomics French Infrastructure Core*en,active,facility,UAR2048;UAR 2048;ProFI-Core*en,Proteomics French Infrastructure Core*en,,https://www.profiproteomics.fr,,profiproteomics.fr,2025,,,,,,,,,Grenoble,FR,3014728
https://github.com/ror-community/ror-updates/issues/38147,,Biologie Structurale Intégrée*fr,active,facility,UAR2061;UAR 2061;Biostructure*fr,Biologie Structurale Intégrée*fr,,https://www.igbmc.fr/plateformes-technologiques/biologie-structurale-integree,,,2026,,,,,,,,,Illkirch,FR,3012834
https://github.com/ror-community/ror-updates/issues/38148,,Phénotypage et ingénierie précliniques des systèmes d’organismes modèles*fr,active,facility,UAR2062;UAR 2062;Phen-ICS,Phénotypage et ingénierie précliniques des systèmes d’organismes modèles*fr,,https://www.unistra.fr/fr/entites/laboratoire/phenotypage-et-ingenierie-precliniques-des-systemes-dorganismes-modeles,,,2026,,,,,,,,,Illkirch,FR,3012834
https://github.com/ror-community/ror-updates/issues/38149,,Institut NeuroMyoGène - Appui à la recherche*fr,active,facility,UAR2204;UAR 2204,Institut NeuroMyoGène - Appui à la recherche*fr,INMG-AR*fr,https://uar.inmg.fr,,uar.inmg.fr,2021,,,,,,,,,Villeurbanne,FR,2968254
https://github.com/ror-community/ror-updates/issues/38150,,EMBRC France*fr,active,facility,UAR2209;UAR 2209,EMBRC France*fr,,https://www.embrc-france.fr,,embrc-france.fr,2021,,,,,,,,,Paris,FR,2988507
https://github.com/ror-community/ror-updates/issues/38152,,POUCHET*fr,active,facility,UAR2276;UAR 2276,POUCHET*fr,,https://www.pouchet.cnrs.fr,,pouchet.cnrs.fr,2021,,,,,,,,,Paris,FR,2988507
https://github.com/ror-community/ror-updates/issues/38576,,United College of Physical Therapy*en,active,education,,United College of Physical Therapy*en,UCPT*en,https://www.ucpt.edu.pk,,edu.pk,2018,,,,,,,Q140963656,Q140963656,Karachi,Pakistan,1174872
https://github.com/ror-community/ror-updates/issues/38154,,Institut d'études de l'Islam et des sociétés du monde musulman*fr,active,facility,UAR2500;UAR 2500,Institut d'études de l'Islam et des sociétés du monde musulman*fr,IISMM*fr,https://iismm.ehess.fr,,,2022,,,,,,,,,Paris,FR,2988507
https://github.com/ror-community/ror-updates/issues/38155,,PROGEDO*fr,active,facility,UAR2506;UAR 2506,PROGEDO*fr,,https://www.progedo.fr,,progedo.fr,2022,,,,,,,,,Paris,FR,2988507
https://github.com/ror-community/ror-updates/issues/38157,,Unité support de ChemBioFrance et de la Chimiothèque nationale*fr,active,facility,UAR3035;UAR 3035,Unité support de ChemBioFrance et de la Chimiothèque nationale*fr,USCBF-CN*fr,http://uscbf-cn.cn.cnrs.fr,,uscbf-cn.cn.cnrs.fr,2021,,,,,,,,,Montpellier,FR,2992166
https://github.com/ror-community/ror-updates/issues/38158,,"INVISU l'Information visuelle et textuelle en histoire de l'art, nouveaux corpus, terrains, outils*fr",active,facility,"UAR3103;UAR 3103; INVISU (CNRS UAR 3103); Information visuelle et textuelle en histoire de l'art, nouveaux corpus, terrains, outils*fr","INVISU l'Information visuelle et textuelle en histoire de l'art, nouveaux corpus, terrains, outils*fr",INVISU,http://invisu.inha.fr,,invisu.inha.fr,2021,,,,,,,,,Paris,FR,2988507
https://github.com/ror-community/ror-updates/issues/38159,,Centre Jean Bérard*fr,active,facility,UAR3133;UAR 3133,Centre Jean Bérard*fr,CJB*fr,http://www.centre-jean-berard.cnrs.fr,,centre-jean-berard.cnrs.fr,2022,,,,,,,,,Naples,IT,3172394
https://github.com/ror-community/ror-updates/issues/38160,,Centre Francais de Recherche de la Peninsule Arabique*fr,active,facility,UAR3141;UAR 3141,Centre Francais de Recherche de la Peninsule Arabique*fr,CEFREPA*fr,https://cefrepa.cnrs.fr,,cefrepa.cnrs.fr,2022,,,,,,,,,Sanaa,YE,71137
https://github.com/ror-community/ror-updates/issues/38161,,Ecotron européen de Montpellier*fr,active,facility,UAR3248;UAR 3248,Ecotron européen de Montpellier*fr,ECOTRON*fr,http://www.ecotron.cnrs.fr,,,2021,,,,,,,,,Montferrier Sur Lez,FR,2992602
https://github.com/ror-community/ror-updates/issues/38162,,Laboratoire Neutrino de Champagne Ardenne*fr,active,facility,UAR3263;UAR 3263,Laboratoire Neutrino de Champagne Ardenne*fr,LNCA*fr,,,,2022,,,,,,,,,Rancennes,FR,6426065
https://github.com/ror-community/ror-updates/issues/38164,,Jardin du Lautaret*fr,active,facility,UAR3370;UAR 3370;Lautaret;Jardin du Lautaret : découverte et sciences *fr,Jardin du Lautaret*fr,,https://www.jardindulautaret.com,,jardindulautaret.com,2021,,,,,,,,,Grenoble,FR,3014728
https://github.com/ror-community/ror-updates/issues/38165,,Institut Européen de données financières *fr,active,facility,UAR3390;UAR 3390,Institut Européen de données financières *fr,EUROFIDAI*fr,http://www.eurofidai.org,,eurofidai.org,2021,,,,,,,,,Grenoble,FR,3014728
https://github.com/ror-community/ror-updates/issues/38166,,IRMaGe*fr,active,facility,UAR3552;UAR 3552,IRMaGe*fr,IRMAGE*fr,https://irmage.univ-grenoble-alpes.fr,,,2021,,,,,,,,,Grenoble,FR,3014728
https://github.com/ror-community/ror-updates/issues/38167,,Jeunes équipes de l'Institut de Physique du Collège de France*fr,active,facility,UAR3573;UAR 3573,Jeunes équipes de l'Institut de Physique du Collège de France*fr,JEIP*fr,https://jeipcdf.cnrs.fr,,jeipcdf.cnrs.fr,2022,,,,,,,,,Paris,FR,2988507
https://github.com/ror-community/ror-updates/issues/38168,,Gestion de l'Institut Carnot ICEEL de Nancy*fr,active,facility,UAR3653;UAR 3653,Gestion de l'Institut Carnot ICEEL de Nancy*fr,ICEEL*fr,http://www.iceel.eu,,iceel.eu,2022,,,,,,,,,Nancy,FR,2990999
https://github.com/ror-community/ror-updates/issues/38169,,Histoire de la justice et humanités numériques*fr,active,facility,UAR3726;UAR 3726,Histoire de la justice et humanités numériques*fr,CRIMINOCORPUS*fr,https://criminocorpus-lab.cnrs.fr,,criminocorpus-lab.cnrs.fr,2022,,,,,,,,,Aubervilliers,FR,3036386
https://github.com/ror-community/ror-updates/issues/38172,,Biocentre Lunaret Montpellier *fr,active,facility,UAR5261;UAR 5261;BIOLuM*fr,Biocentre Lunaret Montpellier *fr,,https://www.biolum.cnrs.fr,,biolum.cnrs.fr,2021,,,,,,,,,Montpellier,FR,2992166
https://github.com/ror-community/ror-updates/issues/38173,,MathDoc*fr,active,facility,UAR5638;UAR 5638;,MathDoc*fr; Cellule de Coordination Documentaire nationale pour les Mathématiques*fr,,http://www.mathdoc.fr,,mathdoc.fr,2021,,,,,,,,,Grenoble,FR,3014728
https://github.com/ror-community/ror-updates/issues/38174,,Station de primatologie*fr,active,facility,UAR846;UAR 846;SdP-Rousset*fr; Station de primatologie - Rousset*fr,Station de primatologie*fr,,https://www.primato.cnrs.fr,,,2021,,,,,,,,,Rousset,FR,2982472
https://github.com/ror-community/ror-updates/issues/38175,,Biologie cellulaire physiologique et pathologique*fr,active,facility,UMR3691;UMR 3691,Biologie cellulaire physiologique et pathologique*fr,BC2P*fr,https://research.pasteur.fr/fr/team/physiological-and-pathological-cell-biology/,,,2015,,,,,,,,,Paris,FR,2988507
https://github.com/ror-community/ror-updates/issues/38177,,Microbiologie Intégrative et Moléculaire*fr,active,facility,UMR6047;UMR 6047,Microbiologie Intégrative et Moléculaire*fr,,https://research.pasteur.fr/fr/team/integrative-and-molecular-microbiology/,,,2022,,,,,0000 0004 8501 8487,0000 0004 8501 8487,,,Paris,FR,2988507
https://github.com/ror-community/ror-updates/issues/38178,,"Perception, Représentations, Image, Son, Musique*fr",active,facility,UMR7061;UMR 7061,"Perception, Représentations, Image, Son, Musique*fr",PRISM*fr,https://www.prism.cnrs.fr,,prism.cnrs.fr,2019,,,,,,,,,Marseille,FR,2995469
https://github.com/ror-community/ror-updates/issues/38179,,"Centre méditerranéen de sociologie, de science politique et d'histoire*fr",active,facility,"UMR7064;UMR 7064; MESOPOLHIS - Centre méditerranéen de sociologie, de science politique et d'histoire*fr","Centre méditerranéen de sociologie, de science politique et d'histoire*fr",MESOPOLHIS*fr,https://mesopolhis.fr,,mesopolhis.fr,2021,,,,,,,,,Aix En Provence,FR,3038354
https://github.com/ror-community/ror-updates/issues/38180,,Centre de Recherche en Psychologie et Neurosciences*fr,active,facility,UMR7077;UMR 7077,Centre de Recherche en Psychologie et Neurosciences*fr,CRPN *fr,https://crpn.univ-amu.fr,,,2024,,,,,,,,,Marseille,FR,2995469
https://github.com/ror-community/ror-updates/issues/38183,,Centre d'étude des mouvements sociaux*fr,active,facility,UMR8044;UMR 8044,Centre d'étude des mouvements sociaux*fr,CEMS*fr,https://cems.ehess.fr,,,2021,,,,,,,,,Paris,FR,2988507
https://github.com/ror-community/ror-updates/issues/38184,,Institute of Chemistry for Life and Health Sciences*en,active,facility,UMR8060;UMR 8060;i-CLeHS*en,Institute of Chemistry for Life and Health Sciences*en,,https://iclehs.fr,,iclehs.fr,2021,,,,,,,,,Paris,FR,2988507
https://github.com/ror-community/ror-updates/issues/38185,,Centre de Recherche en Informatique de Lens*fr,active,facility,UMR8188;UMR 8188,Centre de Recherche en Informatique de Lens*fr,CRIL*fr,http://www.cril.univ-artois.fr,,cril.univ-artois.fr,2008,,,,,,,,,Lens,FR,3003093
https://github.com/ror-community/ror-updates/issues/38186,,Centre Jean Pépin *fr,active,facility,UMR8230;UMR 8230,Centre Jean Pépin *fr,CJP*fr,https://umr8230.cnrs.fr,,umr8230.cnrs.fr,2015,,,,,,,,,Villejuif,FR,2968705
https://github.com/ror-community/ror-updates/issues/38187,,"République des savoirs : Lettres, Sciences, Philosophie *fr",active,facility,UMR8241;UMR 8241,"République des savoirs : Lettres, Sciences, Philosophie *fr",,https://republique-des-savoirs.fr,,republique-des-savoirs.fr,2025,,,,,,,,,Paris,FR,2988507
https://github.com/ror-community/ror-updates/issues/38188,,Institut de l'Audition*fr,active,facility,UMR8252;UMR 8252;IdA*fr,Institut de l'Audition*fr,,https://www.institut-audition.fr,,institut-audition.fr,2025,,,,,,,,,Paris,FR,2988507
https://github.com/ror-community/ror-updates/issues/38189,,Département d'économie de Sciences Po*fr,active,facility,UMR8259;UMR 8259; Sciences Po Department of Economics*fr;Sciences économiques - Sciences Po*fr,Département d'économie de Sciences Po*fr; Sciences Po Department of Economics*en;Sciences économiques - Sciences Po*fr,,https://www.sciencespo.fr/recherche/fr/structures/centres-de-recherche/,,,2016,,,,,,,,,Paris,FR,2988507
https://github.com/ror-community/ror-updates/issues/38190,,"Histoire, histoire de l'art, archéologie, textes, images, sociétés *fr",active,facility,UMR9028;UMR 9028,"Histoire, histoire de l'art, archéologie, textes, images, sociétés *fr",HARTIS*fr,https://hartis.univ-lille.fr,,hartis.univ-lille.fr,2026,,,,,,,,,Villeneuve D Ascq,FR,6543862
https://github.com/ror-community/ror-updates/issues/38192,,Centre Internet et Société*fr,active,facility,UPR2000;UPR 2000,Centre Internet et Société*fr,CIS*fr,https://cis.cnrs.fr,,cis.cnrs.fr,2019,,,,,,,,,Paris,FR,2988507
https://github.com/ror-community/ror-updates/issues/38193,,"Données de recherche pour l'Histoire Naturelle, l'Ecologie et l'Environnement*fr",active,facility,UAR2047;UAR 2047,"Données de recherche pour l'Histoire Naturelle, l'Ecologie et l'Environnement*fr",DOHNÉE*fr,https://dohnee.mnhn.fr,,dohnee.mnhn.fr,2025,,,,,,,,,Paris,FR,2988507
https://github.com/ror-community/ror-updates/issues/38301,,Karimganj College*en,active,education,,Karimganj College*en; কৰিমগঞ্জ মহাবিদ্যালয়*as,,https://www.karimganjcollege.ac.in,,karimganjcollege.ac.in,1946,,,,,0000 0005 0961 6706,0000 0005 0961 6706,Q39049981,Q39049981,Karīmganj,India,1267758
https://github.com/ror-community/ror-updates/issues/36341,,"Federal Neuropsychiatric Hospital Dawanau, Kano*en",active,healthcare,,"Federal Neuropsychiatric Hospital Dawanau, Kano*en",FNPHDK*en,https://www.fnhkano.gov.ng,,fnhkano.gov.ng,1936,,,,,,,,,"Dawanau, Kano",Nigeria,9410651
https://github.com/ror-community/ror-updates/issues/34253,,Forensic Expertise Center under the Ministry of Justice of the Republic of Azerbaijan*en,active,government,Məhkəmə Ekspertizası Mərkəzi*az,Forensic Expertise Center under the Ministry of Justice of the Republic of Azerbaijan*en; Azərbaycan Respublikası Ədliyyə Nazirliyinin Məhkəmə Ekspertizası Mərkəzi*az,,https://expert.gov.az,,expert.gov.az,1938,,,,,,,,,Baku,Azerbaijan,587084
https://github.com/ror-community/ror-updates/issues/37268,,CIC Paris-est*fr,inactive,facility,CIC 1421*fr; CIC1421*fr; CIC Paris-Est 1421*fr; CIC 9304*fr; CIC9304*fr; Centre Paris Est*fr; Centre d'Investigation Clinique Paris-Est*fr; Clinical Investigation Centre Paris-Est*en,CIC Paris-est*fr,,,,,1993,,,,,,,,,Paris,France,2988507
https://github.com/ror-community/ror-updates/issues/37269,,CIC Pitié Neurosciences*fr,inactive,facility,CIC1422*fr; CIC 1422*fr; CIC-1422*fr; INSERM CIC-1422*fr; Clinical Investigation Centre Pitié Neurosciences*en,CIC Pitié Neurosciences*fr,,,,,1995,,,,,,,Q51784459,Q51784459,Paris,France,2988507
https://github.com/ror-community/ror-updates/issues/38364,,QuoData (Germany)*en,active,company,Quo Data*en; QuoData GmbH*en; QuoData Statistics*en; QuoData Statistics GmbH*en; QuoData Quality and Statistics GmbH*en; QuoData - Quality & Statistics*en; QuoData–Quality & Statistics GmbH*en; QuoData Ges. für Qualitätsmanagement und Statistik mbH*de; QuoData Gesellschaft für Qualitätsmanagement und Statistik*de; QuoData Gesellschaft für Qualitätsmanagement und Statistik mbH*de,QuoData (Germany)*en; QuoData*en,,https://quodata.de,,quodata.de,1996,,,,,,,,,Dresden,Germany,2935022
https://github.com/ror-community/ror-updates/issues/38351,,Raja Balwant Singh College*en,active,education,"RBS Coll., Agra*en; RBS College*en",Raja Balwant Singh College*en,,https://rbscollegeagra.edu.in,https://en.wikipedia.org/wiki/Raja_Balwant_Singh_College,rbscollegeagra.edu.in,1885,,,,,0000 0000 8872 8055,0000 0000 8872 8055,Q7285407,Q7285407,Agra,India,1279259
https://github.com/ror-community/ror-updates/issues/38313,,Bhimabhoi College*en,active,education,Bhima Bhoi College*en,"Bhimabhoi College*en; ଭୀମ ଭୋଇ କଲେଜ, ରେଢ଼ାଖୋଲ*or",,https://bhimabhoicollege.org,,bhimabhoicollege.org,1970,,,,,,,Q90006709,Q90006709,Rāmpur,India,1258619
https://github.com/ror-community/ror-updates/issues/38319,,Kamla Nehru Institute of Technology*en,active,education,KNIT Sultanpur*en,Kamla Nehru Institute of Technology*en; कमला नेहरू प्रौद्योगिकी संस्थान*hi,KNIT*en,https://www.knit.ac.in,https://en.wikipedia.org/wiki/Kamla_Nehru_Institute_of_Technology,knit.ac.in,1976,,,,,0000 0004 1765 6903,0000 0004 1765 6903,Q6358707,Q6358707,Sultānpur,India,1255491
https://github.com/ror-community/ror-updates/issues/38117,,"Climat, Modélisation, Agroécologie*fr",active,facility,IRL2046*fr;IRL 2046*fr;CliMoA*fr,"Climat, Modélisation, Agroécologie*fr",,https://melbourne.office.cnrs.fr/climoa-the-first-cnrs-international-research-laboratory-in-new-zealand/,,,2026,,,,,,,,,Lincoln,NZ,2188371
https://github.com/ror-community/ror-updates/issues/38118,,IRL Jean Christophe Yoccoz*en,active,facility,IRL2924;IRL 2924; International Research Laboratory Jean Christophe Yoccoz*en,IRL Jean Christophe Yoccoz*en,,https://sao-paulo.office.cnrs.fr/recherche/jean-christophe-yoccoz-impa/,,,2021,,,,,,,,,Rio de Janeiro,BR,3451190
https://github.com/ror-community/ror-updates/issues/38120,,Interdisciplinary and Global Environmental Studies*en,active,facility,IRL3157;IRL 3157,Interdisciplinary and Global Environmental Studies*en,IGLOBES*fr,https://www.iglobes.org,,iglobes.org,2021,,,,,,,,,Tuscon,US,5551138
https://github.com/ror-community/ror-updates/issues/38136,,High-tech Research infrastructures for Life Sciences*en,active,facility,UAR2026;UAR 2026;HeRacLeS*en,High-tech Research infrastructures for Life Sciences*en,,https://www.univ-rouen.fr/etablissement/structures-de-formation-et-de-recherche/unites-de-recherche-et-de-service/heracles-high-tech-research-infrastructures-for-life-sciences-us-51-uar-2026/,,,2022,,,,,,,,,Mont St Aignan,FR,
https://github.com/ror-community/ror-updates/issues/38181,,Laboratoire Paléontologie Evolution Paléoécosystèmes Paléoprimatologie*fr,active,facility,UMR7262;UMR 7262,Laboratoire Paléontologie Evolution Paléoécosystèmes Paléoprimatologie*fr,PALEVOPRIM*fr,http://palevoprim.labo.univ-poitiers.fr,,,2012,,,,,,,,,Poitiers,FR,2986495
https://github.com/ror-community/ror-updates/issues/38651,,Guru Nanak Institute of Pharmaceutical Science and Technology*en,active,education,Guru Nanak Institute of Pharmaceutical Science & Technology*en;Guru Nanak Institute of Pharmaceutical Sciences and Technology*en;Guru Nanak Institute of Pharmaceutical Sciences & Technology*en;Gurunanak Institute of Pharmaceutical Science and Technology*en,Guru Nanak Institute of Pharmaceutical Science and Technology*en; গুরু নানক ইন্সটিটিউট অফ ফার্মাসিউটিকাল সায়েন্সেস এন্ড টেকনোলজি*bn,GNIPST*en,https://www.gnipst.ac.in,,gnipst.ac.in,2005,,,,,0000 0004 1806 8193,0000 0004 1806 8193,Q140999813,Q140999813,Panihati,India,1260482
https://github.com/ror-community/ror-updates/issues/38639,,Katmai National Park and Preserve*en,active,archive,Katmai NPP*en; Katmai National Park*en,Katmai National Park and Preserve*en; Parque nacional y reserva Katmai*es,,https://nps.gov/katm,https://en.wikipedia.org/wiki/Katmai_National_Park_and_Preserve,nps.gov,1980,,,,,,,Q609902,Q609902,Katmai National Park,United States,5865940
https://github.com/ror-community/ror-updates/issues/38642,,Jeppiaar University*en,active,education,Jeppiar University*en,Jeppiaar University*en; ஜேப்பியார் பல்கலைக்கழகம்*ta,,https://jeppiaaruniversity.ac.in,https://ta.wikipedia.org/wiki/%E0%AE%9C%E0%AF%87%E0%AE%AA%E0%AF%8D%E0%AE%AA%E0%AE%BF%E0%AE%AF%E0%AE%BE%E0%AE%B0%E0%AF%8D_%E0%AE%AA%E0%AE%B2%E0%AF%8D%E0%AE%95%E0%AE%B2%E0%AF%88%E0%AE%95%E0%AF%8D%E0%AE%95%E0%AE%B4%E0%AE%95%E0%AE%AE%E0%AF%8D,jeppiaaruniversity.ac.in,2022,,,,,0000 0005 2737 6013,0000 0005 2737 6013,Q118874588,Q118874588,Chennai,India,1264527
https://github.com/ror-community/ror-updates/issues/38342,,Tagore Centre for Natural Sciences and Philosophy*en,active,nonprofit,,Tagore Centre for Natural Sciences and Philosophy*en,TCNSP*en,,,,2013,,,,,,,,,Kolkata,India,1275004
https://github.com/ror-community/ror-updates/issues/38340,,Shri Govindram Seksaria Institute of Technology and Science*en,active,education,SGSITS Indore*en; Shri G. S. Institute of Technology and Science*en,Shri Govindram Seksaria Institute of Technology and Science*en; श्री गोविन्दराम सेकसरिया प्रौद्योगिकी एवं विज्ञान संस्थान*hi,SGSITS*en,https://www.sgsits.ac.in,https://en.wikipedia.org/wiki/Shri_Govindram_Seksaria_Institute_of_Technology_and_Science,sgsits.ac.in,1952,,,,,0000 0004 0385 8686,0000 0004 0385 8686,Q12454592,Q12454592,Indore,India,1269743
https://github.com/ror-community/ror-updates/issues/38337,,Kandi Raj College*en,active,education,,Kandi Raj College*en; কান্দী রাজ কলেজ*bn,KRC*en,https://www.krc.edu.in,,krc.edu.in,1950,,,,,,,Q6361476,Q6361476,Kandi,India,131555
https://github.com/ror-community/ror-updates/issues/38334,,Ministry of Statistics and Programme Implementation*en,active,government,,Ministry of Statistics and Programme Implementation*en; सांख्यिकी एवं कार्यक्रम क्रियान्वयन मंत्रालय*hi,MoSPI*en,https://www.mospi.gov.in,https://en.wikipedia.org/wiki/Ministry_of_Statistics_and_Programme_Implementation,mospi.gov.in,1999,,,,,,,Q4294710,Q4294710,New Delhi,India,1261481
https://github.com/ror-community/ror-updates/issues/38333,,"St. John's College, Agra*en",active,education,"St. John's College*en; SJC, Agra*en","St. John's College, Agra*en",SJC*en,https://sjcagra.ac.in,"https://en.wikipedia.org/wiki/St._John%27s_College,_Agra",sjcagra.ac.in,1850,,,,,,,Q7588644,Q7588644,Agra,India,1279259
https://github.com/ror-community/ror-updates/issues/38331,,Alagappa Government Arts College*en,active,education,"Alagappa Government Arts College, Karaikudi*en; Alagappa Govt. Arts College*en",Alagappa Government Arts College*en; அழகப்பா அரசினர் கலைக்கல்லூரி*ta,,https://agacollege.in,https://ta.wikipedia.org/wiki/%E0%AE%85%E0%AE%B4%E0%AE%95%E0%AE%AA%E0%AF%8D%E0%AE%AA%E0%AE%BE_%E0%AE%85%E0%AE%B0%E0%AE%9A%E0%AE%BF%E0%AE%A9%E0%AE%B0%E0%AF%8D_%E0%AE%95%E0%AE%B2%E0%AF%88%E0%AE%95%E0%AF%8D_%E0%AE%95%E0%AE%B2%E0%AF%8D%E0%AE%B2%E0%AF%82%E0%AE%B0%E0%AE%BF,agacollege.in,1947,,,,,0000 0004 9290 6933,0000 0004 9290 6933,Q4705569,Q4705569,Karaikudi,India,1267885
https://github.com/ror-community/ror-updates/issues/38330,,Haryana College of Technology and Management*en,inactive,education,"HCTM, Kaithal*en; Haryana College of Technology and Management, Kaithal*en",Haryana College of Technology and Management*en,HCTM*en,,,,1998,,,,,0000 0004 1769 0538,0000 0004 1769 0538,Q43962489,Q43962489,Kaithal,India,1268593
https://github.com/ror-community/ror-updates/issues/38107,,IRL Mondes en Transition*fr,active,facility,IRL2034*fr;IRL 2034*fr;IRL Mundos em Transição*pt;Mondes en transition*fr,IRL Mondes en Transition*fr,M-TRANS *fr,https://irl2034.fr,,irl2034.fr,2024,,,,,,,,,São Paulo,Brazil,3448439
https://github.com/ror-community/ror-updates/issues/38121,,"Laboratoire de Recherche International Environnement, Santé & Sociétés*fr",active,facility,"IRL3189*fr;IRL 3189*fr; Environnement, Santé, Sociétés*fr; Unité Mixte Internationale ""Environnement, Santé, Sociétés""*fr","Laboratoire de Recherche International Environnement, Santé & Sociétés*fr",ESS*fr,https://irl3189ess.org,,irl3189ess.org,2021,,,,,,,Q51784991,Q51784991,Dakar,Senegal,2253354
https://github.com/ror-community/ror-updates/issues/38806,,Ankara Eğitim ve Araştırma Hastanesi*tr,active,healthcare,Ankara Training and Research Hospital*en;Health Sciences University Ankara Training and Research Hospital*en;University of Health Sciences Ankara Training and Research Hospital*en;Sağlık Bilimleri Üniversitesi Ankara Eğitim ve Araştırma Hastanesi*tr,Ankara Eğitim ve Araştırma Hastanesi*tr; Ankara Education and Research Hospital*en; Ankara EAH*tr,,https://ankaraeah.saglik.gov.tr,,ankaraeah.saglik.gov.tr,1957,,,,,,,Q138082418,Q138082418,Ankara,Türkiye,323786
https://github.com/ror-community/ror-updates/issues/38812,,Musée cantonal de géologie*fr,active,archive,Musée cantonal de géologie de Lausanne*fr,Musée cantonal de géologie*fr; Cantonal Museum of Geology*en,MCG*fr,,https://fr.wikipedia.org/wiki/Mus%C3%A9e_cantonal_de_g%C3%A9ologie_de_Lausanne,,1818,,,,,,,Q3329516,Q3329516,Lausanne,Switzerland,2659994
https://github.com/ror-community/ror-updates/issues/38813,,Musée et Jardins botaniques cantonaux*fr,active,archive,Musée et Jardins botaniques cantonaux vaudois*fr;Musée et jardins botaniques cantonaux de Lausanne*fr,Musée et Jardins botaniques cantonaux*fr; Cantonal Museum and Botanical Gardens*en,MJBC*fr,,https://fr.wikipedia.org/wiki/Mus%C3%A9e_et_jardins_botaniques_cantonaux_de_Lausanne,,1824,,,,,0000 0004 0613 4990,0000 0004 0613 4990,Q3330558,Q3330558,Lausanne,Switzerland,2659994
https://github.com/ror-community/ror-updates/issues/38816,,Nuclear Engineering Seibersdorf GmbH (Austria)*en,active,company,,Nuclear Engineering Seibersdorf GmbH (Austria)*en; Nuclear Engineering Seibersdorf GmbH,NES*en,https://www.nes.at,,nes.at,2003,,,,,,,,,Seibersdorf,Austria,2765221
https://github.com/ror-community/ror-updates/issues/38817,,LKR Leichtmetallkompetenzzentrum Ranshofen GmbH*de,active,facility,ARC Leichtmetallkompetenzzentrum Ranshofen GmbH*de,LKR Leichtmetallkompetenzzentrum Ranshofen GmbH*de; Light Metals Technologies Ranshofen*en,LKR*de,https://www.ait.ac.at/en/about-the-ait/center/center-for-transport-technologies/lkr-leichtmetallkompetenzzentrum-ranshofen,,,2000,,,,,,,,,Ranshofen,Austria,2767961
https://github.com/ror-community/ror-updates/issues/38818,,Digital Factory Vorarlberg GmbH*de,active,facility,Digital Factory Vorarlberg*de;VACTORY*en,Digital Factory Vorarlberg GmbH*de,DFV*de,https://www.vactory.at,,vactory.at,2021,,,,,,,,,Dornbirn,Austria,2780741
https://github.com/ror-community/ror-updates/issues/38819,,AI Factory Austria AI:AT*en,active,,AI Factory Austria*en,AI Factory Austria AI:AT*en,AI:AT*en,https://ai-at.eu,,ai-at.eu,2025,,,,,,,,,Vienna,Austria,2761369
https://github.com/ror-community/ror-updates/issues/38820,,ARC Seibersdorf research GmbH*en,inactive,facility,,ARC Seibersdorf research GmbH*en,ARC*en,,,,2001,,,,,,,,,Seibersdorf,Austria,2765221
https://github.com/ror-community/ror-updates/issues/38821,,Österreichisches Forschungs- und Prüfzentrum Arsenal Gesellschaft m.b.H.*de,inactive,facility,ÖFPZ Arsenal GmbH*de,Österreichisches Forschungs- und Prüfzentrum Arsenal Gesellschaft m.b.H.*de,ÖFPZ*de,,,,1997,,,,,,,,,Vienna,Austria,2761369
https://github.com/ror-community/ror-updates/issues/38827,,VNU University of Medicine and Pharmacy*en,active,education,"University of Medicine and Pharmacy, Vietnam National University, Hanoi*en;VNU School of Medicine and Pharmacy*en","VNU University of Medicine and Pharmacy*en; Trường Đại học Y Dược, Đại học Quốc gia Hà Nội*vi",VNU-UMP*en,https://ump.vnu.edu.vn,,ump.vnu.edu.vn,2020,,,,,0000 0005 0262 8982,0000 0005 0262 8982,Q105335883,Q105335883,Hanoi,Vietnam,1581130
https://github.com/ror-community/ror-updates/issues/38830,,VNU University of Engineering and Technology*en,active,education,"University of Engineering and Technology, Vietnam National University, Hanoi*en;College of Technology*en;Coltech*en","VNU University of Engineering and Technology*en; Trường Đại học Công nghệ, Đại học Quốc gia Hà Nội*vi",VNU-UET*en;UET*en,https://uet.vnu.edu.vn,https://en.wikipedia.org/wiki/VNU_University_of_Engineering_and_Technology,uet.vnu.edu.vn,2004,,,,,,,Q10829028,Q10829028,Hanoi,Vietnam,1581130
https://github.com/ror-community/ror-updates/issues/38829,,VNU University of Law*en,active,education,"University of Law, Vietnam National University, Hanoi*en;VNU School of Law*en","VNU University of Law*en; Trường Đại học Luật, Đại học Quốc gia Hà Nội*vi",VNU-UL*en,https://law.vnu.edu.vn,,law.vnu.edu.vn,2022,,,,,,,,,Hanoi,Vietnam,1581130
https://github.com/ror-community/ror-updates/issues/38828,,VNU International School*en,active,education,"International School, Vietnam National University, Hanoi*en;VNU International Faculty*en","VNU International School*en; Trường Quốc tế, Đại học Quốc gia Hà Nội*vi",VNU-IS*en,https://www.is.vnu.edu.vn,,is.vnu.edu.vn,2002,,,,,0000 0005 0262 8915,0000 0005 0262 8915,,,Hanoi,Vietnam,1581130
https://github.com/ror-community/ror-updates/issues/38826,,VNU Vietnam Japan University*en,active,education,Vietnam Japan University*en;Vietnam-Japan University*en,"VNU Vietnam Japan University*en; Trường Đại học Việt Nhật, Đại học Quốc gia Hà Nội*vi",VNU-VJU*en;VJU*en,https://vju.ac.vn,,vju.ac.vn,2014,,,,,0000 0005 2637 9706,0000 0005 2637 9706,Q20026262,Q20026262,Hanoi,Vietnam,1581130
https://github.com/ror-community/ror-updates/issues/38825,,VNU University of Economics and Business*en,active,education,"University of Economics and Business - Vietnam National University, Hanoi*en","VNU University of Economics and Business*en; Trường Đại học Kinh tế, Đại học Quốc gia Hà Nội*vi",VNU-UEB*en,https://ueb.vnu.edu.vn,https://en.wikipedia.org/wiki/VNU_University_of_Economics_and_Business,ueb.vnu.edu.vn,2007,,,,,0000 0005 0261 4548,0000 0005 0261 4548,Q5146680,Q5146680,Hanoi,Vietnam,1581130
https://github.com/ror-community/ror-updates/issues/38786,,Jeppiaar Institute of Technology*en,active,education,,Jeppiaar Institute of Technology*en; ஜேப்பியர் தொழிற்நுட்பவியல் நிறுவனம்*ta,JIT*en,https://www.jeppiaarinstitute.org,https://ta.wikipedia.org/wiki/%E0%AE%9C%E0%AF%87%E0%AE%AA%E0%AF%8D%E0%AE%AA%E0%AE%BF%E0%AE%AF%E0%AE%B0%E0%AF%8D_%E0%AE%A4%E0%AF%8A%E0%AE%B4%E0%AE%BF%E0%AE%B1%E0%AF%8D%E0%AE%A8%E0%AF%81%E0%AE%9F%E0%AF%8D%E0%AE%AA%E0%AE%B5%E0%AE%BF%E0%AE%AF%E0%AE%B2%E0%AF%8D_%E0%AE%A8%E0%AE%BF%E0%AE%B1%E0%AF%81%E0%AE%B5%E0%AE%A9%E0%AE%AE%E0%AF%8D,jeppiaarinstitute.org,2011,,,,,0000 0004 8387 225X,0000 0004 8387 225X,Q16938413,Q16938413,Kunnam,India,11445639
https://github.com/ror-community/ror-updates/issues/38780,,Cocoa360*en,active,nonprofit,Cocoa 360*en,Cocoa360*en,,https://cocoa360center.org,,cocoa360.org; cocoa360center.org,2015,,,,,0000 0005 0261 1515,0000 0005 0261 1515,Q141016979,Q141016979,Tarkwa Breman,Ghana,12016279
https://github.com/ror-community/ror-updates/issues/38767,,Dayananda Sagar Academy of Technology and Management*en,active,education,,Dayananda Sagar Academy of Technology and Management*en; ದಯಾನಂದ ಸಾಗರ್ ಅಕಾಡೆಮಿ ಆಫ್ ಟೆಕ್ನಾಲಜಿ ಅಂಡ್ ಮ್ಯಾನೇಜ್ಮೆಂಟ್,DSATM*en,https://www.dsatm.edu.in,,dsatm.edu.in,2011,,,,,0000 0004 4649 0818,0000 0004 4649 0818,Q84081713,Q84081713,Bengaluru,India,1277333
https://github.com/ror-community/ror-updates/issues/38801,,HDFC Bank (India)*en,active,company,HDFC Bank Limited*en; HDFC Bank Ltd*en,HDFC Bank (India)*en; HDFC Bank*en,,https://www.hdfc.bank.in,https://en.wikipedia.org/wiki/HDFC_Bank,hdfc.bank.in,1994,,,,,,,Q631047,Q631047,Mumbai,India,1275339
https://github.com/ror-community/ror-updates/issues/38841,,"Universidad Panamericana, campus Ciudad de México*es",active,education,"Universidad Panamericana, campus México*es;Universidad Panamericana, campus Ciudad UP*es;Universidad Panamericana, campus Ciudad Panamericana*es","Universidad Panamericana, campus Ciudad de México*es",UP CDMX*es,https://www.up.edu.mx/campus-cdmx/,,,1968,,,,,,,,,Mexico City,Mexico,3530597
https://github.com/ror-community/ror-updates/issues/38840,,"Universidad Panamericana, campus Guadalajara*es",active,education,UP Guadalajara*es,"Universidad Panamericana, campus Guadalajara*es",,https://www.up.edu.mx/campus-guadalajara/,,,1981,,,,,,,,,Zapopan,Mexico,3979770
https://github.com/ror-community/ror-updates/issues/38839,,"Universidad Panamericana, campus Aguascalientes*es",active,education,"Universidad Panamericana, campus Bonaterra*es;Universidad Bonaterra*es;UP Aguascalientes*es;UP Bonaterra*es","Universidad Panamericana, campus Aguascalientes*es",,https://www.up.edu.mx/campus-aguascalientes/,,,1989,,,,,,,,,Aguascalientes,Mexico,4019233
https://github.com/ror-community/ror-updates/issues/38649,,"International Management Institute, Bhubaneswar*en",active,education,IMI Bhubaneswar*en,"International Management Institute, Bhubaneswar*en",,https://imibh.edu.in,https://en.wikipedia.org/wiki/International_Management_Institute%2C_Bhubaneswar,imibh.edu.in,2011,,,,,,,Q24950025,Q24950025,Bhubaneswar,India,1275817
https://github.com/ror-community/ror-updates/issues/37276,,UMS Imagerie et cytométrie*fr,active,facility,UMS 30*fr; UMS30*fr; LUMIC*fr; UMS 30 LUMIC*fr,UMS Imagerie et cytométrie*fr,,,,,2015,,,,,,,Q51784705,Q51784705,Paris,France,2988507
https://github.com/ror-community/ror-updates/issues/37277,,UMS Omique*fr,active,facility,UMS 29*fr; UMS29*fr; OMIQUE*fr,UMS Omique*fr,,,,,2015,,,,,,,Q51781539,Q51781539,Paris,France,2988507
https://github.com/ror-community/ror-updates/issues/38349,,Abhedananda Mahavidyalaya*en,active,education,,Abhedananda Mahavidyalaya*en; অভেদানন্দ মহাবিদ্যালয়*bn,,https://abhedanandamahavidyalaya.ac.in,https://bn.wikipedia.org/wiki/%E0%A6%85%E0%A6%AD%E0%A7%87%E0%A6%A6%E0%A6%BE%E0%A6%A8%E0%A6%A8%E0%A7%8D%E0%A6%A6_%E0%A6%AE%E0%A6%B9%E0%A6%BE%E0%A6%AC%E0%A6%BF%E0%A6%A6%E0%A7%8D%E0%A6%AF%E0%A6%BE%E0%A6%B2%E0%A6%AF%E0%A6%BC,abhedanandamahavidyalaya.ac.in,1965,,,,,,,Q4667363,Q4667363,Sainthia,India,1257751
https://github.com/ror-community/ror-updates/issues/38847,,Complejo Asistencial Universitario de León*es,active,healthcare,,Complejo Asistencial Universitario de León*es,CAULE*es,https://www.saludcastillayleon.es/CHLeon/,,,1990,,,,,,,,,León,Spain,3118532
https://github.com/ror-community/ror-updates/issues/38848,,Hospital Monte San Isidro*es,active,healthcare,,Hospital Monte San Isidro*es,,https://www.saludcastillayleon.es/CHLeon/es/hospital-monte-san-isidro,,,,,,,,,,Q87761921,Q87761921,León,Spain,3118532
https://github.com/ror-community/ror-updates/issues/38849,,Hospital Santa Isabel*es,active,healthcare,Residencia Santa Isabel*es,Hospital Santa Isabel*es,,https://www.saludcastillayleon.es/CHLeon/es/hospital-santa-isabel,,,,,,,,,,Q87761925,Q87761925,León,Spain,3118532
https://github.com/ror-community/ror-updates/issues/38843,,"Rajamangala University of Technology Isan, Khon Kaen Campus*en",active,education,RMUTI Khon Kaen Campus*en,"Rajamangala University of Technology Isan, Khon Kaen Campus*en; มหาวิทยาลัยเทคโนโลยีราชมงคลอีสาน วิทยาเขตขอนแก่น*th",,https://web.kkc.rmuti.ac.th,,,,,,,,,,,,Khon Kaen,Thailand,1609776
https://github.com/ror-community/ror-updates/issues/38844,,"Rajamangala University of Technology Isan, Sakon Nakhon Campus*en",active,education,Rajamangala University of Technology Isan Sakonnakhon Campus*en;RMUTI Sakon Nakhon Campus*en,"Rajamangala University of Technology Isan, Sakon Nakhon Campus*en; มหาวิทยาลัยเทคโนโลยีราชมงคลอีสาน วิทยาเขตสกลนคร*th",,https://www.skc.rmuti.ac.th,,skc.rmuti.ac.th,,,,,,,,,,Phang Khon,Thailand,1607826
https://github.com/ror-community/ror-updates/issues/38845,,"Rajamangala University of Technology Isan, Surin Campus*en",active,education,RMUTI Surin Campus*en,"Rajamangala University of Technology Isan, Surin Campus*en; มหาวิทยาลัยเทคโนโลยีราชมงคลอีสาน วิทยาเขตสุรินทร์*th",,https://www.surin.rmuti.ac.th,,surin.rmuti.ac.th,,,,,,,,,,Surin,Thailand,1606030
https://github.com/ror-community/ror-updates/issues/35976,,Instituto Tecnológico de Aeronáutica - Campus de Fortaleza*pt,active,education,Campus do ITA em Fortaleza*pt;Campus ITA-FZ*pt;ITA Fortaleza*pt,Instituto Tecnológico de Aeronáutica - Campus de Fortaleza*pt,ITA-FZ*pt,https://www.ita.br,,,2024,,,,,,,,,Fortaleza,Brazil,3399415
https://github.com/ror-community/ror-updates/issues/38345,,Centre for Development of Imaging Technology*en,active,government,,Centre for Development of Imaging Technology*en; സെന്റർ ഫോർ ഡെവലപ്പ്മെന്റ് ഒഫ് ഇമേജിങ്ങ് ടെക്നോളജി*ml; படிமவியல் தொழில்நுட்ப வளர்ச்சி மையம்*ta,C-DIT*en; സി-ഡിറ്റ്*ml; சி-டிஐடி*ta,https://cdit.kerala.gov.in,https://en.wikipedia.org/wiki/Centre_for_Development_of_Imaging_Technology,cdit.kerala.gov.in,1988,,,,,0000 0001 2159 9233,0000 0001 2159 9233,Q5062410,Q5062410,Thiruvananthapuram,India,1254163
https://github.com/ror-community/ror-updates/issues/38344,,Gaya College*en,active,education,,Gaya College*en; गया कॉलेज*hi,GCG*en; जी सी जी*hi,https://www.gayacollege.ac.in,https://en.wikipedia.org/wiki/Gaya_College,gayacollege.ac.in,1944,,,,,,,Q18125039,Q18125039,Gaya,India,1271439
https://github.com/ror-community/ror-updates/issues/38343,,"Institute of Science, Nagpur*en",active,education,Institute of Science*en; Government Science Institute*en,"Institute of Science, Nagpur*en",IoS*en,https://www.iscnagpur.ac.in,https://en.wikipedia.org/wiki/Institute_of_Science%2C_Nagpur,iscnagpur.ac.in,1906,,,,,,,Q48726559,Q48726559,Nagpur,India,1262180
https://github.com/ror-community/ror-updates/issues/38329,,Nalbari College*en,active,education,"Nalbari College, Nalbari*en",Nalbari College*en; নলবাৰী মহাবিদ্যালয়*as,,https://www.nalbaricollege.ac.in,https://en.wikipedia.org/wiki/Nalbari_College,nalbaricollege.ac.in,1945,,,,,0000 0005 2799 7557,0000 0005 2799 7557,Q23198423,Q23198423,Nalbari,India,1262078
https://github.com/ror-community/ror-updates/issues/35064,,Sri Raaja Raajan College of Engineering and Technology*en,active,education,Sri Raaja Raajan College of Engineering & Technology*en,Sri Raaja Raajan College of Engineering and Technology*en; ஸ்ரீ ராஜ ராஜன் பொறியியல் மற்றும் தொழில்நுட்ப கல்லூரி*ta,SRRCET*en,https://srrcet.ac.in,,srrcet.ac.in,2010,,,,,0000 0005 2424 0049,0000 0005 2424 0049,Q141018806,Q141018806,Kāraikkudi,India,1267885
https://github.com/ror-community/ror-updates/issues/38328,,"Government Teachers' Training College, Malda*en",active,education,"Govt. Teachers' Training College, Malda*en; GTTC, Malda*en","Government Teachers' Training College, Malda*en",GTTC*en,http://www.maldagttc.com,,maldagttc.com,1964,,,,,,,,,Malda,India,1269723
https://github.com/ror-community/ror-updates/issues/38858,,MRC/UVRI & LSHTM Uganda Research Unit*en,active,facility,MRC/UVRI and LSHTM Uganda Research Unit*en;Medical Research Council/Uganda Virus Research Institute and London School of Hygiene & Tropical Medicine Uganda Research Unit*en;MRC/UVRI Uganda Research Unit*en;MRC/UVRI Uganda Research Unit on AIDS*en,MRC/UVRI & LSHTM Uganda Research Unit*en,MUL*en,https://www.lshtm.ac.uk/research/units/mrc-uganda,,,1988,,,,,,,Q103019028,Q103019028,Entebbe,Uganda,233508
https://github.com/ror-community/ror-updates/issues/38863,,FBK Center for Digital Industry*en,active,facility,,FBK Center for Digital Industry*en,,https://dicenter.fbk.eu,,dicenter.fbk.eu,2021,,,,,,,,,Trento,Italy,3165243
https://github.com/ror-community/ror-updates/issues/38864,,FBK Center for Digital Society*en,active,facility,,FBK Center for Digital Society*en,DIGIS*en,https://digis.fbk.eu,,digis.fbk.eu,2021,,,,,,,,,Trento,Italy,3165243
https://github.com/ror-community/ror-updates/issues/38865,,FBK Center for Cybersecurity*en,active,facility,,FBK Center for Cybersecurity*en,,https://cs.fbk.eu,,cs.fbk.eu,2021,,,,,,,,,Trento,Italy,3165243
https://github.com/ror-community/ror-updates/issues/38866,,FBK Center for Digital Health & Wellbeing*en,active,facility,,FBK Center for Digital Health & Wellbeing*en,DHWB*en,https://digitalhealthcenter.fbk.eu,,digitalhealthcenter.fbk.eu,2021,,,,,,,,,Trento,Italy,3165243
https://github.com/ror-community/ror-updates/issues/38867,,FBK Center for Health Emergencies*en,active,facility,,FBK Center for Health Emergencies*en,,https://he.fbk.eu,,he.fbk.eu,2021,,,,,,,,,Trento,Italy,3165243
https://github.com/ror-community/ror-updates/issues/38868,,FBK Center for Sensors & Devices*en,active,facility,,FBK Center for Sensors & Devices*en,FBK-SD*en,https://sd.fbk.eu,,sd.fbk.eu,2021,,,,,,,,,Trento,Italy,3165243
https://github.com/ror-community/ror-updates/issues/38869,,FBK Center for Sustainable Energy*en,active,facility,,FBK Center for Sustainable Energy*en,FBK-SE*en,https://energy.fbk.eu,,energy.fbk.eu,2021,,,,,,,,,Trento,Italy,3165243
https://github.com/ror-community/ror-updates/issues/38870,,FBK Center for Information and Communication Technology*en,inactive,facility,FBK ICT-irst*en,FBK Center for Information and Communication Technology*en,FBK-ICT*en,,,,2007,,,,,,,,,Trento,Italy,3165243
https://github.com/ror-community/ror-updates/issues/36510,,Center for Progressive Reforms*en,active,nonprofit,Progressiv islohotlar markazi*uz;Центр прогрессивных реформ*ru,Center for Progressive Reforms*en,CPR*en,https://www.proreforms.uz,,proreforms.uz`,2023,,,,,,,,,Tashkent,Uzbekistan,1512569
https://github.com/ror-community/ror-updates/issues/38880,,Mother Terasa College of Pharmacy*en,active,education,,Mother Terasa College of Pharmacy*en,,https://pharmacy.motherterasakalvi.com,,pharmacy.motherterasakalvi.com,2018,,,,,,,Q141066566,Q141066566,Pudukkottai,India,1259297
https://github.com/ror-community/ror-updates/issues/38362,,College of Computer Technology Benghazi*en,active,education,"College of Computer Technology, Benghazi*en; College of Computer Technology – Benghazi*en; Higher Institute of Computer Technology, Benghazi*en; كلية تقنية الحاسوب بنغازي*ar",College of Computer Technology Benghazi*en; كلية تقنيات الحاسوب بنغازي*ar,,https://cctben.edu.ly,,cctben.edu.ly,1996,,,,,,,Q140877931,Q140877931,Benghazi,Libya,88319
https://github.com/ror-community/ror-updates/issues/38284,,Suri Vidyasagar College*en,active,education,,Suri Vidyasagar College*en; সিউড়ি বিদ্যাসাগর কলেজ*bn,,https://surividyasagarcollege.org.in,https://en.wikipedia.org/wiki/Suri_Vidyasagar_College,surividyasagarcollege.org.in,1942,,,,,0000 0000 9760 3019,0000 0000 9760 3019,Q7646254,Q7646254,Suri,India,1255955
https://github.com/ror-community/ror-updates/issues/38283,,"Babasaheb Naik College of Engineering, Pusad*en",active,education,Babasaheb Naik College of Engineering*en; JSPM Babasaheb Naik College of Engineering*en,"Babasaheb Naik College of Engineering, Pusad*en",BNCoE*en,https://www.bncoepusad.ac.in,https://en.wikipedia.org/wiki/Babasaheb_Naik_College_of_Engineering%2C_Pusad,bncoepusad.ac.in,1983,,,,,0000 0004 1777 0052,0000 0004 1777 0052,Q16056625,Q16056625,Pusad,India,1259154
https://github.com/ror-community/ror-updates/issues/38353,,Maharaja Surajmal Institute of Technology*en,active,education,Maharaja Surajmal Inst. Tech.*en,Maharaja Surajmal Institute of Technology*en; महाराजा सूरजमल प्रौद्योगिकी संस्थान*hi,MSIT*en,https://msit.in,https://en.wikipedia.org/wiki/Maharaja_Surajmal_Institute_of_Technology,msit.in,1999,,,,,0000 0004 1776 8104,0000 0004 1776 8104,Q6733250,Q6733250,New Delhi,India,1261481
https://github.com/ror-community/ror-updates/issues/38278,,Taki Government College*en,active,education,Taki Govt. College*en,Taki Government College*en; টাকি গভর্নমেন্ট কলেজ*bn,,https://www.tgc.ac.in,https://bn.wikipedia.org/wiki/%E0%A6%9F%E0%A6%BE%E0%A6%95%E0%A6%BF_%E0%A6%97%E0%A6%AD%E0%A6%B0%E0%A7%8D%E0%A6%A8%E0%A6%AE%E0%A7%87%E0%A6%A8%E0%A7%8D%E0%A6%9F_%E0%A6%95%E0%A6%B2%E0%A7%87%E0%A6%9C,tgc.ac.in,1950,,,,,0000 0004 7471 927X,0000 0004 7471 927X,Q17069477,Q17069477,Taki,India,1255211
https://github.com/ror-community/ror-updates/issues/38274,,Ranaghat College*en,active,education,,Ranaghat College*en; রানাঘাট কলেজ*bn,,https://www.ranaghatcollege.org.in/index.aspx,https://en.wikipedia.org/wiki/Ranaghat_College,,1950,,,,,0000 0004 0507 6223,0000 0004 0507 6223,Q14957112,Q14957112,Ranaghat,India,1258546
https://github.com/ror-community/ror-updates/issues/38273,,Gopikabai Sitaram Gawande Mahavidyalaya*hi,active,education,"Gawande College*en; GSG College*en; GSG College, Umarkhed*en; GSGC*en; गोपिकाबाई सीताराम गावंडे महाविद्यालय, उमरखेड*mr",Gopikabai Sitaram Gawande Mahavidyalaya*hi; Gopikabai Sitaram Gawande College*en; गोपिकाबाई सीताराम गावंडे महाविद्यालय*mr,,http://www.gsgcollege.edu.in,,gsgcollege.edu.in,1966,,,,,,,,,Umarkhed,India,1253861
https://github.com/ror-community/ror-updates/issues/38272,,Acharya Jagadish Chandra Bose College*en,active,education,Birla College of Science and Education*en; A.J.C. Bose College*en,Acharya Jagadish Chandra Bose College*en; আচার্য জগদীশচন্দ্র বসু কলেজ*bn; आचार्य जगदीश चंद्र बोस कॉलेज*hi; ആചാര്യ ജഗദീഷ് ചന്ദ്രബോസ് കോളേജ്*ml,AJCBC*en,https://ajcbosecollege.ac.in,https://hi.wikipedia.org/wiki/%E0%A4%86%E0%A4%9A%E0%A4%BE%E0%A4%B0%E0%A5%8D%E0%A4%AF_%E0%A4%9C%E0%A4%97%E0%A4%A6%E0%A5%80%E0%A4%B6_%E0%A4%9A%E0%A4%82%E0%A4%A6%E0%A5%8D%E0%A4%B0_%E0%A4%AC%E0%A5%8B%E0%A4%B8_%E0%A4%95%E0%A5%89%E0%A4%B2%E0%A5%87%E0%A4%9C,ajcbosecollege.ac.in,1968,,,,,,,Q4673528,Q4673528,Kolkata,India,1275004
https://github.com/ror-community/ror-updates/issues/38271,,Institute of Mathematics*en,active,nonprofit,,Institute of Mathematics*en,,,,,2000,,,,,,,,,Gurugram,India,1270642
https://github.com/ror-community/ror-updates/issues/38269,,Science College (Autonomous)*en,active,education,"Science College (Autonomus), Hinjilicut*en; Hinjilicut Science College*en",Science College (Autonomous)*en,,https://sch.edu.in,,sch.edu.in,1963,,,,,,,,,Hinjilicut,India,1270066
https://github.com/ror-community/ror-updates/issues/38268,,Sri Guru Gobind Singh College*en,active,education,"Sri Guru Gobind Singh College, Chandigarh*en; SGGS College*en",Sri Guru Gobind Singh College*en,SGGS*en,https://www.sggscollege.ac.in,,sggscollege.ac.in,1966,,,,,0000 0004 1767 7317,0000 0004 1767 7317,Q89345429,Q89345429,Chandigarh,India,1274746
https://github.com/ror-community/ror-updates/issues/38265,,College of Engineering & Management Kapurthala*en,active,education,"College of Engineering & Management*en; CEM KAPURTHALA*en; College of Engineering and Management, Kapurthala*en",College of Engineering & Management Kapurthala*en,CEMK*en; CEM*en,http://www.cemkpt.org,,cemkpt.org,1998,,,,,,,Q17050803,Q17050803,Kapurthala Town,India,1267911
https://github.com/ror-community/ror-updates/issues/38263,,Trident Academy of Technology*en,active,education,"Trident Academy of Technology, Bhubaneswar*en; TAT Bhubaneswar*en",Trident Academy of Technology*en,TAT*en,https://tat.ac.in,,tat.ac.in,2005,,,,,0000 0004 4691 4721,0000 0004 4691 4721,Q90004062,Q90004062,Bhubaneswar,India,1275817
https://github.com/ror-community/ror-updates/issues/38262,,Krupajal Engineering College*en,active,education,,Krupajal Engineering College*en,KEC*en,https://krupajal.ac.in,,krupajal.ac.in,1995,,,,,0000 0004 1769 4176,0000 0004 1769 4176,Q6439351,Q6439351,Bhubaneswar,India,1275817
https://github.com/ror-community/ror-updates/issues/38917,,"Universidad Indoamérica, Sede Quito*es",active,education,"Universidad Tecnológica Indoamérica, Sede Quito*es;Universidad Indoamérica, Campus Eugenio Espejo*es","Universidad Indoamérica, Sede Quito*es",,https://www.indoamerica.edu.ec/eugenio-espejo/,,,2004,,,,,,,,,Quito,Ecuador,3652462
https://github.com/ror-community/ror-updates/issues/38918,,"Universidad Indoamérica, Sede Latacunga*es",active,education,"Universidad Tecnológica Indoamérica, Sede Latacunga*es","Universidad Indoamérica, Sede Latacunga*es",,https://www.indoamerica.edu.ec/sede-latacunga/,,,2024,,,,,,,,,Latacunga,Ecuador,3654870
https://github.com/ror-community/ror-updates/issues/38926,,Institut de recherche en communications et cybernétique de Nantes*fr,inactive,facility,UMR 6597*fr;UMR6597*fr,Institut de recherche en communications et cybernétique de Nantes*fr,IRCCyN*fr;IRCCYN*fr,,https://fr.wikipedia.org/wiki/Institut_de_recherche_en_communications_et_cybern%C3%A9tique_de_Nantes,,1996,,,,,0000 0000 9563 6044,0000 0000 9563 6044,Q3152086,Q3152086,Nantes,France,2990969
https://github.com/ror-community/ror-updates/issues/38927,,Laboratoire d'Informatique de Nantes Atlantique*fr,inactive,facility,Laboratoire d'informatique de Nantes-Atlantique*fr;UMR 6241*fr;UMR6241*fr,Laboratoire d'Informatique de Nantes Atlantique*fr,LINA*fr,,https://fr.wikipedia.org/wiki/Laboratoire_d%27informatique_de_Nantes_Atlantique,,2004,,,,,0000 0001 2343 0474,0000 0001 2343 0474,Q3214422,Q3214422,Nantes,France,2990969
https://github.com/ror-community/ror-updates/issues/38929,,Fondo de Fomento al Desarrollo Científico y Tecnológico*es,active,funder;government,,Fondo de Fomento al Desarrollo Científico y Tecnológico*es; Scientific and Technological Development Support Fund*en,FONDEF*es,https://www.conicyt.cl/fondef/,,,1991,501100008736,501100008736,,,,,,,Santiago,Chile,3871336
https://github.com/ror-community/ror-updates/issues/38928,,Agencia Nacional de Investigación y Desarrollo*es,active,funder;government,ANID Chile*es;Chilean National Agency for Research and Development*en;National Agency for Research and Development of Chile*en,Agencia Nacional de Investigación y Desarrollo*es; National Agency for Research and Development*en,ANID*es,https://www.anid.cl,,anid.cl,2020,501100020884;501100002850;501100002849;501100008736;501100018735,501100020884;501100002850;501100002849;501100008736;501100018735,,,,,Q60169264,Q60169264,Santiago,Chile,3871336
https://github.com/ror-community/ror-updates/issues/38941,,Japan Measuring Instruments Federation*en,active,nonprofit,Keikoren*en; Nihon Keiryoukiki Kogyo Rengoukai*ja; 計工連*ja,Japan Measuring Instruments Federation*en; 日本計量機器工業連合会 (計工連)*ja; 日本計量機器工業連合会*ja,JMIF*en,https://www.keikoren.or.jp,,keikoren.or.jp,1952,,,,,,,,,Tokyo,Japan,1850147
https://github.com/ror-community/ror-updates/issues/38335,,Fazl Ali College*en,active,education,,Fazl Ali College*en,FAC*en,https://fac.ac.in,https://en.wikipedia.org/wiki/Fazl_Ali_College,fac.ac.in,1959,,,,,0000 0005 2773 655X,0000 0005 2773 655X,Q5439212,Q5439212,Mokokchūng,India,1262843
https://github.com/ror-community/ror-updates/issues/38958,,The Sichuan Provincial Cultural Relics and Archaeology Research Institute*en,active,archive,Sichuan Provincial Cultural Relics and Archaeology Research Institute*en,The Sichuan Provincial Cultural Relics and Archaeology Research Institute*en; 四川文物考古研究院*zh,,https://www.sckg.com,,sckg.com,,,,,,,,,,Chengdu,Peoples Republic of China,1815286
https://github.com/ror-community/ror-updates/issues/38949,,Chaoyang Normal University*en,active,education,Chaoyang Teachers College*en,Chaoyang Normal University*en; 朝阳师范学院*zh,,https://www.cynu.edu.cn,https://zh.wikipedia.org/wiki/%E6%9C%9D%E9%98%B3%E5%B8%88%E8%8C%83%E5%AD%A6%E9%99%A2,cynu.edu.cn,1960,,,,,0000 0005 1808 8714,0000 0005 1808 8714,Q112676332,Q112676332,Chaoyang Shi,China,2038101
https://github.com/ror-community/ror-updates/issues/36347,,Mari Private University*en,active,education,جامعة ماري الخاصة*ar,Mari Private University*en,MPU*en,https://mari.edu.sy,https://ar.wikipedia.org/wiki/%D8%AC%D8%A7%D9%85%D8%B9%D8%A9_%D9%85%D8%A7%D8%B1%D9%8A_%D8%A7%D9%84%D8%AE%D8%A7%D8%B5%D8%A9,mari.edu.sy,2015,,,,,,,Q108835620,Q108835620,Idlib,Syria,169389
https://github.com/ror-community/ror-updates/issues/39012,,"Mehran University of Engineering & Technology Shaheed Zulfiqar Ali Bhutto Campus, Khairpur Mir's*en",active,education,"Mehran University of Engineering and Technology, Shaheed Zulfiqar Ali Bhutto Campus, Khairpur Mirs*en;Mehran University College of Engineering & Technology, Khairpur Mir's*en;MUET Shaheed Zulfiqar Ali Bhutto Campus, Khairpur Mir's*en; MUET SZAB Campus*en","Mehran University of Engineering & Technology Shaheed Zulfiqar Ali Bhutto Campus, Khairpur Mir's*en",,https://www.muetkhp.edu.pk,,muetkhp.edu.pk,2009,,,,,,,,,Khairpur,Pakistan,1162004
https://github.com/ror-community/ror-updates/issues/38993,,European International University*en,active,education,EIU Paris*en,European International University*en,EIU*en,https://eiu.ac,,eiu.ac,2019,,,,,,,Q141112318,Q141112318,Paris,France,2988507
https://github.com/ror-community/ror-updates/issues/38984,,Iconic Open University*en,active,education,,Iconic Open University*en,,https://www.iconicuniversity.edu.ng,,iconicuniversity.edu.ng,2023,,,,,0000 0005 2839 8636,0000 0005 2839 8636,Q138052955,Q138052955,Sokoto,Nigeria,2322911
https://github.com/ror-community/ror-updates/issues/35375,,Sherman Tree Nutraceuticals S.r.l. (Italy),active,company,,Sherman Tree Nutraceuticals S.r.l. (Italy); Sherman Tree Nutraceuticals S.r.l.*en,,https://www.shermantree.it,,shermantree.it,2017,,,,,,,,,Rome,Italy,3169070
https://github.com/ror-community/ror-updates/issues/38315,,Keshava Deva Malaviya Institute of Petroleum Exploration*en,active,facility,,Keshava Deva Malaviya Institute of Petroleum Exploration*en,KDMIPE*en,,,,1962,,,,,,,,,Dehradun,India,1273313
https://github.com/ror-community/ror-updates/issues/38311,,Sarojini Naidu College for Women*en,active,education,,Sarojini Naidu College for Women*en; சரோஜினி நாயுடு மகளிர் கல்லூரி*ta,SNCW*en,https://www.sncwgs.ac.in,https://ta.wikipedia.org/wiki/%E0%AE%9A%E0%AE%B0%E0%AF%8B%E0%AE%9C%E0%AE%BF%E0%AE%A9%E0%AE%BF_%E0%AE%A8%E0%AE%BE%E0%AE%AF%E0%AF%81%E0%AE%9F%E0%AF%81_%E0%AE%AE%E0%AE%95%E0%AE%B3%E0%AE%BF%E0%AE%B0%E0%AF%8D_%E0%AE%95%E0%AE%B2%E0%AF%8D%E0%AE%B2%E0%AF%82%E0%AE%B0%E0%AE%BF,sncwgs.ac.in,1956,,,,,0000 0005 2800 8677,0000 0005 2800 8677,Q7424451,Q7424451,Kolkata,India,1275004
https://github.com/ror-community/ror-updates/issues/38309,,Institute of Engineering & Technology*en,active,education,"IET Engineering College*en; IET Alwar*en; Institute of Engineering & Technology, Alwar*en; Institute of Engineering and Technology, Alwar*en; Institute of Engineering and Technology*en",Institute of Engineering & Technology*en,IET*en,https://www.ietalwar.com,,ietalwar.com,1998,,,,,,,,,Alwar,India,1278946
https://github.com/ror-community/ror-updates/issues/38303,,Bolpur College*en,active,education,,Bolpur College*en; বোলপুর কলেজ*bn,,https://www.bolpurcollege.edu.in,https://bn.wikipedia.org/wiki/%E0%A6%AC%E0%A7%8B%E0%A6%B2%E0%A6%AA%E0%A7%81%E0%A6%B0_%E0%A6%95%E0%A6%B2%E0%A7%87%E0%A6%9C,bolpurcollege.edu.in,1950,,,,,0000 0005 1322 3040,0000 0005 1322 3040,Q4940019,Q4940019,Bolpur,India,1275346
https://github.com/ror-community/ror-updates/issues/38297,,Assam Engineering Institute*en,active,education,,Assam Engineering Institute*en,AEI*en,https://aei.ac.in,,aei.ac.in,1948,,,,,,,,,Guwahati,India,1271476
https://github.com/ror-community/ror-updates/issues/39006,,Red Sea University*en,active,education,Redsea University*en,Red Sea University*en; جامعة البحر الأحمر*ar; Jaamacadda Badda Cas*so,RSU*en,https://rsu.edu.so,,rsu.edu.so,2008,,,,,0000 0005 0383 2686,0000 0005 0383 2686,Q141120548,Q141120548,Bosaso,Somalia,64013
https://github.com/ror-community/ror-updates/issues/38991,,Canadian Institute of Ecology and Evolution*en,active,funder,,Canadian Institute of Ecology and Evolution*en; Institut canadien d'écologie et d'évolution*fr,CIEE*en; ICEE*fr,https://www.ciee-icee.ca,https://en.wikipedia.org/wiki/Canadian_Institute_of_Ecology_and_Evolution,ciee-icee.ca,2008,,,,,,,Q5030179,Q5030179,Vancouver,Canada,6173331
https://github.com/ror-community/ror-updates/issues/39055,,"State Institution ""Ukrainian Center of Maternity and Childhood of the National Academy of Medical Sciences of Ukraine""*en",active,healthcare; facility,"Ukrainian Center of Maternity and Childhood of the National Academy of Medical Sciences of Ukraine*en; SI ""Ukrainian Center of Maternity and Childhood of the NAMS of Ukraine""*en; Ukrainian Center for Maternity and Childhood of the NAMS of Ukraine*en; SI «All-Ukrainian Center of Maternity and Childhood of the NAMS of Ukraine»*en","State Institution ""Ukrainian Center of Maternity and Childhood of the National Academy of Medical Sciences of Ukraine""*en; Державна установа «Всеукраїнський центр материнства та дитинства НАМН України»*uk; Всеукраїнський центр материнства та дитинства НАМН України*uk",ВЦМД*uk,https://ucmc-namn.org.ua,,ucmc-namn.org.ua,2024,,,,,,,,,Kyiv,Ukraine,703448
https://github.com/ror-community/ror-updates/issues/39054,,Institute of Nuclear Medicine and Diagnostic Radiology of the National Academy of Medical Sciences of Ukraine*en,inactive,facility,Institute of Nuclear Medicine and Diagnostic Radiology of NAMS of Ukraine*en; State Institution Institute of Nuclear Medicine and Diagnostic Radiology of National Academy of Medical Science of Ukraine*en; Клініко-діагностичний центр АМН України «Здоров’я літніх людей»*uk,Institute of Nuclear Medicine and Diagnostic Radiology of the National Academy of Medical Sciences of Ukraine*en; Інститут ядерної медицини та променевої діагностики НАМН України*uk; Державна установа «Інститут ядерної медицини та променевої діагностики Національної академії медичних наук України»*uk,,https://amnu.gov.ua/du-instytut-yadernoyi-medyczyny-ta-promenevoyi-diagnostyky-namn-ukrayiny/,,,1999,,,,,,,,,Kyiv,Ukraine,703448
https://github.com/ror-community/ror-updates/issues/38257,,All India Jat Heroes' Memorial College*en,active,education,AIJHM College*en,All India Jat Heroes' Memorial College*en; ऑल इंडिया जाट हीरोज 'मेमोरियल कॉलेज*hi,AIJHM*en,https://jatcollegerohtak.ac.in,,jatcollegerohtak.ac.in,1944,,,,,0000 0005 0956 0722,0000 0005 0956 0722,Q24945360,Q24945360,Rohtak,India,1258076
https://github.com/ror-community/ror-updates/issues/38013,,European Weighing Industry Association*en,active,nonprofit,Comité Européen de Constructeurs d’Instruments de Pesage*fr,European Weighing Industry Association*en,CECIP*en,https://www.cecip.eu,,cecip.eu,1958,,,,,,,,,Brussels,Belgium,2800866
https://github.com/ror-community/ror-updates/issues/38298,,St. Francis de Sales College*en,active,education,"St. Francis De Sales College, Seminary Hills*en; St. Francis De Sales College, Nagpur*en; SFS College*en",St. Francis de Sales College*en,SFS*en,https://www.sfscollege.edu.in,,sfscollege.edu.in,1956,,,,,,,,,Nagpur,India,1262180
https://github.com/ror-community/ror-updates/issues/38275,,Alphonsa College*en,active,education,"Alphonsa College, Pala*en",Alphonsa College*en,,http://www.alphonsacollege.in,,alphonsacollege.in,1964,,,,,0000 0004 1769 5005,0000 0004 1769 5005,Q48725356,Q48725356,Pala,India,8442925
https://github.com/ror-community/ror-updates/issues/36978,,Museo de Historia Natural y Cultural del Desierto de Atacama (MUHNCAL)*es,active,archive,,Museo de Historia Natural y Cultural del Desierto de Atacama (MUHNCAL)*es,MUHNCAL*es,https://www.muhncal.cl,,muhncal.cl,2000,,,,,,,,,Calama,Chile,3897347
https://github.com/ror-community/ror-updates/issues/39065,,SERENDIPITY: Sécurité et Résilience dans les réseaux sans fil avancés*fr,active,facility,Security and Resilience in Advanced Wireless Networks*en,SERENDIPITY: Sécurité et Résilience dans les réseaux sans fil avancés*fr,SERENDIPITY*fr,https://www.inria.fr/en/serendipity,,inria.fr,2026,,,,,,,,,Villeneuve-d'Ascq,France,6543862
https://github.com/ror-community/ror-updates/issues/32560,,"PHIQUS: Problèmes de calcul quantique, de calcul distribué et de simulation en théorie de l'information quantique*fr",active,facility,,"PHIQUS: Problèmes de calcul quantique, de calcul distribué et de simulation en théorie de l'information quantique*fr",PHIQUS*fr,https://www.inria.fr/fr/phiqus,,,2025,,,,,,,,,Palaiseau,France,2988758
https://github.com/ror-community/ror-updates/issues/38317,,"Maharaja's College, Ernakulam*en",active,education,"Maharaja's College*en; مہاراجہ کالج، کوچی*ur; മഹാരാജാസ് കോളജ്*ml; His Highness The Maharaja's College*en; Maharaja's College, Kochi*en","Maharaja's College, Ernakulam*en; മഹാരാജാസ് കോളേജ്, എറണാകുളം*ml; மகாராஜாவின் கல்லூரி, எர்ணாகுளம்*ta; مہاراجہ کالج*ur",,https://maharajas.ac.in,"https://en.wikipedia.org/wiki/Maharaja%27s_College,_Ernakulam",maharajas.ac.in,1875,,,,,0000 0004 0501 6140,0000 0004 0501 6140,Q6733207,Q6733207,Kochi,India,1273874
https://github.com/ror-community/ror-updates/issues/38316,,Government College Kota*en,active,education,GC Kota*en,Government College Kota*en,,https://hte.rajasthan.gov.in/GovernmentCollegeKota/10635,,,1909,,,,,0000 0005 0971 5253,0000 0005 0971 5253,,,Kota,India,1266049
https://github.com/ror-community/ror-updates/issues/38290,,Camellia Institute of Technology*en,active,education,,Camellia Institute of Technology*en,CIT*en,https://camelliait.ac.in,https://en.wikipedia.org/wiki/Camellia_Institute_of_Technology,camelliait.ac.in,2007,,,,,0000 0004 6024 0321,0000 0004 6024 0321,Q5025905,Q5025905,Madhyamgram,India,1264543
https://github.com/ror-community/ror-updates/issues/38288,,Basirhat College*en,active,education,,Basirhat College*en; বসিরহাট কলেজ*bn,,https://www.basirhatcollege.org,https://en.wikipedia.org/wiki/Basirhat_College,basirhatcollege.org,1947,,,,,0000 0005 1745 5092,0000 0005 1745 5092,Q4867557,Q4867557,Basirhat,India,1276759
https://github.com/ror-community/ror-updates/issues/38287,,Banwarilal Bhalotia College*en,active,education,B.B. College*en; BB College*en,Banwarilal Bhalotia College*en,,https://www.bbcollege.ac.in,https://en.wikipedia.org/wiki/Banwarilal_Bhalotia_College,bbcollege.ac.in,1944,,,,,0000 0004 4651 9043,0000 0004 4651 9043,Q4857336,Q4857336,Asansol,India,1278314
https://github.com/ror-community/ror-updates/issues/38259,,Seethalakshmi Ramaswami College*en,active,education,SR College*en,Seethalakshmi Ramaswami College*en; சீத்தாலக்ஷ்மி இராமசாமி கல்லூரி*ta,SRC*en,https://www.srcollege.edu.in,,srcollege.edu.in,1951,,,,,0000 0004 1789 3327,0000 0004 1789 3327,Q16309416,Q16309416,Tiruchirappalli,India,1254388
https://github.com/ror-community/ror-updates/issues/38258,,Raja Peary Mohan College*en,active,education,RPM College*en,Raja Peary Mohan College*en,RPMC*en,http://www.rpmcollege.edu.in,https://en.wikipedia.org/wiki/Raja_Peary_Mohan_College,rpmcollege.edu.in,1887,,,,,0000 0005 0970 9769,0000 0005 0970 9769,Q7285511,Q7285511,Uttarpara,India,1253627
https://github.com/ror-community/ror-updates/issues/38254,,Gangadhar Meher University*en,active,education,"Gangadhar Meher College*en; Gangadhar Meher University, Sambalpur*en; Gangadhar Meher University, Amruta Vihar*en",Gangadhar Meher University*en; ଗଙ୍ଗାଧର ମେହେର ବିଶ୍ଵବିଦ୍ୟାଳୟ*or; गंगाधर मेहेर विश्वविद्यालय*hi,GMU*en,https://www.gmuniversity.ac.in,https://en.wikipedia.org/wiki/Gangadhar_Meher_University,gmuniversity.ac.in,1944,,,,,0000 0004 4911 8376,0000 0004 4911 8376,Q5521017,Q5521017,Sambalpur,India,1257542
https://github.com/ror-community/ror-updates/issues/39062,,Lalon University of Science & Arts*en,active,education,Lalon University of Science and Arts*en,Lalon University of Science & Arts*en; লালন বিজ্ঞান ও কলা বিশ্ববিদ্যালয়*bn,LUSA*en,https://lusa.ac.bd,https://bn.wikipedia.org/wiki/%E0%A6%B2%E0%A6%BE%E0%A6%AC%E0%A6%B2_%E0%A6%AC%E0%A6%BF%E0%A6%9C%E0%A7%8D%E0%A6%9E%E0%A6%BE%E0%A6%A8_%E0%A6%93_%E0%A6%95%E0%A6%B2%E0%A6%BE_%E0%A6%AC%E0%A6%BF%E0%A6%B6%E0%A7%8D%E0%A6%AC%E0%A6%AC%E0%A6%BF%E0%A6%A6%E0%A7%8D%E0%A6%AF%E0%A6%BE%E0%A6%B2%E0%A6%AF%E0%A6%BC,lusa.ac.bd,2021,,,,,,,Q125134709,Q125134709,Kushtia,Bangladesh,1185191
https://github.com/ror-community/ror-updates/issues/39067,,IBSUniversity*en,active,education,Institute of Business Studies*en; IBS University*en,IBSUniversity*en,IBSU*en,https://ibsu.ac.pg,https://en.wikipedia.org/wiki/IBSUniversity,ibsu.ac.pg,1989,,,,,0000 0004 0433 7268,0000 0004 0433 7268,Q6039982,Q6039982,Port Moresby,Papua New Guinea,2088122
https://github.com/ror-community/ror-updates/issues/39068,,Sekolah Tinggi Teologi Seminari Alkitab Asia Tenggara*id,active,education,Sekolah Tinggi Teologi SAAT*id; SAAT Malang*id,Sekolah Tinggi Teologi Seminari Alkitab Asia Tenggara*id; Southeast Asia Bible Seminary*en,STT SAAT*id,https://seabs.ac.id,https://id.wikipedia.org/wiki/Sekolah_Tinggi_Teologi_SAAT,seabs.ac.id,1952,,,,,0000 0004 1763 7534,0000 0004 1763 7534,Q12513456,Q12513456,Malang,Indonesia,1636722
https://github.com/ror-community/ror-updates/issues/33895,,Centro Especializado en Asesoramiento en Investigación en Ciencias del Comportamiento*es,active,education,Centro de Asesoramiento en Investigación*es,Centro Especializado en Asesoramiento en Investigación en Ciencias del Comportamiento*es,CENAMI*es,https://cenami.com.co,,cenami.com.co,2024,,,,,,,,,"Bogotá, D.C.",Colombia,3688689
https://github.com/ror-community/ror-updates/issues/37361,,Centre d'exploration fonctionnelle scientifique*fr,active,facility,UAR 2020*fr; UAR2020*fr,Centre d'exploration fonctionnelle scientifique*fr,CEFOS*fr,https://cesam-carto.univ-amu.fr/laboratoire/centre-dexploration-fonctionnelle-scientifique-cefos/,,cesam-carto.univ-amu.fr,2020,,,,,,,,,Marseille,France,2995469
https://github.com/ror-community/ror-updates/issues/37370,,Multi-ingénierie pour les systèmes vivants*fr,active,facility,UAR 2027*fr; US 60*fr; UAR2027*fr; US60*fr; MEP Centuri*en,Multi-ingénierie pour les systèmes vivants*fr; Multi-Engineering Platform for living systems*en,,https://centuri-livingsystems.org/multi-engineering-platform/,,,,,,,,,,,,Marseille,France,2995469
https://github.com/ror-community/ror-updates/issues/37372,,Marseille Immunology Biocluster*en,active,facility,,Marseille Immunology Biocluster*en,MIB-TECH*en,https://mibiocluster.com,,mibiocluster.com,,,,,,,,,,Marseille,France,2995469
https://github.com/ror-community/ror-updates/issues/38235,,Netaji Subhash Engineering College*en,active,education,,Netaji Subhash Engineering College*en; নেতাজী সুভাষ ইঞ্জিনিয়ারিং কলেজ*bn,NSEC*en,https://www.nsec.ac.in,https://en.wikipedia.org/wiki/Netaji_Subhash_Engineering_College,nsec.ac.in,1998,,,,,0000 0004 4676 8437,0000 0004 4676 8437,Q6998630,Q6998630,Kolkata,India,1275004
https://github.com/ror-community/ror-updates/issues/38352,,Raja Shri Krishna Dutt PG College*en,active,education,Raja Shri Krishna Dutt Post Graduate College*en; RSKD PG College*en,Raja Shri Krishna Dutt PG College*en; राजा श्री कृष्ण दत्त स्नातकोत्तर महाविद्यालय*hi,RSKD*en,https://rskdpgcollege.org,,rskdpgcollege.org,1959,,,,,,,,,Jaunpur,India,1269135
https://github.com/ror-community/ror-updates/issues/38176,,Le LAMA*fr,active,facility,UMR5127*fr; UMR 5127*fr; Laboratoire de Mathématiques*fr; LAMA -Laboratoire de Mathématiques*fr,Le LAMA*fr; Mathematics Laboratory of Savoie Mont Blanc University*en,LAMA*fr,http://www.lama.univ-savoie.fr,,,2001,,,,,,,,,Le Bourget Du Lac,France,3005081
https://github.com/ror-community/ror-updates/issues/38350,,St. Xavier's College*en,active,education,"St. Xavier's College, Thumba*en",St. Xavier's College*en,,https://stxaviersthumba.ac.in,"https://en.wikipedia.org/wiki/St._Xavier%27s_College,_Thumba",stxaviersthumba.ac.in,1964,,,,,,,Q24944066,Q24944066,Thiruvananthapuram,India,1254163
https://github.com/ror-community/ror-updates/issues/38326,,Swarnandhra College of Engineering and Technology*en,active,education,Swarnandhra College of Engineering & Technology*en,Swarnandhra College of Engineering and Technology*en,SCET*en,https://www.swarnandhra.ac.in,,swarnandhra.ac.in,2001,,,,,0000 0004 6093 5190,0000 0004 6093 5190,Q92389080,Q92389080,Narsapur,India,1445901
https://github.com/ror-community/ror-updates/issues/38323,,"D.B.S. (P.G.) College, Dehradun*en",active,education,D.B.S. (P.G.) College*en; D.B.S. Post-Graduate College*en; D.B.S. (Post-Graduate) College*en; Dayanand Brijendra Swarup (Post-Graduate) College*en,"D.B.S. (P.G.) College, Dehradun*en",,https://www.dbscollegedehradun.ac.in,,dbscollegedehradun.ac.in,1961,,,,,,,,,Dehradun,India,1273313
https://github.com/ror-community/ror-updates/issues/38318,,Santipur College*en,active,education,,Santipur College*en,,https://santipurcollege.ac.in,https://en.wikipedia.org/wiki/Santipur_College,santipurcollege.ac.in,1948,,,,,,,Q7420443,Q7420443,Santipur,India,1256639
https://github.com/ror-community/ror-updates/issues/38156,,Unité Support aux Études Aréales*fr,active,facility,UAR2999*fr ;UAR 2999*fr,Unité Support aux Études Aréales*fr,,https://etudes-areales.cnrs.fr,,,2021,,,,,,,,,Aubervilliers,France,3036386
https://github.com/ror-community/ror-updates/issues/38153,,Documentation et Publications de l'Institut des Civilisations du Collège de France*fr,active,facility,UAR2409*fr; UAR 2409*fr; Institut des Civilisations*fr,Documentation et Publications de l'Institut des Civilisations du Collège de France*fr,DPIC*fr,https://www.college-de-france.fr/fr/recherche/institut-des-civilisations,,,2022,,,,,,,,,Paris,France,2988507
https://github.com/ror-community/ror-updates/issues/38249,,Priyadarshini College of Engineering*en,active,education,"Priyadarshini Coll. Eng.*en; Priyadarshini College of Engineering, Nagpur*en",Priyadarshini College of Engineering*en; كلية بريادارشيني للهندسة*ar,PCE*en,https://pcenagpur.edu.in,https://ar.wikipedia.org/wiki/%D9%83%D9%84%D9%8A%D8%A9_%D8%A8%D8%B1%D9%8A%D8%A7%D8%AF%D8%A7%D8%B1%D8%B4%D9%8A%D9%86%D9%8A_%D9%84%D9%84%D9%87%D9%86%D8%AF%D8%B3%D8%A9,pcenagpur.edu.in,1990,,,,,0000 0004 1767 2583,0000 0004 1767 2583,Q7246487,Q7246487,Nagpur,India,1262180
https://github.com/ror-community/ror-updates/issues/38243,,Vijaygarh Jyotish Ray College*en,active,education,,Vijaygarh Jyotish Ray College*en; বিজয়গর জ্যোতিষ রায় কলেজ*bn,VJRC*en,https://www.vijaygarhjrcollege.com,https://en.wikipedia.org/wiki/Vijaygarh_Jyotish_Ray_College,vijaygarhjrcollege.com,1950,,,,,0000 0004 7478 9155,0000 0004 7478 9155,Q7929314,Q7929314,Kolkata,India,1275004
https://github.com/ror-community/ror-updates/issues/38151,,Appui à la Recherche et à la Diffusion des Savoirs*fr,active,facility,UAR2259*fr; UAR 2259*fr,Appui à la Recherche et à la Diffusion des Savoirs*fr,ARDIS*fr,https://ardis-ups2259.cnrs.fr,,ardis-ups2259.cnrs.fr,2021,,,,,,,Q51782851,Q51782851,Villejuif,France,2968705
https://github.com/ror-community/ror-updates/issues/38146,,Spectrométrie de Masse Biologique et Protéomique*fr,active,facility,UAR2051*fr; UAR 2051*fr,Spectrométrie de Masse Biologique et Protéomique*fr,SMBP ESPCI*fr,https://www.smbp.espci.fr/,,,2025,,,,,,,,,Paris,France,2988507
https://github.com/ror-community/ror-updates/issues/38103,,Institut Franco-Uruguayen de Mathématiques et leurs Interactions*fr,active,facility,IRL2030*fr; IRL 2030*fr,Institut Franco-Uruguayen de Mathématiques et leurs Interactions*fr,IFUMI*fr,https://irl-ifumi.apps.math.cnrs.fr,,,2024,,,,,,,,,Montevideo,Urugay,3441575
https://github.com/ror-community/ror-updates/issues/38242,,Government College of Engineering and Leather Technology*en,active,education,Government College of Engineering & Leather Technology*en,Government College of Engineering and Leather Technology*en; গভর্নমেন্ট কলেজ অফ ইঞ্জিনিয়ারিং অ্যান্ড লেদার টেকনোলজি*bn,GCELT*en,https://gcelt.gov.in,https://en.wikipedia.org/wiki/Government_College_of_Engineering_and_Leather_Technology,gcelt.gov.in,1919,,,,,0000 0004 0468 6126,0000 0004 0468 6126,Q5588754,Q5588754,Kolkata,India,1275004
https://github.com/ror-community/ror-updates/issues/38562,,Dr. Gilles Arcand Centre for Health Equity*en,active,other,Arcand Centre*en,Dr. Gilles Arcand Centre for Health Equity*en,,https://www.arcandcentre.ca,,arcandcentre.ca,2021,,,,,,,,,Thunder Bay,Canada,6166142
https://github.com/ror-community/ror-updates/issues/38524,,Rockwool Foundation Berlin*en,active,education,RFBerlin*en,Rockwool Foundation Berlin*en,RFB*en,https://www.rfberlin.com,,rfberlin.com,,,,,,,,,,Berlin,Germany,2950159
https://github.com/ror-community/ror-updates/issues/38519,,Institute for Molecular Bioscience*en,active,facility; funder,,Institute for Molecular Bioscience*en,IMB*en,https://imb.uq.edu.au,https://en.wikipedia.org/wiki/Institute_for_Molecular_Bioscience,uq.edu.au,2004,501100014711,501100014711,,,,,Q22032111,Q22032111,Brisbane,Australia,2174003
https://github.com/ror-community/ror-updates/issues/38464,,Prefeitura Municipal de Uberaba*pt,active,government,Prefeitura de Uberaba*pt,Prefeitura Municipal de Uberaba*pt,PMU*pt,https://portal.uberaba.mg.gov.br,,uberaba.mg.gov.br,,,,,,,,Q56450073,Q56450073,Uberaba,Brazil,3445839
https://github.com/ror-community/ror-updates/issues/38462,,Servicio Extremeño de Salud*es,active,government,,Servicio Extremeño de Salud*es; Extremadura HealthCare System*en,SES*es,https://saludextremadura.ses.es/web/inicio,https://es.wikipedia.org/wiki/Servicio_Extreme%C3%B1o_de_Salud,salud-juntaex.es; saludextremadura.ses.es,2001,,,,,0000 0001 0805 9160,0000 0001 0805 9160,Q6126026,Q6126026,Mérida,Spain,2513917
https://github.com/ror-community/ror-updates/issues/38393,,"Fakultät Verkehrswissenschaften ""Friedrich List""*de",active,education,,"Fakultät Verkehrswissenschaften ""Friedrich List""*de",,https://tu-dresden.de/bu/verkehr,,tu-dresden.de,1992,,,,,,,,,Dresden,Germany,2935022
https://github.com/ror-community/ror-updates/issues/39151,,Fundación IVI*es,active,nonprofit,Fundación IVI para el Estudio de la Reproducción Humana*es,Fundación IVI*es; IVI Foundation*en,FIVIER*es,https://iviglobaleducation.com,,iviglobaleducation.com,1997,,,,,,,,,Valencia,Spain,2509954
https://github.com/ror-community/ror-updates/issues/39150,,Institut Strauss*fr,active,healthcare,Centre Paul Strauss*fr; Centre de Lutte contre le Cancer Paul Strauss*fr,Institut Strauss*fr; Institut public de Cancérologie Strauss Europe*fr,,https://www.institut-strauss.fr,,institut-strauss.fr,1923,,,,,,,Q89798279,Q89798279,Strasbourg,France,2973783
https://github.com/ror-community/ror-updates/issues/36936,,Krishi Vigyan Kendra*en,active,government,"Krishi Vigyan Kendra Narayangaon, Pune, Maharashtra*en",Krishi Vigyan Kendra*en,,https://www.kvknarayangaon.in,,kvknarayangaon.in,2011,,,,,,,,,"Narayangaon, Pune, Maharashtra",India,1261830
https://github.com/ror-community/ror-updates/issues/37217,,Centre for Study and Research*en,active,nonprofit,CSR India*en; Centre for Study and Research (CSR)*en; Centre for Study and Research India*en,Centre for Study and Research*en,CSR*en,https://www.csrindia.in,,csrindia.in,2016,,,,,,,,,New Delhi,India,1261481
https://github.com/ror-community/ror-updates/issues/37283,,CARE School of Architecture*en,active,education,,CARE School of Architecture*en,CSOA*en,https://care.ac.in/architecture,,care.ac.in,2010,,,,,0000 0005 2415 3201,0000 0005 2415 3201,,,Tiruchirappalli,India,1254388
https://github.com/ror-community/ror-updates/issues/38261,,"Bapurao Deshmukh College of Engineering, Sevagram*en",active,education,Bapurao Deshmukh College of Engineering*en; BDCE*en,"Bapurao Deshmukh College of Engineering, Sevagram*en",BDCES*en,http://www.bdce.edu.in,,bdce.edu.in,1983,,,,,,,Q30634702,Q30634702,Sevagram,India,1256780
https://github.com/ror-community/ror-updates/issues/38281,,Dr. B.C. Roy Engineering College*en,active,education,Dr. B. C. Roy Engineering College*en; Dr BC Roy Engineering College*en,Dr. B.C. Roy Engineering College*en,BCREC*en,https://www.bcrec.ac.in,"https://sat.wikipedia.org/wiki/%E1%B1%B0%E1%B1%A8_%E1%B1%B5%E1%B1%A4_%E1%B1%A5%E1%B1%A4_%E1%B1%A8%E1%B1%9A%E1%B1%AD_%E1%B1%A4%E1%B1%A7%E1%B1%A1%E1%B1%A4%E1%B1%B1%E1%B1%A4%E1%B1%AD%E1%B1%9A%E1%B1%A8%E1%B1%A4%E1%B1%9D_%E1%B1%A0%E1%B1%9A%E1%B1%9E%E1%B1%AE%E1%B1%A1%E1%B1%BD,_%E1%B1%AB%E1%B1%A9%E1%B1%A8%E1%B1%9C%E1%B1%9F%E1%B1%AF%E1%B1%A9%E1%B1%A8",bcrec.ac.in,2000,,,,,0000 0004 1774 1286,0000 0004 1774 1286,Q5303969,Q5303969,Durgapur,India,1272175
https://github.com/ror-community/ror-updates/issues/38397,,GRIS-Montréal*fr,active,nonprofit,Groupe de recherche et d'intervention sociale de Montréal*fr,GRIS-Montréal*fr,GRIS*fr,https://www.gris.ca,,gris.ca,1994,,,,,,,Q124518282,Q124518282,Montréal,Canada,6077243
https://github.com/ror-community/ror-updates/issues/38872,,Istituto per la Ricerca Scientifica e Tecnologica*it,inactive,facility,Istituto Trentino di Cultura - Centro per la Ricerca Scientifica e Tecnologica*it;Centro per la Ricerca Scientifica e Tecnologica*it,Istituto per la Ricerca Scientifica e Tecnologica*it,IRST*it;ITC-IRST*it,,,,1976,,,,,,,,,Trento,Italy,3165243
https://github.com/ror-community/ror-updates/issues/38871,,FBK Center for Materials and Microsystems*en,inactive,facility,Center for Materials and Microsystems*en;Fondazione B. Kessler - Center for Materials and Microsystems*en,FBK Center for Materials and Microsystems*en; Centro Materiali e Microsistemi*it,CMM*en;FBK-CMM*en,,,,2007,,,,,,,,,Trento,Italy,3165243
https://github.com/ror-community/ror-updates/issues/38811,,Groupement Hospitalier Intercommunal du Vexin*fr,Inactive,healthcare,,Groupement Hospitalier Intercommunal du Vexin*fr,GHIV*fr,,,,2011,,,,,,,,,Magny-en-Vexin,France,2996764
https://github.com/ror-community/ror-updates/issues/38810,,Groupe Hospitalier Carnelle Portes de l’Oise*fr,active,healthcare,,Groupe Hospitalier Carnelle Portes de l’Oise*fr,GHCPO*fr,,,,2015,,,,,,,,,Beaumont-sur-Oise,France,3034141
https://github.com/ror-community/ror-updates/issues/38808,,“Tribhuvan” Sahkari University*en,active,education,Tribhuvan Sahkari University*en,“Tribhuvan” Sahkari University*en,TSU*en,https://tsu.ac.in,,tsu.ac.in,2025,,,,,,,,,Anand,India,1278685
https://github.com/ror-community/ror-updates/issues/38794,,Touro Infirmary*en,active,healthcare,Touro*en,Touro Infirmary*en,,https://www.lcmchealth.org/touro/,,,1852,,,,,,,,,New Orleans,United States,4335045
https://github.com/ror-community/ror-updates/issues/38793,,The Running Clinic*en,active,company,,The Running Clinic*en; La Clinique Du Coureur*fr,,https://therunningclinic.com/,,therunningclinic.com,2008,,,,,,,,,Lac-Beauport,Canada,8593821
https://github.com/ror-community/ror-updates/issues/38792,,Innovations in Dementia Community Interest Company*en,active,nonprofit,Innovations in Dementia*en;Innovations in Dementia CIC*en,Innovations in Dementia Community Interest Company*en,,https://www.innovationsindementia.org.uk,,innovationsindementia.org.uk,2007,,,,,,,,,Exeter,United Kingdom,2649808
https://github.com/ror-community/ror-updates/issues/38553,,Vinmec Nha Trang Hospital*en,active,healthcare,Vinmec Nhatrang Hospital*en;Vinmec Nha Trang International Hospital*en;Vinmec Nhatrang International Hospital*en;Vinmec Nha Trang General Hospital*en,Vinmec Nha Trang Hospital*en; Bệnh viện Đa khoa Quốc tế Vinmec Nha Trang*vi,,https://www.vinmec.com/eng/hospital/vinmec-nha-trang-hospital-1,,,2016,,,,,,,,,Nha Trang,Vietnam,1572151
https://github.com/ror-community/ror-updates/issues/38537,,Pacific Islands Climate Adaptation Science Center*en,active,facility; funder,Pacific Islands CASC*en;Pacific Islands Climate Science Center*en,Pacific Islands Climate Adaptation Science Center*en,PI-CASC*en,https://pi-casc.soest.hawaii.edu,,pi-casc.soest.hawaii.edu,2012,100032023,100032023,,,,,,,Honolulu,United States,5856195
https://github.com/ror-community/ror-updates/issues/38536,,Northwest Climate Adaptation Science Center*en,active,facility; funder,Northwest CASC*en;Northwest Climate Science Center*en,Northwest Climate Adaptation Science Center*en,NW CASC*en;NW CSC*en,https://nwcasc.uw.edu,,nwcasc.uw.edu,2010,,,,,,,,,Seattle,United States,5809844
https://github.com/ror-community/ror-updates/issues/38535,,Midwest Climate Adaptation Science Center*en,active,facility; funder,Midwest CASC*en,Midwest Climate Adaptation Science Center*en,MW CASC*en,https://mwcasc.umn.edu,,mwcasc.umn.edu,2021,,,,,,,,,St. Paul,United States,5045360
https://github.com/ror-community/ror-updates/issues/38534,,National Climate Adaptation Science Center*en,active,facility; funder,National CASC*en;National Climate Change and Wildlife Science Center*en,National Climate Adaptation Science Center*en,NCASC*en;NCCWSC*en,https://www.usgs.gov/programs/climate-adaptation-science-centers/national-casc-0,,,2010,,,,,,,,,Reston,United States,4781530
https://github.com/ror-community/ror-updates/issues/38497,,State Key Laboratory of Hollow Fiber Membrane Materials and Processes*en,active,facility; funder,"Key Laboratory of Hollow Fiber Membrane Materials and Membrane Processes, Ministry of Education*en;State Key Laboratory of Hollow Fiber Membrane Materials and Processes, TJPU*en",State Key Laboratory of Hollow Fiber Membrane Materials and Processes*en; State Key Laboratory of Hollow Fiber Membrane Materials and Processes*en;中空纤维膜材料与膜过程教育部重点实验室*zh,,https://www.tiangong.edu.cn/2020/0724/c6223a55216/page.htm,,,2003,501100011278,501100011278,,,,,,,Tianjin,China,1792947
