html_url,id,names.types.ror_display,status,types,names.types.alias,names.types.label,names.types.acronym,links.type.website,links.type.wikipedia,domains,established,external_ids.type.fundref.all,external_ids.type.fundref.preferred,external_ids.type.grid.all,external_ids.type.grid.preferred,external_ids.type.isni.all,external_ids.type.isni.preferred,external_ids.type.wikidata.all,external_ids.type.wikidata.preferred,city,country,locations.geonames_id
https://github.com/ror-community/ror-updates/issues/34550,https://ror.org/059wmd288,,,,,,,replace==https://www.unach.edu.ec,,replace==unach.edu.ec,,,,,,,,,,,,
https://github.com/ror-community/ror-updates/issues/35355,https://ror.org/051f3f740,,,,,add==Ecology and Biology of Interactions*en,,,,,,,,,,,,add==Q30267160,replace==Q30267160,,,
https://github.com/ror-community/ror-updates/issues/35358,https://ror.org/02p2rk609,,,,,add==Laboratory of Mathematics and Applications*en,add==LMA*fr,replace==https://laboratoire-mathematiques-univ-poitiers.apps.math.cnrs.fr,,,,,,,,add==0000 0004 0641 2129,replace==0000 0004 0641 2129,,,,,
https://github.com/ror-community/ror-updates/issues/35455,https://ror.org/02dx8kd29,"replace==Institut za zdravstvenu zaštitu majke i deteta Srbije ""Dr Vukan Čupić""*sr",,,replace==Institut za Zdravstvenu Zastitu Majke i Deteta*sr,"replace==Institut za zdravstvenu zaštitu majke i deteta Srbije ""Dr Vukan Čupić""*sr;Институт за здравствену заштиту мајке и детета Србије ,,Др Вукан Чупић’’*sr",add==IMD*sr,replace==https://www.imd.org.rs,,replace==imd.org.rs,add==1950,,,,,,,,,,,replace==792680
https://github.com/ror-community/ror-updates/issues/36525,https://ror.org/011xg1225,,,,,,,,,,,,,,,,,,,,,
https://github.com/ror-community/ror-updates/issues/38056,https://ror.org/02rtsfd15,,,,replace==Université des Sciences de l'Education Freiburg*fr,,,,,,,,,,,,,,,,,
https://github.com/ror-community/ror-updates/issues/38073,https://ror.org/02vhd9c58,,,,add==Alauddin State Islamic University*en;State Islamic University Alauddin Makassar*en;State Islamic University of Alauddin*en;State Islamic University Alauddin*en;Islamic State University of Alauddin Makassar*en;Universitas Islam Negeri Alauddin*id;UIN Alauddin*id,,add==UINAM*id,,,,,,,,,,,,,,,
https://github.com/ror-community/ror-updates/issues/38083,https://ror.org/041y1ze96,,,,,,replace==LiSRI*en,,,,,,,,,,,,,,,
https://github.com/ror-community/ror-updates/issues/34217,https://ror.org/04pzgb662,replace==Scarborough Health Network*en,,,replace==The Scarborough Hospital*en;Scarborough Hospital*en;Scarborough General Hospital*en,replace==Scarborough Health Network*en,replace==SHN*en,replace==http://www.shn.ca,,replace==shn.ca,,,,,,,,,,,,
https://github.com/ror-community/ror-updates/issues/34177,https://ror.org/033ntwq47,,,,,,,replace==http://www.kgpa.org.ua,,replace==kgpa.org.ua,,,,,,,,,,,,
https://github.com/ror-community/ror-updates/issues/34153,https://ror.org/03x2m4d16,,,,,,,replace==https://www2.trunojoyo.ac.id,,,,,,,,,,,,,,
https://github.com/ror-community/ror-updates/issues/34141,https://ror.org/01b7ggh82,replace==Universiti Islam Melaka*id,,,replace==Kolej Universiti Islam Melaka*ms;University College of Islam Melaka*en,replace==Universiti Islam Melaka (UNIMEL),,replace==https://unimel.edu.my,,replace==unimel.edu.my,,,,,,,,,,,,
https://github.com/ror-community/ror-updates/issues/34134,https://ror.org/059djzq42,,,,,,,,,,,,,,,,,,,,,replace==1922014
https://github.com/ror-community/ror-updates/issues/34123,https://ror.org/05vr9w866,replace==Universidad Latinoamericana de Ciencia y Tecnología*es,,,delete,,,replace==https://ulacit.ac.cr,,replace==ulacit.ac.cr,,,,,,,,,,,,replace==3621849
https://github.com/ror-community/ror-updates/issues/34111,https://ror.org/05wswj918,,,,,,add==EK-CER;ELKH CER;ELKH EK;HUN-REN CER;HUN-REN EK;MTA CER,,,,,,,,,,,,,,,
https://github.com/ror-community/ror-updates/issues/34107,https://ror.org/00k01kt20,,replace==inactive,,,,,,,,,,,,,,,,,,,
https://github.com/ror-community/ror-updates/issues/38378,https://ror.org/01j7tpx52,,replace==inactive,,,,,,,,,,,,,,,,,,,
https://github.com/ror-community/ror-updates/issues/38379,https://ror.org/052v1k340,,replace==inactive,,,,,,,,,,,,,,,,,,,
https://github.com/ror-community/ror-updates/issues/38380,https://ror.org/01xqxbt36,,replace==inactive,,,,,,,,,,,,,,,,,,,
https://github.com/ror-community/ror-updates/issues/38381,https://ror.org/01wtq2m33,,replace==inactive,,,,,,,,,,,,,,,,,,,
https://github.com/ror-community/ror-updates/issues/38382,https://ror.org/01vyraz80,,replace==inactive,,,,,,,,,,,,,,,,,,,
https://github.com/ror-community/ror-updates/issues/38383,https://ror.org/01fgq8278,,replace==inactive,,,,,,,,,,,,,,,,,,,
https://github.com/ror-community/ror-updates/issues/38384,https://ror.org/03j3jr069,,replace==inactive,,,,,,,,,,,,,,,,,,,
https://github.com/ror-community/ror-updates/issues/38385,https://ror.org/04d9v0a44,,replace==inactive,,,,,,,,,,,,,,,,,,,
https://github.com/ror-community/ror-updates/issues/38386,https://ror.org/003dgzf80,,replace==inactive,,,,,,,,,,,,,,,,,,,
https://github.com/ror-community/ror-updates/issues/38387,https://ror.org/01ep09b46,,replace==inactive,,,,,,,,,,,,,,,,,,,
https://github.com/ror-community/ror-updates/issues/34105,https://ror.org/0253ddj72,replace==American Cement Association*en,,replace==nonprofit,replace==Portland Cement Association*en,replace==American Cement Association*en,add==ACA*en,,,add==cement.org,,,,,,,,add==Q28226171,replace==Q28226171,,,
https://github.com/ror-community/ror-updates/issues/34082,https://ror.org/03dez2856,,,,,,,replace==https://ienergy.kyiv.ua,,replace==ienergy.kyiv.ua,,,,,,,,,,,,
https://github.com/ror-community/ror-updates/issues/34075,https://ror.org/00jkkm943,,,,,,,,,,,,,,,,,,,,,
https://github.com/ror-community/ror-updates/issues/34073,https://ror.org/00jkkm943,,,,,,,,,,,,,,,,,,,,,
https://github.com/ror-community/ror-updates/issues/34085,https://ror.org/02kcbn207,,,,,,,,,replace==imec-int.com;imec.be,,,,,,,,,,,,
https://github.com/ror-community/ror-updates/issues/34080,https://ror.org/01g2xkw11,replace==ISLA Santarém - Instituto Politécnico*pt,,,replace==Instituto Superior de Gestão e Administração de Santarém*pt;ISLA Santarém*pt,replace==ISLA Santarém - Instituto Politécnico*pt,replace==ISLA*pt,,,,,,,,,,,,,,,
https://github.com/ror-community/ror-updates/issues/34078,https://ror.org/02ad08x68,,,,add==ISLA Gaia;ISLA Gaia - Instituto Politécnico de Gestão e Tecnologia*pt;Instituto Politécnico de Gestão e Tecnologia Gaia*pt;Instituto Superior de Línguas e Administração de Vila Nova de Gaia*pt,,add==ISLA-IPGT*pt,,,,,,,,,,,add==Q130537832,replace==Q130537832,,,
https://github.com/ror-community/ror-updates/issues/34061,https://ror.org/02ahky613,,,,,delete==Northeastern University*en,,,,,,,,,,,,,,,,
https://github.com/ror-community/ror-updates/issues/34118,https://ror.org/00ccec020,,,,,,,replace==https://www.unoeste.br,,replace==unoeste.br,,,,,,,,,,,,
https://github.com/ror-community/ror-updates/issues/34259,https://ror.org/01wz97s39,,,add==facility,,,,replace==https://www.senckenberg.de/en/research/institutes-overview/sf/,,,,,,,,,,,,,,
https://github.com/ror-community/ror-updates/issues/34140,https://ror.org/03pqf0084,replace==International University Institute (IHI) Zittau*en,,,add==IHI Zittau*de;Internationales Hochschulinstitut*de;International University Institute*en;International Graduate School Zittau*en;Internationales Hochschulinstitut Zittau*de;Geschichte des Internationalen Hochschulinstituts (IHI) Zittau*de,replace==International University Institute (IHI) Zittau*en;Internationales Hochschulinstitut (IHI) Zittau*de,,replace==[https://tu-dresden.de/ihi-zittau](https://tu-dresden.de/ihi-zittau),,,,,,,,add==0000 0001 0272 0405,add==0000 0001 0272 0405,add==Q1667749,add==Q1667749,,,
https://github.com/ror-community/ror-updates/issues/34482,https://ror.org/00zydn239,,replace==inactive,,,,,,,,,,,,,,,,,,,
https://github.com/ror-community/ror-updates/issues/34440,https://ror.org/04020mn90,replace==Flyttr Ltd (United Kingdom),,,replace==Oxitec;Oxitec Ltd,replace==Flyttr Ltd (United Kingdom);Flyttr Ltd;Flyttr,,,,,,,,,,,,,,,,
https://github.com/ror-community/ror-updates/issues/34448,https://ror.org/02n9z0v62,,,,add==Amity University Online*en,,,,,add==amityonline.com,,,,,,,,,,,,
https://github.com/ror-community/ror-updates/issues/34403,https://ror.org/05ech9204,replace==St. John Fisher University*en,,,,replace==St. John Fisher University*en;St. John Fisher College*en,add==SJF*en,replace==https://www.sjf.edu,,replace==sjf.edu;sjfc.edu,,,,,,,,,,,,
https://github.com/ror-community/ror-updates/issues/34393,https://ror.org/02dveg925,,,,add==University M'hamed Bougara of Boumerdes*en;M'hamed Bougara University of Boumerdès*en,replace==Université de Boumerdes*fr;University of Boumerdes*en;جامعة امحمد بوڤرة بومرداس*ar,,replace==https://www.univ-boumerdes.dz,,replace==univ-boumerdes.dz,,,,,,,,add==Q27961625,replace==Q27961625,,,
https://github.com/ror-community/ror-updates/issues/34391,https://ror.org/02scvmk68,,,,,,,,,,,,,,,,,,,,,
https://github.com/ror-community/ror-updates/issues/34361,https://ror.org/05983b311,,,,,,,,,,,,,,,,,,,,,replace==1854487
https://github.com/ror-community/ror-updates/issues/34356,https://ror.org/01ejxf797,,,,,,,replace==https://www.ump.ma,,replace==ump.ma,,,,,,,,,,,,
https://github.com/ror-community/ror-updates/issues/34354,https://ror.org/05kbmmt89,replace==Institut Teknologi Sepuluh Nopember*id,,,,,,,,,,,,,,,,,,,,
https://github.com/ror-community/ror-updates/issues/34349,https://ror.org/02n2syw04,,,,,,,replace==https://icarda.org,,replace==icarda.org,,,,,,,,,,,,replace==276781
https://github.com/ror-community/ror-updates/issues/34328,https://ror.org/04cxm4j25,,,,,,,,,,,,,,,,,,,,,replace==2154855
https://github.com/ror-community/ror-updates/issues/34298,https://ror.org/01cwqb692,replace==Middle Georgia State University*en,,,add==Middle Georgia State College*en,replace==Middle Georgia State University*en,,,,,,,,,,,,,,,,
https://github.com/ror-community/ror-updates/issues/34296,https://ror.org/00b25kb57,,,,,,,,,,,,,,,,,add==Q114404,replace==Q114404,,,
https://github.com/ror-community/ror-updates/issues/34294,https://ror.org/05cew4a83,replace==Brookfield Zoo Chicago*en,,,replace==Chicago Zoological Society*en;Brookfield Zoo*en;Chicago Zoological Park*en,replace==Brookfield Zoo Chicago*en,,replace==https://www.brookfieldzoo.org,,replace==brookfieldzoo.org,,,,,,,,,,,,
https://github.com/ror-community/ror-updates/issues/34293,https://ror.org/031d6ey43,replace==University of Skills Training and Entrepreneurial Development*en,,,add==Akenten Appiah-Menka University of Skills Training and Entrepreneurial Development*en,replace==University of Skills Training and Entrepreneurial Development*en,,replace==https://usted.edu.gh,,replace==usted.edu.gh,,,,,,,,,,,,
https://github.com/ror-community/ror-updates/issues/34288,https://ror.org/0555ezg60,replace==Huai'an University*en,,,add==Huaiyin Institute of Technology*en;淮阴工学院*zh,replace==Huai'an University*en;淮安大学*zh,,replace==https://www.hau.edu.cn,,replace==hau.edu.cn,,,,,,,,,,,,
https://github.com/ror-community/ror-updates/issues/34287,https://ror.org/04trzn023,replace==Beijing Academy of Agriculture and Forestry Sciences*en,,,,replace==Beijing Academy of Agriculture and Forestry Sciences*en;北京市农林科学院*zh,,replace==https://www.baafs.net.cn,,replace==baafs.net.cn,,,,,,,,,,,,
https://github.com/ror-community/ror-updates/issues/34275,https://ror.org/05e5waw95,replace==Elmhurst University*en,,,replace==Elmhurst College*en,replace==Elmhurst University*en,,replace==https://www.elmhurst.edu,,replace==elmhurst.edu,,,,,,,,,,,,
https://github.com/ror-community/ror-updates/issues/34272,https://ror.org/028gydn91,replace==Universidad Nacional San Luis Gonzaga*es,,,,,,replace==https://www.unica.edu.pe,,replace==unica.edu.pe,,,,,,,,,,,,
https://github.com/ror-community/ror-updates/issues/34266,https://ror.org/0300pwe30,,,,,,,replace==https://www.aslcittaditorino.it/strutture_sanitarie/ospedale-giovanni-bosco/,,,,,,,,,,,,,,
https://github.com/ror-community/ror-updates/issues/34261,https://ror.org/03ffdsr55,,replace==inactive,,,,,,,,,,,,,,,,,,,
https://github.com/ror-community/ror-updates/issues/38477,https://ror.org/037v7q628,,replace==withdrawn,,,,,,,,,,,,,,,,,,,
https://github.com/ror-community/ror-updates/issues/38479,https://ror.org/00fwb7q78,,replace==inactive,,,,,,,,,,,,,,,,,,,
https://github.com/ror-community/ror-updates/issues/38478,https://ror.org/00kr2xk21,,replace==inactive,,,,,,,,,,,,,,,,,,,
https://github.com/ror-community/ror-updates/issues/38480,https://ror.org/03sv4qz18,,replace==withdrawn,,,,,,,,,,,,,,,,,,,
https://github.com/ror-community/ror-updates/issues/38483,https://ror.org/02faq6h04,replace==AIR Water Inc. (Japan),,,replace==AIR Water,replace==AIR Water Inc. (Japan);AIR Water Inc.;エア・ウォーター株式会社*ja,,replace==https://www.awi.co.jp,,replace==awi.co.jp,,,,,,,,,,,,
https://github.com/ror-community/ror-updates/issues/38486,https://ror.org/059kwsq98,,replace==withdrawn,,,,,,,,,,,,,,,,,,,
https://github.com/ror-community/ror-updates/issues/38487,https://ror.org/00mqz3v51,replace==AMBiS Corp. (Japan),,,"replace==AMBiS Corporation*en;Advanced Medical Biological Science Institute Co., Ltd.*en;Advanced Medical Biological Science Institute*en;株式会社先端医学生物科学研究所*ja",replace==AMBiS Corp. (Japan);AMBiS Corp.;株式会社AMBiS*ja,,,,,,,,,,,,,,,,
https://github.com/ror-community/ror-updates/issues/38489,https://ror.org/03t9z1b27,,replace==inactive,,,,,,,,,,,,,,,,,,,
https://github.com/ror-community/ror-updates/issues/38488,https://ror.org/034de1n65,,replace==inactive,,,,,,,,,,,,,,,,,,,
https://github.com/ror-community/ror-updates/issues/38490,https://ror.org/03ejz0s07,,replace==inactive,,,,,,,,,delete==501100010434,delete==501100010434,,,,,,,,,
https://github.com/ror-community/ror-updates/issues/38491,https://ror.org/01mv6bt66,,replace==inactive,,,,,,,,,,,,,,,,,,,
https://github.com/ror-community/ror-updates/issues/38492,https://ror.org/02vm0w635,,,,,,,,,,,,,,,,,,,,,
https://github.com/ror-community/ror-updates/issues/38494,https://ror.org/037zh7469,replace==Duoc UC*es,,,add==Departamento Universitario Obrero Campesino*es;Departamento Universitario Obrero y Campesino*es;Departamento Universitario Obrero Campesino de la Pontificia Universidad Católica de Chile*es;Fundación DuocUC*es;Fundación Instituto Profesional Duoc UC*es,replace==Duoc UC*es,add==DUOC*es,replace==https://www.duoc.cl,replace==https://es.wikipedia.org/wiki/Duoc_UC,replace==duoc.cl,replace==1968,,,,,,,,,,,
https://github.com/ror-community/ror-updates/issues/38495,https://ror.org/045g2r693,,replace==withdrawn,,,,,,,,,,,,,,,,,,,
https://github.com/ror-community/ror-updates/issues/37169,https://ror.org/024nbxn35,,,,,,,replace==https://www.jzu.edu.cn,,add==jzu.cn;jzu.edu.cn,,,,,,,,,,,,
https://github.com/ror-community/ror-updates/issues/38498,https://ror.org/03hpkvm21,,replace==inactive,,,,,,,,,,,,,,,,,,,
https://github.com/ror-community/ror-updates/issues/38499,https://ror.org/05gd0sr10,,,,"delete==State Key Laboratory of Hollow Fiber Membrane Materials and Processes*en;State Key Laboratory of Hollow Fiber Membrane Materials and Processes, TJPU*en;State Key Laboratory of Separation Membranes and Membrane Processes*en",delete==中空纤维膜材料与膜过程教育部重点实验室*zh,,,,,replace==2025,delete==501100011278,delete==501100011278,,,,,,,,,
https://github.com/ror-community/ror-updates/issues/38502,https://ror.org/04g0qhv21,,replace==withdrawn,,,,,,,,,delete,delete,,,,,,,,,
https://github.com/ror-community/ror-updates/issues/38501,https://ror.org/00hef7f20,replace==Finnish Transport Infrastructure Agency*en,,replace==government;funder,replace==Finnish Transport Agency*en;Liikennevirasto*fi;Trafikverket*sv,replace==Finnish Transport Infrastructure Agency*en;Väylävirasto*fi;Trafikledsverket*sv,replace==FTIA*en;FTA*en,replace==https://vayla.fi/en/frontpage,replace==https://en.wikipedia.org/wiki/Finnish_Transport_Infrastructure_Agency,replace==vayla.fi,,add==501100023631,replace==501100023631,,,,,,,,,
https://github.com/ror-community/ror-updates/issues/38513,https://ror.org/006a84f66,replace==Humane World for Animals*en,,replace==nonprofit;funder,"replace==Humane World for Animals, Inc.*en;Humane Society of the United States*en",replace==Humane World for Animals*en,replace==HSUS*en,replace==https://www.humaneworld.org,replace==https://en.wikipedia.org/wiki/Humane_World_for_Animals,replace==humaneworld.org,,,,,,,,,,,,
https://github.com/ror-community/ror-updates/issues/38514,https://ror.org/012p7nr71,replace==Humane World for Animals International*en,replace==inactive,,replace==Humane Society International*en;Humane World for Animals*en,replace==Humane World for Animals International*en,replace==HSI*en,,,,,,,,,,,,,,,
https://github.com/ror-community/ror-updates/issues/35384,https://ror.org/0590dv991,,,,,,,replace==https://www.arc.gov.sd,,replace==arc.gov.sd,,,,,,,,,,,,
https://github.com/ror-community/ror-updates/issues/38456,https://ror.org/0508wny29,,,,,,,replace==https://sesstim.univ-amu.fr,,,,,,,,,,add==Q30262423,replace==Q30262423,,,
https://github.com/ror-community/ror-updates/issues/38455,https://ror.org/05258q350,,,,,,,replace==https://www.mio.osupytheas.fr,,,,,,,,,,,,,,
https://github.com/ror-community/ror-updates/issues/38454,https://ror.org/02banhz78,,,,,,,replace==http://diade.ird.fr,,,,,,,,,,,,,,
https://github.com/ror-community/ror-updates/issues/38453,https://ror.org/00b80ez59,,,,add==UMR 111;UMR 122;UMR111;UMR122,,,,,,,,,,,,,add==Q61933033,replace==Q61933033,,,
https://github.com/ror-community/ror-updates/issues/38452,https://ror.org/00mryrd39,,,,,,add==PALOC*fr,,,,,,,,,,,,,,,
https://github.com/ror-community/ror-updates/issues/38451,https://ror.org/05j3atf73,,,,,,delete==UMR LOPS*fr,,,,,,,,,,,,,,,
https://github.com/ror-community/ror-updates/issues/38450,https://ror.org/02s56xp85,,,,add==IEES-Paris*fr,,,,,,,,,,,,,,,,,
https://github.com/ror-community/ror-updates/issues/38449,https://ror.org/023h4a821,,,,,,add==EPIMACT*fr,,,,,,,,,,,,,,,
https://github.com/ror-community/ror-updates/issues/38448,https://ror.org/001j26r80,,,,,,add==SECOPOL*fr,,,,,,,,,,,,,,,
https://github.com/ror-community/ror-updates/issues/38447,https://ror.org/05h929866,,,,,,,,,,,,,,,,,add==Q30262159,replace==Q30262159,,,
https://github.com/ror-community/ror-updates/issues/38446,https://ror.org/04gpe6h67,,,,,,,,,,,,,,,,,add==Q123032823,replace==Q123032823,,,
https://github.com/ror-community/ror-updates/issues/38445,https://ror.org/049dk3691,,,,,,,,,,,,,,,,,add==Q51782003,Q51782003,,,
https://github.com/ror-community/ror-updates/issues/38444,https://ror.org/01cah1n37,,,,,,,,,,,,,,,,,add==Q30261376,replace==Q30261376,,,
https://github.com/ror-community/ror-updates/issues/38443,https://ror.org/02vnq7240,,,,,,,,,,,,,,,,,add==Q3214374,replace==Q3214374,,,
https://github.com/ror-community/ror-updates/issues/38442,https://ror.org/01cf2sz15,,,,,,,,,,,,,,,add==0000 0004 5376 3722,replace==0000 0004 5376 3722,add==Q16964698,replace==Q16964698,,,
https://github.com/ror-community/ror-updates/issues/38441,https://ror.org/02844qe97,,,,,,,,,,,,,,,add==0000 0001 0658 9002,replace==0000 0001 0658 9002,,,,,
https://github.com/ror-community/ror-updates/issues/38440,https://ror.org/00357kh21,,,,,,,,,,,,,,,,,add==Q30261504,replace==Q30261504,,,
https://github.com/ror-community/ror-updates/issues/38439,https://ror.org/00aycez97,,,,,,,,,,,,,,,,,add==Q30262238,replace==Q30262238,,,
https://github.com/ror-community/ror-updates/issues/38438,https://ror.org/05deqk823,,,,,,,,,,,,,,,add==0000 0004 7645 5853,replace==0000 0004 7645 5853,,,,,
https://github.com/ror-community/ror-updates/issues/38437,https://ror.org/01pa4h393,,,,,,,,,,,,,,,,,add==Q51781308,replace==Q51781308,,,
https://github.com/ror-community/ror-updates/issues/38436,https://ror.org/05h7ddb14,,,,,,,,,,,,,,,,,add==Q22110485,replace==Q22110485,,,
https://github.com/ror-community/ror-updates/issues/38435,https://ror.org/05y5s3h28,,,add==facility,,,,,,,,,,,,add==0000 0005 2648 7256,replace==0000 0005 2648 7256,add==Q126208815,replace==Q126208815,,,
https://github.com/ror-community/ror-updates/issues/38434,https://ror.org/05fnxds15,,,,,,,,,,,,,,,,,add==Q51785350,replace==Q51785350,,,replace==935257
https://github.com/ror-community/ror-updates/issues/38433,https://ror.org/00rd22143,,,,,,,,,,,,,,,,,add==Q30262393,replace==Q30262393,,,
https://github.com/ror-community/ror-updates/issues/38432,https://ror.org/019df2r84,,,,,,,,,,,,,,,,,,,,,
https://github.com/ror-community/ror-updates/issues/38431,https://ror.org/00ss0a232,,,,,,,,,,,,,,,,,,,,,
https://github.com/ror-community/ror-updates/issues/38430,https://ror.org/026exgg05,,,,,,,,,,,,,,,,,,,,,
https://github.com/ror-community/ror-updates/issues/38429,https://ror.org/03v2c3v44,,,,,,,,,,,,,,,,,,,,,
https://github.com/ror-community/ror-updates/issues/38428,https://ror.org/05k07f122,,,,,add==Institut franco-argentin d'études sur le climat et ses impacts*fr,,,,,,,,,,add==0000 0005 2861 700X,replace==0000 0005 2861 700X,add==Q51783428,replace==Q51783428,,,
https://github.com/ror-community/ror-updates/issues/38043,https://ror.org/0518tra10,,,,,,,,,,,,,,,,,add==Q132803497,replace==Q132803497,,,
https://github.com/ror-community/ror-updates/issues/34572,https://ror.org/02aee5m12,,,,,delete==中国科学院遗传与发育生物学研究所农业资源研究中心*zh;add==中国科学院遗传与发育生物学研究所*zh,,replace==http://www.genetics.cas.cn,,replace==genetics.cas.cn,,,,,,,,,,,,
https://github.com/ror-community/ror-updates/issues/34569,https://ror.org/04mq2g308,,,,,,,,,,,,,,,,,add==Q693069,replace==Q693069,,,
https://github.com/ror-community/ror-updates/issues/34533,https://ror.org/00pwcvj19,replace==Staats- und Universitätsbibliothek Hamburg Carl von Ossietzky*de,,,replace==Staats- und Universitätsbibliothek Hamburg*de;Hamburg State and University Library*en;SUB Hamburg*de,replace==Staats- und Universitätsbibliothek Hamburg Carl von Ossietzky*de;Hamburg State and University Library Carl von Ossietzky*en,delete,,,,,,,,,,,,,,,
https://github.com/ror-community/ror-updates/issues/34525,https://ror.org/04kzdy639,,,,,,,replace==https://irmo.hr,,replace==irmo.hr,,,,,,,,,,,,replace==3186886
https://github.com/ror-community/ror-updates/issues/34506,https://ror.org/05waa5295,,,,,,,,,,,,,,,,,,,,,
https://github.com/ror-community/ror-updates/issues/35337,https://ror.org/00bhh3q35,replace==Ministère de l’Éducation*fr,,,"replace==Ministère de l’Éducation (Québec)*fr;Ministry of Education (Québec)*en;Ministry of Education, Recreation and Sports*en;Ministère de l’Éducation, de l'Enseignement supérieur*fr",replace==Ministère de l’Éducation*fr;Ministry of Education*en,,,,,,delete==501100004524,,,,,,,,,,
https://github.com/ror-community/ror-updates/issues/34497,https://ror.org/040baw385,replace==Centrale Méditerranée*fr,,,replace==Centrale Med*fr,replace==Centrale Méditerranée*fr;Centrale Marseille*fr;École Centrale de Marseille*fr,,,,,,,,,,,,,,,,
https://github.com/ror-community/ror-updates/issues/34494,https://ror.org/024ga3r86,,,,replace==University of Applied Sciences Mittweida*en,replace==Hochschule Mittweida*de;Mittweida University of Applied Sciences*en,,,,,,,,,,,,,,,,
https://github.com/ror-community/ror-updates/issues/34307,https://ror.org/02njbw696,,,,add==Univ. Simón Bolívar*es;Universidad Simon Bolivar*es;Universidad Simón Bolívar Colombia*es;Universidad Simón Bolívar Barranquilla*es;Universidad Simón Bolívar Cúcuta*es;USB Barranquilla*es;Unisimon*es;Universidad Simón Bolívar Sede Barranquilla*es,,,,,,,,,,,,,,,,,
https://github.com/ror-community/ror-updates/issues/34960,https://ror.org/055swm364,"replace==Laboratoire Matériaux, Optique, Photonique et Systèmes*fr",,,,"replace==Laboratoire Matériaux, Optique, Photonique et Systèmes*fr",,replace==https://lmops.univ-lorraine.fr,,,,,,,,,,,,,,
https://github.com/ror-community/ror-updates/issues/34959,https://ror.org/04yc2e502,"replace==Ingénierie Moléculaire, Cellulaire et Physiopathologie*fr",,,replace==Ingénierie Moléculaire et Physiopathologie Articulaire*fr;UMR 7365;UMR7365,"replace==Ingénierie Moléculaire, Cellulaire et Physiopathologie*fr",,replace==https://imopa.univ-lorraine.fr,,,,,,,,,,,,,,
https://github.com/ror-community/ror-updates/issues/34956,https://ror.org/00hvga705,,,,,,,replace==https://bhos.edu.az,,replace==bhos.edu.az,,,,,,,,,,,,
https://github.com/ror-community/ror-updates/issues/34940,https://ror.org/00r63rv29,,,,,,,,,,,,,,,,,,,,,replace==8582101
https://github.com/ror-community/ror-updates/issues/34926,https://ror.org/01cah1n37,,,,,,,,,,,,,,,,,add==Q30261376,replace==Q30261376,,,
https://github.com/ror-community/ror-updates/issues/34923,https://ror.org/02v1rsx93,,,,,,,,,,,,,,,,,add==Q7061114,replace==Q7061114,,,
https://github.com/ror-community/ror-updates/issues/34912,https://ror.org/00w93dg44,,replace==inactive,,,,,,,,,,,,,,,,,,,
https://github.com/ror-community/ror-updates/issues/34911,https://ror.org/0125yxn03,,replace==inactive,,,,,,,,,,,,,,,,,,,
https://github.com/ror-community/ror-updates/issues/34899,https://ror.org/02ht5pq60,,,,,replace==Kabul University*en;کابل پوهنتون*ps;پوهنتون کابل*fa,,,,,,,,,,,,,,,,
https://github.com/ror-community/ror-updates/issues/34894,https://ror.org/0232r4451,replace==SIU Medicine*en,,,replace==Southern Illinois University Medicine*en;Southern Illinois University School of Medicine*en,replace==SIU Medicine*en,,replace==https://www.siumed.edu,,add==siumed.edu,,,,,,,,,,,,
https://github.com/ror-community/ror-updates/issues/34857,https://ror.org/00f93gc02,,,,add==US Department of Energy Office of Critical Minerals and Energy Innovation Office of Energy Technology Transportation Technologies Office Vehicle Technologies Office*en,,,replace==https://www.energy.gov/cmei/vehicles/vehicle-technologies-office,,,,,,,,,,,,,,
https://github.com/ror-community/ror-updates/issues/34856,https://ror.org/05csy5p27,,,,add==US Department of Energy Office of Critical Minerals and Energy Innovation Office of Energy Technology Alternative Fuels and Feedstocks Office Hydrogen and Fuel Cell Technologies Office*en,,,replace==https://www.energy.gov/cmei/fuels/hydrogen-and-fuel-cell-technologies-office,,,,,,,,,,,,,,
https://github.com/ror-community/ror-updates/issues/34868,https://ror.org/00qywr187,,,,add==US Department of Energy Office of Nuclear Energy Idaho National Laboratory Nuclear Energy University Program *en,,,replace==https://neup.inl.gov,,,,,,,,,,,,,,
https://github.com/ror-community/ror-updates/issues/34849,https://ror.org/02xznz413,replace==Office of Critical Minerals and Energy Innovation*en,,,add==US Department of Energy Office of Critical Minerals and Energy Innovation*en;Office of Energy Efficiency and Renewable Energy*en,replace==Office of Critical Minerals and Energy Innovation*en,add==CMEI*en,replace==https://www.energy.gov/cmei/office-critical-minerals-and-energy-innovation,,,,,,,,,,,,,,
https://github.com/ror-community/ror-updates/issues/34844,https://ror.org/01x26mz03,,,,add==US Department of Energy Hydrocarbons and Geothermal Energy Office National Energy Technology Laboratory*en,,,,,,,,,,,,,,,,,
https://github.com/ror-community/ror-updates/issues/34830,https://ror.org/03ery9d53,,replace==inactive,,,,,,,,,,,,,,,,,,,
https://github.com/ror-community/ror-updates/issues/34601,https://ror.org/038mdqs58,replace==D. F. Chebotarev State Institute of Gerontology of the National Academy of Medical Sciences of Ukraine*en,,,replace==D.F. Chebotarev Institute of Gerontology*en;Інститут геронтології ім. Д.Ф.Чеботарьова*uk;D. F. Chebotarev State Institute of Gerontology of the NAMS of Ukraine*en,replace==D. F. Chebotarev State Institute of Gerontology of the National Academy of Medical Sciences of Ukraine*en;Державна установа «Інститут геронтології імені Д.Ф. Чеботарьова Національної академії медичних наук України»*uk,,replace==https://ig.org.ua,,replace==ig.org.ua,,,,,,,,,,,,
https://github.com/ror-community/ror-updates/issues/34583,https://ror.org/03cdvht47,,,,add==Hassan First University*en;Hassan 1 University*en;University of Settat*en,add==Hassan I University*en,,,,add==uh1.ac.ma,,,,,,,,replace==Q2405067,replace==Q2405067,,,
https://github.com/ror-community/ror-updates/issues/34631,https://ror.org/01jx86h05,replace==Herzzentrum Dresden Universitätsklinik*de,,,replace==Herzzentrum Dresden*de;Herzzentrum Dresden Universitaetsklinik*de;Herzzentrum Dresden GmbH Universitätsklinik*de;Herzzentrum Dresden GmbH Universitätsklinik an der Technischen Universität Dresden*de;Heart Center Dresden*en;Dresden Heart Center*en;University Heart Center Dresden*en,"replace==Herzzentrum Dresden Universitätsklinik*de;Heart Center Dresden, University Hospital*en",replace==HZDD*de,replace==https://www.sana.de/herzzentrum-dresden,,,,,,,,,,,,,,
https://github.com/ror-community/ror-updates/issues/34580,https://ror.org/043fhe951,,,,,,,replace==https://portalpadrao.ufma.br,,,,,,,,,,,,,,
https://github.com/ror-community/ror-updates/issues/34577,https://ror.org/019k1pd13,,,,,add==Gaskeuniversiteete*se,,,,,,,,,,,,,,,,
https://github.com/ror-community/ror-updates/issues/38522,https://ror.org/01b4gqk18,replace==Sana Kliniken AG*de,,,add==Sana Kliniken*de;Sana Klinikum*de,replace==Sana Kliniken AG*de,,,,add==sana.de,,,,,,,,,,,,
https://github.com/ror-community/ror-updates/issues/38525,https://ror.org/04cfhgb79,replace==Diplomatic Academy of MGIMO of the Russian Ministry of Foreign Affairs*en,,,replace==Diplomatic Academy of the Russian Foreign Ministry*en;Diplomatic Academy of MGIMO University*en;Diplomatic Academy of MGIMO University of the Ministry of Foreign Affairs of Russia*en;Дипломатическая академия МИД России*ru,replace==Diplomatic Academy of MGIMO of the Russian Ministry of Foreign Affairs*en;Дипломатическая академия МГИМО МИД России*ru,,,,add==dipacademy.ru,,,,,,,,,,,,
https://github.com/ror-community/ror-updates/issues/34609,https://ror.org/04zn7jb34,,,,add==MGIMO-University*en;MGIMO University (Moscow State Institute of International Relations)*en;Moscow State Institute of International Relations (MGIMO University)*en;Moscow State Institute of International Relations (MGIMO)*en;Moscow State Institute of International Relations (University)*en;Moscow State Institute of International Relations (MGIMO University) of the Ministry of Foreign Affairs of Russia*en;Moscow State Institute of International Relations of the Ministry of Foreign Affairs of Russia*en;Moscow State Institute of International Relations of the Ministry of Foreign Affairs of the Russian Federation*en;MGIMO University of the Ministry of Foreign Affairs of the Russian Federation*en;Московский государственный институт международных отношений (университет)*ru;Московский государственный институт международных отношений (университет) МИД России*ru;Московский государственный институт международных отношений (университет) МИД РФ*ru;Московский государственный институт международных отношений МИД России*ru;Московский государственный институт международных отношений МИД РФ*ru;МГИМО-Университет*ru;МГИМО Университет*ru;Moskovskii gosudarstvennyi institut mezhdunarodnykh otnoshenii*ru;Moskovskii gosudarstvennyi institut mezhdunarodnykh otnoshenii (universitet) MID Rossii*ru;Moskovskiy Gosudarstvennyy Institut Mezhdunarodnykh Otnosheniy*ru;Moskovskij gosudarstvennyj institut mezhdunarodnyh otnoshenij*ru;MGIMO MFA Russia*en;МГИМО МИД России*ru,add==MGIMO University*en;Moscow State Institute of International Relations (University) of the Ministry of Foreign Affairs of the Russian Federation*en;Федеральное государственное автономное образовательное учреждение высшего образования «Московский государственный институт международных отношений (университет) Министерства иностранных дел Российской Федерации»*ru;Московский государственный институт международных отношений (университет) Министерства иностранных дел Российской Федерации*ru;МГИМО МИД России*ru,add==МГИМО МИД РФ*ru,replace==https://mgimo.ru,,add==mgimo.ru,,,,,,,,,,,,
https://github.com/ror-community/ror-updates/issues/34989,https://ror.org/01bpj7k68,,,,,,,,,,,,,,,,,,,,,
https://github.com/ror-community/ror-updates/issues/34984,https://ror.org/04ghtjd11,,,,,,,,,,,,,,,,,,,,,
https://github.com/ror-community/ror-updates/issues/34988,https://ror.org/00dy3ee97,,,,,,,,,,,,,,,,,,,,,
https://github.com/ror-community/ror-updates/issues/34981,https://ror.org/00e8hwt93,replace==Laboratoire Lorrain de Psychologie et Neurosciences de la dynamique des comportements*fr,,,,replace==Laboratoire Lorrain de Psychologie et Neurosciences de la dynamique des comportements*fr;Lorraine Laboratory of Psychology and Neuroscience of Behavioral Dynamics*en,,,,,,,,,,,,,,,,
https://github.com/ror-community/ror-updates/issues/34980,https://ror.org/052k52s41,replace==Interdisciplinarité Dans les Etudes Anglophones*fr,,,,replace==Interdisciplinarité Dans les Etudes Anglophones*fr;Interdisciplinarity in English Studies*en,,,,,,,,,,,,,,,,
https://github.com/ror-community/ror-updates/issues/34979,https://ror.org/03hhwe765,,,,,add==Centre de Recherche sur les Cultures Littéraires Européennes : France Europe Centrale Europe Orientale*fr,,,,,,,,,,,,,,,,
https://github.com/ror-community/ror-updates/issues/34977,https://ror.org/04gmrh438,replace==Institut de Recherches sur l'Evolution de la Nation Et de l'Etat*fr,,,,replace==Institut de Recherches sur l'Evolution de la Nation Et de l'Etat*fr,,,,,,,,,,,,,,,,
https://github.com/ror-community/ror-updates/issues/34976,https://ror.org/01sp9jb48,replace==Laboratoire d'Etudes et de Recherche sur le Matériau Bois*fr,,,,replace==Laboratoire d'Etudes et de Recherche sur le Matériau Bois*fr,,,,,,,,,,,,,,,,
https://github.com/ror-community/ror-updates/issues/34975,https://ror.org/05yc49b49,,,,,add==Laboratoire de chimie et physique Approche multi-échelles des milieux complexes*fr,,,,,,,,,,,,,,,,
https://github.com/ror-community/ror-updates/issues/34974,https://ror.org/0495mzm65,replace==InterPsy*fr,,,,replace==InterPsy*fr;Laboratoire de Psychologie de l'Interaction et des Relations Intersubjectives*fr,,,,,,,,,,,,,,,,
https://github.com/ror-community/ror-updates/issues/34973,https://ror.org/04f50n919,"replace==Stress, IMmunité, PAthogènes*fr",,,,"replace==Stress, IMmunité, PAthogènes*fr;Stress, Immunity, Pathogens*en",,,,,,,,,,,,,,,,
https://github.com/ror-community/ror-updates/issues/34972,https://ror.org/053d03003,,,,add==U1256;U1256 NGERE,,,replace==https://ngere.univ-lorraine.fr,,,,,,,,,,,,,,
https://github.com/ror-community/ror-updates/issues/34970,https://ror.org/04ev1zs55,replace==Centre de recherche sur les médiations*fr,,,delete,replace==Centre de recherche sur les médiations*fr;Centre de recherche sur les médiations (Crem)*fr,,,,,,,,,,,,,,,,
https://github.com/ror-community/ror-updates/issues/34969,https://ror.org/0371yc337,,,,,add==Laboratoire de Chimie Physique Macromoléculaire*fr,,,,,,,,,,,,,,,,
https://github.com/ror-community/ror-updates/issues/34966,https://ror.org/022r5hc56,replace==CRAN*fr,,,replace==Centre de Recherche en Automatique de Nancy*fr;Research Center for Automatic Control of Nancy*en;UMR 7039;UMR7039,replace==CRAN*fr,,,,,,,,,,,,,,,,
https://github.com/ror-community/ror-updates/issues/34965,https://ror.org/017je3b10,,,,,"add==Cristallographie, Résonance Magnétique et Modélisations*fr",,,,,,,,,,,,,,,,
https://github.com/ror-community/ror-updates/issues/34964,https://ror.org/01xd0ys45,,,,"add==Laboratoire de Conception, Fabrication, Commande*fr",,,,,,,,,,,,,,,,,
https://github.com/ror-community/ror-updates/issues/34963,https://ror.org/03nknpw16,replace==Laboratoire de Chimie Physique et Microbiologie pour les Matériaux et l'Environnement*fr,,,replace==Laboratoire de Chimie Physique et Microbiologie pour l'Environnement*fr;UMR 7564;UMR7564,replace==Laboratoire de Chimie Physique et Microbiologie pour les Matériaux et l'Environnement*fr;Laboratory of Physical Chemistry and Microbiology for Materials and the Environment*en,,,,,,,,,,,,,,,,
https://github.com/ror-community/ror-updates/issues/34962,https://ror.org/01pfter31,replace==Laboratoire Énergies & Mécanique Théorique et Appliquée*fr,,,replace==Laboratoire Énergies et Mécanique Théorique et Appliquée*fr;Laboratoire d'Energétique et de Mécanique Théorique et Appliquée*fr;Laboratoire Énergies & Mécanique Théorique et Appliquée*fr;UMR 7563;UMR7563,replace==Laboratoire Énergies & Mécanique Théorique et Appliquée*fr;Laboratory of Energies Theoretical and Applied Mechanics*en,,,,,,,,,,,,,,,,
https://github.com/ror-community/ror-updates/issues/34985,https://ror.org/00avmbz91,replace==Georgia Tech-Europe*en,,,add==Georgia Tech-CNRS Laboratory*fr;IRL 2958;IRL2958;UMI 2958;UMI2958,replace==Georgia Tech-Europe*en,,replace==https://europe.gatech.edu,,replace==europe.gatech.edu,,,,,,,,,,,,
https://github.com/ror-community/ror-updates/issues/38527,https://ror.org/04w23p232,replace==Evangelische Hochschule Hessen*de,,,replace==Evangelische Hochschule Darmstadt*de,replace==Evangelische Hochschule Hessen*de;Protestant University of Applied Sciences Hessen*en,add==EHH*de,replace==https://www.eh-hessen.de,,add==eh-hessen.de,,,,,,,,,,,,
https://github.com/ror-community/ror-updates/issues/38528,https://ror.org/05dbw7b97,,replace==inactive,,,,,,,,,,,,,,,,,,,
https://github.com/ror-community/ror-updates/issues/38530,https://ror.org/00erpmf75,,replace==withdrawn,,,,,,,,,,,,,,,,,,,
https://github.com/ror-community/ror-updates/issues/38533,https://ror.org/023czga33,,,,,,,,,,,,,,,,,,,,,
https://github.com/ror-community/ror-updates/issues/38539,https://ror.org/034ywsh12,replace==Northeast Climate Adaptation Science Center*en,,replace==facility;funder,add==Northeast Climate Science Center*en,replace==Northeast Climate Adaptation Science Center*en,replace==NE CASC*en,replace==https://necasc.umass.edu,,replace==necasc.umass.edu,,add==100030852,replace==100030852,,,,,,,,,
https://github.com/ror-community/ror-updates/issues/35219,https://ror.org/02jm89840,replace==Maison interuniverstaire des sciences sociales et des Humanités d'Alsace*fr,,,replace==Maison Interuniversitaire des Sciences de l'Homme*fr;UAR 3227;UAR3227,replace==Maison interuniverstaire des sciences sociales et des Humanités d'Alsace*fr,,,,,,,,,,,,,,,,
https://github.com/ror-community/ror-updates/issues/35216,https://ror.org/045y8mm25,,,replace==education,,add==ಬಹುಶಿಸ್ತೀಯ ಅಭಿವೃದ್ಧಿ ಸಂಶೋಧನಾ ಕೇಂದ್ರ*kn,,,,,,,,,,add==0000 0000 9957 3685,replace==0000 0000 9957 3685,,,,,
https://github.com/ror-community/ror-updates/issues/35211,https://ror.org/02t3p7e85,,,,replace==Children's Health Queensland*en;Lady Cilento Children's Hospital*en;Queensland Children's Hospital*en,,,,,,,,,,,,,,,,,
https://github.com/ror-community/ror-updates/issues/35177,https://ror.org/01xnwqx93,,,,,,,replace==https://www.ukbonn.de,,replace==ukbonn.de,,,,,,,,,,,,
https://github.com/ror-community/ror-updates/issues/35170,https://ror.org/002hk8a14,,,,add==מוסד שמואל נאמן*he,,,replace==https://www.neaman.org.il,,replace==neaman.org.il,,,,,,,,add==Q12408937,replace==Q12408937,,,
https://github.com/ror-community/ror-updates/issues/35218,https://ror.org/056ct2144,replace==Albrecht Federal Scientific and Educational Centre of Medical and Social Expertise and Rehabilitation*en,,,replace==Federal State Budgetary Institution “Federal Scientific and Educational Center of Medical and Social Expertise and Rehabilitation named after G.A. Albrecht” of the Ministry of Labour and Social protection of the Russian Federation*en;Federal Scientific Center for the Rehabilitation of the Disabled by G.A. Albrecht of the Ministry of Labor and Social Protection of the Russian Federation*en;Федеральное государственное бюджетное учреждение «Федеральный научно-образовательный центр медико-социальной экспертизы и реабилитации им. Г.А. Альбрехта» Министерства труда и социальной защиты Российской Федерации*ru;ФГБУ ФНОЦ МСЭ и Р им. Г.А. Альбрехта Минтруда России*ru;Федеральный научный центр реабилитации инвалидов им. Г.А. Альбрехта*ru,replace==Albrecht Federal Scientific and Educational Centre of Medical and Social Expertise and Rehabilitation*en;Федеральный научно-образовательный центр медико-социальной экспертизы и реабилитации им. Г.А. Альбрехта*ru,add==ФНОЦ МСЭ и Р*ru,replace==https:// center-albreht.ru,,add==center-albreht.ru,,,,,,,,,,,,
https://github.com/ror-community/ror-updates/issues/35167,https://ror.org/0091hm651,replace==Universitas Pattimura*id,,,add==Pattimura University*id,,add==UNPATTI*id,,,,,,,,,,,,,,,
https://github.com/ror-community/ror-updates/issues/35148,https://ror.org/04bqfk210,replace==Geisinger College of Health Sciences*en,,,replace==Geisinger Commonwealth School of Medicine*en;Commonwealth Medical College*en,replace==Geisinger College of Health Sciences*en,,,,,,,,,,,,,,,,
https://github.com/ror-community/ror-updates/issues/35166,https://ror.org/03vw74f64,replace==HUN-REN Alfréd Rényi Institute of Mathematics*en,,,replace==Alfréd Rényi Institute of Mathematics*en;HUN-REN Rényi Institute*en;HUN-REN Rényi Intézet*hu;Rényi Alfréd Matematikai Kutatóintézet*hu;MTA Rényi Alfréd Matematikai Kutatóintézet*hu;Applied Mathematics Institute of the HAS*en;MTA Alkalmazott Matematikai Intézete*hu;MTA Matematikai Kutatóintézete*hu;Mathematical Research Institute of the HAS*en,replace==HUN-REN Alfréd Rényi Institute of Mathematics*en;HUN-REN Rényi Alfréd Matematikai Kutatóintézet*hu,add==HUN-REN RAMKI*hu,,,,,,,,,,,,,,,
https://github.com/ror-community/ror-updates/issues/38545,https://ror.org/02qtfp923,,replace==withdrawn,,,,,,,,,,,,,,,,,,,
https://github.com/ror-community/ror-updates/issues/35156,https://ror.org/024ygae04,replace==Kashim Ibrahim University*en,,,"replace==Borno State University*en;Kashim Ibrahim University, Maiduguri*en",replace==Kashim Ibrahim University*en,add==KIU*en,replace==https://www.kiu.edu.ng,replace==https://en.wikipedia.org/wiki/Kashim_Ibrahim_University,add==kiu.edu.ng,,,,,,,,,,,,
https://github.com/ror-community/ror-updates/issues/35125,https://ror.org/01tsa0x55,,,,,,,replace==https://epoc-umr.fr,,,,,,,,,,,,,,
https://github.com/ror-community/ror-updates/issues/35120,https://ror.org/046hxmc98,,,,,,,,,,,,,,,,,,,,,replace==4815352
https://github.com/ror-community/ror-updates/issues/35114,https://ror.org/0468t7w37,,,,add==Palestine Technical College - Deir El-Balah*en,add==كلية فلسطين التقنية – دير البلح*ar,,,,,,,,,,,,,,,,
https://github.com/ror-community/ror-updates/issues/35111,https://ror.org/04mgfev69,,,,add==Regina Elena Institute*en,add==Regina Elena National Cancer Institute*en,,,,,,,,,,,,,,,,
https://github.com/ror-community/ror-updates/issues/35069,https://ror.org/035914451,replace==Centro Tecnológico Nacional Agroalimentario Extremadura*es,,,replace==Centro Tecnológico Agroalimentario de Extremadura*es;Extremadura Agricultural and Food Technological Centre*en,replace==Centro Tecnológico Nacional Agroalimentario Extremadura*es;National Agri-Food Technological Centre Extremadura*en,,,,,,,,,,,,,,,,
https://github.com/ror-community/ror-updates/issues/35056,https://ror.org/03wmf1y16,replace==University of Colorado Anschutz*en,,,add==University of Colorado Anschutz Medical Campus*en;CU Anschutz Medical Campus*en;University of Colorado School of Medicine*en,replace==University of Colorado Anschutz*en,,replace==https://www.cuanschutz.edu,,replace==cuanschutz.edu,,,,,,,,,,,,
https://github.com/ror-community/ror-updates/issues/35052,https://ror.org/03eftgw80,,,,add==IU Indianapolis*en,,,,,,,,,,,,,,,,,
https://github.com/ror-community/ror-updates/issues/35051,https://ror.org/052133d12,,,,,,,,,,,,,,,,,,,,,
https://github.com/ror-community/ror-updates/issues/35036,https://ror.org/053mpbz30,,,delete==funder,,,,,,,,delete,delete,,,,,,,,,
https://github.com/ror-community/ror-updates/issues/35046,https://ror.org/05ghbjx71,,,,delete==CISSS of Chaudière-Appalaches;Centre de Recherche du Centre intégré de santé et de services sociaux de Chaudière-Appalaches*fr,,,,,,,,,,,,,,,,,
https://github.com/ror-community/ror-updates/issues/35020,https://ror.org/05ap1vt50,replace==VSL National Metrology Institute*en,,,replace==VSL Dutch Metrology Institute*en;National Metrology Institute of the Netherlands*en;Netherlands Metrology Institute*en;Van Swinden Laboratorium*en;Van Swinden Laboratory Dutch Metrology Institute*en,replace==VSL National Metrology Institute*en;VSL Nationaal Metrologisch Instituut*nl,,,,,,,,,,,,,,,,
https://github.com/ror-community/ror-updates/issues/35011,https://ror.org/016vxbe23,,,,,,,,,,,,,,,,,,,,,
https://github.com/ror-community/ror-updates/issues/35061,https://ror.org/01q2pxs68,replace==Vinmec Times City International Hospital*en,,,replace==Vinmec International Hospital*en;Vinmec Times City*en;Vinmec Times City Hospital*en;Vinmec Times City International General Hospital*en,replace==Vinmec Times City International Hospital*en;Bệnh viện Đa khoa Quốc tế Vinmec Times City*vi,,replace==https:// www.vinmec.com/eng/hospital/vinmec-times-city-international-hospital,,,replace==2012,,,,,,,add==Q50035843,replace==Q50035843,,,
https://github.com/ror-community/ror-updates/issues/38591,https://ror.org/03czdsq06,,,,,,,,,,,,,,,,,,,,,
https://github.com/ror-community/ror-updates/issues/38592,https://ror.org/028evyr89,,,,,,,,,,,,,,,,,,,,,
https://github.com/ror-community/ror-updates/issues/38596,https://ror.org/032nvjr84,,,,,,,,,,,,,,,,,,,,,
https://github.com/ror-community/ror-updates/issues/38155,https://ror.org/01esk6458,,,replace==facility,add==UAR2506*fr;UAR 2506*fr;UAR PROGEDO*fr,,,,,,,,,,,,,,,,,
https://github.com/ror-community/ror-updates/issues/38164,https://ror.org/03sv9dy74,,,,add==UAR3370*fr;UAR 3370*fr;Lautaret*fr;Jardin du Lautaret : découverte et sciences*fr,,,,,,,,,,,,,,,,,
https://github.com/ror-community/ror-updates/issues/35239,https://ror.org/02sat5y74,"replace==Czech Academy of Sciences, Heyrovsky Institute*en",,,"replace==Czech Academy of Sciences, J. Heyrovský Institute of Physical Chemistry*en;J. Heyrovský Institute of Physical Chemistry of the CAS*en;J. Heyrovský Institute of Physical Chemistry CAS*en;Czech Acad Sci, J Heyrovský Inst Phys Chem*en;Ústav fyzikální chemie J. Heyrovského AV ČR*cs;Heyrovsky Institute of the CAS*en","replace==Czech Academy of Sciences, Heyrovsky Institute*en;Heyrovského ústav AV ČR, v. v. i.*cs",add==HEÚ;HI,replace==https://www.heu.cas.cz,,add==heu.cas.cz,,,,,,,,,,,,
https://github.com/ror-community/ror-updates/issues/38654,https://ror.org/016tr2j79,,,,,,,,,,,,,,,,,,,,,
https://github.com/ror-community/ror-updates/issues/38655,https://ror.org/01p618c36,,,,,,,,,,,,,,,,,,,,,
https://github.com/ror-community/ror-updates/issues/38656,https://ror.org/027arfy53,,,,,,,,,,,,,,,,,,,,,
https://github.com/ror-community/ror-updates/issues/38657,https://ror.org/05jfq2w07,,,,,,,,,,,,,,,,,,,,,
https://github.com/ror-community/ror-updates/issues/38658,https://ror.org/02j8sxk20,,,,,,,,,,,,,,,,,,,,,
https://github.com/ror-community/ror-updates/issues/38659,https://ror.org/05cz70a34,,,,,,,,,,,,,,,,,,,,,
https://github.com/ror-community/ror-updates/issues/38660,https://ror.org/03dafx737,,,,,,,,,,,,,,,,,,,,,
https://github.com/ror-community/ror-updates/issues/38661,https://ror.org/03dm7dd93,,,,,,,,,,,,,,,,,,,,,
https://github.com/ror-community/ror-updates/issues/38662,https://ror.org/004s94c80,,,,,,,,,,,,,,,,,,,,,
https://github.com/ror-community/ror-updates/issues/38663,https://ror.org/04bya8j72,,,,,,,,,,,,,,,,,,,,,
https://github.com/ror-community/ror-updates/issues/38664,https://ror.org/04d5k5771,,,,,,,,,,,,,,,,,,,,,
https://github.com/ror-community/ror-updates/issues/38665,https://ror.org/029w5ya68,,,,,,,,,,,,,,,,,,,,,
https://github.com/ror-community/ror-updates/issues/38666,https://ror.org/03kfmm080,,,,,,,,,,,,,,,,,,,,,
https://github.com/ror-community/ror-updates/issues/38667,https://ror.org/052tfza37,,,,,,,,,,,,,,,,,,,,,
https://github.com/ror-community/ror-updates/issues/38668,https://ror.org/05vkpd318,,,,,,,,,,,,,,,,,,,,,
https://github.com/ror-community/ror-updates/issues/38669,https://ror.org/05f2ywb48,,,,,,,,,,,,,,,,,,,,,
https://github.com/ror-community/ror-updates/issues/38670,https://ror.org/00ax83b61,,,,,,,,,,,,,,,,,,,,,
https://github.com/ror-community/ror-updates/issues/38671,https://ror.org/02e36tk84,,,,,,,,,,,,,,,,,,,,,
https://github.com/ror-community/ror-updates/issues/38672,https://ror.org/05pp5b412,,,,,,,,,,,,,,,,,,,,,
https://github.com/ror-community/ror-updates/issues/38673,https://ror.org/020rzx487,,,,,,,,,,,,,,,,,,,,,
https://github.com/ror-community/ror-updates/issues/38674,https://ror.org/04xsf1c37,,,,,,,,,,,,,,,,,,,,,
https://github.com/ror-community/ror-updates/issues/38675,https://ror.org/05c0g2426,,,,,,,,,,,,,,,,,,,,,
https://github.com/ror-community/ror-updates/issues/38676,https://ror.org/05tjjsh18,,,,,,,,,,,,,,,,,,,,,
https://github.com/ror-community/ror-updates/issues/38677,https://ror.org/02rzzjk74,,,,,,,,,,,,,,,,,,,,,
https://github.com/ror-community/ror-updates/issues/38678,https://ror.org/02h9b8h17,,,,,,,,,,,,,,,,,,,,,
https://github.com/ror-community/ror-updates/issues/38679,https://ror.org/03y9bvk93,,,,,,,,,,,,,,,,,,,,,
https://github.com/ror-community/ror-updates/issues/38680,https://ror.org/041hz9568,,,,,,,,,,,,,,,,,,,,,
https://github.com/ror-community/ror-updates/issues/38681,https://ror.org/047272k79,,,,,,,,,,,,,,,,,,,,,
https://github.com/ror-community/ror-updates/issues/38682,https://ror.org/0144s0951,,,,,,,,,,,,,,,,,,,,,
https://github.com/ror-community/ror-updates/issues/38683,https://ror.org/011r8ce56,,,,,,,,,,,,,,,,,,,,,
https://github.com/ror-community/ror-updates/issues/38684,https://ror.org/006mbby82,,,,,,,,,,,,,,,,,,,,,
https://github.com/ror-community/ror-updates/issues/38685,https://ror.org/04yzyns28,,,,,,,,,,,,,,,,,,,,,
https://github.com/ror-community/ror-updates/issues/38686,https://ror.org/03t52dk35,,,,,,,,,,,,,,,,,,,,,
https://github.com/ror-community/ror-updates/issues/38687,https://ror.org/00yncr324,,,,,,,,,,,,,,,,,,,,,
https://github.com/ror-community/ror-updates/issues/38688,https://ror.org/03max4q92,,,,,,,,,,,,,,,,,,,,,
https://github.com/ror-community/ror-updates/issues/38689,https://ror.org/01bd1sf38,,,,,,,,,,,,,,,,,,,,,
https://github.com/ror-community/ror-updates/issues/38690,https://ror.org/000j1tr86,,,,,,,,,,,,,,,,,,,,,
https://github.com/ror-community/ror-updates/issues/38691,https://ror.org/03k14e164,,,,,,,,,,,,,,,,,,,,,
https://github.com/ror-community/ror-updates/issues/38692,https://ror.org/00pcrz470,,,,,,,,,,,,,,,,,,,,,
https://github.com/ror-community/ror-updates/issues/38693,https://ror.org/04gs6v336,,,,,,,,,,,,,,,,,,,,,
https://github.com/ror-community/ror-updates/issues/38694,https://ror.org/00yx0s761,,,,,,,,,,,,,,,,,,,,,
https://github.com/ror-community/ror-updates/issues/38695,https://ror.org/036h8vg94,,,,,,,,,,,,,,,,,,,,,
https://github.com/ror-community/ror-updates/issues/38696,https://ror.org/02rsjh069,,,,,,,,,,,,,,,,,,,,,
https://github.com/ror-community/ror-updates/issues/38697,https://ror.org/01m6as704,,,,,,,,,,,,,,,,,,,,,
https://github.com/ror-community/ror-updates/issues/38698,https://ror.org/02yw1f353,,,,,,,,,,,,,,,,,,,,,
https://github.com/ror-community/ror-updates/issues/38699,https://ror.org/05qjz5228,,,,,,,,,,,,,,,,,,,,,
https://github.com/ror-community/ror-updates/issues/38700,https://ror.org/02d741577,,,,,,,,,,,,,,,,,,,,,
https://github.com/ror-community/ror-updates/issues/38701,https://ror.org/00bx71042,,,,,,,,,,,,,,,,,,,,,
https://github.com/ror-community/ror-updates/issues/38702,https://ror.org/00htrxv69,,,,,,,,,,,,,,,,,,,,,
https://github.com/ror-community/ror-updates/issues/38703,https://ror.org/034qxt397,,,,,,,,,,,,,,,,,,,,,
https://github.com/ror-community/ror-updates/issues/38704,https://ror.org/00g0x9d29,,,,,,,,,,,,,,,,,,,,,
https://github.com/ror-community/ror-updates/issues/38705,https://ror.org/04etf9p48,,,,,,,,,,,,,,,,,,,,,
https://github.com/ror-community/ror-updates/issues/38706,https://ror.org/027mjht27,,,,,,,,,,,,,,,,,,,,,
https://github.com/ror-community/ror-updates/issues/38707,https://ror.org/03pqf0084,,,,,,,,,,,,,,,,,,,,,
https://github.com/ror-community/ror-updates/issues/38708,https://ror.org/0362ttz08,,,,,,,,,,,,,,,,,,,,,
https://github.com/ror-community/ror-updates/issues/38709,https://ror.org/003sav189,,,,,,,,,,,,,,,,,,,,,
https://github.com/ror-community/ror-updates/issues/38710,https://ror.org/012bzsw43,,,,,,,,,,,,,,,,,,,,,
https://github.com/ror-community/ror-updates/issues/38711,https://ror.org/03ej8a714,,,,,,,,,,,,,,,,,,,,,
https://github.com/ror-community/ror-updates/issues/38712,https://ror.org/008bwpw24,,,,,,,,,,,,,,,,,,,,,
https://github.com/ror-community/ror-updates/issues/38713,https://ror.org/03sgyqj04,,,,,,,,,,,,,,,,,,,,,
https://github.com/ror-community/ror-updates/issues/38714,https://ror.org/01yxtfe92,,,,,,,,,,,,,,,,,,,,,
https://github.com/ror-community/ror-updates/issues/38715,https://ror.org/00xd6tp42,,,,,,,,,,,,,,,,,,,,,
https://github.com/ror-community/ror-updates/issues/38716,https://ror.org/04ex24z53,,,,,,,,,,,,,,,,,,,,,
https://github.com/ror-community/ror-updates/issues/38717,https://ror.org/05d5m2r55,,,,,,,,,,,,,,,,,,,,,
https://github.com/ror-community/ror-updates/issues/38718,https://ror.org/000zhpw23,,,,,,,,,,,,,,,,,,,,,
https://github.com/ror-community/ror-updates/issues/38719,https://ror.org/02btqjz37,,,,,,,,,,,,,,,,,,,,,
https://github.com/ror-community/ror-updates/issues/38720,https://ror.org/038k8pw28,,,,,,,,,,,,,,,,,,,,,
https://github.com/ror-community/ror-updates/issues/38721,https://ror.org/05hca2307,,,,,,,,,,,,,,,,,,,,,
https://github.com/ror-community/ror-updates/issues/38722,https://ror.org/05xsxn838,,,,,,,,,,,,,,,,,,,,,
https://github.com/ror-community/ror-updates/issues/38723,https://ror.org/030h5jp79,,,,,,,,,,,,,,,,,,,,,
https://github.com/ror-community/ror-updates/issues/38724,https://ror.org/00yw34h52,,,,,,,,,,,,,,,,,,,,,
https://github.com/ror-community/ror-updates/issues/38725,https://ror.org/01cdn3r29,,,,,,,,,,,,,,,,,,,,,
https://github.com/ror-community/ror-updates/issues/38726,https://ror.org/04fg7az81,,,,,,,,,,,,,,,,,,,,,
https://github.com/ror-community/ror-updates/issues/38727,https://ror.org/02ewzby52,,,,,,,,,,,,,,,,,,,,,
https://github.com/ror-community/ror-updates/issues/38728,https://ror.org/04dwpyh46,,,,,,,,,,,,,,,,,,,,,
https://github.com/ror-community/ror-updates/issues/38729,https://ror.org/02ptn8z56,,,,,,,,,,,,,,,,,,,,,
https://github.com/ror-community/ror-updates/issues/38730,https://ror.org/04nwg1t42,,,,,,,,,,,,,,,,,,,,,
https://github.com/ror-community/ror-updates/issues/38731,https://ror.org/03m3gzv89,,,,,,,,,,,,,,,,,,,,,
https://github.com/ror-community/ror-updates/issues/38732,https://ror.org/03c7zyj82,,,,,,,,,,,,,,,,,,,,,
https://github.com/ror-community/ror-updates/issues/38733,https://ror.org/0406m4x33,,,,,,,,,,,,,,,,,,,,,
https://github.com/ror-community/ror-updates/issues/38734,https://ror.org/05dm31p35,,,,,,,,,,,,,,,,,,,,,
https://github.com/ror-community/ror-updates/issues/38735,https://ror.org/021v2ka51,,,,,,,,,,,,,,,,,,,,,
https://github.com/ror-community/ror-updates/issues/38736,https://ror.org/00fmnpw63,,,,,,,,,,,,,,,,,,,,,
https://github.com/ror-community/ror-updates/issues/38737,https://ror.org/0450swy91,,replace==inactive,,,,,,,,,,,,,,,,,,,
https://github.com/ror-community/ror-updates/issues/38738,https://ror.org/037405c78,,,,,,,,,,,,,,,,,,,,,
https://github.com/ror-community/ror-updates/issues/38739,https://ror.org/05xpx5s03,,,,,,,,,,,,,,,,,,,,,
https://github.com/ror-community/ror-updates/issues/38740,https://ror.org/00qkhxq50,,,,,,,,,,,,,,,,,,,,,
https://github.com/ror-community/ror-updates/issues/38741,https://ror.org/019bv8923,,,,,,,,,,,,,,,,,,,,,
https://github.com/ror-community/ror-updates/issues/38742,https://ror.org/042g9vq32,,,,,,,,,,,,,,,,,,,,,
https://github.com/ror-community/ror-updates/issues/38743,https://ror.org/03bzdww12,,,,,,,,,,,,,,,,,,,,,
https://github.com/ror-community/ror-updates/issues/38744,https://ror.org/01n2xwm51,,,,,,,,,,,,,,,,,,,,,
https://github.com/ror-community/ror-updates/issues/38745,https://ror.org/04bw0hg47,,,,,,,,,,,,,,,,,,,,,
https://github.com/ror-community/ror-updates/issues/38746,https://ror.org/00pzh0w90,,,,,,,,,,,,,,,,,,,,,
https://github.com/ror-community/ror-updates/issues/38747,https://ror.org/02h67ht97,,,,,,,,,,,,,,,,,,,,,
https://github.com/ror-community/ror-updates/issues/38748,https://ror.org/03k7bde87,,,,,,,,,,,,,,,,,,,,,
https://github.com/ror-community/ror-updates/issues/38749,https://ror.org/04bghze60,,,,,,,,,,,,,,,,,,,,,
https://github.com/ror-community/ror-updates/issues/38750,https://ror.org/04zn72g03,,,,,,,,,,,,,,,,,,,,,
https://github.com/ror-community/ror-updates/issues/38751,https://ror.org/01ppcnz44,,,,,,,,,,,,,,,,,,,,,
https://github.com/ror-community/ror-updates/issues/38752,https://ror.org/016nge880,,,,,,,,,,,,,,,,,,,,,
https://github.com/ror-community/ror-updates/issues/38753,https://ror.org/04sg4ka71,,,,,,,,,,,,,,,,,,,,,
https://github.com/ror-community/ror-updates/issues/38754,https://ror.org/05n50qc07,,,,,,,,,,,,,,,,,,,,,
https://github.com/ror-community/ror-updates/issues/38755,https://ror.org/01nwt2j78,,,,,,,,,,,,,,,,,,,,,
https://github.com/ror-community/ror-updates/issues/38756,https://ror.org/01rgfv364,,,,,,,,,,,,,,,,,,,,,
https://github.com/ror-community/ror-updates/issues/38757,https://ror.org/02pg81z63,,,,,,,,,,,,,,,,,,,,,
https://github.com/ror-community/ror-updates/issues/38758,https://ror.org/001s4x714,,,,,,,,,,,,,,,,,,,,,
https://github.com/ror-community/ror-updates/issues/38759,https://ror.org/01bn93e28,,,,,,,,,,,,,,,,,,,,,
https://github.com/ror-community/ror-updates/issues/38760,https://ror.org/05cf8a891,,,,,,,,,,,,,,,,,,,,,
https://github.com/ror-community/ror-updates/issues/38761,https://ror.org/04hy0x592,,,,,,,,,,,,,,,,,,,,,
https://github.com/ror-community/ror-updates/issues/38762,https://ror.org/01cyfxe35,,,,,,,,,,,,,,,,,,,,,
https://github.com/ror-community/ror-updates/issues/38763,https://ror.org/0367sye10,,replace==inactive,,,,,,,,,,,,,,,,,,,
https://github.com/ror-community/ror-updates/issues/38764,https://ror.org/0166x0j30,,,,,,,,,,,,,,,,,,,,,
https://github.com/ror-community/ror-updates/issues/35314,https://ror.org/01nc8zs04,,,,,,,,,,,,,,,,,,,,,replace==7479153
https://github.com/ror-community/ror-updates/issues/35305,https://ror.org/056ja1h98,"replace==Bundesministerium für Bildung, Familie, Senioren, Frauen und Jugend*de",,,"replace==Federal Ministry for Family Affairs, Senior Citizens, Women and Youth*en;Bundesministerium für Familie, Senioren, Frauen und Jugend*de","replace==Bundesministerium für Bildung, Familie, Senioren, Frauen und Jugend*de;Federal Ministry for Education, Family Affairs, Senior Citizens, Women and Youth*en",,replace==https://www.bundesregierung.de/breg-de/bundesregierung/bundesministerien/bundesministerium-bildung-familie-senioren-frauen-und-jugend,,,,,,,,,,,,,,
https://github.com/ror-community/ror-updates/issues/35288,https://ror.org/00n6txq60,,,,,add==南京工程学院*zh,,,,,,,,,,,,,,,,
https://github.com/ror-community/ror-updates/issues/35283,https://ror.org/02jpqrb52,,,,,,,replace==https://ota.org,,add==ota.org,,,,,,,,add==Q50036274,replace==Q50036274,,,replace==4910713
https://github.com/ror-community/ror-updates/issues/35281,https://ror.org/0207g4422,,,,,,,replace==https://www.rcvsknowledge.org,,replace==rcvsknowledge.org,,,,,,,,,,,,
https://github.com/ror-community/ror-updates/issues/35279,https://ror.org/004drcv69,,,,,,,replace==https://unida-aceh.ac.id,,replace==unida-aceh.ac.id,,,,,,,,,,,,
https://github.com/ror-community/ror-updates/issues/38773,https://ror.org/04wn7d698,replace==SHOWA Medical University Hospital,,,,replace==SHOWA Medical University Hospital;昭和医科大学病院,,,,,,,,,,,,,,,,
https://github.com/ror-community/ror-updates/issues/38774,https://ror.org/02xt4jj17,replace==SHOWA Medical University Koto Toyosu Hospital*en,,,,replace==SHOWA Medical University Koto Toyosu Hospital*en;昭和医科大学江東豊洲病院*ja,,,,,,,,,,,,,,,,
https://github.com/ror-community/ror-updates/issues/38775,https://ror.org/00jn17w87,replace==SHOWA Medical University Dental Hospital*en,,,,replace==SHOWA Medical University Dental Hospital*en;昭和医科大学歯科病院*ja,,,,,,,,,,,,,,,,
https://github.com/ror-community/ror-updates/issues/38776,https://ror.org/01k86s411,replace==SHOWA Medical University Karasuyama Hospital*en,,,,replace==SHOWA Medical University Karasuyama Hospital*en;昭和医科大学烏山病院*ja,,,,,,,,,,,,,,,,
https://github.com/ror-community/ror-updates/issues/38777,https://ror.org/00sdj7q88,replace==SHOWA Medical University Fujigaoka Rehabilitation Hospital*en,,,,replace==SHOWA Medical University Fujigaoka Rehabilitation Hospital*en;昭和医科大学藤が丘リハビリテーション病院*ja,,,,,,,,,,,,,,,,
https://github.com/ror-community/ror-updates/issues/38778,https://ror.org/00p9rpe63,replace==SHOWA Medical University Northern Yokohama Hospital*en,,,,replace==SHOWA Medical University Northern Yokohama Hospital*en;昭和医科大学横浜市北部病院*ja,,,,,,,,,,,,,,,,
https://github.com/ror-community/ror-updates/issues/38779,https://ror.org/0145f3g58,replace==SHOWA Medical University East Hospital*en,,,,replace==SHOWA Medical University East Hospital*en;昭和医科大学病院附属東病院*ja,,,,,,,,,,,,,,,,
https://github.com/ror-community/ror-updates/issues/35269,https://ror.org/0543mcr22,replace==SHOWA Medical University Fujigaoka Hospital*en,,,,replace==SHOWA Medical University Fujigaoka Hospital*en;昭和大学藤が丘病院*zh,,,,,,,,,,,,,,,,
https://github.com/ror-community/ror-updates/issues/35266,https://ror.org/01f3b0g09,replace==ITCL Tecnology Centre*en,,,add==Technological Institute of Castilla y León*en,replace==ITCL Tecnology Centre*en;Instituto Tecnológico de Castilla y León*es,,replace==https://itcl.es,,replace==itcl.es,,,,,,,,,,,,
https://github.com/ror-community/ror-updates/issues/35234,https://ror.org/03f1b8d27,,,,,,,replace==foundry.com,,replace==foundry.com,,,,,,,,,,,,
https://github.com/ror-community/ror-updates/issues/35227,https://ror.org/02drdmm93,,,,,,,replace==https://www.cams.ac.cn;https://www.pumc.edu.cn,,replace==cams.ac.cn;pumc.edu.cn,,,,,,,,,,,,
https://github.com/ror-community/ror-updates/issues/35353,https://ror.org/01sdp1y98,,,,add==UMR 7295fr;UMR7295fr,,,,,,,,,,,,,,,,,
https://github.com/ror-community/ror-updates/issues/35354,https://ror.org/005hw9085,,,,,add==Center for Advanced Studies in Medieval Civilization*en,,,,,,,,,,,,,,,,
https://github.com/ror-community/ror-updates/issues/35356,https://ror.org/001n7ee52,,,,add==Poitiers Institute of Chemistry: Materials and Natural Resources*en,,,replace==https://ic2mp.labo.univ-poitiers.fr,,,,,,,,,,add==Q3151983,replace==Q3151983,,,
https://github.com/ror-community/ror-updates/issues/35357,https://ror.org/00x1d4q78,,,,,add==Institute of Modern Texts and Manuscripts*en,,,,,,,,,,,,,,,,
https://github.com/ror-community/ror-updates/issues/35378,https://ror.org/03sv5kk82,,,,add==UMR 7301*fr;UMR7301*fr,"add==International Migrations, Spaces and Societies*en",,replace==https://migrinter.cnrs.fr,,add==migrinter.cnrs.fr,,,,,,,,add==Q33121476,replace==Q33121476,,,
https://github.com/ror-community/ror-updates/issues/35379,https://ror.org/05vjdsn22,,,,,"add==P' Institute: Physics and Engineering in Materials, Mechanics, and Energy*en; Institut P': Recherche et Ingénierie en Matériaux, Mécanique et Énergétique*fr",,replace==https://pprime.fr,,replace==pprime.fr,,,,,,,,,,,,
https://github.com/ror-community/ror-updates/issues/35366,https://ror.org/0530gbs37,replace==Health Innovation University of Applied Sciences*en,,,replace==Health Innovation University of Applied Sciences (HIU)*de;IB Hochschule*de,replace==Health Innovation University of Applied Sciences*en;HIU gGmbH*de,,replace==https://www.hi-university.de,,replace==hi-university.de,,,,,,,,,,,,
https://github.com/ror-community/ror-updates/issues/35320,https://ror.org/03e096643,,,,add==Institute of Rural Management Anand School*en,,,,,,,,,,,,,,,,,
https://github.com/ror-community/ror-updates/issues/35368,https://ror.org/030dhdf69,replace==Institute of Cell Biology and Immunology Thurgau*en,,,add==Biotechnology Institute Thurgau*en;Biotechnologie Institut Thurgau*de,replace==Institute of Cell Biology and Immunology Thurgau*en;Institut für Zelluläre Biologie und Immunologie Thurgau*de,,replace==https://www.bitg.ch/eBITg_site/,,,,,,,,,,,,,,
https://github.com/ror-community/ror-updates/issues/35591,https://ror.org/057vy9683,,replace==inactive,,,,,,,,,,,,,,,,,,,
https://github.com/ror-community/ror-updates/issues/35576,https://ror.org/02vfz9j23,,,,,replace==Forsvarets Høgskole*no;Norwegian Defence University College*en,add==FHS*no,replace==https://www.forsvaret.no/om-forsvaret/organisasjon/FHS,,,,,,,,,,,,,,
https://github.com/ror-community/ror-updates/issues/35575,https://ror.org/00kpq4k75,replace==University of Technology and Applied Sciences*en,,,replace==C.K. Tedam University of Technology and Applied Sciences*en,replace==University of Technology and Applied Sciences*en,replace==UTAS*en,replace==https://utas.edu.gh,,add==utas.edu.gh,,,,,,,,,,,,
https://github.com/ror-community/ror-updates/issues/35562,https://ror.org/025s1b152,,,,,,,replace==https://www.univ-catholille.fr,,replace==univ-catholille.fr,,,,,,,,,,,,
https://github.com/ror-community/ror-updates/issues/35574,https://ror.org/03wr2ty35,,,,,,,,,,,,,,,,,,,,,
https://github.com/ror-community/ror-updates/issues/35557,https://ror.org/025vngs54,,,,replace==Greifswald University Hospital*en;Greifswald University Medicine*en;University Medicine of Greifswald*en,replace==Universitätsmedizin Greifswald*de;University Medicine Greifswald*en,,,,,,,,,,,,,,,,
https://github.com/ror-community/ror-updates/issues/35583,https://ror.org/05jm9mh74,replace==Hôpital NOVO*fr,,,replace==Centre Hospitalier René-Dubos*fr,replace==Hôpital NOVO*fr,add==CHRD*fr,replace==https://hopital-novo.fr,,replace==hopital-novo.fr,,,,,,,,,,,,
https://github.com/ror-community/ror-updates/issues/35549,https://ror.org/044s8gt42,replace==Naturéum*fr,,,replace==Musée cantonal de zoologie de Lausanne;Muséum cantonal des sciences naturelles,replace==Naturéum*fr;Naturéum - Muséum cantonal des sciences naturelle*fr,,replace==https://www.natureum.ch,replace==https://fr.wikipedia.org/wiki/Natur%C3%A9um,replace==natureum.ch,,,,,,,,add==Q14630553,replace==Q14630553,,,
https://github.com/ror-community/ror-updates/issues/35546,https://ror.org/00ajvsd91,,,,replace==Ersta Skondal hogskola*sv;Ersta Sköndal Bräcke högskola*sv;Ersta Sköndal Bräcke University College*en;Ersta Sköndal högskola*sv,replace==Marie Cederschiöld University*en;Marie Cederschiöld högskola*sv,,,,,,,,,,,,,,,,
https://github.com/ror-community/ror-updates/issues/35538,https://ror.org/0575ycz84,,,,,,,replace==https://psu.ac.th,,replace==psu.ac.th,,,,,,,,,,,,
https://github.com/ror-community/ror-updates/issues/35534,https://ror.org/01s5r7k60,,,,,,,replace==https://razavi.ac.ir,,replace==razavi.ac.ir,,,,,,,,,,,,
https://github.com/ror-community/ror-updates/issues/35526,https://ror.org/04trz4q34,replace==Theriva Biologics (United States),,,add==Synthetic Biologics,replace==Theriva Biologics (United States);Theriva Biologics,,,,,,,,,,,,,,,,
https://github.com/ror-community/ror-updates/issues/35492,https://ror.org/01bvjz807,replace==Universidade Politécnica de Setúbal*pt,,,replace==Polytechnic Institute of Setúbal*en,replace==Universidade Politécnica de Setúbal*pt;Instituto Politecnico de Setubal*pt;Polytechnic University of Setúbal*en,,,,,,,,,,,,,,,,
https://github.com/ror-community/ror-updates/issues/35476,https://ror.org/04ftkte05,replace==Libyan International University*en,,,replace==Libyan International Medical University*en;الجامعة الليبية الدولية للعلوم الطبية*ar,replace==Libyan International University*en;الجامعة الليبية الدولية*ar,,replace==https://limu.edu.ly,,replace==limu.edu.ly,,,,,,,,,,,,
https://github.com/ror-community/ror-updates/issues/35462,https://ror.org/02sxcbg21,,,,,,,replace==https://indiannavy.gov.in,,replace==indiannavy.gov.in,,,,,,,,,,,,
https://github.com/ror-community/ror-updates/issues/35460,https://ror.org/02ax13658,,,,,,,replace==https://bubhopal.ac.in,,replace==bubhopal.ac.in,,,,,,,,,,,,
https://github.com/ror-community/ror-updates/issues/35548,https://ror.org/04knbh022,replace==AIT Austrian Institute of Technology GmbH*en,,,replace==Austrian Institute of Technology*en;Austrian Research Centers GmbH*en;Österreichisches Forschungszentrum Seibersdorf Ges.m.b.H.*de;Österreichische Studiengesellschaft für Atomenergie Ges.m.b.H.*de,replace==AIT Austrian Institute of Technology GmbH*en;add==AIT Österreichisches Institut für Technologie GmbH*de,,,,,,,,,,,,,,,,
https://github.com/ror-community/ror-updates/issues/35434,https://ror.org/01vwxpj86,,,,,,,,,,,,,,,,,add==Q30262795,replace==Q30262795,,,
https://github.com/ror-community/ror-updates/issues/38814,https://ror.org/04c2kcw65,,,,add==Seibersdorf Labor GmbH*de,,,replace==https://www.seibersdorf-laboratories.at,,add==seibersdorf-laboratories.at,,,,,,,,,,,,
https://github.com/ror-community/ror-updates/issues/38815,https://ror.org/043rjaw23,replace==PROFACTOR GmbH*de,,,,replace==PROFACTOR GmbH*de,,replace==https://www.profactor.at,,add==profactor.at,,,,,,,,,,,,
https://github.com/ror-community/ror-updates/issues/35556,https://ror.org/00r1edq15,,,,add==Greifswald University*en,,,,,,,,,,,,,,,,,
https://github.com/ror-community/ror-updates/issues/38831,https://ror.org/01b64k086,,,,,,,,,,,,,,,,,,,,,replace==1808722
https://github.com/ror-community/ror-updates/issues/35853,https://ror.org/00q0v3357,,,,,add==衢州职业技术学院*zh,,replace==https://www.qzct.net,,replace==qzct.edu.cn,,,,,,,,,,,,
https://github.com/ror-community/ror-updates/issues/35848,https://ror.org/02141gz69,replace==Clermont School of Business*en,,,replace==ESC Clermont Business School*en;ESC Clermont*fr;Ecole Supérieure de Commerce de Clermont*fr;Groupe ESC Clermont*fr,replace==Clermont School of Business*en,,replace==https://www.clermont-sb.fr,,add==clermont-sb.fr,,,,,,,,,,,,
https://github.com/ror-community/ror-updates/issues/35847,https://ror.org/00ae33288,,,,,,,,,,,,,,,,,,,,,
https://github.com/ror-community/ror-updates/issues/35821,https://ror.org/00sqp6g97,,,,,,,,,,,,,,,,,,,,,replace==3002465
https://github.com/ror-community/ror-updates/issues/35810,https://ror.org/016r2hq43,replace==Institut de Chimie Physique*fr,,,replace==Laboratoire de Chimie Physique*fr;UMR 8000;UMR8000,replace==Institut de Chimie Physique*fr,replace==ICP*fr,replace==https://www.icp.universite-paris-saclay.fr,,,,,,,,,,,,,,
https://github.com/ror-community/ror-updates/issues/35804,https://ror.org/03gjpvv92,,,,,,,replace==https://www.iwh-halle.de,,replace==iwh-halle.de,,,,,,,,,,,,replace==2911520
https://github.com/ror-community/ror-updates/issues/35790,https://ror.org/039zd5s34,,,,,,,replace==http://www.iul.ac.in,,replace==iul.ac.in,,,,,,,,,,,,
https://github.com/ror-community/ror-updates/issues/35784,https://ror.org/05vy8np18,replace==University of Physical Culture in Kraków*en,,,replace==AKF w Krakowie*pl;University School of Physical Education in Kraków*en;Akademia Wychowania Fizycznego w Krakowie*pl,replace==University of Physical Culture in Kraków*en;Akademia Kultury Fizycznej im. Bronisława Czecha w Krakowie*pl,,,,,,,,,,,,,,,,
https://github.com/ror-community/ror-updates/issues/35763,https://ror.org/0395sep02,,,,,,,replace==https://louislegrand.fr,,replace==louislegrand.fr,,,,,,,,,,,,
https://github.com/ror-community/ror-updates/issues/35746,https://ror.org/05n2gzs35,,,,add==Khemis Miliana University*en;Centre Universitaire Khemis Miliana*fr;Université Djilali Bounaama*fr,add==Djilali Bounaama University of Khemis Miliana*en,,,,add==univ-dbkm.dz,,,,,,,,,,,,
https://github.com/ror-community/ror-updates/issues/35733,https://ror.org/033n9gh91,,,,replace==Carl von Ossietzky University of Oldenburg*en;Carl von Ossietzky University of Oldenburg*en,replace==Carl von Ossietzky Universität Oldenburg*de,,,,,,,,,,,,,,,,
https://github.com/ror-community/ror-updates/issues/35731,https://ror.org/02b5vq778,,,,,,,,,,,,,,,,,,,,,
https://github.com/ror-community/ror-updates/issues/35703,https://ror.org/04c8eg608,,,,,,,replace==https://www.dmu.edu.cn,,add==dmu.edu.cn,,,,,,,,,,,,
https://github.com/ror-community/ror-updates/issues/35698,https://ror.org/01046sm89,,,,,,,replace==https://www.uabcs.mx,,add==uabcs.mx,,,,,,,,,,,,
https://github.com/ror-community/ror-updates/issues/35684,https://ror.org/03zb5p722,replace==Institución Universitaria ITM*es,,,add==Instituto Tecnológico Metropolitano*es;Instituto Tecnológico Metropolitano - ITM*es;Institucion Universitaria ITM*es,replace==Institución Universitaria ITM*es,add==ITM*es,,,,,,,,,,,,,,,
https://github.com/ror-community/ror-updates/issues/35668,https://ror.org/05d6wfd23,,,,,,,,,,,,,,,add==0000 0004 8340 8756,replace==0000 0004 8340 8756,add==Q119848725,replace==Q119848725,,,
https://github.com/ror-community/ror-updates/issues/35601,https://ror.org/05qz2jt34,replace==Bundeswehrkrankenhaus Ulm*de,,,replace==BWK Ulm*de,replace==Bundeswehrkrankenhaus Ulm*de;German Armed Forces Military Hospital Ulm*en,,replace==https://www.bwkrankenhaus.de/de/bundeswehrkrankenhaus-ulm,,,,,,,,,,,,,,
https://github.com/ror-community/ror-updates/issues/35768,https://ror.org/04fbd1w03,,replace==inactive,,,,,,,,,,,,,,,,,,,
https://github.com/ror-community/ror-updates/issues/36172,https://ror.org/00fhcxc56,,,,,,,replace==https://www.ibbuniv.edu.ye,,add==ibbuniv.edu.ye,,,,,,,,,,,,
https://github.com/ror-community/ror-updates/issues/36183,https://ror.org/04a2rz655,,,,,,replace==RMUTI*en,,,add==rmuti.ac.th,,,,,,,,,,,,
https://github.com/ror-community/ror-updates/issues/36076,https://ror.org/04zmssz18,,,,,,,,,,,,,,,,,,,,,
https://github.com/ror-community/ror-updates/issues/35965,https://ror.org/02wdjwg88,replace==Facultad Latinoamericana de Ciencias Sociales Sede Académica México*es,,,replace==Latin American Faculty of Social Sciences Mexico*en;FLACSO México*es;Facultad Latinoamericana de Ciencias Sociales*es;Latin American Faculty of Social Sciences*en;Facultad Latinoamericana de Ciencias México*es,replace==Facultad Latinoamericana de Ciencias Sociales Sede Académica México*es,,,,,,,,,,,,,,,,
https://github.com/ror-community/ror-updates/issues/36077,https://ror.org/05gn84d31,replace==Hospital Universitario de León*es,,,add==Hospital de León*es;University Hospital of León*en;Hospital of León*en;León Hospital*en,replace==Hospital Universitario de León*es,add==HULE*es,replace==https://www.saludcastillayleon.es/CHLeon/es/hospital-universitario-leon,,,,,,,,,,add==Q5903037,replace==Q5903037,,,
https://github.com/ror-community/ror-updates/issues/35948,https://ror.org/03x2m4d16,replace==Universitas Trunodjoyo Madura*id,,,replace==Trunojoyo University*en;Universitas Trunojoyo Madura*id,replace==Universitas Trunodjoyo Madura*id,,,,,,,,,,,,,,,,
https://github.com/ror-community/ror-updates/issues/35929,https://ror.org/053yhr419,,,,add==MSU-GenSan*en,,,,,,,,,,,,,,,,,
https://github.com/ror-community/ror-updates/issues/35913,https://ror.org/04jf6jw55,,,,,,,replace==https://www.mazust.ac.ir,,replace==mazust.ac.ir,,,,,,,,,,,,
https://github.com/ror-community/ror-updates/issues/35907,https://ror.org/012pb6c26,"replace==National Heart, Lung, and Blood Institute*en",,,replace==National Heart Lung and Blood Institute*en,"replace==National Heart, Lung, and Blood Institute*en",,replace==https://www.nhlbi.nih.gov,,replace==nhlbi.nih.gov,,,,,,,,,,,,
https://github.com/ror-community/ror-updates/issues/35936,https://ror.org/018bbh535,replace==Amar Telidji University of Laghouat*en,,,replace==University of Laghouat*en;Amar Telidji University*en;Université Amar Telidji*fr;Université Amar Telidji Laghouat*fr;جامعة عمار ثليجي*ar,replace==Amar Telidji University of Laghouat*en;Université Amar Telidji de Laghouat*fr;جامعة عمار ثليجي الأغواط*ar,add==UATL*fr,,,,,,,,,,,,,,,
https://github.com/ror-community/ror-updates/issues/38859,https://ror.org/045z18t19,,,replace==facility;nonprofit,,,,replace==https://www.meiru.info,,replace==meiru.info,,,,,,,,,,,,
https://github.com/ror-community/ror-updates/issues/35892,https://ror.org/00a0jsq62,,,,,,,,,,,,,,,,,,,,,
https://github.com/ror-community/ror-updates/issues/35891,https://ror.org/00jv0wy06,replace==Microbiologie moléculaire et biochimie structurale*fr,,,,replace==Microbiologie moléculaire et biochimie structurale*fr;Molecular Microbiology and Structural Biochemistry*en,,,,,,,,,,,,,,,,
https://github.com/ror-community/ror-updates/issues/35890,https://ror.org/02dg2kf02,replace==Academy of Public Administration and Governance*en,,,replace==National Academy of Public Administration*en;Học viện Hành chính Quốc gia*vu,replace==Academy of Public Administration and Governance*en;Học viện Hành chính và Quản trị công*vi,replace==APAG*en,replace==https://apag.edu.vn,,add==apag.edu.vn,,,,,,,,,,,,
https://github.com/ror-community/ror-updates/issues/35876,https://ror.org/02gxtdy09,,,,,,,,,,,,,,,,,,,,,replace==5372223
https://github.com/ror-community/ror-updates/issues/35865,https://ror.org/03njrcx45,,,,,,,replace==https://lbpa.ens-paris-saclay.fr,,replace==lbpa.ens-paris-saclay.fr,,,,,,,,,,,,replace==3016078
https://github.com/ror-community/ror-updates/issues/35863,https://ror.org/02mnw9q71,,,,,,,replace==https://www.institut-galien.universite-paris-saclay.fr,,,,,,,,,,,,,,replace==2989204
https://github.com/ror-community/ror-updates/issues/35859,https://ror.org/01j33xk10,,,,add==Fondazione B. Kessler*it;Bruno Kessler Institute*en;Istituto Trentino di Cultura*it,add==Bruno Kessler Foundation*en,,,,,,,,,,,,,,,,
https://github.com/ror-community/ror-updates/issues/35385,https://ror.org/04xbq1n92,replace==Data Integration and Services for Heliophysics*en,,,replace==Heliophysics Data and Modeling Consortium*en;Heliophysics Data & Model Consortium*en,replace==Data Integration and Services for Heliophysics*en,,,,,,,,,,,,,,,,
https://github.com/ror-community/ror-updates/issues/38911,https://ror.org/05pwsw714,"replace==Affiliated Hangzhou First People's Hospital, Westlake University, School of Medicine*en",,,"add==Hangzhou First People's Hospital*en;Affiliated Hangzhou First People's Hospital, School of Medicine, Westlake University*en;Affiliated Hangzhou First People's Hospital, Westlake University School of Medicine*en;杭州市第一人民医院*zh","replace==Affiliated Hangzhou First People's Hospital, Westlake University, School of Medicine*en;西湖大学医学院附属杭州市第一人民医院*zh",,,,,,,,,,,,,,,,
https://github.com/ror-community/ror-updates/issues/36199,https://ror.org/020268t49,replace==PTS - Institut für Fasern & Papier gGmbH*de,,,replace==Papiertechnische Stiftung*de;PTS Heidenau*de;Paper Technology Specialists*en;Institut für Fasern & Papier*de;Forschungsstiftung der Papierindustrie*de,replace==PTS - Institut für Fasern & Papier gGmbH*de,,replace==https://www.ptspaper.de,,replace==ptspaper.de,,,,,,,,,,,,
https://github.com/ror-community/ror-updates/issues/36206,https://ror.org/03awv4473,replace==CJE SeniorLife*en,,,replace==Council for Jewish Elderly*en,replace==CJE SeniorLife*en,,replace==https://cje.net,,replace==cje.net,,,,,,,,,,,,
https://github.com/ror-community/ror-updates/issues/36209,https://ror.org/03tth1e03,replace==Poznań University of Life Sciences*en,,,replace==University of Life Sciences in Poznań*en,replace==Poznań University of Life Sciences*en;Uniwersytet Przyrodniczy w Poznaniu*pl,add==PULS*en;UPP*pl,replace==https://www.up.poznan.pl,,replace==up.poznan.pl,,,,,,,,,,,,
https://github.com/ror-community/ror-updates/issues/36282,https://ror.org/018afyw53,,,,,,,,,,,,,,,,,,,,,add==2886242
https://github.com/ror-community/ror-updates/issues/36308,https://ror.org/02ggnbj54,replace==Iran University of Art*en,,,add==Tehran University of Art*en;دانشگاه هنر*fa,replace==Iran University of Art*en;دانشگاه هنر تهران*fa,,replace==https://www.art.ac.ir,,add==art.ac.ir,,,,,,,,,,,,
https://github.com/ror-community/ror-updates/issues/36311,https://ror.org/05bbqza97,replace==Kingston University London*en,,,replace==Kingston University*en,replace==Kingston University London*en,,,,,,,,,,,,,,,,
https://github.com/ror-community/ror-updates/issues/36327,https://ror.org/05sczh171,,,,,,,,,,,,,,,,,,,,,
https://github.com/ror-community/ror-updates/issues/36338,https://ror.org/010x8gc63,,,,,,,,,,,,,,,,,,,,,
https://github.com/ror-community/ror-updates/issues/36348,https://ror.org/02zrae794,replace==Region Stockholm*sv,,,add==Stockholm County Council*en;Stockholms läns landsting*sv;Tukholman läänin maakäräjäkunta*fi,replace==Region Stockholm*sv,,replace==https://www.regionstockholm.se,,replace==regionstockholm.se,,,,,,,,,,,,
https://github.com/ror-community/ror-updates/issues/36351,https://ror.org/05wfe5014,,,,add==Syzganov National Research Center of Surgery*en,replace==National Scientific Center for Surgery named after A.N. Syzganov*en;АО «Национальный научный центр хирургии им. А.Н. Сызганова»;«А.Н. Сызғанов атындағы Ұлттық ғылыми хирургия орталығы» АҚ*kk,,replace==https://nnch.kz,,replace==domains.replace,,,,,,,,,,,,
https://github.com/ror-community/ror-updates/issues/36360,https://ror.org/02q1v5813,,,,,,,replace==https://medved.kyiv.ua,,replace==medved.kyiv.ua,,,,,,,,,,,,
https://github.com/ror-community/ror-updates/issues/36368,https://ror.org/04egehb02,,,,,,,,,add==ecgi.global;ecgi.org,,,,,,,,,,,,
https://github.com/ror-community/ror-updates/issues/36375,https://ror.org/0336mm561,,,,,add==Oxford University Press*en,add==OUP*en,replace==https://corp.oup.com,,replace==oup.com,,,,,,,,,,,,
https://github.com/ror-community/ror-updates/issues/36388,https://ror.org/007f1da21,,,,,,,replace==https://uobaghdad.edu.iq,,replace==uobaghdad.edu.iq,,,,,,,,,,,,
https://github.com/ror-community/ror-updates/issues/36396,https://ror.org/022y5bk62,replace==Maison des Sciences sociales et des Humanités Ange Guépin*fr,,,replace==UAR 3491;UAR3491,replace==Maison des Sciences sociales et des Humanités Ange Guépin*fr,,,,,,,,,,,,,,,,
https://github.com/ror-community/ror-updates/issues/36378,https://ror.org/04axt3e70,replace==Universidad Autónoma Indígena de México*es,,,replace==Universidad Autónoma Intercultural de Sinaloa*es;Autonomous Intercultural University of Sinaloa*en,replace==Universidad Autónoma Indígena de México*es;Autonomous Indigenous University of Mexico*en,replace==UAIM*es;UAIS*es,replace==https://web.uaim.edu.mx,,add==uaim.edu.mx,,,,,,,,,,,,
https://github.com/ror-community/ror-updates/issues/36418,https://ror.org/01949tn21,,,,add==Universitas Veteran Republik Indonesia*id;UPRI Makassar*id;UVRI Makassar*id,replace==Universitas Pejuang Republik Indonesia*id,add==UPRI;UVRI,replace==https://web.upri.ac.id,add==https://id.wikipedia.org/wiki/Universitas_Pejuang_Republik_Indonesia,add==upri.ac.id,replace==1959,,,,,,,add==Q30294536,replace==Q30294536,,,
https://github.com/ror-community/ror-updates/issues/36421,https://ror.org/00d57b563,replace==SIL Global*en,,,replace==SIL International*en;Summer Institute of Linguistics*en,replace==SIL Global*en,,,,,,,,,,,,,,,,
https://github.com/ror-community/ror-updates/issues/36395,https://ror.org/01f74x078,"replace==National University ""Kyiv Aviation Institute""*en",,,"replace==State University ""Kyiv Aviation Institute""*en;Державний університет «Київський авіаційний інститут»*uk;Kyiv Aviation Institute*en;Київський авіаційний інститут*uk;National Aviation University*en;Національний авіаційний університет*uk;Национальный авиационный университет*ru;Kyiv International University of Civil Aviation*en","replace==National University ""Kyiv Aviation Institute""*en;Національний університет «Київський авіаційний інститут»*uk",add==NU KAI*en;KAI*en;НУ «КАІ»*uk;КАІ*uk,,,add==kai.edu.ua,,,,,,,,,,,,
https://github.com/ror-community/ror-updates/issues/36456,https://ror.org/05sj7yp62,replace==Universidad de Carabobo*es,,,,,,,,replace==uc.edu.ve,,,,,,,,,,,,
https://github.com/ror-community/ror-updates/issues/36438,https://ror.org/02jz4aj89,,,,,,,,,,,,,,,,,,,,,
https://github.com/ror-community/ror-updates/issues/36467,https://ror.org/05vc7qy59,,,,,,,replace==https://www.srnl.gov,,add==srnl.gov,,,,,,,,,,,,
https://github.com/ror-community/ror-updates/issues/36475,https://ror.org/02m5hv882,,,replace==government,,,replace==SWA*en; SWCC*en,,,,,,,,,,,,,,,replace==108410
https://github.com/ror-community/ror-updates/issues/36476,https://ror.org/05qbbf772,,,,,,,replace==https://iub.ac.bd,,replace==iub.ac.bd,,,,,,,,,,,,
https://github.com/ror-community/ror-updates/issues/36490,https://ror.org/05ksnhc43,replace==O. V. Bogatsky Physico-Chemical Institute of the National Academy of Sciences of Ukraine*en,,,replace==O. V. Bogatsky Physico-Chemical Institute of the NAS of Ukraine*en;A. V. Bogatsky Physico-Chemical Institute of the National Academy of Sciences of Ukraine*en;A. V. Bogatsky Physico-Chemical Institute of the NAS of Ukraine*en;Physical-Chemical Institute O. Bogatsky*en,replace==O. V. Bogatsky Physico-Chemical Institute of the National Academy of Sciences of Ukraine*en;Фізико-хімічний інститут ім. О.В. Богатського НАН України*uk,,replace==https://www.pci.nas.gov.ua,,add==pci.nas.gov.ua,,,,,,,,,,,,
https://github.com/ror-community/ror-updates/issues/36498,https://ror.org/05dqf9946,,,,add==Science Tokyo*en;科学大*ja,,,,,,,,,,,,,,,,,
https://github.com/ror-community/ror-updates/issues/38920,https://ror.org/051k3eh31,,replace==inactive,,,,,,,,,,,,,,,,,,,
https://github.com/ror-community/ror-updates/issues/38921,https://ror.org/031dp5151,,,,"add==Earth-Life Science Institute of Institute of Science Tokyo*en;Earth-Life Science Institute, Institute of Science Tokyo*en",,,,,add==elsi.jp,,,,,,,,,,,,
https://github.com/ror-community/ror-updates/issues/38922,https://ror.org/0112mx960,,replace==inactive,,,,,,,,,,,,,,,,,,,
https://github.com/ror-community/ror-updates/issues/38923,https://ror.org/058548196,replace==Institute of Science Tokyo Hospital*en,,,replace==Tokyo Medical and Dental University Hospital*en;TMDU Hospital*en;東京医科歯科大学病院*ja;東京医科歯科大学医学部附属病院*ja;とうきょういかしかだいがくいがくぶふぞくびょういん*ja;トウキョウイカシカダイガクイガクブフゾクビョウイン*ja,replace==Institute of Science Tokyo Hospital*en;東京科学大学病院*ja,,replace==https://www.tmd.ac.jp/medhospital,replace==https://en.wikipedia.org/wiki/Institute_of_Science_Tokyo_Hospital,,replace==2021,,,,,,,add==Q130394004,replace==Q130394004,,,
https://github.com/ror-community/ror-updates/issues/36507,https://ror.org/03vte9x46,,,,,,,,,,,,,,,replace==0000 0004 1783 2786,replace==0000 0004 1783 2786,,,,,
https://github.com/ror-community/ror-updates/issues/36666,https://ror.org/00445hv47,,,,,,,replace==https://www.yulinu.edu.cn,,,,,,,,,,,,,,
https://github.com/ror-community/ror-updates/issues/36645,https://ror.org/049r7sn84,,,,,,,replace==https://www.urbe.edu,,replace==urbe.edu,,,,,,,,,,,,
https://github.com/ror-community/ror-updates/issues/36644,https://ror.org/03esvmb28,,,,,add==Klinik für Kinderheilkunde und Jugendmedizin Universitätsklinikum Tübingen*de,,,,,,,,,,,,,,,,
https://github.com/ror-community/ror-updates/issues/36618,https://ror.org/058fw2b10,replace==Bartenbach GmbH (Austria),,,add==Bartenbach - The Lighting Innovators,replace==Bartenbach GmbH;Bartenbach GmbH (Austria),,,,,,,,,,,,,,,,
https://github.com/ror-community/ror-updates/issues/36674,https://ror.org/02snf8m58,,,,,,,,,add==ls2n.fr,,,,,,,,,,,,
https://github.com/ror-community/ror-updates/issues/36671,https://ror.org/03sjvjt84,replace==State Key Laboratory of High Pressure and Superhard Materials*en,,,add==State Key Laboratory of Superhard Materials*en;超硬材料国家重点实验室*zh,replace==State Key Laboratory of High Pressure and Superhard Materials*en;高压与超硬材料全国重点实验室*zh,,,,,,,,,,,,,,,,
https://github.com/ror-community/ror-updates/issues/36635,https://ror.org/05v0gvx94,,,add==government,delete==Institutul Naţional de Cercetare Dezvoltare pentru Tehnologii Izotopice şi Moleculare*ro,add==Institutul Național de Cercetare-Dezvoltare pentru Tehnologii Izotopice și Moleculare*ro,,replace==https://en.itim-cj.ro,,add==itim-cj.ro,,,,,,,,,,,,
https://github.com/ror-community/ror-updates/issues/36614,https://ror.org/05591te55,,,,add==LMU Munich*de;Ludwig Maximilian University Munich*en,,,,,,,,,,,,,,,,,
https://github.com/ror-community/ror-updates/issues/36595,https://ror.org/01w7c9759,replace==Universitas Islam Al-Azhar*id,,,replace==Universitas Islam Al-Azhar Mataram*id,replace==Universitas Islam Al-Azhar*id,,,,,,,,,,,,,,,,
https://github.com/ror-community/ror-updates/issues/36597,https://ror.org/02d0kps43,replace==UMIT TIROL - Private University for Health Sciences and Health Technology*en,,,"add==UMIT - Private Universität für Gesundheitswissenschaften, Medizinische Informatik und Technik*de;Private Universität für Gesundheitswissenschaften, Medizinische Informatik und Technik*de",replace==UMIT TIROL - Private University for Health Sciences and Health Technology*en;UMIT TIROL - Privatuniversität für Gesundheitswissenschaften und -technologie*de,,replace==https://www.umit-tirol.at,,add==umit-tirol.at,,,,,,,,,,,,
https://github.com/ror-community/ror-updates/issues/36592,https://ror.org/04a3njz22,,,replace==healthcare,,,,replace==https://universitydermcharlotte.net,,add==universitydermcharlotte.net,,,,,,,,add==Q43896580,replace==Q43896580,,,
https://github.com/ror-community/ror-updates/issues/36574,https://ror.org/02der9h97,,,,,,,replace==https://uconn.edu,,add==uconn.edu,,,,,,,,,,,,
https://github.com/ror-community/ror-updates/issues/36565,https://ror.org/03xq7w797,,,,,add==Luxembourg Hospital Centre*en,,,,,,,,,,,,,,,,
https://github.com/ror-community/ror-updates/issues/36562,https://ror.org/030ypay32,replace==Middlesex University Malta*en,replace==inactive,,replace==Middlesex University Malta Campus,replace==Middlesex University Malta*en,,,,,,,,,,,,,,,,
https://github.com/ror-community/ror-updates/issues/36559,https://ror.org/03rf31e64,,,,,,,,,,,,,,,,,,,,,replace==3123921;3129774
https://github.com/ror-community/ror-updates/issues/36566,https://ror.org/02ap3w078,replace==Comisión Nacional de Investigación Científica y Tecnológica*es,replace==inactive,,delete,replace==Comisión Nacional de Investigación Científica y Tecnológica*es;National Commission for Scientific and Technological Research*en,replace==CONICYT*es,replace==https://www.conicyt.cl,,replace==conicyt.cl,,replace==501100002848,replace==501100002848,,,,,replace==Q2985226,replace==Q2985226,,,
https://github.com/ror-community/ror-updates/issues/38931,https://ror.org/03tvpbp09,,,,,,,replace==https://minciencia.gob.cl,,add==minciencia.gob.cl,replace==2018,,,,,,,,,,,
https://github.com/ror-community/ror-updates/issues/38933,https://ror.org/00m0k5p91,,,,,,,replace==https://cctval.cl,,add==cctval.cl,,,,,,,,,,,,
https://github.com/ror-community/ror-updates/issues/38932,https://ror.org/016nafs32,,,,,,,replace==https://fondecyt.anid.cl,,add==fondecyt.anid.cl,,,,,,,,,,,,
https://github.com/ror-community/ror-updates/issues/36534,https://ror.org/04e7kpf57,replace==Thomas More,,,replace==Thomas More Kempen,replace==Thomas More,,,,,,,,,,add==0000 0004 0622 2886,replace==0000 0004 0622 2886,,,,,
https://github.com/ror-community/ror-updates/issues/36524,https://ror.org/02gdzyx04,replace==The University of Winnipeg*en,,,replace==University of Winnipeg*en,replace==The University of Winnipeg*en;Université de winnipeg*fr,,,,,,,,,,,,,,,,
https://github.com/ror-community/ror-updates/issues/36519,https://ror.org/0232eqz57,,,,,,,replace==https://www.gozdis.si,,replace==gozdis.si,,,,,,,,,,,,
https://github.com/ror-community/ror-updates/issues/36511,https://ror.org/003y0kg83,,,,,,,replace==https://www.cgs.minesparis.psl.eu,,,,,,,,,,,,,,
https://github.com/ror-community/ror-updates/issues/36516,https://ror.org/04wkdwp52,,,,,,,,,,,,,,,,,,,,,
https://github.com/ror-community/ror-updates/issues/37127,https://ror.org/029cgt552,,,,add==University of Tunis El Manar*en,,,replace==https://utm.rnu.tn/utm/fr/,replace==https://en.wikipedia.org/wiki/Tunis_El_Manar_University,add==utm.rnu.tn;utm.tn,,,,,,,,,,,,
https://github.com/ror-community/ror-updates/issues/37128,https://ror.org/02550n020,,,,add==ESRF – The European Synchrotron*en,,,,,,,,,,,,,,,,,
https://github.com/ror-community/ror-updates/issues/36509,https://ror.org/026fxjf64,replace==State Institution “O. S. Kolomiychenko Institute of Otolaryngology of National Academy of Medical Sciences of Ukraine”*en,,,replace==ДУ «Інститут отоларингології ім. проф. О.С. Коломійченка НАМН України»*uk;O. S. Kolomiychenko Institute of Otolaryngology of National Academy of Medical Sciences of Ukraine*en;O. S. Kolomiychenko Institute of Otolaryngology of NAMS of Ukraine*en;O. S. Kolomiychenko Institute of Otolaryngology*en,replace==State Institution “O. S. Kolomiychenko Institute of Otolaryngology of National Academy of Medical Sciences of Ukraine”*en;Державна установа «Інститут отоларингології ім. проф. О.С. Коломійченка Національної академії медичних наук України»*uk,,replace==https://www.iol.com.ua,,add==iol.com.ua,,,,,,,,,,,,
https://github.com/ror-community/ror-updates/issues/36523,https://ror.org/016cx2z26,replace==Centre de recherches juridiques de Franche-Comté*fr,,,replace==Centre de recherches juridiques de l'Université de Franche-Comté*fr;CRJFC (UR 3225);UR 3225;UR3225,replace==Centre de recherches juridiques de Franche-Comté*fr,,,,,,,,,,,,,,,,
https://github.com/ror-community/ror-updates/issues/36680,https://ror.org/010b6ag76,replace==ARL - Academy for Spatial Development in the Leibniz Association*en,,,,replace==ARL - Academy for Spatial Development in the Leibniz Association*en;ARL – Akademie für Raumentwicklung in der Leibniz-Gemeinschaft*de,,,,,,,,,,,,,,,,
https://github.com/ror-community/ror-updates/issues/36543,https://ror.org/00xp3z794,replace==Facultad Latinoamericana de Ciencias Sociales Sede Argentina*es,,,replace==FLACSO Argentina*es;Facultad Latinoamericana de Ciencias Sociales Argentina*es;Facultad Latinoamericana de Ciencias Sociales. Sede Académica Argentina*es,replace==Latin American Faculty of Social Sciences Argentina*en,,replace==https://flacso.org.ar,delete==https://en.wikipedia.org/wiki/Latin_American_Social_Sciences_Institute,,replace==1974,,,,,,,,,,,replace==3435910
https://github.com/ror-community/ror-updates/issues/36796,https://ror.org/0341vw408,,,add==funder,,,,,,,,add==501100021856,replace==501100021856,,,,,,,,,
https://github.com/ror-community/ror-updates/issues/36684,https://ror.org/00q4vv597,,,,,add==香港科技大學*zh,,,,,,,,,,,,,,,,
https://github.com/ror-community/ror-updates/issues/36687,https://ror.org/03gsgk545,replace==Universidad de la Amazonia*es,,,add==Uniamazonia*es,,add==UDLA*es,replace==https://www.uniamazonia.edu.co,,add==uniamazonia.edu.co;udla.edu.co,,,,,,,,,,,,
https://github.com/ror-community/ror-updates/issues/36707,https://ror.org/047agv396,replace==Ivan Ziaziun Institute of Pedagogical Education and Adult Education of the National Academy of Educational Sciences of Ukraine*en,,,replace==Ivan Ziaziun Institute of Pedagogical Education and Adult Education of the National Academy of Pedagogical Sciences of Ukraine*en;Ivan Ziaziun Institute of Pedagogical Education and Adult Education of the NAES of Ukraine*en;Ivan Ziaziun Institute of Pedagogical Education and Adult Education*en;Ivan Ziaziun Institute of Pedagogical and Adult Education of the NAES of Ukraine*en;ІПООД імені Івана Зязюна НАПН України*uk,replace==Ivan Ziaziun Institute of Pedagogical Education and Adult Education of the National Academy of Educational Sciences of Ukraine*en;Інститут педагогічної освіти і освіти дорослих імені Івана Зязюна НАПН України*uk,,replace==https://ipood.com.ua,,add==ipood.com.ua,replace==1993,,,,,,,add==Q61376233,replace==Q61376233,,,
https://github.com/ror-community/ror-updates/issues/36745,https://ror.org/055zdhj54,replace==Taiwan Shoufu University*en,replace==inactive,,,replace==Taiwan Shoufu University*en;台灣首府大學*zh,,replace==https://web.tsu.edu.tw,,add==tsu.edu.tw,,,,,,,,,,,,
https://github.com/ror-community/ror-updates/issues/36746,https://ror.org/04jfz0g97,replace==Tung Wah College*en,,,,replace==東華學院*zh,,replace==https://www.twc.edu.hk,,add==twc.edu.hk,,,,,,,,,,,,
https://github.com/ror-community/ror-updates/issues/36748,https://ror.org/03adm0793,,,,,delete==房东外语外贸大学南国商學院*zh;add==廣東外語外貿大學南國商學院*zh,,,,,,,,,,,,,,,,
https://github.com/ror-community/ror-updates/issues/36752,https://ror.org/0411seq30,,,,,,,,,,replace==1992,,,,,,,,,,,
https://github.com/ror-community/ror-updates/issues/36759,https://ror.org/05wn69s11,replace==San Francisco Bay University*en,,,replace==Northwestern Polytechnic University*en,replace==San Francisco Bay University*en,replace==SFBU*en;NPU*en,replace==https://www.sfbu.edu,replace==https://en.wikipedia.org/wiki/San_Francisco_Bay_University,add==sfbu.edu,,,,,,,,,,,,
https://github.com/ror-community/ror-updates/issues/36761,https://ror.org/03p41j374,replace==Bomet University*en,,,replace==Bomet University College*en,replace==Bomet University*en,replace==BU*en;BUC*en,replace==https://www.bu.ac.ke,,replace==bu.ac.ke,,,,,,,,,,,,replace==200308
https://github.com/ror-community/ror-updates/issues/36774,https://ror.org/05wfna922,,,,add==VKV American Hospital*en;Koç Foundation American Hospital*en;American Hospital of Istanbul*en,,,replace==https://www.amerikanhastanesi.org,,add==amerikanhastanesi.org,,,,,,,,add==Q20476459,replace==Q20476459,,,
https://github.com/ror-community/ror-updates/issues/36777,https://ror.org/03aam9155,replace==KLE Academy of Higher Education and Research*en,,,replace==KLE University*en;KLE Academy of Higher Education & Research*en,replace==KLE Academy of Higher Education and Research*en,add==KAHER*en,replace==https://kaher.edu.in,,add==kaher.edu.in,replace==2006,,,,,,,,,,,
https://github.com/ror-community/ror-updates/issues/36788,https://ror.org/02n9z0v62,,,,add==Amity University Uttar Pradesh*en;Amity University Noida*en,,add==AUUP*en,,,,replace==2005,delete==501100009374,,,,,,,,,,
https://github.com/ror-community/ror-updates/issues/36793,https://ror.org/0052mmx10,replace==Bharati Vidyapeeth (Deemed to be University)*en,,add==funder,replace==Bharati Vidyapeeth Deemed University*en;भारती विद्यापीठ*hi,replace==Bharati Vidyapeeth (Deemed to be University)*en,add==BVDU*en,replace==https://www.bvuniversity.edu.in,,add==bvuniversity.edu.in,,add==100030775,replace==100030775,,,,,,,,,
https://github.com/ror-community/ror-updates/issues/36799,https://ror.org/03pzk6650,,,,add==César Ritz Colleges Switzerland*en,,,replace==https://www.cesarritzcolleges.edu,,add==cesarritzcolleges.edu,,,,,,,,,,,,replace==2661394
https://github.com/ror-community/ror-updates/issues/36800,https://ror.org/02xxpjq61,,,,add==IIM Bangalore*en,,,replace==https://www.iimb.ac.in,,add==iimb.ac.in,,,,,,,,,,,,
https://github.com/ror-community/ror-updates/issues/36823,https://ror.org/01nag1a70,,,,,,,,,,,,,,,,,replace==Q12486657,replace==Q12486657,,,replace==8581443
https://github.com/ror-community/ror-updates/issues/36827,https://ror.org/05natt857,replace==Musée national d'histoire naturelle Luxembourg*fr,,,replace==Musée National d'Histoire Naturelle*fr;Musée national d'histoire naturelle du Luxembourg*fr;Naturmusée*lb,replace==Musée national d'histoire naturelle Luxembourg*fr;National Museum of Natural History Luxembourg*en;Nationalmuseum für Naturgeschichte Luxemburg*de;Nationalmusée fir Naturgeschicht*lb,add==MNHNL*fr,replace==https://mnhn.public.lu,,add==mnhn.lu;mnhn.public.lu,replace==1854,,,,,,,,,,,
https://github.com/ror-community/ror-updates/issues/36833,https://ror.org/006cvtz77,replace==Abdullahi Fodio University of Science and Technology*en,,,"replace==Kebbi State University of Science and Technology*en;Kebbi State University of Science and Technology, Aliero*en;Abdullahi Fodio University of Science & Technology*en",replace==Abdullahi Fodio University of Science and Technology*en,replace==AFUSTA*en;KSUSTA*en,,,,,,,,,,,,,,,replace==2350428
https://github.com/ror-community/ror-updates/issues/36841,https://ror.org/02njbw696,,,,,,,,,add==unisimon.edu.co,,,,,,replace==0000 0004 0415 9238,replace==0000 0004 0415 9238,,,,,
https://github.com/ror-community/ror-updates/issues/36846,https://ror.org/034mtvk83,replace==LSU New Orleans*en,,,replace==University of New Orleans*en;Université de la nouvelle-orléans*fr,replace==LSU New Orleans*en,,replace==https://www.lsuneworleans.edu,,add==lsuneworleans.edu,,,,,,,,,,,,
https://github.com/ror-community/ror-updates/issues/36907,https://ror.org/02hdxnq28,replace==Deutsches Schifffahrtsmuseum*de,,,replace==Deutsches Schiffahrtsmuseum*de,replace==Deutsches Schifffahrtsmuseum*de;German Maritime Museum*en,,replace==https://www.dsm.museum,,add==dsm.museum,,,,,,,,,,,,
https://github.com/ror-community/ror-updates/issues/36918,https://ror.org/01nwfnh39,replace==Universal Technology and Management University*en,,,replace==Uganda Technology and Management University*en,replace==Universal Technology and Management University*en,,replace==https://utamu.ac.ug,,add==utamu.ac.ug,,,,,,,,,,,,
https://github.com/ror-community/ror-updates/issues/36926,https://ror.org/05y7edy46,,,,,,,replace==https://wku.edu.sd,,add==wku.edu.sd,replace==1997,,,,,,,,,,,replace==378699
https://github.com/ror-community/ror-updates/issues/36945,https://ror.org/058qr4y65,,replace==inactive,,add==GRC 21,,,,,,,,,,,,,,,,,
https://github.com/ror-community/ror-updates/issues/36956,https://ror.org/0531tjg57,replace==Middlesex University Mauritius*en,,,,replace==Middlesex University Mauritius*en,,,,,,,,,,,,,,,,
https://github.com/ror-community/ror-updates/issues/36958,https://ror.org/01rv4p989,replace==Middlesex University London*en,,replace==education,,replace==Middlesex University London*en,,,,,,,,,,,,,,,,
https://github.com/ror-community/ror-updates/issues/36946,https://ror.org/00adasd53,,,,replace==Paris Center for Quantum Technologies*en,,delete==PCQC,,,add==pcqt.fr,replace==2021,,,,,,,delete==Q51781455,delete==Q51781455,,,
https://github.com/ror-community/ror-updates/issues/36791,https://ror.org/04e7kpf57,,,,add==Thomas More University of Applied Sciences*en,,,,,,,,,,,,,,,,,
https://github.com/ror-community/ror-updates/issues/37133,https://ror.org/046f6cx68,,,,replace==藤田保健衛生大学*ja;Fujita Ika Daigaku*ja;Fujita Hoken Eisei Daigaku*ja,replace==Fujita Health University*en;藤田医科大学*ja,,replace==https://www.fujita-hu.ac.jp,,add==fujita-hu.ac.jp,,,,,,,,,,,,
https://github.com/ror-community/ror-updates/issues/38982,https://ror.org/02twcfp32,,,,,,,,,,,,,,,,,,,,,replace==4954265
https://github.com/ror-community/ror-updates/issues/39016,https://ror.org/01gavpb45,,,,,,replace==CIHR*en;IRSC*fr,,,,,,,,,,,,,,,
https://github.com/ror-community/ror-updates/issues/39028,https://ror.org/00hrdp362,,,,,,,replace==https://arbirds.org/Trust/,,,,,,,,,,,,,,
https://github.com/ror-community/ror-updates/issues/37324,https://ror.org/051wzgj54,,,,,add==Narotama University*en,,replace==https://narotama.ac.id,add==https://id.wikipedia.org/wiki/Universitas_Narotama,add==narotama.ac.id,,,,,,,,,,,,
https://github.com/ror-community/ror-updates/issues/37310,https://ror.org/02nx5r318,replace==The College of New Jersey*en,,,replace==College of New Jersey*en;New Jersey State Normal School*en;New Jersey State Teachers College*en;Trenton State College*en,replace==The College of New Jersey*en,,replace==https://tcnj.edu,,add==tcnj.edu,,,,,,,,,,,,
https://github.com/ror-community/ror-updates/issues/37209,https://ror.org/0433abe34,replace==K. N. Toosi University of Technology*en,,,add==K.N.Toosi University of Technology*en;Khaje Nasir Toosi University of Technology*en,replace==K. N. Toosi University of Technology*en;دانشگاه صنعتی خواجه نصیرالدین طوسی*fa,,replace==https://kntu.ac.ir,replace==https://en.wikipedia.org/wiki/K.N.Toosi_University_of_Technology,add==kntu.ac.ir,,,,,,,,,,,,
https://github.com/ror-community/ror-updates/issues/37182,https://ror.org/05adsq794,replace==D'Youville University*en,,,replace==D'Youville College*en,replace==D'Youville University*en,,replace==https://www.dyu.edu,replace==https://en.wikipedia.org/wiki/D%27Youville_University,add==dyu.edu,,,,,,,,,,,,
https://github.com/ror-community/ror-updates/issues/37179,https://ror.org/05m0z9f45,,,,,add==Duro Felguera*es,,replace==https://www.durofelguera.com,,add==durofelguera.com,,,,,,,,,,,,
https://github.com/ror-community/ror-updates/issues/37167,https://ror.org/0303yjn29,replace==Ukrainian Scientific Centre of Ecology of the Sea*en,,,replace==Ukrainian scientific center of Ecology of Sea*en; UkrSCES*en;УкрНЦЕМ*uk,replace==Ukrainian Scientific Centre of Ecology of the Sea*en;Український науковий центр екології моря*uk,delete,replace==https://sea.gov.ua,,add==sea.gov.ua,,,,,,,,,,,,
https://github.com/ror-community/ror-updates/issues/37157,https://ror.org/02th1pb96,replace==Ho Chi Minh City University of Foreign Languages - Information Technology*en,,,replace==Ho Chi Minh City University of Foreign Languages and Information Technology*en,replace==Ho Chi Minh City University of Foreign Languages - Information Technology*en;Trường Đại học Ngoại ngữ - Tin học TP. Hồ Chí Minh*vi,,,,,,,,,,,,,,,,
https://github.com/ror-community/ror-updates/issues/37380,https://ror.org/021f6nx58,,,,,,,,,,,,,,,,,,,,,
https://github.com/ror-community/ror-updates/issues/37379,https://ror.org/022my8t07,,,,,,,,,,,,,,,,,,,,,
https://github.com/ror-community/ror-updates/issues/37174,https://ror.org/033p9g875,,,,,,,,,,,,,,,,,,,,,
https://github.com/ror-community/ror-updates/issues/37135,https://ror.org/02z8rzb71,,,,,,,,,,,,,,,,,,,,,replace==1788466
https://github.com/ror-community/ror-updates/issues/37111,https://ror.org/035b05819,,,,add==Copenhagen University*en,,,,,,,replace==501100001734,,,,delete==0000 0001 0674 042X,,delete==Q263761,,,,
https://github.com/ror-community/ror-updates/issues/37098,https://ror.org/03ken7w58,replace==Batten University*en,,,replace==Virginia Wesleyan University*en;Virginia Wesleyan*en;Virginia Wesleyan College*en,replace==Batten University*en,,replace==https://www.batten.edu,replace==https://en.wikipedia.org/wiki/Batten_University,add==batten.edu,,,,,,,,,,,,
https://github.com/ror-community/ror-updates/issues/37023,https://ror.org/011g3me54,,,add==funder,,,,,,,,add==100032868,replace==100032868,,,,,,,,,
https://github.com/ror-community/ror-updates/issues/37000,https://ror.org/0499es143,replace==The University of Olivet*en,,,replace==Olivet College*en,replace==The University of Olivet*en,,replace==https://www.uolivet.edu,replace==https://en.wikipedia.org/wiki/University_of_Olivet,add==uolivet.edu,,,,,,,,,,,,
https://github.com/ror-community/ror-updates/issues/36975,https://ror.org/01hgeey64,replace==Siberian State University of Engineering and Biotechnology*en,,,replace==Novosibirsk State Agricultural University*en;University of Biotechnology*en;Университет биотехнологий*ru;Новосибирский государственный аграрный университет*ru,replace==Siberian State University of Engineering and Biotechnology*en;Сибирский государственный университет инженерии и биотехнологий*ru,,replace==https://edubiotech.ru,,add==edubiotech.ru,,,,,,,,,,,,
https://github.com/ror-community/ror-updates/issues/36969,https://ror.org/01zjrck77,,,,,,,replace==https://www.nu.edu,replace==https://en.wikipedia.org/wiki/National_University_%28San_Diego%2C_California%29,add==nu.edu,,,,,,,,,,,,replace==5391811
https://github.com/ror-community/ror-updates/issues/36966,https://ror.org/04mb5jg98,,replace==inactive,,,,,,,,,,,,,,,,,,,
https://github.com/ror-community/ror-updates/issues/36964,https://ror.org/04jnmn720,,,,add==EA 4223*fr;EA4223*fr,,,,,,,,,,,,,,,,,
https://github.com/ror-community/ror-updates/issues/37328,https://ror.org/02z79er63,replace==National University Hospital*en,,,add==Al Assad University Hospital*en;مستشفى الأسد الجامعي*ar,replace==National University Hospital*en;المستشفى الوطني الجامعي بدمشق*ar,,replace==http://www.nuhd.edu.sy,replace==https://en.wikipedia.org/wiki/National_University_Hospital_%28Damascus%29,add==nuhd.edu.sy,,,,,,,,,,,,
https://github.com/ror-community/ror-updates/issues/36998,https://ror.org/033rf4678,replace==Al-Farabi University*en,,,replace==Al-Farabi University College*en;كلية الفارابي الجامعة*ar,replace==Al-Farabi University*en;جامعة الفارابي*ar,,,replace==https://ar.wikipedia.org/wiki/%D8%AC%D8%A7%D9%85%D8%B9%D8%A9_%D8%A7%D9%84%D9%81%D8%A7%D8%B1%D8%A7%D8%A8%D9%8A_%28%D8%A7%D9%84%D8%B9%D8%B1%D8%A7%D9%82%29,,,,,,,,,,,,,
https://github.com/ror-community/ror-updates/issues/37210,https://ror.org/00gtb4z22,,replace==inactive,,,,,delete==https://ipag-kiev.org.ua/,,,,,,,,,,,,,,
https://github.com/ror-community/ror-updates/issues/37386,https://ror.org/0550dmh35,,,,,,,,,,,,,,,,,,,,,
https://github.com/ror-community/ror-updates/issues/37385,https://ror.org/02gam0808,,,,,,,,,,,,,,,,,,,,,
https://github.com/ror-community/ror-updates/issues/37383,https://ror.org/012t91r40,,,,,,,,,,,,,,,,,,,,,
https://github.com/ror-community/ror-updates/issues/37382,https://ror.org/01ws78v34,,,,,,,,,,,,,,,,,,,,,
https://github.com/ror-community/ror-updates/issues/37381,https://ror.org/04kgf6p94,,,,,,replace==PIIM*fr,,,,,,,,,,,,,,,
https://github.com/ror-community/ror-updates/issues/37416,https://ror.org/00jj62164,replace==Centre de recherche et de documentation sur l’Océanie*fr,,,replace==Centre de Recherche et de Documentation sur l'Océanie (CREDO)*fr;UMR 7308;UMR7308,replace==Centre de recherche et de documentation sur l’Océanie*fr,,replace==https://pacific-credo.fr,,add==pacific-credo.fr,,,,,,,,,,,,
https://github.com/ror-community/ror-updates/issues/37415,https://ror.org/00c62kq26,,,,add==UR 7492*fr;UR7492*fr,,,,,,,,,,,,,,,,,
https://github.com/ror-community/ror-updates/issues/37414,https://ror.org/0494jpz02,,,,,add==Cancer Research Center of Marseille*en,,,,,,,,,,,,,,,,
https://github.com/ror-community/ror-updates/issues/37413,https://ror.org/0494jpz02,,,,,add==Cancer Research Center of Marseille*en,,replace==https://crcm-marseille.fr,,add==crcm-marseille.fr,,,,,,,,,,,,
https://github.com/ror-community/ror-updates/issues/37412,https://ror.org/034bena10,,,,add==US012*fr,,,,,,,,,,,,,,,,,
https://github.com/ror-community/ror-updates/issues/37411,https://ror.org/034bena10,,,,,add==Center of ImmunoPHEnomics*en,,,,,,,,,,,,,,,,
https://github.com/ror-community/ror-updates/issues/37410,https://ror.org/034bena10,,,,,,,replace==https://www.ciphe.eu,,add==ciphe.eu,,,,,,,,,,,,
https://github.com/ror-community/ror-updates/issues/37409,https://ror.org/0257sgk90,,,,,,,,,,,,,,,,,,,,,
https://github.com/ror-community/ror-updates/issues/37408,https://ror.org/03vyjkj45,,,,,add==Center for Immunology of Marseille-Luminy*en,,replace==https://ciml.univ-mrs.fr,,replace==ciml.univ-mrs.fr,,,,,,,,,,,,
https://github.com/ror-community/ror-updates/issues/37407,https://ror.org/00axatv03,,,,,,,replace==https://www.cggg.fr,,add==cggg.fr,,,,,,,,,,,,
https://github.com/ror-community/ror-updates/issues/37403,https://ror.org/0060xzr04,,,,,add==Bioenergetics and Protein Engineering*en,,replace==https://bip.cnrs.fr,,,,,,,,,,,,,,
https://github.com/ror-community/ror-updates/issues/37401,https://ror.org/021x7r354,,,,add==UMR1163*fr;UMR 1163*fr,,,,,,,,,,,,,,,,,
https://github.com/ror-community/ror-updates/issues/37396,https://ror.org/04fc8dp24,,replace==inactive,,,,,,,,,,,,,,,,,,,
https://github.com/ror-community/ror-updates/issues/37395,https://ror.org/02aja8v82,,,,add==OpenEdition*en,,,,,,,,,,,,,,,,,
https://github.com/ror-community/ror-updates/issues/37389,https://ror.org/050gdsq06,,,,,,add==IDEAS*fr,,,,,,,,,,,,,,,
https://github.com/ror-community/ror-updates/issues/37388,https://ror.org/050gdsq06,replace==Institut d'ethnologie et d'anthropologie sociale*fr,,,add==Institut d'ethnologie méditerranéenne européenne et comparative*fr,replace==Institut d'ethnologie et d'anthropologie sociale*fr,,replace==https://ideas-cnrs.univ-amu.fr,,add==ideas-cnrs.univ-amu.fr,,,,,,,,,,,,
https://github.com/ror-community/ror-updates/issues/37417,https://ror.org/00jj62164,,,,,add==Oceania Research and Documentation Centre*en,,,,,,,,,,,,,,,,
https://github.com/ror-community/ror-updates/issues/37397,https://ror.org/04fc8dp24,,replace==inactive,,,,,,,,replace==2008,,,,,,,,,,,
https://github.com/ror-community/ror-updates/issues/37421,https://ror.org/02ek9wp67,,,,,,,,,,,,,,,,,,,,,
https://github.com/ror-community/ror-updates/issues/37423,https://ror.org/000d5zy28,,,,,add==Institute of Radical Chemistry*en,,replace==https://icr.univ-amu.fr,,add==icr.univ-amu.fr,,,,,,,,,,,,
https://github.com/ror-community/ror-updates/issues/37426,https://ror.org/050gdsq06,,,,add==IDEMEC*fr,,delete==IDEMEC*fr,,,,,,,,,,,,,,,
https://github.com/ror-community/ror-updates/issues/37427,https://ror.org/0238zyh04,,,,,,,,,,,,,,,,,,,,,
https://github.com/ror-community/ror-updates/issues/37428,https://ror.org/02jthx987,,,,add==UMR1249*fr;U1249*fr,,,,,,,,,,,,,,,,,
https://github.com/ror-community/ror-updates/issues/37429,https://ror.org/02jthx987,,,,,add==Institute of Mediterranean Neurobiology*en,,,,,,,,,,,,,,,,
https://github.com/ror-community/ror-updates/issues/37430,https://ror.org/019kqby73,,,,,,,,,,,,,,,,,,,,,
https://github.com/ror-community/ror-updates/issues/37431,https://ror.org/019kqby73,,,,,,,replace==https://ins-amu.fr,,add==ins-amu.fr,,,,,,,,,,,,
https://github.com/ror-community/ror-updates/issues/37434,https://ror.org/03r0cdk24,,,,,,,,,,,,,,,,,,,,,
https://github.com/ror-community/ror-updates/issues/37435,https://ror.org/037f3ga09,,,,,add==Institute of Research and Study on the Arab and Islamic Worlds*en,,,,,,,,,,,,,,,,
https://github.com/ror-community/ror-updates/issues/37439,https://ror.org/001ggbx22,,replace==inactive,,,,,,,,,,,,,,,,,,,
https://github.com/ror-community/ror-updates/issues/37440,https://ror.org/001z21q04,,,,,,,,,,,,,,,,,,,,,
https://github.com/ror-community/ror-updates/issues/37442,https://ror.org/002ty1h48,,,,,,,,,,,,,,,,,,,,,
https://github.com/ror-community/ror-updates/issues/37444,https://ror.org/004dan487,,,,,,,replace==https://www.chu-reunion.fr,,add==chu-reunion.fr,,,,,,,,,,,,replace==935264
https://github.com/ror-community/ror-updates/issues/37446,https://ror.org/0057kwj95,,replace==inactive,,,,,,,,,,,,,,,,,,,
https://github.com/ror-community/ror-updates/issues/37448,https://ror.org/0086rk289,,replace==inactive,,,,,,,,,,,,,,,,,,,
https://github.com/ror-community/ror-updates/issues/38484,https://ror.org/046yr3w90,,replace==withdrawn,,,,,,,,,,,,,,,,,,,
https://github.com/ror-community/ror-updates/issues/38485,https://ror.org/034w8b465,,,,"add==SEISA Gear, Ltd.*en;SEISA Gear*en;株式会社セイサ*ja",,,,,,,,,,,,,,,,,
https://github.com/ror-community/ror-updates/issues/38481,https://ror.org/01nz7sp31,,,,"add==Beijing Chemical Industry Research Institute Co., Ltd.*en;北京市化学工业研究院*zh",delete==北京市化学工业研究院*zh;add==北京市化学工业研究院有限责任公司*zh,,,,add==bciri.com.cn,,,,,,,,,,,,replace==1816670
https://github.com/ror-community/ror-updates/issues/38482,https://ror.org/01c6ft524,"replace==Sinopec Beijing Research Institute of Chemical Industry Co., Ltd.*en",,,"add==SINOPEC (Beijing) Research Institute of Chemical Industry Co., Ltd.*en;SINOPEC Beijing Research Institute of Chemical Industry*en","replace==Sinopec Beijing Research Institute of Chemical Industry Co., Ltd.*en;中石化（北京）化工研究院有限公司*zh",,replace==http://brici.sinopec.com,,replace==brici.sinopec.com,,,,,,,,delete==Q77078608,delete,,,
https://github.com/ror-community/ror-updates/issues/38873,https://ror.org/04jyxq429,,replace==inactive,,,,,delete,,delete,replace==2003,,,,,,,,,,,
https://github.com/ror-community/ror-updates/issues/38805,https://ror.org/026qp7597,,replace==inactive,replace==healthcare,add==Dr. Zekai Tahir Burak Kadın Sağlığı Eğitim ve Araştırma Hastanesi*tr,,,,,,,,,,,,,,,,,
https://github.com/ror-community/ror-updates/issues/38800,https://ror.org/016tfm930,,,,add==The University of Texas Medical Branch,,,,,,,,,,,,,,,,,
https://github.com/ror-community/ror-updates/issues/38799,https://ror.org/03s2y3a28,,,replace==nonprofit,,,,replace==https://www.lcmchealth.org/touro/foundation/about-the-touro-infirmary-foundation,,,,,,,,,,,,,,
https://github.com/ror-community/ror-updates/issues/38798,https://ror.org/02kwnkm68,replace==Henry Ford Health,,,add==Henry Ford Health System,replace==Henry Ford Health,,replace==https://www.henryford.com,,add==henryford.com,,,,,,,,,,,,
https://github.com/ror-community/ror-updates/issues/38797,https://ror.org/021036w13,,,,add==Belarus State University,,,,,,,,,,,,,,,,,
https://github.com/ror-community/ror-updates/issues/38796,https://ror.org/05xxfer42,,,,,add==Lusófona University,,replace==https://www.ulusofona.pt,,,,,,,,,,,,,,
https://github.com/ror-community/ror-updates/issues/38795,https://ror.org/027gkye86,replace==Institution genevoise de maintien à domicile,,,add==Geneva Institution for Home Care and Assistance,replace==Institution genevoise de maintien à domicile;The Geneva Institution of Home Care,,replace==https://www.imad-ge.ch,,add==imad-ge.ch,,,,,,,,,,,,replace==8468772
https://github.com/ror-community/ror-updates/issues/39164,https://ror.org/03v783k16,,,,,,,,,,,,,,,,,delete==Q7420443,,,,
https://github.com/ror-community/ror-updates/issues/39163,https://ror.org/00h4spn88,,,,,,,,,,,,,,,,,delete==Q6733207,,,,
https://github.com/ror-community/ror-updates/issues/39162,https://ror.org/04qs5en05,,,,,,,,,,,,,,,,,delete==Q7424451,,,,
https://github.com/ror-community/ror-updates/issues/39161,https://ror.org/01a3w2x24,,,,,,,,,,,,,,,,,delete==Q18125039,,,,
https://github.com/ror-community/ror-updates/issues/39160,https://ror.org/03h56sg55,,,,,,,,,,,,,,,,,delete==Q6358707,,,,
https://github.com/ror-community/ror-updates/issues/39159,https://ror.org/03dbr7087,,,,,,,,,,,delete==501100004730,,,,,,,,,,
https://github.com/ror-community/ror-updates/issues/39158,https://ror.org/02wq41p38,,,,,,,,,,,,,,,,,delete==Q39514561,,,,
https://github.com/ror-community/ror-updates/issues/39157,https://ror.org/03pydjx38,,,,,,,,,,,delete==100009089,,,,,,,,,,
https://github.com/ror-community/ror-updates/issues/39156,https://ror.org/00064jq14,,,,,,,,,,,,,,,delete==0000 0001 2186 8755,delete==0000 0001 2186 8755,,,,,
https://github.com/ror-community/ror-updates/issues/39172,https://ror.org/020z28a80,,,,,,,,,delete==tu-dresden.de,,,,,,,,,,,,
https://github.com/ror-community/ror-updates/issues/39171,https://ror.org/01y3nsv51,,,,,,,,,delete==inria.fr,,,,,,,,,,,,
https://github.com/ror-community/ror-updates/issues/39170,https://ror.org/014atn455,,,,,,,,,delete==inria.fr,,,,,,,,,,,,
https://github.com/ror-community/ror-updates/issues/39169,https://ror.org/057ne8428,,,,,,,,,delete==inria.fr,,,,,,,,,,,,
https://github.com/ror-community/ror-updates/issues/39168,https://ror.org/01zthd343,,,,,,,,,delete==inria.fr,,,,,,,,,,,,
https://github.com/ror-community/ror-updates/issues/39167,https://ror.org/05twhbr06,,,,,,,,,delete==inria.fr,,,,,,,,,,,,
https://github.com/ror-community/ror-updates/issues/39166,https://ror.org/0088kkx53,,,,,,,,,replace==ulm.edu.pk,,,,,,,,,,,,
https://github.com/ror-community/ror-updates/issues/39165,https://ror.org/0592f1d31,,,,,,,,,delete==crrcgc.cc,,,,,,,,,,,,
