html_url,id,names.types.ror_display,status,types,names.types.alias,names.types.label,names.types.acronym,links.type.website,links.type.wikipedia,domains,established,external_ids.type.fundref.all,external_ids.type.fundref.preferred,external_ids.type.grid.all,external_ids.type.grid.preferred,external_ids.type.isni.all,external_ids.type.isni.preferred,external_ids.type.wikidata.all,external_ids.type.wikidata.preferred,city,country,locations.geonames_id,ror_id,parent,child,related,successor,predecessor
,,"AGC Engineering Co., Ltd. (Japan)",active,company,AGC Engineering,"AGC Engineering Co., Ltd. (Japan); AGC Engineering Co., Ltd.; AGCエンジニアリング株式会社*ja",,https://www.agec.co.jp,,agec.co.jp,1959,,,,,,,,,Chiba,Japan,2113015,,https://ror.org/02nnhbq91,,,,
,,"AGC Seimi Chemical Co., Ltd. (Japan)",active,company,"Seimi Chemical Co., Ltd.","AGC Seimi Chemical Co., Ltd. (Japan); AGC Seimi Chemical Co., Ltd.; AGCセイミケミカル株式会社*ja",,https://www.seimichemical.co.jp,,seimichemical.co.jp,1947,,,,,,,,,Chigasaki,Japan,1864624,,https://ror.org/02nnhbq91,,,,
,,"AGC Techno Glass Co., Ltd. (Japan)",active,company,AGC Techno Glass,"AGC Techno Glass Co., Ltd. (Japan); AGC Techno Glass Co., Ltd.; AGCテクノグラス株式会社*ja",,https://atgc.co.jp,,atgc.co.jp,1999,,,,,,,Q107921371,Q107921371,Sumiyoshi,Japan,1851440,,https://ror.org/02nnhbq91,,,,
,,"AGC Plibrico Co., Ltd. (Japan)",active,company,AGC Plibrico,"AGC Plibrico Co., Ltd. (Japan); AGC Plibrico Co., Ltd.; AGCプライブリコ株式会社*ja",,https://www.plibrico.co.jp,,plibrico.co.jp,1954,,,,,,,Q11506853,Q11506853,Tokyo,Japan,1850147,,https://ror.org/02nnhbq91,,,,
,,"Molymer Matex Co., Ltd. (Japan)",active,company,"AGC Matex Co., Ltd.; AGCマテックス株式会社","Molymer Matex Co., Ltd. (Japan); Molymer Matex Co., Ltd.; モリマーマテックス株式会社*ja",,https://www.molymermatex.co.jp,,molymermatex.co.jp,1938,,,,,,,,,Sagamihara,Japan,11611609,,,,,,
,,BASF Japan Ltd. (Japan),active,company,BASF Japan,BASF Japan Ltd. (Japan); BASF Japan Ltd.; BASFジャパン株式会社*ja,,https://www.basf.com/jp,,basf.com,1949,,,,,,,Q11190879,Q11190879,Tokyo,Japan,1850147,,https://ror.org/01q8f6705,,,,
,,"DOWA Techno Engineering Co., Ltd. (Japan)",active,company,DOWA Techno Engineering,"DOWA Techno Engineering Co., Ltd. (Japan); DOWA Techno Engineering Co., Ltd.; DOWAテクノエンジ株式会社*ja",,https://www.dowatec.co.jp,,dowatec.co.jp,1972,,,,,,,,,Okayama,Japan,1854383,,,,,,
,,EIZO Corporation (Japan),active,company,,EIZO Corporation (Japan); EIZO Corporation; EIZO株式会社*ja,,https://www.eizoglobal.com,,eizoglobal.com,1968,,,,,,,,,Hakusan,Japan,1857470,,,,,,
,,GE Healthcare Japan Corporation (Japan),active,company,GE Healthcare Japan,GE Healthcare Japan Corporation (Japan); GE Healthcare Japan Corporation; GEヘルスケア・ジャパン株式会社*ja,,https://www.gehealthcare.co.jp,,gehealthcare.co.jp,1982,,,,,,,Q11201016,Q11201016,Hino,Japan,1862599,,https://ror.org/01bwa4v12,,,,
,,IDEC Corporation (Japan),active,company,,IDEC Corporation (Japan); IDEC Corporation; IDEC株式会社*ja,,https://www.idec.com,,idec.com,1947,,,,,,,Q5969993,Q5969993,Osaka,Japan,1853909,,,,,,
,,"IHI Transport Machinery Co., Ltd. (Japan)",active,company,IHI Transport Machinery,"IHI Transport Machinery Co., Ltd. (Japan); IHI Transport Machinery Co., Ltd.; IHI Parking Square Co., Ltd.; IHI運搬機械株式会社*ja; 株式会社IHIパーキングスクエア*ja",,https://www.ip2.co.jp,,ip2.co.jp,1973,,,,,,,,,Tokyo,Japan,1850147,,https://ror.org/018nb9n34,,,,
,,"J. Front Retailing Co., Ltd. (Japan)",active,company,J. Front Retailing,"J. Front Retailing Co., Ltd. (Japan); J. Front Retailing Co., Ltd.; J.フロントリテイリング株式会社*ja",,https://www.j-front-retailing.com,,j-front-retailing.com,2007,,,,,,,Q11225149,Q11225149,Tokyo,Japan,1850147,,,,,,
,,JFE Chemical Corporation (Japan),active,company,JFE Chemical,JFE Chemical Corporation (Japan); JFE Chemical Corporation; JFEケミカル株式会社*ja,,https://www.jfe-chem.com,,jfe-chem.com,2003,,,,,,,,,Tokyo,Japan,1850147,,,,,,
,,"JFE Container Co., Ltd. (Japan)",active,company,,"JFE Container Co., Ltd. (Japan); JFE Container Co., Ltd.; JFEコンテイナー株式会社*ja",,https://www.jfecon.jp,,jfecon.jp,1961,,,,,,,Q11225716,Q11225716,Tokyo,Japan,1850147,,,,,,
,,"JFE Systems, Inc. (Japan)",active,company,JFE SYSTEMS,"JFE Systems, Inc. (Japan); JFE Systems, Inc.; JFEシステムズ株式会社*ja",,https://www.jfe-systems.com,,jfe-systems.com,1983,,,,,,,Q11225717,Q11225717,Tokyo,Japan,1850147,,,,,,
,,JFE Civil Engineering & Construction Corp (Japan),active,company,JFE Civil Engineering & Construction,JFE Civil Engineering & Construction Corp (Japan); JFE Civil Engineering & Construction Corp; JFEシビル株式会社*ja,,https://www.jfe-civil.com,,jfe-civil.com,1972,,,,,,,,,Tokyo,Japan,1850147,,,,,,
,,JFE Steel Corporation (Japan),active,company,JFE Steel,JFE Steel Corporation (Japan); JFE Steel Corporation; JFEスチール株式会社*ja,,https://www.jfe-steel.co.jp,,jfe-steel.co.jp,1950,,,,,,,Q11225718,Q11225718,Tokyo,Japan,1850147,,https://ror.org/0289e7422,,,,
,,JFE Techno-Research Corporation (Japan),active,company,JFE Techno-Research,JFE Techno-Research Corporation (Japan); JFE Techno-Research Corporation; JFEテクノリサーチ株式会社*ja,,https://www.jfe-tec.co.jp,,jfe-tec.co.jp,2004,,,,,,,Q11225724,Q11225724,Tokyo,Japan,1850147,,,,,,
,,"JFE Plant Engineering Co., Ltd. (Japan)",active,company,JFE Plant Engineering,"JFE Plant Engineering Co., Ltd. (Japan); JFE Plant Engineering Co., Ltd.; JFEプラントエンジ株式会社*ja",,https://www.jfe-planteng.co.jp,,jfe-planteng.co.jp,1937,,,,,,,,,Tokyo,Japan,1850147,,,,,,
,,"JFE Mineral & Alloy Company, Ltd. (Japan)",active,company,JFE Mineral,"JFE Mineral & Alloy Company, Ltd. (Japan); JFE Mineral & Alloy Company, Ltd.; JFE Mineral Co., Ltd.; JFEミネラル株式会社*ja",,https://www.jfe-mineral.co.jp,,jfe-mineral.co.jp,2004,,,,,,,Q11225726,Q11225726,Tokyo,Japan,1850147,,,,,,https://ror.org/01b5g6d73
,,JFE Metal Products Corporation (Japan),active,company,JFE Metal Products & Engineering,JFE Metal Products Corporation (Japan); JFE Metal Products Corporation; JFE建材株式会社*ja,,https://jfe-kenzai.co.jp,,jfe-kenzai.co.jp,1960,,,,,,,,,Tokyo,Japan,1850147,,,,,,
,,"JFE Galvanizing & Coating Co., Ltd. (Japan)",active,company,JFE Galvanizing,"JFE Galvanizing & Coating Co., Ltd. (Japan); JFE Galvanizing & Coating Co., Ltd.; JFE鋼板株式会社*ja",,https://www.jfe-kouhan.co.jp,,jfe-kouhan.co.jp,1913,,,,,,,Q131911104,Q131911104,Tokyo,Japan,1850147,,,,,,
,,JFE Bars & Shapes Corporation (Japan),active,company,JFE BARS & Shapes,JFE Bars & Shapes Corporation (Japan); JFE Bars & Shapes Corporation; JFE条鋼株式会社*ja,,https://www.jfe-bs.co.jp,,jfe-bs.co.jp,1991,,,,,,,Q11225740,Q11225740,Tokyo,Japan,1850147,,,,,,
,,JFE Logistics Corporation (Japan),active,company,JFE Logistics,JFE Logistics Corporation (Japan); JFE Logistics Corporation; JFE物流株式会社*ja,,https://www.jfe-logistics.co.jp,,jfe-logistics.co.jp,2004,,,,,,,Q107921847,Q107921847,Tokyo,Japan,1850147,,,,,,
,,"JITSUBO Co., Ltd. (Japan)",active,company,,"JITSUBO Co., Ltd. (Japan); JITSUBO Co., Ltd.; Japan Innovative Technologies & Solutions For Ultimate BIO-Objectives; JITSUBO株式会社*ja",,https://www.jitsubo.com,,jitsubo.com,,,,,,,,,,Yokohama,Japan,1848354,,,,,,
,,JX Advanced Metals Corporation (Japan),active,company,JX Nippon Mining & Metals; JX Nippon Mining & Metals Corporation,JX Advanced Metals Corporation (Japan); JX Advanced Metals Corporation; JX金属株式会社*ja,,https://www.jx-nmm.com,,jx-nmm.com,2002,,,,,,,Q17210819,Q17210819,Tokyo,Japan,1850147,,,,,,
,,Kyoto Robotics Corporation (Japan),active,company,Kyoto Robotics,Kyoto Robotics Corporation (Japan); Kyoto Robotics Corporation; Kyoto Robotics株式会社*ja,KRC,https://www.kyotorobotics.co.jp,,kyotorobotics.co.jp,2000,,,,,,,,,Kusatsu,Japan,1858067,,https://ror.org/02exqgm79,,,,
,,"Meiji Seika Pharma Co., Ltd. (Japan)",active,company,Meiji Seika Pharma,"Meiji Seika Pharma Co., Ltd. (Japan); Meiji Seika Pharma Co., Ltd.; Meiji Seikaファルマ株式会社*ja",,https://www.meiji-seika-pharma.co.jp,,meiji-seika-pharma.co.jp,1916,,,,,,,Q11232923,Q11232923,Tokyo,Japan,1850147,,,,,,
,,"MS&AD InterRisk Research & Consulting, Inc. (Japan)",active,company,MS&AD Interrisk Research & Consulting,"MS&AD InterRisk Research & Consulting, Inc. (Japan); MS&AD InterRisk Research & Consulting, Inc.; MS&ADインターリスク総研株式会社*ja",,https://www.irric.co.jp,,irric.co.jp,1993,,,,,,,Q11287561,Q11287561,Tokyo,Japan,1850147,,,,,,
,,"NBC Co., Ltd. (Japan)",active,company,,"NBC Co., Ltd. (Japan); NBC Co., Ltd.; 株式会社エヌ・ビー・シー*ja; NBC株式会社*ja",NBC,https://nbcinc.co.jp,,nbcinc.co.jp,,,,,,,,,,Tokyo,Japan,1850147,,https://ror.org/02t19fx09,,,,
,,"NEC Platforms, Ltd. (Japan)",active,company,NEC Infrontia,"NEC Platforms, Ltd.; NECプラットフォームズ株式会社*ja; NEC Infrontia Corporation; NECインフロンティア株式会社*ja",,https://www.necplatforms.co.jp,,necplatforms.co.jp,1932,,,,,,,Q11234621,Q11234621,Tokyo,Japan,1850147,,https://ror.org/04jndar25,,,,
,,"NEC System Technologies, Ltd. (Japan)",active,company,NEC System Technologies,"NEC System Technologies, Ltd. (Japan); NEC System Technologies, Ltd.; NECシステムテクノロジー株式会社*ja",,http://www.necst.co.jp,,necst.co.jp,1977,,,,,,,Q11234624,Q11234624,Osaka,Japan,1853909,,https://ror.org/04jndar25,,,,
,,"NEC Space Technologies, Ltd. (Japan)",active,company,NEC Space Technologies,"NEC Space Technologies, Ltd. (Japan); NECスペーステクノロジー株式会社*ja",,https://www.necspace.co.jp/index.html,,necspace.co.jp,2001,,,,,,,Q11234650,Q11234650,Fuchū,Japan,11611632,,https://ror.org/04jndar25,,,,
,,"NEC Solution Innovators, Ltd. (Japan)",active,company,NEC Soft; NEC Solution Innovators,"NEC Solution Innovators, Ltd. (Japan); NEC Solution Innovators, Ltd.; NEC Soft, Ltd.; NECソリューションイノベータ*ja; NECソフト株式会社*ja",,https://www.nec-solutioninnovators.co.jp,,nec-solutioninnovators.co.jp,1975,,,,,,,Q6953432,Q6953432,Tokyo,Japan,1850147,,https://ror.org/04jndar25,,,,
,,NEC Networks & System Integration Corporation (Japan),active,company,NEC Networks & System Integration,NEC Networks & System Integration Corporation (Japan); NEC Networks & System Integration Corporation; NECネッツエスアイ株式会社*ja,,https://www.nesic.co.jp,,nesic.co.jp,1953,,,,,,,Q11234630,Q11234630,Tokyo,Japan,1850147,,https://ror.org/04jndar25,,,,
,,"NEC Fielding, Ltd. (Japan)",active,company,NEC Fielding.,"NEC Fielding, Ltd. (Japan); NEC Fielding, Ltd.; NECフィールディング株式会社*ja",,https://www.fielding.co.jp,,fielding.co.jp,1957,,,,,,,Q11234633,Q11234633,Tokyo,Japan,1850147,,https://ror.org/04jndar25,,,,
,,"NISSHA Co., Ltd. (Japan)",active,company,NISSHA,"NISSHA Co., Ltd. (Japan); NISSHA Co., Ltd.; NISSHA株式会社*ja",,https://www.nissha.com,,nissha.com,1946,,,,,,,Q11507356,Q11507356,Kyoto,Japan,1857910,,,,,,
,,"NKK Switches Co., Ltd. (Japan)",active,company,NKK Switches.,"NKK Switches Co., Ltd. (Japan); NKK Switches Co., Ltd.; NKKスイッチズ株式会社*ja",,https://www.nkkswitches.co.jp,,nkkswitches.co.jp,1953,,,,,,,Q11509331,Q11509331,Kawasaki,Japan,1859642,,,,,,
,,NTN Advanced Materials Corporation (Japan),active,company,NTN Advanced Materials,NTN Advanced Materials Corporation (Japan); NTN Advanced Materials Corporation; NTNアドバンストマテリアルズ株式会社*ja,,https://www.ntn-amc.com,,ntn-amc.com,1966,,,,,,,,,Kanie,Japan,1860191,,https://ror.org/01f10xn48,,,,
,,NTT Innovative Devices Corporation (Japan),active,company,NTT Electronics Corporation; NTTエレクトロニクス株式会社; NTT Electronics,NTT Innovative Devices Corporation (Japan); NTT Innovative Devices Corporation; NTTイノベーティブデバイス株式会社*ja,,https://www.ntt-innovative-devices.com,,ntt-innovative-devices.com,1982,,,,,,,,,Yokohama,Japan,1848354,,https://ror.org/00berct97,,,,
,,NTT TechnoCross Corporation (Japan),active,company,NTT TechnoCross,NTT TechnoCross Corporation (Japan); NTT TechnoCross Corporation; NTTテクノクロス株式会社*ja,,https://www.ntt-tx.com,,ntt-tx.com,1985,,,,,,,,,Tokyo,Japan,1850147,,https://ror.org/00berct97,,,,
,,Santec Corporation (Japan),active,company,Santec,Santec Corporation (Japan); Santec Corporation; santec株式会社*ja,,https://www.santec.com,,santec.com,1979,,,,,,,,,Komaki,Japan,1858926,,,,,,
,,"SBI Business Solutions Co., Ltd. (Japan)",active,company,SBI Business Solutions,"SBI Business Solutions Co., Ltd.; SBI Business Solutions Co., Ltd. (Japan); SBIビジネス・ソリューションズ株式会社*ja",,https://www.sbi-bs.co.jp,,sbi-bs.co.jp,1989,,,,,,,,,Tokyo,Japan,1850147,,,,,,
,,"SEC Carbon, Ltd. (Japan)",active,company,SEC Carbon,"SEC Carbon, Ltd. (Japan); SECカーボン株式会社*ja",,https://sec-carbon.com,,sec-carbon.com,1934,,,,,,,Q11242835,Q11242835,Amagasaki,Japan,1865387,,,,,,
,,"SMC Preconcrete Co., Ltd. (Japan)",active,company,SMC Preconcrete,"SMC Preconcrete Co., Ltd. (Japan); SMC Preconcrete Co., Ltd.; SMCプレコンクリート株式会社*ja",,https://www.precon.co.jp,,precon.co.jp,1982,,,,,,,,,Tokyo,Japan,1850147,,,,,,
,,SUBARU TECHNO Corporation (Japan),active,company,SUBARU Techno,SUBARU TECHNO Corporation (Japan); SUBARU TECHNO Corporation; SUBARUテクノ株式会社*ja,,https://stc-web.subaru.co.jp,,subaru.co.jp,1985,,,,,,,,,Mitaka,Japan,11790343,,https://ror.org/03xgxw153,,,,
,,TDC SOFT Inc. (Japan),active,company,TDC Software Engineering Inc.; TDCソフトウェアエンジニアリング株式会社,TDC SOFT Inc. (Japan); TDC SOFT Inc.; TDCソフト株式会社*ja,,https://www.tdc.co.jp,,tdc.co.jp,1963,,,,,,,Q11248393,Q11248393,Tokyo,Japan,1850147,,,,,,
,,"THK Intechs Co., Ltd. (Japan)",active,company,THK Intechs,"THK Intechs Co., Ltd. (Japan); THK Intechs Co., Ltd.; THKインテックス株式会社*ja",,https://www.thkintechs.co.jp,,thkintechs.co.jp,,,,,,,,,,Tokyo,Japan,1850147,,https://ror.org/02ex0xe53,,,,
,,"Rhythm Automotive Japan Co., Ltd. (Japan)",active,company,THK RHYTHM,"Rhythm Automotive Japan Co., Ltd. (Japan); Rhythm Automotive Japan Co., Ltd.; THK RHYTHM Co., Ltd.; リズム・オートモーティブ・ジャパン株式会社*ja; THKリズム株式会社*ja",,http://www.rhythm-mp.co.jp,,rhythm-mp.co.jp,1961,,,,,,,,,Hamamatsu,Japan,1863289,,,,,,
,,TOA Corporation (Japan),active,company,,TOA Corporation (Japan); TOA Corporation; TOA株式会社*ja,,https://www.toa.co.jp,,toa.co.jp,1949,,,,,,,Q4204767,Q4204767,Kobe,Japan,1859171,,,,,,
,,"TONE Co., Ltd. (Japan)",active,company,,"TONE Co., Ltd. (Japan); TONE Co., Ltd.; TONE株式会社*ja",,https://www.tonetool.co.jp,,tonetool.co.jp,1938,,,,,,,Q11397747,Q11397747,Tokyo,Japan,1850147,,,,,,
,,TOWA Corporation (Japan),active,company,,TOWA Corporation (Japan); TOWA Corporation; TOWA株式会社*ja,,https://www.towajapan.co.jp,,towajapan.co.jp,1979,,,,,,,Q11249950,Q11249950,Kyoto,Japan,1857910,,,,,,
,,"TPR Co., Ltd. (Japan)",active,company,,"TPR Co., Ltd. (Japan); TPR Co., Ltd.; TPR株式会社*ja",,https://www.tpr.co.jp,,tpr.co.jp,1939,,,,,,,Q11250008,Q11250008,Tokyo,Japan,1850147,,,,,,
,,International Flavors & Fragrances Ltd. (Japan),active,company,International Flavors & Fragrances,International Flavors & Fragrances Ltd. (Japan); International Flavors & Fragrances Ltd.; アイ・エフ・エフ日本株式会社*ja,,https://www.iff.com,,iff.com,,,,,,,,,,Tokyo,Japan,1850147,,https://ror.org/02nma1c30,,,,
,,"AICA TECH Kenzai Co., Ltd. (Japan)",active,company,AICA TECH Kenzai,"AICA TECH Kenzai Co., Ltd. (Japan); AICA TECH Kenzai Co., Ltd.; アイカテック建材株式会社*ja",,https://www.aica-tech.co.jp,,aica-tech.co.jp,2015,,,,,,,Q11357036,Q11357036,Tokyo,Japan,1850147,,,,,,
,,"AICA Kogyo Co., Ltd. (Japan)",active,company,AICA Kogyo,"AICA Kogyo Co., Ltd. (Japan); AICA Kogyo Co., Ltd.; アイカ工業株式会社*ja",,https://www.aica.co.jp,,aica.co.jp,1936,,,,,,,Q11282086,Q11282086,Kiyosu,Japan,1859210,,,,,,
,,"Aisin Chemical Co., Ltd. (Japan)",inactive,company,,"Aisin Chemical Co., Ltd. (Japan); Aisin Chemical Co., Ltd.; アイシン化工株式会社*ja",,https://www.aisin-chem.co.jp,,aisin-chem.co.jp,1952,,,,,,,,,Toyota,Japan,1849814,,https://ror.org/00vtxwp63,,,https://ror.org/00vtxwp63,
,,Aicello Corporation (Japan),active,company,"Aicello Chemical Co., Ltd.; アイセロ化学株式会社",Aicello Corporation (Japan); Aicello Corporation; 株式会社アイセロ*ja,,https://www.aicello.co.jp,,aicello.co.jp,1948,,,,,,,Q11282215,Q11282215,Toyohashi,Japan,1849846,,,,,,
,,Akatsuki Corp. (Japan),active,company,Akatsuki Financial Group,Akatsuki Corp. (Japan); Akatsuki Corp.; 株式会社あかつき本社*ja,,https://www.akatsuki-fg.com,,akatsuki-fg.com,1950,,,,,,,Q11256864,Q11256864,Tokyo,Japan,1850147,,,,,,
,,"Asahi Group Foods, Ltd. (Japan)",active,company,Asahi Group Foods,"Asahi Group Foods, Ltd. (Japan); Asahi Group Foods, Ltd.; アサヒグループ食品株式会社*ja",,https://www.asahi-gf.co.jp,,asahi-gf.co.jp,2015,,,,,,,Q22123668,Q22123668,Tokyo,Japan,1850147,,,,,,
,,Asahi Pretec Corp. (Japan),active,company,Asahi Pretec,Asahi Pretec Corp. (Japan); Asahi Pretec Corp.; アサヒプリテック株式会社*ja,,https://www.asahipretec.com,,asahipretec.com,2023,,,,,,,,,Kobe,Japan,1859171,,,,,,
,,"Asahi Soft Drinks Co., Ltd. (Japan)",active,company,Asahi SOFT Drinks,"Asahi Soft Drinks Co., Ltd. (Japan); Asahi Soft Drinks Co., Ltd.; アサヒ飲料株式会社*ja",,https://www.asahiinryo.co.jp,,asahiinryo.co.jp,1982,,,,,,,Q1833890,Q1833890,Tokyo,Japan,1850147,,,,,,
,,"Asahi EITO Co., Ltd. (Japan)",active,company,Asahi EITO,"Asahi EITO Co., Ltd. (Japan); Asahi EITO Co., Ltd.; アサヒ衞陶株式会社*ja",,https://www.asahieito.co.jp,,asahieito.co.jp,2023,,,,,,,,,Osaka,Japan,1853909,,,,,,
,,"ASIA AIR Survey Co., Ltd. (Japan)",active,company,ASIA AIR Survey,"ASIA AIR Survey Co., Ltd. (Japan); ASIA AIR Survey Co., Ltd.; アジア航測株式会社*ja",,https://www.ajiko.co.jp/index.html,,ajiko.co.jp,1954,,,,,,,Q11283384,Q11283384,Tokyo,Japan,1850147,,,,,,
,,"Azbil Kimmon Co., Ltd. (Japan)",active,company,Azbil Kimmon,"Azbil Kimmon Co., Ltd. (Japan); Azbil Kimmon Co., Ltd.; アズビル金門株式会社*ja",,https://ak.azbil.com,,azbil.com,1948,,,,,,,Q11283599,Q11283599,Tokyo,Japan,1850147,,https://ror.org/0316d5p98,,,,
,,Aplix Corporation (Japan),active,company,,Aplix Corporation (Japan); Aplix Corporation; 株式会社アプリックス*ja; アプリックスIPホールディングス株式会社*ja,,https://www.aplix.co.jp,,aplix.co.jp,1986,,,,,,,Q119658596,Q119658596,Tokyo,Japan,1850147,,,,,,
,,Amano Corporation (Japan),active,company,,Amano Corporation (Japan); Amano Corporation; アマノ株式会社*ja,,https://www.amano.co.jp,,amano.co.jp,1945,,,,,,,Q11284890,Q11284890,Yokohama,Japan,1848354,,,,,,
,,Ulvac Coating Corporation (Japan),active,company,Ulvac Coating,Ulvac Coating Corporation (Japan); Ulvac Coating Corporation; アルバック成膜株式会社*ja,,https://www.ulcoat.co.jp/profile,,ulcoat.co.jp,1979,,,,,,,,,Chichibu,Japan,1864637,,https://ror.org/02xnwme44,,,,
,,"Ichikawa Co., Ltd. (Japan)",active,company,Ichikawa,"Ichikawa Co., Ltd. (Japan); Ichikawa Co., Ltd.; イチカワ株式会社*ja",,https://www.ik-felt.co.jp,,ik-felt.co.jp,1949,,,,,,,Q11286747,Q11286747,Tokyo,Japan,1850147,,,,,,
,,"Idea International Co., Ltd. (Japan)",active,company,Idea International,"Idea International Co., Ltd. (Japan); Idea International Co., Ltd.; Idea International Corporation; イデア・インターナショナル株式会社*ja",,https://www.lic60.info,,lic60.info,2011,,,,,,,,,Sendai,Japan,2111149,,,,,,
,,"IDEA Consultants, Inc. (Japan)",active,company,IDEA Consultants,"IDEA Consultants, Inc. (Japan); IDEA Consultants, Inc.; いであ株式会社*ja",,https://www.ideacon.co.jp,,ideacon.co.jp,1968,,,,,,,Q11259772,Q11259772,Tokyo,Japan,1850147,,,,,,
,,Ihara Science Corporation (Japan),active,company,Ihara Science,Ihara Science Corporation (Japan); Ihara Science Corporation; イハラサイエンス株式会社*ja,,https://www.ihara-sc.co.jp,,ihara-sc.co.jp,1947,,,,,,,,,Tokyo,Japan,1850147,,,,,,
,,"Ihara Nikkei Chemical Industry Co., Ltd. (Japan)",active,company,Ihara Nikkei Chemical Industry,"Ihara Nikkei Chemical Industry Co., Ltd. (Japan); Ihara Nikkei Chemical Industry Co., Ltd.; イハラニッケイ化学工業株式会社*ja",,https://www.iharanikkei.net,,iharanikkei.net,1979,,,,,,,,,Shizuoka,Japan,1851717,,,,,,
,,"Ibiden Greentec Co., Ltd. (Japan)",active,company,Ibiden Greentec,"Ibiden Greentec Co., Ltd. (Japan); Ibiden Greentec Co., Ltd.; イビデングリーンテック株式会社*ja",,https://www.ibiden-greentec.co.jp,,ibiden-greentec.co.jp,1959,,,,,,,,,Ōgaki,Japan,1854703,,https://ror.org/04343ty25,,,,
,,Intec WEB And Genome Informatics Corporation (Japan),active,company,Intec WEB And Genome Informatics,Intec WEB And Genome Informatics Corporation (Japan); Intec WEB And Genome Informatics Corporation; インテック・ウェブ・アンド・ゲノム・インフォマティクス株式会社*ja,,http://www.intec-si.co.jp,,intec-si.co.jp,1989,,,,,0000 0004 1757 7930,0000 0004 1757 7930,Q11287586,Q11287586,Tokyo,Japan,1850147,,,,,,
,,"Vstone Co., Ltd. (Japan)",active,company,V Stone,"Vstone Co., Ltd. (Japan); Vstone Co., Ltd.; ヴイストン株式会社*ja",,https://www.vstone.co.jp,,vstone.co.jp,2000,,,,,,,Q11352116,Q11352116,Osaka,Japan,1853909,,,,,,
,,Walbro Japan (Japan),active,company,,Walbro Japan (Japan); Walbro Japan; ウォルブロー株式会社*ja,,https://walbro.com,,walbro.com,,,,,,,,,,Tokyo,Japan,1850147,,,,,,
,,AIR Water Inc. (Japan),active,company,AIR Water,AIR Water Inc. (Japan); AIR Water Inc.; エア・ウォーター株式会社*ja,,https://www.awi.co.jp,,awi.co.jp,1929,,,,,,,Q11289523,Q11289523,Osaka,Japan,1853909,,,,,,
,,"AIR Products Japan, Inc. (Japan)",active,company,AIR Products Japan,"AIR Products Japan, Inc. (Japan); AIR Products Japan, Inc.; エアープロダクツジャパン株式会社*ja",,https://www.airproducts.co.jp,,airproducts.co.jp,,,,,,,,,,Tokyo,Japan,1850147,,https://ror.org/01ydrx675,,,,
,,Ecolab K.K. (Japan),active,company,Ecolab,Ecolab K.K. (Japan); Ecolab K.K.; エコラボ株式会社*ja,,https://en-jp.ecolab.com,,ecolab.com,,,,,,,,,,Tokyo,Japan,1850147,,https://ror.org/02029yx61,,,,
,,Ecolab G.K. (Japan),active,company,,Ecolab G.K. (Japan); Ecolab G.K.; エコラボ合同会社*ja,,https://en-jp.ecolab.com,,ecolab.com,1969,,,,,,,,,Tokyo,Japan,1850147,,https://ror.org/02029yx61,,,,
,,S.T. Corporation (Japan),active,company,"S.T. Chemical Co., Ltd.; エステー化学株式会社; エステー",S.T. Corporation (Japan); S.T. Corporation; エステー株式会社*ja,,https://www.st-c.co.jp,,st-c.co.jp,1948,,,,,,,Q11290062,Q11290062,Tokyo,Japan,1850147,,,,,,
,,S&B Foods Inc. (Japan),active,company,S & B Foods,S&B Foods Inc. (Japan); S&B Foods Inc.; エスビー食品株式会社*ja,,https://www.sbfoods.co.jp,,sbfoods.co.jp,1940,,,,,,,Q11290090,Q11290090,Tokyo,Japan,1850147,,,,,,
,,S Foods Inc. (Japan),active,company,S Foods,S Foods Inc. (Japan); S Foods Inc.; エスフーズ株式会社*ja,,https://www.sfoods.co.jp,,sfoods.co.jp,1967,,,,,,,Q11290098,Q11290098,Nishinomiya,Japan,1855207,,,,,,
,,Espec Techno Corp. (Japan),active,company,Espec Techno,Espec Techno Corp. (Japan); Espec Techno Corp.; エスペックテクノ株式会社*ja,,http://www.espec-techno.com,,espec-techno.com,1969,,,,,,,,,Kobe,Japan,1859171,,,,,,
,,ESPEC TEST SYSTEM CORP. (Japan),active,company,ESPEC TECHNO CORP.,ESPEC TEST SYSTEM CORP. (Japan); ESPEC TEST SYSTEM CORP.; エスペックテストシステム株式会社*ja,,http://www.espec-techno.com,,espec-techno.com,1969,,,,,,,,,Kobe,Japan,1859171,,,,,,
,,Espec Corp. (Japan),active,company,,Espec Corp. (Japan); Espec Corp.; エスペック株式会社*ja,,https://www.espec.co.jp,,espec.co.jp,1954,,,,,,,Q11290108,Q11290108,Osaka,Japan,1853909,,,,,,
,,Energy Support Corporation (Japan),active,company,Energy Support,Energy Support Corporation; エナジーサポート株式会社*ja,,https://www.energys.co.jp,,energys.co.jp,1949,,,,,,,Q11290384,Q11290384,Inuyama,Japan,1861528,,https://ror.org/02he16z20,,,,
,,NTT Advanced Technology Corporation (Japan),active,company,NTT Advanced Technology,NTT Advanced Technology Corporation (Japan); NTT Advanced Technology Corporation; NTTアドバンステクノロジ株式会社*ja,,https://www.ntt-at.co.jp,,ntt-at.co.jp,1976,,,,,,,Q17219549,Q17219549,Tokyo,Japan,1850147,,https://ror.org/00berct97,,,,
,,NTT Communications Corporation (Japan),active,company,NTT Communications,NTT Communications Corporation (Japan); NTT Communications Corporation; エヌ・ティ・ティ・コミュニケーションズ株式会社*ja,,https://www.ntt.com,,ntt.com,1999,,,,,,,Q6955512,Q6955512,Tokyo,Japan,1850147,,https://ror.org/00berct97,,,,
,,NTT Comware Corporation (Japan),active,company,NTT Comware,NTT Comware Corporation (Japan); NTT Comware Corporation; エヌ・ティ・ティ・コムウェア株式会社*ja,,https://www.nttcom.co.jp,,nttcom.co.jp,1997,,,,,,,Q6955510,Q6955510,Tokyo,Japan,1850147,,https://ror.org/00berct97,,,,
,,NTT Software Corporation (Japan),active,company,NTT Software,NTT Software Corporation (Japan); NTT Software Corporation; エヌ・ティ・ティ・ソフトウェア株式会社*ja,,https://www.ntt-tx.co.jp,,ntt-tx.co.jp,1985,,,,,,,Q11236050,Q11236050,Tokyo,Japan,1850147,,https://ror.org/00berct97,,,,
,,"NTT Mobile Communications Network, Inc. (Japan)",active,company,NTT Mobile Communications Network,"NTT Mobile Communications Network, Inc. (Japan); NTT Mobile Communications Network, Inc.; NTT DoCoMo, Inc.; エヌ・ティ・ティ移動通信網株式会社*ja; 株式会社NTTドコモ*ja",,https://www.docomo.ne.jp,,docomo.ne.jp,1991,,,,,,,Q853958,Q853958,Tokyo,Japan,1850147,,https://ror.org/00berct97,,,,
,,"Ebara Foods Industry, Inc. (Japan)",active,company,Ebara Foods Industry.,"Ebara Foods Industry, Inc. (Japan); Ebara Foods Industry, Inc.; エバラ食品工業株式会社*ja",,https://en.ebarafoods.com,,ebarafoods.com,1958,,,,,,,Q11290491,Q11290491,Yokohama,Japan,1848354,,,,,,
,,"Oerlikon Japan Co., Ltd. (Japan)",active,company,Oerlikon Japan,"Oerlikon Japan Co., Ltd. (Japan); Oerlikon Japan Co., Ltd.; エリコンジャパン株式会社*ja",,https://www.oerlikon.com/about-us/locations/oerlikon-in-japan,,oerlikon.com,,,,,,,,,,Hiratsuka,Japan,1862462,,https://ror.org/00s7bz409,,,,
,,Oerlikon Metco (japan) Ltd. (Japan),active,company,Oerlikon Metco (japan),Oerlikon Metco (japan) Ltd. (Japan); Oerlikon Metco (japan) Ltd.; エリコンメテコジャパン株式会社*ja,,https://www.oerlikon.com/metco/about-us/locations/oerlikon-tokyo,,oerlikon.com,,,,,,,,,,Tokyo,Japan,1850147,,https://ror.org/00s7bz409,,,,
,,"O. H Industrial Co., Ltd. (Japan)",active,company,O. H Industrial,"O. H Industrial Co., Ltd. (Japan); オーエッチ工業株式会社*ja",,https://www.ohnet.co.jp,,ohnet.co.jp,1954,,,,,,,Q24870729,Q24870729,Higashiosaka,Japan,1862752,,,,,,
,,"O. M Industry Co., Ltd. (Japan)",active,company,O. M Industry,"O. M Industry Co., Ltd. (Japan); O. M Industry Co., Ltd.; オーエム工業株式会社*ja",,https://www.om-industry.co.jp,,om-industry.co.jp,1949,,,,,,,,,Suminoe-ku,Japan,7391697,,,,,,
,,Okuma Corporation (Japan),active,company,,Okuma Corporation (Japan); Okuma Corporation; オークマ株式会社*ja,,https://www.okuma.co.jp,,okuma.co.jp,1918,,,,,,,Q13479653,Q13479653,Ōguchi,Japan,13132739,,,,,,
,,"Okura Yusoki Co., Ltd. (Japan)",active,company,Okura Yusoki,"Okura Yusoki Co., Ltd. (Japan); Okura Yusoki Co., Ltd.; オークラ輸送機株式会社*ja",,https://www.okurayusoki.co.jp,,okurayusoki.co.jp,1960,,,,,,,Q11293164,Q11293164,Kakogawa,Japan,1860704,,,,,,
,,"Okamoto Industries, Inc. (Japan)",active,company,Okamoto Industries,"Okamoto Industries, Inc. (Japan); Okamoto Industries, Inc.; オカモト株式会社*ja",,https://www.okamoto-inc.jp,,okamoto-inc.jp,1934,,,,,,,Q4045699,Q4045699,Tokyo,Japan,1850147,,,,,,
,,"Ogura Jewel Industry Co., Ltd. (Japan)",active,company,Ogura Jewel Industry,"Ogura Jewel Industry Co., Ltd. (Japan); Ogura Jewel Industry Co., Ltd.; オグラ宝石精機工業株式会社*ja",,https://www.ogura-indus.co.jp,,ogura-indus.co.jp,1938,,,,,,,,,Tokyo,Japan,1850147,,,,,,
,,Omron Sinic X Corporation (Japan),active,company,Omron Sinic X,Omron Sinic X Corporation (Japan); Omron Sinic X Corporation; オムロンサイニックエックス株式会社*ja,OSX,https://www.omron.com/sinicx/about,,omron.com,2018,,,,,,,,,Tokyo,Japan,1850147,,https://ror.org/00q0w1h45,,,,
,,"Omron Software Co., Ltd. (Japan)",active,company,Omron Software,"Omron Software Co., Ltd. (Japan); Omron Software Co., Ltd.; OMRON DIGITAL Co., Ltd.; オムロンソフトウェア株式会社*ja; オムロン デジタル株式会社*ja",,https://www.omron.com/digital/,,omron.com,1976,,,,,,,,,Mukō,Japan,1856456,,https://ror.org/00q0w1h45,,,,
,,"Oriental Chain MFG. Co., Ltd. (Japan)",active,company,Oriental Chain MFG.,"Oriental Chain MFG. Co., Ltd. (Japan); Oriental Chain MFG. Co., Ltd.; オリエンタルチエン工業株式会社*ja",,https://www.ocm.co.jp,,ocm.co.jp,1947,,,,,,,Q11292548,Q11292548,Matsutō,Japan,1857470,,,,,,
,,"Oriental Yeast Co., Ltd. (Japan)",active,company,Oriental Yeast,"Oriental Yeast Co., Ltd. (Japan); Oriental Yeast Co., Ltd.; オリエンタル酵母工業株式会社*ja",OYC,https://www.oyc.co.jp,,oyc.co.jp,1929,,,,,,,Q11292570,Q11292570,Tokyo,Japan,1850147,,https://ror.org/04xq9nz88,,,,
,,Oriental Shiraishi Corporation (Japan),active,company,Oriental Shiraishi,Oriental Shiraishi Corporation (Japan); Oriental Shiraishi Corporation; オリエンタル白石株式会社*ja,,https://www.orsc.co.jp,,orsc.co.jp,1952,,,,,,,Q11292569,Q11292569,Tokyo,Japan,1850147,,,,,,
,,"Orion Breweries, Ltd. (Japan)",active,company,Orion Breweries,"Orion Breweries, Ltd. (Japan); Orion Breweries, Ltd.; オリオンビール株式会社*ja",,https://www.orionbeer.co.jp,,orionbeer.co.jp,1957,,,,,,,Q7102771,Q7102771,Tomigusuku,Japan,1850108,,,,,,
,,"Orion Machinery Co., Ltd. (Japan)",active,company,Orion Machinery,"Orion Machinery Co., Ltd. (Japan); Orion Machinery Co., Ltd.; オリオン機械株式会社*ja",,https://www.orionkikai.co.jp,,orionkikai.co.jp,1946,,,,,,,,,Suzaka,Japan,1851357,,,,,,
,,OSferionBiomaterials Corp. (Japan),active,company,Olympus Terumo Biomaterials,OSferionBiomaterials Corp.; オスフェリオンバイオマテリアル株式会社*ja; Olympus Terumo Biomaterials Corp.; オリンパステルモバイオマテリアル株式会社*ja,,https://www.biomaterial.co.jp,,biomaterial.co.jp,2004,,,,,,,,,Tokyo,Japan,1850147,,,,,,
,,Shirakawa Olympus Corporation (Japan),active,company,Olympus,Shirakawa Olympus Corporation (Japan); Shirakawa Olympus Corporation; 白河オリンパス株式会社*ja,,https://www.shirakawa.olympus.co.jp,,shirakawa.olympus.co.jp,1978,,,,,,,,,Kumakura,Japan,2112108,,https://ror.org/01v0pgv63,,,,
,,"Kikukawa Enterprise, Inc. (Japan)",active,company,Kikukawa Enterprise,"Kikukawa Enterprise, Inc. (Japan); Kikukawa Enterprise, Inc.; キクカワエンタープライズ株式会社*ja",,https://en.kikukawa.co.jp,,kikukawa.co.jp,1954,,,,,,,Q11296613,Q11296613,Ise,Japan,1861450,,,,,,
,,"Kikkoman Soyfoods Co., Ltd. (Japan)",active,company,,"Kikkoman Soyfoods Co., Ltd. (Japan); Kikkoman Soyfoods Co., Ltd.; キッコーマンソイフーズ株式会社*ja",,https://www.k-tounyu.jp/company/,,k-tounyu.jp,1939,,,,,,,,,Tokyo,Japan,1850147,,https://ror.org/00z0d6447,,,,
,,Kikkoman Foods Inc (Japan),active,company,Kikkoman Foods,Kikkoman Foods Inc (Japan); Kikkoman Foods Inc; キッコーマン食品株式会社*ja,,https://www.kikkoman.co.jp,,kikkoman.co.jp,2009,,,,,,,,,Noda,Japan,1855078,,https://ror.org/00z0d6447,,,,
,,Canon IT Solutions Inc. (Japan),active,company,Canon IT Solutions,Canon IT Solutions Inc. (Japan); Canon IT Solutions Inc.; キヤノンITソリューションズ株式会社*ja,,https://www.canon-its.co.jp,,canon-its.co.jp,1982,,,,,,,Q17190699,Q17190699,Tokyo,Japan,1850147,,,,,,
,,Canon Semiconductor Equipment Inc. (Japan),active,company,Canon Semiconductor Equipment,Canon Semiconductor Equipment Inc. (Japan); キヤノンセミコンダクターエクィップメント株式会社*ja,,https://semicon.canon,,semicon.canon,1917,,,,,,,,,Ami,Japan,2113115,,https://ror.org/05gg0gh87,,,,
,,Canon Software Inc. (Japan),active,company,Canon Software,Canon Software Inc. (Japan); Canon Software Inc.; キヤノンソフトウェア株式会社*ja,,http://www.canon-soft.co.jp,,canon-soft.co.jp,1974,,,,,,,Q11297427,Q11297427,Tokyo,Japan,1850147,,,,,,
,,Canon Finetech Nisca Inc. (Japan),active,company,Canon Finetech Nisca,Canon Finetech Nisca Inc. (Japan); Canon Finetech Nisca Inc.; キヤノンファインテックニスカ株式会社*ja,,https://ftn.canon,,ftn.canon,1953,,,,,,,Q11297431,Q11297431,Misato,Japan,6822137,,https://ror.org/05gg0gh87,,,,
,,Canon Precision Inc. (Japan),active,company,Canon Precision,Canon Precision Inc. (Japan); Canon Precision Inc.; キヤノンプレシジョン株式会社*ja,,https://prec.canon,,prec.canon,2004,,,,,,,,,Hirosaki,Japan,2130057,,https://ror.org/05gg0gh87,,,,
,,Canon Machinery Inc. (Japan),active,company,Canon Machinery,Canon Machinery Inc. (Japan); Canon Machinery Inc.; キヤノンマシナリー株式会社*ja,,https://machinery.canon,,machinery.canon,1972,,,,,,,,,Kusatsu,Japan,1858067,,https://ror.org/05gg0gh87,,,,
,,Oita Canon Inc. (Japan),active,company,,Oita Canon Inc. (Japan); Oita Canon Inc.; 大分キヤノン株式会社*ja,,https://oita.canon,,oita.canon,1982,,,,,,,,,Kunisaki,Japan,11612682,,https://ror.org/05gg0gh87,,,,
,,Canon Electronics Inc. (Japan),active,company,Canon Electronics,Canon Electronics Inc. (Japan); Canon Electronics Inc.; キヤノン電子株式会社*ja,,https://en.canon-elec.co.jp,,canon-elec.co.jp,1954,,,,,,,Q11297441,Q11297441,Chichibu,Japan,1864637,,https://ror.org/05gg0gh87,,,,
,,"Kyorin Rimedio Co., Ltd. (Japan)",active,company,Kyorin Rimedio,"Kyorin Rimedio Co., Ltd. (Japan); Kyorin Rimedio Co., Ltd.; キョーリンリメディオ株式会社*ja",,https://www.kyorin-rmd.co.jp,,kyorin-rmd.co.jp,1947,,,,,,,Q11297587,Q11297587,Kanazawa,Japan,1860243,,https://ror.org/01kenqt68,,,,
,,"Kirin Engineering Co., Ltd. (Japan)",active,company,Kirin Engineering,"Kirin Engineering Co., Ltd. (Japan); Kirin Engineering Co., Ltd.; キリンエンジニアリング株式会社*ja",,https://www.kirineng.co.jp,,kirineng.co.jp,1988,,,,,,,,,Yokohama,Japan,1848354,,https://ror.org/0586k5242,,,,
,,"Kirin Brewery Company, Limited (Japan)",active,company,Kirin Brewery Company,"Kirin Brewery Company, Limited (Japan); Kirin Brewery Company, Limited; キリンビール株式会社*ja",,https://www.kirinichiban.com,,kirinichiban.com,1998,,,,,0000 0001 2192 0891,0000 0001 2192 0891,,,Tokyo,Japan,1850147,,https://ror.org/04h6fcw63,,,,
,,Kubota Kasui Corporation (Japan),active,company,Kubota Kasui,Kubota Kasui Corporation (Japan); Kubota Kasui Corporation; クボタ化水株式会社*ja,,https://www.kubota-kasui.jp,,kubota-kasui.jp,2012,,,,,,,,,Tokyo,Japan,1850147,,https://ror.org/036krca38,,,,
,,"Kubota Air Conditioner Co., Ltd. (Japan)",active,company,Kubota AIR Conditioner,"Kubota Air Conditioner Co., Ltd. (Japan); Kubota Air Conditioner Co., Ltd.; クボタ空調株式会社*ja",,https://kubota-airconditioner.co.jp,,kubota-airconditioner.co.jp,1970,,,,,,,,,Tokyo,Japan,1850147,,https://ror.org/036krca38,,,,
,,Clariant (Japan),active,company,,Clariant (Japan); クラリアントジャパン株式会社*ja,,https://www.clariant.com,,clariant.com,1966,,,,,,,,,Tokyo,Japan,1850147,,https://ror.org/0465c8g46,,,,
,,Clariant Catalysts (Japan) K.K. (Japan),active,company,Clariant Catalysts (japan),Clariant Catalysts (Japan) K.K. (Japan); Clariant Catalysts (Japan) K.K.; クラリアント触媒株式会社*ja,,https://www.clariant.com/Business-Units/Catalysts,,clariant.com,,,,,,,,,,Tokyo,Japan,1850147,,https://ror.org/0465c8g46,,,,
,,Kuraray Engineering Co. Ltd. (Japan),active,company,Kuraray Engineering,Kuraray Engineering Co. Ltd. (Japan); Kuraray Engineering Co. Ltd.; クラレエンジニアリング株式会社*ja,,https://www.kuraray-eng.jp,,kuraray-eng.jp,1977,,,,,,,,,Okayama,Japan,1854383,,https://ror.org/05km1vk92,,,,
,,"Kuraray Chemical Co., Ltd. (Japan)",inactive,company,Kuraray Chemical,"Kuraray Chemical Co., Ltd. (Japan); Kuraray Chemical Co., Ltd.; クラレケミカル株式会社*ja",,https://www.kuraray-c.co.jp,,kuraray-c.co.jp,1940,,,,,,,,,Bizen,Japan,11611946,,https://ror.org/05km1vk92,,,https://ror.org/05km1vk92,
,,"Kuraray Plastics Co., Ltd. (Japan)",active,company,Kuraray Plastics,"Kuraray Plastics Co., Ltd. (Japan); Kuraray Plastics Co., Ltd.; クラレプラスチックス株式会社*ja",,https://plastics.kuraray.com,,kurarayplastics.co.jp,1934,,,,,,,,,Osaka,Japan,1853909,,https://ror.org/05km1vk92,,,,
,,"Maxell Kureha Co., Ltd. (Japan)",active,company,"Kureha Elastomer Co., Ltd.; Kureha Elastomer; クレハエラストマー株式会社","Maxell Kureha Co., Ltd. (Japan); Maxell Kureha Co., Ltd.; マクセルクレハ株式会社*ja",,https://www.kurehae.maxell.co.jp,,maxell.co.jp,1943,,,,,,,,,Osaka,Japan,1853909,,https://ror.org/01qfa5t68,,,,
,,"Glory Industrial Co., Ltd. (Japan)",active,company,,"Glory Industrial Co., Ltd. (Japan); Glory Industrial Co., Ltd.; グローリー工業株式会社*ja",,https://www.glorykogyo.co.jp,,glorykogyo.co.jp,2010,,,,,,,,,Yokohama,Japan,1848354,,,,,,
,,"Gunze Kobunshi Co., Ltd. (Japan)",active,company,Gunze Kobunshi,"Gunze Kobunshi Co., Ltd. (Japan); Gunze Kobunshi Co., Ltd.; グンゼ高分子株式会社*ja",,https://www.gunze.co.jp/koubunshi/,,gunze.co.jp,1949,,,,,,,,,Isehara,Japan,1861449,,https://ror.org/033yxp207,,,,
,,"Kohjin Bio Co., Ltd. (Japan)",active,company,Kohjin Bio,"Kohjin Bio Co., Ltd. (Japan); Kohjin Bio Co., Ltd.; コージンバイオ株式会社*ja",,https://kohjin-bio.jp,,kohjin-bio.jp,1981,,,,,,,Q125660077,Q125660077,Sakado,Japan,1853209,,,,,,
,,"Kohnan Shoji Co., Ltd. (Japan)",active,company,Kohnan Shoji,"Kohnan Shoji Co., Ltd. (Japan); Kohnan Shoji Co., Ltd.; コーナン商事株式会社*ja",,https://www.hc-kohnan.com,,hc-kohnan.com,1978,,,,,,,Q11303403,Q11303403,Osaka,Japan,1853909,,,,,,
,,Coca-Cola Bottlers Japan Inc. (Japan),active,company,Coca-Cola East Japan,Coca-Cola Bottlers Japan Inc. (Japan); Coca-Cola Bottlers Japan Inc.; コカ・コーラボトラーズジャパン株式会社*ja,,https://www.ccbji.co.jp,,ccbji.co.jp,2001,,,,,,,Q11301895,Q11301895,Tokyo,Japan,1850147,,,,,,
,,"COCA-COLA WEST Company, Limited (Japan)",active,company,COCA-COLA WEST Company,"COCA-COLA WEST Company, Limited (Japan); COCA-COLA WEST Company, Limited; コカ・コーラウエスト株式会社*ja",,http://www.ccwest.co.jp,,ccwest.co.jp,,,,,,,,Q11301897,Q11301897,Fukuoka,Japan,1863967,,,,,,
,,"Cosmo KOKI Co., Ltd. (Japan)",active,company,Cosmo KOKI,"Cosmo KOKI Co., Ltd. (Japan); Cosmo KOKI Co., Ltd.; コスモ工機株式会社*ja",,https://www.cosmo-koki.co.jp,,cosmo-koki.co.jp,1959,,,,,,,,,Tokyo,Japan,1850147,,,,,,
,,Komatsu NTC Ltd. (Japan),active,company,Komatsu NTC,Komatsu NTC Ltd. (Japan); Komatsu NTC Ltd.; コマツNTC株式会社*ja,,https://ntc.komatsu,,ntc.komatsu,1950,,,,,,,,,Nanto,Japan,6822123,,https://ror.org/03s23ay81,,,,
,,"Komatsu Utility Co., Ltd. (Japan)",inactive,company,Komatsu Utility,"Komatsu Utility Co., Ltd. (Japan); Komatsu Utility Co., Ltd.; コマツユーティリティ株式会社*ja",,http://www.komatsu-utility.co.jp,,,1948,,,,,,,Q11302433,Q11302433,Oyama,Japan,1853483,,,,,https://ror.org/03s23ay81,
,,"Corona Electric Co., Ltd. (Japan)",active,company,Corona Electric,"Corona Electric Co., Ltd. (Japan); Corona Electric Co., Ltd.; コロナ電気株式会社*ja",,https://www.corona-el.co.jp/default.htm,,corona-el.co.jp,1952,,,,,,,Q117188920,Q117188920,Hitachi-Naka,Japan,6822096,,,,,,
,,The PACK Corp. (Japan),active,company,The PACK,The PACK Corp. (Japan); The PACK Corp.; ザ・パック株式会社*ja,,https://www.thepack.co.jp,,thepack.co.jp,1952,,,,,,,Q11306657,Q11306657,Osaka,Japan,1853909,,,,,,
,,Science Farm Ltd. (Japan),active,company,Science Farm,Science Farm Ltd. (Japan); Science Farm Ltd.; サイエンスファーム株式会社*ja,,https://www.sciencefarm.online,,sciencefarm.online,2018,,,,,,,,,Kumamoto,Japan,1858421,,,,,,
,,"Sakai OVEX Co., Ltd. (Japan)",active,company,Sakai OVEX,"Sakai OVEX Co., Ltd. (Japan); Sakai OVEX Co., Ltd.; サカイオーベックス株式会社*ja",,https://www.sakaiovex.co.jp,,sakaiovex.co.jp,1934,,,,,,,Q11304381,Q11304381,Fukui-shi,Japan,1863985,,,,,,
,,Sakata INX Corporation (Japan),active,company,Sakata INX,Sakata INX Corporation (Japan); Sakata INX Corporation; サカタインクス株式会社*ja,,https://www.inx.co.jp,,inx.co.jp,1920,,,,,,,Q11304398,Q11304398,Osaka,Japan,1853909,,,,,,
,,"SAN-EI Sucrochemical Co., Ltd. (Japan)",active,company,SAN-EI Sucrochemical,"SAN-EI Sucrochemical Co., Ltd. (Japan); SAN-EI Sucrochemical Co., Ltd.; サンエイ糖化株式会社*ja",,https://www.sanei-toka.co.jp,,sanei-toka.co.jp,1987,,,,,,,Q11305457,Q11305457,Chita,Japan,6822211,,,,,,
,,"Sanko Techno Co., Ltd. (Japan)",active,company,Sanko Techno,"Sanko Techno Co., Ltd. (Japan); Sanko Techno Co., Ltd.; サンコーテクノ株式会社*ja",,https://sanko-techno.co.jp,,sanko-techno.co.jp,1964,,,,,,,Q11305563,Q11305563,Nagareyama,Japan,1856184,,,,,,
,,Saint-Gobain TM K.K. (Japan),active,company,Saint-Gobain TM,Saint-Gobain TM K.K. (Japan); Saint-Gobain TM K.K.; サンゴバン・ティーエム株式会社*ja,,https://www.saint-gobain.co.jp/tm/,,saint-gobain.co.jp,1966,,,,,,,,,Tokyo,Japan,1850147,,https://ror.org/02fdb8q57,,,,
,,Sunstar Engineering Inc. (Japan),active,company,Sunstar Engineering,Sunstar Engineering Inc. (Japan); Sunstar Engineering Inc.; サンスター技研株式会社*ja,,https://www.sunstar-engineering.com,,sunstar-engineering.com,1954,,,,,,,Q11305621,Q11305621,Takatsuki,Japan,1850910,,,,https://ror.org/01mtp2k51,,
,,Suntory Wellness Limited (Japan),active,company,Suntory Wellness,Suntory Wellness Limited (Japan); Suntory Wellness Limited; サントリーウエルネス株式会社*ja,,https://www.suntory.com/group/suntorywellnesslimited,,suntory.com,2009,,,,,,,,,Tokyo,Japan,1850147,,https://ror.org/02jg1fa85,,,,
,,Suntory Global Innovation Center Ltd. (Japan),active,company,Suntory Global Innovation Center,Suntory Global Innovation Center Ltd. (Japan); Suntory Global Innovation Center Ltd.; サントリーグローバルイノベーションセンター株式会社*ja,SIC,https://www.suntory.com/sic,,suntory.com,2013,,,,,,,,,Tokyo,Japan,1850147,,https://ror.org/02jg1fa85,,,,
,,SAN Nopco Limited (Japan),active,company,SAN Nopco,SAN Nopco Limited (Japan); SAN Nopco Limited; サンノプコ株式会社*ja,,https://www.sannopco.co.jp,,sannopco.co.jp,1966,,,,,,,Q11305881,Q11305881,Kyoto,Japan,1857910,,https://ror.org/03wrs2f16,,,,
,,"SUN Medical Co., Ltd. (Japan)",active,company,SUN Medical,"SUN Medical Co., Ltd. (Japan); SUN Medical Co., Ltd.; サンメディカル株式会社*ja",,https://www.sunmedical.co.jp/index.html,,sunmedical.co.jp,1981,,,,,,,,,Moriyama,Japan,1856569,,,,,,
,,Sanyo Homes Corporation (Japan),active,company,Sanyo Homes,Sanyo Homes Corporation (Japan); Sanyo Homes Corporation; サンヨーホームズ株式会社*ja,,https://www.sanyohomes.co.jp,,sanyohomes.co.jp,1969,,,,,,,Q11306022,Q11306022,Osaka,Japan,1853909,,,,,,
,,Sunrise Corporation (Japan),active,company,Sunrise MSI Corporation; Sunrise MSI; サンライズMSI株式会社,Sunrise Corporation (Japan); Sunrise Corporation; サンライズ株式会社*ja,,https://www.sunrise-bg.co.jp,,sunrise-bg.co.jp,1967,,,,,,,,,Osaka,Japan,1853909,,,,,,
,,Sunrock Company Limited (Japan),active,company,Sunrock Company,Sunrock Company Limited (Japan); Sunrock Company Limited; サンロック工業株式会社*ja,,https://sunrock.jp,,sunrock.jp,1952,,,,,,,,,Osaka,Japan,1853909,,,,,,
,,Sanwa Comsys Engineering Corporation (Japan),active,company,Sanwa Comsys Engineering,Sanwa Comsys Engineering Corporation (Japan); Sanwa Comsys Engineering Corporation; サンワコムシスエンジニアリング株式会社*ja,,https://www.sancom-eng.co.jp,,sancom-eng.co.jp,1947,,,,,,,Q11306095,Q11306095,Tokyo,Japan,1850147,,https://ror.org/05jh2ar45,,,,
,,GE HealthCare (Japan),active,company,GE Yokogawa Medical Systems,"GE HealthCare (Japan); GE HealthCare Japan; GE Yokogawa Medical SYSTEMS,LTD.; GEヘルスケア・ジャパン株式会社*ja; GE横河メディカルシステム株式会社*ja",,https://www.gehealthcare.co.jp,,gehealthcare.co.jp,1983,,,,,,,Q11201016,Q11201016,Hino,Japan,1862599,,https://ror.org/01bwa4v12,,,,
,,"Shionogi TechnoAdvance Research Co., Ltd. (Japan)",active,company,Shionogi Technoadvance Research,"Shionogi TechnoAdvance Research Co., Ltd. (Japan); Shionogi TechnoAdvance Research Co., Ltd.; シオノギテクノアドバンスリサーチ株式会社*ja",,https://www.shionogi.com/star/jp/ja/,,shionogi.com,2010,,,,,,,,,Toyonaka,Japan,1849837,,https://ror.org/01v3bqg10,,,,
,,System Environment Planning Consultant (Japan),active,company,,System Environment Planning Consultant (Japan); System Environment Planning Consultant; システム環境計画コンサルタント株式会社*ja,,http://www.sepc.co.jp,,sepc.co.jp,1989,,,,,,,,,Himeji,Japan,1862627,,,,,,
,,"Citizen Seimitsu Co., Ltd. (Japan)",active,company,Citizen Seimitsu,"Citizen Seimitsu Co., Ltd. (Japan); Citizen Seimitsu Co., Ltd.; シチズンセイミツ株式会社*ja",,http://seimitsu.citizen.co.jp,,citizen.co.jp,1960,,,,,,,,,Fujikawaguchiko,Japan,7281819,,https://ror.org/00zdzyj46,,,,
,,"Citizen Finedevice Co., Ltd. (Japan)",active,company,Citizen Finedevice; Citizen Finetech Miyota,"Citizen Finedevice Co., Ltd.; Citizen Finedevice Co., Ltd. (Japan); シチズンファインデバイス株式会社*ja",,https://cfd.citizen.co.jp,,citizen.co.jp,1959,,,,,,,Q6716544,Q6716544,Fujikawaguchiko,Japan,7281819,,https://ror.org/00zdzyj46,,,,
,,"Citizen Machinery Co., Ltd. (Japan)",active,company,Citizen Machinery,"Citizen Machinery Co., Ltd. (Japan); Citizen Machinery Co., Ltd.; シチズンマシナリー株式会社*ja",,https://cmj.citizen.co.jp,,citizen.co.jp,1943,,,,,,,Q11307243,Q11307243,Miyota,Japan,11350714,,https://ror.org/00zdzyj46,,,,
,,"Citizen Electronics Co., Ltd. (Japan)",active,company,Citizen Electronics,"Citizen Electronics Co., Ltd. (Japan); Citizen Electronics Co., Ltd.; シチズン電子株式会社*ja",,https://ce.citizen.co.jp,,citizen.co.jp,1970,,,,,,,Q11307246,Q11307246,Fujiyoshida,Japan,10629856,,https://ror.org/00zdzyj46,,,,
,,"Sinanen Co., Ltd. (Japan)",active,company,Shinagawa FUEL,"Sinanen Co., Ltd. (Japan); Sinanen Co., Ltd.; シナネン株式会社*ja",,https://sinanen.com,,sinanen.com,2015,,,,,,,,,Tokyo,Japan,1850147,,https://ror.org/044w1h350,,,,
,,"Shibuya Seiki Co., Ltd. (Japan)",active,company,Shibuya Seiki,"Shibuya Seiki Co., Ltd.; Shibuya Seiki Co., Ltd. (Japan); シブヤ精機株式会社*ja",,http://www.shibuya-sss.co.jp,,shibuya-sss.co.jp,2011,,,,,,,Q11307508,Q11307508,Kanazawa,Japan,1860243,,https://ror.org/03t1ztz45,,,,
,,Japan Food&liquor Alliance Inc. (Japan),active,company,Japan Food&liquor Alliance,Japan Food&liquor Alliance Inc. (Japan); Japan Food&liquor Alliance Inc.; ジャパン・フード&リカー・アライアンス株式会社*ja,,https://j-fla.com,,j-fla.com,1944,,,,,,,Q11310046,Q11310046,Horikoshi,Japan,6417759,,,,,,
,,Japan Coating Resin Corporation (Japan),active,company,Japan Coating Resin,"Japan Coating Resin Corporation (Japan); Japan Coating Resin Corporation; Japan Coating Resin Co., Ltd.; ジャパンコーティングレジン株式会社*ja",,https://www.jc-resin.com,,jc-resin.com,1959,,,,,,,,,Osaka,Japan,1853909,,https://ror.org/05d8avs16,,,,
,,"Japan Composite Co., Ltd. (Japan)",active,company,Japan Composite,"Japan Composite Co., Ltd. (Japan); Japan Composite Co., Ltd.; ジャパンコンポジット株式会社*ja",,https://www.j-comp.co.jp,,j-comp.co.jp,2003,,,,,,,,,Tokyo,Japan,1850147,,https://ror.org/05wh5fw51; https://ror.org/02s3d9n87,,,,
,,Japan PILE Corporation (Japan),active,company,Japan PILE,Japan PILE Corporation (Japan); Japan PILE Corporation; ジャパンパイル株式会社*ja,,https://www.japanpile.co.jp,,japanpile.co.jp,2015,,,,,,,,,Tokyo,Japan,1850147,,,,,,
,,Japan Marine United Corporation (Japan),active,company,Japan Marine United,Japan Marine United Corporation (Japan); Japan Marine United Corporation; ジャパンマリンユナイテッド株式会社*ja,JMU,https://www.jmuc.co.jp,,jmuc.co.jp,2013,,,,,,,Q11309941,Q11309941,Yokohama,Japan,1848354,,https://ror.org/00452b662,,,,
,,SKY Perfect JSAT Corporation (Japan),active,company,SKY Perfect JSAT,SKY Perfect JSAT Corporation (Japan); SKY Perfect JSAT Corporation; スカパーJSAT株式会社*ja,,https://www.skyperfectjsat.space,,skyperfectjsat.space,2007,,,,,,,Q845363,Q845363,Tokyo,Japan,1850147,,,,,,
,,"Suga Test Instruments Co., Ltd. (Japan)",active,company,SUGA TEST Instruments,"Suga Test Instruments Co., Ltd. (Japan); Suga Test Instruments Co., Ltd.; スガ試験機株式会社*ja",,https://www.sugatest.co.jp,,sugatest.co.jp,,,,,,,,Q11311375,Q11311375,Tokyo,Japan,1850147,,,,,,
,,"Suzuka FINE Co., Ltd. (Japan)",active,company,Suzuka FINE,"Suzuka FINE Co., Ltd. (Japan); Suzuka FINE Co., Ltd.; スズカファイン株式会社*ja",,https://www.suzukafine.co.jp,,suzukafine.co.jp,1948,,,,,,,,,Yokkaichi,Japan,1848373,,https://ror.org/027g4ww47,,,,
,,"STAR Micronics Co., Ltd. (Japan)",active,company,STAR Micronics,"STAR Micronics Co., Ltd. (Japan); STAR Micronics Co., Ltd.; スター精密株式会社*ja",,https://star-m.jp,,star-m.jp,1950,,,,,,,Q1322517,Q1322517,Shizuoka,Japan,1851717,,,,,,
,,Stella Chemifa Corporation (Japan),active,company,Stella Chemifa,Stella Chemifa Corporation (Japan); Stella Chemifa Corporation; ステラケミファ株式会社*ja,,https://www.stella-chemifa.co.jp,,stella-chemifa.co.jp,1944,,,,,,,Q11312306,Q11312306,Osaka,Japan,1853909,,,,,,
,,SNOW Dream Corporation (Japan),active,company,SNOW Dream,SNOW Dream Corporation (Japan); SNOW Dream Corporation; スノードリーム株式会社*ja,,https://www.snowdream.co.jp,,snowdream.co.jp,2005,,,,,,,,,Yokohama,Japan,1848354,,,,,,
,,Seiko Instruments Inc. (Japan),active,company,Seiko Instruments; セイコーインスツルメンツ株式会社,Seiko Instruments Inc. (Japan); Seiko Instruments Inc.; セイコーインスツル株式会社*ja,SII,https://www.sii.co.jp,,sii.co.jp,1937,,,,,,,Q378215,Q378215,Chiba,Japan,2113015,,https://ror.org/042n1zz26,,,,
,,"The Sailor PEN Co., Ltd. (Japan)",active,company,The Sailor PEN,"The Sailor PEN Co., Ltd. (Japan); The Sailor PEN Co., Ltd.; セーラー万年筆株式会社*ja",,https://en.sailor.co.jp,,sailor.co.jp,1932,,,,,,,Q11314885,Q11314885,Kure,Japan,1858296,,,,,,
,,"Haneda Zenith Co., Ltd. (Japan)",active,company,Haneda Zenith,"Haneda Zenith Co., Ltd. (Japan); Haneda Zenith Co., Ltd.; ゼニス羽田株式会社*ja",,http://vertexgrp.co.jp,,vertexgrp.co.jp,1935,,,,,,,,,Chiyoda City,Japan,11749713,,,,,,https://ror.org/03xveyy82
,,"General Packer Co., Ltd. (Japan)",active,company,General Packer,"General Packer Co., Ltd. (Japan); General Packer Co., Ltd.; ゼネラルパッカー株式会社*ja",,https://www.general-packer.co.jp,,general-packer.co.jp,1961,,,,,,,Q11314945,Q11314945,Kitanagoya,Japan,6822208,,,,,,
,,"General Robotix, Inc. (Japan)",active,company,General Robotix,"General Robotix, Inc. (Japan); General Robotix, Inc.; ゼネラルロボティックス株式会社*ja",,http://www.generalrobotix.com,,generalrobotix.com,2002,,,,,,,,,Tsukuba,Japan,2110681,,,,,,
,,"General Co., Ltd. (Japan)",active,company,General,"General Co., Ltd. (Japan); General Co., Ltd.; ゼネラル株式会社*ja",,https://www.general.co.jp,,general.co.jp,1914,,,,,,,,,Tokyo,Japan,1850147,,,,,,
,,"Cell-Medicine, Inc. (Japan)",active,company,CELL-Medicine,"Cell-Medicine, Inc. (Japan); Cell-Medicine, Inc.; セルメディシン株式会社*ja",CMI,https://www.cell-medicine.com,,cell-medicine.com,2001,,,,,,,,,Tsukuba,Japan,2110681,,,,,,
,,"Central Conveyor Co., Ltd. (Japan)",active,company,Central Conveyor,"Central Conveyor Co., Ltd. (Japan); Central Conveyor Co., Ltd.; セントラルコンベヤー株式会社*ja",,https://centralcv.co.jp,,centralcv.co.jp,1961,,,,,,,,,Kōta,Japan,13132741,,,,,,
,,Sony Global Manufacturing & Operations Corporation (Japan),active,company,Sony EMCS Corporation; Sony EMCS; ソニーイーエムシーエス株式会社,Sony Global Manufacturing & Operations Corporation (Japan); Sony Global Manufacturing & Operations Corporation; ソニーグローバルマニュファクチャリング＆オペレーションズ株式会社*ja,,https://www.sony-global-mo.co.jp,,sony-global-mo.co.jp,2001,,,,,,,Q11315177,Q11315177,Tokyo,Japan,1850147,,https://ror.org/04wzv3n59,,,,
,,Sony Semiconductor Corporation (Japan),active,company,Sony Semiconductor,Sony Semiconductor Corporation (Japan); Sony Semiconductor Corporation; ソニーセミコンダクタ株式会社*ja,,https://www.sony-semicon.com,,sony-semicon.com,2001,,,,,,,Q11315187,Q11315187,Okino,Japan,11172649,,https://ror.org/01xjq1e85,,,,
,,Sony Financial Group Inc. (Japan),active,company,Sony Financial Holdings,Sony Financial Group Inc. (Japan); Sony Financial Group Inc.; ソニーフィナンシャルグループ株式会社*ja,,https://www.sonyfg.co.jp,,sonyfg.co.jp,2004,,,,,,,Q2629382,Q2629382,Tokyo,Japan,1850147,,,,,,
,,Sony Manufacturing Systems Corporation (Japan),active,company,SONY Manufacturing SYSTEMS,Sony Manufacturing Systems Corporation (Japan); Sony Manufacturing Systems Corporation; ソニーマニュファクチュアリングシステムズ株式会社*ja,,http://www.sonysms.co.jp,,sonysms.co.jp,1969,,,,,,,Q11315196,Q11315196,Kuki,Japan,7464124,,https://ror.org/04wzv3n59,,,,
,,Sony Corporation (Japan),active,company,,Sony Corporation (Japan); Sony Corporation; ソニー株式会社*ja,,https://www.sony.co.jp,,sony.co.jp,,,,,,,,,,Tokyo,Japan,1850147,,https://ror.org/04wzv3n59,,,,
,,SoftBank Corp. (Japan),active,company,Softbank Mobile; Softbank Mobile Corp.; ソフトバンクモバイル株式会社,SoftBank Corp. (Japan); SoftBank Corp.; ソフトバンク株式会社*ja,,https://www.softbank.jp,,softbank.jp,1986,,,,,,,Q2214105,Q2214105,Tokyo,Japan,1850147,,https://ror.org/02ew2ks20,,,,
,,"Daikin Applied Systems Co., Ltd. (Japan)",active,company,Daikin Plant,"Daikin Applied Systems Co., Ltd. (Japan); Daikin Applied Systems Co., Ltd.; 株式会社ダイキンアプライドシステムズ*ja; Daikin Plant Co., Ltd.",,https://www.daps.co.jp,,daps.co.jp,2004,,,,,,,,,Tokyo,Japan,1850147,,https://ror.org/013p9v583,,,,
,,Daicel-Evonik Corporation (Japan),active,company,Daicel Degussa,Daicel-Evonik Corporation (Japan); Daicel-Evonik Corporation; Daicel Degussa Ltd.; ダイセル・エボニック株式会社*ja; ダイセル・デグサ株式会社*ja,,https://www.evonik.daicel.com,,daicel.com,1970,,,,,,,,,Tokyo,Japan,1850147,,,,https://ror.org/01w78qg15,,
,,Daito Chemix Corporation (Japan),active,company,Daito Chemix,Daito Chemix Corporation (Japan); Daito Chemix Corporation; ダイトーケミックス株式会社*ja,,https://www.daitochemix.co.jp,,daitochemix.co.jp,1949,,,,,,,Q17224860,Q17224860,Osaka,Japan,1853909,,,,,,
,,Daito Corporation (Japan),active,company,,Daito Corporation (Japan); Daito Corporation; ダイト株式会社*ja,,https://www.daito-inc.co.jp,,daito-inc.co.jp,1973,,,,,,,,,Shimotoda,Japan,1907301,,,,,,
,,"Daihatsu Diesel MFG. Co., Ltd. (Japan)",active,company,Daihatsu Diesel MFG.,"Daihatsu Diesel MFG. Co., Ltd. (Japan); Daihatsu Diesel MFG. Co., Ltd.; Daihatsu Infinearth MFG Co., Ltd.; ダイハツディーゼル株式会社*ja; ダイハツインフィニアース株式会社*ja",,https://www.d-infi.com,,d-infi.com,1966,,,,,,,Q11316909,Q11316909,Osaka,Japan,1853909,,,,,,
,,"Daihatsu Motor Co., Ltd. (Japan)",active,company,Daihatsu Motor,"Daihatsu Motor Co., Ltd. (Japan); Daihatsu Motor Co., Ltd.; ダイハツ工業株式会社*ja",,https://www.daihatsu.com,,daihatsu.com,1907,,,,,,,Q27511,Q27511,Ikeda,Japan,1861795,,https://ror.org/02zqm6r10,,,,
,,"DIA Pharmaceutical Co., Ltd. (Japan)",active,company,DIA Pharmaceutical,"DIA Pharmaceutical Co., Ltd. (Japan); DIA Pharmaceutical Co., Ltd.; ダイヤ製薬株式会社*ja",,https://dia-pharma.com,,dia-pharma.com,,,,,,,,,,Kashihara-shi,Japan,1859951,,,,,,
,,"Taiyo ELEC Co., Ltd. (Japan)",active,company,Taiyo ELEC,"Taiyo ELEC Co., Ltd. (Japan); Taiyo ELEC Co., Ltd.; タイヨーエレック株式会社*ja",,https://www.taiyoelec.co.jp,,taiyoelec.co.jp,1973,,,,,,,Q11315817,Q11315817,Tokyo,Japan,1850147,,,,,,
,,"Daiwabo Rayon Co., Ltd. (Japan)",active,company,Daiwabo Rayon,"Daiwabo Rayon Co., Ltd. (Japan); Daiwabo Rayon Co., Ltd.; ダイワボウレーヨン株式会社*ja",,https://daiwaborayon.co.jp,,daiwaborayon.co.jp,1988,,,,,,,,,Osaka,Japan,1853909,,,,,,
,,DOW Kakoh K.K. (Japan),active,company,DOW Kakoh,DOW Kakoh K.K. (Japan); DOW Kakoh K.K.; ダウ化工株式会社*ja,,https://www.dupontstyro.co.jp,,dupontstyro.co.jp,1982,,,,,,,,,Tokyo,Japan,1850147,,,,,,
,,"Takara Standard Co., Ltd. (Japan)",active,company,Takara Standard,"Takara Standard Co., Ltd. (Japan); Takara Standard Co., Ltd.; タカラスタンダード株式会社*ja",,https://www.takara-standard.co.jp,,takara-standard.co.jp,1912,,,,,,,Q11315982,Q11315982,Osaka,Japan,1853909,,,,,,
,,Takara BIO Inc. (Japan),active,company,Takara BIO,Takara BIO Inc. (Japan); Takara BIO Inc.; タカラバイオ株式会社*ja,,https://www.takarabio.com,,takarabio.com,2002,,,,,,,,,Kusatsu,Japan,1858067,,https://ror.org/021m54z79,,,,
,,Takara Belmont (Japan),active,company,,Takara Belmont (Japan); Takara Belmont; タカラベルモント株式会社*ja,,https://www.takarabelmont.co.jp,,takarabelmont.co.jp,1951,,,,,,,Q11315992,Q11315992,Osaka,Japan,1853909,,,,,,
,,Tanabe Willtec Inc. (Japan),active,company,Tanabe Willtec,Tanabe Willtec Inc. (Japan); Tanabe Willtec Inc.; タナベウィルテック株式会社*ja,,https://www.tanabewilltec.co.jp/company,,tanabewilltec.co.jp,1947,,,,,,,,,Osaka,Japan,1853909,,,,,,
,,"TAMA Biochemical Co., Ltd. (Japan)",active,company,TAMA Biochemical,"TAMA Biochemical Co., Ltd. (Japan); TAMA Biochemical Co., Ltd.; タマ生化学株式会社*ja",,https://www.tama-bc.co.jp,,tama-bc.co.jp,1953,,,,,,,,,Tokyo,Japan,1850147,,,,,,
,,Chisso Corporation (Japan),active,company,Chisso,Chisso Corporation (Japan); Chisso Corporation; チッソ株式会社*ja,,https://www.chisso.co.jp,,chisso.co.jp,1950,,,,,0000 0004 1794 9220,0000 0004 1794 9220,Q3487925,Q3487925,Tokyo,Japan,1850147,,,https://ror.org/049rcsq44,,,
,,"Chiyoda UTE Co., Ltd. (Japan)",active,company,Chiyoda UTE,"Chiyoda UTE Co., Ltd. (Japan); Chiyoda UTE Co., Ltd.; チヨダウーテ株式会社*ja",,https://www.chiyoda-ute.co.jp,,chiyoda-ute.co.jp,1948,,,,,,,Q11318517,Q11318517,Yokkaichi,Japan,1848373,,https://ror.org/0190rg629,,,,
,,"Tsukuba RIKA Seiki Co., Ltd. (Japan)",active,company,Tsukuba RIKA Seiki,"Tsukuba RIKA Seiki Co., Ltd.; Tsukuba RIKA Seiki Co., Ltd. (Japan); ツクバリカセイキ株式会社*ja",,https://www.trs-jp.com,,trs-jp.com,1983,,,,,,,,,Tsukuba,Japan,2110681,,,,,,
,,Tsuneishi Group Corporation (Japan),active,company,Tsuneishi Holdings,Tsuneishi Group Corporation (Japan); Tsuneishi Group Corporation; 常石グループ株式会社*ja,,https://www.tsuneishi-g.jp,,tsuneishi-g.jp,1942,,,,,,,Q11318773,Q11318773,Fukuyama,Japan,1863917,,,,,,
,,Techno Quartz Inc. (Japan),active,company,Techno Quartz,Techno Quartz Inc. (Japan); Techno Quartz Inc.; テクノクオーツ株式会社*ja,,https://www.techno-q.com,,techno-q.com,1976,,,,,,,Q21019178,Q21019178,Tokyo,Japan,1850147,,,,,,
,,"T's Pharma Co., Ltd. (Japan)",active,company,Teva Pharma Japan Inc.; テバ製薬; 武田テバファーマ; Teva Takeda Pharma,"T's Pharma Co., Ltd. (Japan); T's Pharma Co., Ltd.; T'sファーマ*ja",,https://www.ts-pharma.com,,ts-pharma.com,2012,,,,,,,,,Tokyo,Japan,1850147,,,,,,
,,DuPont Kabushiki Kaisha (Japan),active,company,DuPont Japan; デュポン・ジャパン,DuPont Kabushiki Kaisha (Japan); DuPont Kabushiki Kaisha; デュポン株式会社*ja,,https://www.dupont.co.jp/about.html,,dupont.co.jp,,,,,,,,Q21108663,Q21108663,Tokyo,Japan,1850147,,https://ror.org/03g3m1w62,,,,
,,Teral Inc. (Japan),active,company,,Teral Inc. (Japan); Teral Inc.; テラル株式会社*ja,,https://www.teral.net,,teral.net,1950,,,,,,,Q11319406,Q11319406,Fukuyama,Japan,1863917,,,,,,
,,"Denka Seiken Co., Ltd. (Japan)",inactive,company,Denka Seiken,"Denka Seiken Co., Ltd. (Japan); Denka Seiken Co., Ltd.; デンカ生研株式会社*ja",,http://www.denka-seiken.jp,,denka-seiken.jp,1950,,,,,,,Q11320865,Q11320865,Tokyo,Japan,1850147,,,,,https://ror.org/03jaff633,
,,Dentsply Sirona K.K. (Japan),active,company,Dentsply Sirona,Dentsply Sirona K.K. (Japan); Dentsply Sirona K.K.; デンツプライシロナ株式会社*ja,,https://www.dentsplysirona.com/ja-jp/why-ds,,dentsplysirona.com,1948,,,,,,,,,Tokyo,Japan,1850147,,https://ror.org/05wrggx03,,,,
,,DENTSPLY Sankin K.K. (Japan),active,company,DENTSPLY Sankin,DENTSPLY Sankin K.K. (Japan); DENTSPLY Sankin K.K.; デンツプライ三金株式会社*ja,,https://jp.dentsplysirona.com,,dentsplysirona.com,1948,,,,,,,,,Tokyo,Japan,1850147,,https://ror.org/05wrggx03,,,,
,,"TOYO Advanced Technologies Co., Ltd. (Japan)",active,company,TOYO Advanced Technologies,"TOYO Advanced Technologies Co., Ltd. (Japan); TOYO Advanced Technologies Co., Ltd.; トーヨーエイテック株式会社*ja",,https://toyo-at.co.jp,,toyo-at.co.jp,1950,,,,,,,Q11103601,Q11103601,Hiroshima,Japan,1862415,,https://ror.org/05hk1wv51,,,,
,,TOYO Kanetsu K. K. (Japan),active,company,,TOYO Kanetsu K. K. (Japan); TOYO Kanetsu K. K.; トーヨーカネツ株式会社*ja,,https://www.toyokanetsu.co.jp,,toyokanetsu.co.jp,1941,,,,,,,Q11322430,Q11322430,Tokyo,Japan,1850147,,,,,,
,,"Toppan Forms Co., Ltd. (Japan)",active,company,Toppan Forms,"Toppan Forms Co., Ltd. (Japan); Toppan Forms Co., Ltd.; TOPPAN Edge Inc.; トッパン・フォームズ株式会社*ja; TOPPANエッジ株式会社*ja",,https://www.toppan-edge.com,,toppan-edge.com,1955,,,,,,,Q134536791,Q134536791,Tokyo,Japan,1850147,,https://ror.org/01kz55g98,,,,
,,Toyota WOOD YOU HOME Co. (Japan),active,company,,Toyota WOOD YOU HOME Co. (Japan); Toyota WOOD YOU HOME Co.; トヨタウッドユーホーム株式会社*ja,,https://www.toyota-woodyou.co.jp,,toyota-woodyou.co.jp,1969,,,,,,,Q11321524,Q11321524,Utsunomiya,Japan,1849053,,https://ror.org/02zqm6r10,,,,
,,Toyota Technical Development Corporation (Japan),active,company,Toyota Technical Development,Toyota Technical Development Corporation (Japan); Toyota Technical Development Corporation; トヨタテクニカルディベロップメント株式会社*ja,TTDC,https://www.toyota-td.jp,,toyota-td.jp,2006,,,,,,,Q11321561,Q11321561,Toyota,Japan,1849814,,https://ror.org/02zqm6r10,,,,
,,"Toyota Motor East Japan, Inc. (Japan)",active,company,Toyota Motor East Japan,"Toyota Motor East Japan, Inc. (Japan); Toyota Motor East Japan, Inc.; トヨタ自動車東日本株式会社*ja",,https://www.toyota-ej.co.jp,,toyota-ej.co.jp,2012,,,,,,,Q11321683,Q11321683,Ōhira,Japan,2114107,,https://ror.org/02zqm6r10,,,,
,,"Toyota AUTO BODY Co., Ltd. (Japan)",active,company,Toyota AUTO BODY,"Toyota AUTO BODY Co., Ltd. (Japan); Toyota AUTO BODY Co., Ltd.; トヨタ車体株式会社*ja",,https://www.toyota-body.co.jp,,toyota-body.co.jp,1945,,,,,,,Q11321695,Q11321695,Kariya,Japan,1860034,,https://ror.org/02zqm6r10,,,,
,,"Naikai Salt Industries Co., Ltd. (Japan)",active,company,Naikai SALT Industries,"Naikai Salt Industries Co., Ltd. (Japan); Naikai Salt Industries Co., Ltd.; ナイカイ塩業株式会社*ja",,http://www.naikai.co.jp,,naikai.co.jp,1934,,,,,,,Q11323542,Q11323542,Kurashiki,Japan,1858311,,,,,,
,,"NANO Frontier Technology Co., Ltd. (Japan)",active,company,NANO Frontier Technology,"NANO Frontier Technology Co., Ltd. (Japan); NANO Frontier Technology Co., Ltd.; ナノフロンティアテクノロジー株式会社*ja",,https://www.nano-frontier.com,,nano-frontier.com,2007,,,,,,,,,Tokyo,Japan,1850147,,,,,,
,,"Mitsubishi Nichiyu Forklift Co., Ltd. (Japan)",active,company,Mitsubishi Nichiyu Forklift,"Mitsubishi Nichiyu Forklift Co., Ltd. (Japan); Mitsubishi Nichiyu Forklift Co., Ltd.; ニチユ三菱フォークリフト株式会社*ja",,https://www.logisnext.com,,logisnext.com,1937,,,,,,,Q3936221,Q3936221,Nagaokakyo,Japan,1856196,,https://ror.org/02aq67p44,,,,
,,"Umios Hokkaido Co., Ltd. (Japan)",active,company,"Nichiro Chikusan Co., Ltd.; ニチロ畜産株式会社; マルハニチロ畜産株式会社","Umios Hokkaido Co., Ltd. (Japan); Umios Hokkaido Co., Ltd.; Umios Hokkaido株式会社*ja",,https://hokkaido.umios.com,,umios.com,1975,,,,,,,Q17210493,Q17210493,Sapporo,Japan,2128295,,,,,,
,,Nittan Company Limited (Japan),active,company,Nittan Company,Nittan Company Limited (Japan); Nittan Company Limited; ニッタン株式会社*ja,,https://www.nittan.com,,nittan.com,1954,,,,,,,Q11324483,Q11324483,Tokyo,Japan,1850147,,https://ror.org/05ggzej07,,,,
,,Nitta Corporation (Japan),active,company,,Nitta Corporation (Japan); Nitta Corporation; ニッタ株式会社*ja,,https://nittagroup.com,,nittagroup.com,1945,,,,,,,,,Osaka,Japan,1853909,,,,,,
,,Nippon Kodoshi Corporation (Japan),active,company,Nippon Kodoshi,Nippon Kodoshi Corporation (Japan); Nippon Kodoshi Corporation; ニッポン高度紙工業株式会社*ja,,https://www.kodoshi.co.jp,,kodoshi.co.jp,1941,,,,,,,Q11324554,Q11324554,Kochi,Japan,1859146,,,,,,
,,Bayer CropScience K.K. (Japan),active,company,Bayer CROP Science,Bayer CropScience K.K. (Japan); Bayer CropScience K.K.; バイエルクロップサイエンス株式会社*ja,,https://cropscience.bayer.jp,,bayer.jp,1941,,,,,,,,,Tokyo,Japan,1850147,,https://ror.org/05arv2073,,,,
,,"Bayer Yakuhin, Ltd. (Japan)",active,company,Bayer Yakuhin,"Bayer Yakuhin, Ltd. (Japan); Bayer Yakuhin, Ltd.; バイエル薬品株式会社*ja",,https://www.pharma.bayer.jp/ja/,,bayer.jp,1973,,,,,,,Q24897048,Q24897048,Osaka,Japan,1853909,,https://ror.org/05arv2073,,,,
,,"BIOSIENSE Co., Ltd. (Japan)",active,company,BIO Science,"BIOSIENSE Co., Ltd. (Japan); BIOSIENSE Co., Ltd.; バイオ科学株式会社*ja",,https://www.biosiense.co.jp,,biosiense.co.jp,1983,,,,,,,,,Anan,Japan,1865309,,,,,,
,,House Wellness Foods Corporation (Japan),active,company,House Wellness Foods,House Wellness Foods Corporation (Japan); House Wellness Foods Corporation; ハウスウェルネスフーズ株式会社*ja,,https://www.house-wf.co.jp,,house-wf.co.jp,2006,,,,,,,Q11326226,Q11326226,Itami,Japan,1861310,,,,,,
,,"Pacific Consultants Co., Ltd. (Japan)",active,company,Pacific Consultants,"Pacific Consultants Co., Ltd. (Japan); Pacific Consultants Co., Ltd.; パシフィックコンサルタンツ株式会社*ja",,https://en.pacific.co.jp,,pacific.co.jp,1954,,,,,,,Q11328780,Q11328780,Tokyo,Japan,1850147,,,,,,
,,"Pacific Software Development Co., Ltd. (Japan)",active,company,Pacific Software Development,"Pacific Software Development Co., Ltd. (Japan); Pacific Software Development Co., Ltd.; パシフィックソフトウエア開発株式会社*ja",,https://pacificsoftware.co.jp,,pacificsoftware.co.jp,1972,,,,,,,,,Kochi,Japan,1859146,,,,,,
,,"Panasonic Ecology Systems Co., Ltd. (Japan)",active,company,Panasonic Ecology Systems,"Panasonic Ecology Systems Co., Ltd. (Japan); Panasonic Ecology Systems Co., Ltd.; パナソニックエコシステムズ株式会社*ja",,https://panasonic.co.jp/hvac/pes/,,panasonic.co.jp,1956,,,,,,,,,Kasugai,Japan,1859891,,https://ror.org/011tm7n37,,,,
,,"Panasonic Connect Co., Ltd. (Japan)",active,company,Panasonic Connect; Panasonic System Solutions Japan,"Panasonic Connect Co., Ltd. (Japan); Panasonic Connect Co., Ltd.; Panasonic System Solutions Japan Co., Ltd.; パナソニックコネクト株式会社*ja; パナソニックシステムソリューションズジャパン株式会社*ja",,https://connect.panasonic.com,,connect.panasonic.com,,,,,,,,Q119658365,Q119658365,Tokyo,Japan,1850147,,https://ror.org/011tm7n37,,,,
,,"Panasonic System Networks Co., Ltd. (Japan)",active,company,Panasonic System Networks,"Panasonic System Networks Co., Ltd.; Panasonic System Networks Co., Ltd. (Japan); パナソニックシステムネットワークス株式会社*ja",,https://www.panasonic.com/jp/company/pssj.html,,panasonic.com,1968,,,,,,,Q11329116,Q11329116,Fukuoka,Japan,1863967,,https://ror.org/011tm7n37,,,,
,,"Panasonic Mobile Communications Co., Ltd. (Japan)",active,company,Panasonic Mobile Communications,"Panasonic Mobile Communications Co., Ltd. (Japan); Panasonic Mobile Communications Co., Ltd.; パナソニックモバイルコミュニケーションズ株式会社*ja",,http://panasonic.co.jp/avc/pmc/,,,2013,,,,,,,Q11329130,Q11329130,Yokohama,Japan,1848354,,https://ror.org/011tm7n37,,,,
,,"Panasonic Lighting Systems Co., Ltd. (Japan)",active,company,Panasonic Lighting Systems,"Panasonic Lighting Systems Co., Ltd. (Japan); Panasonic Lighting Systems Co., Ltd.; パナソニックライティングシステムズ株式会社*ja",,https://panasonic.co.jp/ew/plsys/,,panasonic.co.jp,1951,,,,,,,Q28684988,Q28684988,Kadoma,Japan,1860871,,https://ror.org/011tm7n37,,,,
,,"San'in Panasonic Co., Ltd. (Japan)",active,company,Panasonic,"San'in Panasonic Co., Ltd. (Japan); San'in Panasonic Co., Ltd.; 山陰パナソニック株式会社*ja",,https://sanin-panasonic.jp,,sanin-panasonic.jp,1958,,,,,,,,,Izumo,Japan,1861084,,https://ror.org/011tm7n37,,,,
,,"Panasonic Electric Works Co., Ltd. (Japan)",active,company,Panasonic Electric Works,"Panasonic Electric Works Co., Ltd. (Japan); Panasonic Electric Works Co., Ltd.; パナソニック電工株式会社*ja",,https://panasonic.co.jp/ew/,,panasonic.co.jp,1935,,,,,0000 0001 2189 9148,0000 0001 2189 9148,Q5364758,Q5364758,Kadoma,Japan,1860871,,https://ror.org/011tm7n37,,,,
,,"DMG MORI Digital Co., Ltd. (Japan)",active,company,"DMG MORI B.U.G. Co., Ltd.; ビー・ユー・ジーDMG森精機株式会社","DMG MORI Digital Co., Ltd. (Japan); DMG MORI Digital Co., Ltd.; DMG MORI Digital株式会社*ja",,https://www.dmgmori-digital.co.jp,,dmgmori-digital.co.jp,1980,,,,,,,,,Sapporo,Japan,2128295,,https://ror.org/02fnq0s83,,,,
,,"Higashimaru Shoyu Co., Ltd. (Japan)",active,company,Higashimaru Shoyu,"Higashimaru Shoyu Co., Ltd. (Japan); Higashimaru Shoyu Co., Ltd.; ヒガシマル醤油株式会社*ja",,https://www.higashimaru.co.jp,,higashimaru.co.jp,1942,,,,,,,https://www.wikidata.org/wiki/Q11102824,https://www.wikidata.org/wiki/Q11102824,Tatsuno,Japan,11612326,,,,,,
,,Pfizer R&D Japan G.K. (Japan),active,company,,Pfizer R&D Japan G.K. (Japan); Pfizer R&D Japan G.K.; ファイザーR&D合同会社*ja,,https://www.pfizer.co.jp,,pfizer.co.jp,,,,,,,,,,Tokyo,Japan,1850147,,https://ror.org/05pm71w80,,,,
,,"Photonic Science Technology, Inc. (Japan)",active,company,Photonic Science Technology,"Photonic Science Technology, Inc. (Japan); Photonic Science Technology, Inc.; フォトニックサイエンステクノロジ株式会社*ja",,http://www.psti7.com,,psti7.com,2000,,,,,,,,,Chitose,Japan,2130452,,,,,,
,,FUJI OOZX Inc. (Japan),active,company,FUJI OOZX,FUJI OOZX Inc. (Japan); FUJI OOZX Inc.; フジオーゼックス株式会社*ja,,https://www.oozx.co.jp,,oozx.co.jp,1951,,,,,,,Q11333102,Q11333102,Kikugawa,Japan,6822193,,,,,,
,,"Fujita ROAD Construction Co., Ltd. (Japan)",active,company,Fujita ROAD Construction,"Fujita ROAD Construction Co., Ltd. (Japan); Fujita ROAD Construction Co., Ltd.; フジタ道路株式会社*ja",,https://www.fujitaroad.co.jp,,fujitaroad.co.jp,1962,,,,,,,,,Tokyo,Japan,1850147,,,,,,
,,"FUJI Baking Co., Ltd. (Japan)",active,company,FUJI Baking,"FUJI Baking Co., Ltd. (Japan); FUJI Baking Co., Ltd.; フジパン株式会社*ja",,https://www.fujipan.co.jp,,fujipan.co.jp,1951,,,,,,,Q11333270,Q11333270,Nagoya,Japan,1856057,,,,,,
,,FUJI Subsurface Informations Ltd. (Japan),active,company,FUJI Subsurface Informations,FUJI Subsurface Informations Ltd. (Japan); FUJI Subsurface Informations Ltd.; フジ地中情報株式会社*ja,,https://www.fuji-si.co.jp,,fuji-si.co.jp,1972,,,,,,,,,Tokyo,Japan,1850147,,,,,,
,,Fuji Nihon Corporation (Japan),active,company,"FUJI Nihon Seito; FUJI Nihon Seito Co., Ltd.; フジ日本精糖株式会社",Fuji Nihon Corporation (Japan); Fuji Nihon Corporation; フジ日本株式会社*ja,,https://www.fuji-nihon.com,,fuji-nihon.com,1949,,,,,,,Q11333315,Q11333315,Tokyo,Japan,1850147,,,,,,
,,"Futaba Industrial Co., Ltd. (Japan)",active,company,Futaba Industrial,"Futaba Industrial Co., Ltd. (Japan); Futaba Industrial Co., Ltd.; フタバ産業株式会社*ja",,https://www.futabasangyo.com,,futabasangyo.com,1945,,,,,,,Q11333331,Q11333331,Okazaki,Japan,1854376,,,,,,
,,"Futaba Foods Co., Ltd. (Japan)",active,company,Futaba Foods,"Futaba Foods Co., Ltd. (Japan); Futaba Foods Co., Ltd.; フタバ食品株式会社*ja",,https://www.futabafoods.co.jp,,futabafoods.co.jp,1945,,,,,,,Q11333332,Q11333332,Utsunomiya,Japan,1849053,,,,,,
,,"Bridgestone Cycle Co., Ltd. (Japan)",active,company,Bridgestone Cycle,"Bridgestone Cycle Co., Ltd. (Japan); Bridgestone Cycle Co., Ltd.; ブリヂストンサイクル株式会社*ja",,https://www.bscycle.co.jp,,bscycle.co.jp,1949,,,,,,,Q11334730,Q11334730,Ageo,Japan,1865714,,https://ror.org/04trbvb35,,,,
,,Bruker AXS (Japan),active,company,,Bruker AXS (Japan); Bruker AXS; ブルカー・エイエックスエス株式会社*ja,,https://bruker-axs.com,,bruker-axs.com,,,,,,,,,,Yokohama,Japan,1848354,,,,,,
,,Bruker Japan K.K. (Japan),active,company,Bruker Japan,Bruker Japan K.K. (Japan); Bruker Japan K.K.; ブルカージャパン株式会社*ja,,https://www.bruker.com,,bruker.com,1975,,,,,,,,,Yokohama,Japan,1848354,,https://ror.org/04r739x86,,,,
,,Procter & Gamble Japan K.K. (Japan),active,company,Procter & Gamble Japan,Procter & Gamble Japan K.K. (Japan); Procter & Gamble Japan K.K.; プロクター・アンド・ギャンブル・ジャパン株式会社*ja,P&G,https://jp.pg.com,,jp.pg.com,2006,,,,,,,https://www.wikidata.org/wiki/Q11335979,https://www.wikidata.org/wiki/Q11335979,Kobe,Japan,1859171,,https://ror.org/04dkns738,,,,
,,Frontier Laboratories Ltd. (Japan),active,company,Frontier Laboratories,Frontier Laboratories Ltd. (Japan); Frontier Laboratories Ltd.; フロンティア・ラボ株式会社*ja,,https://www.frontier-lab.com,,frontier-lab.com,1991,,,,,,,,,Kōriyama,Japan,2112141,,,,,,
,,"HERZ Co., Ltd. (Japan)",active,company,,"HERZ Co., Ltd. (Japan); HERZ Co., Ltd.; ヘルツ株式会社*ja",,https://www.herz-bag.jp,,herz-bag.jp,1987,,,,,,,,,Yokohama,Japan,1848354,,,,,,
,,Hokuto Corporation (Japan),active,company,Hokuto,Hokuto Corporation (Japan); Hokuto Corporation; ホクト株式会社*ja,,http://www.hokuto-corp.co.jp,,hokuto-corp.co.jp,,,,,,,,,,Kyoto,Japan,1857910,,,,,,
,,Pokka Sapporo Food & Beverage Ltd. (Japan),active,company,Pokka Sapporo FOOD & Beverage,Pokka Sapporo Food & Beverage Ltd. (Japan); Pokka Sapporo Food & Beverage Ltd.; ポッカサッポロフード&ビバレッジ株式会社*ja,,https://www.pokkasapporo-fb.jp,,pokkasapporo-fb.jp,2012,,,,,,,Q7208665,Q7208665,Nagoya,Japan,1856057,,https://ror.org/02hes1t22,,,,
,,Mahle Electric Drives Japan Corporation (Japan),active,company,Mahle Japan,Mahle Electric Drives Japan Corporation (Japan); Mahle Electric Drives Japan Corporation; マーレエレクトリックドライブズジャパン株式会社*ja,,https://www.jp.mahle.com/mahle-in-japan/mahle-electric-drives/,,mahle.com,1931,,,,,,,,,Numazu,Japan,1854902,,https://ror.org/031npzc88,,,,
,,Mahle Engine Components Japan Corporation (Japan),active,company,Mahle Engine Components Japan,Mahle Engine Components Japan Corporation (Japan); Mahle Engine Components Japan Corporation; マーレエンジンコンポーネンツジャパン株式会社*ja,,https://www.jp.mahle.com/mahle-in-japan/mahle-engine-components,,mahle.com,1938,,,,,,,,,Okegawa,Japan,1854371,,https://ror.org/031npzc88,,,,
,,Micro TALK SYSTEMS Corp. (Japan),active,company,Micro TALK SYSTEMS,Micro TALK SYSTEMS Corp. (Japan); Micro TALK SYSTEMS Corp.; マイクロ・トーク・システムズ株式会社*ja,,https://www.micro-talk-systems.co.jp,,micro-talk-systems.co.jp,2019,,,,,,,,,Tokyo,Japan,1850147,,,,,,
,,"Micron Memory Japan, K.K. (Japan)",active,company,,"Micron Memory Japan, K.K. (Japan); Micron Memory Japan, K.K.; マイクロンメモリジャパン株式会社*ja",,https://www.micron.com,,,1999,,,,,,,Q21099505,Q21099505,Higashihiroshima,Japan,11611627,,https://ror.org/02fv52296,,,,
,,"Matsumoto FINE Chemical Co., Ltd. (Japan)",active,company,Matsumoto FINE Chemical,"Matsumoto FINE Chemical Co., Ltd. (Japan); Matsumoto FINE Chemical Co., Ltd.; マツモトファインケミカル株式会社*ja",,https://www.m-chem.co.jp,,m-chem.co.jp,1955,,,,,,,,,Ichikawa,Japan,11837657,,,,,,
,,"Mabuchi Motor Co., Ltd. (Japan)",active,company,Mabuchi Motor,"Mabuchi Motor Co., Ltd. (Japan); マブチモーター株式会社*ja",,https://www.mabuchi-motor.com,,mabuchi-motor.com,1954,,,,,,,,,Matsudo,Japan,1857553,,,,,,
,,Umios Corporation (Japan),active,company,Maruha Nichiro,Umios Corporation (Japan); Umios Corporation; Maruha Nichiro Corporation; Umios株式会社*ja; マルハニチロ株式会社*ja,,https://www.umios.com,,umios.com,1943,,,,,,,Q18635633,Q18635633,Tokyo,Japan,1850147,,,,,,
,,"Mikado Kyowa SEED Co., Ltd. (Japan)",active,company,Mikado Kyowa SEED,"Mikado Kyowa SEED Co., Ltd. (Japan); Mikado Kyowa SEED Co., Ltd.; みかど協和株式会社*ja; ヴィルモランみかど株式会社*ja",,https://www.vilmorinmikado.jp,,vilmorinmikado.jp,2007,,,,,,,,,Chiba,Japan,2113015,,,,,,
,,"Micron Machinery Co., Ltd. (Japan)",active,company,Micron Machinery,"Micron Machinery Co., Ltd. (Japan); Micron Machinery Co., Ltd.; ミクロン精密株式会社*ja",,https://www.micron-grinder.co.jp,,micron-grinder.co.jp,1961,,,,,,,Q11341930,Q11341930,Yamagata,Japan,2110556,,,,,,
,,"Mizuho Information & Research Institute, Inc. (Japan)",active,company,Mizuho Information & Research Institute,"Mizuho Information & Research Institute, Inc. (Japan); Mizuho Information & Research Institute, Inc.; Mizuho Research & Technologies, Ltd.; みずほ情報総研株式会社*ja; みずほリサーチ&テクノロジーズ株式会社*ja",,https://www.mizuho-rt.co.jp,,mizuho-rt.co.jp,2004,,,,,,,,,Tokyo,Japan,1850147,,https://ror.org/05e34ra63,,,,
,,"MUTO Seiko Co., Ltd. (Japan)",active,company,MUTO Seiko,"MUTO Seiko Co., Ltd. (Japan); MUTO Seiko Co., Ltd.; ムトー精工株式会社*ja",,https://www.muto.co.jp,,muto.co.jp,1970,,,,,,,Q11343139,Q11343139,Kakamigahara,Japan,1860735,,,,,,
,,"Media Cross Co., Ltd. (Japan)",active,company,Media Cross,"Media Cross Co., Ltd. (Japan); Media Cross Co., Ltd.; メディアクロス株式会社*ja",,https://medi-cro.jp,,medi-cro.jp,2011,,,,,,,,,Fukuoka,Japan,1863967,,,,,,
,,Morita Miyata Corporation (Japan),active,company,Morita Miyata,Morita Miyata Corporation (Japan); Morita Miyata Corporation; モリタ宮田工業株式会社*ja,,https://www.moritamiyata.com,,moritamiyata.com,1934,,,,,,,,,Tokyo,Japan,1850147,,,,,,
,,"Yamato Scientific Co., Ltd. (Japan)",active,company,Yamato Scientific,"Yamato Scientific Co., Ltd. (Japan); Yamato Scientific Co., Ltd.; ヤマト科学株式会社*ja",,https://www.yamato-scientific.com,,yamato-scientific.com,1946,,,,,,,,,Tokyo,Japan,1850147,,,,,,
,,"Yanmar Co., Ltd. (Japan)",active,company,Yanmar,"Yanmar Co., Ltd. (Japan); Yanmar Co., Ltd.; ヤンマー株式会社*ja",,https://www.yanmar.com,,yanmar.com,,,,,,,,,,Tokyo,Japan,1850147,,https://ror.org/00xysp757,,,,
,,"Yanmar Agribusiness Co., Ltd. (Japan)",active,company,"Yanmar Agricultural Machinery Manufacturing Co., Ltd.; ヤンマー農機製造株式会社","Yanmar Agribusiness Co., Ltd. (Japan); Yanmar Agribusiness Co., Ltd.; ヤンマーアグリ株式会社*ja",,https://www.yanmar.com/jp/agri/,,yanmar.com,2002,,,,,,,,,Okayama,Japan,1854383,,https://ror.org/00xysp757,,,,
,,"Yuken Industry Co., Ltd. (Japan)",active,company,Yuken Industry,"Yuken Industry Co., Ltd. (Japan); Yuken Industry Co., Ltd.; ユケン工業株式会社*ja",,https://www.yuken-ind.co.jp,,yuken-ind.co.jp,1951,,,,,,,,,Kariya,Japan,1860034,,,,,,
,,Yutaka Foods Corporation (Japan),active,company,Yutaka Foods,Yutaka Foods Corporation (Japan); Yutaka Foods Corporation; ユタカフーズ株式会社*ja,,https://www.yutakafoods.co.jp,,yutakafoods.co.jp,1944,,,,,,,Q11345600,Q11345600,Taketoyo,Japan,1850818,,https://ror.org/040anr776,,,,
,,"Uny Co., Ltd. (Japan)",active,company,,"Uny Co., Ltd. (Japan); Uny Co., Ltd.; ユニー株式会社*ja",,https://www.uny.co.jp,,uny.co.jp,2012,,,,,,,Q985849,Q985849,Inazawa,Japan,1861602,,,,,,
,,UNION TOOL CO. (Japan),active,company,Union TOOL,UNION TOOL CO. (Japan); UNION TOOL CO.; ユニオンツール株式会社*ja,,https://www.uniontool.co.jp,,uniontool.co.jp,1960,,,,,,,Q96324048,Q96324048,Tokyo,Japan,1850147,,,,,,
,,"Union Paint Co., Ltd. (Japan)",active,company,Union Paint,"Union Paint Co., Ltd. (Japan); Union Paint Co., Ltd.; ユニオンペイント株式会社*ja",,https://www.unionpaint.co.jp/top,,unionpaint.co.jp,2014,,,,,,,,,Noda,Japan,1855078,,,,,,
,,"Union Optical Co., Ltd. (Japan)",active,company,Union Optical,"Union Optical Co., Ltd. (Japan); Union Optical Co., Ltd.; ユニオン光学株式会社*ja",,https://www.union.co.jp,,union.co.jp,2010,,,,,,,,,Tokyo,Japan,1850147,,,,,,
,,"LION Specialty Chemicals Co., Ltd. (Japan)",active,company,LION Specialty Chemicals,"LION Specialty Chemicals Co., Ltd. (Japan); LION Specialty Chemicals Co., Ltd.; ライオン・スペシャリティ・ケミカルズ株式会社*ja",,https://www.lion-specialty-chem.co.jp,,lion-specialty-chem.co.jp,1918,,,,,,,Q11346318,Q11346318,Tokyo,Japan,1850147,,,,,,
,,Riken Technos Corp. (Japan),active,company,Riken Technos,Riken Technos Corp. (Japan); Riken Technos Corp.; リケンテクノス株式会社*ja,,https://www.rikentechnos.co.jp,,rikentechnos.co.jp,1951,,,,,,,Q11347918,Q11347918,Tokyo,Japan,1850147,,,,,,
,,Riken Fabro Corporation (Japan),active,company,Riken Fabro,Riken Fabro Corporation (Japan); Riken Fabro Corporation; リケンファブロ株式会社*ja,,https://www.fabro.co.jp,,fabro.co.jp,2012,,,,,,,Q21019932,Q21019932,Tokyo,Japan,1850147,,,,,,
,,Ricoh Elemex Corporation (Japan),active,company,Ricoh Elemex,Ricoh Elemex Corporation (Japan); Ricoh Elemex Corporation; リコーエレメックス株式会社*ja,,https://www.ricohelemex.co.jp,,ricohelemex.co.jp,1938,,,,,,,Q11347927,Q11347927,Okazaki,Japan,1854376,,https://ror.org/02h4myp42,,,,
,,"RHYTHM Watch Co., Ltd. (Japan)",active,company,RHYTHM Watch,"RHYTHM Watch Co., Ltd. (Japan); RHYTHM Watch Co., Ltd.; リズム時計工業株式会社*ja",,http://www.rhythm.co.jp,,rhythm.co.jp,1950,,,,,,,Q11348030,Q11348030,Saitama,Japan,6940394,,,,,,
,,"RN Construction Co., Ltd. (Japan)",active,company,Nissan Rinkai Construction,"RN Construction Co., Ltd. (Japan); RN Construction Co., Ltd.; RN建設株式会社*ja",,https://www.rncc.co.jp,,rncc.co.jp,1936,,,,,,,Q11281482,Q11281482,Tokyo,Japan,1850147,,https://ror.org/00452b662,,,,
,,"ROHM Wako Co., Ltd. (Japan)",active,company,ROHM WAKO Company,"ROHM Wako Co., Ltd. (Japan); ROHM Wako Co., Ltd.; ローム・ワコー株式会社*ja",,https://micro.rohm.com/wako,,rohm.com,1966,,,,,,,,,Kasaoka,Japan,1859990,,https://ror.org/00vttj605,,,,
,,Roland DG Corporation (Japan),active,company,,Roland DG Corporation (Japan); Roland DG Corporation; ローランドディー.ジー.株式会社*ja,,https://rolanddg.com,,rolanddg.com,2024,,,,,,,,,Hamamatsu,Japan,1863289,,,,,,
,,Roland Corporation (Japan),active,company,Roland,Roland Corporation (Japan); Roland Corporation; ローランド株式会社*ja,,https://www.roland.com,,roland.com,1972,,,,,,,Q848490,Q848490,Hamamatsu,Japan,1863289,,,,,,
,,"ROCK Paint Co., Ltd. (Japan)",active,company,ROCK Paint,"ROCK Paint Co., Ltd. (Japan); ROCK Paint Co., Ltd.; ロックペイント株式会社*ja",,https://www.rockpaint.co.jp,,rockpaint.co.jp,1952,,,,,,,Q11350419,Q11350419,Osaka,Japan,1853909,,,,,,
,,"Aichi Machine Industry Co., Ltd. (Japan)",active,company,Aichi Machine Industry,"Aichi Machine Industry Co., Ltd. (Japan); Aichi Machine Industry Co., Ltd.; 愛知機械工業株式会社*ja",,https://www.aichikikai.co.jp,,aichikikai.co.jp,1949,,,,,,,Q403685,Q403685,Nagoya,Japan,1856057,,,,,,
,,"Aichi Tokei Denki Co., Ltd. (Japan)",active,company,Aichi Tokei Denki,"Aichi Tokei Denki Co., Ltd. (Japan); Aichi Tokei Denki Co., Ltd.; 愛知時計電機株式会社*ja",,https://www.aichitokei.net,,aichitokei.net,1949,,,,,,,,,Nagoya,Japan,1856057,,,,,,
,,Aichi Steel Corporation (Japan),active,company,Aichi Steel,Aichi Steel Corporation (Japan); Aichi Steel Corporation; 愛知製鋼株式会社*ja,,https://www.aichi-steel.co.jp,,aichi-steel.co.jp,1940,,,,,0000 0001 2296 0289,0000 0001 2296 0289,Q403696,Q403696,Tōkai,Japan,11612537,,,,,,
,,"Aichi Electric Co., Ltd. (Japan)",active,company,Aichi Electric,"Aichi Electric Co., Ltd. (Japan); Aichi Electric Co., Ltd.; 愛知電機株式会社*ja",,https://www.aichidenki.jp,,aichidenki.jp,1942,,,,,,,Q11494849,Q11494849,Kasugai,Japan,1859891,,,,https://ror.org/02n7mrn32,,
,,"Asahi Carbon Co., Ltd. (Japan)",active,company,Asahi Carbon,"Asahi Carbon Co., Ltd. (Japan); Asahi Carbon Co., Ltd.; 旭カーボン株式会社*ja",,https://www.asahicarbon.co.jp,,asahicarbon.co.jp,1951,,,,,,,Q98000130,Q98000130,Niigata,Japan,1855431,,,,,,
,,"Asahicoke Industry Co., Ltd. (Japan)",active,company,Asahi COKE IND.,"Asahicoke Industry Co., Ltd. (Japan); Asahicoke Industry Co., Ltd.; 旭コークス工業株式会社*ja",,https://www.asahicoke.co.jp,,asahicoke.co.jp,1938,,,,,,,,,Nagoya,Japan,1856057,,,,,,
,,"Asahi Concrete Works Co., Ltd. (Japan)",active,company,Asahi Concrete Works,"Asahi Concrete Works Co., Ltd. (Japan); Asahi Concrete Works Co., Ltd.; 旭コンクリート工業株式会社*ja",,https://www.asahi-concrete.co.jp,,asahi-concrete.co.jp,1923,,,,,,,Q96323573,Q96323573,Tokyo,Japan,1850147,,,,,,
,,"Asahi Diamond Industrial Co., Ltd. (Japan)",active,company,Asahi Diamond Industrial,"Asahi Diamond Industrial Co., Ltd. (Japan); Asahi Diamond Industrial Co., Ltd.; 旭ダイヤモンド工業株式会社*ja",,https://www.asahidia.co.jp,,asahidia.co.jp,1937,,,,,,,Q17191226,Q17191226,Tokyo,Japan,1850147,,,,,,
,,"Asahi Fiber Glass Co., Ltd. (Japan)",active,company,Asahi Fiber Glass,"Asahi Fiber Glass Co., Ltd. (Japan); Asahi Fiber Glass Co., Ltd.; 旭ファイバーグラス株式会社*ja",,https://www.afgc.co.jp,,afgc.co.jp,1956,,,,,,,Q11511624,Q11511624,Tokyo,Japan,1850147,,https://ror.org/03jw8f702,,,,
,,"Asahi Medical Co., Ltd. (Japan)",active,company,Asahi Medical,"Asahi Medical Co., Ltd.; Asahi Medical Co., Ltd. (Japan); 旭メディカル株式会社*ja; アサヒメディカル株式会社*ja",,https://asahimedical.co.jp,,asahimedical.co.jp,1993,,,,,,,,,Kawaguchi,Japan,1859730,,,,,,
,,Asahi Kasei Therapeutics Corporation (Japan),active,company,Asahi Kasei Pharma,Asahi Kasei Therapeutics Corporation (Japan); Asahi Kasei Therapeutics Corporation; Asahi Kasei Pharma Corporation; 旭化成セラピューティクス株式会社*ja; 旭化成ファーマ株式会社*ja,,https://www.asahikasei-pharma.co.jp,,asahikasei-pharma.co.jp,2003,,,,,,,Q45131243,Q45131243,Tokyo,Japan,1850147,,https://ror.org/018wp0236,,,,
,,Asahi Kasei Homes Corporation (Japan),active,company,Asahi Kasei Homes,Asahi Kasei Homes Corporation (Japan); Asahi Kasei Homes Corporation; 旭化成ホームズ株式会社*ja,,https://www.asahi-kasei.co.jp/j-koho/index.html/,,asahi-kasei.co.jp,1972,,,,,,,Q11511650,Q11511650,Tokyo,Japan,1850147,,https://ror.org/018wp0236,,,,
,,"Asahi Kasei Medical Co., Ltd. (Japan)",active,company,Asahi Kasei Medical,"Asahi Kasei Medical Co., Ltd. (Japan); Asahi Kasei Medical Co., Ltd.; 旭化成メディカル株式会社*ja",,https://www.asahi-kasei.co.jp/medical/,,asahi-kasei.co.jp,1974,,,,,,,Q138339583,Q138339583,Tokyo,Japan,1850147,,https://ror.org/018wp0236,,,,
,,Asahi Kasei Construction Materials Corporation (Japan),active,company,Asahi Kasei Construction Materials,Asahi Kasei Construction Materials Corporation (Japan); Asahi Kasei Construction Materials Corporation; 旭化成建材株式会社*ja,,https://www.asahikasei-kenzai.com,,asahikasei-kenzai.com,1976,,,,,,,Q22123637,Q22123637,Tokyo,Japan,1850147,,https://ror.org/018wp0236,,,,
,,"Asahi Glass Engineering Co., Ltd. (Japan)",active,company,Asahi Glass Engineering,"Asahi Glass Engineering Co., Ltd. (Japan); Asahi Glass Engineering Co., Ltd.; 旭硝子エンジニアリング株式会社*ja",,https://www.agec.co.jp,,agec.co.jp,1959,,,,,,,,,Chiba,Japan,2113015,,https://ror.org/02nnhbq91,,,,
,,"Asahi Seiko Co., Ltd. (Japan)",active,company,Asahi Seiko,"Asahi Seiko Co., Ltd. (Japan); Asahi Seiko Co., Ltd.; 旭精工株式会社*ja",,https://www.asahiseiko.co.jp,,asahiseiko.co.jp,1938,,,,,,,,,Tokyo,Japan,1850147,,,,,,
,,Asahi Yukizai Corporation (Japan),active,company,Asahi Yukizai,Asahi Yukizai Corporation (Japan); Asahi Yukizai Corporation; 旭有機材株式会社*ja,,https://www.asahi-yukizai.co.jp/index.html,,asahi-yukizai.co.jp,1945,,,,,,,Q11511794,Q11511794,Nobeoka,Japan,1855095,,,,,,
,,Yaskawa Information SYSTEMS Corporation (Japan),active,company,Yaskawa Information SYSTEMS,Yaskawa Information SYSTEMS Corporation (Japan); Yaskawa Information SYSTEMS Corporation; YE DIGITAL Corporation; 安川情報システム株式会社*ja; 株式会社YEデジタル*ja,,https://www.ye-digital.com,,ye-digital.com,1978,,,,,,,,,Kitakyushu,Japan,1859307,,,,https://ror.org/037qwc103,,
,,Itochu Techno-Solutions Corporation (Japan),active,company,Itochu Techno-Solutions,Itochu Techno-Solutions Corporation (Japan); Itochu Techno-Solutions Corporation; 伊藤忠テクノソリューションズ株式会社*ja,,https://www.ctc-g.co.jp,,ctc-g.co.jp,1979,,,,,,,Q11380105,Q11380105,Tokyo,Japan,1850147,,https://ror.org/03qashd50,,,,
,,"Itochu Sugar Co., Ltd. (Japan)",active,company,Itochu Sugar,"Itochu Sugar Co., Ltd. (Japan); Itochu Sugar Co., Ltd.; 伊藤忠製糖株式会社*ja",,http://www.itochu-sugar.com,,itochu-sugar.com,1972,,,,,,,Q11380121,Q11380121,Hekinan,Japan,1862912,,,,,,
,,"INA FOOD Industry Co., Ltd. (Japan)",active,company,INA FOOD Industry,"INA FOOD Industry Co., Ltd. (Japan); INA FOOD Industry Co., Ltd.; Ina Food Industry Co., Ltd.; 伊那食品工業株式会社*ja",,https://www.kantenpp.co.jp,,kantenpp.co.jp,1958,,,,,,,Q11380919,Q11380919,Ina,Japan,1861641,,,,,,
,,"Iseki & Co., Ltd. (Japan)",active,company,,"Iseki & Co., Ltd. (Japan); Iseki & Co., Ltd.; 井関農機株式会社*ja",,https://www.iseki.co.jp,,iseki.co.jp,1936,,,,,,,Q1581562,Q1581562,Matsuyama,Japan,1926099,,,,,,
,,"Imuraya Group Co., Ltd. (Japan)",active,company,"Imuraya Confectionery Co., Ltd.","Imuraya Group Co., Ltd. (Japan); Imuraya Group Co., Ltd.; 井村屋グループ株式会社*ja",,https://www.imuraya-group.com,,imuraya-group.com,1947,,,,,,,Q11373626,Q11373626,Tsu,Japan,1849796,,,,,,
,,"Inaba Denki Sangyo Co., Ltd. (Japan)",active,company,Inaba Denki Sangyo,"Inaba Denki Sangyo Co., Ltd. (Japan); Inaba Denki Sangyo Co., Ltd.; 因幡電機産業株式会社*ja",,https://www.inaba.co.jp,,inaba.co.jp,1949,,,,,,,Q11420263,Q11420263,Osaka,Japan,1853909,,,,,,
,,"UBE Exsymo Co., Ltd. (Japan)",active,company,UBE Exsymo,"UBE Exsymo Co., Ltd. (Japan); UBE Exsymo Co., Ltd.; 宇部エクシモ株式会社*ja",,https://ube-exsymo.co.jp/index.html,,ube-exsymo.co.jp,1966,,,,,,,Q11449669,Q11449669,Tokyo,Japan,1850147,,https://ror.org/05xhmzx41,,,,
,,UBE Material Industries Ltd. (Japan),active,company,UBE Material Industries,UBE Material Industries Ltd. (Japan); UBE Material Industries Ltd.; 宇部マテリアルズ株式会社*ja,,https://www.ubematerial.com,,ubematerial.com,1949,,,,,,,,,Ube,Japan,1849498,,,,,,
,,"Ebara Jitsugyo Co., Ltd. (Japan)",active,company,Ebara Jitsugyo,"Ebara Jitsugyo Co., Ltd. (Japan); Ebara Jitsugyo Co., Ltd.; 荏原実業株式会社*ja",,https://www.ejk.co.jp,,ejk.co.jp,1946,,,,,,,Q11618307,Q11618307,Tokyo,Japan,1850147,,,,,,
,,Okumura Engineering Corporation (Japan),active,company,Okumura Engineering,Okumura Engineering Corporation (Japan); Okumura Engineering Corporation; 奥村組土木興業株式会社*ja,,https://www.okumuradbk.co.jp,,okumuradbk.co.jp,1959,,,,,,,Q11445913,Q11445913,Osaka,Japan,1853909,,,,,,
,,Yokogawa Solution Service Corporation (Japan),active,company,Yokogawa Solution Service,Yokogawa Solution Service Corporation (Japan); Yokogawa Solution Service Corporation; 横河ソリューションサービス株式会社*ja,,https://www.yokogawa.com/yjp/,,yokogawa.com,2013,,,,,,,Q109597129,Q109597129,Musashino,Japan,1856367,,https://ror.org/04bdy7914,,,,
,,"Yokogawa Construction Co., Ltd. (Japan)",active,company,Yokogawa Construction,"Yokogawa Construction Co., Ltd. (Japan); Yokogawa Construction Co., Ltd.; 横河工事株式会社*ja",,http://www.yokogawa-kouji.co.jp,,yokogawa-kouji.co.jp,1963,,,,,,,,,Tokyo,Japan,1850147,,,,,,
,,"YDK Technologies Co., Ltd. (Japan)",active,company,Yokogawa Denshikiki,"YDK Technologies Co., Ltd. (Japan); YDK Technologies Co., Ltd.; 株式会社YDKテクノロジーズ*ja",YDK,https://www.ydktechs.co.jp,,ydktechs.co.jp,1960,,,,,,,,,Tokyo,Japan,1850147,,,,https://ror.org/00452b662,,
,,"Oji F-Tex Co., Ltd. (Japan)",active,company,Oji F-Tex,"Oji F-Tex Co., Ltd. (Japan); Oji F-Tex Co., Ltd.; 王子エフテックス株式会社*ja",,https://ojif-tex.co.jp,,ojif-tex.co.jp,2004,,,,,,,Q11572970,Q11572970,Tokyo,Japan,1850147,,https://ror.org/048n7pq28,,,,
,,"Oji Container Co., Ltd. (Japan)",active,company,Oji Container,"Oji Container Co., Ltd. (Japan); Oji Container Co., Ltd.; 王子コンテナー株式会社*ja",,https://www.oji-container.co.jp,,oji-container.co.jp,2005,,,,,,,,,Tokyo,Japan,1850147,,https://ror.org/048n7pq28,,,,
,,"Oji Paper Co., Ltd. (Japan)",active,company,Oji Paper,"Oji Paper Co., Ltd. (Japan); Oji Paper Co., Ltd.; 王子製紙株式会社*ja",,https://www.ojipaper.co.jp,,ojipaper.co.jp,2012,,,,,,,,,Tokyo,Japan,1850147,,https://ror.org/048n7pq28,,,,
,,"Kizakura Co., Ltd. (Japan)",active,company,Kizakura,"Kizakura Co., Ltd. (Japan); Kizakura Co., Ltd.; 黄桜株式会社*ja",,https://kizakura.co.jp,,kizakura.co.jp,1951,,,,,,,Q11677776,Q11677776,Kyoto,Japan,1857910,,,,,,
,,"Okamura Oil Mill Co., Ltd. (Japan)",active,company,Okamura OIL MILL,"Okamura Oil Mill Co., Ltd. (Japan); Okamura Oil Mill Co., Ltd.; 岡村製油株式会社*ja",,https://okamura-seiyu.co.jp,,okamura-seiyu.co.jp,,,,,,,,,,Kashihara,Japan,1859952,,,,,,
,,"Okamoto Glass Co., Ltd. (Japan)",active,company,Okamoto Glass,"Okamoto Glass Co., Ltd. (Japan); Okamoto Glass Co., Ltd.; 岡本硝子株式会社*ja",,https://ogc-jp.com,,ogc-jp.com,1947,,,,,,,Q11473183,Q11473183,Kashiwa,Japan,1859924,,,,,,
,,"Okano Valve MFG. Co., Ltd. (Japan)",active,company,Okano Valve MFG.,"Okano Valve MFG. Co., Ltd. (Japan); Okano Valve MFG. Co., Ltd.; 岡野バルブ製造株式会社*ja",,https://okano-valve.co.jp,,okano-valve.co.jp,1936,,,,,,,Q11473899,Q11473899,Kitakyushu,Japan,1859307,,,,,,
,,"Okano Cable Co., Ltd. (Japan)",active,company,Okano Electric WIRE,"Okano Cable Co., Ltd. (Japan); Okano Cable Co., Ltd.; 岡野電線株式会社*ja",,https://www.okano-cable.co.jp,,okano-cable.co.jp,1951,,,,,,,Q11473950,Q11473950,Yamato,Japan,11611478,,,,,,
,,"OKI Electric Cable Co., Ltd. (Japan)",active,company,OKI Electric Cable,"OKI Electric Cable Co., Ltd. (Japan); OKI Electric Cable Co., Ltd.; 沖電線株式会社*ja",,https://www.okidensen.co.jp,,okidensen.co.jp,1936,,,,,,,Q11553052,Q11553052,Isesaki,Japan,1861436,,https://ror.org/0503rt987,,,,
,,"The Okinawa Electric Power Company, Incorporated (Japan)",active,company,,"The Okinawa Electric Power Company, Incorporated (Japan); The Okinawa Electric Power Company, Incorporated; 沖縄電力株式会社*ja",,https://www.okiden.co.jp,,okiden.co.jp,1972,,,,,,,Q2017226,Q2017226,Urasoe,Japan,6822152,,,,,,
,,"Kaken Shoyaku Co., Ltd. (Japan)",active,company,Kaken Shoyaku,"Kaken Shoyaku Co., Ltd. (Japan); Kaken Shoyaku Co., Ltd.; 化研生薬株式会社*ja",,https://www.kakenshoyaku.com,,kakenshoyaku.com,1942,,,,,,,,,Tokyo,Japan,1850147,,,,,,
,,AI Medical Service Inc. (Japan),active,company,AI Medical Service,AI Medical Service Inc. (Japan); AI Medical Service Inc.; 株式会社AIメディカルサービス*ja,,https://en.ai-ms.com,,ai-ms.com,2017,,,,,,,,,Tokyo,Japan,1850147,,,,,,
,,FUJI Corporation (Japan),active,company,,FUJI Corporation (Japan); FUJI Corporation; 株式会社フジ・コーポレーション*ja,,https://www.fujicorporation.com/company/,,fujicorporation.com,1971,,,,,,,Q17230076,Q17230076,Tomiya,Japan,2110744,,,,,,
,,Institute of Gene and Brain Science (Japan),active,company,,Institute of Gene and Brain Science (Japan); Institute of Gene and Brain Science; 株式会社GBS研究所*ja,GBS,http://www.ins-gbs.co.jp,,ins-gbs.co.jp,2001,,,,,,,,,Saitama,Japan,6940394,,,,,,
,,IHI Agri-Tech Corporation (Japan),active,company,IHI Agri-Tech,IHI Agri-Tech Corporation; IHI Agri-Tech Corporation (Japan); 株式会社IHIアグリテック*ja,,https://www.ihi.co.jp/iat/,,ihi.co.jp,2017,,,,,,,,,Chitose,Japan,2130452,,https://ror.org/018nb9n34,,,,
,,"IHI Infra-square Co., Ltd. (Japan)",active,company,"IHI Infrastructure Systems; IHI Infrastructure Systems Co., Ltd.","IHI Infra-square Co., Ltd. (Japan); IHI Infra-square Co., Ltd.; 株式会社IHIインフラスクエア*ja",,https://www.ihi.co.jp/iis/index.html,,ihi.co.jp,2009,,,,,,,Q11223964,Q11223964,Sakai,Japan,1853195,,https://ror.org/018nb9n34,,,,
,,"IHI Aerospace Co., Ltd. (Japan)",active,company,IHI Aerospace,"IHI Aerospace Co., Ltd. (Japan); IHI Aerospace Co., Ltd.; 株式会社IHIエアロスペース*ja",,https://www.ihi.co.jp/ia/,,ihi.co.jp,2000,,,,,,,Q11223969,Q11223969,Tomioka,Japan,1850091,,https://ror.org/018nb9n34,,,,
,,"IHI Shibaura Tec Co., Ltd. (Japan)",active,company,IHI Shibaura Machinery,"IHI Shibaura Tec Co., Ltd. (Japan); IHI Shibaura Tec Co., Ltd.; 株式会社IHIシバウラテック*ja",,https://ihi-shibaura.com,,ihi-shibaura.com,,,,,,,,,,Matsumoto,Japan,1857519,,https://ror.org/018nb9n34,,,,
,,"IHI Turbo Co., Ltd. (Japan)",active,company,IHI Turbo,"IHI Turbo Co., Ltd. (Japan); IHI Turbo Co., Ltd.; 株式会社IHIターボ*ja",,https://www.ihi.co.jp/itj/,,ihi.co.jp,2007,,,,,,,,,Okuwa,Japan,1854195,,https://ror.org/018nb9n34,,,,
,,"IHI Rotating Machinery Engineering Co., Ltd. (Japan)",active,company,IHI Rotating Machinery Engineering,"IHI Rotating Machinery Engineering Co., Ltd. (Japan); IHI Rotating Machinery Engineering Co., Ltd.; 株式会社IHI回転機械エンジニアリング*ja",,https://www.ihi.co.jp/irm/,,ihi.co.jp,1965,,,,,,,Q17226993,Q17226993,Tokyo,Japan,1850147,,https://ror.org/018nb9n34,,,,
,,"IHI Machinery and Furnace Co., Ltd. (Japan)",active,company,IHI Machinery And Furnace,"IHI Machinery and Furnace Co., Ltd. (Japan); IHI Machinery and Furnace Co., Ltd.; 株式会社IHI機械システム*ja",,https://www.ihi.co.jp/ims/,,ihi.co.jp,2007,,,,,,,,,Tokyo,Japan,1850147,,https://ror.org/018nb9n34,,,,
,,"IHI Inspection & Instrumentation Co., Ltd. (Japan)",active,company,IHI Inspection & Instrumentation,"IHI Inspection & Instrumentation Co., Ltd. (Japan); IHI Inspection & Instrumentation Co., Ltd.; 株式会社IHI検査計測*ja",IIC,https://www.iic-hq.co.jp,,iic-hq.co.jp,1974,,,,,,,,,Tokyo,Japan,1850147,,https://ror.org/018nb9n34,,,,
,,JAPAN MAGGOT COMPANY Co. Ltd. (Japan),active,company,JAPAN MAGGOT COMPANY,JAPAN MAGGOT COMPANY Co. Ltd. (Japan); JAPAN MAGGOT COMPANY Co. Ltd.; 株式会社JAPAN MAGGOT COMPANY*ja,,https://maggot.co.jp,,maggot.co.jp,2015,,,,,,,,,Okayama,Japan,1854383,,,,,,
,,KVK Corporation (Japan),active,company,,KVK Corporation (Japan); KVK Corporation; 株式会社KVK*ja,,https://www.kvk.co.jp,,kvk.co.jp,1949,,,,,,,Q11228297,Q11228297,Tomika,Japan,13132758,,,,,,
,,"MIE Techno Co., Ltd. (Japan)",active,company,MIE Techno,"MIE Techno Co., Ltd. (Japan); MIE Techno Co., Ltd.; 株式会社MIEテクノ*ja",,http://www.mie-corp.jp/mie,,mie-corp.jp,1907,,,,,,,Q59186432,Q59186432,Kuwana,Japan,11468429,,,,,,
,,NBC Meshtec Inc. (Japan),active,company,NBC Meshtec,NBC Meshtec Inc.; NBC Meshtec Inc. (Japan); 株式会社NBCメッシュテック*ja,,https://www.nbc-jp.com,,nbc-jp.com,1934,,,,,,,Q11234539,Q11234539,Hino,Japan,1862599,,https://ror.org/04xq9nz88,,,,
,,"NEC Informatec Systems, Ltd. (Japan)",active,company,NEC Informatec Systems,"NEC Informatec Systems, Ltd. (Japan); NEC Informatec Systems, Ltd.; 株式会社NEC情報システムズ*ja",,http://www.nec-nis.co.jp,,nec-nis.co.jp,1984,,,,,,,Q11234647,Q11234647,Kawasaki,Japan,1859642,,https://ror.org/04jndar25,,,,
,,"NHK Technologies, Inc. (Japan)",active,company,NHK Integrated Technology,"NHK Technologies, Inc. (Japan); NHK Technologies, Inc.; 株式会社NHKテクノロジーズ*ja",,https://www.nhk-tech.co.jp,,nhk-tech.co.jp,1969,,,,,,,,,Tokyo,Japan,1850147,,https://ror.org/01s8tz949,,,,
,,NIPPO Corporation (Japan),active,company,,NIPPO Corporation (Japan); NIPPO Corporation; 株式会社NIPPO*ja,,https://www.nippo-c.co.jp,,nippo-c.co.jp,1934,,,,,,,Q11235674,Q11235674,Tokyo,Japan,1850147,,,,,,
,,"NTT DOCOMO, Inc. (Japan)",active,company,NTT Docomo,"NTT DOCOMO, Inc. (Japan); NTT DOCOMO, Inc.; 株式会社NTTドコモ*ja",,https://www.docomo.ne.jp,,docomo.ne.jp,1991,,,,,,,Q853958,Q853958,Tokyo,Japan,1850147,,https://ror.org/00berct97,,,,
,,"NTT Facilities, Inc. (Japan)",active,company,NTT Facilities,"NTT Facilities, Inc. (Japan); NTT Facilities, Inc.; 株式会社NTTファシリティーズ*ja",,https://www.ntt-f.co.jp,,ntt-f.co.jp,1992,,,,,,,Q11236098,Q11236098,Tokyo,Japan,1850147,,,,,,
,,RJC Research Inc. (Japan),active,company,RJC Research,RJC Research Inc. (Japan); RJC Research Inc.; 株式会社RJCリサーチ*ja,,https://www.rjc.co.jp,,rjc.co.jp,1967,,,,,,,,,Tokyo,Japan,1850147,,,,,,
,,"SCREEN Semiconductor Solutions Co., Ltd. (Japan)",active,company,SCREEN Semiconductor Solutions,"SCREEN Semiconductor Solutions Co., Ltd. (Japan); SCREEN Semiconductor Solutions Co., Ltd.; 株式会社SCREENセミコンダクターソリューションズ*ja",,https://www.screen.co.jp/spe,,screen.co.jp,2006,,,,,,,,,Kyoto,Japan,1857910,,https://ror.org/00p4am161,,,,
,,"T&K TOKA Co., Ltd. (Japan)",active,company,T&K TOKA,"T&K TOKA Co., Ltd. (Japan); T&K TOKA Co., Ltd.; 株式会社T&K TOKA*ja",,https://www.toka-global.com,,toka-global.com,1949,,,,,,,Q48762312,Q48762312,Miyoshidai,Japan,11012851,,,,,,
,,TOSYS Corporation (Japan),active,company,,TOSYS Corporation (Japan); TOSYS Corporation; 株式会社TOSYS*ja,,https://www.tosys.co.jp,,tosys.co.jp,1960,,,,,,,Q11249891,Q11249891,Nagano,Japan,1856215,,,,,,
,,UACJ Corporation (Japan),active,company,,UACJ Corporation (Japan); UACJ Corporation; 株式会社UACJ*ja,,https://www.uacj.co.jp,,uacj.co.jp,2013,,,,,,,Q11411359,Q11411359,Tokyo,Japan,1850147,,,,,,
,,UACJ Metal Components Corporation (Japan),active,company,UACJ Metal Components,UACJ Metal Components Corporation (Japan); UACJ Metal Components Corporation; 株式会社UACJ金属加工*ja,,https://umc.uacj-group.com/company/profile.html,,uacj-group.com,1944,,,,,,,,,Tokyo,Japan,1850147,,,,,,
,,UACJ Foil Corporation (Japan),active,company,UACJ Foil,UACJ Foil Corporation (Japan); UACJ Foil Corporation; 株式会社UACJ製箔*ja,,https://ufo.uacj-group.com,,uacj-group.com,1933,,,,,,,Q11509057,Q11509057,Tokyo,Japan,1850147,,,,,,
,,"DNP Scientific Analysis Center, Inc. (Japan)",active,company,"UBE Scientific Analysis Laboratory, Inc.; 株式会社UBE科学分析センター","DNP Scientific Analysis Center, Inc. (Japan); DNP Scientific Analysis Center, Inc.; 株式会社DNP科学分析センター*ja",,https://www.dnp-sci-analysis-ctr.co.jp,,dnp-sci-analysis-ctr.co.jp,1987,,,,,,,,,Tokyo,Japan,1850147,,https://ror.org/01be2k939,,https://ror.org/05xhmzx41,,
,,Regional Planning Institute (Japan),active,company,,Regional Planning Institute (Japan); Regional Planning Institute; 株式会社アール・ピー・アイ*ja,RPI,https://rpi.co.jp,,rpi.co.jp,1979,,,,,,,,,Tokyo,Japan,1850147,,,,,,
,,Aichi Corporation (Japan),active,company,,Aichi Corporation (Japan); Aichi Corporation; 株式会社アイチコーポレーション*ja,,https://www.aichi-corp.co.jp,,aichi-corp.co.jp,1962,,,,,,,Q11282239,Q11282239,Ageo,Japan,1865714,,,,,,
,,"ASAP System Co., Ltd. (Japan)",active,company,ASAP System,"ASAP System Co., Ltd. (Japan); ASAP System Co., Ltd.; 株式会社アサップシステム*ja",,http://asap-sys.co.jp,,asap-sys.co.jp,1998,,,,,,,,,Ōme,Japan,1854162,,,,,,
,,"Asahi LITE Optical Co., Ltd. (Japan)",active,company,Asahi LITE Optical,"Asahi LITE Optical Co., Ltd. (Japan); Asahi LITE Optical Co., Ltd.; 株式会社アサヒオプティカル*ja",,https://www.asahi-lite.co.jp,,asahi-lite.co.jp,,,,,,,,,,Sabae,Japan,1853338,,,,,,
,,"Asahi Seisakusho Co., Ltd. (Japan)",active,company,Asahi Seisakusho,"Asahi Seisakusho Co., Ltd. (Japan); Asahi Seisakusho Co., Ltd.; 株式会社アサヒ製作所*ja",,https://www.ascl.co.jp,,ascl.co.jp,1948,,,,,,,,,Tokyo,Japan,1850147,,,,,,
,,"Astec Corporation Co., Ltd. (Japan)",active,company,,"Astec Corporation Co., Ltd. (Japan); Astec Corporation Co., Ltd.; 株式会社アステックコーポレーション*ja",,https://www.asteccorporation.co.jp,,asteccorporation.co.jp,1961,,,,,,,,,Nagoya,Japan,1856057,,,,,,
,,"Astec IRIE Co., Ltd. (Japan)",active,company,Astec IRIE,"Astec IRIE Co., Ltd. (Japan); Astec IRIE Co., Ltd.; 株式会社アステック入江*ja",,https://www.astec-irie.co.jp,,astec-irie.co.jp,1957,,,,,,,Q11283481,Q11283481,Kitakyushu,Japan,1859307,,,,,,
,,"Amadamu Co., Ltd. (Japan)",active,company,,"Amadamu Co., Ltd.; 株式会社アマダム*ja; AMADAM INC.",,https://www.amadam-jp.com,,amadam-jp.com,1997,,,,,,,,,Tokyo,Japan,1850147,,,,,,
,,"Amada WELD TECH Co., Ltd. (Japan)",inactive,company,Amada WELD TECH,"Amada WELD TECH Co., Ltd. (Japan); Amada WELD TECH Co., Ltd.; 株式会社アマダウエルドテック*ja",,https://amadaweldtech.com,,amadaweldtech.com,1972,,,,,,,,,Isehara,Japan,1861449,,,,,https://ror.org/01se4qt95,
,,ARGO 21 Corp. (Japan),active,company,ARGO 21,ARGO 21 Corp. (Japan); ARGO 21 Corp.; 株式会社アルゴ21*ja,,http://www.argo21.co.jp,,argo21.co.jp,1984,,,,,,,,,Tokyo,Japan,1850147,,,,,,
,,"ISEKI POLY-TECH, INC. (Japan)",active,company,,"ISEKI POLY-TECH, INC.; Iseki POLY-TECH, Incorporated; 株式会社イセキ開発工機*ja",,https://iseki-polytech.com,,iseki-polytech.com,1971,,,,,,,,,Tokyo,Japan,1850147,,,,,,
,,Itoki Corporation (Japan),active,company,,Itoki Corporation (Japan); Itoki Corporation; 株式会社イトーキ*ja,,https://www.itoki.jp,,itoki.jp,1950,,,,,,,Q11286855,Q11286855,Tokyo,Japan,1850147,,,,,,
,,"ITO Yogyo Co., Ltd. (Japan)",active,company,ITO Yogyo,"ITO Yogyo Co., Ltd. (Japan); ITO Yogyo Co., Ltd.; 株式会社イトーヨーギョー*ja",,https://itoyogyo.co.jp,,itoyogyo.co.jp,1950,,,,,,,Q11286865,Q11286865,Kobe,Japan,1859171,,,,,,
,,SNBL INA Ltd. (Japan),active,company,INA Research Inc.; 株式会社イナリサーチ,SNBL INA Ltd. (Japan); 株式会社新日本科学イナリサーチセンター*ja,,https://www.ina-research.co.jp,,ina-research.co.jp,1978,,,,,,,Q11286893,Q11286893,Ina,Japan,1861641,,https://ror.org/01sqm5e44,,,,
,,Intec Inc. (Japan),active,company,,Intec Inc. (Japan); Intec Inc.; 株式会社インテック*ja,,https://www.intec.co.jp,,intec.co.jp,1964,,,,,,,,,Tokyo,Japan,1850147,,,,,,
,,"Intelligent Sensor Technology, Inc. (Japan)",active,company,Intelligent Sensor Technology,"Intelligent Sensor Technology, Inc. (Japan); Intelligent Sensor Technology, Inc.; 株式会社インテリジェントセンサーテクノロジー*ja",,https://www.insentjp.com,,insentjp.com,2002,,,,,,,,,Atsugi,Japan,1847963,,,,,,
,,Air Liquide Laboratories (Japan),active,company,,Air Liquide Laboratories (Japan); Air Liquide Laboratories; 株式会社エア・リキード・ラボラトリーズ*ja,,https://www.airliquide.com/group/japan,,airliquide.com,,,,,,,,,,Yokosuka,Japan,1848313,,https://ror.org/0431b2v07,,,,
,,H&F Corporation (Japan),active,company,Hitachi Zosen Fukui,H&F Corporation (Japan); H&F Corporation; 株式会社エイチアンドエフ*ja,,http://www.h-f.co.jp,,h-f.co.jp,1964,,,,,,,Q11289585,Q11289585,Awara,Japan,1864894,,https://ror.org/01se4qt95,,,,
,,"Advanced Material Technologies Co., Ltd. (Japan)",active,company,Advanced Material Technologies,"Advanced Material Technologies Co., Ltd. (Japan); Advanced Material Technologies Co., Ltd.; 株式会社エー・エム・テクノロジー*ja",,http://www.amtech.co.jp,,amtech.co.jp,,,,,,,,,,Fuji,Japan,1864134,,,,,,
,,NTT DATA Group Corporation (Japan),active,company,NTT DATA,NTT DATA Group Corporation; NTT DATA Corporation; NTT DATA Corporation (Japan); 株式会社ＮＴＴデータグループ*ja; 株式会社エヌ・ティ・ティ・データ*ja,,https://nttdata.com,,nttdata.com,1988,,,,,,,Q1030691,Q1030691,Tokyo,Japan,1850147,,https://ror.org/00berct97,,,,
,,"Nonami Science Produce Co., Ltd. (Japan)",active,company,Nonami Science Produce,"Nonami Science Produce Co., Ltd. (Japan); Nonami Science Produce Co., Ltd.; 株式会社エヌエスピー*ja",NSP,https://nsp-jpn.com,,nsp-jpn.com,,,,,,,,,,Osaka,Japan,1853909,,,,,,
,,OSU Company (Japan),active,company,,OSU Company (Japan); OSU Company; 株式会社オーエスユー*ja,,https://osuproduct.wixsite.com/osuproduct,,,2000,,,,,,,,,Takatsuki,Japan,1850910,,,,,,
,,Okamura Corporation (Japan),active,company,Okamura,Okamura Corporation (Japan); Okamura Corporation; 株式会社オカムラ*ja,,https://www.okamura.com,,okamura.com,1946,,,,,,,,,Yokohama,Japan,1848354,,,,,,
,,"GAEART Co., Ltd. (Japan)",active,company,Gaeart,"GAEART Co., Ltd. (Japan); GAEART Co., Ltd.; 株式会社ガイアート*ja",,https://www.gaeart.com,,gaeart.com,1963,,,,,,,,,Saiki,Japan,1853237,,https://ror.org/022h3vn82,,,,
,,Kagoshima Medical IT Center (Japan),active,company,,Kagoshima Medical IT Center (Japan); Kagoshima Medical IT Center; 株式会社かごしま医療ITセンター*ja,KGMIC,https://www.kgmic.com,,kgmic.com,2005,,,,,,,,,Kagoshima,Japan,1860827,,,,,,
,,Kanebo Cosmetics Inc. (Japan),active,company,Kanebo Cosmetics,Kanebo Cosmetics Inc. (Japan); Kanebo Cosmetics Inc.; 株式会社カネボウ化粧品*ja,,https://www.kanebo-cosmetics.co.jp,,kanebo-cosmetics.co.jp,2004,,,,,,,Q17225643,Q17225643,Tokyo,Japan,1850147,,https://ror.org/016t1kc57,,,,
,,"Global Nuclear Fuel - Japan Co, Ltd. (Japan)",active,company,Global Nuclear Fuel - Japan,"Global Nuclear Fuel - Japan Co, Ltd. (Japan); Global Nuclear Fuel - Japan Co, Ltd.; 株式会社グローバル・ニュークリア・フュエル・ジャパン*ja",GNF-J,https://www.gnfjapan.com,,gnfjapan.com,1967,,,,,,,Q17990681,Q17990681,Yokosuka,Japan,1848313,,,,,,
,,"Konami Amusement Co., Ltd. (Japan)",active,company,Konami Amusement,"Konami Amusement Co., Ltd. (Japan); Konami Amusement Co., Ltd.; 株式会社コナミアミューズメント*ja",,https://www.konami.com/amusement/,,konami.com,1956,,,,,,,Q11672651,Q11672651,Ichinomiya,Japan,1861949,,https://ror.org/052gr6m21,,,,
,,"Kobelco Research Institute, Inc. (Japan)",active,company,Kobelco Research Institute,"Kobelco Research Institute, Inc. (Japan); Kobelco Research Institute, Inc.; 株式会社コベルコ科研*ja",,https://www.kobelcokaken.co.jp/index.html,,kobelcokaken.co.jp,1979,,,,,,,,,Kobe,Japan,1859171,,https://ror.org/01d36yb27,,,,
,,Corona Corporation (Japan),active,company,Corona,Corona Corporation (Japan); Corona Corporation; 株式会社コロナ*ja,,https://www.corona.co.jp,,corona.co.jp,1950,,,,,,,Q11302881,Q11302881,Sanjō,Japan,1852984,,,,,,
,,Cyber Solutions Inc. (Japan),active,company,Cyber Solutions,Cyber Solutions Inc. (Japan); Cyber Solutions Inc.; 株式会社サイバー・ソリューションズ*ja,,https://www.cysol.co.jp/index.php,,cysol.co.jp,1997,,,,,,,,,Sendai,Japan,2111149,,,,,,
,,Sakata SEED Corporation (Japan),active,company,Sakata SEED,Sakata SEED Corporation (Japan); Sakata SEED Corporation; 株式会社サカタのタネ*ja,,https://corporate.sakataseed.co.jp/index.html,,sakataseed.co.jp,1942,,,,,,,Q11304396,Q11304396,Yokohama,Japan,1848354,,,,,,
,,Sakura Color Products Corp. (Japan),active,company,Sakura Color Products,Sakura Color Products Corp. (Japan); Sakura Color Products Corp.; 株式会社サクラクレパス*ja,,https://www.craypas.com,,craypas.com,1921,,,,,,,Q7403163,Q7403163,Osaka,Japan,1853909,,,,,,
,,"SUN A. Kaken Co., Ltd. (Japan)",active,company,SUN A. Kaken,"SUN A. Kaken Co., Ltd. (Japan); SUN A. Kaken Co., Ltd.; 株式会社サンエー化研*ja",,https://www.sun-a-kaken.co.jp,,sun-a-kaken.co.jp,1942,,,,,,,Q11305473,Q11305473,Tokyo,Japan,1850147,,,,,,
,,"SUN CONTACT LENS Co., Ltd. (Japan)",active,company,SUN Contactlens,"SUN CONTACT LENS Co., Ltd. (Japan); SUN CONTACT LENS Co., Ltd.; 株式会社サンコンタクトレンズ*ja",,https://www.sun-con.com,,sun-con.com,1971,,,,,,,Q11305553,Q11305553,Kyoto,Japan,1857910,,,,,,
,,"SEED Co., Ltd. (Japan)",active,company,,"SEED Co., Ltd. (Japan); SEED Co., Ltd.; 株式会社シード*ja",,https://www.seed.co.jp,,seed.co.jp,1957,,,,,,,,,Tokyo,Japan,1850147,,,,,,
,,Kidswell Bio Corporation (Japan),active,company,Gene Techno Science; 株式会社ジーンテクノサイエンス,Kidswell Bio Corporation (Japan); Kidswell Bio Corporation; キッズウェル・バイオ株式会社*ja,,https://www.kidswellbio.com,,kidswellbio.com,2001,,,,,,,,,Tokyo,Japan,1850147,,,,,,
,,GENE Design Inc. (Japan),active,company,GENE Design,GENE Design Inc. (Japan); GENE Design Inc.; 株式会社ジーンデザイン*ja,,https://www.ajioligos.com,,ajioligos.com,2000,,,,,,,,,Ibaraki,Japan,1862033,,https://ror.org/044mkdq33,,,,
,,"System JD Co., Ltd. (Japan)",active,company,System JD,"System JD Co., Ltd. (Japan); System JD Co., Ltd.; 株式会社システム・ジェイディー*ja",,https://system-jd.co.jp,,system-jd.co.jp,2002,,,,,,,,,Fukuoka,Japan,1863967,,,,,,
,,"SYSTEMS Research Center, Inc. (Japan)",active,company,SYSTEMS Research Center,"SYSTEMS Research Center, Inc. (Japan); SYSTEMS Research Center, Inc.; 株式会社システム研究センター*ja",,http://www.sysinc.co.jp,,,,,,,,,,,,Tokyo,Japan,1850147,,,,,,
,,"Japan Tissue Engineering Co., Ltd. (Japan)",active,company,Japan Tissue Engineering,"Japan Tissue Engineering Co., Ltd. (Japan); Japan Tissue Engineering Co., Ltd.; 株式会社ジャパン・ティッシュ・エンジニアリング*ja",J-TEC,https://www.jpte.co.jp,,jpte.co.jp,1999,,,,,,,Q11310041,Q11310041,Gamagōri,Japan,1863693,,https://ror.org/038kxkq33,,,,
,,Japan Energy Inc. (Japan),active,company,Japan Energy,Japan Energy Inc. (Japan); Japan Energy Inc.; 株式会社ジャパンエナジー*ja,,https://www.japanenergy.jp,,japanenergy.jp,,,,,,,,,,Sakai,Japan,1853195,,,,,,
,,Japan Engine Corporation (Japan),active,company,Japan Engine,Japan Engine Corporation (Japan); Japan Engine Corporation; 株式会社ジャパンエンジンコーポレーション*ja,,https://www.j-eng.co.jp,,j-eng.co.jp,1920,,,,,,,,,Akashi,Japan,1847966,,,,https://ror.org/02aq67p44,,
,,"Japan Blue Energy Co., Ltd. (Japan)",active,company,Japan Blue Energy,"Japan Blue Energy Co., Ltd. (Japan); Japan Blue Energy Co., Ltd.; 株式会社ジャパンブルーエナジー*ja",JBEC,https://www.jbec.jp/corporate,,jbec.jp,2023,,,,,,,,,Tokyo,Japan,1850147,,,,,,
,,"Super TOOL Co., Ltd. (Japan)",active,company,Super TOOL,"Super TOOL Co., Ltd. (Japan); Super TOOL Co., Ltd.; 株式会社スーパーツール*ja",,https://www.supertool.co.jp/index.php,,supertool.co.jp,1960,,,,,,,Q11313777,Q11313777,Sakai,Japan,1853195,,,,,,
,,STAR Corporation Ltd. (Japan),active,company,STAR Corporation,STAR Corporation Ltd. (Japan); STAR Corporation Ltd.; 株式会社スター・コーポレーション*ja,,https://star-corporation.jp,,star-corporation.jp,,,,,,,,,,Yūki,Japan,1848096,,,,,,
,,Stella Environment Corporation (Japan),active,company,Stella Environment,Stella Environment Corporation (Japan); Stella Environment Corporation; 株式会社ステラ環境*ja,,https://stella-sec.jp,,stella-sec.jp,,,,,,,,,,Tokyo,Japan,1850147,,,,,,
,,"Space Creations Co., Ltd. (Japan)",active,company,Space Creation,"Space Creations Co., Ltd. (Japan); Space Creations Co., Ltd.; 株式会社スペースクリエイションズ*ja",,https://space-creations.com,,space-creations.com,2016,,,,,,,,,Kawasaki,Japan,1859642,,,,,,
,,"SpaceTag, Inc. (Japan)",active,company,Space Tag.,"SpaceTag, Inc. (Japan); SpaceTag, Inc.; 株式会社スペースタグ*ja",,http://www.spacetag.jp,,,2001,,,,,,,,,Takamatsu,Japan,1851100,,,,,,
,,"SYSTEMS Engineering Consultants Co., Ltd. (Japan)",active,company,SYSTEMS Engineering Consultants,"SYSTEMS Engineering Consultants Co., Ltd. (Japan); SYSTEMS Engineering Consultants Co., Ltd.; 株式会社セック*ja",,https://www.sec.co.jp,,sec.co.jp,1970,,,,,,,Q119660363,Q119660363,Tokyo,Japan,1850147,,,,,,
,,"Central UNI Co., Ltd. (Japan)",active,company,,"Central UNI Co., Ltd. (Japan); Central UNI Co., Ltd.; 株式会社セントラルユニ*ja",,https://global.central-uni.co.jp,,central-uni.co.jp,1951,,,,,,,,,Tokyo,Japan,1850147,,,,,,
,,"Sokkia Co., Ltd. (Japan)",active,company,Sokkia,"Sokkia Co., Ltd.; Sokkia Co., Ltd. (Japan); 株式会社ソキア*ja",,https://sokkia.com,,sokkia.com,1943,,,,,,,,,Atsugi,Japan,1847963,,https://ror.org/01qktm695,,,,
,,"Sokkia Topcon Co., Ltd. (Japan)",active,company,Sokkia Topcon,"Sokkia Topcon Co., Ltd. (Japan); Sokkia Topcon Co., Ltd.; 株式会社ソキア・トプコン*ja",,https://sokkia.com,,sokkia.com,1943,,,,,,,,,Tokyo,Japan,1850147,,https://ror.org/03fevzd03,,,,
,,Sony Interactive Entertainment Inc. (Japan),active,company,Sony Interactive Entertainment,Sony Interactive Entertainment Inc. (Japan); Sony Interactive Entertainment Inc.; 株式会社ソニー・インタラクティブエンタテインメント*ja,SIE,https://sonyinteractive.com,,sonyinteractive.com,2010,,,,,0000 0001 0669 7820,0000 0001 0669 7820,Q18594,Q18594,Tokyo,Japan,1850147,,https://ror.org/04wzv3n59,,,,
,,"Daiki AXIS Co., Ltd. (Japan)",active,company,Daiki AXIS,"Daiki AXIS Co., Ltd. (Japan); Daiki AXIS Co., Ltd.; 株式会社ダイキアクシス*ja",,https://www.daiki-axis.com,,daiki-axis.com,2005,,,,,,,Q11316737,Q11316737,Tokyo,Japan,1850147,,,,,,
,,"DIA Consultants Co., Ltd. (Japan)",active,company,DIA Consultants,"DIA Consultants Co., Ltd. (Japan); DIA Consultants Co., Ltd.; 株式会社ダイヤコンサルタント*ja",,https://www.diaconsult.jp,,diaconsult.jp,1963,,,,,,,Q11316971,Q11316971,Tokyo,Japan,1850147,,,,,,
,,Mitsubishi Chemical Techno-Research Corporation (Japan),active,company,DIA Research Martech; DIA Research Martech Inc.; 株式会社ダイヤリサーチマーテック,Mitsubishi Chemical Techno-Research Corporation; 株式会社三菱化学テクノリサーチ*ja,MCTR,https://www.mctr.co.jp,,mctr.co.jp,1976,,,,,,,,,Tokyo,Japan,1850147,,https://ror.org/05d8avs16,,,,
,,"Daiya Seiki Co., Ltd. (Japan)",active,company,Daiya Seiki,"Daiya Seiki Co., Ltd. (Japan); Daiya Seiki Co., Ltd.; 株式会社ダイヤ精機製作所*ja",,https://daiya.co.jp/company/overview,,daiya.co.jp,1951,,,,,,,,,Okaya,Japan,1854384,,,,,,
,,Tatsuno Corporation (Japan),active,company,Tatsuno,Tatsuno Corporation (Japan); Tatsuno Corporation; 株式会社タツノ*ja,,https://tatsuno-corporation.com,,tatsuno-corporation.com,1928,,,,,,,,,Tokyo,Japan,1850147,,,https://ror.org/01wx7v544,,,
,,Tamura Corporation (Japan),active,company,Tamura,Tamura Corporation (Japan); Tamura Corporation; 株式会社タムラ製作所*ja,,https://www.tamuracorp.com,,tamuracorp.com,1939,,,,,,,,,Tokyo,Japan,1850147,,,,,,
,,Tsukuba Center Inc. (Japan),active,company,Tsukuba Center,Tsukuba Center Inc. (Japan); Tsukuba Center Inc.; 株式会社つくば研究支援センター*ja,TCI,https://www.tsukuba-tci.co.jp,,tsukuba-tci.co.jp,1988,,,,,,,,,Tsukuba,Japan,2110681,,,,,,
,,Techno Smart Corp. (Japan),active,company,Techno Smart,Techno Smart Corp. (Japan); Techno Smart Corp.; 株式会社テクノスマート*ja,,https://www.technosmart.co.jp,,technosmart.co.jp,1936,,,,,,,Q96312658,Q96312658,Osaka,Japan,1853909,,,,,,
,,"Techno Network Shikoku Co., Ltd. (Japan)",active,company,Techno Network Shikoku,"Techno Network Shikoku Co., Ltd. (Japan); Techno Network Shikoku Co., Ltd.; 株式会社テクノネットワーク四国*ja",,https://www.s-tlo.co.jp,,s-tlo.co.jp,2001,,,,,,,,,Takamatsu,Japan,1851100,,,,,,
,,Techno Ryowa Ltd. (Japan),active,company,Techno Ryowa,Techno Ryowa Ltd. (Japan); Techno Ryowa Ltd.; 株式会社テクノ菱和*ja,,https://www.techno-ryowa.co.jp,,techno-ryowa.co.jp,1949,,,,,,,Q96323545,Q96323545,Tokyo,Japan,1850147,,,,,,
,,Teral Kyokuto Inc. (Japan),active,company,Teral Kyokuto,Teral Kyokuto Inc. (Japan); Teral Kyokuto Inc.; 株式会社テラルキョクトウ*ja,,https://www.teral.net,,teral.net,1950,,,,,,,Q11319406,Q11319406,Fukuyama,Japan,1863917,,,,,,
,,Denso IT Laboratory Inc. (Japan),active,company,Denso IT Laboratory,Denso IT Laboratory Inc. (Japan); Denso IT Laboratory Inc.; 株式会社デンソーアイティーラボラトリ*ja,,https://www.d-itlab.co.jp,,d-itlab.co.jp,2000,,,,,,,,,Tokyo,Japan,1850147,,https://ror.org/04hkpfa76,,,,
,,"Toyo Paper Mfg. Co., Ltd. (Japan)",active,company,Toyo Paper Manufacturing.,"Toyo Paper Mfg. Co., Ltd. (Japan); Toyo Paper Mfg. Co., Ltd.; 株式会社トーヨ*ja",,https://toyo-paper.co.jp,,toyo-paper.co.jp,1949,,,,,,,,,Shikokuchuo,Japan,11612345,,,,,,
,,"TOYO Asano Foundation Co., Ltd. (Japan)",active,company,TOYO Asano Foundation,"TOYO Asano Foundation Co., Ltd. (Japan); TOYO Asano Foundation Co., Ltd.; 株式会社トーヨーアサノ*ja",,https://www.toyoasano.co.jp,,toyoasano.co.jp,1951,,,,,,,,,Numazu,Japan,1854902,,,,,,
,,"TOP Ecology Co., Ltd. (Japan)",active,company,TOP Ecology,"TOP Ecology Co., Ltd. (Japan); TOP Ecology Co., Ltd.; 株式会社トップエコロジー*ja",,https://www.topecology.co.jp,,topecology.co.jp,1995,,,,,,,,,Moriya,Japan,2111831,,,,,,
,,"Toyota InfoTechnology Center Co., Ltd. (Japan)",inactive,company,Toyota Infotechnology Center,"Toyota InfoTechnology Center Co., Ltd. (Japan); Toyota InfoTechnology Center Co., Ltd.; 株式会社トヨタIT開発センター*ja",,http://www.toyota-itc.com,,toyota-itc.com,2001,,,,,,,Q11321521,Q11321521,Tokyo,Japan,1850147,,,,,https://ror.org/02zqm6r10,
,,"Nagano Tomato Co., Ltd. (Japan)",active,company,Nagano Tomato,"Nagano Tomato Co., Ltd. (Japan); Nagano Tomato Co., Ltd.; 株式会社ナガノトマト*ja",,https://www.naganotomato.jp,,naganotomato.jp,1957,,,,,,,Q11323735,Q11323735,Matsumoto,Japan,1857519,,https://ror.org/00bavmx73,,,,
,,"NANO Create Co., Ltd. (Japan)",active,company,NANO Create,"NANO Create Co., Ltd. (Japan); NANO Create Co., Ltd.; 株式会社ナノクリエート*ja",,https://nanocreate.jp,,nanocreate.jp,2017,,,,,,,,,Osaka,Japan,1853909,,,,,,
,,"THK Precision Co., Ltd. (Japan)",active,company,NANO Control,"THK Precision Co., Ltd. (Japan); THK Precision Co., Ltd.; NANO Control Co., Ltd.; THKプレシジョン株式会社*ja; 株式会社ナノコントロール*ja",,https://www.thkprecision.co.jp,,thkprecision.co.jp,2002,,,,,,,,,Tokyo,Japan,1850147,,https://ror.org/02ex0xe53,,,,
,,Nichiro Corporation (Japan),active,company,Nichiro,Nichiro Corporation (Japan); Nichiro Corporation; 株式会社ニチロ*ja,,http://www.nichiro.co.jp,,nichiro.co.jp,1914,,,,,,,Q11324412,Q11324412,Tokyo,Japan,1850147,,,,,,
,,"Nikki Co., Ltd. (Japan)",active,company,,"Nikki Co., Ltd. (Japan); Nikki Co., Ltd.; 株式会社ニッキ*ja",,http://www.nikkinet.co.jp/our-company,,nikkinet.co.jp,1932,,,,,,,,,Atsugi,Japan,1847963,,,,,,
,,Nissei Corporation (Japan),active,company,Nissei,Nissei Corporation (Japan); Nissei Corporation; 日星産業株式会社*ja,,https://www.nisseicorp.co.jp,,nisseicorp.co.jp,1947,,,,,,,Q11505384,Q11505384,Tokyo,Japan,1850147,,https://ror.org/01skwyh03,,,,
,,"Nippon GENE Co., Ltd. (Japan)",active,company,Nippon GENE,"Nippon GENE Co., Ltd. (Japan); Nippon GENE Co., Ltd.; 株式会社ニッポンジーン*ja",,https://www.nippongene.com,,nippongene.com,1982,,,,,,,Q11324516,Q11324516,Tokyo,Japan,1850147,,,,,,
,,"New Lime Co., Ltd. (Japan)",active,company,New Lime,"New Lime Co., Ltd. (Japan); New Lime Co., Ltd.; 株式会社ニューライム*ja",,https://www.newlime.jp,,newlime.jp,2007,,,,,,,,,Tsukumiura,Japan,1849661,,,,,,
,,NODA Corporation (Japan),active,company,,NODA Corporation (Japan); NODA Corporation; 株式会社ノダ*ja,,https://www.noda-co.jp,,noda-co.jp,1938,,,,,,,Q11325684,Q11325684,Tokyo,Japan,1850147,,,,,,
,,"Noritake Coated Abrasive Co., Ltd. (Japan)",active,company,Noritake Coated Abrasive,"Noritake Coated Abrasive Co., Ltd. (Japan); Noritake Coated Abrasive Co., Ltd.; 株式会社ノリタケコーテッドアブレーシブ*ja",,http://www.noritake.co.jp/nca/,,noritake.co.jp,1963,,,,,,,Q11325758,Q11325758,Nagoya,Japan,1856057,,https://ror.org/019r8b147,,,,
,,"Biocom Systems, Inc. (Japan)",active,company,Biocom Systems,"Biocom Systems, Inc. (Japan); Biocom Systems, Inc.; 株式会社バイオコム・システムズ*ja",,https://www.biocom.co.jp,,biocom.co.jp,2001,,,,,,,,,Kurume,Japan,1858088,,,,,,
,,Hamai Industries Limited (Japan),active,company,Hamai Industries,Hamai Industries Limited (Japan); Hamai Industries Limited; 株式会社ハマイ*ja,,https://www.hamai-net.com,,hamai-net.com,1958,,,,,,,,,Tokyo,Japan,1850147,,,,,,
,,"Higashimaru Co., Ltd. (Japan)",active,company,Higashimaru,"Higashimaru Co., Ltd. (Japan); Higashimaru Co., Ltd.; 株式会社ヒガシマル*ja",,https://k-higashimaru.co.jp,,k-higashimaru.co.jp,1979,,,,,,,Q11329963,Q11329963,Hioki,Japan,1849306,,,,,,
,,"FINE ENERGY Co., Ltd. (Japan)",active,company,,"FINE ENERGY Co., Ltd. (Japan); FINE ENERGY Co., Ltd.; 株式会社ファインエナジー*ja",,https://www.fineenergy.co.jp,,fineenergy.co.jp,,,,,,,,,,Tokyo,Japan,1850147,,,,,,
,,FINE Chemetics Inc. (Japan),active,company,FINE Chemetics,FINE Chemetics Inc. (Japan); FINE Chemetics Inc.; 株式会社ファインケメティックス*ja,,https://fine-chemetics.co.jp,,fine-chemetics.co.jp,,,,,,,,,,Tokyo,Japan,1850147,,,,,,
,,"V Technology Co., Ltd. (Japan)",active,company,V Technology,"V Technology Co., Ltd. (Japan); V Technology Co., Ltd.; 株式会社ブイ・テクノロジー*ja",,https://www.vtec.co.jp,,vtec.co.jp,1997,,,,,,,Q11334294,Q11334294,Yokohama,Japan,1848354,,,,,,
,,"Philips Japan, Ltd. (Japan)",active,company,Philips Japan,"Philips Japan, Ltd. (Japan); Philips Japan, Ltd.; 株式会社フィリップス・ジャパン*ja",,https://www.philips.co.jp,,philips.co.jp,1987,,,,,,,,,Tokyo,Japan,1850147,,https://ror.org/02p2bgp27,,,,
,,"Philips Japan, Limited (Japan)",active,company,Philips Japan; Philips Electronics Japan,"Philips Japan, Limited (Japan); Philips Japan, Limited; 株式会社フィリップス・ジャパン*ja",,https://www.philips.co.jp,,philips.co.jp,,,,,,,,,,Tokyo,Japan,1850147,,https://ror.org/02p2bgp27,,,,
,,"Photonic Lattice, Inc. (Japan)",active,company,Photonic Lattice,"Photonic Lattice, Inc. (Japan); Photonic Lattice, Inc.; 株式会社フォトニックラティス*ja",,https://www.photonic-lattice.com,,photonic-lattice.com,2002,,,,,,,Q107411974,Q107411974,Sendai,Japan,2111149,,,,,,
,,"Fukuoka Financial Group, Inc. (Japan)",active,company,Fukuoka Financial Group,"Fukuoka Financial Group, Inc. (Japan); Fukuoka Financial Group, Inc.; 株式会社ふくおかフィナンシャルグループ*ja",,https://www.fukuoka-fg.com,,fukuoka-fg.com,2007,,,,,,,Q5507690,Q5507690,Fukuoka,Japan,1863967,,,,,,
,,Fujikura Components Ltd. (Japan),active,company,Fujikura Components,Fujikura Components Ltd. (Japan); Fujikura Components Ltd.; 株式会社フジクラコンポーネンツ*ja,,http://www.fujikura-compo.co.jp,,fujikura-compo.co.jp,2005,,,,,,,Q11333111,Q11333111,Ishioka,Japan,2112571,,https://ror.org/0123ma395,,,,
,,Fujita Corporation (Japan),active,company,Fujita,Fujita Corporation; Fujita Corporation (Japan); 株式会社フジタ*ja,,https://www.fujita.com,,fujita.com,2002,,,,,,,,,Tokyo,Japan,1850147,,,,,,
,,Fujimi Incorporated (Japan),active,company,,Fujimi Incorporated (Japan); Fujimi Incorporated; 株式会社フジミインコーポレーテッド*ja,,https://www.fujimiinc.co.jp,,fujimiinc.co.jp,1953,,,,,,,Q11333284,Q11333284,Kiyosu,Japan,1859210,,,,,,
,,Hosoya Corp (Japan),active,company,Hosoya &,Hosoya Corp (Japan); Hosoya Corp; 株式会社ホソヤ*ja,,https://www.hosoya.or.jp,,hosoya.or.jp,1950,,,,,,,,,Tomioka,Japan,1850091,,,,,,
,,MARS Engineering Corporation (Japan),active,company,MARS Engineering,MARS Engineering Corporation (Japan); MARS Engineering Corporation; 株式会社マースエンジニアリング*ja,,https://www.mars-eng.co.jp,,mars-eng.co.jp,2018,,,,,,,,,Tokyo,Japan,1850147,,,,,,
,,"MARS Tohken Solution Co., Ltd. (Japan)",active,company,MARS Tohken Solution,"MARS Tohken Solution Co., Ltd. (Japan); MARS Tohken Solution Co., Ltd.; 株式会社マーストーケンソリューション*ja",,https://www.mars-tohken.co.jp,,mars-tohken.co.jp,1998,,,,,,,,,Tokyo,Japan,1850147,,,,,,
,,"Micro Energy Co., Ltd. (Japan)",active,company,,"Micro Energy Co., Ltd. (Japan); Micro Energy Co., Ltd.; 株式会社マイクロ・エナジー*ja",,https://www.microenergyinternational.com,,microenergyinternational.com,2003,,,,,,,,,Atsugi,Japan,1847963,,,,,,
,,Makita Numazu Corporation (Japan),inactive,company,Makita Numazu,Makita Numazu Corporation (Japan); Makita Numazu Corporation; 株式会社マキタ沼津*ja,,http://www.makitanumazu.co.jp,,makitanumazu.co.jp,1950,,,,,,,Q11339948,Q11339948,Numazu,Japan,1854902,,,,,https://ror.org/03f1f6f50,
,,Marine Works Japan Ltd. (Japan),active,company,Marine Works Japan,Marine Works Japan Ltd. (Japan); Marine Works Japan Ltd.; 株式会社マリン・ワーク・ジャパン*ja,,https://www.mwj.co.jp,,mwj.co.jp,1979,,,,,,,,,Yokosuka,Japan,1848313,,,,,,
,,"Marine Earth Co., Ltd. (Japan)",active,company,Marine Earth,"Marine Earth Co., Ltd. (Japan); Marine Earth Co., Ltd.; 株式会社マリンアース*ja",,http://w01.tp1.jp/~a203017283/mearth/top.htm,,,,,,,,,,,,Anan,Japan,1865309,,,,,,
,,Maruni WOOD Industry Inc. (Japan),active,company,Maruni WOOD Industry,Maruni WOOD Industry Inc. (Japan); Maruni WOOD Industry Inc.; 株式会社マルニ木工*ja,,http://www.maruni.com,,maruni.com,1928,,,,,,,Q11341406,Q11341406,Hatsukaichi,Japan,1863018,,,,,,
,,"Miura Sensor Laboratory, Inc. (Japan)",active,company,Miura Sensor Laboratory,"Miura Sensor Laboratory, Inc. (Japan); Miura Sensor Laboratory, Inc.; 株式会社ミウラセンサー研究所*ja",,https://www.miura-sensor.jp,,miura-sensor.jp,1999,,,,,,,,,Tagajō-shi,Japan,2110927,,,,,,
,,Mikasa Corporation (Japan),active,company,Mikasa,Mikasa Corporation (Japan); Mikasa Corporation; 株式会社ミカサ*ja,,https://mikasasports.co.jp,,mikasasports.co.jp,1917,,,,,,,https://www.wikidata.org/wiki/Q1933038,https://www.wikidata.org/wiki/Q1933038,Hiroshima,Japan,1862415,,,,,,
,,Vilmorin-Mikado (Japan),active,company,Mikado SEED Growers,Vilmorin-Mikado (Japan); Vilmorin-Mikado; ヴィルモランみかど株式会社*ja,,https://www.vilmorinmikado.jp,,vilmorinmikado.jp,2007,,,,,,,,,Chiba,Japan,2113015,,https://ror.org/0440rnc27,,,,
,,Mikuni Corporation (Japan),active,company,Mikuni,Mikuni Corporation (Japan); Mikuni Corporation; 株式会社ミクニ*ja,,https://www.mikuni.co.jp,,mikuni.co.jp,1948,,,,,,,Q1934134,Q1934134,Tokyo,Japan,1850147,,,,,,
,,Mizkan Group (Japan),active,company,,Mizkan Group (Japan); Mizkan Group; 株式会社ミツカングループ*ja,,https://www.mizkanholdings.com,,mizkanholdings.com,2000,,,,,,,,,Handa,Japan,1863209,,,,,,
,,Mirait Technologies Corporation (Japan),active,company,Mirait Technologies,Mirait Technologies Corporation (Japan); Mirait Technologies Corporation; 株式会社ミライト・テクノロジーズ*ja,,http://www.tec.mirait.co.jp,,tec.mirait.co.jp,1960,,,,,,,Q11342773,Q11342773,Osaka,Japan,1853909,,,,,,
,,Miroku Corporation (Japan),active,company,Miroku,Miroku Corporation (Japan); Miroku Corporation; 株式会社ミロク*ja,,https://www.miroku-jp.com,,miroku-jp.com,1946,,,,,,,Q11342984,Q11342984,Nankoku,Japan,11612330,,,,,,
,,Miroku Firearms Mfg. Co. (Japan),active,company,,Miroku Firearms Mfg. Co. (Japan); Miroku Firearms Mfg. Co.; 株式会社ミロク製作所*ja,,https://www.miroku-mfg.co.jp,,miroku-mfg.co.jp,2003,,,,,,,,,Nankoku,Japan,11612330,,,,,,
,,"Media Groove Co., Ltd. (Japan)",active,company,Media GLUE,"Media Groove Co., Ltd. (Japan); Media Groove Co., Ltd.; 株式会社メディアグルーヴ*ja",,https://media-groove.co.jp,,media-groove.co.jp,2006,,,,,,,,,Tokyo,Japan,1850147,,,,,,
,,"Medical Proteoscope Co., Ltd. (Japan)",active,company,Medical Proteoscope,"Medical Proteoscope Co., Ltd. (Japan); Medical Proteoscope Co., Ltd.; 株式会社メディカル・プロテオスコープ*ja",,https://www.medicalproteoscope.com,,medicalproteoscope.com,2002,,,,,,,,,Yokohama,Japan,1848354,,,,,,
,,"Medca Japan Laboratory Co., Ltd. (Japan)",active,company,Medca Japan Laboratory,"Medca Japan Laboratory Co., Ltd. (Japan); Medca Japan Laboratory Co., Ltd.; 株式会社メデカジャパン・ラボラトリー*ja",,https://hk-ej.hkk.co.jp,,hkk.co.jp,2004,,,,,,,,,Konosu,Japan,1858794,,,,,,
,,Morita Corporation (Japan),active,company,Morita,Morita Corporation (Japan); Morita Corporation; 株式会社モリタ*ja,,https://japan.morita.com,,morita.com,1916,,,,,,,,,Suita,Japan,1851483,,,,,,
,,J. Morita MFG. Corp. (Japan),active,company,J. Morita MFG.,J. Morita MFG. Corp. (Japan); J. Morita MFG. Corp.; 株式会社モリタ製作所*ja,,https://www.morita.com/jmmc/,,morita.com,1916,,,,,,,,,Kyoto,Japan,1857910,,,,,,
,,"Yamazaki Co., Ltd. (Japan)",active,company,Yamazaki,"Yamazaki Co., Ltd. (Japan); Yamazaki Co., Ltd.; 株式会社ヤマザキ*ja",,http://www.yamazakico.jp/index.html,,yamazakico.jp,1989,,,,,,,,,Sakai,Japan,1853195,,,,,,
,,"Yamada Homes Co., Ltd. (Japan)",active,company,Yamada SXL HOME,"Yamada Homes Co., Ltd.; Yamada SXL HOME Co., Ltd.; 株式会社ヤマダホームズ*ja; 株式会社ヤマダ・エスバイエルホーム*ja",,https://www.yamadahomes.co.jp,,yamadahomes.co.jp,1951,,,,,,,Q11290138,Q11290138,Takasaki,Japan,1851002,,,,,,
,,"Yushin Precision Equipment Co., Ltd. (Japan)",active,company,Yushin Precision Equipment,"Yushin Precision Equipment Co., Ltd. (Japan); Yushin Precision Equipment Co., Ltd.; 株式会社ユーシン精機*ja",,https://www.yushincompany.jp,,yushincompany.jp,1973,,,,,,,Q11345873,Q11345873,Kyoto,Japan,1857910,,,,,,
,,"Yutaka Giken Co., Ltd. (Japan)",active,company,Yutaka Giken,"Yutaka Giken Co., Ltd. (Japan); Yutaka Giken Co., Ltd.; 株式会社ユタカ技研*ja",,https://www.yutakagiken.co.jp,,yutakagiken.co.jp,1954,,,,,,,Q11345602,Q11345602,Hamamatsu,Japan,1863289,,,,,,
,,"Unimat Soyokaze Co., Ltd. (Japan)",active,company,Unimat Soyokaze,"Unimat Soyokaze Co., Ltd. (Japan); Unimat Soyokaze Co., Ltd.; 株式会社ユニマットそよ風*ja",,https://www.unimat-soyokaze.co.jp,,unimat-soyokaze.co.jp,1976,,,,,,,,,Tokyo,Japan,1850147,,,,,,
,,"SOYOKAZE Co., Ltd. (Japan)",active,company,"Unimat Retirement Community Co., Ltd.; 株式会社ユニマットリタイアメント・コミュニティ","SOYOKAZE Co., Ltd. (Japan); SOYOKAZE Co., Ltd.; 株式会社SOYOKAZE*ja",,https://corp.sykz.co.jp,,sykz.co.jp,1976,,,,,,,Q86737033,Q86737033,Tokyo,Japan,1850147,,,,,,
,,Riken Corporation (Japan),active,company,,Riken Corporation (Japan); Riken Corporation; 株式会社リケン*ja,,https://www.npr-riken.co.jp,,npr-riken.co.jp,1949,,,,,,,,,Tokyo,Japan,1850147,,,,,,
,,"Regional Planning Team Assoc., Inc. (Japan)",active,company,Regional Planning TEAM Assoc.,"Regional Planning Team Assoc., Inc. (Japan); Regional Planning Team Assoc., Inc.; 株式会社リジオナル・プランニング・チーム*ja",RPT,http://www.rpt.co.jp,,rpt.co.jp,1975,,,,,,,,,Tokyo,Japan,1850147,,,,,,
,,"Rhythm Co., Ltd. (Japan)",active,company,RHYTHM,"Rhythm Co., Ltd. (Japan); Rhythm Co., Ltd.; リズム株式会社*ja",,https://www.rhythm.co.jp,,rhythm.co.jp,1950,,,,,,,Q11348030,Q11348030,Saitama,Japan,6940394,,,,,,
,,"Laurel Intelligent Systems Co., Ltd. (Japan)",active,company,Laurel Intelligent Systems,"Laurel Intelligent Systems Co., Ltd.; Laurel Intelligent Systems Co., Ltd. (Japan); 株式会社ローレルインテリジェントシステムズ*ja",,https://www.lis-fss.co.jp,,lis-fss.co.jp,1989,,,,,,,,,Tokyo,Japan,1850147,,,,,,
,,"ROM Co., Ltd. (Japan)",active,company,Research OF Microbes,"ROM Co., Ltd. (Japan); ROM Co., Ltd.; 株式会社ロム*ja; Research OF Microbes Co., Ltd.",ROM,http://www.rom-ef.co.jp,,rom-ef.co.jp,2003,,,,,,,,,Sapporo,Japan,2128295,,,,,,
,,"Asahi Research Center Co., Ltd. (Japan)",active,company,Asahi Research Center,"Asahi Research Center Co., Ltd. (Japan); Asahi Research Center Co., Ltd.; 株式会社旭リサーチセンター*ja",,https://arc.asahi-kasei.co.jp,,asahi-kasei.co.jp,1974,,,,,,,,,Tokyo,Japan,1850147,,https://ror.org/018wp0236,,,,
,,Hazama ANDO Corporation (Japan),active,company,Hazama ANDO,Hazama ANDO Corporation (Japan); Hazama ANDO Corporation; 株式会社安藤・間*ja,,https://www.ad-hzm.co.jp,,ad-hzm.co.jp,2003,,,,,,,Q4410214,Q4410214,Tokyo,Japan,1850147,,,,,,
,,"ITO EN, Ltd. (Japan)",active,company,ITO EN,"ITO EN, Ltd. (Japan); ITO EN, Ltd.; 株式会社伊藤園*ja",,https://www.itoen.co.jp,,itoen.co.jp,1966,,,,,,,Q3079325,Q3079325,Tokyo,Japan,1850147,,,,,,
,,"Inaba Seisakusho Co., Ltd. (Japan)",active,company,Inaba Seisakusho,"Inaba Seisakusho Co., Ltd. (Japan); Inaba Seisakusho Co., Ltd.; 株式会社稲葉製作所*ja",,https://www.inaba-ss.co.jp,,inaba-ss.co.jp,1950,,,,,,,Q11596979,Q11596979,Tokyo,Japan,1850147,,,,,,
,,Ebara Shinwa Ltd. (Japan),inactive,company,Ebara Shinwa,Ebara Shinwa Ltd. (Japan); Ebara Shinwa Ltd.; 株式会社荏原シンワ*ja,,https://www.ebara.com/ers/jp-ja/,,ebara.com,1952,,,,,,,,,Tokyo,Japan,1850147,,,,,https://ror.org/02yemx219,
,,Yokogawa Bridge Corp. (Japan),active,company,Yokogawa Bridge,Yokogawa Bridge Corp. (Japan); Yokogawa Bridge Corp.; 株式会社横河ブリッジ*ja,,https://yokogawa-bridge.co.jp,,yokogawa-bridge.co.jp,2007,,,,,,,Q11542804,Q11542804,Funabashi,Japan,1863905,,,,,,
,,Yokogawa Bridge Techno-Information Service Inc. (Japan),active,company,Yokogawa Techno-Information Service Inc.,Yokogawa Bridge Techno-Information Service Inc. (Japan); Yokogawa Bridge Techno-Information Service Inc.; 株式会社横河ブリッジ技術情報*ja,,https://www.yti.co.jp,,yti.co.jp,1984,,,,,,,,,Tokyo,Japan,1850147,,,,,,
,,"The Bank of Yokohama, Ltd. (Japan)",active,company,The Bank of Yokohama,"The Bank of Yokohama, Ltd. (Japan); The Bank of Yokohama, Ltd.; 株式会社横浜銀行*ja",,https://www.boy.co.jp,,boy.co.jp,1920,,,,,,,Q2744340,Q2744340,Yokohama,Japan,1848354,,,,,,
,,Okasan Securities Group Inc. (Japan),active,company,Okasan Securities Group,Okasan Securities Group Inc. (Japan); Okasan Securities Group Inc.; 株式会社岡三証券グループ*ja,,https://www.okasan.jp,,okasan.jp,1944,,,,,,,Q11471927,Q11471927,Tokyo,Japan,1850147,,,,,,
,,"Okamoto Machine Tool Works, Ltd. (Japan)",active,company,Okamoto Machine Tool Works,"Okamoto Machine Tool Works, Ltd. (Japan); Okamoto Machine Tool Works, Ltd.; 株式会社岡本工作機械製作所*ja",,https://www.okamoto.co.jp,,okamoto.co.jp,1935,,,,,,,Q11473117,Q11473117,Annaka,Japan,1865290,,,,,,
,,"Kaken Co., Ltd. (Japan)",active,company,,"Kaken Co., Ltd. (Japan); Kaken Co., Ltd.; 株式会社化研*ja",,https://kaken.tv,,kaken.tv,1975,,,,,,,,,Nakatsu,Japan,1855757,,,,,,
,,"KATO Spring Works Co., Ltd. (Japan)",active,company,KATO Spring Works,"KATO Spring Works Co., Ltd. (Japan); KATO Spring Works Co., Ltd.; 株式会社加藤スプリング製作所*ja",,https://www.kato-spring.com,,kato-spring.com,1960,,,,,,,,,Tokai,Japan,1850219,,,,,,
,,"KATO Works Co., Ltd. (Japan)",active,company,KATO Works,"KATO Works Co., Ltd. (Japan); KATO Works Co., Ltd.; 株式会社加藤製作所*ja",,https://www.kato-works.co.jp,,kato-works.co.jp,1935,,,,,,,Q4041964,Q4041964,Tokyo,Japan,1850147,,,,,,
,,Japan Overseas Infrastructure Investment Corporation For Transport & Urban Development (Japan),active,company,,Japan Overseas Infrastructure Investment Corporation For Transport & Urban Development (Japan); Japan Overseas Infrastructure Investment Corporation For Transport & Urban Development; 株式会社海外交通・都市開発事業支援機構*ja,JOIN,https://www.join-future.co.jp,,join-future.co.jp,2014,,,,,,,,,Tokyo,Japan,1850147,,,,,,
,,Cool Japan Fund Inc. (Japan),active,company,Cool Japan Fund,Cool Japan Fund Inc. (Japan); Cool Japan Fund Inc.; 株式会社海外需要開拓支援機構*ja,,https://www.cj-fund.co.jp,,cj-fund.co.jp,2013,,,,,,,Q17226853,Q17226853,Tokyo,Japan,1850147,,,,,,
,,Development Planning Institute Inc. (Japan),active,company,Development Planning Institute,Development Planning Institute Inc. (Japan); Development Planning Institute Inc.; 株式会社開発計画研究所*ja,,https://www.kaiken.co.jp,,kaiken.co.jp,1985,,,,,,,,,Mito,Japan,2111901,,,,,,
,,Environment Design Institute (Japan),active,company,,Environment Design Institute (Japan); Environment Design Institute; 株式会社環境デザイン研究所*ja,,https://www.ms-edi.co.jp,,ms-edi.co.jp,1968,,,,,0000 0001 1010 5824,0000 0001 1010 5824,Q19358313,Q19358313,Tokyo,Japan,1850147,,,,,,
,,"Environmental Control Center Co., Ltd. (Japan)",active,company,Environmental Control Center,"Environmental Control Center Co., Ltd.; 株式会社環境管理センター*ja",,https://www.kankyo-kanri.co.jp,,kankyo-kanri.co.jp,1971,,,,,,,Q11574075,Q11574075,Hachioji,Japan,1863440,,,,,,
,,Kansai Inter-Disciplinary Studies Inc. (Japan),active,company,Kansai Inter-Disciplinary Studies,Kansai Inter-Disciplinary Studies Inc. (Japan); Kansai Inter-Disciplinary Studies Inc.; 株式会社関西総合研究所*ja,,https://21kids.co.jp,,21kids.co.jp,1983,,,,,,,,,Osaka,Japan,1853909,,,,,,
,,"Marui Group Co., Ltd. (Japan)",active,company,Marui Group,"Marui Group Co., Ltd. (Japan); Marui Group Co., Ltd.; 株式会社丸井グループ*ja",,https://www.0101maruigroup.co.jp,,0101maruigroup.co.jp,1937,,,,,,,Q11368019,Q11368019,Tokyo,Japan,1850147,,,,,,
,,Research Institute For The Functional Peptides (Japan),active,company,,Research Institute For The Functional Peptides (Japan); Research Institute For The Functional Peptides; 株式会社機能性ペプチド研究所*ja,,https://www.func-p.co.jp,,func-p.co.jp,1990,,,,,,,,,Higashine,Japan,2112758,,,,,,
,,Kibun Foods Inc. (Japan),active,company,Kibun Foods,Kibun Foods Inc. (Japan); Kibun Foods Inc.; 株式会社紀文食品*ja,,https://www.kibun.co.jp,,kibun.co.jp,1947,,,,,,,Q11605066,Q11605066,Tokyo,Japan,1850147,,,,,,
,,"Giken Seisakusho Co., Ltd. (Japan)",active,company,Giken Seisakusho,"Giken Seisakusho Co., Ltd. (Japan); Giken Seisakusho Co., Ltd.; 株式会社技研製作所*ja",,https://www.giken.com,,giken.com,1978,,,,,,,Q96312660,Q96312660,Kochi,Japan,1859146,,,,,,
,,Kubota Holography Laboratory Corporation (Japan),active,company,Kubota Holography Laboratory,Kubota Holography Laboratory Corporation (Japan); Kubota Holography Laboratory Corporation; 株式会社久保田ホログラム工房*ja,,http://kubotaholo.la.coocan.jp,,coocan.jp,2007,,,,,,,,,Uji,Japan,1849372,,,,,,
,,"Miyaji IRON Works Co., Ltd. (Japan)",active,company,Miyaji IRON Works,"Miyaji IRON Works Co., Ltd. (Japan); Miyaji IRON Works Co., Ltd.; 株式会社宮地鐵工所*ja",,https://www.miyaji-ironworks.com,,miyaji-ironworks.com,1978,,,,,,,,,Ōita,Japan,1854487,,,,,,
,,"Kyosan Electric Manufacturing Co., Ltd. (Japan)",active,company,Kyosan Electric Manufacturing,"Kyosan Electric Manufacturing Co., Ltd. (Japan); Kyosan Electric Manufacturing Co., Ltd.; 株式会社京三製作所*ja",,https://www.kyosan.co.jp,,kyosan.co.jp,1917,,,,,,,Q11374206,Q11374206,Yokohama,Japan,1848354,,,,,,
,,Kyoto Fission-Track Co.ltd (Japan),active,company,Kyoto Fission-Track,Kyoto Fission-Track Co.ltd (Japan); Kyoto Fission-Track Co.ltd; 株式会社京都フィッション・トラック*ja,,https://www.kyoto-ft.co.jp,,kyoto-ft.co.jp,1983,,,,,,,,,Kyoto,Japan,1857910,,,,,,
,,"Kyoto Monotech Co., Ltd. (Japan)",active,company,,"Kyoto Monotech Co., Ltd. (Japan); Kyoto Monotech Co., Ltd.; 株式会社京都モノテック*ja",,https://k-monotech.co.jp,,k-monotech.co.jp,2001,,,,,,,,,Kyoto,Japan,1857910,,,,,,
,,"Kyoeisha Co., Ltd. (Japan)",active,company,Kyoeisha,"Kyoeisha Co., Ltd. (Japan); Kyoeisha Co., Ltd.; 株式会社共栄社*ja",,https://www.kyoeisya.jp,,kyoeisya.jp,1959,,,,,,,,,Shimada,Japan,1852472,,,,,,
,,"Kyowa Electronic Instruments Co., Ltd. (Japan)",active,company,Kyowa Electronic Instruments,"Kyowa Electronic Instruments Co., Ltd. (Japan); Kyowa Electronic Instruments Co., Ltd.; 株式会社共和電業*ja",,https://www.kyowa-ei.com,,kyowa-ei.com,1949,,,,,,,Q11392693,Q11392693,Chofu,Japan,1864518,,,,,,
,,Kyodo International Inc. (Japan),active,company,Kyodo International,Kyodo International Inc. (Japan); Kyodo International Inc.; 株式会社協同インターナショナル*ja,,https://www.kyodo-inc.co.jp,,kyodo-inc.co.jp,1970,,,,,,,,,Kawasaki,Japan,1859642,,,,,,
,,"EXEO Group, Inc. (Japan)",active,company,Kyowa EXEO Corporation; 協和エクシオ,"EXEO Group, Inc. (Japan); エクシオグループ株式会社*ja; 株式会社協和エクシオ*ja",,https://www.exeo.co.jp,,exeo.co.jp,1954,,,,,,,Q11407217,Q11407217,Tokyo,Japan,1850147,,,,,,
,,"Nuclear Engineering, Ltd. (Japan)",active,company,,"Nuclear Engineering, Ltd. (Japan); Nuclear Engineering, Ltd.; 株式会社原子力エンジニアリング*ja",,https://www.neltd.co.jp,,neltd.co.jp,1985,,,,,,,Q111452864,Q111452864,Osaka,Japan,1853909,,https://ror.org/03xrg8731,,,,
,,"Institute of Nuclear Safety System, Inc. (Japan)",active,company,,"Institute of Nuclear Safety System, Inc. (Japan); Institute of Nuclear Safety System, Inc.; 株式会社原子力安全システム研究所*ja",INSS,https://www.inss.co.jp,,inss.co.jp,1992,,,,,,,,,Sugahama,Japan,1851532,,https://ror.org/03xrg8731,,,,
,,Institute Of Language Understanding Inc. (Japan),active,company,Institute Of Language Understanding,Institute Of Language Understanding Inc. (Japan); Institute Of Language Understanding Inc.; 株式会社言語理解研究所*ja,ILU,https://ilu.co.jp,,ilu.co.jp,2002,,,,,,,,,Tokushima,Japan,1850158,,,,,,
,,"Furukawa Techno Material Co., Ltd. (Japan)",active,company,Furukawa Techno Material,"Furukawa Techno Material Co., Ltd. (Japan); Furukawa Techno Material Co., Ltd.; 株式会社古河テクノマテリアル*ja",,https://www.furukawa-ftm.com,,furukawa-ftm.com,1958,,,,,,,,,Hiratsuka,Japan,1862462,,https://ror.org/05xe0se54,,,,
,,"OptoComb, Inc. (Japan)",active,company,"Optical Comb Institute; Optical Comb, Inc.; 株式会社光コム研究所; XTIA","OptoComb, Inc. (Japan); OptoComb, Inc.; 株式会社OptoComb*ja",,https://optocomb.com,,optocomb.com,2002,,,,,,,,,Sumida,Japan,1851454,,,,,,
,,"International Apatite Institute Co., Ltd. (Japan)",active,company,"International Apatite Co., Ltd.","International Apatite Institute Co., Ltd. (Japan); International Apatite Institute Co., Ltd.; 株式会社国際アパタイト研究所*ja",IAI,https://www.apatite.co.jp,,apatite.co.jp,1995,,,,,,,,,Tokyo,Japan,1850147,,,,,,
,,Japan Bank For International Cooperation (Japan),active,company,,Japan Bank For International Cooperation (Japan); Japan Bank For International Cooperation; 株式会社国際協力銀行*ja,JBIC,https://www.jbic.go.jp,,jbic.go.jp,2012,,,,,0000 0001 2154 3571,0000 0001 2154 3571,Q1200091,Q1200091,Tokyo,Japan,1850147,,,,,,
,,"Kokudo Kaihatsu Center Co., Ltd. (Japan)",active,company,Kokudo Kaihatsu Center,"Kokudo Kaihatsu Center Co., Ltd. (Japan); Kokudo Kaihatsu Center Co., Ltd.; 株式会社国土開発センター*ja",,https://www.kokudonet.co.jp,,kokudonet.co.jp,1964,,,,,,,,,Kanazawa,Japan,1860243,,,,,,
,,"Watanabe SATO Co., Ltd. (Japan)",active,company,Watanabe SATO,"Watanabe SATO Co., Ltd. (Japan); Watanabe SATO Co., Ltd.; 株式会社佐藤渡辺*ja",,https://watanabesato.co.jp,,watanabesato.co.jp,1938,,,,,,,Q11384231,Q11384231,Tokyo,Japan,1850147,,,,,,
,,"Mitsui E&S Technical Research Co., Ltd. (Japan)",active,company,Mitsui E&S Technical Research,"Mitsui E&S Technical Research Co., Ltd. (Japan); Mitsui E&S Technical Research Co., Ltd.; 株式会社三井E&Sテクニカルリサーチ*ja",,http://www.mestrc.co.jp,,mestrc.co.jp,1979,,,,,,,,,Tamano,Japan,1850742,,https://ror.org/04sm16305,,,,
,,"Mitsui HIGH-TEC, Inc. (Japan)",active,company,Mitsui HIGH-TEC,"Mitsui HIGH-TEC, Inc. (Japan); Mitsui HIGH-TEC, Inc.; 株式会社三井ハイテック*ja",,https://www.mitsui-high-tec.com,,mitsui-high-tec.com,1957,,,,,,,Q11354203,Q11354203,Kitakyushu,Japan,1859307,,,,,,
,,"Mitsui Chemical Analysis & Consulting Service, Inc. (Japan)",active,company,Mitsui Chemical Analysis & Consulting Service,"Mitsui Chemical Analysis & Consulting Service, Inc. (Japan); Mitsui Chemical Analysis & Consulting Service, Inc.; 株式会社三井化学分析センター*ja",,https://www.mcanac.co.jp,,mcanac.co.jp,1999,,,,,,,,,Sodegaura,Japan,11612456,,https://ror.org/05wh5fw51,,,,
,,"Mitsui Miike Machinery Co., Ltd. (Japan)",active,company,Mitsui Miike Machinery,"Mitsui Miike Machinery Co., Ltd. (Japan); Mitsui Miike Machinery Co., Ltd.; 株式会社三井三池製作所*ja",,https://www.mitsuimiike.co.jp,,mitsuimiike.co.jp,1959,,,,,,,Q11354211,Q11354211,Tokyo,Japan,1850147,,,,,,
,,"Sumitomo Mitsui Trust Research Institute Co., Ltd. (Japan)",active,company,Sumitomo Mitsui Trust Research Institute,"Sumitomo Mitsui Trust Research Institute Co., Ltd. (Japan); Sumitomo Mitsui Trust Research Institute Co., Ltd.; 株式会社三井住友トラスト基礎研究所*ja",,https://www.smtri.jp,,smtri.jp,1988,,,,,,,Q11354231,Q11354231,Tokyo,Japan,1850147,,https://ror.org/016padj08,,,,
,,"Sumitomo Mitsui Financial Group, Inc. (Japan)",active,company,Sumitomo Mitsui Financial Group,"Sumitomo Mitsui Financial Group, Inc. (Japan); Sumitomo Mitsui Financial Group, Inc.; 株式会社三井住友フィナンシャルグループ*ja",SMFG,https://www.smfg.co.jp,,smfg.co.jp,2002,,,,,0000 0001 0728 8703,0000 0001 0728 8703,Q2094989,Q2094989,Tokyo,Japan,1850147,,,https://ror.org/01an1rj90,,,
,,Mitsui & Co. Global Strategic Studies Institute (Japan),active,company,,Mitsui & Co. Global Strategic Studies Institute (Japan); Mitsui & Co. Global Strategic Studies Institute; 株式会社三井物産戦略研究所*ja,MGSSI,https://www.mitsui.com/mgssi/index.html,,mitsui.com,1999,,,,,,,,,Tokyo,Japan,1850147,,https://ror.org/05tm9j755,,,,
,,Nidec Instruments Corporation (Japan),active,company,Sankyo Seiki MFG.; Nidec Sankyo Corporation; 日本電産サンキョー株式会社,"Nidec Instruments Corporation (Japan); Nidec Instruments Corporation; ニデックインスツルメンツ株式会社*ja; Sankyo Seiki MFG. Co., Ltd.; 株式会社三協精機製作所*ja",,https://www.nidec.com/nidec-instruments/,,nidec.com,1946,,,,,,,Q1989911,Q1989911,Shimosuwa,Japan,1852192,,https://ror.org/05xmzbk80,,,,
,,"Sanko AIR Conditioning Co., Ltd. (Japan)",active,company,Sanko AIR Conditioning,"Sanko AIR Conditioning Co., Ltd. (Japan); Sanko AIR Conditioning Co., Ltd.; 株式会社三晃空調*ja",,https://www.sanko-air.co.jp,,sanko-air.co.jp,1947,,,,,,,,,Osaka,Japan,1853909,,,,,,
,,MIE TLO Co. Ltd. (Japan),active,company,MIE TLO,MIE TLO Co. Ltd. (Japan); MIE TLO Co. Ltd.; 株式会社三重ティーエルオー*ja,,https://www.mie-tlo.co.jp,,mie-tlo.co.jp,2002,,,,,,,,,Tsu,Japan,1849796,,,,,,
,,"Mitsubishi UFJ Financial Group, Inc. (Japan)",active,company,Mitsubishi UFJ Financial Group,"Mitsubishi UFJ Financial Group, Inc. (Japan); Mitsubishi UFJ Financial Group, Inc.; 株式会社三菱UFJフィナンシャル・グループ*ja",MUFG,https://www.mufg.jp,,mufg.jp,2001,,,,,,,Q1542175,Q1542175,Tokyo,Japan,1850147,,https://ror.org/0234cd281,,,,
,,Mitsubishi Chemical Research Corporation (Japan),active,company,Mitsubishi Chemical Research,Mitsubishi Chemical Research Corporation (Japan); Mitsubishi Chemical Research Corporation; 株式会社三菱ケミカルリサーチ*ja,MCR,https://www.mitsubishichem-res.co.jp,,mitsubishichem-res.co.jp,1976,,,,,,,,,Tokyo,Japan,1850147,,https://ror.org/05d8avs16,,,,
,,"Yamamoto Industries, Ltd. (Japan)",active,company,Yamamoto Industries,"Yamamoto Industries, Ltd. (Japan); Yamamoto Industries, Ltd.; 株式会社山本工作所*ja",,https://www.k-yamako.co.jp,,k-yamako.co.jp,1948,,,,,,,,,Kitakyushu,Japan,1859307,,,,,,
,,Yamamoto Hydraulic Machinery Works Ltd. (Japan),active,company,Yamamoto Hydraulic Machinery Works,Yamamoto Hydraulic Machinery Works Ltd. (Japan); Yamamoto Hydraulic Machinery Works Ltd.; 株式会社山本水圧工業所*ja,,https://www.hyprex.co.jp,,hyprex.co.jp,1943,,,,,,,,,Toyonaka,Japan,1849837,,,,,,
,,Kyushu TLO Company Limited (Japan),active,company,Kyushu TLO Company,Kyushu TLO Company Limited (Japan); Kyushu TLO Company Limited; 株式会社産学連携機構九州*ja,,https://www.k-uip.co.jp,,k-uip.co.jp,2000,,,,,,,,,Fukuoka,Japan,1863967,,,,https://ror.org/00p4k0j84,,
,,Japan Investment Corporation (Japan),active,company,Japan Investment,Japan Investment Corporation (Japan); Japan Investment Corporation; 株式会社産業革新投資機構*ja,JIC,https://www.j-ic.co.jp,,j-ic.co.jp,2018,,,,,,,Q130640898,Q130640898,Tokyo,Japan,1850147,,https://ror.org/03ftb9350,,,,
,,"Research Institute For Industrial Location Co., Ltd. (Japan)",active,company,Research Institute For Industrial Location,"Research Institute For Industrial Location Co., Ltd. (Japan); Research Institute For Industrial Location Co., Ltd.; 株式会社産業立地研究所*ja",,http://www.riil.co.jp,,riil.co.jp,1970,,,,,,,,,Tokyo,Japan,1850147,,,,,,
,,"Teraoka Seiko Co., Ltd. (Japan)",active,company,Teraoka Seiko,"Teraoka Seiko Co., Ltd. (Japan); Teraoka Seiko Co., Ltd.; 株式会社寺岡精工*ja",,https://www.teraokaseiko.com,,teraokaseiko.com,1947,,,,,,,Q4036889,Q4036889,Tokyo,Japan,1850147,,,,,,
,,Kyushu Economic Research Institute (Japan),active,company,Kagoshima Regional Economic Research Institute; Kagoshima Economic Research Institute; 株式会社鹿児島地域経済研究所; 株式会社鹿児島経済研究所,,,https://www.ker.co.jp,,ker.co.jp,1990,,,,,,,,,Kagoshima,Japan,1860827,,,,,,
,,"Shibaura Electronics Co., Ltd. (Japan)",active,company,Shibaura Electronics,"Shibaura Electronics Co., Ltd. (Japan); Shibaura Electronics Co., Ltd.; 株式会社芝浦電子*ja",,https://www.shibauraelectronics.com,,shibauraelectronics.com,1953,,,,,,,Q140619978,Q140619978,Saitama,Japan,6940394,,,,,,
,,"Sumika Technical Information Service, Inc. (Japan)",active,company,Sumika Technical Information Service,"Sumika Technical Information Service, Inc. (Japan); Sumika Technical Information Service, Inc.; 株式会社住化技術情報センター*ja",,https://www.stis.co.jp/company/about,,stis.co.jp,1978,,,,,,,,,Osaka,Japan,1853909,,https://ror.org/03nyxmy82,,,,
,,"Sumika Chemical Analysis Service, Ltd. (Japan)",active,company,Sumika Chemical Analysis Service,"Sumika Chemical Analysis Service, Ltd. (Japan); Sumika Chemical Analysis Service, Ltd.; 株式会社住化分析センター*ja",,https://www.scas.co.jp,,scas.co.jp,1972,,,,,,,Q106472146,Q106472146,Osaka,Japan,1853909,,https://ror.org/03nyxmy82,,,,
,,"The Shoko Chukin Bank, Ltd. (Japan)",active,company,The Shoko Chukin Bank,"The Shoko Chukin Bank, Ltd. (Japan); The Shoko Chukin Bank, Ltd.; 株式会社商工組合中央金庫*ja",,https://www.shokochukin.co.jp,,shokochukin.co.jp,1936,,,,,,,https://www.wikidata.org/wiki/Q11418759,https://www.wikidata.org/wiki/Q11418759,Tokyo,Japan,1850147,,,,,,
,,"Mitsui O.S.K. Lines, Ltd. (Japan)",active,company,Mitsui O.S.K. Lines,"Mitsui O.S.K. Lines, Ltd. (Japan); Mitsui O.S.K. Lines, Ltd.; 株式会社商船三井*ja",MOL,https://www.mol.co.jp,,mol.co.jp,1964,,,,,,,Q1778084,Q1778084,Tokyo,Japan,1850147,,,,,,
,,"ONO Sokki Co., Ltd. (Japan)",active,company,ONO Sokki,"ONO Sokki Co., Ltd. (Japan); ONO Sokki Co., Ltd.; 株式会社小野測器*ja",,https://www.onosokki.co.jp,,onosokki.co.jp,1954,,,,,,,Q11464162,Q11464162,Yokohama,Japan,1848354,,,,,,
,,"Showa Shinku Co., Ltd. (Japan)",active,company,Showa Shinku,"Showa Shinku Co., Ltd. (Japan); Showa Shinku Co., Ltd.; 株式会社昭和真空*ja",,https://www.showashinku.co.jp,,showashinku.co.jp,1958,,,,,,,Q11514127,Q11514127,Sagamihara,Japan,11611609,,,,,,
,,"Matsui IRON Works Co., Ltd. (Japan)",active,company,Matsui IRON Works,"Matsui IRON Works Co., Ltd. (Japan); Matsui IRON Works Co., Ltd.; 株式会社松井鉄工所*ja",,http://matui-irw.co.jp,,matui-irw.co.jp,1967,,,,,,,,,Hamamatsu,Japan,1863289,,,,,,
,,"Tokiwa Phytochemical Co., Ltd. (Japan)",active,company,Tokiwa Phytochemical,"Tokiwa Phytochemical Co., Ltd. (Japan); Tokiwa Phytochemical Co., Ltd.; 株式会社常磐植物化学研究所*ja",,https://www.tokiwaph.co.jp,,tokiwaph.co.jp,1957,,,,,,,,,Sakura,Japan,2111220,,,,,,
,,Niigata Technology Licensing Organization (Japan),active,company,,Niigata Technology Licensing Organization (Japan); Niigata TLO INC.; 株式会社新潟TLO*ja,,https://www.niigata-tlo.com,,niigata-tlo.com,2001,,,,,,,,,Niigata,Japan,1855431,,,,,,
,,Shinko Engineering Research Corp. (Japan),active,company,Shinko Engineering Research,Shinko Engineering Research Corp. (Japan); Shinko Engineering Research Corp.; 株式会社新興技術研究所*ja,SERC,https://www.shinko-japan.com,,shinko-japan.com,1963,,,,,,,,,Tokyo,Japan,1850147,,,,,,
,,"SBI Shinsei Bank, Limited (Japan)",active,company,Shinsei Bank,"SBI Shinsei Bank, Limited (Japan); SBI Shinsei Bank, Limited; Shinsei Bank, Ltd.; 株式会社SBI新生銀行*ja; 株式会社新生銀行*ja",,https://www.sbishinseibank.co.jp,,sbishinseibank.co.jp,1952,,,,,0000 0000 8674 8175,0000 0000 8674 8175,,,Tokyo,Japan,1850147,,,,,,
,,Shinryo Corporation (Japan),active,company,Shinryo,Shinryo Corporation (Japan); 新菱冷熱工業株式会社*ja,,https://www.shinryo.com,,shinryo.com,1956,,,,,,,Q11504027,Q11504027,Tokyo,Japan,1850147,,,,,,
,,"SHIN Kurushima Dockyard Co., Ltd. (Japan)",active,company,SHIN Kurushima Dockyard,"SHIN Kurushima Dockyard Co., Ltd. (Japan); SHIN Kurushima Dockyard Co., Ltd.; 株式会社新来島どっく*ja",,https://www.skdy.co.jp,,skdy.co.jp,1987,,,,,,,Q11502552,Q11502552,Imabari,Japan,1926134,,,,,,
,,"Seiko Electric Co., Ltd. (Japan)",active,company,Seiko Electric,"Seiko Electric Co., Ltd. (Japan); Seiko Electric Co., Ltd.; 株式会社正興電機製作所*ja",,https://www.seiko-denki.co.jp,,seiko-denki.co.jp,1930,,,,,,,Q11545619,Q11545619,Fukuoka,Japan,1863967,,,,,,
,,"WEST Japan Fluid Engineering Laboratory Co., Ltd. (Japan)",active,company,WEST Japan Fluid Engineering Laboratory,"WEST Japan Fluid Engineering Laboratory Co., Ltd. (Japan); 株式会社西日本流体技研*ja",,https://fel.ne.jp,,fel.ne.jp,1979,,,,,,,,,Sasebo,Japan,1852899,,,,,,
,,"The Shizuoka Bank, Ltd. (Japan)",active,company,The Shizuoka Bank,"The Shizuoka Bank, Ltd. (Japan); The Shizuoka Bank, Ltd.; 株式会社静岡銀行*ja",,https://www.shizuokabank.co.jp,,shizuokabank.co.jp,1943,,,,,,,Q7499501,Q7499501,Shizuoka,Japan,1851717,,,,,,
,,"Ishii Hyoki Co., Ltd. (Japan)",active,company,Ishii Hyoki,"Ishii Hyoki Co., Ltd. (Japan); Ishii Hyoki Co., Ltd.; 株式会社石井表記*ja",,https://www.ishiihyoki.co.jp,,ishiihyoki.co.jp,1973,,,,,,,Q11585097,Q11585097,Fukuyama,Japan,1863917,,,,,,
,,"Ishii IRON Works Co., Ltd. (Japan)",active,company,Ishii IRON Works,"Ishii IRON Works Co., Ltd. (Japan); Ishii IRON Works Co., Ltd.; 株式会社石井鐵工所*ja",,https://www.ishii-iiw.co.jp,,ishii-iiw.co.jp,1919,,,,,,,,,Tokyo,Japan,1850147,,,,,,
,,"Ishigaki Company, Ltd. (Japan)",active,company,Ishigaki Company,"Ishigaki Company, Ltd. (Japan); Ishigaki Company, Ltd.; 株式会社石垣*ja",,https://www.ishigaki.co.jp,,ishigaki.co.jp,1960,,,,,,,,,Tokyo,Japan,1850147,,,,,,
,,"Ishikawajima Iwakuni Seisakusho, Ltd. (Japan)",active,company,Ishikawajima Iwakuni Seisakusho,"Ishikawajima Iwakuni Seisakusho, Ltd. (Japan); Ishikawajima Iwakuni Seisakusho, Ltd.; 株式会社石川島岩国製作所*ja",,https://www.ihi.co.jp/is/,,ihi.co.jp,1973,,,,,,,,,Iwakuni,Japan,1861212,,https://ror.org/018nb9n34,,,,
,,"Advanced Medical Biological Science Institute Co., Ltd. (Japan)",active,company,Advanced Medical Biological Science Institute,"Advanced Medical Biological Science Institute Co., Ltd. (Japan); Advanced Medical Biological Science Institute Co., Ltd.; 株式会社先端医学生物科学研究所*ja; 株式会社AMBiS*ja",,https://www.ambis.co.jp,,ambis.co.jp,1999,,,,,,,,,Ginowan,Japan,1863627,,,,,,
,,Chiyoda Technol Corporation (Japan),active,company,Chiyoda Technol,Chiyoda Technol Corporation (Japan); Chiyoda Technol Corporation; 株式会社千代田テクノル*ja,,https://www.c-technol.co.jp,,c-technol.co.jp,1958,,,,,,,,,Tokyo,Japan,1850147,,,,,,
,,"The Chiba Bank, Ltd. (Japan)",active,company,The Chiba Bank,"The Chiba Bank, Ltd. (Japan); The Chiba Bank, Ltd.; 株式会社千葉銀行*ja",,https://www.chibabank.co.jp,,chibabank.co.jp,1943,,,,,,,Q1071712,Q1071712,Chiba,Japan,2113015,,,,,,
,,"Kawakin Die Casting Industries Co., Ltd. (Japan)",active,company,Kawakin Die Casting Industries,"Kawakin Die Casting Industries Co., Ltd. (Japan); Kawakin Die Casting Industries Co., Ltd.; 株式会社川金ダイカスト工業*ja",,https://www.kawakindc.co.jp,,kawakindc.co.jp,1946,,,,,,,,,Shirakawa,Japan,11612472,,,,,,
,,"Kawaguchi Metal Industries Co., Ltd. (Japan)",active,company,Kawakin Metal Lndustries,"Kawaguchi Metal Industries Co., Ltd. (Japan); Kawaguchi Metal Industries Co., Ltd.; 株式会社川口金属工業*ja",,http://www.kawakinkk.co.jp,,kawakinkk.co.jp,1948,,,,,,,,,Kawaguchi,Japan,1859730,,,,,,
,,"Kawashima Selkon Textiles Co., Ltd. (Japan)",active,company,Kawashima Textile Manufacturers,"Kawashima Selkon Textiles Co., Ltd. (Japan); Kawashima Selkon Textiles Co., Ltd.; 株式会社川島織物セルコン*ja",,https://www.kawashimaselkon.co.jp,,kawashimaselkon.co.jp,1938,,,,,,,Q11478292,Q11478292,Kyoto,Japan,1857910,,,,,,
,,"Maeda Seisakusho Co., Ltd. (Japan)",active,company,Maeda Seisakusho,"Maeda Seisakusho Co., Ltd. (Japan); Maeda Seisakusho Co., Ltd.; 株式会社前田製作所*ja",,https://www.maesei.co.jp,,maesei.co.jp,1962,,,,,,,Q11397726,Q11397726,Nagano,Japan,1856215,,,,,,
,,"Sogo Enviroment Planning Co., Ltd. (Japan)",active,company,Sogo Enviroment Planning,"Sogo Enviroment Planning Co., Ltd. (Japan); Sogo Enviroment Planning Co., Ltd.; 株式会社総合環境計画*ja",,https://www.sg-kankyo.co.jp,,sg-kankyo.co.jp,1989,,,,,,,,,Tokyo,Japan,1850147,,,,,,
,,Sompo Institute Plus Inc. (Japan),active,company,Sompo Japan Research Institute,Sompo Institute Plus Inc. (Japan); Sompo Institute Plus Inc.; Sompo Japan Research Institute Inc.; SOMPOインスティトュート・プラス株式会社*ja; 株式会社損保ジャパン総合研究所*ja,,https://www.sompo-ri.co.jp,,sompo-ri.co.jp,1987,,,,,,,,,Tokyo,Japan,1850147,,,,,,
,,"Taiyo Manufacturing Co., Ltd. (Japan)",active,company,Taiyo Manufacturing,"Taiyo Manufacturing Co., Ltd. (Japan); Taiyo Manufacturing Co., Ltd.; 株式会社太洋工作所*ja",,https://www.taiyomfg.co.jp/index.html,,taiyomfg.co.jp,1953,,,,,,,,,Osaka,Japan,1853909,,,,,,
,,"Daiki Aluminium Industry Co., Ltd. (Japan)",active,company,Daiki Aluminium Industry,"Daiki Aluminium Industry Co., Ltd. (Japan); Daiki Aluminium Industry Co., Ltd.; 株式会社大紀アルミニウム工業所*ja",,https://daikialuminium.com,,daikialuminium.com,1948,,,,,,,Q96324039,Q96324039,Osaka,Japan,1853909,,,,,,
,,"Osaka Titanium Technologies Co., Ltd. (Japan)",active,company,Osaka Titanium Technologies,"Osaka Titanium Technologies Co., Ltd. (Japan); Osaka Titanium Technologies Co., Ltd.; 株式会社大阪チタニウムテクノロジーズ*ja",,https://www.osaka-ti.co.jp,,osaka-ti.co.jp,1937,,,,,,,Q7105609,Q7105609,Amagasaki,Japan,1865387,,,,,,
,,"Osaka Alloying Works Co., Ltd. (Japan)",active,company,Osaka Alloying Works,"Osaka Alloying Works Co., Ltd. (Japan); Osaka Alloying Works Co., Ltd.; 株式会社大阪合金工業所*ja",,https://www.osakagokin.co.jp,,osakagokin.co.jp,1949,,,,,,,,,Fukui-shi,Japan,1863985,,,,,,
,,"Osaka Vacuum, Ltd. (Japan)",active,company,Osaka Vacuum,"Osaka Vacuum, Ltd. (Japan); Osaka Vacuum, Ltd.; 株式会社大阪真空機器製作所*ja",,https://www.osakavacuum.co.jp,,osakavacuum.co.jp,1950,,,,,,,,,Osaka,Japan,1853909,,,,,,
,,"Oshima Shipbuilding Co., Ltd. (Japan)",active,company,Oshima Shipbuilding,"Oshima Shipbuilding Co., Ltd. (Japan); Oshima Shipbuilding Co., Ltd.; 株式会社大島造船所*ja",,https://en.osy.co.jp,,osy.co.jp,1973,,,,,,,Q7106621,Q7106621,Saikai,Japan,11612561,,,,,,
,,"Daido Machines Co., Ltd. (Japan)",active,company,,"Daido Machines Co., Ltd. (Japan); Daido Machines Co., Ltd.; 大同工機株式会社*ja",,https://www.daidomachines.com,,daidomachines.com,1959,,,,,,,,,Tokyo,Japan,1850147,,,,,,
,,Obayashi Corporation (Japan),active,company,Obayashi,Obayashi Corporation (Japan); Obayashi Corporation; 株式会社大林組*ja,,https://www.obayashi.co.jp/company,,,,,,,,,,,,Imabari,Japan,1926134,,,,,,
,,Daiwa Securities Group Inc. (Japan),active,company,Daiwa Securities Group,Daiwa Securities Group Inc. (Japan); Daiwa Securities Group Inc.; 株式会社大和証券グループ本社*ja,,https://www.daiwa-grp.jp,,daiwa-grp.jp,1943,,,,,,,Q1157716,Q1157716,Tokyo,Japan,1850147,,,,,,
,,DAI-ICHI Sokuhan Works Co. (Japan),active,company,,DAI-ICHI Sokuhan Works Co. (Japan); DAI-ICHI Sokuhan Works Co.; 株式会社第一測範製作所*ja,DSW,https://issoku.jp,,issoku.jp,1944,,,,,,,Q11602088,Q11602088,Ojiya,Japan,1854444,,,,,,
,,Japan Green Investment Corp. For Carbon Neutrality (Japan),active,company,,Japan Green Investment Corp. For Carbon Neutrality (Japan); Japan Green Investment Corp. For Carbon Neutrality; 株式会社脱炭素化支援機構*ja,JICN,https://www.jicn.co.jp,,jicn.co.jp,2022,,,,,,,,,Tokyo,Japan,1850147,,,,,,
,,"Regional Planning Consultation Co., Ltd. (Japan)",active,company,Regional Planning Consultation,"Regional Planning Consultation Co., Ltd. (Japan); Regional Planning Consultation Co., Ltd.; 株式会社地域開発コンサルタンツ*ja",RPC,http://www.chiiki-kaihatsu.co.jp,,chiiki-kaihatsu.co.jp,1970,,,,,,,,,Tokyo,Japan,1850147,,,,,,
,,Regional Economy Vitalization Corporation of Japan (Japan),active,company,,Regional Economy Vitalization Corporation of Japan (Japan); Regional Economy Vitalization Corporation of Japan; 株式会社地域経済活性化支援機構*ja,REVIC,https://www.revic.co.jp,,revic.co.jp,2009,,,,,,,Q5380361,Q5380361,Tokyo,Japan,1850147,,,,,,
,,"Regional Planning International Co., Ltd. (Japan)",active,company,Regional Planning International,"Regional Planning International Co., Ltd. (Japan); Regional Planning International Co., Ltd.; 株式会社地域計画連合*ja",RPI,https://rpi-h.jp,,rpi-h.jp,1969,,,,,,,Q97212520,Q97212520,Tokyo,Japan,1850147,,,,,,
,,"Chugai Research Institute For Medical Science, Inc. (Japan)",active,company,Chugai Research Institute For Medical Science,"Chugai Research Institute For Medical Science, Inc. (Japan); Chugai Research Institute For Medical Science, Inc.; 株式会社中外医科学研究所*ja",,https://cms.chugai-pharm.co.jp,,chugai-pharm.co.jp,1972,,,,,,,,,Yokohama,Japan,1848354,,https://ror.org/01v743b94,,,,
,,"Nakayama Steel Works, Ltd. (Japan)",active,company,Nakayama Steel WORKS,"Nakayama Steel Works, Ltd. (Japan); Nakayama Steel Works, Ltd.; 株式会社中山製鋼所*ja",,https://www.nakayama-steel.co.jp,,nakayama-steel.co.jp,1923,,,,,,,Q11364278,Q11364278,Osaka,Japan,1853909,,,,,,
,,"Nakayama IRON Works, Ltd. (Japan)",active,company,Nakayama IRON Works,"Nakayama IRON Works, Ltd. (Japan); Nakayama IRON Works, Ltd.; 株式会社中山鉄工所*ja",,https://www.ncjpn.com,,ncjpn.com,2022,,,,,,,,,Takeo,Japan,1850834,,,,,,
,,Asahi Rubber Inc. (Japan),active,company,Asahi Rubber.,Asahi Rubber Inc. (Japan); Asahi Rubber Inc.; 株式会社朝日ラバー*ja,,https://www.asahi-rubber.co.jp,,asahi-rubber.co.jp,1976,,,,,,,Q11517447,Q11517447,Saitama,Japan,6940394,,,,,,
,,"Asahi Kogyosha Co., Ltd. (Japan)",active,company,Asahi Kogyosha,"Asahi Kogyosha Co., Ltd. (Japan); Asahi Kogyosha Co., Ltd.; 株式会社朝日工業社*ja",,https://www.asahikogyosha.co.jp,,asahikogyosha.co.jp,1940,,,,,,,Q11517498,Q11517498,Tokyo,Japan,1850147,,,,,,
,,Japan Ultra-High Temperature Materials Research Institute (Japan),active,company,,Japan Ultra-High Temperature Materials Research Institute (Japan); Japan Ultra-High Temperature Materials Research Institute; 株式会社超高温材料研究センター*ja,JUTEM,https://www.jutem.co.jp,,jutem.co.jp,1990,,,,,,,Q11636356,Q11636356,Ube,Japan,1849498,,,,,,
,,"Tsurumi Manufacturing Co., Ltd. (Japan)",active,company,Tsurumi Manufacturing,"Tsurumi Manufacturing Co., Ltd. (Japan); Tsurumi Manufacturing Co., Ltd.; 株式会社鶴見製作所*ja",,https://www.tsurumipump.co.jp,,tsurumipump.co.jp,1948,,,,,,,Q2458602,Q2458602,Osaka,Japan,1853909,,,,,,
,,"Teikoku Machinery Works, Ltd. (Japan)",active,company,Teikoku Machinery Works,"Teikoku Machinery Works, Ltd. (Japan); Teikoku Machinery Works, Ltd.; 株式会社帝国機械製作所*ja",,https://www.teikokupump.co.jp,,teikokupump.co.jp,1934,,,,,,,,,Osaka,Japan,1853909,,,,,,
,,TEIKOKU CORPORATION (Japan),active,company,Teikoku Electric MFG.,TEIKOKU CORPORATION (Japan); TEIKOKU CORPORATION; 株式会社ＴＥＩＫＯＫＵ*ja,,https://www.teikokucp.co.jp,,teikokucp.co.jp,1939,,,,,,,Q11481038,Q11481038,Tatsuno,Japan,11612326,,,,,,
,,Tanaka Chemical Corporation (Japan),active,company,Tanaka Chemical,Tanaka Chemical Corporation (Japan); Tanaka Chemical Corporation; 株式会社田中化学研究所*ja,,https://www.tanaka-chem.co.jp,,tanaka-chem.co.jp,1957,,,,,,,Q11575356,Q11575356,Fukui-shi,Japan,1863985,,,,,,
,,"Dengensha MFG. Co., Ltd. (Japan)",active,company,Dengensha MFG.,"Dengensha MFG. Co., Ltd. (Japan); Dengensha MFG. Co., Ltd.; 株式会社電元社製作所*ja",,https://www.dengenshatoa.co.jp,,dengenshatoa.co.jp,1951,,,,,,,,,Kawasaki,Japan,1859642,,,,,,
,,Dentsu Inc (Japan),active,company,Dentsu,Dentsu Inc (Japan); Dentsu Inc; 株式会社電通*ja,,https://www.dentsu.co.jp,,dentsu.co.jp,1901,,,,,0000 0004 1793 1039,0000 0004 1793 1039,Q1189945,Q1189945,Tokyo,Japan,1850147,,,,,,
,,The Research Institute OF Urban Renewal And Management (Japan),active,company,,The Research Institute OF Urban Renewal And Management (Japan); The Research Institute OF Urban Renewal And Management; 株式会社都市問題経営研究所*ja,URAM,https://www.uram.co.jp,,uram.co.jp,1969,,,,,,,,,Osaka,Japan,1853909,,,,,,
,,"Toray Research Center, Inc. (Japan)",active,company,Toray Research Center,"Toray Research Center, Inc. (Japan); Toray Research Center, Inc.; 株式会社東レリサーチセンター*ja",,https://www.toray-research.co.jp,,toray-research.co.jp,1978,,,,,,,,,Tokyo,Japan,1850147,,,,,,
,,"Tokai Global Greening Co., Ltd. (Japan)",active,company,Tokai Global Greening,"Tokai Global Greening Co., Ltd. (Japan); Tokai Global Greening Co., Ltd.; 株式会社東海グローバルグリーニング*ja",TGG,https://www.tokai-gg.co.jp,,tokai-gg.co.jp,2002,,,,,,,,,Sekimachi,Japan,1852775,,,,,,
,,"Tokai Software Development Co., Ltd. (Japan)",active,company,Tokai Software Development,"Tokai Software Development Co., Ltd. (Japan); Tokai Software Development Co., Ltd.; 株式会社東海ソフト開発*ja",,https://www.tokaisoftdev.co.jp,,tokaisoftdev.co.jp,1992,,,,,,,,,Tokyo,Japan,1850147,,,,,,
,,Tokai Medical Products Inc. (Japan),active,company,Tokai Medical Products,Tokai Medical Products Inc. (Japan); Tokai Medical Products Inc.; 株式会社東海メディカルプロダクツ*ja,,https://www.tokaimedpro.co.jp,,tokaimedpro.co.jp,1981,,,,,,,Q11527782,Q11527782,Kasugai,Japan,1859891,,,,,,
,,"Tokai Information SYSTEMS Co., Ltd. (Japan)",active,company,Tokai Information SYSTEMS,"Tokai Information SYSTEMS Co., Ltd. (Japan); Tokai Information SYSTEMS Co., Ltd.; 株式会社東海情報システム*ja",,https://www.tokai-is.co.jp,,tokai-is.co.jp,1973,,,,,,,,,Hamamatsu,Japan,1863289,,,,,,
,,"Tokai Rika Tohoku Co., Ltd. (Japan)",active,company,Tokai RIKA,"Tokai Rika Tohoku Co., Ltd. (Japan); 株式会社東海理化トウホク*ja",,https://www.tokai-rika.co.jp/company/kokunai/,,tokai-rika.co.jp,2022,,,,,,,,,Yokote,Japan,2110506,,https://ror.org/012gxwa15,,,,
,,Tokyo Energy & Systems Inc. (Japan),active,company,Tokyo Energy SYSTEMS,Tokyo Energy & Systems Inc. (Japan); Tokyo Energy & Systems Inc.; 株式会社東京エネシス*ja,,https://www.qtes.co.jp,,qtes.co.jp,1947,,,,,,,Q28691250,Q28691250,Tokyo,Japan,1850147,,,,,,
,,"Tokyo Cathode Laboratory Co., Ltd. (Japan)",active,company,Tokyo Cathode Laboratory,"Tokyo Cathode Laboratory Co., Ltd. (Japan); Tokyo Cathode Laboratory Co., Ltd.; 株式会社東京カソード研究所*ja",,http://www.tclab.co.jp,,tclab.co.jp,1953,,,,,,,Q11524097,Q11524097,Yamata,Japan,9192643,,,,,,
,,"Tokyo Stress Management Co., Ltd. (Japan)",active,company,Tokyo Stress Management,"Tokyo Stress Management Co., Ltd. (Japan); Tokyo Stress Management Co., Ltd.; 株式会社東京ストレスマネジメント*ja",,http://www.stressmanage.co.jp,,stressmanage.co.jp,1984,,,,,,,,,Yamato,Japan,11611478,,,,,,
,,Tokyo Dome Corp. (Japan),active,company,Tokyo Dome,Tokyo Dome Corp. (Japan); Tokyo Dome Corp.; 株式会社東京ドーム*ja,,https://www.tokyo-dome.jp,,tokyo-dome.jp,1936,,,,,,,Q2439074,Q2439074,Tokyo,Japan,1850147,,,,,,
,,"Tokyo Kikai Seisakusho, Ltd. (Japan)",active,company,Tokyo Kikai Seisakusho,"Tokyo Kikai Seisakusho, Ltd. (Japan); Tokyo Kikai Seisakusho, Ltd.; 株式会社東京機械製作所*ja",,https://www.tks-net.co.jp,,tks-net.co.jp,1916,,,,,,,Q11524935,Q11524935,Tokyo,Japan,1850147,,,,,,
,,Tokyo Keiki Inc. (Japan),active,company,Tokyo Keiki,Tokyo Keiki Inc. (Japan); Tokyo Keiki Inc.; 株式会社東京計器*ja,,https://www.tokyokeiki.jp,,tokyokeiki.jp,1948,,,,,,,,,Tokyo,Japan,1850147,,,,,,
,,Tokyo KOKI Co. Ltd. (Japan),active,company,Tokyo KOKI,Tokyo KOKI Co. Ltd. (Japan); Tokyo KOKI Co. Ltd.; 株式会社東京衡機*ja,,https://tk100.jp,,tk100.jp,1936,,,,,,,,,Sagamihara,Japan,11611609,,,,,,
,,"Tokyo Automatic Machinery Works, Ltd. (Japan)",active,company,Tokyo Automatic Machinery Works,"Tokyo Automatic Machinery Works, Ltd. (Japan); Tokyo Automatic Machinery Works, Ltd.; 株式会社東京自働機械製作所*ja",,https://www.tam-tokyo.co.jp,,tam-tokyo.co.jp,1944,,,,,,,Q125445882,Q125445882,Tokyo,Japan,1850147,,,,,,
,,"Tokyo Measuring Instruments Laboratory Co., Ltd. (Japan)",active,company,Tokyo Sokki Kenkyujo,"Tokyo Measuring Instruments Laboratory Co., Ltd. (Japan); Tokyo Measuring Instruments Laboratory Co., Ltd.; 株式会社東京測器研究所*ja",,https://tml.jp,,tml.jp,1958,,,,,,,,,Tokyo,Japan,1850147,,,,,,
,,Tokyo BABY-CAR Inc. (Japan),active,company,Tokyo BABY-CAR,Tokyo BABY-CAR Inc. (Japan); Tokyo BABY-CAR Inc.; 株式会社東京乳母車*ja,,https://babycar.co.jp,,babycar.co.jp,1994,,,,,,,,,Toride,Japan,2110729,,,,,,
,,"Takaoka TOKO Co., Ltd. (Japan)",active,company,Takaoka TOKO,"Takaoka TOKO Co., Ltd. (Japan); Takaoka TOKO Co., Ltd.; 株式会社東光高岳*ja",,https://www.tktk.co.jp,,tktk.co.jp,2012,,,,,,,Q17220263,Q17220263,Tokyo,Japan,1850147,,,,,,
,,"ALTEN Japan Co., Ltd. (Japan)",active,company,"East Japan Institute Of Technology Co., Ltd.; 株式会社東日本技術研究所","ALTEN Japan Co., Ltd. (Japan); ALTEN Japan Co., Ltd.; アルテンジャパン株式会社*ja",,https://www.alten-japan.com,,alten-japan.com,,,,,,,,,,Tokyo,Japan,1850147,,https://ror.org/049e6hd13,,,,
,,"Tohoku Techno Arch Co., Ltd. (Japan)",active,company,Tohoku Techno Arch,"Tohoku Techno Arch Co., Ltd. (Japan); Tohoku Techno Arch Co., Ltd.; 株式会社東北テクノアーチ*ja",,https://www.t-technoarch.com,,t-technoarch.com,1998,,,,,,,,,Sendai,Japan,2111149,,,,,,
,,TOYO Quality ONE Corporation (Japan),active,company,TOYO Quality ONE,TOYO Quality ONE Corporation (Japan); TOYO Quality ONE Corporation; 株式会社東洋クオリティワン*ja,,https://www.tq1.co.jp/index.html,,tq1.co.jp,1935,,,,,,,,,Kawagoe,Japan,1859740,,,,,,
,,"TOYO Kensa Center Co., Ltd. (Japan)",active,company,TOYO Kensa Center,"TOYO Kensa Center Co., Ltd. (Japan); TOYO Kensa Center Co., Ltd.; 株式会社東洋検査センター*ja",,https://www.asahi-kasei.co.jp/kensa-c/,,asahi-kasei.co.jp,1981,,,,,,,,,Izunokuni,Japan,6822191,,https://ror.org/018wp0236,,,,
,,TOYO Corporation (Japan),active,company,,TOYO Corporation (Japan); TOYO Corporation; 株式会社東陽テクニカ*ja,,https://www.toyo.co.jp,,toyo.co.jp,1953,,,,,,,Q11528672,Q11528672,Tokyo,Japan,1850147,,,,,,
,,"Tokushu Kinzoku Excel Co., Ltd. (Japan)",active,company,Tokushu Kinzoku Excel,"Tokushu Kinzoku Excel Co., Ltd. (Japan); Tokushu Kinzoku Excel Co., Ltd.; 株式会社特殊金属エクセル*ja",,https://www.tokkin.com,,tokkin.com,2017,,,,,,,,,Tokyo,Japan,1850147,,,,,,
,,"Uchida Yoko Co., Ltd. (Japan)",active,company,Uchida YOKO,"Uchida Yoko Co., Ltd. (Japan); Uchida Yoko Co., Ltd.; 株式会社内田洋行*ja",,https://www.uchida.co.jp,,uchida.co.jp,1941,,,,,,,Q11394322,Q11394322,Tokyo,Japan,1850147,,,,,,
,,"Nissaku Co., Ltd. (Japan)",active,company,,"Nissaku Co., Ltd. (Japan); Nissaku Co., Ltd.; Water GEO-TECH, Engineers, Nissaku; 株式会社日さく*ja",,https://www.nissaku.co.jp,,nissaku.co.jp,1938,,,,,,,,,Saitama,Japan,6940394,,,,,,
,,"Nissan ARC, Ltd. (Japan)",active,company,Nissan ARC,"Nissan ARC, Ltd. (Japan); Nissan ARC, Ltd.; 株式会社日産アーク*ja",,https://www.nissan-arc.co.jp,,nissan-arc.co.jp,1990,,,,,,,,,Yokosuka,Japan,1848313,,https://ror.org/01nks1c62,,,,
,,"Nissin Manufacturing Group Co., Ltd. (Japan)",active,company,Nissin Manufacturing,"Nissin Manufacturing Group Co., Ltd.; Nissin Manufacturing Group Co., Ltd. (Japan); 株式会社日進製作所グループ*ja",,https://www.nissin-mfg.co.jp,,nissin-mfg.co.jp,1948,,,,,,,Q18337693,Q18337693,Kyōtango,Japan,11612557,,,,,,
,,"Nihon Suido Consultants Co., Ltd. (Japan)",active,company,Nihon Suido Consultants,"Nihon Suido Consultants Co., Ltd. (Japan); Nihon Suido Consultants Co., Ltd.; 株式会社日水コン*ja",,https://www.nissuicon.co.jp,,nissuicon.co.jp,1959,,,,,,,Q11509612,Q11509612,Tokyo,Japan,1850147,,,,,,
,,"Nippo Electronics Co., Ltd. (Japan)",active,company,Nippo Electronics,"Nippo Electronics Co., Ltd. (Japan); Nippo Electronics Co., Ltd.; 株式会社日放電子*ja",,https://www.nippoe.co.jp,,nippoe.co.jp,1973,,,,,,,Q65269960,Q65269960,Tokyo,Japan,1850147,,,,,,
,,"Applied Research Institute, Inc. (Japan)",active,company,Applied Research Institute,"Applied Research Institute, Inc. (Japan); Applied Research Institute, Inc.; 株式会社日本アプライドリサーチ研究所*ja",,https://www.ari.co.jp,,ari.co.jp,1987,,,,,,,,,Tokyo,Japan,1850147,,,,,,
,,"Nippon Aluminium Co., Ltd. (Japan)",inactive,company,Nippon Aluminium,"Nippon Aluminium Co., Ltd. (Japan); Nippon Aluminium Co., Ltd.; 株式会社日本アルミ*ja",,http://www.nal.co.jp,,nal.co.jp,2009,,,,,,,Q11506241,Q11506241,Osaka,Japan,1853909,,,,,,
,,Nippon Consultants Group Inc. (Japan),active,company,Nippon Consultant Group,Nippon Consultants Group Inc. (Japan); Nippon Consultants Group Inc.; 株式会社日本コンサルタントグループ*ja,,https://www.niccon.co.jp,,niccon.co.jp,1946,,,,,,,,,Tokyo,Japan,1850147,,,,,,
,,"Nippon Conlux Co., Ltd. (Japan)",active,company,Nippon Conlux,"Nippon Conlux Co., Ltd. (Japan); Nippon Conlux Co., Ltd.; 株式会社日本コンラックス*ja",,https://www.conlux.co.jp,,conlux.co.jp,1967,,,,,,,,,Sakado,Japan,1853209,,,,,,
,,"SEED Lab., Corporation (Japan)",active,company,SEED LAB.,"SEED Lab., Corporation (Japan); SEED Lab., Corporation; 株式会社日本シード研究所*ja",,https://www.seed-lab.com,,seed-lab.com,1981,,,,,,,,,Ayase,Japan,11611642,,,,,,
,,Nippon Technart Inc. (Japan),active,company,Nippon Technart,Nippon Technart Inc. (Japan); Nippon Technart Inc.; 株式会社日本テクナート*ja,,https://www.technart.com,,technart.com,1975,,,,,,,,,Tokyo,Japan,1850147,,,,,,
,,"Japan Digital Laboratory Co., Ltd. (Japan)",active,company,Japan Digital Laboratory,"Japan Digital Laboratory Co., Ltd. (Japan); Japan Digital Laboratory Co., Ltd.; 株式会社日本デジタル研究所*ja",JDL,https://www.jdl.co.jp,,jdl.co.jp,1968,,,,,,,Q11506688,Q11506688,Tokyo,Japan,1850147,,,,,,
,,"Nihon Trim Co., Ltd. (Japan)",active,company,Nihon Trim,"Nihon Trim Co., Ltd. (Japan); Nihon Trim Co., Ltd.; 株式会社日本トリム*ja",,https://www.nihon-trim.co.jp,,nihon-trim.co.jp,1982,,,,,,,Q11506705,Q11506705,Osaka,Japan,1853909,,,,,,
,,Nihon BioData Corporation (Japan),active,company,Nihon Biodata,Nihon BioData Corporation (Japan); Nihon BioData Corporation; 株式会社日本バイオデータ*ja,,https://nbiodata.com,,nbiodata.com,2013,,,,,,,,,Kawasaki,Japan,1859642,,,,,,
,,Nihon Bioresearch Inc. (Japan),active,company,Nihon Bioresearch,Nihon Bioresearch Inc. (Japan); Nihon Bioresearch Inc.; 株式会社日本バイオリサーチセンター*ja,,https://www.nbr.co.jp/company-2,,nbr.co.jp,1982,,,,,,,,,Hashima,Japan,6822214,,,,,,
,,"Japan Pulse Laboratories, Inc. (Japan)",active,company,Japan Pulse Laboratories,"Japan Pulse Laboratories, Inc. (Japan); Japan Pulse Laboratories, Inc.; 株式会社日本パルス技術研究所*ja",,https://www.jpl.co.jp,,jpl.co.jp,1974,,,,,,,,,Isesaki,Japan,1861436,,,,,,
,,"Nippon PS Co., Ltd. (Japan)",active,company,Nippon PS,"Nippon PS Co., Ltd. (Japan); Nippon PS Co., Ltd.; 株式会社日本ピーエス*ja",,https://nipponps.co.jp,,nipponps.co.jp,1952,,,,,,,,,Tsuruga,Japan,1849592,,,,,,
,,"Japan Finechem Co., Inc. (Japan)",active,company,Japan Finechem Co.,"Japan Finechem Co., Inc. (Japan); Japan Finechem Co., Inc.; 株式会社日本ファインケム*ja",,http://www.jfine.co.jp,,jfine.co.jp,1959,,,,,,,Q11506808,Q11506808,Tokyo,Japan,1850147,,https://ror.org/00mhg9s35,,,,
,,Nippon Research Center Ltd. (Japan),active,company,Nippon Research Center,Nippon Research Center Ltd. (Japan); Nippon Research Center Ltd.; 株式会社日本リサーチセンター*ja,NRC,https://www.nrc.co.jp,,nrc.co.jp,1960,,,,,,,Q121462024,Q121462024,Tokyo,Japan,1850147,,,,,,
,,Japan Laser Corp. (Japan),active,company,Japan Laser,Japan Laser Corp. (Japan); Japan Laser Corp.; 株式会社日本レーザー*ja,,https://www.japanlaser.co.jp,,japanlaser.co.jp,1968,,,,,,,,,Tokyo,Japan,1850147,,,,,,
,,Nihon GENE Research Laboratories Inc. (Japan),active,company,Nihon GENE Research Laboratories Inc.,Nihon GENE Research Laboratories Inc. (Japan); Nihon GENE Research Laboratories Inc.; 株式会社日本遺伝子研究所*ja,,https://ngrl.co.jp,,ngrl.co.jp,1994,,,,,,,,,Sendai,Japan,2111149,,,,,,
,,"Nippon Gijutsu Center Co., Ltd. (Japan)",active,company,Nippon Gijutsu Center,"Nippon Gijutsu Center Co., Ltd. (Japan); Nippon Gijutsu Center Co., Ltd.; Nichigi World Co., Ltd.; 株式会社日本技術センター*ja; 株式会社ニチギワールド*ja",,https://www.ncgw.co.jp,,ncgw.co.jp,1967,,,,,,,,,Himeji,Japan,1862627,,,,,,
,,"Nippon Shikizai, Inc. (Japan)",active,company,Nippon Shikizai,"Nippon Shikizai, Inc. (Japan); Nippon Shikizai, Inc.; 株式会社日本色材工業研究所*ja",,https://shikizai.com,,shikizai.com,1957,,,,,,,Q138463165,Q138463165,Tokyo,Japan,1850147,,,,,,
,,Japan Finance Corporation (Japan),active,company,Japan Finance,Japan Finance Corporation (Japan); Japan Finance Corporation; 株式会社日本政策金融公庫*ja,JFC,https://www.jfc.go.jp,,jfc.go.jp,2008,,,,,0000 0001 2219 3585,0000 0001 2219 3585,Q11508160,Q11508160,Tokyo,Japan,1850147,,,,,,
,,"Nippon Paper Group, Inc. (Japan)",inactive,company,Nippon Paper Group,"Nippon Paper Group, Inc. (Japan); Nippon Paper Group, Inc.; 株式会社日本製紙グループ本社*ja",,https://www.nipponpapergroup.com,,nipponpapergroup.com,2001,,,,,,,Q1993312,Q1993312,Tokyo,Japan,1850147,,,,,https://ror.org/00yzvve44,
,,"Nihon Sekkei, Inc. (Japan)",active,company,Nihon Sekkei,"Nihon Sekkei, Inc. (Japan); Nihon Sekkei, Inc.; 株式会社日本設計*ja",,https://www.nihonsekkei.co.jp,,nihonsekkei.co.jp,1967,,,,,,,Q11509101,Q11509101,Tokyo,Japan,1850147,,,,,,
,,Japan Institute For Community Affairs (Japan),active,company,,Japan Institute For Community Affairs (Japan); Japan Institute For Community Affairs; 株式会社日本地域社会研究所*ja,JRIC,https://www.jric.jp,,jric.jp,2016,,,,,,,,,Tokyo,Japan,1850147,,,,,,
,,Nippon Export And Investment Insurance (Japan),active,company,,Nippon Export And Investment Insurance (Japan); Nippon Export And Investment Insurance; 株式会社日本貿易保険*ja,NEXI,https://www.nexi.go.jp,,nexi.go.jp,2001,,,,,,,Q4045366,Q4045366,Tokyo,Japan,1850147,,,,,,
,,"Hitachi KE Systems, Ltd. (Japan)",active,company,Hitachi Keiyo Engineering & SYSTEMS,"Hitachi KE Systems, Ltd. (Japan); Hitachi KE Systems, Ltd.; 株式会社日立ケーイーシステムズ*ja",,http://www.hke.jp,,hke.jp,1980,,,,,,,,,Narashino,Japan,11612347,,https://ror.org/02exqgm79,,,,
,,"Hitachi Solutions Create, Ltd. (Japan)",active,company,Hitachi Solutions,"Hitachi Solutions Create, Ltd. (Japan); Hitachi Solutions Create, Ltd.; 株式会社日立ソリューションズ・クリエイト*ja",,https://www.hitachi-solutions-create.co.jp,,hitachi-solutions-create.co.jp,1976,,,,,,,,,Tokyo,Japan,1850147,,https://ror.org/02exqgm79,,,,
,,"Hitachi Solutions East Japan, Ltd. (Japan)",active,company,Hitachi Solutions East Japan,"Hitachi Solutions East Japan, Ltd. (Japan); Hitachi Solutions East Japan, Ltd.; 株式会社日立ソリューションズ東日本*ja",,https://www.hitachi-solutions-east.co.jp,,hitachi-solutions-east.co.jp,1984,,,,,,,,,Sendai,Japan,2111149,,https://ror.org/02exqgm79,,,,
,,Hitachi High-Tech Fielding Corporation (Japan),active,company,Hitachi High-Tech Fielding,Hitachi High-Tech Fielding Corporation (Japan); Hitachi High-Tech Fielding Corporation; 株式会社日立ハイテクフィールディング*ja,,https://www.hitachi-hightech.com/company/group/hfd,,,1965,,,,,,,,,Tokyo,Japan,1850147,,https://ror.org/033a1rv92,,,,
,,"Hitachi Power Solutions Co., Ltd. (Japan)",active,company,Hitachi Power Solutions,"Hitachi Power Solutions Co., Ltd. (Japan); Hitachi Power Solutions Co., Ltd.; 株式会社日立パワーソリューションズ*ja",,https://www.hitachi-power-solutions.com,,hitachi-power-solutions.com,1960,,,,,,,Q11510006,Q11510006,Hitachi,Japan,2112708,,https://ror.org/02exqgm79,,,,
,,"Hitachi Construction Machinery Tierra Co., Ltd. (Japan)",active,company,Hitachi Construction Machinery Tierra,"Hitachi Construction Machinery Tierra Co., Ltd. (Japan); Hitachi Construction Machinery Tierra Co., Ltd.; 株式会社日立建機ティエラ*ja",,https://www.hitachicm.com/tierra/ja/,,,1949,,,,,,,,,Kōka,Japan,6822117,,,,,,
,,"Hitachi Government & Public Sector Systems, Ltd. (Japan)",active,company,Hitachi Government & Public Sector Systems,"Hitachi Government & Public Sector Systems, Ltd. (Japan); Hitachi Government & Public Sector Systems, Ltd.; 株式会社日立公共システム*ja",,https://www.hitachi-sis.co.jp,,hitachi-sis.co.jp,1986,,,,,,,,,Tokyo,Japan,1850147,,https://ror.org/02exqgm79,,,,
,,KOKUSAI DENKI Electric Inc. (Japan),active,company,Hitachi Kokusai Electric,KOKUSAI DENKI Electric Inc. (Japan); KOKUSAI DENKI Electric Inc.; 株式会社国際電気*ja; Hitachi Kokusai Electric Inc.; 株式会社日立国際電気*ja,,https://www.kokusaidenki.co.jp,,kokusaidenki.co.jp,1949,,,,,,,,,Tokyo,Japan,1850147,,https://ror.org/01ppn7a90,,,,
,,"Hitachi Industrial Equipment Systems Co., Ltd. (Japan)",active,company,Hitachi Industrial Equipment Systems,"Hitachi Industrial Equipment Systems Co., Ltd. (Japan); Hitachi Industrial Equipment Systems Co., Ltd.; 株式会社日立産機システム*ja; 日立産機システム*ja",,https://www.hitachi-ies.com,,hitachi-ies.com,2002,,,,,,,,,Tokyo,Japan,1850147,,https://ror.org/02exqgm79,,,,
,,"Hitachi Social Information Services, Ltd. (Japan)",active,company,Hitachi Social Information Services,"Hitachi Social Information Services, Ltd. (Japan); Hitachi Social Information Services, Ltd.; 株式会社日立社会情報サービス*ja",,https://www.hitachi-sis.co.jp/index.html,,hitachi-sis.co.jp,1986,,,,,,,,,Tokyo,Japan,1850147,,https://ror.org/02exqgm79,,,,
,,"Hitachi Information SYSTEMS, Ltd. (Japan)",active,company,Hitachi Information SYSTEMS,"Hitachi Information SYSTEMS, Ltd. (Japan); Hitachi Information SYSTEMS, Ltd.; 株式会社日立情報システムズ*ja",,http://www.hitachijoho.com,,hitachijoho.com,1959,,,,,,,Q11510059,Q11510059,Tokyo,Japan,1850147,,https://ror.org/02exqgm79,,,,
,,"Hitachi ULSI Systems Co., Ltd. (Japan)",active,company,Hitachi ULSI Systems,"Hitachi ULSI Systems Co., Ltd. (Japan); Hitachi ULSI Systems Co., Ltd.; 株式会社日立超LSIシステムズ*ja",,https://www.hitachi-solutions-tech.co.jp,,hitachi-solutions-tech.co.jp,1980,,,,,,,,,Tachikawa,Japan,11611487,,,,,,
,,"Logisteed, Ltd. (Japan)",active,company,"Hitachi Transport System, Ltd.; Hitachi Transport System; 株式会社日立物流","Logisteed, Ltd. (Japan); Logisteed, Ltd.; ロジスティード株式会社*ja",,https://www.logisteed.com,,logisteed.com,1959,,,,,,,Q11510067,Q11510067,Tokyo,Japan,1850147,,,,,,
,,"Shiraishi Central Laboratories Co., Ltd. (Japan)",active,company,Shiraishi Central Laboratories,"Shiraishi Central Laboratories Co., Ltd. (Japan); Shiraishi Central Laboratories Co., Ltd.; 株式会社白石中央研究所*ja",,https://www.shiraishi.co.jp,,shiraishi.co.jp,1972,,,,,,,Q65274466,Q65274466,Amagasaki,Japan,1865387,,,,,,
,,"Intelligent Plaza Hachinohe, Inc. (Japan)",active,company,Intelligent Plaza Hachinohe,"Intelligent Plaza Hachinohe, Inc.; Intelligent Plaza Hachinohe, Inc. (Japan); 株式会社八戸インテリジェントプラザ*ja",,https://www.hachinohe-ip.co.jp,,hachinohe-ip.co.jp,1989,,,,,,,,,Hachinohe,Japan,2130203,,,,,,
,,"Semiconductor Leading Edge Technologies, Inc (Japan)",active,company,Semiconductor Leading Edge Technologies,"Semiconductor Leading Edge Technologies, Inc (Japan); Semiconductor Leading Edge Technologies, Inc; 株式会社半導体先端テクノロジーズ*ja",SELETE,http://www.selete.co.jp,,selete.co.jp,1996,,,,,,,,,Tsukuba,Japan,2110681,,,,,,
,,Semiconductor Technology Academic Research Center (Japan),active,company,,Semiconductor Technology Academic Research Center (Japan); Semiconductor Technology Academic Research Center; 株式会社半導体理工学研究センター*ja,STARC,https://www.starc.jp,,starc.jp,,,,,,,,,,Yokohama,Japan,1848354,,,,,,
,,Fudo Tetra Corporation (Japan),active,company,FUDO Tetra,Fudo Tetra Corporation (Japan); Fudo Tetra Corporation; 株式会社不動テトラ*ja,,https://www.fudotetra.co.jp,,fudotetra.co.jp,1947,,,,,,,Q11361587,Q11361587,Tokyo,Japan,1850147,,,,,,
,,Fuji Ceramics Corporation (Japan),active,company,Fuji Ceramics,Fuji Ceramics Corporation (Japan); Fuji Ceramics Corporation; 株式会社富士セラミックス*ja,,https://www.fujicera.co.jp,,fujicera.co.jp,1975,,,,,,,Q65262298,Q65262298,Fujinomiya,Japan,1864105,,,,,,
,,Fuji Techno Solutions Co. Inc. (Japan),active,company,FUJI Techno Solutions Co.,Fuji Techno Solutions Co. Inc. (Japan); Fuji Techno Solutions Co. Inc.; 株式会社富士テクノソリューションズ*ja,,https://www.fjtsc.co.jp,,fjtsc.co.jp,1976,,,,,,,Q11455883,Q11455883,Atsugi,Japan,1847963,,,,,,
,,FUJI P.S CORPORATION (Japan),active,company,FUJI P.S.,FUJI P.S CORPORATION (Japan); FUJI P.S CORPORATION; 株式会社富士ピー・エス*ja,,https://www.fujips.co.jp,,fujips.co.jp,1954,,,,,,,Q11455886,Q11455886,Fukuoka,Japan,1863967,,,,,,
,,GENERAL Inc. (Japan),active,company,Fujitsu General Limited; Fujitsu General; 株式会社富士通ゼネラル,GENERAL Inc. (Japan); GENERAL Inc.; 株式会社ゼネラル*ja,,https://www.generalww.com/jp/,,generalww.com,1936,,,,,,,Q11456224,Q11456224,Kawasaki,Japan,1859642,,,,,,
,,"Fukken Gijyutsu Consultants Co., Ltd. (Japan)",active,company,Fukken Gijyutsu Consultants,"Fukken Gijyutsu Consultants Co., Ltd. (Japan); Fukken Gijyutsu Consultants Co., Ltd.; 株式会社復建技術コンサルタント*ja",,https://www.fgc.jp,,fgc.jp,1960,,,,,,,,,Sendai,Japan,2111149,,,,,,
,,"Fukuoka SRP Co., Ltd. (Japan)",active,company,Fukuoka SRP,"Fukuoka SRP Co., Ltd. (Japan); Fukuoka SRP Co., Ltd.; 株式会社福岡ソフトリサーチパーク*ja",,https://www.fukuoka-srp.co.jp,,fukuoka-srp.co.jp,1991,,,,,,,,,Fukuoka,Japan,1863967,,,,,,
,,Fukuda Crystal Laboratory (Japan),active,company,,Fukuda Crystal Laboratory (Japan); Fukuda Crystal Laboratory; 株式会社福田結晶技術研究所*ja,,https://fxtal2002.com,,fxtal2002.com,2002,,,,,,,,,Sendai,Japan,2111149,,,,,,
,,"Katayama Chemical, Inc. (Japan)",active,company,,"Katayama Chemical, Inc. (Japan); Katayama Chemical, Inc.; 株式会社片山化学工業研究所*ja",,https://www.katayama-chem.co.jp,,katayama-chem.co.jp,1956,,,,,,,,,Osaka,Japan,1853909,,,,,,
,,Hokkaido Bio-Industry Corporation (Japan),active,company,Hokkaido Bio-Industry,Hokkaido Bio-Industry Corporation (Japan); Hokkaido Bio-Industry Corporation; 株式会社北海道バイオインダストリー*ja,,https://www.bio-do.co.jp,,bio-do.co.jp,1997,,,,,,,,,Sapporo,Japan,2128295,,,,,,
,,"Kitagawa IRON Works Co., Ltd. (Japan)",active,company,Kitagawa IRON Works,"Kitagawa IRON Works Co., Ltd. (Japan); Kitagawa IRON Works Co., Ltd.; Kitagawa Corporation; 株式会社北川鉄工所*ja",,https://kitagawa.com,,kitagawa.com,1941,,,,,,,,,Fuchu,Japan,1864151,,,,,,
,,"Honda R&D Co., Ltd. (Japan)",active,company,Honda R&D,"Honda R&D Co., Ltd. (Japan); Honda R&D Co., Ltd.; 株式会社本田技術研究所*ja",,https://www.hondarandd.jp,,hondarandd.jp,1960,,,,,,,,,Wako,Japan,1907300,,https://ror.org/03jzay846,,,,
,,"Meiji Co., Ltd. (Japan)",active,company,,"Meiji Co., Ltd. (Japan); Meiji Co., Ltd.; 株式会社明治*ja",,https://www.meiji.com,,meiji.com,1917,,,,,,,,,Tokyo,Japan,1850147,,,,,,
,,"Meiji Rubber & Chemical Co., Ltd. (Japan)",active,company,Meiji Rubber & Chemical,"Meiji Rubber & Chemical Co., Ltd. (Japan); Meiji Rubber & Chemical Co., Ltd.; 株式会社明治ゴム化成*ja",,https://www.meiji-rubber.co.jp,,meiji-rubber.co.jp,1936,,,,,,,Q28684545,Q28684545,Tokyo,Japan,1850147,,,,,,
,,"NODA Screen Co., Ltd. (Japan)",active,company,NODA Screen,"NODA Screen Co., Ltd. (Japan); NODA Screen Co., Ltd.; 株式会社野田スクリーン*ja",,https://www.nodascreen.co.jp,,nodascreen.co.jp,1984,,,,,,,Q11645934,Q11645934,Komaki,Japan,1858926,,,,,,
,,"Hayashibara Consulting Co., Ltd. (Japan)",active,company,Hayashibara,"Hayashibara Consulting Co., Ltd.; 株式会社林原コンサルティング*ja",,https://hayashibara-consulting.com,,hayashibara-consulting.com,,,,,,,,,,Kawasaki,Japan,1859642,,,,,,
,,The Zenitaka Corporation (Japan),active,company,The Zenitaka,The Zenitaka Corporation (Japan); The Zenitaka Corporation; 株式会社錢高組*ja,,https://www.zenitaka.co.jp,,zenitaka.co.jp,1931,,,,,,,Q11650404,Q11650404,Osaka,Japan,1853909,,,,,,
,,"Kamakura Koki Co., Ltd. (Japan)",active,company,Kamakura KOKI,"Kamakura Koki Co., Ltd. (Japan); Kamakura Koki Co., Ltd.; 鎌倉光機株式会社*ja",,https://www.e-kamakura.co.jp,,e-kamakura.co.jp,1950,,,,,,,Q11650877,Q11650877,Warabi,Japan,11612339,,,,,,
,,"Anzen Kankyo Engineering Co., Ltd. (Japan)",active,company,Kankyo Engineering,"Anzen Kankyo Engineering Co., Ltd. (Japan); Anzen Kankyo Engineering Co., Ltd.; 安全環境エンジニアリング株式会社*ja",,https://anzenkankyou.com,,anzenkankyou.com,,,,,,,,,,Hachiōji,Japan,1863440,,,,,,
,,"Kansai Business Information, Inc. (Japan)",active,company,Kansai Business Information,"Kansai Business Information, Inc. (Japan); Kansai Business Information, Inc.; 関西ビジネスインフォメーション株式会社*ja",KBI,https://www.kbinfo.co.jp,,kbinfo.co.jp,1985,,,,,,,,,Osaka,Japan,1853909,,https://ror.org/03s6cj295,,,,
,,"Kansai Chemical Engineering Co., Ltd. (Japan)",active,company,Kansai Chemical Engineering,"Kansai Chemical Engineering Co., Ltd. (Japan); Kansai Chemical Engineering Co., Ltd.; 関西化学機械製作株式会社*ja",,https://kce.co.jp,,kce.co.jp,1948,,,,,,,,,Amagasaki,Japan,1865387,,,,,,
,,"Kansai Catalyst Co., Ltd. (Japan)",active,company,Kansai Catalyst,"Kansai Catalyst Co., Ltd. (Japan); Kansai Catalyst Co., Ltd.; 関西触媒化学株式会社*ja",,https://www.kansyoku.co.jp,,kansyoku.co.jp,1957,,,,,,,,,Sakai,Japan,1853195,,,,,,
,,"Kansai Coke and Chemicals Company, Limited (Japan)",active,company,Kansai Coke and Chemicals,"Kansai Coke and Chemicals Company, Limited (Japan); Kansai Coke and Chemicals Company, Limited; 関西熱化学株式会社*ja",,https://www.tkcc.co.jp,,tkcc.co.jp,1956,,,,,,,,,Amagasaki,Japan,1865387,,https://ror.org/01d36yb27,,,,
,,"Kanto Aircraft Instrument Co., Ltd. (Japan)",active,company,Kanto Aircraft Instrument,"Kanto Aircraft Instrument Co., Ltd. (Japan); Kanto Aircraft Instrument Co., Ltd.; 関東航空計器株式会社*ja",,https://www.kaiweb.jp,,kaiweb.jp,1952,,,,,,,,,Fujisawa,Japan,1864092,,,,,,
,,"Kanto Auto Works, Ltd. (Japan)",active,company,Kanto AUTO Works,"Kanto Auto Works, Ltd. (Japan); Kanto Auto Works, Ltd.; 関東自動車工業株式会社*ja",,http://www.kanto-aw.co.jp,,kanto-aw.co.jp,1946,,,,,,,Q6365524,Q6365524,Yokosuka,Japan,1848313,,https://ror.org/02zqm6r10,,,,
,,"Kanto Natural Gas Development Co., Ltd. (Japan)",active,company,Kanto Natural Gas Development,"Kanto Natural Gas Development Co., Ltd. (Japan); Kanto Natural Gas Development Co., Ltd.; 関東天然瓦斯開発株式会社*ja",,https://www.gasukai.co.jp,,gasukai.co.jp,1917,,,,,,,Q11655923,Q11655923,Mobara,Japan,2111855,,,,,,
,,"Kanto Denka Kogyo Co., Ltd. (Japan)",active,company,Kanto Denka Kogyo,"Kanto Denka Kogyo Co., Ltd. (Japan); Kanto Denka Kogyo Co., Ltd.; 関東電化工業株式会社*ja",,https://www.kantodenka.co.jp,,kantodenka.co.jp,1938,,,,,,,Q11656031,Q11656031,Tokyo,Japan,1850147,,,,,,
,,Marubeni Corporation (Japan),active,company,Marubeni,Marubeni Corporation (Japan); Marubeni Corporation; 丸紅株式会社*ja,,https://www.marubeni.com,,marubeni.com,1949,,,,,,,Q553927,Q553927,Tokyo,Japan,1850147,,,,,,
,,"Marubeni Nisshin Feed Co., Ltd. (Japan)",active,company,Marubeni Shiryo,"Marubeni Nisshin Feed Co., Ltd. (Japan); Marubeni Nisshin Feed Co., Ltd.; 日清丸紅飼料株式会社*ja",,https://www.mn-feed.com,,mn-feed.com,1957,,,,,,,Q11509653,Q11509653,Tokyo,Japan,1850147,,,,https://ror.org/04xq9nz88,,
,,"Marubeni Setzbi Co., Ltd. (Japan)",active,company,Marubeni Setzbi,"Marubeni Setzbi Co., Ltd. (Japan); Marubeni Setzbi Co., Ltd.; 丸紅設備株式会社*ja",,https://www.j-facilio.com,,j-facilio.com,1948,,,,,,,,,Tokyo,Japan,1850147,,,,,,
,,Maruishi Cycle Ltd. (Japan),active,company,Maruishi Cycle Industries,Maruishi Cycle Ltd. (Japan); Maruishi Cycle Ltd.; 株式会社丸石サイクル*ja,,https://www.maruishi-cycle.com,,maruishi-cycle.com,1972,,,,,,,Q11368410,Q11368410,Yoshikawa,Japan,1848188,,,,,,
,,Maruzen Foods Corporation (Japan),active,company,Maruzen Foods,Maruzen Foods Corporation (Japan); Maruzen Foods Corporation; 丸善食品工業株式会社*ja,,https://www.tableland.co.jp,,tableland.co.jp,1961,,,,,,,Q11368074,Q11368074,Chikuma,Japan,6822112,,,,,,
,,"Maruzen Pharmaceuticals Co., Ltd. (Japan)",active,company,Maruzen Pharmaceuticals,"Maruzen Pharmaceuticals Co., Ltd. (Japan); Maruzen Pharmaceuticals Co., Ltd.; 丸善製薬株式会社*ja",,https://www.maruzenpcy.co.jp,,maruzenpcy.co.jp,1949,,,,,,,Q11368071,Q11368071,Onomichi,Japan,1853992,,,,,,
,,"Maruzen Petrochemical Co., Ltd. (Japan)",active,company,Maruzen Petrochemical,"Maruzen Petrochemical Co., Ltd. (Japan); Maruzen Petrochemical Co., Ltd.; 丸善石油化学株式会社*ja",,https://www.chemiway.co.jp,,chemiway.co.jp,1959,,,,,,,Q11368069,Q11368069,Tokyo,Japan,1850147,,,,,,
,,Iwatani Industrial Gases Corp. (Japan),active,company,Iwatani Industrial Gases,Iwatani Industrial Gases Corp.; Iwatani Industrial Gases Corp. (Japan); 岩谷瓦斯株式会社*ja,IIG,https://www.iwatanigas.co.jp,,iwatanigas.co.jp,1947,,,,,,,Q11475647,Q11475647,Osaka,Japan,1853909,,,,,,
,,Iwatani Corporation (Japan),active,company,Iwatani International Corporation,Iwatani Corporation; Iwatani Corporation (Japan); 岩谷産業株式会社*ja,,https://www.iwatani.co.jp,,iwatani.co.jp,1945,,,,,,,Q11475649,Q11475649,Osaka,Japan,1853909,,,,,,
,,"Giken Kogyo Co., Ltd. (Japan)",active,company,Giken Kogyo,"Giken Kogyo Co., Ltd. (Japan); Giken Kogyo Co., Ltd.; 技研興業株式会社*ja",,https://www.gikenko.co.jp,,gikenko.co.jp,1958,,,,,,,Q96323610,Q96323610,Tokyo,Japan,1850147,,,,,,
,,Miyazaki Epson Corporation (Japan),active,company,Miyazaki Epson,Miyazaki Epson Corporation (Japan); Miyazaki Epson Corporation; 宮崎エプソン株式会社*ja,,https://www.epsondevice.com/crystal/company/sales-and-plants/japan,,epsondevice.com,1938,,,,,,,,,Suwa,Japan,1851368,,,,,,
,,"Miyaji Engineering Group, Inc. (Japan)",active,company,Miyaji Engineering Group,"Miyaji Engineering Group, Inc. (Japan); Miyaji Engineering Group, Inc.; 宮地エンジニアリンググループ株式会社*ja",MEG,https://www.miyaji-eng.com/corporate,,miyaji-eng.com,2003,,,,,,,Q96324041,Q96324041,Tokyo,Japan,1850147,,,https://ror.org/011qk3k39,,,
,,Kyocera Crystal Device Corporation (Japan),inactive,company,Kyocera Crystal Device,Kyocera Crystal Device Corporation (Japan); Kyocera Crystal Device Corporation; 京セラクリスタルデバイス株式会社*ja,,https://www.kyocera-crystal.jp,,kyocera-crystal.jp,1950,,,,,,,Q11374190,Q11374190,Higashine,Japan,2112758,,,,,https://ror.org/025y1g718,
,,"Kyoto TOOL Co., Ltd. (Japan)",active,company,Kyoto TOOL,"Kyoto TOOL Co., Ltd. (Japan); Kyoto TOOL Co., Ltd.; 京都機械工具株式会社*ja",KTC,https://ktc.co.jp,,ktc.co.jp,1950,,,,,,,Q11375615,Q11375615,Kyoto,Japan,1857910,,,,,,
,,"Kyoto Electronics Manufacturing Co., Ltd. (Japan)",active,company,Kyoto Electronics Manufacturing,"Kyoto Electronics Manufacturing Co., Ltd. (Japan); Kyoto Electronics Manufacturing Co., Ltd.; 京都電子工業株式会社*ja",,https://www.kem.kyoto/company/profile,,kem.kyoto,1961,,,,,,,,,Kyoto,Japan,1857910,,,,,,
,,"Kyoeisha Chemical Co., Ltd. (Japan)",active,company,Kyoeisha Chemical,"Kyoeisha Chemical Co., Ltd. (Japan); Kyoeisha Chemical Co., Ltd.; 共栄社化学株式会社*ja",,https://kyoeisha-chemical.com,,kyoeisha-chemical.com,,,,,,,,,,Osaka,Japan,1853909,,,,,,
,,"Kyodo Printing Co., Ltd. (Japan)",active,company,Kyodo Printing,"Kyodo Printing Co., Ltd. (Japan); Kyodo Printing Co., Ltd.; 共同印刷株式会社*ja",,https://www.kyodoprinting.com,,kyodoprinting.com,1925,,,,,,,,,Tokyo,Japan,1850147,,,,,,
,,"Kyoritsu Construction Co., Ltd. (Japan)",active,company,Kyoritsu Construction,"Kyoritsu Construction Co., Ltd. (Japan); Kyoritsu Construction Co., Ltd.; 共立建設株式会社*ja",,https://www.kyoritsu-con.co.jp,,kyoritsu-con.co.jp,1956,,,,,,,,,Tokyo,Japan,1850147,,,,,,
,,Kyoritsu Seiyaku Corporation (Japan),active,company,Kyoritsu Seiyaku,Kyoritsu Seiyaku Corporation (Japan); Kyoritsu Seiyaku Corporation; 共立製薬株式会社*ja,,https://www.kyoritsuseiyaku.co.jp/about/company.html,,kyoritsuseiyaku.co.jp,1955,,,,,,,Q11392774,Q11392774,Tokyo,Japan,1850147,,,,,,
,,"Kyowa Concrete Industry Co., Ltd. (Japan)",active,company,Kyowa Concrete Industry,"Kyowa Concrete Industry Co., Ltd. (Japan); Kyowa Concrete Industry Co., Ltd.; 共和コンクリート工業株式会社*ja",,https://www.kyowa-concrete.co.jp,,kyowa-concrete.co.jp,1955,,,,,,,,,Sapporo,Japan,2128295,,,,,,
,,"Kyowa Lifetechno Co., Ltd. (Japan)",active,company,Kyowa Lifetechno,"Kyowa Lifetechno Co., Ltd. (Japan); Kyowa Lifetechno Co., Ltd.; 共和ライフテクノ株式会社*ja",,https://www.kyowalt.co.jp,,kyowalt.co.jp,1950,,,,,,,,,Narutochō-mitsuishi,Japan,1855580,,,,,,
,,"Kyowa Leather Cloth Co., Ltd. (Japan)",active,company,Kyowa Leather Cloth,"Kyowa Leather Cloth Co., Ltd. (Japan); Kyowa Leather Cloth Co., Ltd.; 共和レザー株式会社*ja",,https://www.kyowale.co.jp,,kyowale.co.jp,1935,,,,,,,Q11392672,Q11392672,Hamamatsu,Japan,1863289,,,,,,
,,"Kyodo Yushi Co., Ltd. (Japan)",active,company,Kyodo Yushi,"Kyodo Yushi Co., Ltd. (Japan); Kyodo Yushi Co., Ltd.; 協同油脂株式会社*ja",,https://www.kyodoyushi.co.jp,,kyodoyushi.co.jp,,,,,,,,,,Fujisawa,Japan,1864092,,,,,,
,,"Kyoritsu Alumi Co., Ltd. (Japan)",active,company,Kyoritsu Alumi,"Kyoritsu Alumi Co., Ltd. (Japan); Kyoritsu Alumi Co., Ltd.; 協立アルミ株式会社*ja",,https://www.kyoritsualumi.co.jp,,kyoritsualumi.co.jp,1970,,,,,,,,,Nanto,Japan,6822123,,,,,,
,,Kyoritsu AIR TECH Inc. (Japan),active,company,Kyoritsu AIR TECH,Kyoritsu AIR TECH Inc. (Japan); Kyoritsu AIR TECH Inc.; 協立エアテック株式会社*ja,,https://www.kak-net.co.jp,,kak-net.co.jp,1971,,,,,,,Q11407255,Q11407255,Sasaguri,Japan,1852915,,,,,,
,,Kyoritsu Electric Corp. (Japan),active,company,Kyoritsu Electric,Kyoritsu Electric Corp. (Japan); Kyoritsu Electric Corp.; 協立電機株式会社*ja,,https://www.kdwan.co.jp,,kdwan.co.jp,1959,,,,,,,,,Shizuoka,Japan,1851717,,,,,,
,,"Kyowa Pharma Chemical Co., Ltd. (Japan)",active,company,Kyowa Pharma Chemical,"Kyowa Pharma Chemical Co., Ltd. (Japan); Kyowa Pharma Chemical Co., Ltd.; 協和ファーマケミカル株式会社*ja",,https://www.kyowa-pharma.co.jp,,kyowa-pharma.co.jp,1951,,,,,,,,,Takaoka,Japan,1851032,,,,,,
,,"Kyowa Electric WIRE INDUSTRY Co., Ltd. (Japan)",active,company,Kyowa Electric WIRE,"Kyowa Electric WIRE INDUSTRY Co., Ltd. (Japan); Kyowa Electric WIRE INDUSTRY Co., Ltd.; 協和電線工業株式会社*ja",,https://www.kyowadensen.co.jp,,kyowadensen.co.jp,1962,,,,,,,,,Yao,Japan,1848522,,,,,,
,,Koken Ltd. (Japan),active,company,,Koken Ltd. (Japan); Koken Ltd.; 興研株式会社*ja,,https://www.koken-ltd.co.jp,,koken-ltd.co.jp,1963,,,,,,,Q11613436,Q11613436,Tokyo,Japan,1850147,,,,,,
,,"Kokoku Intech Co., Ltd. (Japan)",active,company,Kokoku Intech,"Kokoku Intech Co., Ltd. (Japan); Kokoku Intech Co., Ltd.; 興国インテック株式会社*ja",,https://www.kokoku-intech.com,,kokoku-intech.com,1944,,,,,,,,,Tokyo,Japan,1850147,,,,,,
,,"KOWA Kasei Co., Ltd. (Japan)",active,company,KOWA Kasei,"KOWA Kasei Co., Ltd. (Japan); KOWA Kasei Co., Ltd.; 興和化成株式会社*ja",,https://www.kowa-kasei.co.jp/company/index.html,,kowa-kasei.co.jp,1969,,,,,,,,,Toyota,Japan,1849814,,,,,,
,,KOWA Pharmaceutical Company Ltd. (Japan),inactive,company,KOWA Pharmaceutical Company,KOWA Pharmaceutical Company Ltd. (Japan); KOWA Pharmaceutical Company Ltd.; 興和創薬株式会社*ja,,http://www.kowa-souyaku.co.jp,,kowa-souyaku.co.jp,1947,,,,,,,Q11613354,Q11613354,Tokyo,Japan,1850147,,https://ror.org/009z2z347,,,https://ror.org/009z2z347,
,,"Kyokuto Kaihatsu Kogyo Co., Ltd. (Japan)",active,company,Kyokuto Kaihatsu Kogyo,"Kyokuto Kaihatsu Kogyo Co., Ltd. (Japan); Kyokuto Kaihatsu Kogyo Co., Ltd.; 極東開発工業株式会社*ja",,https://www.kyokuto.com,,kyokuto.com,1955,,,,,,,Q11541470,Q11541470,Osaka,Japan,1853909,,,,,,
,,Kyokuto KOWA Corporation (Japan),active,company,Kyokuto KOWA,Kyokuto KOWA Corporation (Japan); Kyokuto KOWA Corporation; 極東興和株式会社*ja,,https://www.kkn.co.jp/ja/index.html,,kkn.co.jp,1948,,,,,,,,,Hiroshima,Japan,1862415,,,,,,
,,Kyokuto Corp. (Japan),active,company,Kyokuto,Kyokuto Corp. (Japan); Kyokuto Corp.; 極東工業株式会社*ja,,https://kyokuto-kogyo.co.jp,,kyokuto-kogyo.co.jp,1953,,,,,,,,,Tokyo,Japan,1850147,,,,,,
,,"Kyokuto Pharmaceutical Industrial Co., Ltd. (Japan)",active,company,Kyokuto Pharmaceutical Industrial,"Kyokuto Pharmaceutical Industrial Co., Ltd. (Japan); Kyokuto Pharmaceutical Industrial Co., Ltd.; 極東製薬工業株式会社*ja",,https://www.kyokutoseiyaku.co.jp/home,,kyokutoseiyaku.co.jp,1952,,,,,,,,,Tokyo,Japan,1850147,,,,,,
,,"The Kinki Sharyo Co., Ltd. (Japan)",active,company,The Kinki Sharyo,"The Kinki Sharyo Co., Ltd. (Japan); The Kinki Sharyo Co., Ltd.; 近畿車輛株式会社*ja",,https://www.kinkisharyo.co.jp,,kinkisharyo.co.jp,1939,,,,,,,Q1592306,Q1592306,Higashiosaka,Japan,1862752,,,,,,
,,"Kintetsu Railway Co., Ltd. (Japan)",active,company,,"Kintetsu Railway Co., Ltd. (Japan); Kintetsu Railway Co., Ltd.; 近畿日本鉄道株式会社*ja",,https://www.kintetsu.co.jp,,kintetsu.co.jp,2014,,,,,,,Q1531085,Q1531085,Osaka,Japan,1853909,,https://ror.org/01pwpy693,,,,
,,"Kyushu Electric Power Co., Inc. (Japan)",active,company,Kyushu Electric Power Co.,"Kyushu Electric Power Co., Inc. (Japan); Kyushu Electric Power Co., Inc.; 九州電力株式会社*ja",,https://www.kyuden.co.jp/index.html,,kyuden.co.jp,1951,,,,,,,Q694507,Q694507,Fukuoka,Japan,1863967,,,,,,
,,"Fujisash Kyushu Co., Ltd. (Japan)",active,company,Kyushu Fujisash,"Fujisash Kyushu Co., Ltd. (Japan); Fujisash Kyushu Co., Ltd.; 株式会社不二サッシ九州*ja",,https://www.fujisash.co.jp/ss/kyusyu/,,fujisash.co.jp,2001,,,,,,,,,Fukuoka,Japan,1863967,,https://ror.org/018qe7008,,,,
,,Tsukishima Kankyo Engineering Ltd. (Japan),active,company,Tsukishima Kankyo Engineering,Tsukishima Kankyo Engineering Ltd. (Japan); Tsukishima Kankyo Engineering Ltd.; 月島環境エンジニアリング株式会社*ja,TSKE,https://www.tske.co.jp,,tske.co.jp,1958,,,,,,,,,Tokyo,Japan,1850147,,,,,,
,,"Tsukishima Kikai Co., Ltd. (Japan)",active,company,Tsukishima Kikai,"Tsukishima Kikai Co., Ltd. (Japan); Tsukishima Kikai Co., Ltd.; 月島機械株式会社*ja",,https://www.tsukishimakikai.co.jp,,tsukishimakikai.co.jp,1985,,,,,,,,,Tokyo,Japan,1850147,,,,,,
,,"Tsukishima Foods Industry Co., Ltd. (Japan)",active,company,Tsukishima Foods Industry,"Tsukishima Foods Industry Co., Ltd. (Japan); Tsukishima Foods Industry Co., Ltd.; 月島食品工業株式会社*ja",,https://www.tsukishima.co.jp,,tsukishima.co.jp,1948,,,,,,,,,Tokyo,Japan,1850147,,,,,,
,,"Kanematsu Engineering Co., Ltd. (Japan)",active,company,Kanematsu Engineering,"Kanematsu Engineering Co., Ltd. (Japan); Kanematsu Engineering Co., Ltd.; 兼松エンジニアリング株式会社*ja",,https://www.kanematsu-eng.jp,,kanematsu-eng.jp,1971,,,,,,,Q11393808,Q11393808,Kochi,Japan,1859146,,,,,,
,,Kanematsu Sustech Corporation (Japan),active,company,Kanematsu Sustech,Kanematsu Sustech Corporation (Japan); Kanematsu Sustech Corporation; 兼松サステック株式会社*ja,,https://www.ksustech.co.jp,,ksustech.co.jp,1934,,,,,,,,,Tokyo,Japan,1850147,,,,,,
,,"Nuclear Fuel Industries, Ltd. (Japan)",active,company,Nuclear Fuel Industries,"Nuclear Fuel Industries, Ltd. (Japan); Nuclear Fuel Industries, Ltd.; 原子燃料工業株式会社*ja",NFI,https://www.nfi.co.jp,,nfi.co.jp,1972,,,,,,,Q1502592,Q1502592,Yokohama,Japan,1848354,,https://ror.org/0326v3z14,,,,
,,"Furukawa Co., Ltd. (Japan)",active,company,Furukawa,"Furukawa Co., Ltd. (Japan); Furukawa Co., Ltd.; 古河機械金属株式会社*ja",,https://www.furukawakk.co.jp,,furukawakk.co.jp,1918,,,,,,,Q11411383,Q11411383,Tokyo,Japan,1850147,,,,,,
,,Furukawa Engineering & Construction Inc. (Japan),active,company,Furukawa Engineering & Construction,Furukawa Engineering & Construction Inc. (Japan); Furukawa Engineering & Construction Inc.; 古河総合設備株式会社*ja,,http://www.fecon.co.jp,,fecon.co.jp,1973,,,,,,,Q11411394,Q11411394,Tokyo,Japan,1850147,,https://ror.org/05xe0se54,,,,
,,"Furukawa Electric Power SYSTEMS Co., Ltd. (Japan)",active,company,Furukawa Electric Power SYSTEMS,"Furukawa Electric Power SYSTEMS Co., Ltd. (Japan); Furukawa Electric Power SYSTEMS Co., Ltd.; 古河電工パワーシステムズ株式会社*ja",,https://www.feps.co.jp,,feps.co.jp,2012,,,,,,,Q11511867,Q11511867,Yokohama,Japan,1848354,,https://ror.org/05xe0se54,,,,
,,"Furukawa Electric Metal Cable Co., Ltd. (Japan)",active,company,Furukawa Electric Industrial Cable,"Furukawa Electric Metal Cable Co., Ltd. (Japan); Furukawa Electric Metal Cable Co., Ltd.; 古河電工メタルケーブル株式会社*ja; Furukawa Electric Industrial Cable Co., Ltd.; 古河電工産業電線株式会社*ja",FEMC,https://www.furukawa-mc.jp,,furukawa-mc.jp,1976,,,,,,,,,Tokyo,Japan,1850147,,https://ror.org/05xe0se54,,,,
,,"Furukawa Denshi Co., Ltd. (Japan)",active,company,Furukawa Denshi,"Furukawa Denshi Co., Ltd. (Japan); Furukawa Denshi Co., Ltd.; 古河電子株式会社*ja",,https://www.furukawa-denshi.co.jp,,furukawa-denshi.co.jp,2005,,,,,,,Q11411401,Q11411401,Iwaki,Japan,2112539,,,,,,
,,"The Furukawa Battery Co., Ltd. (Japan)",active,company,The Furukawa Battery,"The Furukawa Battery Co., Ltd. (Japan); The Furukawa Battery Co., Ltd.; 古河電池株式会社*ja",,https://www.furukawadenchi.co.jp,,furukawadenchi.co.jp,1950,,,,,,,Q11411404,Q11411404,Yokohama,Japan,1848354,,,,,,
,,TODA Corporation (Japan),active,company,,TODA Corporation (Japan); TODA Corporation; 戸田建設株式会社*ja,,https://www.toda.co.jp,,toda.co.jp,1936,,,,,,,Q11496515,Q11496515,Tokyo,Japan,1850147,,,,,,
,,Kureha Ltd. (Japan),active,company,Kureha,Kureha Ltd. (Japan); Kureha Ltd.; 呉羽テック株式会社*ja,,https://www.kurehatech.co.jp,,kurehatech.co.jp,1960,,,,,,,Q11416800,Q11416800,Rittō,Japan,6822115,,,,,,
,,"KOWA Seiko Co., Ltd. (Japan)",active,company,KOWA Seiko,"KOWA Seiko Co., Ltd. (Japan); KOWA Seiko Co., Ltd.; 光和精鉱株式会社*ja",,https://kowa-seiko.co.jp,,kowa-seiko.co.jp,1961,,,,,,,Q11388315,Q11388315,Kitakyushu,Japan,1859307,,https://ror.org/016vzmc05,,,,
,,"Hiroshima Gas Co., Ltd. (Japan)",active,company,Hiroshima GAS,"Hiroshima Gas Co., Ltd. (Japan); Hiroshima Gas Co., Ltd.; 広島ガス株式会社*ja",,https://www.hiroshima-gas.co.jp/com,,hiroshima-gas.co.jp,1909,,,,,,,Q11484422,Q11484422,Hiroshima,Japan,1862415,,,,,,
,,"KOWA Chemical Industries Co., Ltd. (Japan)",active,company,KOWA Chemical Industries,"KOWA Chemical Industries Co., Ltd. (Japan); KOWA Chemical Industries Co., Ltd.; 恒和化学工業株式会社*ja",,http://www.dia-kowa.co.jp,,dia-kowa.co.jp,1948,,,,,,,,,Tokyo,Japan,1850147,,,,,,
,,"Koken Boring Machine Co., Ltd. (Japan)",active,company,Koken Boring Machine,"Koken Boring Machine Co., Ltd. (Japan); Koken Boring Machine Co., Ltd.; 鉱研工業株式会社*ja",,https://www.koken-boring.co.jp,,koken-boring.co.jp,1947,,,,,,,,,Tokyo,Japan,1850147,,,,,,
,,Takasago Tekko K.K. (Japan),active,company,Takasago Tekko,Takasago Tekko K.K. (Japan); Takasago Tekko K.K.; 高砂鐵工株式会社*ja,,https://www.takasago-t.co.jp,,takasago-t.co.jp,1923,,,,,,,Q11672648,Q11672648,Tokyo,Japan,1850147,,,,,,
,,Research Institute of Strategy for Prevention (Japan),active,company,,Research Institute of Strategy for Prevention (Japan); Research Institute of Strategy for Prevention; 合同会社生活習慣病予防研究センター*ja,RISP,https://www.jrisp.com,,jrisp.com,2014,,,,,,,,,Tokyo,Japan,1850147,,,,,,
,,Kokusai Chart Corporation (Japan),active,company,Kokusai Chart,Kokusai Chart Corporation (Japan); Kokusai Chart Corporation; 国際チャート株式会社*ja,,http://www.kokusai-chart.com,,kokusai-chart.com,1962,,,,,,,,,Okegawa,Japan,1854371,,https://ror.org/013hyfg52,,,,
,,"Kokusai Co., Ltd. (Japan)",active,company,Kokusai,"Kokusai Co., Ltd. (Japan); Kokusai Co., Ltd.; 国際計測器株式会社*ja",,https://www.kokusaikk.co.jp,,kokusaikk.co.jp,1969,,,,,,,Q129394808,Q129394808,Tama,Japan,6822129,,,,,,
,,"Kokusai Kogyo Co., Ltd. (Japan)",active,company,Kokusai Kogyo,"Kokusai Kogyo Co., Ltd. (Japan); Kokusai Kogyo Co., Ltd.; 国際航業株式会社*ja",,https://www.kkc.co.jp,,kkc.co.jp,1947,,,,,0000 0000 8731 8046,0000 0000 8731 8046,Q11422581,Q11422581,Tokyo,Japan,1850147,,,,,,
,,"Sysmex International Reagents Co., Ltd. (Japan)",inactive,company,International Reagents Corporation; 国際試薬株式会社,"Sysmex International Reagents Co., Ltd. (Japan); Sysmex International Reagents Co., Ltd.; シスメックス国際試薬株式会社*ja",,https://www.sysmex-irc.co.jp,,sysmex-irc.co.jp,1969,,,,,,,Q111416886,Q111416886,Kobe,Japan,1859171,,,,,https://ror.org/00gfstq19,
,,"Japan Conservation Engineers Co., Ltd. (Japan)",active,company,Japan Conservation Engineers,"Japan Conservation Engineers Co., Ltd. (Japan); Japan Conservation Engineers Co., Ltd.; 国土防災技術株式会社*ja",,https://www.jce.co.jp,,jce.co.jp,1966,,,,,,,Q11420668,Q11420668,Tokyo,Japan,1850147,,,,,,
,,"SATO Foods Industries Co., Ltd. (Japan)",active,company,SATO Foods Industries,"SATO Foods Industries Co., Ltd. (Japan); SATO Foods Industries Co., Ltd.; 佐藤食品工業株式会社*ja",,https://sato-foods.co.jp,,sato-foods.co.jp,1954,,,,,,,Q11384565,Q11384565,Komaki,Japan,1858926,,,,,,
,,"SATO Pharmaceutical Co., Ltd. (Japan)",active,company,SATO Pharmaceutical,"SATO Pharmaceutical Co., Ltd. (Japan); SATO Pharmaceutical Co., Ltd.; 佐藤製薬株式会社*ja",,https://www.sato-seiyaku.co.jp,,sato-seiyaku.co.jp,1939,,,,,,,https://www.wikidata.org/wiki/Q11384437,https://www.wikidata.org/wiki/Q11384437,Tokyo,Japan,1850147,,,,,,
,,"Hosoya PYRO-Engineering Co., Ltd. (Japan)",active,company,Hosoya PYRO-Engineering,"Hosoya PYRO-Engineering Co., Ltd. (Japan); Hosoya PYRO-Engineering Co., Ltd.; 細谷火工株式会社*ja",,https://hosoya-pyro.co.jp,,hosoya-pyro.co.jp,1951,,,,,,,Q107411920,Q107411920,Akiruno,Japan,11612343,,,,,,
,,"The Hanshin Diesel Works, Ltd. (Japan)",active,company,The Hanshin Diesel Works,"The Hanshin Diesel Works, Ltd. (Japan); The Hanshin Diesel Works, Ltd.; 阪神内燃機工業株式会社*ja",,https://www.hanshin-dw.co.jp,,hanshin-dw.co.jp,1918,,,,,,,Q11656925,Q11656925,Kobe,Japan,1859171,,,,,,
,,"Kosakai Chemical Industry Co., Ltd. (Japan)",active,company,Kosakai Chemical Industry,"Kosakai Chemical Industry Co., Ltd. (Japan); Kosakai Chemical Industry Co., Ltd.; 小堺化学工業株式会社*ja",,https://www.kosakai.co.jp,,kosakai.co.jp,1947,,,,,,,,,Tokyo,Japan,1850147,,,,,,
,,"Mitsui HOME Co., Ltd. (Japan)",active,company,Mitsui HOME,"Mitsui HOME Co., Ltd. (Japan); Mitsui HOME Co., Ltd.; 三井ホーム株式会社*ja",,https://www.mitsuihome.co.jp,,mitsuihome.co.jp,1974,,,,,,,Q11354207,Q11354207,Tokyo,Japan,1850147,,,,,,
,,"Mitsui Chemicals Crop & Life Solutions, Inc (Japan)",active,company,"Mitsui Chemicals Agro, Inc","Mitsui Chemicals Crop & Life Solutions, Inc (Japan); Mitsui Chemicals Crop & Life Solutions, Inc; 三井化学クロップ＆ライフソリューション株式会社*ja",,https://www.mc-croplifesolutions.com,,mc-croplifesolutions.com,2003,,,,,,,,,Tokyo,Japan,1850147,,https://ror.org/05wh5fw51,,,,
,,"Shimonoseki Mitsui Chemicals, Inc. (Japan)",active,company,,"Shimonoseki Mitsui Chemicals, Inc. (Japan); Shimonoseki Mitsui Chemicals, Inc.; 下関三井化学株式会社*ja",,https://www.shimonoseki-mci.co.jp,,shimonoseki-mci.co.jp,2000,,,,,,,Q11361422,Q11361422,Shimonoseki,Japan,1852225,,https://ror.org/05wh5fw51,,,,
,,"Mitsui Consultants Co., Ltd. (Japan)",active,company,Mitsui Consultants Company,"Mitsui Consultants Co., Ltd. (Japan); Mitsui Consultants Co., Ltd.; 三井共同建設コンサルタント株式会社*ja",,https://www.mccnet.co.jp,,mccnet.co.jp,1965,,,,,,,Q11354251,Q11354251,Tokyo,Japan,1850147,,,,,,
,,Hi-Lex ACT Corporation (Japan),active,company,Mitsui Kinzoku ACT,Hi-Lex ACT Corporation (Japan); Hi-Lex ACT Corporation; Mitsui Kinzoku ACT Corporation; 株式会社ハイレックスアクト*ja; 三井金属アクト株式会社*ja,,https://www.hilex-act.co.jp,,hilex-act.co.jp,2010,,,,,,,Q131550212,Q131550212,Yokohama,Japan,1848354,,https://ror.org/00xg5j618,,,,
,,"Mitsui Mineral Development Engineering Co., Ltd. (Japan)",active,company,Mitsui Mineral Development Engineering,"Mitsui Mineral Development Engineering Co., Ltd. (Japan); Mitsui Mineral Development Engineering Co., Ltd.; 三井金属資源開発株式会社*ja",,https://www.mindeco.co.jp,,mindeco.co.jp,1981,,,,,,,,,Tokyo,Japan,1850147,,https://ror.org/027kpf759,,,,
,,"Nippon Coke & Engineering Co., Ltd. (Japan)",active,company,Mitsui Mining,"Nippon Coke & Engineering Co., Ltd. (Japan); Nippon Coke & Engineering Co., Ltd.; 日本コークス工業株式会社*ja; 三井鉱山株式会社*ja; Mitsui Mining Co., Ltd.",,https://www.n-coke.com,,n-coke.com,1969,,,,,,,Q11242302,Q11242302,Tokyo,Japan,1850147,,,,,,
,,"Sumitomo Mitsui Construction Co., Ltd. (Japan)",active,company,Sumitomo Mitsui Construction,"Sumitomo Mitsui Construction Co., Ltd. (Japan); Sumitomo Mitsui Construction Co., Ltd.; 三井住友建設株式会社*ja",,https://www.smcon.co.jp,,smcon.co.jp,1941,,,,,,,Q4050344,Q4050344,Tokyo,Japan,1850147,,,,,,
,,"Mitsui Seiki Kogyo Co., Ltd. (Japan)",active,company,Mitsui Seiki Kogyo,"Mitsui Seiki Kogyo Co., Ltd. (Japan); Mitsui Seiki Kogyo Co., Ltd.; 三井精機工業株式会社*ja",,https://www.mitsuiseiki.co.jp,,mitsuiseiki.co.jp,1950,,,,,,,Q11354307,Q11354307,Kawajima,Japan,1859710,,,,,,
,,"Mitsui DM Sugar Co., Ltd. (Japan)",active,company,Mitsui Sugar,"Mitsui DM Sugar Co., Ltd. (Japan); Mitsui DM Sugar Co., Ltd.; DM三井製糖株式会社*ja",,https://www.msdm-hd.com,,msdm-hd.com,2021,,,,,,,Q121847503,Q121847503,Tokyo,Japan,1850147,,,,,,https://ror.org/00v7rqs27
,,"Mitsui Energy Development Co., Ltd. (Japan)",active,company,"Mitsui Oil Exploration Co., Ltd.; Mitsui Oil Exploration; 三井石油開発","Mitsui Energy Development Co., Ltd. (Japan); Mitsui Energy Development Co., Ltd.; 三井エネルギー資源開発株式会社*ja",MOECO,https://www.moeco.com,,moeco.com,1969,,,,,,,,,Chiyoda,Japan,11749713,,https://ror.org/05tm9j755,,,,
,,Miura Printing Corporation (Japan),active,company,Miura Printing,Miura Printing Corporation (Japan); Miura Printing Corporation; 三浦印刷株式会社*ja,,http://www.miura.com,,miura.com,1950,,,,,,,Q11356369,Q11356369,Tokyo,Japan,1850147,,,,,,
,,"SAN-EI Electronic Industries Co., Ltd. (Japan)",active,company,SAN-EI Electronic Industry,"SAN-EI Electronic Industries Co., Ltd. (Japan); SAN-EI Electronic Industries Co., Ltd.; 三映電子工業株式会社*ja",,https://www.san-ei-elt.co.jp,,san-ei-elt.co.jp,1958,,,,,,,,,Komoro,Japan,1858858,,,,,,
,,"Mikasa Industry Co., Ltd. (Japan)",active,company,Mikasa Industry,"Mikasa Industry Co., Ltd. (Japan); Mikasa Industry Co., Ltd.; 三笠産業株式会社*ja",,https://mikasa-ind.co.jp/company-profile,,mikasa-ind.co.jp,,,,,,,,,,Hikiso,Japan,9633084,,,,,,
,,"Mikasa Seiyaku Co., Ltd. (Japan)",active,company,Mikasa Seiyaku,"Mikasa Seiyaku Co., Ltd. (Japan); Mikasa Seiyaku Co., Ltd.; 三笠製薬株式会社*ja",,https://www.mikasaseiyaku.co.jp,,mikasaseiyaku.co.jp,1948,,,,,,,Q11356918,Q11356918,Tokyo,Japan,1850147,,,,,,
,,"Sankyo Tateyama, Inc. (Japan)",active,company,Sankyo Aluminium Industry,"Sankyo Tateyama, Inc. (Japan); Sankyo Tateyama, Inc.; 三協立山株式会社*ja; 三協アルミニウム工業株式会社*ja",,https://www.st-grp.co.jp,,st-grp.co.jp,1960,,,,,,,Q11354523,Q11354523,Takaoka,Japan,1851032,,,,,,
,,"Sanken Setsubi Kogyo Co., Ltd. (Japan)",active,company,Sanken Setsubi Kogyo,"Sanken Setsubi Kogyo Co., Ltd. (Japan); Sanken Setsubi Kogyo Co., Ltd.; 三建設備工業株式会社*ja",,https://skk.jp,,skk.jp,1947,,,,,,,,,Tokyo,Japan,1850147,,,,,,
,,Sanko Gosei Ltd. (Japan),active,company,Sanko Gosei,Sanko Gosei Ltd. (Japan); Sanko Gosei Ltd.; 三光合成株式会社*ja,,https://www.sankogosei.co.jp,,sankogosei.co.jp,1944,,,,,,,Q11354430,Q11354430,Nanto,Japan,6822123,,,,,,
,,"Sanko Metal Industrial Co., Ltd. (Japan)",active,company,Sanko Metal Industrial,"Sanko Metal Industrial Co., Ltd. (Japan); Sanko Metal Industrial Co., Ltd.; 三晃金属工業株式会社*ja",,https://www.sankometal.co.jp,,sankometal.co.jp,1949,,,,,,,Q11355547,Q11355547,Tokyo,Japan,1850147,,https://ror.org/016vzmc05,,,,
,,Sanshin Corporation (Japan),active,company,Sanshin,Sanshin Corporation (Japan); Sanshin Corporation; 三信建設工業株式会社*ja,,https://www.sanshin-corp.co.jp,,sanshin-corp.co.jp,1956,,,,,,,,,Yokohama,Japan,1848354,,,,,,
,,"Sanshin Chemical Industry Co., Ltd. (Japan)",active,company,Sanshin Chemical Industry,"Sanshin Chemical Industry Co., Ltd. (Japan); Sanshin Chemical Industry Co., Ltd.; 三新化学工業株式会社*ja",,https://sanshin-ci.co.jp,,sanshin-ci.co.jp,1953,,,,,,,,,Yanai,Japan,1848550,,,,,,
,,"Mitsuboshi Diamond Industrial Co., Ltd. (Japan)",active,company,Mitsuboshi Diamond Industrial,"Mitsuboshi Diamond Industrial Co., Ltd. (Japan); Mitsuboshi Diamond Industrial Co., Ltd.; 三星ダイヤモンド工業株式会社*ja",,https://www.mitsuboshidiamond.com,,mitsuboshidiamond.com,1935,,,,,,,,,Settsu,Japan,1852643,,,,,,
,,"Mitani Sekisan Co., Ltd. (Japan)",active,company,Mitani Sekisan,"Mitani Sekisan Co., Ltd. (Japan); Mitani Sekisan Co., Ltd.; 三谷セキサン株式会社*ja",,https://www.m-sekisan.co.jp,,m-sekisan.co.jp,1956,,,,,,,Q11357246,Q11357246,Fukui-shi,Japan,1863985,,,,,,
,,"Mitani Shindo Co., Ltd. (Japan)",active,company,Mitani Shindo,"Mitani Shindo Co., Ltd. (Japan); Mitani Shindo Co., Ltd.; 三谷伸銅株式会社*ja",,https://www.mitanishindo.co.jp,,mitanishindo.co.jp,1921,,,,,,,Q17212785,Q17212785,Kyoto,Japan,1857910,,https://ror.org/03dxpdb95,,,,
,,"Mishima Foods Co., Ltd. (Japan)",active,company,Mishima Foods,"Mishima Foods Co., Ltd. (Japan); Mishima Foods Co., Ltd.; 三島食品株式会社*ja",,https://www.mishima.co.jp,,mishima.co.jp,2016,,,,,,,Q11355291,Q11355291,Hiroshima,Japan,1862415,,,,,,
,,"Nippon Paper Papylia Co., Ltd. (Japan)",active,company,Mishima Paper,"Nippon Paper Papylia Co., Ltd. (Japan); Nippon Paper Papylia Co., Ltd.; Mishima Paper Co., Ltd.; 日本製紙パピリア株式会社*ja; 三島製紙株式会社*ja",,https://www.papylia.com,,papylia.com,1918,,,,,,,Q11509062,Q11509062,Tokyo,Japan,1850147,,https://ror.org/00yzvve44,,,,
,,"Mitsubishi FBR Systems, Inc. (Japan)",active,company,Mitsubishi FBR Systems,"Mitsubishi FBR Systems, Inc. (Japan); Mitsubishi FBR Systems, Inc.; 三菱FBRシステムズ株式会社*ja",,https://www.mhi.com/group/mfbr,,mhi.com,2007,,,,,,,,,Tokyo,Japan,1850147,,https://ror.org/02aq67p44,,,,
,,Mitsubishi Pharma Corporation (Japan),inactive,company,Mitsubishi Pharma,Mitsubishi Pharma Corporation (Japan); Mitsubishi Pharma Corporation; 三菱ウェルファーマ株式会社*ja,,http://www.m-pharma.co.jp,,m-pharma.co.jp,2001,,,,,,,Q24886865,Q24886865,Osaka,Japan,1853909,,,,,https://ror.org/038ehsm73,
,,Mitsubishi Engineering-Plastics Corporation (Japan),active,company,Mitsubishi Engineering-Plastics,Mitsubishi Engineering-Plastics Corporation (Japan); Mitsubishi Engineering-Plastics Corporation; 三菱エンジニアリングプラスチックス株式会社*ja,MEP,https://www.m-ep.co.jp,,m-ep.co.jp,1994,,,,,,,,,Tokyo,Japan,1850147,,https://ror.org/00mhg9s35; https://ror.org/05d8avs16,,,,
,,"Mitsubishi Chemical Aqua Solutions Co., Ltd. (Japan)",active,company,Mitsubishi Chemical Aqua Solutions,"Mitsubishi Chemical Aqua Solutions Co., Ltd. (Japan); Mitsubishi Chemical Aqua Solutions Co., Ltd.; 三菱ケミカルアクア・ソリューションズ株式会社*ja",,https://www.mcas.co.jp,,mcas.co.jp,1985,,,,,,,,,Tokyo,Japan,1850147,,https://ror.org/05d8avs16,,,,
,,Mitsubishi Chemical Engineering Corporation (Japan),active,company,Mitsubishi Chemical Engineering,Mitsubishi Chemical Engineering Corporation (Japan); Mitsubishi Chemical Engineering Corporation; 三菱ケミカルエンジニアリング株式会社*ja,,https://www.mec-value.com,,mec-value.com,1957,,,,,,,,,Tokyo,Japan,1850147,,https://ror.org/05d8avs16,,,,
,,"Mitsubishi Precision Co., Ltd. (Japan)",active,company,Mitsubishi Precision,"Mitsubishi Precision Co., Ltd. (Japan); Mitsubishi Precision Co., Ltd.; 三菱プレシジョン株式会社*ja",,https://www.mpcnet.co.jp,,mpcnet.co.jp,1962,,,,,,,Q11357033,Q11357033,Tokyo,Japan,1850147,,,,,,
,,Mitsubishi Materials Techno Corporation (Japan),active,company,Mitsubishi Materials Techno,Mitsubishi Materials Techno Corporation (Japan); Mitsubishi Materials Techno Corporation; 三菱マテリアルテクノ株式会社*ja,,https://www.mmtec.co.jp,,mmtec.co.jp,1949,,,,,,,,,Tokyo,Japan,1850147,,https://ror.org/03p5evc41,,,,
,,"Mitsubishi Materials Electronic Chemicals Co., Ltd. (Japan)",active,company,Mitsubishi Materials Electronic Chemicals,"Mitsubishi Materials Electronic Chemicals Co., Ltd.; Mitsubishi Materials Electronic Chemicals Co., Ltd. (Japan); 三菱マテリアル電子化成株式会社*ja",,https://www.mmc-ec.co.jp,,mmc-ec.co.jp,1991,,,,,,,,,Akita,Japan,2113126,,https://ror.org/03p5evc41,,,,
,,"Mitsubishi Logisnext Co., Ltd. (Japan)",active,company,Mitsubishi Logisnext,"Mitsubishi Logisnext Co., Ltd. (Japan); Mitsubishi Logisnext Co., Ltd.; 三菱ロジスネクスト株式会社*ja",,https://www.logisnext.com,,logisnext.com,1937,,,,,,,Q3936221,Q3936221,Nagaokakyō,Japan,1858681,,,,,,
,,"Mitsubishi Kakoki Kaisha, Ltd. (Japan)",active,company,Mitsubishi Kakoki Kaisha,"Mitsubishi Kakoki Kaisha, Ltd. (Japan); Mitsubishi Kakoki Kaisha, Ltd.; 三菱化工機株式会社*ja",,https://www.kakoki.co.jp/index.html,,kakoki.co.jp,1949,,,,,,,Q4044381,Q4044381,Kawasaki,Japan,1859642,,,,,,
,,"Mitsubishi Nuclear Fuel Co., Ltd. (Japan)",active,company,Mitsubishi Nuclear FUEL,"Mitsubishi Nuclear Fuel Co., Ltd. (Japan); Mitsubishi Nuclear Fuel Co., Ltd.; 三菱原子燃料株式会社*ja",,https://www.mhi.com/group/mnf,,mhi.com,1971,,,,,,,,,Tokai,Japan,11776897,,https://ror.org/02aq67p44,,,,
,,"Mitsubishi Heavy Industries Machinery Systems, Ltd. (Japan)",active,company,Mitsubishi Heavy Industries Mechatronics Systems; 三菱重工メカトロシステムズ株式会社,"Mitsubishi Heavy Industries Machinery Systems, Ltd. (Japan); Mitsubishi Heavy Industries Machinery Systems, Ltd.; 三菱重工機械システム株式会社*ja",,https://www.mhi-ms.com,,mhi-ms.com,1968,,,,,,,,,Kobe,Japan,1859171,,https://ror.org/02aq67p44,,,,
,,"Mitsubishi Heavy Industries Machinery SYSTEMS, Ltd (Japan)",active,company,Mitsubishi Heavy Industries Machinery SYSTEMS,"Mitsubishi Heavy Industries Machinery SYSTEMS, Ltd (Japan); Mitsubishi Heavy Industries Machinery SYSTEMS, Ltd; 三菱重工機械システム株式会社*ja",,https://www.mhi-ms.com/jp/,,mhi-ms.com,1968,,,,,,,,,Kobe,Japan,1859171,,https://ror.org/02aq67p44,,,,
,,Mitsubishi Heavy Industries Air-Conditioning & Refrigeration Corporation (Japan),active,company,Mitsubishi Heavy Industries Air-Conditioning & Refrigeration,Mitsubishi Heavy Industries Air-Conditioning & Refrigeration Corporation (Japan); Mitsubishi Heavy Industries Air-Conditioning & Refrigeration Corporation; 三菱重工冷熱株式会社*ja,,https://www.mhi.com/jp/group/mhiair/,,,1976,,,,,,,,,Tokyo,Japan,1850147,,,,https://ror.org/02aq67p44,,
,,"Mitsubishi Shokuhin Co., Ltd. (Japan)",active,company,Mitsubishi Shokuhin,"Mitsubishi Shokuhin Co., Ltd. (Japan); Mitsubishi Shokuhin Co., Ltd.; 三菱食品株式会社*ja",,https://www.mitsubishi-shokuhin.com,,mitsubishi-shokuhin.com,1925,,,,,,,Q11357186,Q11357186,Tokyo,Japan,1850147,,https://ror.org/014m1ef46,,,,
,,"Mitsubishi Steel Mfg. Co., Ltd. (Japan)",active,company,Mitsubishi Steel MFG.,"Mitsubishi Steel Mfg. Co., Ltd. (Japan); Mitsubishi Steel Mfg. Co., Ltd.; 三菱製鋼株式会社*ja",,https://www.mitsubishisteel.co.jp,,mitsubishisteel.co.jp,1949,,,,,0000 0001 0726 2060,0000 0001 0726 2060,Q11357130,Q11357130,Tokyo,Japan,1850147,,https://ror.org/0234cd281,,,,
,,Mitsubishi Logistics Corporation (Japan),active,company,Mitsubishi Logistics,Mitsubishi Logistics Corporation (Japan); Mitsubishi Logistics Corporation; 三菱倉庫株式会社*ja,,https://www.mitsubishi-logistics.co.jp,,mitsubishi-logistics.co.jp,1887,,,,,,,Q6883089,Q6883089,Tokyo,Japan,1850147,,https://ror.org/0234cd281,,,,
,,"Mitsubishi Estate Co., Ltd. (Japan)",active,company,Mitsubishi Estate,"Mitsubishi Estate Co., Ltd. (Japan); Mitsubishi Estate Co., Ltd.; 三菱地所株式会社*ja",,https://www.mec.co.jp,,mec.co.jp,1937,,,,,,,Q304962,Q304962,Tokyo,Japan,1850147,,https://ror.org/0234cd281,,,,
,,"Mitsubishi Nagasaki Machinery MFG. Co., Ltd. (Japan)",active,company,Mitsubishi Nagasaki Machinery MFG.,"Mitsubishi Nagasaki Machinery MFG. Co., Ltd. (Japan); Mitsubishi Nagasaki Machinery MFG. Co., Ltd.; 三菱長崎機工株式会社*ja",,https://www.mnm.co.jp,,mnm.co.jp,1975,,,,,,,,,Nagasaki,Japan,1856177,,,,,,
,,"Mitsubishi Electric Engineering Company, Limited (Japan)",active,company,Mitsubishi Electric Engineering Company,"Mitsubishi Electric Engineering Company, Limited (Japan); Mitsubishi Electric Engineering Company, Limited; 三菱電機エンジニアリング株式会社*ja",,https://www.mee.co.jp,,mee.co.jp,1962,,,,,,,Q11357167,Q11357167,Tokyo,Japan,1850147,,https://ror.org/033y26782,,,,
,,"Mitsubishi Cable Industries, Ltd. (Japan)",active,company,Mitsubishi Cable Industries,"Mitsubishi Cable Industries, Ltd. (Japan); Mitsubishi Cable Industries, Ltd.; 三菱電線工業株式会社*ja",,https://www.mitsubishi-cable.co.jp,,mitsubishi-cable.co.jp,1917,,,,,,,Q3859497,Q3859497,Tokyo,Japan,1850147,,https://ror.org/03p5evc41,,,,
,,"Mitsubishi Power, Ltd. (Japan)",active,company,"Mitsubishi Hitachi Power Systems, Ltd.; Mitsubishi Hitachi Power Systems; 三菱日立パワーシステムズ株式会社; MHPS","Mitsubishi Power, Ltd. (Japan); Mitsubishi Power, Ltd.; 三菱パワー株式会社*ja",,https://power.mhi.com,,,2014,,,,,,,Q17493862,Q17493862,Tokyo,Japan,1850147,,https://ror.org/02aq67p44,,,,
,,"Sanyo Industries, Ltd. (Japan)",active,company,Sanyo Industries,"Sanyo Industries, Ltd. (Japan); Sanyo Industries, Ltd.; 三洋工業株式会社*ja",,https://www.sanyo-industries.co.jp,,sanyo-industries.co.jp,1954,,,,,,,,,Tokyo,Japan,1850147,,,,,,
,,"Sanyo Foods Co., Ltd. (Japan)",active,company,Sanyo Foods,"Sanyo Foods Co., Ltd. (Japan); Sanyo Foods Co., Ltd.; 三洋食品株式会社*ja",,https://www.sanyo-foods.co.jp,,sanyo-foods.co.jp,1981,,,,,,,,,Ichikawa,Japan,11837657,,,,,,
,,Sanwa Shutter Corporation (Japan),active,company,Sanwa Shutter,Sanwa Shutter Corporation; Sanwa Shutter Corporation (Japan); 三和シヤッター工業株式会社*ja,,https://www.sanwa-ss.co.jp,,sanwa-ss.co.jp,2007,,,,,,,,,Tokyo,Japan,1850147,,,,,,
,,Sanwa Tekki Corporation (Japan),active,company,Sanwa Tekki,Sanwa Tekki Corporation; Sanwa Tekki Corporation (Japan); 三和テッキ株式会社*ja,,https://www.tekki.co.jp,,tekki.co.jp,1927,,,,,,,,,Tokyo,Japan,1850147,,,,,,
,,"Sanwa Kizai Co., Ltd. (Japan)",active,company,Sanwa Kizai,"Sanwa Kizai Co., Ltd. (Japan); Sanwa Kizai Co., Ltd.; 三和機材株式会社*ja",,https://www.sanwa-kizai.co.jp,,sanwa-kizai.co.jp,1968,,,,,,,,,Tokyo,Japan,1850147,,,,,,
,,"Sanwa Shurui Co., Ltd. (Japan)",active,company,Sanwa Shurui,"Sanwa Shurui Co., Ltd. (Japan); Sanwa Shurui Co., Ltd.; 三和酒類株式会社*ja",,https://www.sanwa-shurui.co.jp,,sanwa-shurui.co.jp,1958,,,,,,,Q11354673,Q11354673,Usa,Japan,1849160,,,,,,
,,"Sanwa Starch Co., Ltd. (Japan)",active,company,Sanwa Cornstarch,"Sanwa Starch Co., Ltd. (Japan); Sanwa Starch Co., Ltd.; 三和澱粉工業株式会社*ja",,https://www.sanwa-starch.co.jp,,sanwa-starch.co.jp,1947,,,,,,,,,Kashihara-shi,Japan,1859951,,,,,,
,,"Yamashita Rubber Co., Ltd. (Japan)",active,company,Yamashita Rubber,"Yamashita Rubber Co., Ltd. (Japan); Yamashita Rubber Co., Ltd.; 山下ゴム株式会社*ja",,https://www.yamashita-rub.co.jp,,yamashita-rub.co.jp,1953,,,,,,,,,Fujimino,Japan,6822159,,,,,,
,,"Yamazaki Baking Co., Ltd. (Japan)",active,company,Yamazaki Baking,"Yamazaki Baking Co., Ltd. (Japan); Yamazaki Baking Co., Ltd.; 山崎製パン株式会社*ja",,https://www.yamazakipan.co.jp,,yamazakipan.co.jp,1948,,,,,0000 0001 0630 3326,0000 0001 0630 3326,Q3138937,Q3138937,Tokyo,Japan,1850147,,,,,,
,,"Yamamoto Kogaku Co., Ltd. (Japan)",active,company,Yamamoto Kogaku,"Yamamoto Kogaku Co., Ltd. (Japan); Yamamoto Kogaku Co., Ltd.; 山本光学株式会社*ja",,https://yamamoto-kogaku.co.jp,,yamamoto-kogaku.co.jp,1935,,,,,,,,,Higashiosaka,Japan,1862752,,,,,,
,,"Sanyo Denki Co., Ltd. (Japan)",active,company,Sanyo Denki,"Sanyo Denki Co., Ltd. (Japan); Sanyo Denki Co., Ltd.; 山洋電気株式会社*ja",,https://www.sanyodenki.com,,sanyodenki.com,1936,,,,,,,Q11469986,Q11469986,Tokyo,Japan,1850147,,,,,,
,,"Sanyo KAKO Co., Ltd. (Japan)",active,company,Sanyo KAKO,"Sanyo KAKO Co., Ltd. (Japan); Sanyo KAKO Co., Ltd.; 山陽化工株式会社*ja",,https://sanyo-kako.co.jp,,sanyo-kako.co.jp,1959,,,,,,,,,Iwakuni,Japan,1861212,,,,,,
,,"Sanyo Color Works, Ltd. (Japan)",active,company,Sanyo Color Works,"Sanyo Color Works, Ltd. (Japan); Sanyo Color Works, Ltd.; 山陽色素株式会社*ja",,https://www.sanyocolor.jp,,sanyocolor.jp,1931,,,,,,,Q86741983,Q86741983,Himeji,Japan,1862627,,,,,,
,,"Sanyo Electronic Industries Co., Ltd. (Japan)",active,company,Sanyo Electronic Industries,"Sanyo Electronic Industries Co., Ltd. (Japan); Sanyo Electronic Industries Co., Ltd.; 山陽電子工業株式会社*ja",,https://www.sdk-kk.co.jp,,sdk-kk.co.jp,1963,,,,,,,,,Okayama,Japan,1854383,,,,,,
,,"Sanyo Special Steel Co., Ltd. (Japan)",active,company,Sanyo Special Steel,"Sanyo Special Steel Co., Ltd. (Japan); Sanyo Special Steel Co., Ltd.; 山陽特殊製鋼株式会社*ja",,https://www.sanyo-steel.co.jp,,sanyo-steel.co.jp,1935,,,,,,,Q11471177,Q11471177,Himeji,Japan,1862627,,https://ror.org/016vzmc05,,,,
,,"Shikoku Kakoki Co., Ltd. (Japan)",active,company,Shikoku Kakoki,"Shikoku Kakoki Co., Ltd. (Japan); Shikoku Kakoki Co., Ltd.; 四国化工機株式会社*ja",,https://shikoku-kakoki.com,,shikoku-kakoki.com,1961,,,,,,,,,Takabō,Japan,1851176,,,,,,
,,Shikoku Chemicals Corporation (Japan),active,company,Shikoku Chemicals,Shikoku Chemicals Corporation (Japan); Shikoku Chemicals Corporation; 四国化成工業株式会社*ja,,https://kagaku.shikoku.co.jp,,shikoku.co.jp,2022,,,,,,,,,Marugame,Japan,1857665,,https://ror.org/02xbm4h96,,,,
,,"Shikoku Electric Power Co., Inc. (Japan)",active,company,Shikoku Electric Power Co.,"Shikoku Electric Power Co., Inc. (Japan); Shikoku Electric Power Co., Inc.; 四国電力株式会社*ja",,https://www.yonden.co.jp,,yonden.co.jp,1951,,,,,,,Q388455,Q388455,Takamatsu,Japan,1851100,,,,https://ror.org/04rx6q792,,
,,Shikoku Railway Company (Japan),active,company,,Shikoku Railway Company (Japan); Shikoku Railway Company; 四国旅客鉄道株式会社*ja,,https://www.jr-shikoku.co.jp,,jr-shikoku.co.jp,1987,,,,,,,Q496531,Q496531,Takamatsu,Japan,1851100,,,,,,
,,"Kajima ROAD Co., Ltd. (Japan)",active,company,Kajima ROAD,"Kajima ROAD Co., Ltd. (Japan); Kajima ROAD Co., Ltd.; 鹿島道路株式会社*ja",,https://www.kajimaroad.co.jp,,kajimaroad.co.jp,1958,,,,,,,,,Tokyo,Japan,1850147,,https://ror.org/048gksa87,,,,
,,Shibaura Mechatronics Corporation (Japan),active,company,Shibaura Mechatronics,Shibaura Mechatronics Corporation (Japan); Shibaura Mechatronics Corporation; 芝浦メカトロニクス株式会社*ja,,https://www.shibaura.co.jp,,shibaura.co.jp,1939,,,,,,,Q11614679,Q11614679,Yokohama,Japan,1848354,,,,,,
,,"Sakai Heavy Industries, Ltd. (Japan)",active,company,Sakai Heavy Industries,"Sakai Heavy Industries, Ltd. (Japan); Sakai Heavy Industries, Ltd.; 酒井重工業株式会社*ja",,https://www.sakainet.co.jp,,sakainet.co.jp,1949,,,,,,,Q11644268,Q11644268,Tokyo,Japan,1850147,,,,,,
,,"Sumika Color Co., Ltd. (Japan)",active,company,Sumika Color,"Sumika Color Co., Ltd. (Japan); Sumika Color Co., Ltd.; 住化カラー株式会社*ja",,https://www.plasist.co.jp,,plasist.co.jp,1950,,,,,,,,,Osaka,Japan,1853909,,,,,,
,,"Sumika Covestro Urethane Co., Ltd. (Japan)",active,company,Sumika Covestro Urethane,"Sumika Covestro Urethane Co., Ltd.; 住化コベストロウレタン株式会社*ja",,https://www.covestro.com/company/covestro-worldwide/japan/covestro-in-japan/legal-entities/sumika-covestro-urethane,,covestro.com,1969,,,,,,,,,Amagasaki,Japan,1865387,,https://ror.org/01b44s469; https://ror.org/03nyxmy82,,,,
,,Sumika Polycarbonate Limited (Japan),active,company,Sumika Polycarbonate,Sumika Polycarbonate Limited (Japan); Sumika Polycarbonate Limited; 住化ポリカーボネート株式会社*ja,SCPC,https://www.scpc.jp,,scpc.jp,1996,,,,,,,,,Tokyo,Japan,1850147,,https://ror.org/03nyxmy82,,,,
,,"Sumikin Stainless Steel TUBE Co., Ltd. (Japan)",active,company,Sumikin Stainless Steel TUBE,"Sumikin Stainless Steel TUBE Co., Ltd. (Japan); Sumikin Stainless Steel TUBE Co., Ltd.; 住金ステンレス鋼管株式会社*ja",,https://www.nsssp.nipponsteel.com,,nsssp.nipponsteel.com,1950,,,,,,,,,Tokyo,Japan,1850147,,https://ror.org/016vzmc05,,,,
,,"Nippon Steel Slag Products Co., Ltd. (Japan)",active,company,Sumikin KOKA,"Nippon Steel Slag Products Co., Ltd. (Japan); Nippon Steel Slag Products Co., Ltd.; 日鉄スラグ製品株式会社*ja",,https://www.slag.nipponsteel.com,,slag.nipponsteel.com,1970,,,,,,,Q11510679,Q11510679,Tokyo,Japan,1850147,,https://ror.org/016vzmc05,,,,
,,"Nippon Steel Spiral Pipe Company, Ltd. (Japan)",active,company,Sumikin WELD PIPE Company; 住金大径鋼管株式会社; 日鉄住金大径鋼管株式会社,"Nippon Steel Spiral Pipe Company, Ltd.; Nippon Steel Spiral Pipe Company, Ltd. (Japan); 日鉄大径鋼管株式会社*ja",,https://www.spiral.nipponsteel.com,,spiral.nipponsteel.com,1965,,,,,,,,,Kamisu,Japan,6822103,,https://ror.org/016vzmc05,,,,
,,"Sumiko Resources Exploration & Development Co., Ltd. (Japan)",active,company,Sumiko Consultants,"Sumiko Resources Exploration & Development Co., Ltd. (Japan); Sumiko Resources Exploration & Development Co., Ltd.; 住鉱資源開発株式会社*ja; Sumiko Consultants Co., Ltd.; 住鉱コンサルタント株式会社*ja",,https://www.sred.co.jp,,sred.co.jp,1963,,,,,,,Q11381999,Q11381999,Tokyo,Japan,1850147,,https://ror.org/00h7gyj76,,,,
,,"Sumitomo Nacco Forklift Co., Ltd. (Japan)",active,company,Sumitomo Nacco Forklift,"Sumitomo Nacco Forklift Co., Ltd. (Japan); Sumitomo Nacco Forklift Co., Ltd.; 住友ナコフォークリフト株式会社*ja",,https://www.sumitomonacco.co.jp,,sumitomonacco.co.jp,1972,,,,,,,Q11381733,Q11381733,Ōbu,Japan,1854803,,https://ror.org/03yskk486; https://ror.org/05mvt5123,,,,
,,"Sumitomo (S.H.I.) Construction Machinery Co., Ltd. (Japan)",active,company,Sumitomo (S.H.I.) Construction Machinery,"Sumitomo (S.H.I.) Construction Machinery Co., Ltd. (Japan); Sumitomo (S.H.I.) Construction Machinery Co., Ltd.; 住友建機株式会社*ja",,https://www.sumitomokenki.com,,sumitomokenki.com,1968,,,,,,,,,Tokyo,Japan,1850147,,https://ror.org/03yskk486,,,,
,,"Sumitomo Heavy Industries Gearbox Co., Ltd. (Japan)",active,company,Sumitomo Heavy Industries Gearbox,"Sumitomo Heavy Industries Gearbox Co., Ltd. (Japan); Sumitomo Heavy Industries Gearbox Co., Ltd.; 住友重機械ギヤボックス株式会社*ja",,https://gearbox.sumitomodrive.com/ja,,sumitomodrive.com,1916,,,,,,,,,Kaizuka,Japan,1860765,,https://ror.org/03yskk486,,,,
,,"Sumitomo Heavy Industries Himatex Co., Ltd. (Japan)",active,company,Sumitomo Heavy Industries Himatex,"Sumitomo Heavy Industries Himatex Co., Ltd. (Japan); Sumitomo Heavy Industries Himatex Co., Ltd.; 住友重機械ハイマテックス株式会社*ja",,https://shi-hmx.co.jp,,shi-hmx.co.jp,1980,,,,,,,Q107921708,Q107921708,Niihama,Japan,1855425,,https://ror.org/03yskk486,,,,
,,"Sumitomo Realty & Development Co., Ltd. (Japan)",active,company,Sumitomo Realty & Development,"Sumitomo Realty & Development Co., Ltd. (Japan); Sumitomo Realty & Development Co., Ltd.; 住友不動産株式会社*ja",,https://www.sumitomo-rd.co.jp,,sumitomo-rd.co.jp,1949,,,,,,,Q4050347,Q4050347,Tokyo,Japan,1850147,,,,,,
,,"Sumitomo Petroleum Development Co., Ltd. (Japan)",active,company,Sumitomo Petroleum Development,"Sumitomo Petroleum Development Co., Ltd. (Japan); Sumitomo Petroleum Development Co., Ltd.; 住友石油開発株式会社*ja",,https://www.psep.co.jp,,psep.co.jp,1973,,,,,,,,,Chiyoda City,Japan,11749713,,,,,,
,,"Sumitomo Electric Wintec, Inc. (Japan)",active,company,Sumitomo Electric Wintec,"Sumitomo Electric Wintec, Inc. (Japan); Sumitomo Electric Wintec, Inc.; 住友電工ウインテック株式会社*ja",,https://www.sei-wintec.com,,sei-wintec.com,2002,,,,,,,,,Kōka,Japan,6822117,,https://ror.org/05rnkb382,,,,
,,"Sumitomo Electric Device Innovations, Inc. (Japan)",active,company,Sumitomo Electric Device Innovations,"Sumitomo Electric Device Innovations, Inc. (Japan); Sumitomo Electric Device Innovations, Inc.; 住友電工デバイス・イノベーション株式会社*ja",SEDI,https://www.sedi.co.jp,,sedi.co.jp,2004,,,,,,,Q11381792,Q11381792,Yokohama,Japan,1848354,,https://ror.org/05rnkb382,,,,
,,Sumitomo Electric Hardmetal Corporation (Japan),active,company,Sumitomo Electric Hardmetal,Sumitomo Electric Hardmetal Corporation (Japan); Sumitomo Electric Hardmetal Corporation; 住友電工ハードメタル株式会社*ja,,https://www.sumitool.com,,sumitool.com,2003,,,,,,,Q11381793,Q11381793,Itami,Japan,1861310,,https://ror.org/05rnkb382,,,,
,,"Sumitomo Densetsu Co., Ltd. (Japan)",active,company,Sumitomo Densetsu,"Sumitomo Densetsu Co., Ltd. (Japan); Sumitomo Densetsu Co., Ltd.; 住友電設株式会社*ja",,https://www.sem.co.jp,,sem.co.jp,1950,,,,,,,Q4050340,Q4050340,Osaka,Japan,1853909,,,,,,
,,"Sumitomo Wiring Systems, Ltd. (Japan)",active,company,Sumitomo Wiring SYSTEMS,"Sumitomo Wiring Systems, Ltd. (Japan); Sumitomo Wiring Systems, Ltd.; 住友電装株式会社*ja",,https://www.sws.co.jp,,sws.co.jp,1917,,,,,0000 0000 8735 9163,0000 0000 8735 9163,Q11381799,Q11381799,Yokkaichi,Japan,1848373,,https://ror.org/05rnkb382,,,,
,,"Sumitomo Forestry Crest Co., Ltd. (Japan)",active,company,Sumitomo Forestry Crest,"Sumitomo Forestry Crest Co., Ltd. (Japan); Sumitomo Forestry Crest Co., Ltd.; 住友林業クレスト株式会社*ja",,https://www.sumirin-crest.co.jp,,sumirin-crest.co.jp,1959,,,,,,,Q11381764,Q11381764,Nagoya,Japan,1856057,,,,,,
,,"Sumitomo Forestry Co., Ltd. (Japan)",active,company,Sumitomo Forestry,"Sumitomo Forestry Co., Ltd. (Japan); Sumitomo Forestry Co., Ltd.; 住友林業株式会社*ja",,https://sfc.jp,,sfc.jp,1948,,,,,,,Q4050342,Q4050342,Tokyo,Japan,1850147,,,,,,
,,"Idemitsu Engineering Co., Ltd. (Japan)",active,company,Idemitsu Engineering,"Idemitsu Engineering Co., Ltd. (Japan); Idemitsu Engineering Co., Ltd.; 出光エンジニアリング株式会社*ja",,https://www.idemitsu.com/jp/index.html,,idemitsu.com,1983,,,,,,,,,Chiba,Japan,2113015,,https://ror.org/002v59719,,,,
,,"Komatsu Wall Industry Co., Ltd. (Japan)",active,company,Komatsu WALL Industry,"Komatsu Wall Industry Co., Ltd. (Japan); Komatsu Wall Industry Co., Ltd.; 小松ウオール工業株式会社*ja",,https://www.komatsuwall.co.jp,,komatsuwall.co.jp,1968,,,,,,,Q11461016,Q11461016,Komatsu,Japan,1858910,,,,,,
,,"Ibaraki Komatsu Forklift Co., Ltd. (Japan)",active,company,Komatsu Forklift,"Ibaraki Komatsu Forklift Co., Ltd. (Japan); Ibaraki Komatsu Forklift Co., Ltd.; 茨城小松フォークリフト株式会社*ja",,https://kcsj.komatsu/company/bases/ibaraki_lift,,kcsj.komatsu,1965,,,,,,,,,Mito,Japan,2111901,,,,,,
,,Konishi Brewing Company (Japan),active,company,,Konishi Brewing Company (Japan); Konishi Brewing Company; 小西酒造株式会社*ja,,https://www.konishi.co.jp,,konishi.co.jp,1933,,,,,,,Q11463643,Q11463643,Itami,Japan,1861310,,,,,,
,,"Ogawa & Co., Ltd. (Japan)",active,company,Ogawa &,"Ogawa & Co., Ltd. (Japan); Ogawa & Co., Ltd.; 小川香料株式会社*ja",,https://www.ogawa.net/company,,ogawa.net,1933,,,,,,,Q11460652,Q11460652,Tokyo,Japan,1850147,,,,,,
,,"KOIZUMISEIMA CO., LTD. (Japan)",active,company,The Koizumi JUTE Mills,"KOIZUMISEIMA CO., LTD. (Japan); KOIZUMISEIMA CO., LTD.; 小泉製麻株式会社*ja",,https://koizumiseima.com,,koizumiseima.com,1918,,,,,,,,,Kobe,Japan,1859171,,,,,,
,,"Ogura Clutch Co., Ltd. (Japan)",active,company,Ogura Clutch,"Ogura Clutch Co., Ltd.; Ogura Clutch Co., Ltd. (Japan); 小倉クラッチ株式会社*ja",,https://www.oguraclutch.co.jp,,oguraclutch.co.jp,1948,,,,,,,Q11458891,Q11458891,Kiryū,Japan,1859405,,,,,,
,,"Odakyu Electric Railway Co., Ltd. (Japan)",active,company,Odakyu Electric Railway,"Odakyu Electric Railway Co., Ltd. (Japan); Odakyu Electric Railway Co., Ltd.; 小田急電鉄株式会社*ja",,https://www.odakyu.jp,,odakyu.jp,1948,,,,,,,Q83584,Q83584,Tokyo,Japan,1850147,,,,,,
,,"Onoda Chemico Co., Ltd. (Japan)",active,company,Onoda Chemico,"Onoda Chemico Co., Ltd. (Japan); Onoda Chemico Co., Ltd.; 小野田ケミコ株式会社*ja",,https://www.chemico.co.jp,,chemico.co.jp,1983,,,,,,,,,Tokyo,Japan,1850147,,https://ror.org/00zfn8q88,,,,
,,"Onoda Chemical Industry Co., Ltd. (Japan)",active,company,Onoda Chemical Industry,"Onoda Chemical Industry Co., Ltd. (Japan); Onoda Chemical Industry Co., Ltd.; 小野田化学工業株式会社*ja",,https://www.onoda-kagaku.co.jp/aboutus,,onoda-kagaku.co.jp,1955,,,,,,,Q11464184,Q11464184,Tokyo,Japan,1850147,,,,,,
,,"Kobayashi KAKO Co., Ltd. (Japan)",active,company,Kobayashi KAKO,"Kobayashi KAKO Co., Ltd.; Kobayashi KAKO Co., Ltd. (Japan); 小林化工株式会社*ja",,https://www.kobayashikako.co.jp,,kobayashikako.co.jp,1961,,,,,,,Q104153906,Q104153906,Awara,Japan,1864894,,,,,,
,,"Kobayashi Perfumery Co., Ltd. (Japan)",active,company,Kobayashi Perfumery,"Kobayashi Perfumery Co., Ltd. (Japan); Kobayashi Perfumery Co., Ltd.; 小林香料株式会社*ja",,https://www.kobayashikoryo.co.jp,,kobayashikoryo.co.jp,1947,,,,,,,,,Tokyo,Japan,1850147,,,,,,
,,"Showa KDE Co., Ltd. (Japan)",active,company,Showa KDE,"Showa KDE Co., Ltd. (Japan); Showa KDE Co., Ltd.; 昭和KDE株式会社*ja",,https://www.showa-hp.co.jp,,showa-hp.co.jp,1934,,,,,,,Q11513983,Q11513983,Tokyo,Japan,1850147,,,,,,
,,Showa Aluminum Can Corporation (Japan),active,company,Showa Aluminum CAN,Showa Aluminum Can Corporation (Japan); Showa Aluminum Can Corporation; 昭和アルミニウム缶株式会社*ja,,https://www.altemira.co.jp,,altemira.co.jp,1969,,,,,,,,,Tokyo,Japan,1850147,,,,,,
,,"Showa Engineering Co., Ltd. (Japan)",active,company,Showa Engineering,"Showa Engineering Co., Ltd. (Japan); Showa Engineering Co., Ltd.; 昭和エンジニアリング株式会社*ja",,https://www.showa-eng.jp,,showa-eng.jp,1987,,,,,,,,,Yokohama,Japan,1848354,,,,,,
,,KYOCERA SOC Corporation (Japan),active,company,Showa Optronics,"KYOCERA SOC Corporation (Japan); KYOCERA SOC Corporation; 京セラSOC株式会社*ja; 昭和オプトロニクス株式会社*ja; Showa Optronics Co., Ltd.",,https://www.ksoc.co.jp,,ksoc.co.jp,1954,,,,,,,,,Yokohama,Japan,1848354,,https://ror.org/025y1g718,,,,
,,"Showa Concrete Industry Co., Ltd. (Japan)",active,company,,"Showa Concrete Industry Co., Ltd. (Japan); Showa Concrete Industry Co., Ltd.; Showa Concrete Industry; 昭和コンクリート工業株式会社*ja",,https://www.showa-con.co.jp,,showa-con.co.jp,1956,,,,,,,Q43305332,Q43305332,Gifu,Japan,1863641,,,,,,
,,Showa Shell Sekiyu K.K. (Japan),active,company,Showa Shell Sekiyu,Showa Shell Sekiyu K.K. (Japan); Showa Shell Sekiyu K.K.; 昭和シェル石油株式会社*ja,,showa-shell.co.jp,,showa-shell.co.jp,1942,,,,,,,Q277115,Q277115,Tokyo,Japan,1850147,,https://ror.org/002v59719,,,,
,,Showa Paxxs Corporation (Japan),active,company,Showa Paxxs,Showa Paxxs Corporation (Japan); Showa Paxxs Corporation; 昭和パックス株式会社*ja,,http://www.showa-paxxs.co.jp,,showa-paxxs.co.jp,1935,,,,,,,Q125145495,Q125145495,Tokyo,Japan,1850147,,,,,,
,,"Showa Chemical Industry Co., Ltd. (Japan)",active,company,Showa Chemical Industry,"Showa Chemical Industry Co., Ltd. (Japan); Showa Chemical Industry Co., Ltd.; 昭和化学工業株式会社*ja",,https://www.showa-chemical.co.jp,,showa-chemical.co.jp,1933,,,,,,,Q96323571,Q96323571,Sennan,Japan,6825500,,,,,,
,,"Showa Environment System Co., Ltd. (Japan)",active,company,Showa Environment System,"Showa Environment System Co., Ltd. (Japan); Showa Environment System Co., Ltd.; 昭和環境システム株式会社*ja",,https://www.showa-kankyo.co.jp,,showa-kankyo.co.jp,1988,,,,,,,,,Tokyo,Japan,1850147,,,,,,
,,"Showa Mining Co., Ltd. (Japan)",active,company,Showa Mining,"Showa Mining Co., Ltd. (Japan); Showa Mining Co., Ltd.; Showa KDE Co., Ltd.; 昭和鉱業株式会社*ja; 昭和KDE株式会社*ja",,http://www.showa-hp.co.jp,,showa-hp.co.jp,1934,,,,,,,,,Tokyo,Japan,1850147,,,,,,
,,"Showa Sangyo Co., Ltd. (Japan)",active,company,Showa Sangyo,"Showa Sangyo Co., Ltd. (Japan); Showa Sangyo Co., Ltd.; 昭和産業株式会社*ja",,https://www.showa-sangyo.co.jp,,showa-sangyo.co.jp,1936,,,,,,,Q11514112,Q11514112,Tokyo,Japan,1850147,,,,,,
,,"Showa Information Systems Co., Ltd. (Japan)",active,company,Showa Information SYSTEMS,"Showa Information Systems Co., Ltd. (Japan); Showa Information Systems Co., Ltd.; 昭和情報機器株式会社*ja",,http://www.sis.co.jp,,sis.co.jp,,,,,,,,,,Tokyo,Japan,1850147,,,,,,
,,"Showa Tansan Co., Ltd. (Japan)",active,company,Showa Tansan,"Showa Tansan Co., Ltd. (Japan); Showa Tansan Co., Ltd.; Resonac Gas Products Corporation; Showa Denko Gas Products; 昭和炭酸株式会社*ja; 株式会社レゾナック・ガスプロダクツ*ja; 昭和電工ガスプロダクツ*ja",,https://www.rgp.resonac.com,,rgp.resonac.com,1944,,,,,,,Q11514160,Q11514160,Kawasaki,Japan,1859642,,https://ror.org/01pshgb33,,,,
,,Resonac Gas Products Corporation (Japan),active,company,Showa Denko GAS Products,Resonac Gas Products Corporation (Japan); Resonac Gas Products Corporation; 株式会社レゾナック・ガスプロダクツ*ja,,https://www.rgp.resonac.com,,resonac.com,1944,,,,,,,Q11514160,Q11514160,Kawasaki,Japan,1859642,,https://ror.org/01pshgb33,,,,
,,"Showa Electric WIRE Cable Co., Ltd. (Japan)",active,company,Showa Electric WIRE Cable,"Showa Electric WIRE Cable Co., Ltd. (Japan); Showa Electric WIRE Cable Co., Ltd.; SWCC Corporation; 昭和電線電纜株式会社*ja",,https://www.swcc.co.jp,,swcc.co.jp,1936,,,,,,,,,Kawasaki,Japan,1859642,,,,,,
,,"Showa Aircraft Industry Co., Ltd. (Japan)",active,company,Showa Aircraft Industry,"Showa Aircraft Industry Co., Ltd. (Japan); Showa Aircraft Industry Co., Ltd.; 昭和飛行機工業株式会社*ja",,https://www.showa-aircraft.co.jp,,showa-aircraft.co.jp,1937,,,,,,,Q4804831,Q4804831,Akishima,Japan,6822132,,,,,,
,,"Showa Yakuhin KAKO Co., Ltd. (Japan)",active,company,Showa Yakuhin KAKO,"Showa Yakuhin KAKO Co., Ltd. (Japan); Showa Yakuhin KAKO Co., Ltd.; 昭和薬品化工株式会社*ja",,https://www.gc-showayakuhin.com,,gc-showayakuhin.com,2008,,,,,,,,,Tokyo,Japan,1850147,,https://ror.org/01jrqwn31,,,,
,,"Matsui Construction Co., Ltd. (Japan)",active,company,Matsui Construction,"Matsui Construction Co., Ltd. (Japan); Matsui Construction Co., Ltd.; 松井建設株式会社*ja",,https://www.matsui-ken.co.jp,,matsui-ken.co.jp,1939,,,,,,,Q11529110,Q11529110,Tokyo,Japan,1850147,,,,,,
,,"Matsui Securities Co., Ltd. (Japan)",active,company,Matsui Securities,"Matsui Securities Co., Ltd. (Japan); Matsui Securities Co., Ltd.; 松井証券株式会社*ja",,https://www.matsui.co.jp,,matsui.co.jp,1931,,,,,,,Q6788100,Q6788100,Tokyo,Japan,1850147,,,,,,
,,"Matsushita Ecology SYSTEMS Co., Ltd. (Japan)",active,company,Matsushita Ecology SYSTEMS,"Matsushita Ecology SYSTEMS Co., Ltd. (Japan); Matsushita Ecology SYSTEMS Co., Ltd.; 松下エコシステムズ株式会社*ja",,https://www.kdk.jp,,kdk.jp,1956,,,,,,,,,Tokyo,Japan,1850147,,https://ror.org/011tm7n37,,,,
,,"Matsuo Electric Co., Ltd. (Japan)",active,company,Matsuo Electric,"Matsuo Electric Co., Ltd. (Japan); Matsuo Electric Co., Ltd.; 松尾電機株式会社*ja",,https://www.ncc-matsuo.co.jp,,ncc-matsuo.co.jp,1949,,,,,,,Q133947465,Q133947465,Toyonaka,Japan,1849837,,,,,,
,,"Matsumoto Yushi-Seiyaku Co., Ltd. (Japan)",active,company,Matsumoto Yushi-Seiyaku,"Matsumoto Yushi-Seiyaku Co., Ltd. (Japan); Matsumoto Yushi-Seiyaku Co., Ltd.; 松本油脂製薬株式会社*ja",,https://www.mtmtys.co.jp,,mtmtys.co.jp,1939,,,,,,,Q11531165,Q11531165,Yao,Japan,1848522,,,,,,
,,"JOTO TECHNO Co., Ltd. (Japan)",active,company,JOTO Tecno.,"JOTO TECHNO Co., Ltd. (Japan); JOTO TECHNO Co., Ltd.; 城東テクノ株式会社*ja",,https://www.joto.com,,joto.com,1961,,,,,,,,,Osaka,Japan,1853909,,,,,,
,,"Tsuneishi Shipbuilding Co., Ltd. (Japan)",active,company,Tsuneishi Shipbuilding,"Tsuneishi Shipbuilding Co., Ltd. (Japan); Tsuneishi Shipbuilding Co., Ltd.; 常石造船株式会社*ja",,https://www.tsuneishi.co.jp,,tsuneishi.co.jp,2011,,,,,,,https://www.wikidata.org/wiki/Q11481552,https://www.wikidata.org/wiki/Q11481552,Fukuyama,Japan,1863917,,,,,,
,,"Tokiwa Kogyo Co., Ltd. (Japan)",active,company,Tokiwa Kogyo,"Tokiwa Kogyo Co., Ltd. (Japan); Tokiwa Kogyo Co., Ltd.; 常盤工業株式会社*ja",,https://tokiwakogyo.co.jp,,tokiwakogyo.co.jp,1947,,,,,,,,,Tokyo,Japan,1850147,,,,,,
,,"SHIN-ETSU Polymer Co., Ltd. (Japan)",active,company,SHIN-ETSU Polymer,"SHIN-ETSU Polymer Co., Ltd. (Japan); SHIN-ETSU Polymer Co., Ltd.; 信越ポリマー株式会社*ja",,https://www.shinpoly.co.jp/index.html,,shinpoly.co.jp,1960,,,,,,,Q11386263,Q11386263,Tokyo,Japan,1850147,,https://ror.org/05tq4a167,,,,
,,"SHIN-ETSU Electric WIRE Co., Ltd. (Japan)",active,company,SHIN-ETSU Electric WIRE,"SHIN-ETSU Electric WIRE Co., Ltd. (Japan); SHIN-ETSU Electric WIRE Co., Ltd.; 信越電線株式会社*ja",,https://en.shinetsudensen.com,,shinetsudensen.com,1945,,,,,,,,,Ueda,Japan,1849429,,,,,,
,,"NEW Cosmos Electric Co., Ltd. (Japan)",active,company,NEW Cosmos Electric,"NEW Cosmos Electric Co., Ltd. (Japan); NEW Cosmos Electric Co., Ltd.; 新コスモス電機株式会社*ja",,https://www.new-cosmos.co.jp,,new-cosmos.co.jp,1960,,,,,,,Q11500956,Q11500956,Osaka,Japan,1853909,,,,,,
,,"Shinko Plantech Co., Ltd. (Japan)",active,company,Shinko Plantech,"Shinko Plantech Co., Ltd. (Japan); 新興プランテック株式会社*ja; RAIZNEXT Corporation; レイズネクスト株式会社*ja",,https://www.raiznext.co.jp,,raiznext.co.jp,1938,,,,,,,,,Yokohama,Japan,1848354,,,,,,
,,"Shinko Chemical Co., Ltd. (Japan)",active,company,Shinko Chemical,"Shinko Chemical Co., Ltd. (Japan); Shinko Chemical Co., Ltd.; 新興化学工業株式会社*ja",,https://shinko-chem.co.jp,,shinko-chem.co.jp,1938,,,,,,,,,Osaka,Japan,1853909,,,,,,
,,"Shinko Denshi Co., Ltd. (Japan)",active,company,Shinko Denshi,"Shinko Denshi Co., Ltd. (Japan); Shinko Denshi Co., Ltd.; 新光電子株式会社*ja",,https://www.vibra.co.jp,,vibra.co.jp,1963,,,,,,,,,Tokyo,Japan,1850147,,,,,,
,,The Nexsys Corporation (Japan),active,company,The Nexsys,The Nexsys Corporation (Japan); The Nexsys Corporation; 新世代加工システム株式会社*ja,,http://www.nexsys.co.jp,,nexsys.co.jp,,,,,,,,,,Yokohama,Japan,1848354,,,,,,
,,"BX Shinsei Seiki Co., Ltd. (Japan)",active,company,Shinsei Seiki,"BX Shinsei Seiki Co., Ltd. (Japan); BX Shinsei Seiki Co., Ltd.; ＢＸ新生精機株式会社*ja",,https://bxshinsei.com,,bxshinsei.com,,,,,,,,,,Kasai,Japan,11612478,,https://ror.org/054gh3109,,,,
,,Nitta Gelatin Inc. (Japan),active,company,Nitta Gelatin,Nitta Gelatin Inc. (Japan); Nitta Gelatin Inc.; 新田ゼラチン株式会社*ja,,https://nitta-gelatin.co.jp,,nitta-gelatin.co.jp,1945,,,,,,,Q96324033,Q96324033,Osaka,Japan,1853909,,,,,,
,,"Nippon Steel Engineering Co., Ltd. (Japan)",active,company,Nippon Steel Engineering,"Nippon Steel Engineering Co., Ltd. (Japan); Nippon Steel Engineering Co., Ltd.; 日鉄エンジニアリング株式会社*ja",,https://www.eng.nipponsteel.com,,nipponsteel.com,2006,,,,,,,Q11502417,Q11502417,Tokyo,Japan,1850147,,https://ror.org/016vzmc05,,,,
,,NS Solutions Corporation (Japan),active,company,NS Solution,NS Solutions Corporation (Japan); NS Solutions Corporation; 日鉄ソリューションズ株式会社*ja,,https://www.nssol.nipponsteel.com,,,1980,,,,,,,Q11502418,Q11502418,Tokyo,Japan,1850147,,https://ror.org/016vzmc05,,,,
,,"Nippon Steel & Sumikin Engineering Co., Ltd. (Japan)",active,company,Nippon Steel & Sumikin Engineering,"Nippon Steel & Sumikin Engineering Co., Ltd. (Japan); Nippon Steel & Sumikin Engineering Co., Ltd.; 新日鉄住金エンジニアリング株式会社*ja",,https://www.eng.nipponsteel.com,,nipponsteel.com,2006,,,,,,,Q11502417,Q11502417,Tokyo,Japan,1850147,,https://ror.org/016vzmc05,,,,
,,"SHIN Nippon AIR Technologies Co., Ltd. (Japan)",active,company,SHIN Nippon AIR Technologies,"SHIN Nippon AIR Technologies Co., Ltd. (Japan); SHIN Nippon AIR Technologies Co., Ltd.; 新日本空調株式会社*ja",SNK,https://www.snk.co.jp,,snk.co.jp,1969,,,,,,,Q11502398,Q11502398,Tokyo,Japan,1850147,,,,,,
,,"Shin Nippon Machinery Co., Ltd. (Japan)",active,company,SHIN Nippon Machinery,"Shin Nippon Machinery Co., Ltd. (Japan); Shin Nippon Machinery Co., Ltd.; 新日本造機株式会社*ja",,https://www.snm.co.jp,,snm.co.jp,1973,,,,,,,Q11502411,Q11502411,Tokyo,Japan,1850147,,https://ror.org/03yskk486,,,,
,,"Nippon Denko Co., Ltd. (Japan)",active,company,Nippon Denko,"Nippon Denko Co., Ltd. (Japan); Nippon Denko Co., Ltd.; 新日本電工株式会社*ja",,https://www.nippondenko.co.jp,,nippondenko.co.jp,1934,,,,,,,Q11509371,Q11509371,Tokyo,Japan,1850147,,https://ror.org/016vzmc05,,,,
,,Nisshinbo Micro Devices Inc. (Japan),active,company,New Japan Radio,"Nisshinbo Micro Devices Inc. (Japan); Nisshinbo Micro Devices Inc.; 日清紡マイクロデバイス株式会社*ja; New Japan Radio Co., Ltd.; 新日本無線株式会社*ja",,https://www.nisshinbo-microdevices.co.jp,,nisshinbo-microdevices.co.jp,1959,,,,,,,Q11502387,Q11502387,Tokyo,Japan,1850147,,https://ror.org/01ppn7a90,,,,
,,Nippon Steel & Sumikin Stainless Steel Corporation (Japan),inactive,company,Nippon Steel & Sumikin Stainless Steel,Nippon Steel & Sumikin Stainless Steel Corporation (Japan); Nippon Steel & Sumikin Stainless Steel Corporation; 新日鐵住金ステンレス株式会社*ja,,https://stainless.nipponsteel.com,,nipponsteel.com,2003,,,,,,,Q11502426,Q11502426,Tokyo,Japan,1850147,,https://ror.org/016vzmc05,,,https://ror.org/016vzmc05,
,,"Okinawa Morinaga Milk Industry Co., Ltd. (Japan)",active,company,Morinaga MILK Industry,"Okinawa Morinaga Milk Industry Co., Ltd. (Japan); Okinawa Morinaga Milk Industry Co., Ltd.; 沖縄森永乳業株式会社*ja",,https://www.okinawa-morinagamilk.co.jp,,okinawa-morinagamilk.co.jp,1970,,,,,,,Q11552706,Q11552706,Nishihara,Japan,1855341,,https://ror.org/04hy75g65,,,,
,,"Morita Chemical Industries Co., Ltd. (Japan)",active,company,Morita Chemical Industries,"Morita Chemical Industries Co., Ltd. (Japan); Morita Chemical Industries Co., Ltd.; 森田化学工業株式会社*ja",,https://www.morita-kagaku.co.jp,,morita-kagaku.co.jp,1935,,,,,,,Q11540060,Q11540060,Osaka,Japan,1853909,,,,,,
,,"Mori Denki Co., Ltd. (Japan)",active,company,MORI Denki MFG.,"Mori Denki Co., Ltd. (Japan); Mori Denki Co., Ltd.; 森電機株式会社*ja",,https://www.denkiya-mori.co.jp,,denkiya-mori.co.jp,1974,,,,,,,,,Tokyo,Japan,1850147,,,,,,
,,"Moriroku Company, Ltd. (Japan)",active,company,Moriroku Holdings Company,"Moriroku Company, Ltd. (Japan); Moriroku Company, Ltd.; 森六株式会社*ja",,https://www.moriroku.co.jp,,moriroku.co.jp,1916,,,,,,,,,Tokyo,Japan,1850147,,,,,,
,,Moriroku Company Ltd. (Japan),active,company,Moriroku Company,Moriroku Company Ltd. (Japan); Moriroku Company Ltd.; 森六株式会社*ja,,https://www.moriroku.co.jp/index.html,,moriroku.co.jp,1916,,,,,,,,,Tokyo,Japan,1850147,,,,,,
,,"Shinyei Technology Co., Ltd. (Japan)",active,company,Shinyei Technology,"Shinyei Technology Co., Ltd. (Japan); Shinyei Technology Co., Ltd.; 神栄テクノロジー株式会社*ja",,https://www.shinyei.co.jp/stc,,shinyei.co.jp,1985,,,,,,,,,Kobe,Japan,1859171,,,,,,
,,Shinyei Kaisha (Japan),active,company,,Shinyei Kaisha (Japan); Shinyei Kaisha; 神栄株式会社*ja,,https://www.shinyei.co.jp,,shinyei.co.jp,1887,,,,,,,Q11590367,Q11590367,Kobe,Japan,1859171,,,,,,
,,"KOBE Kiito Co., Ltd. (Japan)",active,company,KOBE Kiito,"KOBE Kiito Co., Ltd. (Japan); KOBE Kiito Co., Ltd.; 神戸生絲株式会社*ja",,https://www.kobekiito.co.jp,,kobekiito.co.jp,1942,,,,,,,,,Osaka,Japan,1853909,,,,,,
,,"KOBE Electric Railway Co., Ltd. (Japan)",active,company,KOBE Electric Railway,"KOBE Electric Railway Co., Ltd. (Japan); KOBE Electric Railway Co., Ltd.; 神戸電鉄株式会社*ja",,https://www.shintetsu.co.jp,,shintetsu.co.jp,1926,,,,,,,Q836658,Q836658,Kobe,Japan,1859171,,,,,,
,,"Shinko Seiki Co., Ltd. (Japan)",active,company,Shinko Seiki,"Shinko Seiki Co., Ltd. (Japan); Shinko Seiki Co., Ltd.; 神港精機株式会社*ja",,https://www.shinko-seiki.com,,shinko-seiki.com,1949,,,,,,,,,Kobe,Japan,1859171,,,,,,
,,"Shinko Pantec Co., Ltd. (Japan)",active,company,Shinko Pantec,"Shinko Pantec Co., Ltd. (Japan); Shinko Pantec Co., Ltd.; 神鋼パンテツク株式会社*ja",,http://www.pantec.co.jp,,pantec.co.jp,1954,,,,,,,,,Kobe,Japan,1859171,,https://ror.org/01d36yb27,,,,
,,"Nippon Steel Kobelco Metal Products Co., Ltd. (Japan)",active,company,Shinko Kenzai; 神鋼建材工業株式会社,"Nippon Steel Kobelco Metal Products Co., Ltd. (Japan); Nippon Steel Kobelco Metal Products Co., Ltd.; 日鉄神鋼建材株式会社*ja",,https://www.shinkokenzai.co.jp,,shinkokenzai.co.jp,1949,,,,,,,,,Tokyo,Japan,1850147,,,,https://ror.org/01d36yb27,,
,,"Shinko WIRE Co., Ltd. (Japan)",active,company,Shinko WIRE,"Shinko WIRE Co., Ltd. (Japan); Shinko WIRE Co., Ltd.; KOBELCO WIRE COMPANY, LTD.; 神鋼鋼線工業株式会社*ja",,https://www.shinko-wire.co.jp,,shinko-wire.co.jp,1954,,,,,,,Q11591005,Q11591005,Amagasaki,Japan,1865387,,https://ror.org/01d36yb27,,,,
,,"Shinko Electric Co., Ltd. (Japan)",active,company,Shinko Electric,"Shinko Electric Co., Ltd. (Japan); Sinfonia Technology Co., Ltd.; Shinko Electric Co., Ltd.; 神鋼電機株式会社*ja; シンフォニアテクノロジー株式会社*ja",,https://www.sinfo-t.jp,,sinfo-t.jp,1949,,,,,,,Q11308673,Q11308673,Tokyo,Japan,1850147,,,,,,
,,"Kanda Tsushin Kogyo Co., Ltd. (Japan)",active,company,Kanda Tsushin Kogyo,"Kanda Tsushin Kogyo Co., Ltd. (Japan); Kanda Tsushin Kogyo Co., Ltd.; 神田通信工業株式会社*ja",,https://www.kanda.co.jp,,kanda.co.jp,1939,,,,,,,,,Inzai,Japan,6822179,,,,,,
,,"Shinto Paint Co., Ltd. (Japan)",active,company,Shinto Paint,"Shinto Paint Co., Ltd. (Japan); Shinto Paint Co., Ltd.; 神東塗料株式会社*ja",,https://www.shintopaint.co.jp,,shintopaint.co.jp,1933,,,,,,,Q11590352,Q11590352,Amagasaki,Japan,1865387,,,,,,
,,"SUGA Co., Ltd. (Japan)",active,company,,"SUGA Co., Ltd. (Japan); SUGA Co., Ltd.; 須賀工業株式会社*ja",,https://www.suga-kogyo.co.jp,,suga-kogyo.co.jp,1925,,,,,,,Q11664807,Q11664807,Tokyo,Japan,1850147,,,,,,
,,Secaicho Union Corporation (Japan),active,company,Secaicho Union,Secaicho Union Corporation (Japan); Secaicho Union Corporation; 世界長ユニオン株式会社*ja,,http://www.secaicho-union.jp,,secaicho-union.jp,2010,,,,,,,Q11362473,Q11362473,Tokyo,Japan,1850147,,,,,,
,,Secaicho Corporation (Japan),active,company,Secaicho,Secaicho Corporation (Japan); Secaicho Corporation; 世界長株式会社*ja,,http://www.secaicho-union.jp,,secaicho-union.jp,1953,,,,,,,Q11362473,Q11362473,Tokyo,Japan,1850147,,,,,,
,,CHEMIPAZ CORPORATION (Japan),active,company,Seiko PMC Corporation; 星光PMC株式会社,CHEMIPAZ CORPORATION (Japan); CHEMIPAZ CORPORATION; CHEMIPAZ株式会社*ja,,https://www.chemipaz.com,,chemipaz.com,1968,,,,,,,Q11512810,Q11512810,Tokyo,Japan,1850147,,,,,,
,,"Kiyomoto Co., Ltd. (Japan)",active,company,Kiyomoto,"Kiyomoto Co., Ltd. (Japan); Kiyomoto Co., Ltd.; 清本鐵工株式会社*ja",,https://www.kiyomoto.co.jp,,kiyomoto.co.jp,1948,,,,,,,,,Nobeoka,Japan,1855095,,,,,,
,,"Seiko Chemical Co., Ltd. (Japan)",active,company,Seiko Chemical,"Seiko Chemical Co., Ltd. (Japan); Seiko Chemical Co., Ltd.; 精工化学株式会社*ja",,https://seiko-chem.co.jp/aboutus,,seiko-chem.co.jp,1947,,,,,,,,,Tokyo,Japan,1850147,,,,,,
,,"Nishikawa Rubber Co., Ltd. (Japan)",active,company,Nishikawa Rubber,"Nishikawa Rubber Co., Ltd. (Japan); Nishikawa Rubber Co., Ltd.; 西川ゴム工業株式会社*ja",,https://nishikawa-rbr.co.jp,,nishikawa-rbr.co.jp,1949,,,,,,,Q11628046,Q11628046,Hiroshima,Japan,1862415,,,,,,
,,"West Japan Engineering Consultants, Inc. (Japan)",active,company,West Japan Engineering Consultants,"West Japan Engineering Consultants, Inc. (Japan); West Japan Engineering Consultants, Inc.; 西日本技術開発株式会社*ja",,https://www.wjec.co.jp,,wjec.co.jp,1967,,,,,,,Q11628378,Q11628378,Fukuoka,Japan,1863967,,,,,,
,,West Nippon Expressway Company Limited (Japan),active,company,West Nippon Expressway Company,West Nippon Expressway Company Limited (Japan); West Nippon Expressway Company Limited; 西日本高速道路株式会社*ja,,https://www.w-nexco.co.jp,,w-nexco.co.jp,2005,,,,,,,Q1058127,Q1058127,Osaka,Japan,1853909,,,,,,
,,"Nishi-Nippon Railroad Co., Ltd. (Japan)",active,company,Nishi-Nippon Railroad,"Nishi-Nippon Railroad Co., Ltd. (Japan); Nishi-Nippon Railroad Co., Ltd.; 西日本鉄道株式会社*ja",,https://www.nishitetsu.co.jp,,nishitetsu.co.jp,1908,,,,,,,Q869251,Q869251,Fukuoka,Japan,1863967,,,,,,
,,Nippon Telegraph And Telephone West Corporation (Japan),active,company,Nippon Telegraph And Telephone West,Nippon Telegraph And Telephone West Corporation (Japan); Nippon Telegraph And Telephone West Corporation; 西日本電信電話株式会社*ja,,https://www.ntt-west.co.jp,,ntt-west.co.jp,1999,,,,,,,,,Osaka,Japan,1853909,,https://ror.org/00berct97,,,,
,,West Japan Railway Company (Japan),active,company,,West Japan Railway Company (Japan); West Japan Railway Company; 西日本旅客鉄道株式会社*ja,,https://www.westjr.co.jp,,westjr.co.jp,1987,,,,,0000 0000 9289 6940,0000 0000 9289 6940,Q502125,Q502125,Osaka,Japan,1853909,,,,,,
,,Osaka General Hospital Of West Japan Railway Company (Japan),active,healthcare,,Osaka General Hospital Of West Japan Railway Company (Japan); Osaka General Hospital Of West Japan Railway Company; 西日本旅客鉄道株式会社大阪鉄道病院*ja,,https://www.jrosakahosp.jp,,jrosakahosp.jp,1915,,,,,,,Q17221791,Q17221791,Osaka,Japan,1853909,,,,,,
,,Seibu Oil Company Limited (Japan),active,company,Seibu Oil Company,Seibu Oil Company Limited (Japan); Seibu Oil Company Limited; 西部石油株式会社*ja,,https://www.seibuoil.co.jp,,seibuoil.co.jp,1962,,,,,,,Q11629614,Q11629614,Sanyo-Onoda,Japan,11612582,,https://ror.org/002v59719,,,,
,,"Seibu Electric & Machinery Co., Ltd. (Japan)",active,company,Seibu Electric Machinery,"Seibu Electric & Machinery Co., Ltd. (Japan); Seibu Electric & Machinery Co., Ltd.; 西部電機株式会社*ja",,https://www.seibudenki.co.jp,,seibudenki.co.jp,1939,,,,,,,Q11629644,Q11629644,Koga,Japan,1859094,,,,,,
,,"Shizuoka GAS Co., Ltd. (Japan)",active,company,Shizuoka GAS,"Shizuoka GAS Co., Ltd. (Japan); Shizuoka GAS Co., Ltd.; 静岡ガス株式会社*ja",,https://www.shizuokagas.co.jp,,shizuokagas.co.jp,1910,,,,,,,Q11662902,Q11662902,Shizuoka,Japan,1851717,,,,,,
,,Shizuoka Technology Transfer Organization L.L.C. (Japan),active,company,,Shizuoka Technology Transfer Organization L.L.C. (Japan); Shizuoka Technology Transfer Organization L.L.C.; 静岡技術移転合同会社*ja,STTO,http://stto.jp,,stto.jp,,,,,,,,,,Hamamatsu,Japan,1863289,,,,,,
,,"Ishii Foods Co., Ltd. (Japan)",active,company,Ishii Foods,"Ishii Foods Co., Ltd. (Japan); Ishii Foods Co., Ltd.; 石井食品株式会社*ja",,https://www.iss-j.co.jp,,iss-j.co.jp,1972,,,,,,,,,Okayama,Japan,1854383,,,,,,
,,Wel-Dish Inc. (Japan),active,company,Ishigaki Foods; 石垣食品株式会社; 石垣食品,Wel-Dish Inc. (Japan); Wel-Dish Inc.; 株式会社ウェルディッシュ*ja,,https://wel-dish.co.jp,,wel-dish.co.jp,1957,,,,,,,Q11585421,Q11585421,Tokyo,Japan,1850147,,,,,,
,,"Ishihara Chemical Co., Ltd. (Japan)",active,company,Ishihara Chemical,"Ishihara Chemical Co., Ltd. (Japan); Ishihara Chemical Co., Ltd.; 石原ケミカル株式会社*ja",,https://www.unicon.co.jp,,unicon.co.jp,1939,,,,,,,Q11585310,Q11585310,Kobe,Japan,1859171,,,,,,
,,"Ishikawa Gasket Co., Ltd. (Japan)",active,company,Ishikawa Gasket,"Ishikawa Gasket Co., Ltd. (Japan); Ishikawa Gasket Co., Ltd.; 石川ガスケット株式会社*ja",,https://www.i-gas.co.jp,,i-gas.co.jp,1936,,,,,,,,,Tokyo,Japan,1850147,,,,,,
,,IHI Plant Services Corporation (Japan),active,company,"Ishikawajima Plant Construction Co., Ltd.; 石川島プラント建設株式会社",IHI Plant Services Corporation (Japan); IHI Plant Services Corporation; 株式会社IHIプラント*ja,,https://www.ipc-ihi.co.jp,,ipc-ihi.co.jp,1969,,,,,,,,,Tokyo,Japan,1850147,,https://ror.org/018nb9n34,,,,
,,"Ishikawajima Transport Machinery Co., Ltd. (Japan)",active,company,Ishikawajima Transport Machinery,"Ishikawajima Transport Machinery Co., Ltd. (Japan); Ishikawajima Transport Machinery Co., Ltd.; 石川島運搬機械株式会社*ja",,https://www.ip2.co.jp,,ip2.co.jp,1973,,,,,,,,,Tokyo,Japan,1850147,,https://ror.org/018nb9n34,,,,
,,"Ishikawajima Construction Materials Co., Ltd. (Japan)",active,company,株式会社IHI建材工業,"Ishikawajima Construction Materials Co., Ltd. (Japan); Ishikawajima Construction Materials Co., Ltd.; IKK Corp.; 石川島建材工業株式会社*ja; 株式会社IKK*ja",,https://www.ikk.co.jp,,ikk.co.jp,1974,,,,,,,,,Tokyo,Japan,1850147,,,,https://ror.org/018nb9n34,,
,,"Ishikawajima Shibaura Machinery Co., Ltd. (Japan)",active,company,Ishikawajima Shibaura Machinery,"Ishikawajima Shibaura Machinery Co., Ltd. (Japan); Ishikawajima Shibaura Machinery Co., Ltd.; 石川島芝浦機械株式会社*ja",,https://www.ihi.co.jp/iat/,,ihi.co.jp,1950,,,,,,,,,Chitose,Japan,2130452,,https://ror.org/018nb9n34,,,,
,,"Japan Petroleum Exploration Co., Ltd. (Japan)",active,company,Japan Petroleum Exploration,"Japan Petroleum Exploration Co., Ltd. (Japan); Japan Petroleum Exploration Co., Ltd.; 石油資源開発株式会社*ja",JAPEX,https://www.japex.co.jp,,japex.co.jp,1970,,,,,,,Q6107693,Q6107693,Tokyo,Japan,1850147,,,,,,
,,"Sekisui House, Ltd. (Japan)",active,company,Sekisui House,"Sekisui House, Ltd. (Japan); Sekisui House, Ltd.; 積水ハウス株式会社*ja",,https://www.sekisuihouse.co.jp,,sekisuihouse.co.jp,1960,,,,,,,Q1539141,Q1539141,Osaka,Japan,1853909,,,,,,
,,Sekisui Jushi Corporation (Japan),active,company,Sekisui Jushi,Sekisui Jushi Corporation (Japan); Sekisui Jushi Corporation; 積水樹脂株式会社*ja,,https://www.sekisuijushi.co.jp,,sekisuijushi.co.jp,1954,,,,,,,Q11597151,Q11597151,Osaka,Japan,1853909,,,,,,
,,"SNOW Brand SEED Co., Ltd. (Japan)",active,company,SNOW Brand SEED,"SNOW Brand SEED Co., Ltd. (Japan); SNOW Brand SEED Co., Ltd.; 雪印種苗株式会社*ja",,https://www.snowseed.co.jp,,snowseed.co.jp,1950,,,,,,,Q11659865,Q11659865,Sapporo,Japan,2128295,,https://ror.org/03y46gc61,,,,
,,"Senju Metal Industry Co., Ltd. (Japan)",active,company,,"Senju Metal Industry Co., Ltd. (Japan); Senju Metal Industry Co., Ltd.; 千住金属工業株式会社*ja",SMIC,https://www.senju.com,,senju.com,1938,,,,,,,Q128211808,Q128211808,Tokyo,Japan,1850147,,,,,,
,,"Chiyoda Integre Co., Ltd. (Japan)",active,company,Chiyoda Integre,"Chiyoda Integre Co., Ltd. (Japan); Chiyoda Integre Co., Ltd.; 千代田インテグレ株式会社*ja",,https://www.chiyoda-i.co.jp,,chiyoda-i.co.jp,1955,,,,,,,Q11405276,Q11405276,Tokyo,Japan,1850147,,,,,,
,,"Chiyoda Technoace Co., Ltd. (Japan)",active,company,Chiyoda Technoace,"Chiyoda Technoace Co., Ltd.; Chiyoda Technoace Co., Ltd. (Japan); 千代田テクノエース株式会社*ja",,http://www.cta.chiyoda.co.jp,,,1986,,,,,,,,,Yokohama,Japan,1848354,,,,,,
,,Chiyoda Corporation (Japan),active,company,Chiyoda,Chiyoda Corporation (Japan); Chiyoda Corporation; 千代田化工建設株式会社*ja,,https://www.chiyodacorp.com,,chiyodacorp.com,1948,,,,,0000 0001 0692 4536,0000 0001 0692 4536,Q955596,Q955596,Yokohama,Japan,1848354,,,,,,
,,"Chiba Flour Milling Co., Ltd. (Japan)",active,company,Chiba Flour Milling,"Chiba Flour Milling Co., Ltd. (Japan); Chiba Flour Milling Co., Ltd.; 千葉製粉株式会社*ja",,https://www.chiba-seifun.co.jp,,chiba-seifun.co.jp,1947,,,,,,,Q17213786,Q17213786,Chiba,Japan,2113015,,,,,,
,,"Kawaguchi Chemical Industry Co., Ltd. (Japan)",active,company,Kawaguchi Chemical Industry,"Kawaguchi Chemical Industry Co., Ltd. (Japan); Kawaguchi Chemical Industry Co., Ltd.; 川口化学工業株式会社*ja",,https://www.kawachem.co.jp,,kawachem.co.jp,1937,,,,,,,Q11477942,Q11477942,Tokyo,Japan,1850147,,,,,,
,,"Kawasaki Kisen Kaisha, Ltd. (Japan)",active,company,Kawasaki Kisen Kaisha,"Kawasaki Kisen Kaisha, Ltd. (Japan); Kawasaki Kisen Kaisha, Ltd.; 川崎汽船株式会社*ja",,https://www.kline.co.jp,,kline.co.jp,1919,,,,,,,Q425880,Q425880,Kobe,Japan,1859171,,,,,,
,,"Kawasaki Geological Engineering Co., Ltd. (Japan)",active,company,Kawasaki Geological Engineering,"Kawasaki Geological Engineering Co., Ltd. (Japan); Kawasaki Geological Engineering Co., Ltd.; 川崎地質株式会社*ja",,https://www.kge.co.jp,,kge.co.jp,1951,,,,,,,Q11478371,Q11478371,Tokyo,Japan,1850147,,,,,,
,,Kawasaki Hydromechanics Corporation (Japan),active,company,Kawasaki Hydromechanics,Kawasaki Hydromechanics Corporation (Japan); Kawasaki Hydromechanics Corporation; 川崎油工株式会社*ja,KHM,https://www.khm.co.jp,,khm.co.jp,1957,,,,,,,Q11478516,Q11478516,Akashi,Japan,1847966,,,,,,
,,"Kawasaki Thermal Engineering Co., Ltd. (Japan)",active,company,Kawasaki Thermal Engineering,"Kawasaki Thermal Engineering Co., Ltd. (Japan); Kawasaki Thermal Engineering Co., Ltd.; 川重冷熱工業株式会社*ja",,https://www.khi.co.jp/corp/kte/,,khi.co.jp,1972,,,,,,,Q11479335,Q11479335,Kusatsu,Japan,1858067,,https://ror.org/01sggg367,,,,
,,"Kawatetsu Machinery Co., Ltd. (Japan)",active,company,Kawatetsu Machinery,"Kawatetsu Machinery Co., Ltd. (Japan); Kawatetsu Machinery Co., Ltd.; 川鉄マシナリー株式会社*ja",,https://www.jfe-planteng.co.jp,,jfe-planteng.co.jp,1937,,,,,,,,,Tokyo,Japan,1850147,,,,,,
,,Kawamoto Corporation (Japan),active,company,Kawamoto,Kawamoto Corporation (Japan); Kawamoto Corporation; 川本産業株式会社*ja,,https://www.kawamoto-sangyo.co.jp,,kawamoto-sangyo.co.jp,1931,,,,,,,Q11478692,Q11478692,Osaka,Japan,1853909,,https://ror.org/02faq6h04,,,,
,,"Maeda Metal Industries, Ltd. (Japan)",active,company,Maeda Metal Industries,"Maeda Metal Industries, Ltd. (Japan); Maeda Metal Industries, Ltd.; 前田金属工業株式会社*ja",,https://www.maeda-metal.co.jp,,maeda-metal.co.jp,,,,,,,,,,Tachikawa,Japan,11611487,,,,,,
,,Maeda Corporation (Japan),active,company,,Maeda Corporation (Japan); Maeda Corporation; 前田建設工業株式会社*ja,,https://www.maeda.co.jp,,maeda.co.jp,1946,,,,,,,Q6729092,Q6729092,Tokyo,Japan,1850147,,,,,,
,,"Maeda ROAD Construction Co., Ltd. (Japan)",active,company,Maeda ROAD Construction,"Maeda ROAD Construction Co., Ltd. (Japan); Maeda ROAD Construction Co., Ltd.; 前田道路株式会社*ja",,https://ssl.maedaroad.co.jp,,maedaroad.co.jp,1930,,,,,,,Q11397738,Q11397738,Tokyo,Japan,1850147,,,,,,
,,"Maezawa Kasei Industries Co., Ltd. (Japan)",active,company,Maezawa Kasei Industries,"Maezawa Kasei Industries Co., Ltd. (Japan); Maezawa Kasei Industries Co., Ltd.; 前澤化成工業株式会社*ja",,https://www.maezawa-k.co.jp,,maezawa-k.co.jp,1954,,,,,,,Q11397355,Q11397355,Tokyo,Japan,1850147,,,,,,
,,"Maezawa Kyuso Industries Co., Ltd. (Japan)",active,company,Maezawa Kyuso Industries,"Maezawa Kyuso Industries Co., Ltd. (Japan); Maezawa Kyuso Industries Co., Ltd.; 前澤給装工業株式会社*ja",,https://www.qso.co.jp,,qso.co.jp,1957,,,,,,,Q11397357,Q11397357,Tokyo,Japan,1850147,,,,,,
,,"Maezawa Industries, Inc. (Japan)",active,company,Maezawa Industries,"Maezawa Industries, Inc. (Japan); Maezawa Industries, Inc.; 前澤工業株式会社*ja",,https://www.maezawa.co.jp,,maezawa.co.jp,1947,,,,,,,Q11397356,Q11397356,Tokyo,Japan,1850147,,,,,,
,,"SOGO Pharmaceutical Co., Ltd. (Japan)",active,company,SOGO Pharmaceutical,"SOGO Pharmaceutical Co., Ltd. (Japan); SOGO Pharmaceutical Co., Ltd.; 相互薬工株式会社*ja",,https://www.sogo-pharma.co.jp/index.html,,sogo-pharma.co.jp,1955,,,,,,,,,Tokyo,Japan,1850147,,,,,,
,,"Sagami Rubber Industries Co., Ltd. (Japan)",active,company,Sagami Rubber Industries,"Sagami Rubber Industries Co., Ltd. (Japan); Sagami Rubber Industries Co., Ltd.; 相模ゴム工業株式会社*ja",,https://www.sagami-gomu.co.jp,,sagami-gomu.co.jp,1944,,,,,,,Q11582081,Q11582081,Atsugi,Japan,1847963,,,,,,
,,"Sagami HAM Co., Ltd. (Japan)",active,company,Sagami HAM,"Sagami HAM Co., Ltd. (Japan); Sagami HAM Co., Ltd.; 相模ハム株式会社*ja",,http://www.sagamiham.co.jp,,sagamiham.co.jp,1948,,,,,,,Q11582082,Q11582082,Fujisawa,Japan,1864092,,,,,,
,,"Tsubasa Sogo Keibi Hosho Co., Ltd. (Japan)",active,company,,"Tsubasa Sogo Keibi Hosho Co., Ltd. (Japan); Tsubasa Sogo Keibi Hosho Co., Ltd.; 翼綜合警備保障株式会社*ja",,https://www.tsubasa-sogokeibihosho.jp,,tsubasa-sogokeibihosho.jp,,,,,,,,,,Tokyo,Japan,1850147,,,,,,
,,"Taihei Chemical Industrial Co., Ltd. (Japan)",active,company,Taihei Chemical Industrial,"Taihei Chemical Industrial Co., Ltd. (Japan); Taihei Chemical Industrial Co., Ltd.; 太平化学産業株式会社*ja",,https://www.taihei-chem.co.jp,,taihei-chem.co.jp,1946,,,,,,,,,Osaka,Japan,1853909,,,,,,
,,Taihei Chemicals Ltd. (Japan),active,company,Taihei Chemicals,Taihei Chemicals Ltd. (Japan); Taihei Chemicals Ltd.; 太平化学製品株式会社*ja,,http://www.taihei-chemicals.com,,taihei-chemicals.com,1938,,,,,,,Q17224962,Q17224962,Kawaguchi,Japan,1859730,,https://ror.org/05efy4j44,,,,
,,"Taihei Dengyo Kaisha, Ltd. (Japan)",active,company,Taihei Dengyo Kaisha,"Taihei Dengyo Kaisha, Ltd. (Japan); Taihei Dengyo Kaisha, Ltd.; 太平電業株式会社*ja",,https://www.taihei-dengyo.co.jp,,taihei-dengyo.co.jp,1947,,,,,,,Q96313234,Q96313234,Tokyo,Japan,1850147,,,,,,
,,"Taiyo Machinery Co., Ltd. (Japan)",active,company,Taiyo Machinery,"Taiyo Machinery Co., Ltd. (Japan); Taiyo Machinery Co., Ltd.; 太洋マシナリー株式会社*ja",,https://www.omco-taiyo.co.jp,,omco-taiyo.co.jp,1934,,,,,,,,,Osaka,Japan,1853909,,,,,,
,,"Taiyo Kisokogyo Co., Ltd. (Japan)",active,company,Taiyo Kisokogyo,"Taiyo Kisokogyo Co., Ltd. (Japan); Taiyo Kisokogyo Co., Ltd.; 太洋基礎工業株式会社*ja",,https://www.taiyoukiso.co.jp,,taiyoukiso.co.jp,1967,,,,,,,Q11444046,Q11444046,Nagoya,Japan,1856057,,,,,,
,,"Taiyo Industry Co., Ltd. (Japan)",active,company,Taiyo Industrial,"Taiyo Industry Co., Ltd. (Japan); Taiyo Industry Co., Ltd.; 太洋工業株式会社*ja",,https://taiyoindustry.com,,taiyoindustry.com,1950,,,,,,,,,Tokyo,Japan,1850147,,,,,,
,,"Taiyo INK MFG. Co., Ltd. (Japan)",active,company,Taiyo INK MFG.,"Taiyo INK MFG. Co., Ltd. (Japan); Taiyo INK MFG. Co., Ltd.; 太陽インキ製造株式会社*ja",,https://www.taiyo-hd.co.jp/group/ink/,,taiyo-hd.co.jp,1999,,,,,,,,,Ranzan,Japan,13118912,,,,,,
,,"Taiyo Kagaku Co., Ltd. (Japan)",active,company,Taiyo Kagaku,"Taiyo Kagaku Co., Ltd. (Japan); Taiyo Kagaku Co., Ltd.; 太陽化学株式会社*ja",,https://www.taiyokagaku.com,,taiyokagaku.com,1948,,,,,,,Q11444687,Q11444687,Yokkaichi,Japan,1848373,,,,,,
,,Taiyo Kogyo Corporation (Japan),active,company,Taiyo Kogyo,Taiyo Kogyo Corporation (Japan); Taiyo Kogyo Corporation; 太陽工業株式会社*ja,,https://www.taiyokogyo.co.jp,,taiyokogyo.co.jp,1947,,,,,,,Q7676647,Q7676647,Tokyo,Japan,1850147,,,,,,
,,"Taiyo Koko Co., Ltd. (Japan)",active,company,Taiyo KO KO,"Taiyo Koko Co., Ltd. (Japan); Taiyo Koko Co., Ltd.; 太陽鉱工株式会社*ja",,https://www.taiyokoko.co.jp/index.php,,taiyokoko.co.jp,1949,,,,,,,Q11444724,Q11444724,Kobe,Japan,1859171,,,,,,
,,"Taiyo OIL Co., Ltd. (Japan)",active,company,Taiyo OIL,"Taiyo OIL Co., Ltd. (Japan); Taiyo OIL Co., Ltd.; 太陽石油株式会社*ja",,https://www.taiyooil.net,,taiyooil.net,1941,,,,,,,Q11444708,Q11444708,Tokyo,Japan,1850147,,,,,,
,,Taiyo Yushi Corp. (Japan),active,company,Taiyo Yushi,Taiyo Yushi Corp. (Japan); Taiyo Yushi Corp.; 太陽油脂株式会社*ja,,https://taiyo-yushi.co.jp,,taiyo-yushi.co.jp,1947,,,,,,,Q11444701,Q11444701,Yokohama,Japan,1848354,,,,,,
,,"Daiki Engineering Co., Ltd. (Japan)",active,company,Daiki Engineering,"Daiki Engineering Co., Ltd. (Japan); Daiki Engineering Co., Ltd.; 大機エンジニアリング株式会社*ja",,https://daiki-eng.co.jp,,daiki-eng.co.jp,1993,,,,,,,,,Osaka,Japan,1853909,,,,,,
,,"Daiken Chemical Co., Ltd. (Japan)",active,company,Daiken Chemical,"Daiken Chemical Co., Ltd. (Japan); Daiken Chemical Co., Ltd.; 大研化学工業株式会社*ja",,https://www.daiken-chem.co.jp/index.php,,daiken-chem.co.jp,1951,,,,,,,,,Osaka,Japan,1853909,,,,,,
,,"Taiko Pharmaceutical Co., Ltd. (Japan)",active,company,Taiko Pharmaceutical,"Taiko Pharmaceutical Co., Ltd. (Japan); Taiko Pharmaceutical Co., Ltd.; 大幸薬品株式会社*ja",,https://www.seirogan.co.jp,,seirogan.co.jp,1946,,,,,,,Q11435321,Q11435321,Osaka,Japan,1853909,,,,,,
,,"Taiko Kikai Industries Co., Ltd. (Japan)",active,company,Taiko Kikai Industries,"Taiko Kikai Industries Co., Ltd. (Japan); Taiko Kikai Industries Co., Ltd.; 大晃機械工業株式会社*ja",,https://www.taiko-kk.com,,taiko-kk.com,1956,,,,,,,,,Tabuse,Japan,1851323,,,,,,
,,"Osaka Gas Liquid Co., Ltd. (Japan)",active,company,,"Osaka Gas Liquid Co., Ltd. (Japan); Osaka Gas Liquid Co., Ltd.; 大阪ガスリキッド株式会社*ja",,https://www.liquidgas.co.jp,,liquidgas.co.jp,1991,,,,,,,,,Osaka,Japan,1853909,,https://ror.org/03s6cj295,,,,
,,"The Osaka Printing Inkmfg.Co., Ltd. (Japan)",active,company,The Osaka Printing Inkmfg.,"The Osaka Printing Inkmfg.Co., Ltd. (Japan); OPI Corporation; 大阪印刷インキ製造株式会社*ja; OPI株式会社*ja",OPI,https://www.osakaink.co.jp,,osakaink.co.jp,1920,,,,,,,,,Osaka,Japan,1853909,,,,,,
,,NIDEC OKK CORPORATION (Japan),active,company,,NIDEC OKK CORPORATION (Japan); NIDEC OKK CORPORATION; ニデックオーケーケー株式会社*ja; 大阪機工株式会社*ja; OKK Corporation,OKK,https://www.nidec.com/nidec-okk,,nidec.com,1915,,,,,,,Q11441489,Q11441489,Ritto,Japan,6822115,,https://ror.org/05xmzbk80,,,,
,,"Osaka Steel Co., Ltd. (Japan)",active,company,Osaka Steel,"Osaka Steel Co., Ltd. (Japan); Osaka Steel Co., Ltd.; 大阪製鐵株式会社*ja",,https://www.osaka-seitetu.co.jp,,osaka-seitetu.co.jp,1978,,,,,,,Q11441615,Q11441615,Osaka,Japan,1853909,,https://ror.org/016vzmc05,,,,
,,Osaka Organic Chemical Industry Ltd. (Japan),active,company,Osaka Organic Chemical Industry,Osaka Organic Chemical Industry Ltd. (Japan); Osaka Organic Chemical Industry Ltd.; 大阪有機化学工業株式会社*ja,,https://www.ooc.co.jp,,ooc.co.jp,1946,,,,,,,Q11441472,Q11441472,Osaka,Japan,1853909,,,,,,
,,"Osaki Industry Co., Ltd. (Japan)",active,company,Osaki Industry,"Osaki Industry Co., Ltd. (Japan); Osaki Industry Co., Ltd.; 大崎工業株式会社*ja",,https://www.osaki-jpn.com,,osaki-jpn.com,1961,,,,,,,,,Sakai,Japan,1853195,,,,https://ror.org/0168wa849,,
,,"Osaki Electric Co., Ltd. (Japan)",active,company,Osaki Electric,"Osaki Electric Co., Ltd. (Japan); Osaki Electric Co., Ltd.; 大崎電気工業株式会社*ja",,https://www.osaki.co.jp,,osaki.co.jp,1937,,,,,,,Q11435077,Q11435077,Tokyo,Japan,1850147,,,,,,
,,"TAISEI U-LEC Co., Ltd. (Japan)",active,company,Taisei U-LEC Construction,"TAISEI U-LEC Co., Ltd. (Japan); TAISEI U-LEC Co., Ltd.; 大成ユーレック株式会社*ja",,https://www.u-lec.com,,u-lec.com,1963,,,,,,,Q28688164,Q28688164,Tokyo,Japan,1850147,,https://ror.org/015cafh73,,,,
,,"Taisei Lamick Co., Ltd. (Japan)",active,company,Taisei Lamick,"Taisei Lamick Co., Ltd. (Japan); Taisei Lamick Co., Ltd.; 大成ラミック株式会社*ja",,https://www.lamick.co.jp,,lamick.co.jp,2025,,,,,,,,,Shiraoka,Japan,1851883,,,,,,
,,"Taisei Oncho Co., Ltd. (Japan)",active,company,Taisei Oncho,"Taisei Oncho Co., Ltd. (Japan); Taisei Oncho Co., Ltd.; 大成温調株式会社*ja",,https://www.taisei-oncho.co.jp,,taisei-oncho.co.jp,1952,,,,,,,Q21019116,Q21019116,Tokyo,Japan,1850147,,,,,,
,,"Otsuka Chemical Co., Ltd. (Japan)",active,company,Otsuka Chemical,"Otsuka Chemical Co., Ltd. (Japan); Otsuka Chemical Co., Ltd.; 大塚化学株式会社*ja",,https://www.otsukac.co.jp,,otsukac.co.jp,1950,,,,,,,Q11433976,Q11433976,Osaka,Japan,1853909,,,,,,
,,"Oshima Applied Chemical Industry Co., Ltd. (Japan)",active,company,Oshima Applied Chemical Industry,"Oshima Applied Chemical Industry Co., Ltd. (Japan); Oshima Applied Chemical Industry Co., Ltd.; 大島応用化学工業株式会社*ja",,https://www.oshima-ohyo.co.jp,,oshima-ohyo.co.jp,1947,,,,,,,,,Osaka,Japan,1853909,,,,,,
,,"Oshima OHYO Co., Ltd. (Japan)",active,company,Oshima OHYO,"Oshima OHYO Co., Ltd. (Japan); Oshima OHYO Co., Ltd.; 大島応用株式会社*ja",,https://oshima-ohyo.co.jp,,oshima-ohyo.co.jp,1947,,,,,,,,,Osaka,Japan,1853909,,,,,,
,,"Oshima Agricultural Machinery MFG. Co., Ltd. (Japan)",active,company,Oshima Agricultural Machinery MFG.,"Oshima Agricultural Machinery MFG. Co., Ltd. (Japan); Oshima Agricultural Machinery MFG. Co., Ltd.; 大島農機株式会社*ja",,https://oshimanoki.com,,oshimanoki.com,1917,,,,,,,Q11434975,Q11434975,Jōetsu,Japan,6825489,,,,,,
,,"Daito Communication Apparatus Co., Ltd. (Japan)",active,company,Daito Communication Apparatus,"Daito Communication Apparatus Co., Ltd. (Japan); Daito Communication Apparatus Co., Ltd.; 大東通信機株式会社*ja",,https://www.daitotusin.co.jp/index.html,,daitotusin.co.jp,,,,,,,,,,Tokyo,Japan,1850147,,,,,,
,,"Daido Signal Co., Ltd. (Japan)",active,company,Daido Signal,"Daido Signal Co., Ltd. (Japan); Daido Signal Co., Ltd.; 大同信号株式会社*ja",,https://www.daido-signal.co.jp,,daido-signal.co.jp,1949,,,,,,,Q11433322,Q11433322,Tokyo,Japan,1850147,,,,,,
,,Daido Corporation (Japan),active,company,,Daido Corporation (Japan); Daido Corporation; 大同塗料株式会社*ja,,https://daido-toryo.co.jp,,daido-toryo.co.jp,1937,,,,,,,Q11433325,Q11433325,Osaka,Japan,1853909,,,,,,
,,"Dia Nippon Engineering Consultants Co., Ltd. (Japan)",active,company,Nippon Engineering Consultants,"Dia Nippon Engineering Consultants Co., Ltd. (Japan); Dia Nippon Engineering Consultants Co., Ltd.; 大日本ダイヤコンサルタント株式会社*ja; Nippon Engineering Consultants Co., Ltd.; 大日本コンサルタント株式会社*ja",,https://www.dd-con.co.jp,,dd-con.co.jp,1963,,,,,,,Q11435637,Q11435637,Tokyo,Japan,1850147,,,,,,
,,"Dainippon Plastics Co., Ltd. (Japan)",active,company,Dainippon Plastics,"Dainippon Plastics Co., Ltd. (Japan); Dainippon Plastics Co., Ltd.; 大日本プラスチックス株式会社*ja",,https://www.tc-civil.co.jp,,tc-civil.co.jp,1956,,,,,,,,,Osaka,Japan,1853909,,https://ror.org/02y7x2v21,,,,
,,"Dainihon Jochugiku Co., Ltd. (Japan)",active,company,Dainihon Jochugiku,"Dainihon Jochugiku Co., Ltd. (Japan); Dainihon Jochugiku Co., Ltd.; 大日本除蟲菊株式会社*ja",,http://www.kincho.co.jp,,kincho.co.jp,1919,,,,,,,Q11435750,Q11435750,Osaka,Japan,1853909,,,,,,
,,"DAI Nippon Toryo Co., Ltd. (Japan)",active,company,DAI Nippon Toryo,"DAI Nippon Toryo Co., Ltd. (Japan); DAI Nippon Toryo Co., Ltd.; 大日本塗料株式会社*ja",DNT,https://www.dnt.co.jp,,dnt.co.jp,1929,,,,,,,Q10935589,Q10935589,Osaka,Japan,1853909,,,,,,
,,"Dai Nippon Construction Co., Ltd. (Japan)",active,company,Dainippon Construction,"Dai Nippon Construction Co., Ltd. (Japan); Dai Nippon Construction Co., Ltd.; 大日本土木株式会社*ja",,https://www.dnc.co.jp,,dnc.co.jp,1944,,,,,,,Q11435650,Q11435650,Gifu,Japan,1863641,,,,,,
,,"Dainihon WOOD Preserving Co., Ltd. (Japan)",active,company,Dainihon WOOD Preserving,"Dainihon WOOD Preserving Co., Ltd. (Japan); Dainihon WOOD Preserving Co., Ltd.; 大日本木材防腐株式会社*ja",,https://www.d-m-b.co.jp,,d-m-b.co.jp,1921,,,,,,,Q11435730,Q11435730,Nagoya,Japan,1856057,,,,,,
,,"Pacific Metals Co., Ltd. (Japan)",active,company,Pacific Metals,"Pacific Metals Co., Ltd. (Japan); Pacific Metals Co., Ltd.; 大平洋金属株式会社*ja",,https://www.pacific-metals.co.jp,,pacific-metals.co.jp,1949,,,,,,,Q7122558,Q7122558,Tokyo,Japan,1850147,,,,,,
,,"Taiho Kogyo Co., Ltd. (Japan)",active,company,Taiho Kogyo,"Taiho Kogyo Co., Ltd. (Japan); Taiho Kogyo Co., Ltd.; 大豊工業株式会社*ja",,https://www.taihonet.co.jp,,taihonet.co.jp,1944,,,,,,,Q11439193,Q11439193,Toyota,Japan,1849814,,,,,,
,,OHKI Corporation (Japan),active,company,,OHKI Corporation (Japan); OHKI Corporation; 大木建設株式会社*ja,,https://www.ohki.jp,,ohki.jp,2004,,,,,,,,,Tokyo,Japan,1850147,,,,,,
,,"OHKI Brass & Copper Co., Ltd. (Japan)",active,company,OHKI Brass & Copper,"OHKI Brass & Copper Co., Ltd. (Japan); OHKI Brass & Copper Co., Ltd.; 大木伸銅工業株式会社*ja",,http://ohkishindo.co.jp,,ohkishindo.co.jp,1942,,,,,,,,,Tokyo,Japan,1850147,,,,,,
,,Taiyo Vinyl Corporation (Japan),active,company,Taiyo Vinyl,Taiyo Vinyl Corporation (Japan); Taiyo Vinyl Corporation; 大洋塩ビ株式会社*ja,,https://www.taiyo-vinyl.co.jp,,taiyo-vinyl.co.jp,,,,,,,,,,Tokyo,Japan,1850147,,https://ror.org/05efy4j44,,,,
,,"Taiyo Pharmaceutical Industry Co., Ltd. (Japan)",active,company,Taiyo Pharmaceutical Industry,"Taiyo Pharmaceutical Industry Co., Ltd. (Japan); Taiyo Pharmaceutical Industry Co., Ltd.; 大洋薬品工業株式会社*ja",,https://www.ts-pharma.com,,ts-pharma.com,,,,,,,,,,Tokyo,Japan,1850147,,,,,,
,,Nippon Sanso Corporation (Japan),active,company,Taiyo Nippon Sanso,Nippon Sanso Corporation (Japan); Nippon Sanso Corporation; 日本酸素株式会社*ja,,https://www.tn-sanso.co.jp/company,,tn-sanso.co.jp,2020,,,,,,,,,Tokyo,Japan,1850147,,,,,,
,,Obayashi ROAD Corporation (Japan),active,company,Obayashi ROAD,Obayashi ROAD Corporation (Japan); Obayashi ROAD Corporation; 大林道路株式会社*ja,,https://www.obayashi-road.co.jp,,obayashi-road.co.jp,1933,,,,,,,Q11436218,Q11436218,Tokyo,Japan,1850147,,https://ror.org/027qqvd10,,,,
,,"Daiwa House Industry Co., Ltd. (Japan)",active,company,Daiwa House Industry,"Daiwa House Industry Co., Ltd. (Japan); Daiwa House Industry Co., Ltd.; 大和ハウス工業株式会社*ja",,https://www.daiwahouse.com,,daiwahouse.com,1947,,,,,,,,,Osaka,Japan,1853909,,,,,,
,,"Daiwa Construction Co., Ltd. (Japan)",active,company,Daiwa Construction,"Daiwa Construction Co., Ltd. (Japan); Daiwa Construction Co., Ltd.; 大和建設株式会社*ja",,https://ground-d.jp,,ground-d.jp,2006,,,,,,,,,Chōfu,Japan,1864518,,,,,,
,,"Daiwa Kogyo Co., Ltd. (Japan)",active,company,Yamato Kogyo,"Daiwa Kogyo Co., Ltd. (Japan); Daiwa Kogyo Co., Ltd.; 大和工業株式会社*ja",,https://www.daiwa-kogyo.jp,,daiwa-kogyo.jp,1967,,,,,,,,,Kawagoe,Japan,1859740,,,,,,
,,"Yamato Scale Co., Ltd. (Japan)",active,company,Yamato Scale,"Yamato Scale Co., Ltd. (Japan); Yamato Scale Co., Ltd.; 大和製衡株式会社*ja",,https://www.yamato-scale.co.jp,,yamato-scale.co.jp,1945,,,,,,,Q964400,Q964400,Akashi,Japan,1847966,,,,,,
,,Daiwa CAN Company (Japan),active,company,,Daiwa CAN Company (Japan); Daiwa CAN Company; 大和製罐株式会社*ja,,https://www.daiwa-can.com,,daiwa-can.com,1939,,,,,,,,,Tokyo,Japan,1850147,,,,,,
,,"Daiwabo Co., Ltd. (Japan)",active,company,Daiwabo,"Daiwabo Co., Ltd. (Japan); Daiwabo Co., Ltd.; 大和紡績株式会社*ja",,https://www.daiwabo.co.jp,,daiwabo.co.jp,2009,,,,,,,Q136767309,Q136767309,Osaka,Japan,1853909,,,,,,
,,Daiwa Industries Ltd. (Japan),active,company,Daiwa Industries,Daiwa Industries Ltd. (Japan); Daiwa Industries Ltd.; だいわ株式会社*ja; 大和冷機工業株式会社*ja,,https://www.daiwa-inds.com,,daiwa-inds.com,1962,,,,,,,,,Osaka,Japan,1853909,,,,,,
,,"First Baking Co., Ltd. (Japan)",active,company,,"First Baking Co., Ltd. (Japan); First Baking Co., Ltd.; 第一屋製パン株式会社*ja",,https://www.daiichipan.co.jp,,daiichipan.co.jp,1955,,,,,,,Q11602061,Q11602061,Kodaira,Japan,11611930,,,,,,
,,"Daiichi Kasei Co., Ltd. (Japan)",active,company,Daiichi Kasei,"Daiichi Kasei Co., Ltd. (Japan); Daiichi Kasei Co., Ltd.; 第一化成株式会社*ja",,https://daiichikasei.com,,daiichikasei.com,1989,,,,,,,,,Matsumoto,Japan,1857519,,,,,,
,,"Daiichi Kigenso Kagaku Kogyo Co., Ltd. (Japan)",active,company,Daiichi Kigenso Kagaku Kogyo,"Daiichi Kigenso Kagaku Kogyo Co., Ltd. (Japan); Daiichi Kigenso Kagaku Kogyo Co., Ltd.; 第一稀元素化学工業株式会社*ja",,https://www.dkkk.co.jp,,dkkk.co.jp,1956,,,,,,,Q11602098,Q11602098,Osaka,Japan,1853909,,,,,,
,,"DAI-ICHI HIGH Frequency Co., Ltd. (Japan)",active,company,DAI-ICHI HIGH Frequency,"DAI-ICHI HIGH Frequency Co., Ltd. (Japan); DAI-ICHI HIGH Frequency Co., Ltd.; 第一高周波工業株式会社*ja",,https://dhf.co.jp,,dhf.co.jp,1950,,,,,,,,,Tokyo,Japan,1850147,,,,,,
,,"Daiichi Co., Ltd. (Japan)",active,company,"Daiichi Seimo Co., Ltd.; 第一製網株式会社","Daiichi Co., Ltd. (Japan); Daiichi Co., Ltd.; 株式会社ダイイチ*ja",,https://daiichi-cps.jp,,daiichi-cps.jp,1954,,,,,,,,,Arao,Japan,11274040,,,,,,
,,"Daiichi Yakuhin Kogyo Co., Ltd. (Japan)",active,company,Daiichi Yakuhin Kogyo,"Daiichi Yakuhin Kogyo Co., Ltd. (Japan); Daiichi Yakuhin Kogyo Co., Ltd.; 第一薬品工業株式会社*ja",,https://www.d1yk.co.jp,,d1yk.co.jp,1942,,,,,,,,,Toyama,Japan,1849876,,,,,,
,,"The Takigami Steel Construction Co., Ltd. (Japan)",active,company,The Takigami Steel Construction,"The Takigami Steel Construction Co., Ltd. (Japan); The Takigami Steel Construction Co., Ltd.; 瀧上工業株式会社*ja",,https://www.takigami.co.jp,,takigami.co.jp,1937,,,,,,,Q17209728,Q17209728,Handa,Japan,1863209,,,,,,
,,"Takenaka System Co., Ltd. (Japan)",active,company,Takenaka System,"Takenaka System Co., Ltd. (Japan); Takenaka System Co., Ltd.; 竹中システム機器株式会社*ja",,https://www.takex-system.co.jp,,takex-system.co.jp,1975,,,,,,,,,Kyoto,Japan,1857910,,,,,,
,,"CHUO Kagaku Co., Ltd. (Japan)",active,company,CHUO Kagaku,"CHUO Kagaku Co., Ltd. (Japan); CHUO Kagaku Co., Ltd.; 中央化学株式会社*ja",,http://www.chuo-kagaku.co.jp,,chuo-kagaku.co.jp,1961,,,,,,,Q11363624,Q11363624,Tokyo,Japan,1850147,,,,,,
,,"CHUO Malleable IRON Co., Ltd. (Japan)",active,company,CHUO Malleable IRON,"CHUO Malleable IRON Co., Ltd. (Japan); CHUO Malleable IRON Co., Ltd.; 中央可鍛工業株式会社*ja",,https://chuokatan.co.jp/index.php,,chuokatan.co.jp,1944,,,,,,,Q11363643,Q11363643,Nagoya,Japan,1856057,,,,,,
,,"CHUO Precision Industrial Co., Ltd. (Japan)",active,company,CHUO Precision Industrial,"CHUO Precision Industrial Co., Ltd. (Japan); CHUO Precision Industrial Co., Ltd.; 中央精機株式会社*ja",,https://www.chuo.co.jp,,chuo.co.jp,1959,,,,,,,,,Tokyo,Japan,1850147,,,,,,
,,"CHUO Spring Co., Ltd. (Japan)",active,company,CHUO Spring,"CHUO Spring Co., Ltd. (Japan); CHUO Spring Co., Ltd.; 中央発條株式会社*ja",,https://www.chkk.co.jp,,chkk.co.jp,1948,,,,,,,Q11363733,Q11363733,Nagoya,Japan,1856057,,,,,,
,,"CHUORIKA KOGYO Co., Ltd. (Japan)",active,company,CHUO RIKA Kogyo,"CHUORIKA KOGYO Co., Ltd. (Japan); CHUORIKA KOGYO Co., Ltd.; 中央理化工業株式会社*ja",,https://www.chirika.co.jp,,chirika.co.jp,1925,,,,,,,,,Tokyo,Japan,1850147,,https://ror.org/054tdt156,,,,
,,"Chugai RO Co., Ltd. (Japan)",active,company,Chugai RO,"Chugai RO Co., Ltd. (Japan); Chugai RO Co., Ltd.; 中外炉工業株式会社*ja",,https://chugai.co.jp,,chugai.co.jp,1945,,,,,,,https://wikidata.org/wiki/Q11363539,https://wikidata.org/wiki/Q11363539,Osaka,Japan,1853909,,,,,,
,,Japan Environmental Storage & Safety Corporation (Japan),active,company,Japan Environmental Storage & Safety,Japan Environmental Storage & Safety Corporation (Japan); Japan Environmental Storage & Safety Corporation; 中間貯蔵・環境安全事業株式会社*ja,JESCO,https://www.jesconet.co.jp,,jesconet.co.jp,2004,,,,,,,Q11508601,Q11508601,Tokyo,Japan,1850147,,,,,,
,,"Chugoku Kayaku Co., Ltd. (Japan)",active,company,Chugoku Kayaku,"Chugoku Kayaku Co., Ltd. (Japan); Chugoku Kayaku Co., Ltd.; 中国化薬株式会社*ja",,https://www.chugokukayaku.co.jp,,chugokukayaku.co.jp,1947,,,,,,,Q11363340,Q11363340,Kure,Japan,1858296,,,,,,
,,"SAKURAO Brewery and Distillery Co., Ltd. (Japan)",active,company,"中国醸造株式会社; Chugoku Jozo Co., Ltd.","SAKURAO Brewery and Distillery Co., Ltd. (Japan); SAKURAO Brewery and Distillery Co., Ltd.; 株式会社サクラオブルワリーアンドディスティラリー*ja",,https://www.sakuraobd.co.jp,,sakuraobd.co.jp,1918,,,,,,,Q11363444,Q11363444,Hatsukaichi,Japan,1863018,,,,,,
,,"Chugoku Electric MFG. Co., Ltd. (Japan)",active,company,Chugoku Electric MFG.,"Chugoku Electric MFG. Co., Ltd. (Japan); Chugoku Electric MFG. Co., Ltd.; 中国電機製造株式会社*ja",,https://chuki.jp,,chuki.jp,1962,,,,,,,,,Hiroshima,Japan,1862415,,https://ror.org/02va37h22,,https://ror.org/031hy7140,,
,,"Chugoku Electric WIRE Cable Co., Ltd. (Japan)",active,company,Chugoku Electric WIRE Cable,"Chugoku Electric WIRE Cable Co., Ltd. (Japan); Chugoku Electric WIRE Cable Co., Ltd.; 中国電線工業株式会社*ja",,https://www.chugokudensen.co.jp,,chugokudensen.co.jp,1950,,,,,,,,,Fujiidera,Japan,6825495,,https://ror.org/01qxh4c22,,,,
,,Central Nippon Expressway Company Limited (Japan),active,company,Central Nippon Expressway Company,Central Nippon Expressway Company Limited (Japan); Central Nippon Expressway Company Limited; 中日本高速道路株式会社*ja,,https://www.c-nexco.co.jp,,c-nexco.co.jp,2005,,,,,,,Q1050159,Q1050159,Nagoya,Japan,1856057,,,,,,
,,"Chubu Steel Plate Co., Ltd. (Japan)",active,company,Chubu Steel Plate,"Chubu Steel Plate Co., Ltd. (Japan); Chubu Steel Plate Co., Ltd.; 中部鋼鈑株式会社*ja",,https://www.chubukohan.co.jp,,chubukohan.co.jp,1950,,,,,,,Q11367344,Q11367344,Nagoya,Japan,1856057,,,,,,
,,"Chubu Shiryo Co., Ltd. (Japan)",active,company,Chubu Shiryo,"Chubu Shiryo Co., Ltd. (Japan); Chubu Shiryo Co., Ltd.; 中部飼料株式会社*ja",,https://www.chubushiryo.co.jp,,chubushiryo.co.jp,1949,,,,,,,Q11367348,Q11367348,Nagoya,Japan,1856057,,,,,,
,,Asahi Woodtec Corp. (Japan),active,company,Asahi Woodtec,Asahi Woodtec Corp. (Japan); Asahi Woodtec Corp.; 朝日ウッドテック株式会社*ja,,https://en.woodtec.co.jp,,woodtec.co.jp,1952,,,,,,,Q17191208,Q17191208,Osaka,Japan,1853909,,,,,,
,,"Asahi Roentgen Industries Co., Ltd. (Japan)",active,company,Asahi Roentgen Industries,"Asahi Roentgen Industries Co., Ltd. (Japan); Asahi Roentgen Industries Co., Ltd.; 朝日レントゲン工業株式会社*ja",,https://asahi-xray.co.jp,,asahi-xray.co.jp,1956,,,,,,,Q29479271,Q29479271,Kyoto,Japan,1857910,,,,,,
,,"Asahi Onkyo Co., Ltd. (Japan)",active,company,Asahi Onkyo,"Asahi Onkyo Co., Ltd. (Japan); Asahi Onkyo Co., Ltd.; 朝日音響株式会社*ja",,https://www.asahionkyo.co.jp,,asahionkyo.co.jp,1977,,,,,,,,,Shichijō,Japan,1852576,,,,,,
,,"Asahi Industries Co., Ltd. (Japan)",active,company,Asahi Industries,"Asahi Industries Co., Ltd. (Japan); Asahi Industries Co., Ltd.; 朝日工業株式会社*ja",,http://www.asahione.co.jp,,asahione.co.jp,1951,,,,,,,,,Yashio,Japan,1848499,,,,,,
,,"Asahi Shuzo Co., Ltd. (Japan)",active,company,Asahi Syuzo,"Asahi Shuzo Co., Ltd. (Japan); Asahi Shuzo Co., Ltd.; 朝日酒造株式会社*ja",,https://www.kokuto-asahi.co.jp,,kokuto-asahi.co.jp,1960,,,,,,,Q11517610,Q11517610,Akaren,Japan,1865526,,,,,,
,,"Panasonic Electric Works Asahi Co., Ltd. (Japan)",active,company,Asahi Matsushita Electric Works,"Panasonic Electric Works Asahi Co., Ltd. (Japan); Panasonic Electric Works Asahi Co., Ltd.; パナソニック エレクトリックワークス朝日株式会社*ja; 朝日松下電工株式会社*ja",,https://panasonic.co.jp/ew/pewasa/,,panasonic.co.jp,2007,,,,,,,,,Higashiagatsuma,Japan,1863160,,https://ror.org/011tm7n37,,,,
,,"Nagano Keiki Co., Ltd. (Japan)",active,company,Nagano Keiki,"Nagano Keiki Co., Ltd. (Japan); Nagano Keiki Co., Ltd.; 長野計器株式会社*ja",,https://www.naganokeiki.co.jp,,naganokeiki.co.jp,1948,,,,,,,Q11654839,Q11654839,Tokyo,Japan,1850147,,,,,,
,,"Nagano Japan Radio Co., Ltd. (Japan)",active,company,Nagano Japan Radio,"Nagano Japan Radio Co., Ltd. (Japan); Nagano Japan Radio Co., Ltd.; 長野日本無線株式会社*ja",,https://www.njrc.jp,,njrc.jp,1949,,,,,,,Q11654214,Q11654214,Nagano,Japan,1856215,,https://ror.org/01ppn7a90,,,,
,,"The Torigoe Co., Ltd. (Japan)",active,company,The Torigoe,"The Torigoe Co., Ltd. (Japan); The Torigoe Co., Ltd.; 鳥越製粉株式会社*ja",,https://www.the-torigoe.co.jp,,the-torigoe.co.jp,1935,,,,,,,Q11675152,Q11675152,Fukuoka,Japan,1863967,,,,,,
,,"Tsuda Industries Co., Ltd. (Japan)",active,company,Tsuda Industries,"Tsuda Industries Co., Ltd. (Japan); Tsuda Industries Co., Ltd.; 津田工業株式会社*ja",,https://www.tsudaindustrial.co.jp,,tsudaindustrial.co.jp,1966,,,,,,,,,Yamata,Japan,9192643,,,,,,
,,"Tsuda Electric WIRE Cable MFG. Co., Ltd. (Japan)",active,company,Tsuda Electric WIRE Cable MFG.,"Tsuda Electric WIRE Cable MFG. Co., Ltd. (Japan); Tsuda Electric WIRE Cable MFG. Co., Ltd.; 津田電線株式会社*ja",,https://www.tsuda-densen.co.jp,,tsuda-densen.co.jp,1931,,,,,,,,,Kyoto,Japan,1857910,,,,,,
,,"Tsurumi Concrete Co., Ltd. (Japan)",active,company,Tsurumi Concrete,"Tsurumi Concrete Co., Ltd. (Japan); Tsurumi Concrete Co., Ltd.; 鶴見コンクリート株式会社*ja",,https://tsuru-con.co.jp,,tsuru-con.co.jp,1949,,,,,,,,,Yokohama,Japan,1848354,,,,,,
,,"Teikoku Printing Inks Mfg. Co., Ltd. (Japan)",active,company,Teikoku Printing INKS MFG.,"Teikoku Printing Inks Mfg. Co., Ltd. (Japan); Teikoku Printing Inks Mfg. Co., Ltd.; 帝国インキ製造株式会社*ja",,https://www.teikokuink.com,,teikokuink.com,1895,,,,,,,Q11481000,Q11481000,Tokyo,Japan,1850147,,,,,,
,,"Teikoku SEN-I Co., Ltd. (Japan)",active,company,Teikoku SEN-I,"Teikoku SEN-I Co., Ltd. (Japan); Teikoku SEN-I Co., Ltd.; 帝国繊維株式会社*ja",,https://www.teisen.co.jp,,teisen.co.jp,1950,,,,,,,Q17216987,Q17216987,Tokyo,Japan,1850147,,,,,,
,,"Teikoku Tsushin Kogyo Co., Ltd. (Japan)",active,company,Teikoku Tsushin Kogyo,"Teikoku Tsushin Kogyo Co., Ltd. (Japan); Teikoku Tsushin Kogyo Co., Ltd.; 帝国通信工業株式会社*ja",,https://www.noble-j.co.jp,,noble-j.co.jp,1944,,,,,,,Q48758531,Q48758531,Kawasaki,Japan,1859642,,,,,,
,,Teijin Chemicals Ltd. (Japan),inactive,company,,Teijin Chemicals Ltd. (Japan); Teijin Chemicals Ltd.; 帝人化成株式会社*ja,,teijinkasei.co.jp,,teijinkasei.co.jp,1947,,,,,,,Q11480997,Q11480997,Tokyo,Japan,1850147,,,,,https://ror.org/038kxkq33,
,,"Research Institute for Novel Natural-Materials Co., Ltd. (Japan)",active,company,Research Institue For Novel Natural-Materials,"Research Institute for Novel Natural-Materials Co., Ltd. (Japan); Research Institute for Novel Natural-Materials Co., Ltd.; 天然新素材科学研究所株式会社*ja",,https://www.tennen-shinsozai.co.jp,,tennen-shinsozai.co.jp,2004,,,,,,,Q11442892,Q11442892,Shimada,Japan,1852472,,,,,,
,,"Tenryu Seiki Co., Ltd. (Japan)",active,company,Tenryu Seiki,"Tenryu Seiki Co., Ltd. (Japan); Tenryu Seiki Co., Ltd.; 天竜精機株式会社*ja",,https://www.tenryuseiki.co.jp,,tenryuseiki.co.jp,1959,,,,,,,,,Komagane,Japan,6822178,,,,,,
,,"Tenryu Industries Co., Ltd. (Japan)",active,company,Tenryu Industries,"Tenryu Industries Co., Ltd. (Japan); Tenryu Industries Co., Ltd.; 天龍工業株式会社*ja",,https://www.tenryu-kogyo.co.jp,,tenryu-kogyo.co.jp,2009,,,,,,,Q11443801,Q11443801,Toyama,Japan,1849876,,,,,,
,,"Tenryu Saw Mfg. Co., Ltd. (Japan)",active,company,Tenryu SAW MFG.,"Tenryu Saw Mfg. Co., Ltd. (Japan); Tenryu Saw Mfg. Co., Ltd.; 天龍製鋸株式会社*ja",,https://www.tenryu-saw.com,,tenryu-saw.com,1913,,,,,,,Q11443806,Q11443806,Fukuroi,Japan,1863945,,,,,,
,,"TASAKI & Co., Ltd. (Japan)",active,company,"Tasaki Shinju; Tasaki Shinju Co., Ltd.; 田崎真珠株式会社","TASAKI & Co., Ltd. (Japan); TASAKI & Co., Ltd.; 株式会社TASAKI*ja",,https://www.tasaki.co.jp,,tasaki.co.jp,2017,,,,,,,Q11248175,Q11248175,Kobe,Japan,1859171,,,,,,
,,"TANAKA PRECIOUS METAL TECHNOLOGIES Co., Ltd. (Japan)",active,company,Tanaka Kikinzoku Kogyo,"TANAKA PRECIOUS METAL TECHNOLOGIES Co., Ltd. (Japan); TANAKA PRECIOUS METAL TECHNOLOGIES Co., Ltd.; Tanaka Kikinzoku Kogyo K.K.; 田中貴金属工業株式会社*ja",,https://www.tanaka.co.jp,,tanaka.co.jp,1918,,,,,,,Q11575980,Q11575980,Tokyo,Japan,1850147,,https://ror.org/03aewna27,,,,
,,"Tanaka Seimitsu Kogyo Co., Ltd. (Japan)",active,company,Tanaka Seimitsu Kogyo,"Tanaka Seimitsu Kogyo Co., Ltd. (Japan); Tanaka Seimitsu Kogyo Co., Ltd.; 田中精密工業株式会社*ja",,https://www.tanasei.co.jp/about/introduction,,tanasei.co.jp,1957,,,,,,,Q11575824,Q11575824,Toyama,Japan,1849876,,,,,,
,,"Tanabe Plastics Machinery Co., Ltd. (Japan)",active,company,Tanabe Plastics Machinery,"Tanabe Plastics Machinery Co., Ltd. (Japan); Tanabe Plastics Machinery Co., Ltd.; 田辺プラスチックス機械株式会社*ja",,http://www.tanabe-yyy.co.jp,,tanabe-yyy.co.jp,1954,,,,,,,,,Tokyo,Japan,1850147,,,,,,
,,Tanabe Engineering Corporation (Japan),active,company,Tanabe Engineering,Tanabe Engineering Corporation (Japan); Tanabe Engineering Corporation; 田辺工業株式会社*ja,,https://www.tanabe-ind.co.jp,,tanabe-ind.co.jp,1969,,,,,,,,,Mito,Japan,2111901,,,,,,
,,"Denki Kogyo Co., Ltd. (Japan)",active,company,Denki Kogyo,"Denki Kogyo Co., Ltd. (Japan); Denki Kogyo Co., Ltd.; 電気興業株式会社*ja",DKK,https://denkikogyo.co.jp,,denkikogyo.co.jp,1950,,,,,,,Q11660436,Q11660436,Tokyo,Japan,1850147,,,,,,
,,"Dengensha Toa Co., Ltd. (Japan)",active,company,Dengensha Toa,"Dengensha Toa Co., Ltd. (Japan); Dengensha Toa Co., Ltd.; 電元社トーア株式会社*ja",,https://www.dengenshatoa.co.jp,,dengenshatoa.co.jp,1951,,,,,,,,,Kawasaki,Japan,1859642,,,,,,
,,Tosoh Finechem Corporation (Japan),active,company,Tosoh Finechem,Tosoh Finechem Corporation (Japan); 東ソー・ファインケム株式会社*ja,,https://www.tosoh-finechem.co.jp,,tosoh-finechem.co.jp,1965,,,,,,,,,Shūnan,Japan,11612583,,https://ror.org/05efy4j44,,,,
,,"DOW Corning Toray Silicone Co., Ltd. (Japan)",active,company,DOW Corning Toray Silicone,"DOW Corning Toray Silicone Co., Ltd. (Japan); DOW Corning Toray Silicone Co., Ltd.; 東レ・ダウコーニング・シリコーン株式会社*ja",,https://www.dupont-toray-sm.co.jp,,dupont-toray-sm.co.jp,1966,,,,,,,Q11523852,Q11523852,Tokyo,Japan,1850147,,,,,,
,,"DOW Corning Toray Co., Ltd. (Japan)",active,company,DOW Corning Toray,"DOW Corning Toray Co., Ltd. (Japan); DOW Corning Toray Co., Ltd.; 東レ・ダウコーニング株式会社*ja; デュポン・東レ・スペシャルティ・マテリアル株式会社*ja; DuPont Toray Specialty Materials K.K.",,https://www.dupont-toray-sm.co.jp,,dupont-toray-sm.co.jp,1966,,,,,,,Q11523852,Q11523852,Tokyo,Japan,1850147,,,,,,
,,"Toray Textiles, Inc. (Japan)",active,company,Toray Textiles,"Toray Textiles, Inc. (Japan); Toray Textiles, Inc.; 東レ・テキスタイル株式会社*ja",,https://www.toray-textiles.co.jp,,toray-textiles.co.jp,2008,,,,,,,,,Inazawa,Japan,1861602,,https://ror.org/029xh1r47,,,,
,,"DU PONT-Toray Co., Ltd. (Japan)",active,company,DU PONT-Toray,"DU PONT-Toray Co., Ltd. (Japan); DU PONT-Toray Co., Ltd.; 東レ・デュポン株式会社*ja",,https://www.td-net.co.jp,,td-net.co.jp,1964,,,,,,,,,Tokyo,Japan,1850147,,https://ror.org/029xh1r47,,,,
,,"Toray FINE Chemicals Co., Ltd. (Japan)",active,company,Toray FINE Chemicals,"Toray FINE Chemicals Co., Ltd. (Japan); Toray FINE Chemicals Co., Ltd.; 東レ・ファインケミカル株式会社*ja",,https://www.torayfinechemicals.com,,torayfinechemicals.com,1932,,,,,,,,,Tokyo,Japan,1850147,,https://ror.org/029xh1r47,,,,
,,"Toray Medical Co., Ltd. (Japan)",active,company,Toray Medical,"Toray Medical Co., Ltd. (Japan); Toray Medical Co., Ltd.; 東レ・メディカル株式会社*ja",,https://www.toray-medical.com,,toray-medical.com,1980,,,,,,,,,Tokyo,Japan,1850147,,https://ror.org/029xh1r47,,,,
,,"Toray Engineering Co., Ltd. (Japan)",active,company,Toray Engineering,"Toray Engineering Co., Ltd. (Japan); Toray Engineering Co., Ltd.; 東レエンジニアリング株式会社*ja",,https://www.toray-eng.co.jp,,toray-eng.co.jp,1960,,,,,,,Q138340723,Q138340723,Tokyo,Japan,1850147,,,,,,
,,"TVE Co., Ltd. (Japan)",active,company,Toa Valve Engineering; Toa Valve Engineering Inc.,"TVE Co., Ltd. (Japan); TVE Co., Ltd.; 株式会社TVE*ja; 東亜バルブエンジニアリング株式会社*ja",TVE,https://www.toavalve.co.jp,,toavalve.co.jp,2000,,,,,,,Q11523940,Q11523940,Amagasaki,Japan,1865387,,,,,,
,,"TOA Valve Co., Ltd. (Japan)",active,company,TOA Valve,"TOA Valve Co., Ltd. (Japan); TOA Valve Co., Ltd.; TVE Co., Ltd.; 東亜バルブ株式会社*ja; 株式会社TVE*ja",,https://www.toavalve.co.jp,,toavalve.co.jp,2000,,,,,,,,,Amagasaki,Japan,1865387,,,,,,
,,"TOA KOKI Co., Ltd. (Japan)",active,company,TOA KOKI,"TOA KOKI Co., Ltd. (Japan); TOA KOKI Co., Ltd.; 東亜工機株式会社*ja",,https://www.toakoki.co.jp,,toakoki.co.jp,1944,,,,,,,Q11523952,Q11523952,Kashima,Japan,1859941,,,,,,
,,Toa Road Corporation (Japan),active,company,TOA DORO Kogyo,Toa Road Corporation (Japan); Toa Road Corporation; 東亜道路工業株式会社*ja,,https://www.toadoro.co.jp,,toadoro.co.jp,1930,,,,,,,Q11523961,Q11523961,Tokyo,Japan,1850147,,,,,,
,,"Tokai Aluminum Foil Co., Ltd. (Japan)",active,company,Tokai Aluminum FOIL,"Tokai Aluminum Foil Co., Ltd. (Japan); Tokai Aluminum Foil Co., Ltd.; 東海アルミ箔株式会社*ja",,http://www.tokai-alumi.co.jp,,tokai-alumi.co.jp,1911,,,,,,,Q22128238,Q22128238,Yokohama,Japan,1848354,,,,,,
,,"Tokai Carbon Co., Ltd. (Japan)",active,company,Tokai Carbon,"Tokai Carbon Co., Ltd. (Japan); Tokai Carbon Co., Ltd.; 東海カーボン株式会社*ja",,https://www.tokaicarbon.co.jp,,tokaicarbon.co.jp,1918,,,,,,,Q7813461,Q7813461,Tokyo,Japan,1850147,,,,,,
,,"Tokai Concrete Industries, Co., Ltd. (Japan)",active,company,Tokai Concrete Industries,"Tokai Concrete Industries, Co., Ltd. (Japan); Tokai Concrete Industries, Co., Ltd.; 東海コンクリート工業株式会社*ja",,https://www.tcon.co.jp,,tcon.co.jp,1954,,,,,,,,,Inabe,Japan,6822173,,,,,,
,,"Tokai Pulp & Paper Co., Ltd. (Japan)",active,company,Tokai PULP,"Tokai Pulp & Paper Co., Ltd. (Japan); Tokai Pulp & Paper Co., Ltd.; 東海パルプ株式会社*ja",,http://www.tokai-pulp.co.jp,,tokai-pulp.co.jp,1907,,,,,,,Q11527779,Q11527779,Tokyo,Japan,1850147,,,,,,
,,"Tokai Optical Co., Ltd. (Japan)",active,company,Tokai Optical,"Tokai Optical Co., Ltd. (Japan); Tokai Optical Co., Ltd.; 東海光学株式会社*ja",,https://www.tokaiopt.co.jp,,tokaiopt.co.jp,1957,,,,,,,,,Okazaki,Japan,1854376,,,,,,
,,"Tokai Konetsu Kogyo Co., Ltd. (Japan)",active,company,Tokai Konetsu Kogyo,"Tokai Konetsu Kogyo Co., Ltd. (Japan); Tokai Konetsu Kogyo Co., Ltd.; 東海高熱工業株式会社*ja",,https://www.tokaikonetsu.co.jp,,tokaikonetsu.co.jp,1936,,,,,,,,,Tokyo,Japan,1850147,,,,,,
,,Tokai Senko K.K. (Japan),active,company,Tokai Senko,Tokai Senko K.K. (Japan); Tokai Senko K.K.; 東海染工株式会社*ja,,https://tokai-senko.co.jp,,tokai-senko.co.jp,1941,,,,,,,Q11527922,Q11527922,Nagoya,Japan,1856057,,,,,,
,,"Tokai Riken Co., Ltd. (Japan)",active,company,Tokai Riken,"Tokai Riken Co., Ltd. (Japan); Tokai Riken Co., Ltd.; 東海理研株式会社*ja",,https://www.tokairiken.co.jp,,tokairiken.co.jp,1968,,,,,,,,,Seki,Japan,1852775,,,,,,
,,"Tokyu Construction Co., Ltd. (Japan)",active,company,Tokyu Construction,"Tokyu Construction Co., Ltd. (Japan); Tokyu Construction Co., Ltd.; 東急建設株式会社*ja",,https://www.tokyu-cnst.co.jp,,tokyu-cnst.co.jp,2003,,,,,,,Q11527014,Q11527014,Tokyo,Japan,1850147,,,,,,
,,Tokyu Land Corp. (Japan),active,company,Tokyu Land,Tokyu Land Corp. (Japan); Tokyu Land Corp.; 東急不動産株式会社*ja,,https://www.tokyu-land.co.jp,,tokyu-land.co.jp,1953,,,,,,,Q7814064,Q7814064,Tokyo,Japan,1850147,,,,,,
,,"Tokyo Printing INK MFG. Co., Ltd. (Japan)",active,company,Tokyo Printing INK MFG.,"Tokyo Printing INK MFG. Co., Ltd. (Japan); Tokyo Printing INK MFG. Co., Ltd.; 東京インキ株式会社*ja",,https://www.tokyoink.co.jp,,tokyoink.co.jp,1923,,,,,,,Q96323565,Q96323565,Tokyo,Japan,1850147,,,,,,
,,Tokyo Electron Technology Solutions Limited (Japan),active,company,Tokyo Electron Technology Solutions,Tokyo Electron Technology Solutions Limited (Japan); Tokyo Electron Technology Solutions Limited; 東京エレクトロンテクノロジーソリューションズ株式会社*ja,,https://www.tel.com/about/locations/tyl.html,,tel.com,1983,,,,,,,Q11524085,Q11524085,Nirasaki,Japan,1855363,,https://ror.org/05gd76j39,,,,
,,Tokyo Electron Kyushu Ltd (Japan),active,company,Tokyo Electron Kyushu,Tokyo Electron Kyushu Ltd (Japan); Tokyo Electron Kyushu Ltd; 東京エレクトロン九州株式会社*ja,,https://www.tel.com/about/locations/tkl.html,,tel.com,1987,,,,,,,,,Kōshi,Japan,11612553,,https://ror.org/05gd76j39,,,,
,,Tokyo Gas Engineering Solutions Corporation (Japan),active,company,Tokyo GAS Engineering,"Tokyo Gas Engineering Solutions Corporation (Japan); Tokyo Gas Engineering Solutions Corporation; 東京ガスエンジニアリングソリューションズ株式会社*ja; Tokyo Gas Engineering Co., Ltd.; 東京ガス・エンジニアリング株式会社*ja",,https://www.tokyogas-es.co.jp,,tokyogas-es.co.jp,1974,,,,,,,Q11524109,Q11524109,Tokyo,Japan,1850147,,https://ror.org/044pzhf68,,,,
,,"Tokyo Gas Chemicals Co., Ltd. (Japan)",active,company,Tokyo Gas Chemicals,"Tokyo Gas Chemicals Co., Ltd. (Japan); Tokyo Gas Chemicals Co., Ltd.; 東京ガスケミカル株式会社*ja",TGC,https://www.tgc.jp,,tgc.jp,1973,,,,,,,Q11524110,Q11524110,Tokyo,Japan,1850147,,https://ror.org/044pzhf68,,,,
,,"Tokyo Cosmos Electric Co., Ltd. (Japan)",active,company,Tokyo Cosmos Electric,"Tokyo Cosmos Electric Co., Ltd. (Japan); Tokyo Cosmos Electric Co., Ltd.; 東京コスモス電機株式会社*ja",,https://www.tocos-j.co.jp,,tocos-j.co.jp,1957,,,,,,,Q11524139,Q11524139,Zama,Japan,1848004,,,,,,
,,"Tokyo System House Co., Ltd. (Japan)",active,company,Tokyo System House,"Tokyo System House Co., Ltd. (Japan); Tokyo System House Co., Ltd.; 東京システムハウス株式会社*ja",,https://www.tsh-world.co.jp,,tsh-world.co.jp,1976,,,,,,,,,Tokyo,Japan,1850147,,,,,,
,,"Tokyo Silicone Co., Ltd. (Japan)",active,company,Tokyo Silicone,"Tokyo Silicone Co., Ltd. (Japan); Tokyo Silicone Co., Ltd.; 東京シリコーン株式会社*ja",,http://www.t-silicone.co.jp,,t-silicone.co.jp,1957,,,,,,,,,Kawagoe,Japan,1859740,,,,,,
,,"Tokyo FOOD Co., Ltd. (Japan)",active,company,Tokyo FOOD,"Tokyo FOOD Co., Ltd. (Japan); Tokyo FOOD Co., Ltd.; 東京フード株式会社*ja",,https://www.tokyo-food.com,,tokyo-food.com,1967,,,,,,,Q11524368,Q11524368,Tsukuba,Japan,2110681,,,,,,
,,"Tokyo Radiator MFG. Co., Ltd. (Japan)",active,company,Tokyo Radiator MFG.,"Tokyo Radiator MFG. Co., Ltd. (Japan); Tokyo Radiator MFG. Co., Ltd.; 東京ラヂエーター製造株式会社*ja",,https://www.tokyo-radiator.co.jp,,tokyo-radiator.co.jp,1938,,,,,,,Q11524457,Q11524457,Fujisawa,Japan,1864092,,,,,,
,,Tokyu Corp. (Japan),active,company,,Tokyu Corp. (Japan); Tokyu Corp.; 東京急行電鉄株式会社*ja,,https://www.tokyu.co.jp,,tokyu.co.jp,1922,,,,,,,Q1332242,Q1332242,Tokyo,Japan,1850147,,,,,,
,,"Tokyo Tatemono Co., Ltd. (Japan)",active,company,Tokyo Tatemono,"Tokyo Tatemono Co., Ltd. (Japan); Tokyo Tatemono Co., Ltd.; 東京建物株式会社*ja",,https://tatemono.com,,tatemono.com,1896,,,,,,,Q11524838,Q11524838,Tokyo,Japan,1850147,,,,,,
,,"Tokyo Photoelectric Co., Ltd. (Japan)",active,company,Tokyo Photoelectric,"Tokyo Photoelectric Co., Ltd. (Japan); Tokyo Photoelectric Co., Ltd.; 東京光電株式会社*ja",,https://tokyokoden.com,,tokyokoden.com,1949,,,,,,,,,Tokyo,Japan,1850147,,,,,,
,,"Tokyo OPTO-Electronics Co., Ltd. (Japan)",active,company,Tokyo OPTO-Electronics,"Tokyo OPTO-Electronics Co., Ltd. (Japan); Tokyo OPTO-Electronics Co., Ltd.; 東京光電子工業株式会社*ja",,https://www.toe.co.jp/index.htm,,toe.co.jp,1969,,,,,,,,,Tokyo,Japan,1850147,,,,,,
,,"Tokyo Aircraft Instrument Co., Ltd. (Japan)",active,company,Tokyo Aircraft Instrument,"Tokyo Aircraft Instrument Co., Ltd. (Japan); Tokyo Aircraft Instrument Co., Ltd.; 東京航空計器株式会社*ja",TKK,https://www.tkk-air.co.jp,,tkk-air.co.jp,1937,,,,,,,Q22128592,Q22128592,Machida,Japan,1857871,,,,,,
,,"Tokyo ROPE MFG. Co., Ltd. (Japan)",active,company,Tokyo ROPE MFG.,"Tokyo ROPE MFG. Co., Ltd. (Japan); Tokyo ROPE MFG. Co., Ltd.; 東京製綱株式会社*ja",,https://www.tokyorope.co.jp,,tokyorope.co.jp,1887,,,,,,,Q11525138,Q11525138,Tokyo,Japan,1850147,,,,,,
,,"Tokyo Steel MFG. Co., Ltd. (Japan)",active,company,Tokyo Steel MFG.,"Tokyo Steel MFG. Co., Ltd. (Japan); Tokyo Steel MFG. Co., Ltd.; 東京製鐵株式会社*ja",,https://www.tokyosteel.co.jp,,tokyosteel.co.jp,1934,,,,,,,Q11525139,Q11525139,Tokyo,Japan,1850147,,,,,,
,,"Tokyo Metro Co., Ltd. (Japan)",active,company,Tokyo Metro,"Tokyo Metro Co., Ltd. (Japan); Tokyo Metro Co., Ltd.; 東京地下鉄株式会社*ja",,https://www.tokyometro.jp/index.html,,tokyometro.jp,2004,,,,,0000 0000 9883 9517,0000 0000 9883 9517,Q682894,Q682894,Tokyo,Japan,1850147,,,,,,
,,"Tokyo Electronics Trading Co., Ltd. (Japan)",active,company,Tokyo Electronics Trading,"Tokyo Electronics Trading Co., Ltd. (Japan); Tokyo Electronics Trading Co., Ltd.; 東京電子交易株式会社*ja",TET,https://www.tet.co.jp,,tet.co.jp,1977,,,,,,,,,Tachikawa,Japan,11611487,,,,,,
,,"Tokyo Denpa Co., Ltd. (Japan)",active,company,Tokyo Denpa,"Tokyo Denpa Co., Ltd. (Japan); Tokyo Denpa Co., Ltd.; 東京電波株式会社*ja",,https://corporate.murata.com/ja-jp/group/iwatemurata,,murata.com,1949,,,,,,,,,Morioka,Japan,2111834,,https://ror.org/04hd8bd67,,,,
,,Tokyo HOSO Co.ltd. (Japan),active,company,Tokyo HOSO,Tokyo HOSO Co.ltd. (Japan); Tokyo HOSO Co.ltd.; 東京鋪装工業株式会社*ja,,https://www.tokyohoso.co.jp,,tokyohoso.co.jp,1947,,,,,,,,,Tokyo,Japan,1850147,,,,,,
,,"Tokyo Tekko Co., Ltd. (Japan)",active,company,Tokyo Tekko,"Tokyo Tekko Co., Ltd. (Japan); Tokyo Tekko Co., Ltd.; 東京鐵鋼株式会社*ja",,https://www.tokyotekko.co.jp,,tokyotekko.co.jp,1939,,,,,,,Q11525897,Q11525897,Oyama,Japan,1853483,,,,,,
,,TOKO Geotech Corporation (Japan),active,company,TOKO Geotech,TOKO Geotech Corporation (Japan); TOKO Geotech Corporation; 東興ジオテック株式会社*ja,,https://www.toko-geo.co.jp,,toko-geo.co.jp,1956,,,,,,,Q97342276,Q97342276,Tokyo,Japan,1850147,,,,,,
,,"Toko Tekko Co., Ltd. (Japan)",active,company,,"Toko Tekko Co., Ltd. (Japan); TOKO Tekko Kabushiki Kaisha; 東光鉄工株式会社*ja",,https://www.toko-tekko.co.jp,,toko-tekko.co.jp,1973,,,,,,,,,Ōdate,Japan,2128787,,,,,,
,,"TOKO Electrical Construction Co., Ltd. (Japan)",active,company,TOKO Electrical Construction,"TOKO Electrical Construction Co., Ltd. (Japan); TOKO Electrical Construction Co., Ltd.; 東光電気工事株式会社*ja",,https://www.tokodenko.co.jp,,tokodenko.co.jp,1947,,,,,,,Q27017021,Q27017021,Tokyo,Japan,1850147,,,,,,
,,Toshiba Infrastructure Systems & Solutions Corporation (Japan),inactive,company,Toshiba Infrastructure Systems & Solutions,Toshiba Infrastructure Systems & Solutions Corporation (Japan); Toshiba Infrastructure Systems & Solutions Corporation; 東芝インフラシステムズ株式会社*ja,TISS,https://www.global.toshiba/ww/outline/infrastructure/profile.html,,global.toshiba,1974,,,,,,,Q43593242,Q43593242,Kawasaki,Japan,1859642,,https://ror.org/0326v3z14,,,https://ror.org/0326v3z14,
,,Toshiba Energy Systems & Solutions Corporation (Japan),inactive,company,Toshiba Energy Systems & Solutions,Toshiba Energy Systems & Solutions Corporation (Japan); Toshiba Energy Systems & Solutions Corporation; 東芝エネルギーシステムズ株式会社*ja,,https://www.toshiba-energy.com,,toshiba-energy.com,2017,,,,,,,Q85881275,Q85881275,Kawasaki,Japan,1859642,,https://ror.org/0326v3z14,,,https://ror.org/0326v3z14,
,,Carrier Japan Corporation (Japan),active,company,Toshiba Carrier; Toshiba Carrier Corporation; 東芝キヤリア株式会社,Carrier Japan Corporation; 日本キヤリア株式会社*ja,,https://www.toshiba-carrier.co.jp,,toshiba-carrier.co.jp,1999,,,,,,,,,Tokyo,Japan,1850147,,https://ror.org/00my8w381,,https://ror.org/0326v3z14,,
,,Toshiba Digital Solutions Corporation (Japan),inactive,company,Toshiba Solutions,Toshiba Digital Solutions Corporation (Japan); Toshiba Digital Solutions Corporation; 東芝デジタルソリューションズ株式会社*ja; Toshiba Solutions Corporation; 東芝ソリューション株式会社*ja,TDSL,http://www.toshiba-sol.co.jp,,toshiba-sol.co.jp,2003,,,,,,,Q11528232,Q11528232,Kawasaki,Japan,1859642,,https://ror.org/0326v3z14,,,https://ror.org/0326v3z14,
,,"Toshiba Electronic SYSTEMS Co., Ltd. (Japan)",active,company,Toshiba Electronic SYSTEMS,"Toshiba Electronic SYSTEMS Co., Ltd. (Japan); Toshiba Electronic SYSTEMS Co., Ltd.; 東芝テスコ株式会社*ja",,https://www.toshiba-tesco.co.jp,,toshiba-tesco.co.jp,1963,,,,,,,,,Tokyo,Japan,1850147,,https://ror.org/0326v3z14,,,,
,,Toshiba TEC Corporation (Japan),active,company,Toshiba TEC,Toshiba TEC Corporation (Japan); Toshiba TEC Corporation; 東芝テック株式会社*ja,,https://www.toshibatec.com,,toshibatec.com,1950,,,,,,,,,Tokyo,Japan,1850147,,https://ror.org/0326v3z14,,,,
,,Toshiba Electronic Devices & Storage Corporation (Japan),active,company,Toshiba Electronic Devices & Storage,Toshiba Electronic Devices & Storage Corporation (Japan); Toshiba Electronic Devices & Storage Corporation; 東芝デバイス&ストレージ株式会社*ja,,https://toshiba.semicon-storage.com,,semicon-storage.com,2017,,,,,,,Q43305348,Q43305348,Kawasaki,Japan,1859642,,https://ror.org/0326v3z14,,,,
,,Toshiba TELI Corporation (Japan),active,company,Toshiba TELI,Toshiba TELI Corporation (Japan); Toshiba TELI Corporation; 東芝テリー株式会社*ja,,https://www.toshiba-teli.co.jp/index.htm,,toshiba-teli.co.jp,2023,,,,,,,,,Hino,Japan,1862599,,https://ror.org/0326v3z14,,,,
,,Toshiba Plant Systems & Services Corporation (Japan),active,company,Toshiba Plant SYSTEMS & Services,Toshiba Plant Systems & Services Corporation (Japan); Toshiba Plant Systems & Services Corporation; 東芝プラントシステム株式会社*ja,,https://www.toshiba-tpsc.co.jp,,toshiba-tpsc.co.jp,1938,,,,,,,Q11528240,Q11528240,Kawasaki,Japan,1859642,,https://ror.org/0326v3z14,,,,
,,"Toshiba Plant Kensetsu Co., Ltd. (Japan)",active,company,Toshiba Plant Kensetsu,"Toshiba Plant Kensetsu Co., Ltd. (Japan); Toshiba Plant Kensetsu Co., Ltd.; 東芝プラント建設株式会社*ja",,https://www.toshiba-tpsc.co.jp,,toshiba-tpsc.co.jp,1938,,,,,,,Q11528240,Q11528240,Kawasaki,Japan,1859642,,,,,,
,,Toshiba Lifestyle Products & Services Corporation (Japan),active,company,Toshiba Home Appliances,Toshiba Lifestyle Products & Services Corporation (Japan); Toshiba Lifestyle Products & Services Corporation; Toshiba Home Appliances Corporation; 東芝ライフスタイル株式会社*ja; 東芝ホームアプライアンス株式会社*ja,TLSC,https://www.toshiba-lifestyle.com/jp/,,toshiba-lifestyle.com,2008,,,,,,,Q11528241,Q11528241,Kawasaki,Japan,1859642,,https://ror.org/006fm2278,,,,
,,Toshiba Lighting & Technology Corporation (Japan),active,company,Toshiba Lighting & Technology,Toshiba Lighting & Technology Corporation (Japan); Toshiba Lighting & Technology Corporation; 東芝ライテック株式会社*ja,,https://www.tlt.co.jp,,tlt.co.jp,1974,,,,,,,Q11528244,Q11528244,Yokosuka,Japan,1848313,,https://ror.org/0326v3z14,,,,
,,"Toshiba Battery Co., Ltd. (Japan)",active,company,Toshiba Battery,"Toshiba Battery Co., Ltd. (Japan); Toshiba Battery Co., Ltd.; 東芝電池株式会社*ja",,http://www.tbcl.co.jp,,tbcl.co.jp,1954,,,,,,,Q11528263,Q11528263,Annaka,Japan,1865290,,,,,,
,,"Toshiba Electro-WAVE Products Co., Ltd. (Japan)",active,company,Toshiba Electro-WAVE Products,"Toshiba Electro-WAVE Products Co., Ltd. (Japan); Toshiba Electro-WAVE Products Co., Ltd.; 東芝電波プロダクツ株式会社*ja",,https://www.toshiba.co.jp/tept/,,toshiba.co.jp,1963,,,,,,,,,Kawasaki,Japan,1859642,,https://ror.org/0326v3z14,,,,
,,East Nippon Expressway Company Limited (Japan),active,company,East Nippon Expressway Company,East Nippon Expressway Company Limited (Japan); East Nippon Expressway Company Limited; 東日本高速道路株式会社*ja,,https://www.e-nexco.co.jp,,e-nexco.co.jp,2005,,,,,,,Q1068351,Q1068351,Tokyo,Japan,1850147,,,,,,
,,Nippon Telegraph And Telephone East Corporation (Japan),active,company,Nippon Telegraph And Telephone East,Nippon Telegraph And Telephone East Corporation (Japan); Nippon Telegraph And Telephone East Corporation; 東日本電信電話株式会社*ja,,https://www.ntt-east.co.jp,,ntt-east.co.jp,1999,,,,,,,,,Tokyo,Japan,1850147,,https://ror.org/00berct97,,,,
,,"Toho Co., Ltd. (Japan)",active,company,,"Toho Co., Ltd. (Japan); Toho Co., Ltd.; 東宝株式会社*ja",,https://www.toho.co.jp,,toho.co.jp,1932,,,,,0000 0001 2172 1948,0000 0001 2172 1948,Q875920,Q875920,Tokyo,Japan,1850147,,,,,,
,,"TOHO Acetylene Co., Ltd. (Japan)",active,company,TOHO Acetylene,"TOHO Acetylene Co., Ltd. (Japan); TOHO Acetylene Co., Ltd.; 東邦アセチレン株式会社*ja",,https://www.toho-ace.co.jp,,toho-ace.co.jp,1955,,,,,,,Q96323559,Q96323559,Tagajō-shi,Japan,2110927,,,,,,
,,"TOHO GAS Co., Ltd. (Japan)",active,company,TOHO GAS,"TOHO GAS Co., Ltd. (Japan); TOHO GAS Co., Ltd.; 東邦ガス株式会社*ja",,https://www.tohogas.co.jp,,tohogas.co.jp,1922,,,,,,,Q11528430,Q11528430,Nagoya,Japan,1856057,,,,,,
,,"TOHO Sheet & Frame Co., Ltd. (Japan)",active,company,TOHO Sheet & Frame,"TOHO Sheet & Frame Co., Ltd. (Japan); TOHO Sheet & Frame Co., Ltd.; 東邦シートフレーム株式会社*ja",,https://www.toho-sf.co.jp,,toho-sf.co.jp,1937,,,,,,,,,Tokyo,Japan,1850147,,,,,,
,,"TOHO Titanium Co., Ltd. (Japan)",active,company,TOHO Titanium,"TOHO Titanium Co., Ltd. (Japan); TOHO Titanium Co., Ltd.; 東邦チタニウム株式会社*ja",,https://www.toho-titanium.co.jp,,toho-titanium.co.jp,1953,,,,,,,Q11528432,Q11528432,Yokohama,Japan,1848354,,,,,,
,,"Toho Zinc Co., Ltd. (Japan)",active,company,Toho Z,"Toho Zinc Co., Ltd. (Japan); Toho Zinc Co., Ltd.; 東邦亜鉛株式会社*ja",,https://www.toho-zinc.co.jp,,toho-zinc.co.jp,1937,,,,,,,Q7813284,Q7813284,Tokyo,Japan,1850147,,,,,,
,,"TOHO Chemical Industry Co., Ltd. (Japan)",active,company,TOHO Chemical Industry,"TOHO Chemical Industry Co., Ltd. (Japan); TOHO Chemical Industry Co., Ltd.; 東邦化学工業株式会社*ja",,https://toho-chem.co.jp,,toho-chem.co.jp,1938,,,,,,,Q11528440,Q11528440,Tokyo,Japan,1850147,,,,,,
,,"TOHO Kinzoku Co., Ltd. (Japan)",active,company,TOHO Kinzoku,"TOHO Kinzoku Co., Ltd. (Japan); TOHO Kinzoku Co., Ltd.; 東邦金属株式会社*ja",,https://www.tohokinzoku.co.jp,,tohokinzoku.co.jp,1950,,,,,,,Q30931772,Q30931772,Osaka,Japan,1853909,,,,,,
,,"TOHO Electrical Construction Co., Ltd. (Japan)",active,company,TOHO Electrical Construction,"TOHO Electrical Construction Co., Ltd. (Japan); TOHO Electrical Construction Co., Ltd.; 東邦電気工業株式会社*ja",,https://www.toho-elec.co.jp,,toho-elec.co.jp,1949,,,,,,,,,Tokyo,Japan,1850147,,,,,,
,,TOHO Electronics Inc. (Japan),active,company,TOHO Electronics,TOHO Electronics Inc. (Japan); TOHO Electronics Inc.; 東邦電子株式会社*ja,,https://toho-inc.com,,toho-inc.com,1970,,,,,,,,,Sagamihara,Japan,11611609,,,,,,
,,"Tohoku Rubber Co., Ltd. (Japan)",active,company,Tohoku Rubber,"Tohoku Rubber Co., Ltd. (Japan); Tohoku Rubber Co., Ltd.; 東北ゴム株式会社*ja",,https://www.tohoku-rubber.co.jp,,tohoku-rubber.co.jp,1943,,,,,,,,,Sendai,Japan,2111149,,,,,,
,,"Tohoku Chemical Co., Ltd. (Japan)",active,company,Tohoku Chemical,"Tohoku Chemical Co., Ltd. (Japan); Tohoku Chemical Co., Ltd.; 東北化学薬品株式会社*ja",,https://t-kagaku.co.jp,,t-kagaku.co.jp,1953,,,,,,,Q11526146,Q11526146,Hirosaki,Japan,2130057,,,,,,
,,"Tohoku Denki Tekko Co., Ltd. (Japan)",active,company,Tohoku Denki Tekko,"Tohoku Denki Tekko Co., Ltd. (Japan); Tohoku Denki Tekko Co., Ltd.; 東北電機鉄工株式会社*ja",,https://www.dtekko.co.jp,,dtekko.co.jp,1945,,,,,,,,,Sakata,Japan,1853140,,,,,,
,,"Tohoku Steel Co., Ltd. (Japan)",active,company,Tohoku Steel,"Tohoku Steel Co., Ltd. (Japan); Tohoku Steel Co., Ltd.; 東北特殊鋼株式会社*ja",,https://www.tohokusteel.com,,tohokusteel.com,1937,,,,,,,Q11526229,Q11526229,Murata,Japan,2111809,,,,,,
,,"Tohoku Electric Power Engineering And Construction Co., Inc. (Japan)",active,company,Tohoku Electric Power Engineering And Construction Co.,"Tohoku Electric Power Engineering And Construction Co., Inc. (Japan); Tohoku Electric Power Engineering And Construction Co., Inc.; 東北発電工業株式会社*ja",,https://www.tohatu.co.jp,,tohatu.co.jp,1959,,,,,,,,,Sendai,Japan,2111149,,,,,,
,,TOYO Aluminium K.K. (Japan),active,company,TOYO Aluminium,TOYO Aluminium K.K. (Japan); TOYO Aluminium K.K.; 東洋アルミニウム株式会社*ja,,https://www.toyal.co.jp,,toyal.co.jp,1999,,,,,,,Q17229304,Q17229304,Osaka,Japan,1853909,,,,,,
,,"TOYO INK Manufacturing Co., Ltd. (Japan)",active,company,TOYO INK Manufacturing,"TOYO INK Manufacturing Co., Ltd. (Japan); TOYO INK Manufacturing Co., Ltd.; 東洋インキ製造株式会社*ja",,https://www.artiencegroup.com,,artiencegroup.com,1907,,,,,,,,,Tokyo,Japan,1850147,,,https://ror.org/04tmv3q77,,,
,,"TOYO Glass Co., Ltd. (Japan)",active,company,TOYO Glass,"TOYO Glass Co., Ltd. (Japan); TOYO Glass Co., Ltd.; 東洋ガラス株式会社*ja",,https://toyo-glass.co.jp,,toyo-glass.co.jp,1942,,,,,0000 0001 0024 7300,0000 0001 0024 7300,Q17220941,Q17220941,Tokyo,Japan,1850147,,https://ror.org/03pfkgd48,,,,
,,"TOYO Cloth Co., Ltd. (Japan)",active,company,TOYO Cloth,"TOYO Cloth Co., Ltd. (Japan); TOYO Cloth Co., Ltd.; 東洋クロス株式会社*ja",,https://www.toyocloth.co.jp,,toyocloth.co.jp,1919,,,,,,,Q11527598,Q11527598,Sennan,Japan,6825500,,,,,,
,,"TOYO Shutter Co., Ltd. (Japan)",active,company,TOYO Shutter,"TOYO Shutter Co., Ltd. (Japan); TOYO Shutter Co., Ltd.; 東洋シヤッター株式会社*ja",,https://www.toyo-shutter.co.jp,,toyo-shutter.co.jp,1955,,,,,,,Q11527599,Q11527599,Osaka,Japan,1853909,,,,,,
,,TOYO Techno Corporation (Japan),active,company,TOYO Techno,TOYO Techno Corporation (Japan); TOYO Techno Corporation; 東洋テクノ株式会社*ja,,https://www.matsuai.co.jp/techno/,,matsuai.co.jp,1967,,,,,,,,,Kumamoto,Japan,1858421,,,,,,
,,"TOYO Valve Co., Ltd. (Japan)",inactive,company,TOYO Valve,"TOYO Valve Co., Ltd. (Japan); TOYO Valve Co., Ltd.; 東洋バルヴ株式会社*ja",,https://www.toyovalve.co.jp/company.html,,toyovalve.co.jp,1978,,,,,,,Q11527605,Q11527605,Tokyo,Japan,1850147,,,,,https://ror.org/04aw5bc37,
,,"TOYO Living Co., Ltd. (Japan)",active,company,TOYO Living,"TOYO Living Co., Ltd. (Japan); TOYO Living Co., Ltd.; 東洋リビング株式会社*ja",,https://www.toyoliving.co.jp,,toyoliving.co.jp,1974,,,,,,,,,Yokohama,Japan,1848354,,,,,,
,,"TOYO Machinery Metal Co., Ltd. (Japan)",active,company,TOYO Machinery Metal,"TOYO Machinery Metal Co., Ltd.; TOYO INNOVEX Co., Ltd.; 東洋機械金属株式会社*ja; TOYOイノベックス株式会社*ja",,https://toyo-invx.com,,toyo-invx.com,1925,,,,,,,https://www.wikidata.org/wiki/Q96324047,https://www.wikidata.org/wiki/Q96324047,Akashi,Japan,1847966,,,,,,
,,"TOYO Construction Co., Ltd. (Japan)",active,company,TOYO Construction,"TOYO Construction Co., Ltd. (Japan); TOYO Construction Co., Ltd.; 東洋建設株式会社*ja",,https://www.toyo-const.co.jp,,toyo-const.co.jp,1929,,,,,,,Q11527654,Q11527654,Tokyo,Japan,1850147,,,,,,
,,"TOYO Industry Co., Ltd. (Japan)",active,company,TOYO Industry,"TOYO Industry Co., Ltd. (Japan); TOYO Industry Co., Ltd.; 東洋工業株式会社*ja",,https://www.toyoindustry.co.jp,,toyoindustry.co.jp,1965,,,,,,,,,Tokyo,Japan,1850147,,,,,,
,,"TOYO Gosei Co., Ltd. (Japan)",active,company,TOYO Gosei,"TOYO Gosei Co., Ltd. (Japan); TOYO Gosei Co., Ltd.; 東洋合成工業株式会社*ja",,https://www.toyogosei.co.jp,,toyogosei.co.jp,1954,,,,,,,Q11527623,Q11527623,Ichikawa,Japan,11837657,,,,,,
,,"TOYO Knife Co., Ltd. (Japan)",active,company,TOYO Knife,"TOYO Knife Co., Ltd. (Japan); TOYO Knife Co., Ltd.; 東洋刃物株式会社*ja",,https://www.toyoknife.co.jp,,toyoknife.co.jp,1925,,,,,,,Q11527618,Q11527618,Tomiya,Japan,2110744,,,,,,
,,"TOYO Sugar Refining Co., Ltd. (Japan)",active,company,TOYO Sugar Refining,"TOYO Sugar Refining Co., Ltd. (Japan); TOYO Sugar Refining Co., Ltd.; 東洋精糖株式会社*ja",,https://www.toyosugar.co.jp,,toyosugar.co.jp,1949,,,,,,,Q11527675,Q11527675,Tokyo,Japan,1850147,,,,,,
,,"TOYO Tanso Co., Ltd. (Japan)",active,company,TOYO Tanso,"TOYO Tanso Co., Ltd. (Japan); TOYO Tanso Co., Ltd.; 東洋炭素株式会社*ja",,https://www.toyotanso.com,,toyotanso.com,1947,,,,,,,,,Osaka,Japan,1853909,,,,,,
,,"TOYO Denka Kogyo Co., Ltd. (Japan)",active,company,TOYO Denka Kogyo,"TOYO Denka Kogyo Co., Ltd. (Japan); TOYO Denka Kogyo Co., Ltd.; 東洋電化工業株式会社*ja",,https://www.toyodenka.co.jp/index.html,,toyodenka.co.jp,1956,,,,,,,,,Kochi,Japan,1859146,,,,,,
,,Toyo Denki Seizo K.K. (Japan),active,company,TOYO Electric MFG.,Toyo Denki Seizo K.K. (Japan); Toyo Denki Seizo K.K.; Toyo Denki Seizo; 東洋電機製造株式会社*ja,,https://www.toyodenki.co.jp,,toyodenki.co.jp,1918,,,,,,,Q11527706,Q11527706,Tokyo,Japan,1850147,,,,,,
,,"Toyo Heisei Polymer Co., Ltd. (Japan)",active,company,Toyo Heisei Polymer,"Toyo Heisei Polymer Co., Ltd. (Japan); Toyo Heisei Polymer Co., Ltd.; 東洋平成ポリマー株式会社*ja",,https://www.toyo-heisei.co.jp,,toyo-heisei.co.jp,1943,,,,,,,,,Kasumigaura,Japan,6822098,,,,,,https://ror.org/04e6x9b31
,,"TOYO Roshi Kaisha, Ltd. (Japan)",active,company,TOYO Roshi Kaisha,"TOYO Roshi Kaisha, Ltd. (Japan); TOYO Roshi Kaisha, Ltd.; 東洋濾紙株式会社*ja",,https://www.advantec.co.jp/company/advantec_group/toyoroshi,,advantec.co.jp,1933,,,,,,,,,Tokyo,Japan,1850147,,,,,,
,,"TOWA Chemical Industry Co., Ltd. (Japan)",active,company,TOWA Chemical Industry,"TOWA Chemical Industry Co., Ltd. (Japan); TOWA Chemical Industry Co., Ltd.; 東和化成工業株式会社*ja",,https://www.towa-kasei.com,,towa-kasei.com,1983,,,,,,,,,Amagasaki,Japan,1865387,,,,,,
,,"TOMATEC Co., Ltd. (Japan)",active,company,Tokan Material Technology,"TOMATEC Co., Ltd. (Japan); TOMATEC Co., Ltd.; TOMATEC株式会社*ja; 東罐マテリアル・テクノロジー株式会社*ja; Tokan Material Technology Co., Ltd.",,https://www.tomatec.co.jp,,tomatec.co.jp,1950,,,,,,,,,Osaka,Japan,1853909,,https://ror.org/03pfkgd48,,,,
,,"Tokan Kogyo Co., Ltd. (Japan)",active,company,Tokan Kogyo,"Tokan Kogyo Co., Ltd. (Japan); Tokan Kogyo Co., Ltd.; 東罐興業株式会社*ja",,https://www.tokan.co.jp,,tokan.co.jp,1943,,,,,,,,,Tokyo,Japan,1850147,,https://ror.org/03pfkgd48,,,,
,,Fujikura Composites Inc. (Japan),active,company,Fujikura Rubber; Fujikura Rubber Ltd.; 藤倉ゴム工業株式会社,Fujikura Composites Inc. (Japan); Fujikura Composites Inc.; 藤倉コンポジット株式会社*ja,,https://www.fujikuracomposites.jp,,fujikuracomposites.jp,1920,,,,,,,Q11622934,Q11622934,Tokyo,Japan,1850147,,,,https://ror.org/0123ma395,,
,,"Fujikura Kasei Co., Ltd. (Japan)",active,company,,"Fujikura Kasei Co., Ltd. (Japan); Fujikura Kasei Co., Ltd.; 藤倉化成株式会社*ja",,https://www.fkkasei.co.jp,,fkkasei.co.jp,1938,,,,,,,Q11622938,Q11622938,Tokyo,Japan,1850147,,,,https://ror.org/0123ma395,,
,,"Miki Tokushu Paper MFG. Co., Ltd. (Japan)",active,company,Tokushu Paper MFG.,"Miki Tokushu Paper MFG. Co., Ltd. (Japan); Miki Tokushu Paper MFG. Co., Ltd.; 三木特種製紙株式会社*ja",,https://www.mikitoku.co.jp,,mikitoku.co.jp,1953,,,,,,,Q17211607,Q17211607,Shikokuchūō,Japan,11612345,,,,,,
,,"Tokushu Tokai Paper Co., Ltd. (Japan)",active,company,Tokushu Tokai Paper,"Tokushu Tokai Paper Co., Ltd. (Japan); Tokushu Tokai Paper Co., Ltd.; 特種東海製紙株式会社*ja",,https://www.tt-paper.co.jp,,tt-paper.co.jp,2007,,,,,,,Q11571046,Q11571046,Shimada,Japan,1852472,,,,,,
,,Naikai Zosen Corporation (Japan),active,company,Naikai Zosen,Naikai Zosen Corporation (Japan); Naikai Zosen Corporation; 内海造船株式会社*ja,,https://www.naikaizosen.co.jp,,naikaizosen.co.jp,1944,,,,,,,Q11394144,Q11394144,Onomichi,Japan,1853992,,,,,,
,,"Naigai Carbon INK Co., Ltd. (Japan)",active,company,Naigai Carbon INK,"Naigai Carbon INK Co., Ltd. (Japan); Naigai Carbon INK Co., Ltd.; 内外カーボンインキ株式会社*ja",,http://www.ncikk.co.jp,,ncikk.co.jp,1958,,,,,,,Q11393907,Q11393907,Takatsuki,Japan,1850910,,,,,,
,,"Naigai Rubber Industry Co., Ltd. (Japan)",active,company,Naigai Rubber Industry,"Naigai Rubber Industry Co., Ltd. (Japan); Naigai Rubber Industry Co., Ltd.; 内外ゴム株式会社*ja",,https://www.naigai-rubber.co.jp,,naigai-rubber.co.jp,1913,,,,,,,Q11393908,Q11393908,Kobe,Japan,1859171,,,,,,
,,"Nankai Plywood Co., Ltd. (Japan)",active,company,Nankai Plywood,"Nankai Plywood Co., Ltd. (Japan); Nankai Plywood Co., Ltd.; 南海プライウッド株式会社*ja",,https://www.nankaiplywood.co.jp,,nankaiplywood.co.jp,1955,,,,,,,Q11408163,Q11408163,Takamatsu,Japan,1851100,,,,,,
,,"Nankai Chemical Co., Ltd. (Japan)",active,company,Nankai Chemical,"Nankai Chemical Co., Ltd. (Japan); Nankai Chemical Co., Ltd.; 南海化学株式会社*ja",,https://www.nankai-chem.co.jp,,nankai-chem.co.jp,1951,,,,,,,Q11408170,Q11408170,Osaka,Japan,1853909,,,,,,
,,"Nankai Tatsumura Construction Co., Ltd. (Japan)",active,company,Nankai Tatsumura Kensetsu,"Nankai Tatsumura Construction Co., Ltd. (Japan); Nankai Tatsumura Construction Co., Ltd.; 南海辰村建設株式会社*ja",,https://www.nantatsu.co.jp,,nantatsu.co.jp,1944,,,,,,,Q11408197,Q11408197,Osaka,Japan,1853909,,,,,,
,,"Nichia Steel Works, Ltd. (Japan)",active,company,Nichia Steel WORKS,"Nichia Steel Works, Ltd. (Japan); Nichia Steel Works, Ltd.; 日亜鋼業株式会社*ja",,https://www.nichiasteel.co.jp,,nichiasteel.co.jp,1952,,,,,,,Q11504821,Q11504821,Amagasaki,Japan,1865387,,https://ror.org/016vzmc05,,,,
,,"Nichi-Iko Pharmaceutical Co., Ltd. (Japan)",active,company,Nichi-IKO Pharmaceutical,"Nichi-Iko Pharmaceutical Co., Ltd. (Japan); Nichi-Iko Pharmaceutical Co., Ltd.; 日医工株式会社*ja",,https://www.nichiiko.co.jp,,nichiiko.co.jp,1965,,,,,,,Q11504979,Q11504979,Toyama,Japan,1849876,,,,,,
,,"Nikka FATS & OILS Co., Ltd. (Japan)",active,company,Nikka FATS & OILS,"Nikka FATS & OILS Co., Ltd. (Japan); Nikka FATS & OILS Co., Ltd.; Nikka Oil Mills Co., Ltd.; 日華油脂株式会社*ja",,http://www.nikka-oil.com,,nikka-oil.com,1917,,,,,,,Q11510295,Q11510295,Tokyo,Japan,1850147,,https://ror.org/02qxbps09,,,,
,,"Nikken Kogaku Co., Ltd. (Japan)",active,company,Nikken Kogaku,"Nikken Kogaku Co., Ltd. (Japan); Nikken Kogaku Co., Ltd.; 日建工学株式会社*ja",,https://www.nikken-kogaku.co.jp,,nikken-kogaku.co.jp,1964,,,,,,,,,Tokyo,Japan,1850147,,,,,,
,,"Nikko Co., Ltd. (Japan)",active,company,,"Nikko Co., Ltd. (Japan); Nikko Co., Ltd.; 日工株式会社*ja",,https://www.nikko-net.com/profile,,nikko-net.com,1919,,,,,,,,,Akashi,Japan,1847966,,,,,,
,,"Nippon Mining & Metals Co., Ltd. (Japan)",active,company,Nippon Mining & Metals,"Nippon Mining & Metals Co., Ltd. (Japan); Nippon Mining & Metals Co., Ltd.; 日鉱金属株式会社*ja",,https://www.jx-nmm.com,,jx-nmm.com,2002,,,,,,,,,Tokyo,Japan,1850147,,https://ror.org/03rw2rj66,,,,
,,"Nissan Kohki Co., Ltd. (Japan)",active,company,Nissan Kohki,"Nissan Kohki Co., Ltd. (Japan); Nissan Kohki Co., Ltd.; 日産工機株式会社*ja",,https://www.nissan-kohki.jp,,nissan-kohki.jp,1964,,,,,,,Q11509870,Q11509870,Samukawa,Japan,1853021,,https://ror.org/01nks1c62,,,,
,,"Kitami Nissan Motor Co., Ltd. (Japan)",active,company,Nissan Motor,"Kitami Nissan Motor Co., Ltd. (Japan); Kitami Nissan Motor Co., Ltd.; Kitami Nissan; 北見日産自動車株式会社*ja",,http://www.kitami-nissan.co.jp,,kitami-nissan.co.jp,1971,,,,,,,Q11404036,Q11404036,Kitami,Japan,2129537,,,,,,
,,"Nissan Shatai Co., Ltd. (Japan)",active,company,Nissan Shatai,"Nissan Shatai Co., Ltd. (Japan); Nissan Shatai Co., Ltd.; 日産車体株式会社*ja",,https://www.nissan-shatai.co.jp/index.html,,nissan-shatai.co.jp,1949,,,,,,,Q372967,Q372967,Hiratsuka,Japan,1862462,,https://ror.org/01nks1c62,,,,
,,Nissan TANAKA Corporation (Japan),active,company,Nissan TANAKA,Nissan TANAKA Corporation (Japan); Nissan TANAKA Corporation; 日酸TANAKA株式会社*ja,,https://www.nissantanaka.com,,nissantanaka.com,2002,,,,,,,,,Miyoshidai,Japan,11012851,,,,,,
,,"Nissin Chemical Industry Co., Ltd. (Japan)",active,company,Nissin Chemical Industry,"Nissin Chemical Industry Co., Ltd. (Japan); Nissin Chemical Industry Co., Ltd.; 日信化学工業株式会社*ja",,https://www.nissin-chem.co.jp,,nissin-chem.co.jp,1955,,,,,,,,,Echizen,Japan,11612457,,https://ror.org/05tq4a167,,,,
,,"Nissin Ion Equipment Co., Ltd. (Japan)",active,company,Nissin Ion Equipment,"Nissin Ion Equipment Co., Ltd. (Japan); Nissin Ion Equipment Co., Ltd.; 日新イオン機器株式会社*ja",,https://www.nissin-ion.co.jp,,nissin-ion.co.jp,1999,,,,,,,,,Kyoto,Japan,1857910,,,,,,
,,Nissin Refrigeration & Engineering Ltd (Japan),active,company,Nissin Refrigeration & Engineering,Nissin Refrigeration & Engineering Ltd (Japan); Nissin Refrigeration & Engineering Ltd; 日新興業株式会社*ja,,https://www.nissin-ref.co.jp,,nissin-ref.co.jp,1945,,,,,,,,,Osaka,Japan,1853909,,,,,,
,,"Nissin Pharmaceutical Co., Ltd. (Japan)",active,company,Nissin Pharmaceutical,"Nissin Pharmaceutical Co., Ltd. (Japan); Nissin Pharmaceutical Co., Ltd.; 日新製薬株式会社*ja",,https://www.nissinka.co.jp,,nissinka.co.jp,1947,,,,,,,,,Kōka,Japan,6822117,,,,,,
,,"Nissin Electric Co., Ltd. (Japan)",active,company,Nissin Electric,"Nissin Electric Co., Ltd. (Japan); Nissin Electric Co., Ltd.; 日新電機株式会社*ja",,https://nissin.jp,,nissin.jp,1917,,,,,,,Q11505373,Q11505373,Kyoto,Japan,1857910,,https://ror.org/05rnkb382,https://ror.org/03h1bp626,,,
,,"Nissei Build Kogyo Co., Ltd. (Japan)",active,company,Nissei Build Kogyo,"Nissei Build Kogyo Co., Ltd. (Japan); Nissei Build Kogyo Co., Ltd.; 日成ビルド工業株式会社*ja",,https://www.nisseibuild.co.jp,,nisseibuild.co.jp,1961,,,,,,,Q11505335,Q11505335,Kanazawa,Japan,1860243,,,,,,
,,"Nissin YORK Co., Ltd. (Japan)",active,company,Nissin YORK,"Nissin YORK Co., Ltd. (Japan); Nissin YORK Co., Ltd.; 日清ヨーク株式会社*ja",,https://www.nissinyork.co.jp,,nissinyork.co.jp,1969,,,,,,,Q11509650,Q11509650,Tokyo,Japan,1850147,,,,,,
,,"Nissin FOOD Products Co., Ltd. (Japan)",active,company,Nissin FOOD Products,"Nissin FOOD Products Co., Ltd. (Japan); Nissin FOOD Products Co., Ltd.; 日清食品株式会社*ja",,https://www.nissin.com,,nissin.com,2008,,,,,,,Q53293,Q53293,Osaka,Japan,1853909,,,,,,
,,Nisshin Flour Milling Inc. (Japan),active,company,Nisshin Flour Milling,Nisshin Flour Milling Inc. (Japan); Nisshin Flour Milling Inc.; 日清製粉株式会社*ja,,https://www.nisshin-seifun.com,,nisshin-seifun.com,2001,,,,,,,Q11509660,Q11509660,Tokyo,Japan,1850147,,https://ror.org/04xq9nz88,,,,
,,"Nissei ASB Machine Co., Ltd. (Japan)",active,company,Nissei ASB Machine,"Nissei ASB Machine Co., Ltd. (Japan); Nissei ASB Machine Co., Ltd.; 日精エー・エス・ビー機械株式会社*ja",,https://www.nisseiasb.co.jp,,nisseiasb.co.jp,1978,,,,,,,Q11510145,Q11510145,Komoro,Japan,1858858,,,,,,
,,"Nissei Plastic Industrial Co., Ltd. (Japan)",active,company,Nissei Plastic Industrial,"Nissei Plastic Industrial Co., Ltd. (Japan); Nissei Plastic Industrial Co., Ltd.; 日精樹脂工業株式会社*ja",,https://nisseiplastic.com,,nisseiplastic.com,1957,,,,,,,,,Sakaki,Japan,1853163,,,,,,
,,"Nisso Metallo Chemical Co., Ltd. (Japan)",active,company,Nisso Metallo Chemical,"Nisso Metallo Chemical Co., Ltd. (Japan); Nisso Metallo Chemical Co., Ltd.; 日曹金属化学株式会社*ja",,https://www.nmcc.co.jp,,nmcc.co.jp,1983,,,,,,,,,Tokyo,Japan,1850147,,https://ror.org/01estnb82,,,,
,,NITTAN Corporation (Japan),active,company,"Nittan Valve Co., Ltd.; 日鍛バルブ株式会社",NITTAN Corporation; NITTAN Corporation (Japan); 株式会社NITTAN*ja,,https://www.niv.co.jp,,niv.co.jp,1948,,,,,,,Q96323587,Q96323587,Hadano,Japan,1863431,,,,,,
,,"Nippon Steel Epoxy Manufacturing Co., Ltd. (Japan)",active,company,Nippon Steel Epoxy Manufacturing,"Nippon Steel Epoxy Manufacturing Co., Ltd.; Nippon Steel Epoxy Manufacturing Co., Ltd. (Japan); 日鉄エポキシ製造株式会社*ja",,https://www.nscm.nipponsteel.com/epoxy/,,nipponsteel.com,1985,,,,,,,Q11502341,Q11502341,Tokyo,Japan,1850147,,https://ror.org/03dqqhs56,,,,
,,Nippon Steel Stainless Steel Corporation (Japan),inactive,company,Nippon Steel Stainless Steel,Nippon Steel Stainless Steel Corporation (Japan); Nippon Steel Stainless Steel Corporation; 日鉄ステンレス株式会社*ja,NSSC,https://stainless.nipponsteel.com,,nipponsteel.com,2003,,,,,,,Q11502426,Q11502426,Tokyo,Japan,1850147,,https://ror.org/016vzmc05,,,https://ror.org/016vzmc05,
,,"Nippon Steel Hardfacing Co., Ltd. (Japan)",active,company,Nippon Steel Hardfacing,"Nippon Steel Hardfacing Co., Ltd. (Japan); Nippon Steel Hardfacing Co., Ltd.; 日鉄ハードフェイシング株式会社*ja",,https://www.nshard.co.jp,,nshard.co.jp,1960,,,,,,,,,Tokyo,Japan,1850147,,https://ror.org/016vzmc05,,,,
,,Nippon Steel Eco-Tech Corporation (Japan),active,company,Nippon Steel Kankyo Engineering,Nippon Steel Eco-Tech Corporation (Japan); Nippon Steel Eco-Tech Corporation; 日鉄環境株式会社*ja,,https://www.eco-tech.nipponsteel.com,,eco-tech.nipponsteel.com,1970,,,,,,,Q11510676,Q11510676,Tokyo,Japan,1850147,,https://ror.org/016vzmc05,,,,
,,"Nittetsu Mining Co., Ltd. (Japan)",active,company,Nittetsu Mining,"Nittetsu Mining Co., Ltd. (Japan); Nittetsu Mining Co., Ltd.; 日鉄鉱業株式会社*ja",,https://www.nittetsukou.co.jp,,nittetsukou.co.jp,1939,,,,,,,Q11510685,Q11510685,Tokyo,Japan,1850147,,,,,,
,,"Nippon Steel Stainless Steel Pipe Co., Ltd. (Japan)",active,company,Nippon Steel & Sumikin Steinless PIPE,"Nippon Steel Stainless Steel Pipe Co., Ltd. (Japan); Nippon Steel Stainless Steel Pipe Co., Ltd.; 日鉄ステンレス鋼管株式会社*ja",,https://www.nsssp.nipponsteel.com,,nsssp.nipponsteel.com,1950,,,,,,,,,Tokyo,Japan,1850147,,https://ror.org/016vzmc05,,,,
,,"Nippon Steel Cement Co., Ltd. (Japan)",active,company,Nippon Steel & Sumikin Cement,"Nippon Steel Cement Co., Ltd. (Japan); Nippon Steel Cement Co., Ltd.; 日鉄セメント株式会社*ja",,https://cement.nipponsteel.com,,,1954,,,,,,,Q11510671,Q11510671,Muroran,Japan,2129101,,https://ror.org/016vzmc05,,,,
,,"Nippon Steel Technology Co., Ltd. (Japan)",active,company,"Nippon Steel & Sumikin Technology; Nippon Steel & Sumikin Technology Co., Ltd.; 日鉄住金テクノロジー株式会社","Nippon Steel Technology Co., Ltd. (Japan); Nippon Steel Technology Co., Ltd.; 日鉄テクノロジー株式会社*ja",,https://www.nstec.nipponsteel.com,,nipponsteel.com,2013,,,,,,,,,Tokyo,Japan,1850147,,https://ror.org/016vzmc05,,,,
,,"Nippon Steel Texeng. Co., Ltd. (Japan)",active,company,"Nippon Steel & Sumikin Texeng. Co., Ltd.; 日鉄住金テックスエンジ株式会社","Nippon Steel Texeng. Co., Ltd. (Japan); Nippon Steel Texeng. Co., Ltd.; 日鉄テックスエンジ株式会社*ja",,https://www.tex.nipponsteel.com,,nipponsteel.com,1946,,,,,,,Q17212266,Q17212266,Tokyo,Japan,1850147,,https://ror.org/016vzmc05,,,,
,,"Nippon Steel Drum Co., Ltd. (Japan)",active,company,Nippon Steel & Sumikin DRUM,"Nippon Steel Drum Co., Ltd. (Japan); Nippon Steel Drum Co., Ltd.; 日鉄ドラム株式会社*ja",,https://drum.nipponsteel.com,,,1934,,,,,,,Q11510672,Q11510672,Tokyo,Japan,1850147,,https://ror.org/016vzmc05,,,,
,,Nippon Steel Hardfacing Corporation (Japan),active,company,Nippon Steel & Sumikin Hardfacing,Nippon Steel Hardfacing Corporation (Japan); Nippon Steel Hardfacing Corporation; 日鉄ハードフェイシング株式会社*ja,,https://www.nshard.co.jp,,nshard.co.jp,1960,,,,,,,,,Tokyo,Japan,1850147,,https://ror.org/016vzmc05,,,,
,,"Nippon Steel Pipeline & Engineering Co., Ltd. (Japan)",active,company,Nippon Steel & Sumikin Pipeline & Engineering Co. Ltd.; 日鉄住金パイプライン&エンジニアリング株式会社,"Nippon Steel Pipeline & Engineering Co., Ltd. (Japan); Nippon Steel Pipeline & Engineering Co., Ltd.; 日鉄パイプライン＆エンジニアリング株式会社*ja",NSPE,https://www.nspe.nipponsteel.com,,,1962,,,,,,,Q11510673,Q11510673,Tokyo,Japan,1850147,,,,,,
,,Nippon Steel Coated Sheet Corporation (Japan),active,company,Nippon Steel & Sumikin Coated Sheet Corporation; 日鉄住金鋼板株式会社,Nippon Steel Coated Sheet Corporation (Japan); Nippon Steel Coated Sheet Corporation; 日鉄鋼板株式会社*ja,,https://www.niscs.nipponsteel.com,,,1950,,,,,,,Q11510680,Q11510680,Tokyo,Japan,1850147,,https://ror.org/016vzmc05,,,,
,,"Nippon Starch Chemical Co., Ltd. (Japan)",active,company,Nippon Starch Chemical,"Nippon Starch Chemical Co., Ltd. (Japan); Nippon Starch Chemical Co., Ltd.; 日澱化學株式会社*ja",,https://www.nichidene.com,,nichidene.com,1917,,,,,,,,,Osaka,Japan,1853909,,,,,,
,,"Nitto FC Co., Ltd. (Japan)",active,company,Nitto FC,"Nitto FC Co., Ltd. (Japan); Nitto FC Co., Ltd.; 日東エフシー株式会社*ja",,https://www.nittofc.co.jp,,nittofc.co.jp,,,,,,,,Q11509496,Q11509496,Nagoya,Japan,1856057,,,,,,
,,Nitto Shinko Corporation (Japan),active,company,Nitto Shinko,Nitto Shinko Corporation (Japan); Nitto Shinko Corporation; 日東シンコー株式会社*ja,,https://www.nittoshinko.co.jp,,nittoshinko.co.jp,1949,,,,,,,,,Sakai,Japan,11611626,,https://ror.org/01kq4az79,,,,
,,Nitto BEST Corporation (Japan),active,company,Nitto BEST,Nitto BEST Corporation (Japan); Nitto BEST Corporation; 日東ベスト株式会社*ja,,https://www.nittobest.co.jp,,nittobest.co.jp,1948,,,,,,,Q11509499,Q11509499,Sagae,Japan,2111248,,,,,,
,,"Nitto Galvanizing Co., Ltd. (Japan)",active,company,Nitto Galvanizing,"Nitto Galvanizing Co., Ltd. (Japan); Nitto Galvanizing Co., Ltd.; 日東亜鉛株式会社*ja",,https://www.nitto-aen.co.jp,,nitto-aen.co.jp,1959,,,,,,,,,Kawasaki,Japan,1859642,,,,,,
,,"Nitto KAKO Co., Ltd. (Japan)",active,company,Nitto KAKO,"Nitto KAKO Co., Ltd. (Japan); Nitto KAKO Co., Ltd.; 日東化工株式会社*ja",,https://nittokako.jp,,nittokako.jp,1949,,,,,,,Q11509509,Q11509509,Samukawa,Japan,1853021,,,,,,
,,"Nitto Kohki Co., Ltd. (Japan)",active,company,Nitto Kohki,"Nitto Kohki Co., Ltd. (Japan); Nitto Kohki Co., Ltd.; 日東工器株式会社*ja",,https://www.nitto-kohki.co.jp,,nitto-kohki.co.jp,1956,,,,,,,Q17211996,Q17211996,Tokyo,Japan,1850147,,,,,,
,,Nitto Kogyo Corporation (Japan),active,company,Nitto Kogyo,Nitto Kogyo Corporation (Japan); Nitto Kogyo Corporation; 日東工業株式会社*ja,,https://nittokogyo.com,,nittokogyo.com,1961,,,,,,,,,Tsukuba,Japan,2110681,,,,,,
,,"Nitto Seiko Co., Ltd. (Japan)",active,company,Nitto Seiko,"Nitto Seiko Co., Ltd. (Japan); Nitto Seiko Co., Ltd.; 日東精工株式会社*ja",,https://www.nittoseiko.co.jp,,nittoseiko.co.jp,1938,,,,,,,Q11509518,Q11509518,Ayabe,Japan,1864873,,,,,,
,,"Nitto Flour Milling Co., Ltd. (Japan)",active,company,Nitto Flour Milling,"Nitto Flour Milling Co., Ltd. (Japan); Nitto Flour Milling Co., Ltd.; 日東製粉株式会社*ja",,https://www.nittofuji.co.jp,,nittofuji.co.jp,1914,,,,,,,Q11509512,Q11509512,Tokyo,Japan,1850147,,,,,,
,,"Nitto Seimo Co., Ltd. (Japan)",active,company,Nitto Seimo,"Nitto Seimo Co., Ltd. (Japan); Nitto Seimo Co., Ltd.; 日東製網株式会社*ja",,https://nittoseimo.co.jp,,nittoseimo.co.jp,1910,,,,,,,Q11509525,Q11509525,Tokyo,Japan,1850147,,,,,,
,,"NHK Precision Co., Ltd. (Japan)",active,company,NHK Precision,"NHK Precision Co., Ltd. (Japan); NHK Precision Co., Ltd.; 日発精密工業株式会社*ja",,https://www.nisseiko.co.jp,,nisseiko.co.jp,1958,,,,,,,,,Isehara,Japan,1861449,,https://ror.org/00vse3055,,,,
,,"Nihon ISK Company, Limited (Japan)",active,company,Nihon ISK Company,"Nihon ISK Company, Limited (Japan); Nihon ISK Company, Limited; 日本アイ・エス・ケイ株式会社*ja",,http://www.king-ind.co.jp,,king-ind.co.jp,1948,,,,,,,,,Tokyo,Japan,1850147,,,,,,
,,"Nippon Advanced Technology Co., Ltd. (Japan)",active,company,Nippon Advanced Technology,"Nippon Advanced Technology Co., Ltd.; Nippon Advanced Technology Co., Ltd. (Japan); 日本アドバンス・テクノロジー株式会社*ja",,https://www.nat.co.jp,,nat.co.jp,1989,,,,,,,,,Tokyo,Japan,1850147,,https://ror.org/04t23sv93,,,,
,,"Nippon Avionics Co., Ltd. (Japan)",active,company,Nippon Avionics,"Nippon Avionics Co., Ltd. (Japan); Nippon Avionics Co., Ltd.; 日本アビオニクス株式会社*ja",,https://www.avio.co.jp,,avio.co.jp,1960,,,,,,,Q11506227,Q11506227,Yokohama,Japan,1848354,,,,,,
,,Japan Alcohol Corporation (Japan),active,company,Japan Alcohol,Japan Alcohol Corporation (Japan); Japan Alcohol Corporation; 日本アルコール産業株式会社*ja,,https://www.j-alco.com,,j-alco.com,2006,,,,,,,Q11506239,Q11506239,Tokyo,Japan,1850147,,,,,,
,,"Nihon Almit Co., Ltd. (Japan)",active,company,Nihon Almit,"Nihon Almit Co., Ltd. (Japan); Nihon Almit Co., Ltd.; 日本アルミット株式会社*ja",,https://www.almit.co.jp,,almit.co.jp,1956,,,,,,,,,Tokyo,Japan,1850147,,,,,,
,,"Nippon Antenna Co., Ltd. (Japan)",active,company,Nippon Antenna,"Nippon Antenna Co., Ltd. (Japan); Nippon Antenna Co., Ltd.; 日本アンテナ株式会社*ja",,https://www.nippon-antenna.co.jp,,nippon-antenna.co.jp,1953,,,,,,,Q11506250,Q11506250,Tokyo,Japan,1850147,,,,,,
,,"Japan Insulation Co., Ltd. (Japan)",active,company,Japan Insulation,"Japan Insulation Co., Ltd. (Japan); Japan Insulation Co., Ltd.; 日本インシュレーション株式会社*ja",,https://www.jic-bestork.co.jp,,jic-bestork.co.jp,1949,,,,,,,Q11506257,Q11506257,Osaka,Japan,1853909,,,,,,
,,Nihon Inter Electronics Corporation (Japan),active,company,Nihon Inter Electronics,Nihon Inter Electronics Corporation (Japan); Nihon Inter Electronics Corporation; 日本インター株式会社*ja,NIEC,https://www.niec.co.jp,,niec.co.jp,1957,,,,,,,Q96323595,Q96323595,Hadano,Japan,1863431,,,,,,
,,"Nippon Welding Rod Co., Ltd. (Japan)",active,company,Nippon Welding ROD,"Nippon Welding Rod Co., Ltd. (Japan); Nippon Welding Rod Co., Ltd.; 日本ウエルディング・ロッド株式会社*ja",,https://www.nihonwel.co.jp,,nihonwel.co.jp,1948,,,,,,,,,Tokyo,Japan,1850147,,,,,,
,,Air Liquide Japan G.K. (Japan),active,company,,Air Liquide Japan G.K. (Japan); Air Liquide Japan G.K.; 日本エア・リキード合同会社*ja,,https://jp.airliquide.com/air-liquide-japan,,airliquide.com,1930,,,,,,,Q28692794,Q28692794,Tokyo,Japan,1850147,,https://ror.org/0431b2v07,,,,
,,Nippon A&L Inc. (Japan),active,company,Nippon A&L,Nippon A&L Inc. (Japan); Nippon A&L Inc.; 日本エイアンドエル株式会社*ja,,https://www.n-al.co.jp/ing/,,n-al.co.jp,1999,,,,,,,Q11506289,Q11506289,Osaka,Japan,1853909,,,,,,
,,Nihon Exceed Corporation (Japan),active,company,Nihon Exceed,Nihon Exceed Corporation (Japan); Nihon Exceed Corporation; 日本エクシード株式会社*ja,,https://nihon-exceed.co.jp,,nihon-exceed.co.jp,1961,,,,,,,,,Jōsō,Japan,6822154,,,,,,
,,"Japan Exlan Co., Ltd. (Japan)",active,company,Japan Exlan Company,"Japan Exlan Co., Ltd. (Japan); Japan Exlan Co., Ltd.; 日本エクスラン工業株式会社*ja",,https://www.exlan.co.jp,,exlan.co.jp,1956,,,,,,,Q11506292,Q11506292,Okayama,Japan,1854383,,https://ror.org/020a33943,,,,
,,"Nihon SC Co., Ltd. (Japan)",active,company,Nihon SC,"Nihon SC Co., Ltd. (Japan); Nihon SC Co., Ltd.; 日本エスシー株式会社*ja",,https://sc-japan.co.jp,,sc-japan.co.jp,1984,,,,,,,,,Tokyo,Japan,1850147,,,,,,
,,"Nippon Ester Co., Ltd. (Japan)",active,company,Nippon Ester,"Nippon Ester Co., Ltd. (Japan); Nippon Ester Co., Ltd.; 日本エステル株式会社*ja",,https://www.nippon-ester.co.jp,,nippon-ester.co.jp,1966,,,,,,,Q11506295,Q11506295,Osaka,Japan,1853909,,https://ror.org/02sq1ad32,,,,
,,"Japan NUS Co., Ltd. (Japan)",active,company,Japan NUS,"Japan NUS Co., Ltd. (Japan); Japan NUS Co., Ltd.; 日本エヌ・ユー・エス株式会社*ja",,https://www.janus.co.jp,,janus.co.jp,1971,,,,,,,,,Tokyo,Japan,1850147,,https://ror.org/023s2h905,,,,
,,Nippon OTIS Elevator Company (Japan),active,company,,Nippon OTIS Elevator Company (Japan); Nippon OTIS Elevator Company; 日本オーチス・エレベータ株式会社*ja,,https://www.otis.com/ja/jp,,otis.com,1932,,,,,,,Q11506330,Q11506330,Tokyo,Japan,1850147,,https://ror.org/0000p0n60,,,,
,,"Nippon Carbide Industries Co., Inc. (Japan)",active,company,Nippon Carbide Industries Co.,"Nippon Carbide Industries Co., Inc. (Japan); Nippon Carbide Industries Co., Inc.; 日本カーバイド工業株式会社*ja",,https://www.carbide.co.jp,,carbide.co.jp,1935,,,,,,,Q11506357,Q11506357,Tokyo,Japan,1850147,,,,,,
,,"Nippon Carbon Co., Ltd. (Japan)",active,company,Nippon Carbon,"Nippon Carbon Co., Ltd. (Japan); Nippon Carbon Co., Ltd.; 日本カーボン株式会社*ja",,https://www.carbon.co.jp,,carbon.co.jp,1915,,,,,,,Q11506358,Q11506358,Tokyo,Japan,1850147,,,,,,
,,"Carlit Co., Ltd. (Japan)",active,company,"Japan Carlit Co., Ltd.; 日本カーリット株式会社","Carlit Co., Ltd. (Japan); Carlit Co., Ltd.; 株式会社カーリット*ja",,https://www.carlit.co.jp,,carlit.co.jp,2013,,,,,,,,,Tokyo,Japan,1850147,,,,,,
,,"Nippon Gasket Co., Ltd. (Japan)",active,company,Nippon Gasket,"Nippon Gasket Co., Ltd. (Japan); Nippon Gasket Co., Ltd.; 日本ガスケット株式会社*ja",,http://www.npgkt.co.jp,,npgkt.co.jp,1952,,,,,,,,,Toyota,Japan,1849814,,,,,,
,,"Nippon Katan, Ltd. (Japan)",active,company,Nippon Katan,"Nippon Katan, Ltd. (Japan); Nippon Katan, Ltd.; 日本カタン株式会社*ja",,https://www.nipponkatan.co.jp,,nipponkatan.co.jp,2017,,,,,,,Q11506341,Q11506341,Hirakata,Japan,1862540,,,,,,
,,"Nippon Gear Co., Ltd. (Japan)",active,company,Nippon GEAR,"Nippon Gear Co., Ltd. (Japan); Nippon Gear Co., Ltd.; 日本ギア工業株式会社*ja",,https://www.nippon-gear.jp,,nippon-gear.jp,1938,,,,,,,Q11506388,Q11506388,Tokyo,Japan,1850147,,,,,,
,,"Nippon Quaker Chemical, Ltd. (Japan)",active,company,Nippon Quaker Chemical,"Nippon Quaker Chemical, Ltd. (Japan); Nippon Quaker Chemical, Ltd.; 日本クエーカー・ケミカル株式会社*ja",,https://quakerchem.co.jp/index.html,,quakerchem.co.jp,1970,,,,,,,,,Yao,Japan,1848522,,,,,,
,,"Nippon Closures Co., Ltd. (Japan)",active,company,Japan Crown CORK,"Nippon Closures Co., Ltd. (Japan); Nippon Closures Co., Ltd.; 日本クロージャー株式会社*ja; Japan Crown CORK Co., Ltd.; 日本クラウンコルク株式会社*ja",,https://www.ncc-caps.co.jp,,ncc-caps.co.jp,1941,,,,,,,Q11506391,Q11506391,Tokyo,Japan,1850147,,https://ror.org/03pfkgd48,,,,
,,Nippon Graphite Fiber Corporation (Japan),active,company,Nippon Graphite Fiber,Nippon Graphite Fiber Corporation (Japan); Nippon Graphite Fiber Corporation; 日本グラファイトファイバー株式会社*ja,,https://www.ngfworld.com,,ngfworld.com,1995,,,,,,,Q11506413,Q11506413,Himeji,Japan,1862627,,,,,,
,,"Idemitsu NTG Co., Ltd. (Japan)",active,company,"Nippon Grease Co., Ltd.; 日本グリース株式会社","Idemitsu NTG Co., Ltd. (Japan); Idemitsu NTG Co., Ltd.; 出光NTG株式会社*ja",,https://www.idemitsuntg.com,,idemitsuntg.com,1941,,,,,,,,,Kawasaki,Japan,1859642,,https://ror.org/002v59719,,,,
,,Nippon Chemi-CON Corporation (Japan),active,company,Nippon Chemi-CON,Nippon Chemi-CON Corporation (Japan); Nippon Chemi-CON Corporation; 日本ケミコン株式会社*ja,,https://www.chemi-con.co.jp,,chemi-con.co.jp,1947,,,,,,,Q7039614,Q7039614,Tokyo,Japan,1850147,,,,,,
,,"Japan CORN Starch Co., Ltd. (Japan)",active,company,Japan CORN Starch,"Japan CORN Starch Co., Ltd. (Japan); Japan CORN Starch Co., Ltd.; 日本コーンスターチ株式会社*ja",,https://www.japan-cornstarch.com,,japan-cornstarch.com,1962,,,,,,,,,Tokyo,Japan,1850147,,,,,,
,,Nippon Comsys Corporation (Japan),active,company,Nippon Comsys,Nippon Comsys Corporation (Japan); Nippon Comsys Corporation; 日本コムシス株式会社*ja,,https://www.comsys.co.jp,,comsys.co.jp,1947,,,,,,,Q11506445,Q11506445,Tokyo,Japan,1850147,,https://ror.org/05jh2ar45,,,,
,,"Nippon Concrete Industries Co., Ltd. (Japan)",active,company,Nippon Concrete Industries,"Nippon Concrete Industries Co., Ltd. (Japan); Nippon Concrete Industries Co., Ltd.; 日本コンクリート工業株式会社*ja",,https://www.ncic.co.jp,,ncic.co.jp,1948,,,,,,,Q11506449,Q11506449,Tokyo,Japan,1850147,,,,,,
,,"Nippon Conveyor Co., Ltd. (Japan)",active,company,Nippon Conveyor,"Nippon Conveyor Co., Ltd. (Japan); Nippon Conveyor Co., Ltd.; 日本コンベヤ株式会社*ja",,https://www.conveyor.co.jp,,conveyor.co.jp,1949,,,,,,,,,Tokyo,Japan,1850147,,,,,,
,,Nidec Advanced Motor Corporation (Japan),active,company,"Japan Servo Co., Ltd.; Nidec Servo Corporation; 日本サーボ株式会社",Nidec Advanced Motor Corporation (Japan); Nidec Advanced Motor Corporation; ニデックアドバンスドモータ株式会社*ja,,https://www.nidec.com/jp/nidec-advancedmotor/,,nidec.com,1949,,,,,,,Q11509387,Q11509387,Kiryu,Japan,1859405,,https://ror.org/05xmzbk80,,,,
,,"Nippon Thermostat Co., Ltd. (Japan)",active,company,Nippon Thermostat,"Nippon Thermostat Co., Ltd. (Japan); Nippon Thermostat Co., Ltd.; 日本サーモスタット株式会社*ja",,https://www.ntcl.co.jp,,ntcl.co.jp,1956,,,,,,,,,Kiyose,Japan,11611938,,,,,,
,,"Nihon Samicon Co., Ltd. (Japan)",active,company,Nihon Samicon,"Nihon Samicon Co., Ltd. (Japan); Nihon Samicon Co., Ltd.; 日本サミコン株式会社*ja",,https://www.nihon-samicon.co.jp,,nihon-samicon.co.jp,1973,,,,,,,,,Niigata,Japan,1855431,,,,,,
,,"Nippon Civic Consulting Engineers Co., Ltd. (Japan)",active,company,Nippon Civic Consulting Engineers,"Nippon Civic Consulting Engineers Co., Ltd. (Japan); Nippon Civic Consulting Engineers Co., Ltd.; 日本シビックコンサルタント株式会社*ja",,https://www.nccnet.co.jp,,nccnet.co.jp,1964,,,,,,,,,Tokyo,Japan,1850147,,,,,,
,,"Japan Jiffy Foods, Inc. (Japan)",active,company,Japan Jiffy Foods,"Japan Jiffy Foods, Inc. (Japan); Japan Jiffy Foods, Inc.; 日本ジフィー食品株式会社*ja",,https://www.jiffy.co.jp,,jiffy.co.jp,1960,,,,,,,,,Osaka,Japan,1853909,,https://ror.org/03ja4b568,,,,
,,"Nihon Spindle Manufacturing Co., Ltd. (Japan)",active,company,Nihon Spindle MFG.,"Nihon Spindle Manufacturing Co., Ltd. (Japan); Nihon Spindle Manufacturing Co., Ltd.; 日本スピンドル製造株式会社*ja",,https://www.spindle.co.jp,,spindle.co.jp,1949,,,,,,,Q11506540,Q11506540,Amagasaki,Japan,1865387,,https://ror.org/03yskk486,,,,
,,"Japan Engineering & Mercantile Co., Ltd. (Japan)",active,company,Japan Engineering & Mercantile,"Japan Engineering & Mercantile Co., Ltd. (Japan); Japan Engineering & Mercantile Co., Ltd.; 日本ゼム株式会社*ja",,https://www.jemco-e.co.jp,,jemco-e.co.jp,1967,,,,,,,,,Tokyo,Japan,1850147,,,,,,
,,"Nippon Ceramic Co., Ltd. (Japan)",active,company,Nippon Ceramic,"Nippon Ceramic Co., Ltd. (Japan); Nippon Ceramic Co., Ltd.; 日本セラミック株式会社*ja",,https://www.nicera.co.jp,,nicera.co.jp,1975,,,,,,,Q11506562,Q11506562,Tottori-shi,Japan,1849892,,,,,,
,,Nippon TAC Incorporated (Japan),active,company,,Nippon TAC Incorporated (Japan); Nippon TAC Incorporated; 日本タック株式会社*ja,,http://www.nippon-tac.net,,nippon-tac.net,,,,,,,,,,Kikugawa,Japan,6822193,,,,,,
,,"Nippon Tungsten Co., Ltd. (Japan)",active,company,Nippon Tungsten,"Nippon Tungsten Co., Ltd. (Japan); Nippon Tungsten Co., Ltd.; 日本タングステン株式会社*ja",,https://www.nittan.co.jp,,nittan.co.jp,1931,,,,,,,Q11506584,Q11506584,Fukuoka,Japan,1863967,,,,,,
,,"Nihon Decoluxe Co., Ltd. (Japan)",active,company,Nihon Decoluxe,"Nihon Decoluxe Co., Ltd. (Japan); Nihon Decoluxe Co., Ltd.; 日本デコラックス株式会社*ja",,https://www.decoluxe.co.jp,,decoluxe.co.jp,1958,,,,,,,,,Fusō,Japan,13132740,,,,,,
,,Nippon Donaldson Ltd. (Japan),active,company,Nippon Donaldson,Nippon Donaldson Ltd. (Japan); Nippon Donaldson Ltd.; 日本ドナルドソン株式会社*ja,,https://www.donaldson.com,,donaldson.com,1964,,,,,,,,,Tachikawa,Japan,11611487,,https://ror.org/02p7bfx81,,,,
,,"Nippon Thompson Co., Ltd. (Japan)",active,company,Nippon Thompson,"Nippon Thompson Co., Ltd. (Japan); Nippon Thompson Co., Ltd.; 日本トムソン株式会社*ja",,https://www.ikont.co.jp,,ikont.co.jp,1950,,,,,,,Q24866547,Q24866547,Tokyo,Japan,1850147,,,,,,
,,"Nippon Peroxide Co., Ltd. (Japan)",inactive,company,Nippon Peroxide,"Nippon Peroxide Co., Ltd. (Japan); Nippon Peroxide Co., Ltd.; 日本パーオキサイド株式会社*ja",,http://www.peroxide.co.jp,,peroxide.co.jp,1963,,,,,,,Q11506779,Q11506779,Tokyo,Japan,1850147,,,,,https://ror.org/03p9nrq57,
,,"Nihon Parkerizing Co., Ltd. (Japan)",active,company,Nihon Parkerizing,"Nihon Parkerizing Co., Ltd. (Japan); Nihon Parkerizing Co., Ltd.; 日本パーカライジング株式会社*ja",,https://www.parker.co.jp,,parker.co.jp,1928,,,,,,,Q11506781,Q11506781,Tokyo,Japan,1850147,,,,,,
,,"Japan Vilene Company, Ltd. (Japan)",active,company,Japan Vilene Company.,"Japan Vilene Company, Ltd. (Japan); Japan Vilene Company, Ltd.; 日本バイリーン株式会社*ja",,https://vilene.co.jp,,vilene.co.jp,1960,,,,,,,Q11506741,Q11506741,Tokyo,Japan,1850147,,https://ror.org/042fpk261,,,,
,,NH Foods Ltd. (Japan),active,company,"Nippon Meat Packers, Inc.",NH Foods Ltd. (Japan); NH Foods Ltd.; 日本ハム株式会社*ja,,https://www.nipponham.co.jp,,nipponham.co.jp,1949,,,,,,,Q7039626,Q7039626,Osaka,Japan,1853909,,,,,,
,,"Valqua, Ltd. (Japan)",active,company,"Nippon Valqua Industries, Ltd.; 日本バルカー工業株式会社; Nippon Valqua Industries","Valqua, Ltd. (Japan); Valqua, Ltd.; 株式会社バルカー*ja",,https://www.valqua.co.jp,,valqua.co.jp,1932,,,,,,,Q11506763,Q11506763,Tokyo,Japan,1850147,,,,,,
,,"Japan Power Fastening Co., Ltd. (Japan)",active,company,,"Japan Power Fastening Co., Ltd. (Japan); Japan Power Fastening Co., Ltd.; 日本パワーファスニング株式会社*ja",,https://www.jpf-net.co.jp,,jpf-net.co.jp,1964,,,,,,,Q11506775,Q11506775,Minoh,Japan,1857046,,,,,,
,,"Nippon Pigment Co., Ltd. (Japan)",active,company,Nippon Pigment,"Nippon Pigment Co., Ltd.; 日本ピグメント株式会社*ja",,https://www.pigment.co.jp,,pigment.co.jp,2024,,,,,,,,,Tokyo,Japan,1850147,,,,,,
,,"Nippon Piston RING Co., Ltd. (Japan)",active,company,Nippon Piston RING,"Nippon Piston RING Co., Ltd. (Japan); Nippon Piston RING Co., Ltd.; Riken NPR Precision Co., Ltd.; 日本ピストンリング株式会社*ja; 株式会社リケンＮＰＲプレシジョン*ja",NPR,https://www.npr.co.jp,,npr.co.jp,1934,,,,,,,,,Saitama,Japan,6940394,,,,,,
,,"Japan Hydrazine Co., Inc. (Japan)",active,company,Japan Hydrazine Co.,"Japan Hydrazine Co., Inc. (Japan); Japan Hydrazine Co., Inc.; 日本ヒドラジン工業株式会社*ja",,https://www.mgcnext.co.jp,,mgcnext.co.jp,1959,,,,,,,,,Tokyo,Japan,1850147,,https://ror.org/00mhg9s35,,,,
,,Nippon HUME Corporation (Japan),active,company,Nippon HUME,Nippon HUME Corporation (Japan); Nippon HUME Corporation; 日本ヒューム株式会社*ja,,https://www.nipponhume.co.jp,,nipponhume.co.jp,1925,,,,,,,Q11506784,Q11506784,Tokyo,Japan,1850147,,,,,,
,,PILLAR Corporation (Japan),active,company,"Nippon Pillar Packing Co., Ltd.; 日本ピラー工業株式会社",PILLAR Corporation (Japan); PILLAR Corporation; 株式会社PILLAR*ja,,https://www.pillar.co.jp,,pillar.co.jp,1948,,,,,,,Q96324053,Q96324053,Osaka,Japan,1853909,,,,,,
,,"Nippon Filing Co., Ltd. (Japan)",active,company,Nippon Filing,"Nippon Filing Co., Ltd. (Japan); Nippon Filing Co., Ltd.; 日本ファイリング株式会社*ja",,https://www.nipponfiling.co.jp,,nipponfiling.co.jp,1939,,,,,,,,,Tokyo,Japan,1850147,,,,,,
,,"Japan Facilio Co., Ltd. (Japan)",active,company,Japan Facilio,"Japan Facilio Co., Ltd. (Japan); Japan Facilio Co., Ltd.; 日本ファシリオ株式会社*ja",,https://www.j-facilio.com,,j-facilio.com,1948,,,,,,,Q17229647,Q17229647,Tokyo,Japan,1850147,,,,,,
,,"Nippon Filcon Co., Ltd. (Japan)",active,company,Nippon Filcon,"Nippon Filcon Co., Ltd. (Japan); Nippon Filcon Co., Ltd.; 日本フイルコン株式会社*ja",,https://www.filcon.co.jp,,filcon.co.jp,1936,,,,,,,Q11506818,Q11506818,Inagi,Japan,11612578,,,,,,
,,"Nippon FELT Co., Ltd. (Japan)",active,company,Nippon FELT,"Nippon FELT Co., Ltd. (Japan); Nippon FELT Co., Ltd.; 日本フエルト株式会社*ja",,https://www.felt.co.jp,,felt.co.jp,1917,,,,,,,Q11506819,Q11506819,Tokyo,Japan,1850147,,,,,,
,,"Nihon Funen Co., Ltd. (Japan)",active,company,Nihon Funen,"Nihon Funen Co., Ltd. (Japan); Nihon Funen Co., Ltd.; 日本フネン株式会社*ja",,https://www.nihonfunen.co.jp,,nihonfunen.co.jp,1974,,,,,,,,,Yoshinogawa,Japan,11612576,,,,,,
,,"Nippon Paint Surf Chemicals Co., Ltd. (Japan)",active,company,Nippon Paint Surf Chemicals,"Nippon Paint Surf Chemicals Co., Ltd. (Japan); Nippon Paint Surf Chemicals Co., Ltd.; 日本ペイント・サーフケミカルズ株式会社*ja",,https://www.nipponpaint-surf.com,,nipponpaint-surf.com,2015,,,,,,,,,Tokyo,Japan,1850147,,https://ror.org/01t782854,,,,
,,"Nippon Paint Co., Ltd. (Japan)",active,company,Nippon Paint,"Nippon Paint Co., Ltd. (Japan); Nippon Paint Co., Ltd.; 日本ペイント株式会社*ja",,https://www.nipponpaint.co.jp,,nipponpaint.co.jp,2014,,,,,0000 0004 0632 2545,0000 0004 0632 2545,,,Tokyo,Japan,1850147,,https://ror.org/01t782854,,,,
,,"Nihon BED Manufacturing Co., Ltd. (Japan)",active,company,Nihon BED Manufacturing,"Nihon BED Manufacturing Co., Ltd. (Japan); Nihon BED Manufacturing Co., Ltd.; 日本ベッド製造株式会社*ja",,https://www.nihonbed.com,,nihonbed.com,1946,,,,,,,Q11506898,Q11506898,Tokyo,Japan,1850147,,,,,,
,,"Nippon BELL Parts Co., Ltd. (Japan)",active,company,Nippon BELL Parts,"Nippon BELL Parts Co., Ltd. (Japan); Nippon BELL Parts Co., Ltd.; 日本ベルパーツ株式会社*ja",,https://www.takuminowaza.com,,takuminowaza.com,1973,,,,,,,,,Yachiyo,Japan,6822182,,,,,,
,,Nihon Pall Ltd. (Japan),active,company,Nihon PALL,Nihon Pall Ltd. (Japan); Nihon Pall Ltd.; 日本ポール株式会社*ja,,https://www.pall.com/industrial-manufacturing/locations/nihon-pall-ltd-.html,,,1982,,,,,,,,,Tokyo,Japan,1850147,,https://ror.org/057jpj338,,,,
,,Japan Polyethylene Corporation (Japan),active,company,Japan Polyethylene,Japan Polyethylene Corporation (Japan); Japan Polyethylene Corporation; 日本ポリエチレン株式会社*ja,,https://www.j-polyethylene.com,,j-polyethylene.com,2003,,,,,,,,,Tokyo,Japan,1850147,,,,,,
,,"Japan Bonkote Co., Ltd. (Japan)",active,company,Japan Bonkote,"Japan Bonkote Co., Ltd. (Japan); Japan Bonkote Co., Ltd.; 日本ボンコート株式会社*ja",,https://www.bonkote.co.jp,,bonkote.co.jp,1977,,,,,,,,,Mito,Japan,2111901,,,,,,
,,"Nihon Matai Co., Ltd. (Japan)",active,company,Nihon Matai,"Nihon Matai Co., Ltd. (Japan); Nihon Matai Co., Ltd.; 日本マタイ株式会社*ja",,https://www.matai.co.jp,,matai.co.jp,1947,,,,,,,Q11506950,Q11506950,Tokyo,Japan,1850147,,,,,,
,,Nippon Manufacturing Service Corporation (Japan),active,company,Nippon Manufacturing Service,Nippon Manufacturing Service Corporation (Japan); Nippon Manufacturing Service Corporation; 日本マニュファクチャリングサービス株式会社*ja,,https://hs.n-ms.co.jp,,n-ms.co.jp,2017,,,,,,,,,Tokyo,Japan,1850147,,,,,,
,,"Nippon Mektron, Ltd. (Japan)",active,company,Nippon Mektron,"Nippon Mektron, Ltd. (Japan); Nippon Mektron, Ltd.; Mektec Corporation; 日本メクトロン株式会社*ja; メクテック株式会社*ja",,https://mektec.nokgrp.com,,nokgrp.com,1969,,,,,,,,,Tokyo,Japan,1850147,,https://ror.org/01cfmz593,,,,
,,"Japan Medical Products Co., Ltd. (Japan)",active,company,Japan Medical Products,"Japan Medical Products Co., Ltd.; Japan Medical Products Co., Ltd. (Japan); 日本メディカルプロダクツ株式会社*ja",,https://medipro.co.jp/JMP/,,medipro.co.jp,1973,,,,,,,,,Asahikawa,Japan,2130629,,,,,,
,,"Japan U-PICA Co., Ltd. (Japan)",active,company,Japan U-PICA,"Japan U-PICA Co., Ltd. (Japan); Japan U-PICA Co., Ltd.; 日本ユピカ株式会社*ja",,https://www.u-pica.co.jp,,u-pica.co.jp,1977,,,,,,,Q17213479,Q17213479,Tokyo,Japan,1850147,,https://ror.org/00mhg9s35,,,,
,,"Nippon Reinz Co., Ltd. (Japan)",active,company,Nippon Reinz,"Nippon Reinz Co., Ltd. (Japan); Nippon Reinz Co., Ltd.; 日本ラインツ株式会社*ja",,https://www.nichias.co.jp/company/group/apj.html,,,1967,,,,,,,,,Yamato,Japan,11611478,,https://ror.org/008f5wa49,,,,
,,"Nippon Rietec Co., Ltd. (Japan)",active,company,Nippon Rietec,"Nippon Rietec Co., Ltd. (Japan); Nippon Rietec Co., Ltd.; 日本リーテック株式会社*ja",,https://www.j-rietec.co.jp,,j-rietec.co.jp,1957,,,,,,,Q11507029,Q11507029,Tokyo,Japan,1850147,,,,,,
,,"Nippon Refine Co., Ltd. (Japan)",active,company,Nippon Refine,"Nippon Refine Co., Ltd. (Japan); Nippon Refine Co., Ltd.; 日本リファイン株式会社*ja",,https://n-refine.co.jp,,n-refine.co.jp,2017,,,,,,,,,Wanouchi,Japan,13132760,,,,,,
,,Nippon Resibon Corporation (Japan),active,company,Nippon Resibon,Nippon Resibon Corporation (Japan); Nippon Resibon Corporation; 日本レヂボン株式会社*ja,,https://www.resibon.co.jp,,resibon.co.jp,1958,,,,,,,Q11507047,Q11507047,Osaka,Japan,1853909,,,,,,
,,Nippon Ekitan Corporation (Japan),active,company,Nippon Ekitan,Nippon Ekitan Corporation (Japan); Nippon Ekitan Corporation; 日本液炭株式会社*ja,,https://www.n-eco.co.jp,,n-eco.co.jp,1925,,,,,,,Q11508534,Q11508534,Tokyo,Japan,1850147,,,,,,
,,Japan Applied Technology Inc (Japan),active,company,Japan Applied Technology,Japan Applied Technology Inc (Japan); Japan Applied Technology Inc; 日本応用技術株式会社*ja,,https://jpapptech.com,,jpapptech.com,2016,,,,,,,,,Tokyo,Japan,1850147,,,,,,
,,"Japan Chemical Engineering & Machinery Co., Ltd. (Japan)",active,company,Japan Chemical Engineering & Machinery,"Japan Chemical Engineering & Machinery Co., Ltd. (Japan); Japan Chemical Engineering & Machinery Co., Ltd.; 日本化学機械製造株式会社*ja",,https://www.nikkaki.co.jp,,nikkaki.co.jp,1938,,,,,,,,,Osaka,Japan,1853909,,,,,,
,,"Nihon Kagaku Sangyo Co., Ltd. (Japan)",active,company,Nihon Kagaku Sangyo,"Nihon Kagaku Sangyo Co., Ltd. (Japan); Nihon Kagaku Sangyo Co., Ltd.; 日本化学産業株式会社*ja",,https://www.nihonkagakusangyo.co.jp,,nihonkagakusangyo.co.jp,1946,,,,,,,Q96323560,Q96323560,Tokyo,Japan,1850147,,,,,,
,,"Nihon Kasen Co., Ltd. (Japan)",active,company,Nippon Kasen,"Nihon Kasen Co., Ltd. (Japan); Nihon Kasen Co., Ltd.; 日本化線株式会社*ja",,https://www.nippoly.com,,nippoly.com,1948,,,,,,,,,Higashiosaka,Japan,1862752,,,,,,
,,Japan Freight Railway Company (Japan),active,company,,Japan Freight Railway Company (Japan); Japan Freight Railway Company; 日本貨物鉄道株式会社*ja,,https://www.jrfreight.co.jp,,jrfreight.co.jp,1987,,,,,,,Q1190669,Q1190669,Tokyo,Japan,1850147,,,,,,
,,"Japan SEA Works Co., Ltd. (Japan)",active,company,Japan SEA Works,"Japan SEA Works Co., Ltd.; Japan SEA Works Co., Ltd. (Japan); 日本海上工事株式会社*ja",,https://www.kaijyokouji.co.jp,,kaijyokouji.co.jp,1965,,,,,,,,,Tokyo,Japan,1850147,,https://ror.org/048gksa87,,,,
,,Japan Drilling Company Ltd. (Japan),active,company,Japan Drilling Company,Japan Drilling Company Ltd. (Japan); Japan Drilling Company Ltd.; 日本海洋掘削株式会社*ja,JDC,https://www.jdc.co.jp,,jdc.co.jp,1968,,,,,,,Q11508501,Q11508501,Tokyo,Japan,1850147,,,,,,
,,"Nippon Marine Enterprises, Ltd. (Japan)",active,company,Nippon Marine Enterprises,"Nippon Marine Enterprises, Ltd. (Japan); Nippon Marine Enterprises, Ltd.; 日本海洋事業株式会社*ja",,https://www.nme.co.jp,,nme.co.jp,1980,,,,,,,,,Yokosuka,Japan,1848313,,https://ror.org/0225qq424,,,,
,,"Nihon Kankyou Giken Co., Ltd. (Japan)",active,company,Japan Environment SYSTEMS,"Nihon Kankyou Giken Co., Ltd.; 日本環境技研株式会社*ja",,http://nihon-kankyou.webnode.jp,,,,,,,,,,,,Ōita,Japan,1854487,,,,,,
,,"Environmental Measurement Japan, Co., Ltd. (Japan)",active,company,Environmental Mesurement Japan,"Environmental Measurement Japan, Co., Ltd. (Japan); Environmental Measurement Japan, Co., Ltd.; 日本環境計測株式会社*ja",EMJ,https://www.environment.co.jp,,environment.co.jp,1999,,,,,,,,,Fukuoka,Japan,1863967,,,,,,
,,"Japan Foundation Engineering Co., Ltd. (Japan)",active,company,Japan Foundation Engineering,"Japan Foundation Engineering Co., Ltd. (Japan); Japan Foundation Engineering Co., Ltd.; 日本基礎技術株式会社*ja",,https://www.jafec.co.jp,,jafec.co.jp,1953,,,,,,,Q28691243,Q28691243,Osaka,Japan,1853909,,,,,,
,,"Nihon Kikai Kogyo Co., Ltd. (Japan)",active,company,Nihon Kikai Kogyo,"Nihon Kikai Kogyo Co., Ltd. (Japan); Nihon Kikai Kogyo Co., Ltd.; 日本機械工業株式会社*ja",,https://www.nikki-net.co.jp,,nikki-net.co.jp,1928,,,,,,,Q11508350,Q11508350,Hachiōji,Japan,1863440,,,,,,
,,"Nihon Gijutsu Kaihatsu Co., Ltd. (Japan)",active,company,Japan Engineering Consultants,"Nihon Gijutsu Kaihatsu Co., Ltd. (Japan); Nihon Gijutsu Kaihatsu Co., Ltd.; 日本技術開発株式会社*ja",,https://www.ngkk.jp,,ngkk.jp,2011,,,,,,,,,Osaka,Japan,1853909,,,,,,
,,"Japan Cash Machine Co., Ltd. (Japan)",active,company,Japan CASH Machine,"Japan Cash Machine Co., Ltd. (Japan); Japan Cash Machine Co., Ltd.; 日本金銭機械株式会社*ja",JCM,https://www.jcm-hq.co.jp,,jcm-hq.co.jp,1955,,,,,,,Q11509294,Q11509294,Osaka,Japan,1853909,,,,,,
,,"Nippon Kinzoku Co., Ltd. (Japan)",active,company,Nippon Kinzoku,"Nippon Kinzoku Co., Ltd. (Japan); Nippon Kinzoku Co., Ltd.; 日本金属株式会社*ja",,https://www.nipponkinzoku.co.jp,,nipponkinzoku.co.jp,1939,,,,,,,Q11509292,Q11509292,Tokyo,Japan,1850147,,,,,,
,,Nihon Keisen Kaisha Ltd. (Japan),active,company,Nihon Keisen Kaisha,Nihon Keisen Kaisha Ltd. (Japan); Nihon Keisen Kaisha Ltd.; 日本形染株式会社*ja,,https://www.nihonkeisen.co.jp,,nihonkeisen.co.jp,,,,,,,,,,Hamamatsu,Japan,1863289,,,,,,
,,"Nippon Light Metal Co., Ltd. (Japan)",active,company,Nippon Light Metal,"Nippon Light Metal Co., Ltd. (Japan); Nippon Light Metal Co., Ltd.; 日本軽金属株式会社*ja",NLM,https://www.nikkeikin.com,,nikkeikin.com,1939,,,,,,,,,Tokyo,Japan,1850147,,,,,,
,,"Nihon Kenshi Co., Ltd. (Japan)",active,company,Nihon Kenshi,"Nihon Kenshi Co., Ltd. (Japan); Nihon Kenshi Co., Ltd.; 日本研紙株式会社*ja",,https://www.nihonkenshi.co.jp,,nihonkenshi.co.jp,1942,,,,,,,,,Fukuyama,Japan,1863917,,,,,,
,,The Japan Atomic Power Company (Japan),active,company,,The Japan Atomic Power Company (Japan); The Japan Atomic Power Company; Japan Atomic Power Company; 日本原子力発電株式会社*ja,JAPC,https://www.japc.co.jp,,japc.co.jp,1957,,,,,,,Q1636542,Q1636542,Tokyo,Japan,1850147,,,,,,
,,Japan Nuclear Fuel Limited (Japan),active,company,Japan Nuclear Fuel,Japan Nuclear Fuel Limited (Japan); Japan Nuclear Fuel Limited; 日本原燃株式会社*ja,JNFL,https://www.jnfl.co.jp,,jnfl.co.jp,1992,,,,,,,Q3162234,Q3162234,Obuchi,Japan,2128802,,,,,,
,,"Nippon Koki Co., Ltd. (Japan)",active,company,Nippon Koki,"Nippon Koki Co., Ltd. (Japan); Nippon Koki Co., Ltd.; 日本工機株式会社*ja",,https://www.nippon-koki.co.jp,,nippon-koki.co.jp,1933,,,,,,,Q10158345,Q10158345,Tokyo,Japan,1850147,,https://ror.org/02xnraw58,,,,
,,"Japan Industrial Testing Co., Ltd. (Japan)",active,company,Japan Industrial Testing,"Japan Industrial Testing Co., Ltd. (Japan); Japan Industrial Testing Co., Ltd.; 日本工業検査株式会社*ja",,https://www.nikkoken.com,,nikkoken.com,1963,,,,,,,,,Kawasaki,Japan,1859642,,https://ror.org/04rj78312,,,,
,,"Nippon Koshuha Steel Co., Ltd. (Japan)",active,company,Nippon Koshuha Steel,"Nippon Koshuha Steel Co., Ltd. (Japan); Nippon Koshuha Steel Co., Ltd.; 日本高周波鋼業株式会社*ja",,https://www.koshuha.co.jp,,koshuha.co.jp,1950,,,,,,,Q11509467,Q11509467,Tokyo,Japan,1850147,,https://ror.org/05fa63r36,,,,
,,"Japan Synthetic Alcohol Co., Ltd. (Japan)",active,company,Japan Synthetic Alcohol,"Japan Synthetic Alcohol Co., Ltd. (Japan); Japan Synthetic Alcohol Co., Ltd.; 日本合成アルコール株式会社*ja",,https://www.j-s-a.co.jp,,j-s-a.co.jp,1963,,,,,,,,,Kawasaki,Japan,1859642,,,,,,
,,"The Nippon Synthetic Chemical Industry Co., Ltd. (Japan)",inactive,company,The Nippon Synthetic Chemical Industry,"The Nippon Synthetic Chemical Industry Co., Ltd. (Japan); The Nippon Synthetic Chemical Industry Co., Ltd.; 日本合成化学工業株式会社*ja",,http://www.nichigo.co.jp,,nichigo.co.jp,1927,,,,,0000 0001 0290 1329,0000 0001 0290 1329,Q11507524,Q11507524,Osaka,Japan,1853909,,,,,https://ror.org/05d8avs16,
,,"Nihon Yamamura Glass Co., Ltd. (Japan)",active,company,Nihon Yamamura Glass,"Nihon Yamamura Glass Co., Ltd. (Japan); Nihon Yamamura Glass Co., Ltd.; 日本山村硝子株式会社*ja",,https://www.yamamura.co.jp,,yamamura.co.jp,1955,,,,,,,Q11507987,Q11507987,Amagasaki,Japan,1865387,,,,,,
,,"Nippon Magnetic Dressing Co., Ltd. (Japan)",active,company,Nippon Magnetic Dressing,"Nippon Magnetic Dressing Co., Ltd. (Japan); Nippon Magnetic Dressing Co., Ltd.; 日本磁力選鉱株式会社*ja",,https://www.nmd.co.jp,,nmd.co.jp,1949,,,,,,,Q11508696,Q11508696,Kitakyushu,Japan,1859307,,,,,,
,,"Nippon Sharyo, Ltd. (Japan)",active,company,Nippon Sharyo,"Nippon Sharyo, Ltd. (Japan); Nippon Sharyo, Ltd.; 日本車輌製造株式会社*ja",,https://www.n-sharyo.co.jp/index.html,,n-sharyo.co.jp,1896,,,,,,,Q682174,Q682174,Nagoya,Japan,1856057,,https://ror.org/0505he277,,,,
,,"Nihon Shokken Co., Ltd. (Japan)",active,company,Nihon Shokken,"Nihon Shokken Co., Ltd. (Japan); 日本食研株式会社*ja",,https://www.nihonshokken.com,,nihonshokken.com,2009,,,,,,,,,Imabari,Japan,1926134,,,,,,
,,"Nihon Shokuhin KAKO Co., Ltd. (Japan)",active,company,Nihon Shokuhin KAKO,"Nihon Shokuhin KAKO Co., Ltd. (Japan); Nihon Shokuhin KAKO Co., Ltd.; 日本食品化工株式会社*ja",,https://www.nisshoku.co.jp,,nisshoku.co.jp,1948,,,,,,,Q11509442,Q11509442,Tokyo,Japan,1850147,,,,,,
,,"Nippon Shindo Co., Ltd. (Japan)",active,company,Nippon Shindo,"Nippon Shindo Co., Ltd. (Japan); Nippon Shindo Co., Ltd.; 日本伸銅株式会社*ja",,https://www.nippon-shindo.co.jp,,nippon-shindo.co.jp,1938,,,,,,,Q11507227,Q11507227,Sakai,Japan,1853195,,https://ror.org/03dxpdb95,,,,
,,"The Nippon Signal Co., Ltd. (Japan)",active,company,The Nippon Signal,"The Nippon Signal Co., Ltd. (Japan); The Nippon Signal Co., Ltd.; 日本信号株式会社*ja",,https://www.signal.co.jp,,signal.co.jp,1928,,,,,,,Q11086233,Q11086233,Tokyo,Japan,1850147,,,,,,
,,"Japan VAM & Poval Co., Ltd. (Japan)",active,company,Japan VAM And Poval,"Japan VAM & Poval Co., Ltd. (Japan); Japan VAM & Poval Co., Ltd.; 日本酢ビ・ポバール株式会社*ja",JVP,https://www.j-vp.co.jp,,j-vp.co.jp,1968,,,,,,,Q11509285,Q11509285,Sakai,Japan,1853195,,https://ror.org/05tq4a167,,,,
,,"Nippon FINE Chemical Co., Ltd. (Japan)",active,company,Nippon FINE Chemical,"Nippon FINE Chemical Co., Ltd. (Japan); Nippon FINE Chemical Co., Ltd.; 日本精化株式会社*ja",,https://www.nipponseika.co.jp,,nipponseika.co.jp,1918,,,,,,,Q11508789,Q11508789,Osaka,Japan,1853909,,,,,,
,,"Nihon Seiko Co., Ltd. (Japan)",active,company,Nihon Seiko,"Nihon Seiko Co., Ltd. (Japan); Nihon Seiko Co., Ltd.; 日本精鉱株式会社*ja",,https://www.nihonseiko.co.jp,,nihonseiko.co.jp,1935,,,,,,,Q11508805,Q11508805,Tokyo,Japan,1850147,,,,,,
,,"Nippon Seisen Co., Ltd. (Japan)",active,company,Nippon Seisen,"Nippon Seisen Co., Ltd. (Japan); Nippon Seisen Co., Ltd.; 日本精線株式会社*ja",,https://www.n-seisen.co.jp,,n-seisen.co.jp,1951,,,,,,,Q11508803,Q11508803,Osaka,Japan,1853909,,,,,,
,,"Nippon Seiro Co., Ltd. (Japan)",active,company,Nippon Seiro,"Nippon Seiro Co., Ltd. (Japan); Nippon Seiro Co., Ltd.; 日本精蝋株式会社*ja",,https://www.seiro.co.jp,,seiro.co.jp,1951,,,,,,,Q11508804,Q11508804,Tokyo,Japan,1850147,,,,,,
,,"Nippon Paper Chemicals Co., Ltd. (Japan)",inactive,company,Nippon Paper Chemicals,"Nippon Paper Chemicals Co., Ltd. (Japan); Nippon Paper Chemicals Co., Ltd.; 日本製紙ケミカル株式会社*ja",,http://www.npchem.co.jp,,npchem.co.jp,2002,,,,,,,Q11509060,Q11509060,Tokyo,Japan,1850147,,,,,https://ror.org/00yzvve44,
,,"Nippon Seisen Cable, Ltd. (Japan)",active,company,Nippon Seisen Cable,"Nippon Seisen Cable, Ltd. (Japan); Nippon Seisen Cable, Ltd.; 日本製線株式会社*ja",,https://nscable.co.jp,,nscable.co.jp,1938,,,,,,,,,Tokyo,Japan,1850147,,,,,,
,,"Nippon Paper Sacks Co., Ltd. (Japan)",active,company,Nippon Seitai,"Nippon Paper Sacks Co., Ltd. (Japan); Nippon Seitai Co., Ltd.; 日本製袋株式会社*ja",,http://www.npseitai.co.jp,,npseitai.co.jp,1923,,,,,,,,,Tokyo,Japan,1850147,,https://ror.org/00yzvve44,,,,
,,Nihon Seikan K. K. (Japan),active,company,,Nihon Seikan K. K. (Japan); Nihon Seikan K. K.; 日本製罐株式会社*ja,,https://www.nihonseikan.co.jp,,nihonseikan.co.jp,1925,,,,,,,Q11509067,Q11509067,Saitama,Japan,6940394,,,,,,
,,"Japan Oil Transportation Co., Ltd. (Japan)",active,company,Japan OIL Transportation,"Japan Oil Transportation Co., Ltd. (Japan); Japan Oil Transportation Co., Ltd.; 日本石油輸送株式会社*ja",JOT,https://www.jot.co.jp,,jot.co.jp,1946,,,,,,,Q11508697,Q11508697,Tokyo,Japan,1850147,,https://ror.org/03rw2rj66,,,,
,,"Japan DROP Forge Co., Ltd. (Japan)",active,company,Japan DROP Forge,"Japan DROP Forge Co., Ltd. (Japan); Japan DROP Forge Co., Ltd.; 日本鍛工株式会社*ja",,https://www.j-d-f.co.jp,,j-d-f.co.jp,1924,,,,,,,,,Amagasaki,Japan,1865387,,https://ror.org/05fa63r36,,,,
,,"Japan Ground Water Development Co., Ltd. (Japan)",active,company,Japan Ground Water Development,"Japan Ground Water Development Co., Ltd. (Japan); Japan Ground Water Development Co., Ltd.; 日本地下水開発株式会社*ja",JGD,https://www.jgd.jp,,jgd.jp,1962,,,,,,,,,Yamagata,Japan,2110556,,,,,,
,,Nippon Chuzo K.K. (Japan),active,company,Nippon Chuzo,Nippon Chuzo K.K. (Japan); Nippon Chuzo K.K.; 日本鋳造株式会社*ja,,https://nipponchuzo.co.jp,,nipponchuzo.co.jp,1948,,,,,,,Q11509319,Q11509319,Kawasaki,Japan,1859642,,,,,,
,,Japan Casting & Forging Corporation (Japan),active,company,Japan Casting & Forging,Japan Casting & Forging Corporation (Japan); Japan Casting & Forging Corporation; 日本鋳鍛鋼株式会社*ja,,https://jaftacasting.com,,jaftacasting.com,1979,,,,,,,Q125534865,Q125534865,Kitakyushu,Japan,1859307,,,,,,
,,"Nihon Choriki Co., Ltd. (Japan)",active,company,Nihon Choriki,"Nihon Choriki Co., Ltd. (Japan); Nihon Choriki Co., Ltd.; 日本調理機株式会社*ja",,https://www.nitcho.co.jp,,nitcho.co.jp,1947,,,,,,,Q138478992,Q138478992,Tokyo,Japan,1850147,,,,,,
,,"Nippon Express Co., Ltd. (Japan)",active,company,Nippon Express,"Nippon Express Co., Ltd. (Japan); Nippon Express Co., Ltd.; 日本通運株式会社*ja",,https://www.nipponexpress.com,,nipponexpress.com,1937,,,,,0000 0000 8797 5935,0000 0000 8797 5935,Q1993298,Q1993298,Chiyoda,Japan,11749713,,,,,,
,,"Nihon Tsusan Co., Ltd. (Japan)",active,company,Nihon Tsusan,"Nihon Tsusan Co., Ltd. (Japan); Nihon Tsusan Co., Ltd.; 日本通酸株式会社*ja",,https://www.nihon-tsusan.co.jp,,nihon-tsusan.co.jp,1950,,,,,,,,,Sakai,Japan,1853195,,,,,,
,,"Japan Communication Equipment Co., Ltd. (Japan)",active,company,Japan Communication Equipment,"Japan Communication Equipment Co., Ltd. (Japan); Japan Communication Equipment Co., Ltd.; 日本通信機株式会社*ja",,https://nitsuki.com,,nitsuki.com,1949,,,,,,,Q11509231,Q11509231,Aikawa,Japan,1865683,,,,,,
,,"Japan Steel Tower Co., Ltd. (Japan)",active,company,Japan Steel Tower,"Japan Steel Tower Co., Ltd. (Japan); Japan Steel Tower Co., Ltd.; 日本鉄塔工業株式会社*ja",,https://www.jsteam.jp/jst_t,,jsteam.jp,1938,,,,,,,,,Tokyo,Japan,1850147,,,,,,
,,"K&O Iodine Co., Ltd. (Japan)",active,company,"Nihon Tennen GAS Co., Ltd.; 日本天然ガス株式会社","K&O Iodine Co., Ltd. (Japan); K&O Iodine Co., Ltd.; K&Oヨウ素株式会社*ja",,https://www.k-and-o-iodine.co.jp,,k-and-o-iodine.co.jp,1940,,,,,,,,,Shirako,Japan,7465532,,,,,,
,,"Nippon BEET Sugar Manufacturing Co., Ltd. (Japan)",active,company,Nippon BEET Sugar Manufacturing,"Nippon BEET Sugar Manufacturing Co., Ltd. (Japan); Nippon BEET Sugar Manufacturing Co., Ltd.; 日本甜菜製糖株式会社*ja",,https://www.nitten.co.jp,,nitten.co.jp,1919,,,,,,,Q11508607,Q11508607,Tokyo,Japan,1850147,,,,,,
,,"NEC Aerospace Systems, Ltd. (Japan)",active,company,,"NEC Aerospace Systems, Ltd. (Japan); NEC Aerospace Systems, Ltd.; 日本電気航空宇宙システム株式会社*ja",,https://www.nas.co.jp,,nas.co.jp,1981,,,,,,,Q28688045,Q28688045,Fuchū,Japan,11611632,,https://ror.org/04jndar25,,,,
,,"NEC Communication Systems, Ltd. (Japan)",active,company,NEC Communication Systems,"NEC Communication Systems, Ltd. (Japan); NEC Communication Systems, Ltd.; 日本電気通信システム株式会社*ja",NCOS,https://www.ncos.co.jp,,ncos.co.jp,1980,,,,,,,Q11509379,Q11509379,Tokyo,Japan,1850147,,https://ror.org/04jndar25,,,,
,,"Nippon Electrode Co., Ltd. (Japan)",active,company,Nippon Electrode,"Nippon Electrode Co., Ltd. (Japan); Nippon Electrode Co., Ltd.; 日本電極株式会社*ja",,https://group.nikkeikin.co.jp/ndk/index.html,,nikkeikin.co.jp,1945,,,,,,,,,Shizuoka,Japan,1851717,,,,,,
,,Nidec Precision Corporation (Japan),active,company,Nidec Copal Corporation; Nidec Copal,Nidec Precision Corporation (Japan); Nidec Precision Corporation; ニデックプレシジョン株式会社*ja,,https://www.nidec.com/nidec-precision/,,nidec.com,1949,,,,,,,Q3071783,Q3071783,Tokyo,Japan,1850147,,https://ror.org/05xmzbk80,,,,
,,Nidec Components Corporation (Japan),active,company,Nidec Copal Electronics,Nidec Components Corporation (Japan); Nidec Components Corporation; Nidec Copal Electronics Corporation; ニデックコンポーネンツ株式会社*ja; 日本電産コパル電子株式会社*ja,,https://www.nidec-components.com,,nidec-components.com,1967,,,,,,,Q96324057,Q96324057,Tokyo,Japan,1850147,,https://ror.org/05xmzbk80,,,,
,,Nidec Servo Corporation (Japan),active,company,Nidec Servo,Nidec Servo Corporation (Japan); Nidec Servo Corporation; 日本電産サーボ株式会社*ja,,https://www.nidec.com/nidec-advancedmotor/,,,1949,,,,,,,Q11509387,Q11509387,Kiryu,Japan,1859405,,https://ror.org/05xmzbk80,,,,
,,Nidec Powertrain Systems Corporation (Japan),active,company,Nidec Tosok Corporation; 日本電産トーソク株式会社,Nidec Powertrain Systems Corporation (Japan); Nidec Powertrain Systems Corporation; ニデックパワートレインシステムズ株式会社*ja,,https://www.nidec.com/jp/nidec-powertrainsystems/,,nidec.com,1949,,,,,,,Q11509388,Q11509388,Zama,Japan,1848004,,https://ror.org/05xmzbk80,,,,
,,"Nihon Denshi Gijyutu Co., Ltd. (Japan)",active,company,Nihon Denshi Gijyutu,"Nihon Denshi Gijyutu Co., Ltd. (Japan); Nihon Denshi Gijyutu Co., Ltd.; 日本電子技術株式会社*ja",JET,https://www.jet1.co.jp,,jet1.co.jp,1985,,,,,,,,,Owariasahi,Japan,6698269,,,,,,
,,Japan Electronic Materials Corporation (Japan),active,company,Japan Electronic Materials,Japan Electronic Materials Corporation (Japan); Japan Electronic Materials Corporation; 日本電子材料株式会社*ja,,https://www.jem-net.co.jp,,jem-net.co.jp,1960,,,,,,,Q11509368,Q11509368,Amagasaki,Japan,1865387,,,,,,
,,"Nippon Densetsu Kogyo Co., Ltd. (Japan)",active,company,Nippon Densetsu Kogyo,"Nippon Densetsu Kogyo Co., Ltd. (Japan); Nippon Densetsu Kogyo Co., Ltd.; 日本電設工業株式会社*ja",,https://www.densetsuko.co.jp,,densetsuko.co.jp,1942,,,,,,,Q11509395,Q11509395,Taito,Japan,11790369,,,,,,
,,"The Nippon ROAD Co., Ltd. (Japan)",active,company,The Nippon ROAD,"The Nippon ROAD Co., Ltd. (Japan); The Nippon ROAD Co., Ltd.; 日本道路株式会社*ja",,https://www.nipponroad.co.jp,,nipponroad.co.jp,1929,,,,,,,Q11509244,Q11509244,Tokyo,Japan,1850147,,https://ror.org/039zveh30,,,,
,,"Nihon Tokushu Toryo Co., Ltd. (Japan)",active,company,Nihon Tokushu Toryo,"Nihon Tokushu Toryo Co., Ltd. (Japan); Nihon Tokushu Toryo Co., Ltd.; 日本特殊塗料株式会社*ja",,https://www.nttoryo.co.jp,,nttoryo.co.jp,1929,,,,,,,Q17213269,Q17213269,Tokyo,Japan,1850147,,,,,,
,,"Nihon Tokushu Rozai Co., Ltd. (Japan)",active,company,Nihon Tokushu Rozai,"Nihon Tokushu Rozai Co., Ltd. (Japan); Nihon Tokushu Rozai Co., Ltd.; 日本特殊炉材株式会社*ja",,https://www.nitoro.co.jp,,nitoro.co.jp,1944,,,,,,,,,Tamano,Japan,1850742,,,,,,
,,"Nippon Nyukazai Co., Ltd. (Japan)",active,company,Nippon Nyukazai,"Nippon Nyukazai Co., Ltd. (Japan); Nippon Nyukazai Co., Ltd.; 日本乳化剤株式会社*ja",,https://www.nipponnyukazai.co.jp,,nipponnyukazai.co.jp,1953,,,,,,,Q24868088,Q24868088,Tokyo,Japan,1850147,,https://ror.org/02s3d9n87,,,,
,,"Nihon Hiryo Co., Ltd. (Japan)",active,company,Nihon Hiryo,"Nihon Hiryo Co., Ltd. (Japan); Nihon Hiryo Co., Ltd.; 日本肥糧株式会社*ja",,https://www.nihonhiryo.co.jp,,nihonhiryo.co.jp,1949,,,,,,,,,Fujioka,Japan,1864099,,https://ror.org/01skwyh03,,,,
,,"KONICA MINOLTA NIPPON BUNKASEIKO, INC. (Japan)",active,company,Nippon Bunkaseiko,"KONICA MINOLTA NIPPON BUNKASEIKO, INC. (Japan); KONICA MINOLTA NIPPON BUNKASEIKO, INC.; コニカミノルタ日本文化精工株式会社*ja",,http://www.npt-print.co.jp,,npt-print.co.jp,2023,,,,,,,,,Tokyo,Japan,1850147,,https://ror.org/05dtvab05,,,,
,,"The Nippon Corrosion Engineering Co., Ltd. (Japan)",active,company,The Nippon Corrosion Engineering,"The Nippon Corrosion Engineering Co., Ltd. (Japan); The Nippon Corrosion Engineering Co., Ltd.; 日本防蝕工業株式会社*ja",,https://www.nitibo.co.jp,,nitibo.co.jp,1947,,,,,,,,,Tokyo,Japan,1850147,,,,,,
,,"Japan Radio Co., Ltd. (Japan)",active,company,Japan Radio,"Japan Radio Co., Ltd. (Japan); Japan Radio Co., Ltd.; 日本無線株式会社*ja",JRC,https://www.jrc.co.jp,,jrc.co.jp,1915,,,,,,,Q3077305,Q3077305,Kamirenjaku,Japan,1860437,,,,,,
,,"Nippon Yakin Kogyo Co., Ltd. (Japan)",active,company,Nippon Yakin Kogyo,"Nippon Yakin Kogyo Co., Ltd. (Japan); Nippon Yakin Kogyo Co., Ltd.; 日本冶金工業株式会社*ja",,https://www.nyk.co.jp,,nyk.co.jp,1925,,,,,,,Q11086253,Q11086253,Tokyo,Japan,1850147,,,,,,
,,"Nippon Yusoki Co., Ltd. (Japan)",active,company,Nippon Yusoki,"Nippon Yusoki Co., Ltd. (Japan); Nippon Yusoki Co., Ltd.; 日本輸送機株式会社*ja",,https://www.logisnext.com,,logisnext.com,1937,,,,,,,Q3936221,Q3936221,Nagaokakyo,Japan,1856196,,,,,,
,,Nippon Yusen K.K. (Japan),active,company,Nippon Yusen,Nippon Yusen K.K. (Japan); Nippon Yusen K.K.; 日本郵船株式会社*ja,NYK,https://www.nyk.com,,nyk.com,1885,,,,,0000 0001 2197 9981,0000 0001 2197 9981,Q1478918,Q1478918,Tokyo,Japan,1850147,,,,,,
,,"Japan Post Co., Ltd. (Japan)",active,company,Japan POST,"Japan Post Co., Ltd. (Japan); Japan Post Co., Ltd.; 日本郵便株式会社*ja",,https://www.post.japanpost.jp,,japanpost.jp,2007,,,,,,,Q11509260,Q11509260,Tokyo,Japan,1850147,,,,,,
,,"Nippon Rensui Co., Ltd. (Japan)",active,company,Nippon Rensui,"Nippon Rensui Co., Ltd. (Japan); Nippon Rensui Co., Ltd.; 日本錬水株式会社*ja",,https://www.mcas.co.jp,,mcas.co.jp,1952,,,,,,,,,Tokyo,Japan,1850147,,https://ror.org/05d8avs16,,,,
,,"Nippon Crucible Co., Ltd. (Japan)",active,company,Nippon Crucible,"Nippon Crucible Co., Ltd. (Japan); Nippon Crucible Co., Ltd.; 日本坩堝株式会社*ja; 日本ルツボ株式会社*ja",,https://www.rutsubo.com,,rutsubo.com,1906,,,,,,,,,Tokyo,Japan,1850147,,,,,,
,,"NICHIRO Co., Ltd. (Japan)",active,company,"Nippon Rokaki Co., Ltd.; 日本濾過器株式会社","NICHIRO Co., Ltd. (Japan); NICHIRO Co., Ltd.; NICHIRO株式会社*ja",,https://www.nichiro-inc.co.jp,,nichiro-inc.co.jp,1940,,,,,,,,,Sagamihara,Japan,11611609,,,,,,
,,"Hitachi Appliances, Inc. (Japan)",active,company,Hitachi Appliances,"Hitachi Appliances, Inc. (Japan); Hitachi Appliances, Inc.; 日立アプライアンス株式会社*ja",,http://www.hitachi-ap.co.jp,,hitachi-ap.co.jp,1998,,,,,,,Q11509971,Q11509971,Tokyo,Japan,1850147,,https://ror.org/02exqgm79,,,,
,,"Hitachi Aloka Medical, Ltd. (Japan)",active,company,Hitachi Aloka Medical,"Hitachi Aloka Medical, Ltd.; Hitachi Aloka Medical, Ltd. (Japan); 日立アロカメディカル株式会社*ja",,http://www.hitachi-aloka.co.jp,,hitachi-aloka.co.jp,1950,,,,,,,Q11509970,Q11509970,Mitaka,Japan,1860437,,,,,,
,,Hitachi AIC Inc. (Japan),inactive,company,Hitachi AIC,Hitachi AIC Inc. (Japan); Hitachi AIC Inc.; 日立エーアイシー株式会社*ja,,http://www.hitachi-aic.com,,hitachi-aic.com,1967,,,,,,,Q11509973,Q11509973,Moka,Japan,2111836,,,,,https://ror.org/01vgenm18,
,,"Hitachi Cement Co., Ltd. (Japan)",active,company,Hitachi Cement,"Hitachi Cement Co., Ltd. (Japan); Hitachi Cement Co., Ltd.; 日立セメント株式会社*ja",,https://www.hitachi-cement.co.jp,,hitachi-cement.co.jp,1907,,,,,,,Q11509989,Q11509989,Hitachi,Japan,2112708,,,,,,
,,"Hitachi Software Engineering Co., Ltd. (Japan)",inactive,company,Hitachi Software Engineering,"Hitachi Software Engineering Co., Ltd. (Japan); Hitachi Software Engineering Co., Ltd.; 日立ソフトウェアエンジニアリング株式会社*ja",,,,,1970,,,,,,,Q11509991,Q11509991,Tokyo,Japan,1850147,,https://ror.org/02exqgm79,,,,
,,"Hitachi Valve, Ltd. (Japan)",active,company,Hitachi Valve,"Hitachi Valve, Ltd. (Japan); Hitachi Valve, Ltd.; 日立バルブ株式会社*ja",,http://www.hitachi-valve.co.jp,,hitachi-valve.co.jp,1959,,,,,,,Q11510004,Q11510004,Asahi,Japan,13156698,,,,,,
,,Hitachi Plasma Display Limited (Japan),active,company,Hitachi Plasma Display,Hitachi Plasma Display Limited (Japan); Hitachi Plasma Display Limited; 日立プラズマディスプレイ株式会社*ja,,http://www.hitachi-plasma.co.jp,,hitachi-plasma.co.jp,1999,,,,,,,Q11510014,Q11510014,Kunitomi,Japan,1862201,,https://ror.org/02exqgm79,,,,
,,"Hitachi Chemical Electronics Co., Ltd. (Japan)",inactive,company,Showa Denko Materials Electronics; 昭和電工マテリアルズ・エレクトロニクス,"Hitachi Chemical Electronics Co., Ltd. (Japan); Hitachi Chemical Electronics Co., Ltd.; 日立化成エレクトロニクス株式会社*ja",,https://www.me.showadenko.com,,,1949,,,,,,,Q17224672,Q17224672,Chikusei,Japan,6822097,,,,,https://ror.org/01vgenm18,
,,"Proterial, Ltd. (Japan)",active,company,"Hitachi Metals, Ltd.; Hitachi Metals; Hitachi Kinzoku; 日立金属株式会社","Proterial, Ltd. (Japan); Proterial, Ltd.; Proterial; 株式会社プロテリアル*ja; プロテリアル*ja",,https://www.proterial.com,,proterial.com,1946,,,,,,,Q11510090,Q11510090,Tokyo,Japan,1850147,,,,,,
,,"Hitachi Construction Machinery Co., Ltd. (Japan)",active,company,Hitachi Construction Machinery,"Hitachi Construction Machinery Co., Ltd. (Japan); Hitachi Construction Machinery Co., Ltd.; 日立建機株式会社*ja",,https://www.hitachicm.com,,hitachicm.com,1970,,,,,,,Q5871641,Q5871641,Tokyo,Japan,1850147,,,,,,
,,Hitachi Mitsubishi Hydro Corporation (Japan),active,company,Hitachi Mitsubishi Hydro,Hitachi Mitsubishi Hydro Corporation (Japan); Hitachi Mitsubishi Hydro Corporation; 日立三菱水力株式会社*ja,,https://www.hm-hydro.com,,hm-hydro.com,2011,,,,,,,Q139465659,Q139465659,Tokyo,Japan,1850147,,https://ror.org/02exqgm79,,,,
,,"Hitachi Electronics Services Co., Ltd. (Japan)",active,company,Hitachi Electronics Services,"Hitachi Electronics Services Co., Ltd. (Japan); Hitachi Electronics Services Co., Ltd.; 日立電子サービス株式会社*ja",,http://www.hitachi-densa.co.jp,,hitachi-densa.co.jp,1962,,,,,,,Q11510092,Q11510092,Tokyo,Japan,1850147,,https://ror.org/02exqgm79,,,,
,,"Hitachi Cable, Ltd. (Japan)",active,company,Hitachi Cable,"Hitachi Cable, Ltd. (Japan); Hitachi Cable, Ltd.; 日立電線株式会社*ja",,http://www.hitachi-cable.co.jp,,hitachi-cable.co.jp,1956,,,,,,,Q5871638,Q5871638,Tokyo,Japan,1850147,,https://ror.org/02exqgm79,,,,
,,"Nippon Steel Welding & Engineering Co., Ltd. (Japan)",active,company,Nippon Steel & Sumikin Welding,"Nippon Steel Welding & Engineering Co., Ltd. (Japan); Nippon Steel Welding & Engineering Co., Ltd.; 日鉄溶接工業株式会社*ja",,https://www.weld.nipponsteel.com,,weld.nipponsteel.com,2002,,,,,,,Q11510699,Q11510699,Tokyo,Japan,1850147,,https://ror.org/016vzmc05,,,,
,,"Tokyo University of Agriculture and Technology TLO Co., Ltd. (Japan)",active,company,Tokyo University OF Agriculture And Technology TLO,"Tokyo University of Agriculture and Technology TLO Co., Ltd. (Japan); Tokyo University of Agriculture and Technology TLO Co., Ltd.; 農工大ティー・エル・オー株式会社*ja",,https://tuat-tlo.com,,tuat-tlo.com,2001,,,,,,,,,Koganei,Japan,11612579,,,,,,
,,"Tomoe Engineering Co., Ltd. (Japan)",active,company,Tomoe Engineering,"Tomoe Engineering Co., Ltd. (Japan); Tomoe Engineering Co., Ltd.; 巴工業株式会社*ja",,https://www.tomo-e.co.jp,,tomo-e.co.jp,1941,,,,,,,,,Yokohama,Japan,1848354,,,,,,
,,"Mabuchi Construction Co., Ltd. (Japan)",active,company,Mabuchi Construction,"Mabuchi Construction Co., Ltd. (Japan); Mabuchi Construction Co., Ltd.; 馬淵建設株式会社*ja",,https://www.mabuchikensetu.co.jp,,mabuchikensetu.co.jp,1970,,,,,,,,,Iwamizawa,Japan,2129870,,,,,,
,,"The Hakodate Dock Co., Ltd. (Japan)",active,company,The Hakodate DOCK,"The Hakodate Dock Co., Ltd. (Japan); The Hakodate Dock Co., Ltd.; 函館どつく株式会社*ja",,https://www.hakodate-dock.co.jp,,hakodate-dock.co.jp,1896,,,,,,,Q11395932,Q11395932,Hakodate,Japan,2130188,,https://ror.org/038r88d38,,,,
,,"Yachiyo Electrical Construction Co., Ltd. (Japan)",active,company,Yachiyo Electrical Construction,"Yachiyo Electrical Construction Co., Ltd. (Japan); Yachiyo Electrical Construction Co., Ltd.; 八千代電設工業株式会社*ja",,https://yachiyo.co.jp,,yachiyo.co.jp,1948,,,,,,,,,Osaka,Japan,1853909,,,,,,
,,"MINO Industry Tochigi Co., Ltd. (Japan)",active,company,MINO Industry Tochigi,"MINO Industry Tochigi Co., Ltd. (Japan); MINO Industry Tochigi Co., Ltd.; 美濃工業栃木株式会社*ja",,https://www.mino-tochigi.co.jp,,mino-tochigi.co.jp,2005,,,,,,,,,Oyama,Japan,1853483,,,,,,
,,"MINO CERAMIC CO., LTD. (Japan)",active,company,MINO Yogyo,"MINO CERAMIC CO., LTD. (Japan); MINO CERAMIC CO., LTD.; 美濃窯業株式会社*ja",,https://www.mino-ceramic.co.jp,,mino-ceramic.co.jp,1918,,,,,,,Q11609258,Q11609258,Mizunami,Japan,1856667,,,,,,
,,"Shinagawa Refra Co., Ltd. (Japan)",active,company,"Shinagawa Refractories; Shinagawa Refractories Co., Ltd.","Shinagawa Refra Co., Ltd. (Japan); Shinagawa Refra Co., Ltd.; 品川リフラ株式会社*ja",,https://www.shinagawa.co.jp,,shinagawa.co.jp,1903,,,,,,,Q11418366,Q11418366,Tokyo,Japan,1850147,,,,,,
,,"Hamai Co., Ltd. (Japan)",active,company,,"Hamai Co., Ltd. (Japan); Hamai Co., Ltd.; 浜井産業株式会社*ja",,https://www.hamai.com,,hamai.com,1938,,,,,,,Q11557544,Q11557544,Tokyo,Japan,1850147,,,,,,
,,"FUDO Construction Co., Ltd. (Japan)",active,company,FUDO Construction,"FUDO Construction Co., Ltd. (Japan); FUDO Construction Co., Ltd.; 不動建設株式会社*ja",,https://fudou.chiharuya.com,,,,,,,,,,,,Isesaki,Japan,1861436,,,,,,
,,"FUJI Light Metal Co., Ltd. (Japan)",active,company,FUJI Light Metal,"FUJI Light Metal Co., Ltd. (Japan); FUJI Light Metal Co., Ltd.; 不二ライトメタル株式会社*ja",,https://fuji-lm.co.jp,,fuji-lm.co.jp,1969,,,,,,,Q11361536,Q11361536,Nagasu,Japan,1856120,,https://ror.org/018qe7008,,,,
,,"FUJI Latex Co., Ltd. (Japan)",active,company,FUJI Latex,"FUJI Latex Co., Ltd. (Japan); FUJI Latex Co., Ltd.; 不二ラテックス株式会社*ja",,https://www.fujilatex.co.jp,,fujilatex.co.jp,1949,,,,,,,Q11361538,Q11361538,Tokyo,Japan,1850147,,,,,,
,,"FUJI AIR Tools Co., Ltd. (Japan)",active,company,FUJI AIR Tools,"FUJI AIR Tools Co., Ltd. (Japan); FUJI AIR Tools Co., Ltd.; 不二空機株式会社*ja",,https://www.fujitools.com,,fujitools.com,,,,,,,,,,Osaka,Japan,1853909,,https://ror.org/01dy84y11,,,,
,,"FUJI Electric Industry Co., Ltd. (Japan)",active,company,FUJI Electric Industry,"FUJI Electric Industry Co., Ltd. (Japan); FUJI Electric Industry Co., Ltd.; 不二電機工業株式会社*ja",,https://www.fujidk.co.jp,,fujidk.co.jp,1958,,,,,,,Q96323589,Q96323589,Kyoto,Japan,1857910,,,,,,
,,FUJI SOFT Incorporated (Japan),active,company,,FUJI SOFT Incorporated (Japan); FUJI SOFT Incorporated; 富士ソフト株式会社*ja,,https://www.fsi.co.jp,,fsi.co.jp,1970,,,,,,,Q11455874,Q11455874,Yokohama,Japan,1848354,,,,,,
,,"FUJI Titanium Industry Co., Ltd. (Japan)",active,company,FUJI Titanium Industry,"FUJI Titanium Industry Co., Ltd. (Japan); FUJI Titanium Industry Co., Ltd.; 富士チタン工業株式会社*ja",,https://www.fuji-titan.co.jp,,fuji-titan.co.jp,1936,,,,,,,Q11455876,Q11455876,Kobe,Japan,1859171,,,,,,
,,"Fujifilm Finechemicals Co., Ltd. (Japan)",active,company,Fujifilm Finechemicals,"Fujifilm Finechemicals Co., Ltd. (Japan); Fujifilm Finechemicals Co., Ltd.; 富士フイルムファインケミカルズ株式会社*ja",,http://fffc.fujifilm.co.jp,,,1951,,,,,,,,,Hiratsuka,Japan,1862462,,https://ror.org/0493bmq37,,,,
,,Fujifilm Corporation (Japan),active,company,Fujifilm,Fujifilm Corporation (Japan); Fujifilm Corporation; 富士フイルム株式会社*ja,,https://www.fujifilm.com/jp,,fujifilm.com,2006,,,,,,,Q131680003,Q131680003,Tokyo,Japan,1850147,,https://ror.org/0493bmq37,,,,
,,Fujifilm Wako Pure Chemical Corporation (Japan),active,company,Fujifilm Wako Pure Chemical,Fujifilm Wako Pure Chemical Corporation (Japan); Fujifilm Wako Pure Chemical Corporation; 富士フイルム和光純薬株式会社*ja,,https://www.fujifilm.com/ffwk,,fujifilm.com,1922,,,,,0000 0004 1760 7183,0000 0004 1760 7183,Q11417174,Q11417174,Osaka,Japan,1853909,,https://ror.org/0493bmq37,,,,
,,"FUJI Flavor Co., Ltd. (Japan)",active,company,FUJI Flavor,"FUJI Flavor Co., Ltd. (Japan); FUJI Flavor Co., Ltd.; 富士フレーバー株式会社*ja",,https://www.fjf.co.jp/index.html,,fjf.co.jp,1971,,,,,,,Q16860958,Q16860958,Hamura,Japan,11611629,,https://ror.org/01xdq1k91,,,,
,,"FUJI KOSAN COMPANY, LTD. (Japan)",active,company,"FUJI Kosan Co,.","FUJI KOSAN COMPANY, LTD. (Japan); FUJI KOSAN COMPANY, LTD.; 富士興産株式会社*ja",,https://www.fkoil.co.jp,,fkoil.co.jp,1949,,,,,,,,,Tokyo,Japan,1850147,,,,,,
,,"Fuji Electric Engineering & Construction Co., Ltd. (Japan)",active,company,Fuji Furukawa Engineering & Construction; 富士古河E&C株式会社,"Fuji Electric Engineering & Construction Co., Ltd. (Japan); Fuji Electric Engineering & Construction Co., Ltd.; 富士電機E&C株式会社*ja",,https://www.fujielectric.co.jp/feec/,,fujielectric.co.jp,1923,,,,,,,Q11455932,Q11455932,Kawasaki,Japan,1859642,,https://ror.org/056701b75,,,,
,,"FUJI CAR MFG. Co., Ltd. (Japan)",active,company,FUJI CAR MFG.,"FUJI CAR MFG. Co., Ltd. (Japan); FUJI CAR MFG. Co., Ltd.; 富士車輌株式会社*ja",,https://www.fujicar.com,,fujicar.com,1944,,,,,,,Q11456207,Q11456207,Moriyama,Japan,1856569,,,,,,
,,"Fuji Bellows Co., Ltd. (Japan)",active,company,Fuji Seiko,"Fuji Bellows Co., Ltd. (Japan); Fuji Bellows Co., Ltd.; 富士精工株式会社*ja",,https://fuji-seiko.co.jp,,fuji-seiko.co.jp,1951,,,,,,,,,Ayase,Japan,11611642,,,,,,
,,"Nitto Fuji Flour Milling Co., Ltd. (Japan)",active,company,FUJI Flour Milling,"Nitto Fuji Flour Milling Co., Ltd. (Japan); Nitto Fuji Flour Milling Co., Ltd.; 日東富士製粉株式会社*ja",,https://www.nittofuji.co.jp,,nittofuji.co.jp,1914,,,,,,,Q11509512,Q11509512,Tokyo,Japan,1850147,,https://ror.org/014m1ef46,,,,
,,"Fujitsu I Network SYSTEMS Co., Ltd. (Japan)",active,company,Fujitsu I Network SYSTEMS,"Fujitsu I Network SYSTEMS Co., Ltd. (Japan); Fujitsu I Network SYSTEMS Co., Ltd.; 富士通アイ・ネットワークシステムズ株式会社*ja",,https://yazaki-net.co.jp,,yazaki-net.co.jp,1943,,,,,,,,,Minami-Alps,Japan,11205269,,,,,,
,,FCL Components Limited (Japan),active,company,Fujitsu Component,FCL Components Limited (Japan); FCL Components Limited; FCLコンポーネント株式会社*ja; 富士通コンポーネント株式会社*ja; Fujitsu Component Limited,,https://www.fcl-components.com,,fcl-components.com,2001,,,,,,,Q11456219,Q11456219,Tokyo,Japan,1850147,,,,https://ror.org/038e2g226,,
,,Fujitsu Telecom Networks Limited (Japan),active,company,Fujitsu Telecom Networks; 1Finity Works; 1FINITYワークス,Fujitsu Telecom Networks Limited (Japan); Fujitsu Telecom Networks Limited; 富士通テレコムネットワークス株式会社*ja; 1FINITYワークス株式会社*ja,,https://www.fujitsu.com/jp/group/ftn/,,fujitsu.com,2015,,,,,,,Q11456227,Q11456227,Oyama,Japan,1853483,,https://ror.org/038e2g226,,,,
,,Fujitsu Frontech Limited (Japan),active,company,Fujitsu Frontech,Fujitsu Frontech Limited (Japan); Fujitsu Frontech Limited; 富士通フロンテック株式会社*ja,,https://www.fujitsu.com/jp/group/frontech,,fujitsu.com,1940,,,,,,,Q11456233,Q11456233,Inagi,Japan,11612578,,https://ror.org/038e2g226,,,,
,,"FUJI Electric Advanced Technology Co., Ltd. (Japan)",inactive,company,FUJI Electric Advanced Technology,"FUJI Electric Advanced Technology Co., Ltd. (Japan); FUJI Electric Advanced Technology Co., Ltd.; 富士電機アドバンストテクノロジー株式会社*ja",,http://www.fujielectric.co.jp/fat/,,,1980,,,,,,,Q11456265,Q11456265,Hino,Japan,1862599,,,,,https://ror.org/056701b75,
,,"FUJI Electronic Industrial Co., Ltd. (Japan)",active,company,FUJI Electronic Industrial,"FUJI Electronic Industrial Co., Ltd. (Japan); FUJI Electronic Industrial Co., Ltd.; 富士電波工機株式会社*ja",,https://www.fdc.co.jp,,fdc.co.jp,1954,,,,,,,,,Tsurugashima,Japan,6822165,,,,,,
,,"FUJI Dempa Kogyo Co., Ltd. (Japan)",active,company,FUJI Dempa Kogyo,"FUJI Dempa Kogyo Co., Ltd. (Japan); FUJI Dempa Kogyo Co., Ltd.; 富士電波工業株式会社*ja",,https://www.fujidempa.co.jp,,fujidempa.co.jp,1948,,,,,,,,,Osaka,Japan,1853909,,,,,,
,,"FUJI Hensokuki Co., Ltd. (Japan)",active,company,FUJI Hensokuki,"FUJI Hensokuki Co., Ltd. (Japan); FUJI Hensokuki Co., Ltd.; 富士変速機株式会社*ja",,https://www.fujihensokuki.co.jp,,fujihensokuki.co.jp,1965,,,,,,,Q11455949,Q11455949,Gifu,Japan,1863641,,https://ror.org/018jng747,,,,
,,"FUJI DIE Co., Ltd. (Japan)",active,company,FUJI DIE,"FUJI DIE Co., Ltd. (Japan); FUJI DIE Co., Ltd.; 冨士ダイス株式会社*ja",,https://www.fujidie.co.jp,,fujidie.co.jp,1956,,,,,,,,,Tokyo,Japan,1850147,,,,,,
,,"FUJI Furniture Co., Ltd. (Japan)",active,company,FUJI Furniture,"FUJI Furniture Co., Ltd. (Japan); FUJI Furniture Co., Ltd.; 冨士ファニチア株式会社*ja",,https://fuji-furniture.jp,,fuji-furniture.jp,1959,,,,,,,,,Itano,Japan,1861304,,,,,,
,,"FUSO Chemical Co., Ltd. (Japan)",active,company,FUSO Chemical,"FUSO Chemical Co., Ltd. (Japan); FUSO Chemical Co., Ltd.; 扶桑化学工業株式会社*ja",,https://www.fusokk.co.jp,,fusokk.co.jp,1957,,,,,,,Q11497291,Q11497291,Osaka,Japan,1853909,,,,,,
,,"Fukken Co., Ltd., Consulting Engineers (Japan)",active,company,,"Fukken Co., Ltd., Consulting Engineers (Japan); Fukken Co., Ltd., Consulting Engineers; 復建調査設計株式会社*ja",,https://www.fukken.co.jp,,fukken.co.jp,1960,,,,,,,,,Hiroshima,Japan,1862415,,,,,,
,,"Fukui Computer, Inc. (Japan)",active,company,Fukui Computer,"Fukui Computer, Inc. (Japan); Fukui Computer, Inc.; 福井コンピュータ株式会社*ja",,https://const.fukuicompu.co.jp,,fukuicompu.co.jp,2012,,,,,,,,,Sakai,Japan,11611626,,,,,,
,,"Fukui Fibertech Co., Ltd. (Japan)",active,company,Fukui Fibertech,"Fukui Fibertech Co., Ltd. (Japan); Fukui Fibertech Co., Ltd.; 福井ファイバーテック株式会社*ja",,https://www.fukui-fibertech.co.jp,,fukui-fibertech.co.jp,1950,,,,,,,,,Toyohashi,Japan,1849846,,,,,,
,,"Fukuda Metal Foil & Powder Co., Ltd. (Japan)",active,company,Fukuda Metal FOIL Powder,"Fukuda Metal Foil & Powder Co., Ltd. (Japan); Fukuda Metal Foil & Powder Co., Ltd.; 福田金属箔粉工業株式会社*ja",,https://www.fukuda-kyoto.co.jp,,fukuda-kyoto.co.jp,1935,,,,,,,,,Kyoto,Japan,1857910,,,,,,
,,"Fukuda ROAD Construction Co., Ltd. (Japan)",active,company,Fukuda ROAD Construction,"Fukuda ROAD Construction Co., Ltd. (Japan); Fukuda ROAD Construction Co., Ltd.; 福田道路株式会社*ja",,http://www.fukudaroad.co.jp,,fukudaroad.co.jp,1970,,,,,,,,,Niigata,Japan,1855431,,,,,,
,,"Hirata Valve Industry Co., Ltd. (Japan)",active,company,Hirata Valve Industry,"Hirata Valve Industry Co., Ltd. (Japan); Hirata Valve Industry Co., Ltd.; 平田バルブ工業株式会社*ja",,https://www.hvi.co.jp,,hvi.co.jp,1939,,,,,,,Q11483276,Q11483276,Kawasaki,Japan,1859642,,,,,,
,,"Heiwa Real Estate Co., Ltd. (Japan)",active,company,Heiwa Real Estate,"Heiwa Real Estate Co., Ltd. (Japan); Heiwa Real Estate Co., Ltd.; 平和不動産株式会社*ja",,https://www.heiwa-net.co.jp,,heiwa-net.co.jp,1947,,,,,,,Q5701186,Q5701186,Tokyo,Japan,1850147,,,,,,
,,Katakura & Co-Op Agri Corporation (Japan),active,company,Katakura & Co-Op Agri,Katakura & Co-Op Agri Corporation (Japan); Katakura & Co-Op Agri Corporation; 片倉コープアグリ株式会社*ja,,https://www.katakuraco-op.com,,katakuraco-op.com,1920,,,,,,,Q11569514,Q11569514,Tokyo,Japan,1850147,,,,,,
,,"Katakura Industries Co., Ltd. (Japan)",active,company,Katakura Industries,"Katakura Industries Co., Ltd. (Japan); Katakura Industries Co., Ltd.; 片倉工業株式会社*ja",,https://www.katakura.co.jp,,katakura.co.jp,1920,,,,,,,Q11569525,Q11569525,Tokyo,Japan,1850147,,,,,,
,,"Hodogaya Construction Product Co., Ltd. (Japan)",active,company,Hodogaya Vandex Construction Product,"Hodogaya Construction Product Co., Ltd. (Japan); Hodogaya Construction Product Co., Ltd.; 保土谷建材株式会社*ja",,https://hodogaya-cp.com,,hodogaya-cp.com,1978,,,,,,,,,Tokyo,Japan,1850147,,https://ror.org/03p9nrq57,,,,
,,"Takara Printing Co., Ltd. (Japan)",active,company,Takara Printing,"Takara Printing Co., Ltd. (Japan); 宝印刷株式会社*ja",,https://www.takara-print.co.jp,,takara-print.co.jp,2019,,,,,,,,,Tokyo,Japan,1850147,,,,,,
,,"Takara Shuzo Co., Ltd. (Japan)",active,company,Takara Shuzo,"Takara Shuzo Co., Ltd. (Japan); Takara Shuzo Co., Ltd.; 宝酒造株式会社*ja",,https://www.takarashuzo.co.jp,,takarashuzo.co.jp,2002,,,,,,,,,Kyoto,Japan,1857910,,https://ror.org/021m54z79,,,,
,,Toyota Tsusho Corporation (Japan),active,company,Toyota Tsusho,Toyota Tsusho Corporation (Japan); Toyota Tsusho Corporation; 豊田通商株式会社*ja,,https://www.toyota-tsusho.com,,toyota-tsusho.com,1948,,,,,,,Q716457,Q716457,Nagoya,Japan,1856057,,,,,,
,,"Toyoda IRON Works Co., Ltd. (Japan)",active,company,Toyoda IRON Works,"Toyoda IRON Works Co., Ltd. (Japan); Toyoda IRON Works Co., Ltd.; 豊田鉄工株式会社*ja",,https://www.tiw.co.jp,,tiw.co.jp,1946,,,,,,,Q11634162,Q11634162,Toyota,Japan,1849814,,,,,,
,,Hokuetsu Corporation (Japan),active,company,Hokuetsu Kishu Paper,Hokuetsu Corporation (Japan); Hokuetsu Corporation; 北越コーポレーション株式会社*ja,,https://www.hokuetsucorp.com,,hokuetsucorp.com,1907,,,,,,,,,Nagaoka,Japan,1856199,,,,,,
,,"Hokuetsu Metal Co., Ltd. (Japan)",active,company,Hokuetsu Metal,"Hokuetsu Metal Co., Ltd. (Japan); Hokuetsu Metal Co., Ltd.; 北越メタル株式会社*ja",,https://www.hokume.co.jp,,hokume.co.jp,1942,,,,,,,Q11404102,Q11404102,Nagaoka,Japan,1856199,,,,,,
,,"Hokkai CAN Co., Ltd. (Japan)",active,company,Hokkai CAN,"Hokkai CAN Co., Ltd. (Japan); Hokkai CAN Co., Ltd.; 北海製罐株式会社*ja",,https://www.hokkaican.co.jp,,hokkaican.co.jp,2005,,,,,,,,,Tokyo,Japan,1850147,,,,,,
,,"Hokkaido Gas Co., Ltd. (Japan)",active,company,Hokkaido Gas,"Hokkaido Gas Co., Ltd. (Japan); Hokkaido Gas Co., Ltd.; 北海道ガス株式会社*ja",,https://www.hokkaido-gas.co.jp,,hokkaido-gas.co.jp,1911,,,,,,,Q11402466,Q11402466,Sapporo,Japan,2128295,,,,,,
,,"Hokkaido Sumiden Precision Co., Ltd. (Japan)",active,company,Hokkaido Sumiden Precision,"Hokkaido Sumiden Precision Co., Ltd. (Japan); Hokkaido Sumiden Precision Co., Ltd.; 北海道住電精密株式会社*ja",,https://sumitomoelectric.com/company/office_group_companies/hokkaido-sumiden-precision-co-ltd,,sumitomoelectric.com,,,,,,,,,,Naie,Japan,2129073,,https://ror.org/05rnkb382,,,,
,,"Hokkaido SODA Co., Ltd. (Japan)",active,company,Hokkaido SODA,"Hokkaido SODA Co., Ltd. (Japan); Hokkaido SODA Co., Ltd.; 北海道曹達株式会社*ja",,http://www.hokkaido-soda.co.jp,,hokkaido-soda.co.jp,1949,,,,,,,Q11402809,Q11402809,Tomakomai,Japan,2127733,,,,,,
,,"Hokkaido Electric Power Co., Inc. (Japan)",active,company,Hokkaido Electric Power Co.,"Hokkaido Electric Power Co., Inc. (Japan); Hokkaido Electric Power Co., Inc.; 北海道電力株式会社*ja",HEPCO,https://www.hepco.co.jp,,hepco.co.jp,1951,,,,,,,Q742449,Q742449,Sapporo,Japan,2128295,,,,,,
,,"Hokkaido Sugar Co., Ltd. (Japan)",active,company,Hokkaido Sugar,"Hokkaido Sugar Co., Ltd. (Japan); Hokkaido Sugar Co., Ltd.; 北海道糖業株式会社*ja",,https://www.hokutou.co.jp,,hokutou.co.jp,1968,,,,,,,Q11403011,Q11403011,Sapporo,Japan,2128295,,https://ror.org/00v7rqs27,,,,
,,Hokkaido Railway Company (Japan),active,company,,Hokkaido Railway Company (Japan); Hokkaido Railway Company; 北海道旅客鉄道株式会社*ja,,https://www.jrhokkaido.co.jp,,jrhokkaido.co.jp,1987,,,,,0000 0001 0024 7239,0000 0001 0024 7239,Q498930,Q498930,Sapporo,Japan,2128295,,,,,,
,,"Kitagawa Industries Co., Ltd. (Japan)",active,company,Kitagawa Industries,"Kitagawa Industries Co., Ltd. (Japan); Kitagawa Industries Co., Ltd.; 北川工業株式会社*ja",,https://www.kitagawa-ind.com,,kitagawa-ind.com,1963,,,,,,,Q11401615,Q11401615,Inazawa,Japan,1861602,,,,,,
,,"Hokuto Electronics, Inc. (Japan)",active,company,Hokuto Electronics,"Hokuto Electronics, Inc. (Japan); Hokuto Electronics, Inc.; 北斗電子工業株式会社*ja",,http://www.hokuto-ele.co.jp,,hokuto-ele.co.jp,1972,,,,,,,,,Nishinomiya,Japan,1855207,,,,,,
,,"Kitanihon Electric Cable Co., Ltd. (Japan)",active,company,Kitanihon Electric Cable,"Kitanihon Electric Cable Co., Ltd. (Japan); Kitanihon Electric Cable Co., Ltd.; 北日本電線株式会社*ja",,https://www.kitaniti-td.co.jp,,kitaniti-td.co.jp,1946,,,,,,,,,Sendai,Japan,2111149,,,,,,
,,"KITABO CO., LTD. (Japan)",active,company,Kitanihon Spinning,"KITABO CO., LTD. (Japan); KITABO CO., LTD.; Kitanihon Spinning Co., Ltd.; 株式会社北紡*ja; 北日本紡績株式会社*ja",,https://www.ktbo.co.jp,,ktbo.co.jp,1948,,,,,,,,,Hakusan,Japan,11612706,,,,,,
,,"Hokuriku Electric Co., Ltd. (Japan)",active,company,Hokuriku Electric,"Hokuriku Electric Co., Ltd. (Japan); Hokuriku Electric Co., Ltd.; 北陸電機製造株式会社*ja",,https://www.hokurikudenki.co.jp,,hokurikudenki.co.jp,1944,,,,,,,,,Namerikawa,Japan,1855694,,,,,,
,,"Hokuriku Electric Industry Co., Ltd. (Japan)",active,company,Hokuriku Electric Industry,"Hokuriku Electric Industry Co., Ltd. (Japan); Hokuriku Electric Industry Co., Ltd.; 北陸電気工業株式会社*ja",,https://www.hdk.co.jp,,hdk.co.jp,1943,,,,,,,Q11404489,Q11404489,Toyama,Japan,1849876,,,,,,
,,"Hokuriku Electrical Construction Co., Ltd. (Japan)",active,company,Hokuriku Electrical Construction,"Hokuriku Electrical Construction Co., Ltd. (Japan); Hokuriku Electrical Construction Co., Ltd.; 北陸電気工事株式会社*ja",,https://www.rikudenko.co.jp,,rikudenko.co.jp,1944,,,,,,,Q11404487,Q11404487,Toyama,Japan,1849876,,,,,,
,,"Hokuriku Denwa Kouji Co., Ltd. (Japan)",active,company,Hokuriku Denwa Kouji,"Hokuriku Denwa Kouji Co., Ltd. (Japan); Hokuriku Denwa Kouji Co., Ltd.; 北陸電話工事株式会社*ja",,http://www.hokuwa.co.jp,,hokuwa.co.jp,1949,,,,,,,Q11404490,Q11404490,Kanazawa,Japan,1860243,,https://ror.org/05jh2ar45,,,,
,,"Azumino Honda Tsushin Kogyo Co., Ltd. (Japan)",active,company,Honda Tsushin Kogyo,"Azumino Honda Tsushin Kogyo Co., Ltd. (Japan); Azumino Honda Tsushin Kogyo Co., Ltd.; 安曇野本多通信工業株式会社*ja",,https://www.htk-jp.com/azumino/,,htk-jp.com,1972,,,,,,,Q41697863,Q41697863,Azumino,Japan,6822111,,,,,,
,,"Honda Denki Co., Ltd. (Japan)",active,company,Honda Denki,"Honda Denki Co., Ltd. (Japan); Honda Denki Co., Ltd.; 本多電機株式会社*ja",,https://hondadenki.com,,hondadenki.com,2002,,,,,,,,,Tokyo,Japan,1850147,,,,,,
,,"Honda Electronics Co., Ltd. (Japan)",active,company,Honda Electronics,"Honda Electronics Co., Ltd. (Japan); Honda Electronics Co., Ltd.; 本多電子株式会社*ja",,https://www.honda-el.co.jp,,honda-el.co.jp,1960,,,,,,,Q11520097,Q11520097,Toyohashi,Japan,1849846,,,,,,
,,"Ajinomoto AGF, Inc. (Japan)",active,company,Ajinomoto AGF,"Ajinomoto AGF, Inc. (Japan); Ajinomoto AGF, Inc.; 味の素AGF株式会社*ja",,https://agf.ajinomoto.co.jp,,agf.co.jp,1973,,,,,,,Q11417001,Q11417001,Tokyo,Japan,1850147,,https://ror.org/044mkdq33,,,,
,,"Okinawa Ajinomoto Co., Ltd. (Japan)",active,company,Ajinomoto Co.,"Okinawa Ajinomoto Co., Ltd. (Japan); Okinawa Ajinomoto Co., Ltd.; 沖縄味の素株式会社*ja",,https://www.okinawa.ajinomoto.co.jp,,ajinomoto.co.jp,1989,,,,,,,,,Naha,Japan,1856035,,https://ror.org/044mkdq33,,,,
,,"Ajinomoto Frozen Foods Co., Inc. (Japan)",active,company,Ajinomoto Frozen Foods Co.,"Ajinomoto Frozen Foods Co., Inc. (Japan); Ajinomoto Frozen Foods Co., Inc.; 味の素冷凍食品株式会社*ja",,https://www.ffa.ajinomoto.com,,ajinomoto.com,2000,,,,,,,Q11417005,Q11417005,Tokyo,Japan,1850147,,https://ror.org/044mkdq33,,,,
,,"Nagoya Railroad Co., Ltd. (Japan)",active,company,Nagoya Railroad,"Nagoya Railroad Co., Ltd. (Japan); Nagoya Railroad Co., Ltd.; 名古屋鉄道株式会社*ja",,https://www.meitetsu.co.jp,,meitetsu.co.jp,1921,,,,,,,Q30850,Q30850,Nagoya,Japan,1856057,,,,,,
,,"Nagoya Electric Works Co., Ltd. (Japan)",active,company,Nagoya Electric Works,"Nagoya Electric Works Co., Ltd. (Japan); Nagoya Electric Works Co., Ltd.; 名古屋電機工業株式会社*ja",,https://www.nagoya-denki.co.jp,,nagoya-denki.co.jp,1958,,,,,,,Q11415287,Q11415287,Ama,Japan,11611659,,,,,,
,,"Nagoya Lumber Co., Ltd. (Japan)",active,company,Nagoya Lumber,"Nagoya Lumber Co., Ltd. (Japan); Nagoya Lumber Co., Ltd.; 名古屋木材株式会社*ja",,https://www.meimoku.co.jp,,meimoku.co.jp,,,,,,,,,,Nagoya,Japan,1856057,,,,,,
,,"Meiji Machine Co., Ltd. (Japan)",active,company,Meiji Machine,"Meiji Machine Co., Ltd. (Japan); Meiji Machine Co., Ltd.; 明治機械株式会社*ja",,https://www.meiji-kikai.co.jp,,meiji-kikai.co.jp,1925,,,,,,,Q11512377,Q11512377,Tokyo,Japan,1850147,,,,,,
,,"Meiji Seika Kaisha, Ltd. (Japan)",active,company,Meiji Seika Kaisha,"Meiji Seika Kaisha, Ltd. (Japan); Meiji Seika Kaisha, Ltd.; 明治製菓株式会社*ja",,https://www.meiji-seika-pharma.co.jp,,meiji-seika-pharma.co.jp,1916,,,,,,,,,Tokyo,Japan,1850147,,,,https://ror.org/027tjex48,,
,,"Meiji Pharmaceutical Co., Ltd. (Japan)",active,company,Meiji Pharmaceutical,"Meiji Pharmaceutical Co., Ltd. (Japan); Meiji Pharmaceutical Co., Ltd.; 明治製薬株式会社*ja",,https://meijiseiyaku.co.jp,,meijiseiyaku.co.jp,1951,,,,,,,Q113498630,Q113498630,Namerikawa,Japan,1855694,,,,,,
,,"Okinawa Meiji Milk Products Co., Ltd. (Japan)",active,company,Meiji Dairies,"Okinawa Meiji Milk Products Co., Ltd. (Japan); Okinawa Meiji Milk Products Co., Ltd.; 沖縄明治乳業株式会社*ja",,https://www.okinawa-meiji.co.jp,,okinawa-meiji.co.jp,1969,,,,,,,Q107412113,Q107412113,Urasoe,Japan,6822152,,,,https://ror.org/027tjex48,,
,,"Meisei Industrial Co., Ltd. (Japan)",active,company,Meisei Industrial,"Meisei Industrial Co., Ltd. (Japan); Meisei Industrial Co., Ltd.; 明星工業株式会社*ja",,https://www.meisei-kogyo.co.jp,,meisei-kogyo.co.jp,1947,,,,,,,Q17230520,Q17230520,Osaka,Japan,1853909,,,,,,
,,"Meisei Electric Co., Ltd. (Japan)",active,company,Meisei Electric,"Meisei Electric Co., Ltd. (Japan); Meisei Electric Co., Ltd.; 明星電気株式会社*ja",,https://www.meisei.co.jp,,meisei.co.jp,1938,,,,,,,Q11512240,Q11512240,Isesaki,Japan,1861436,,,,,,
,,"Meiwa Gravure Co., Ltd. (Japan)",active,company,Meiwa Gravure,"Meiwa Gravure Co., Ltd. (Japan); Meiwa Gravure Co., Ltd.; 明和グラビア株式会社*ja",,https://www.mggn.co.jp,,mggn.co.jp,1953,,,,,,,,,Higashiosaka,Japan,1862752,,,,,,
,,"Meiwa Industry Co., Ltd. (Japan)",active,company,Meiwa Industry,"Meiwa Industry Co., Ltd. (Japan); Meiwa Industry Co., Ltd.; 盟和産業株式会社*ja",,https://www.meiwasangyo.co.jp,,meiwasangyo.co.jp,1956,,,,,,,Q11581451,Q11581451,Atsugi,Japan,1847963,,,,,,
,,"Nomura Micro Science Co., Ltd. (Japan)",active,company,Nomura Micro Science,"Nomura Micro Science Co., Ltd. (Japan); Nomura Micro Science Co., Ltd.; 野村マイクロ・サイエンス株式会社*ja",,https://www.nomura-nms.co.jp,,nomura-nms.co.jp,1969,,,,,,,Q96313257,Q96313257,Atsugi,Japan,1847963,,,,,,
,,"Yajima Giken, Inc. (Japan)",active,company,Yajima Giken,"Yajima Giken, Inc. (Japan); Yajima Giken, Inc.; 矢島技研株式会社*ja",,https://www.yajimagiken.co.jp,,yajimagiken.co.jp,1988,,,,,,,,,Hikone,Japan,1862636,,,,,,
,,"Yuken Kogyo Co., Ltd. (Japan)",active,company,Yuken Kogyo,"Yuken Kogyo Co., Ltd. (Japan); Yuken Kogyo Co., Ltd.; 油研工業株式会社*ja",,https://www.yuken.co.jp,,yuken.co.jp,1952,,,,,,,,,Ayase,Japan,11611642,,,,,,
,,"Nippon Automated Cargo And Port Consolidated System, Inc. (Japan)",active,company,Nippon Automated Cargo And Port Consolidated System,"Nippon Automated Cargo And Port Consolidated System, Inc. (Japan); Nippon Automated Cargo And Port Consolidated System, Inc.; 輸出入・港湾関連情報処理センター株式会社*ja",NACCS,https://www.naccs.jp,,naccs.jp,2008,,,,,,,Q17225767,Q17225767,Tokyo,Japan,1850147,,,,,,
,,"Yushin Brewer Co., Ltd. (Japan)",active,company,Yushin Syuzo,"Yushin Brewer Co., Ltd. (Japan); Yushin Brewer Co., Ltd.; Yushin Syuzo Co., Ltd.; 勇心酒造株式会社*ja",,https://www.yushin-brewer.com,,yushin-brewer.com,1979,,,,,,,,,Utazu,Japan,1849073,,,,,,
,,OSU Digital Media Factory (Japan),active,company,,OSU Digital Media Factory (Japan); OSU Digital Media Factory; 有限会社オーエスュー・デジタルメディアファクトリー*ja,,http://osu-dmf.com,,osu-dmf.com,2001,,,,,,,,,Daitō,Japan,1864416,,,,,,
,,Environmental GIS Laboratory (Japan),active,company,,Environmental GIS Laboratory (Japan); Environmental GIS Laboratory; 株式会社環境GIS研究所*ja,,https://www.engisinc.com,,engisinc.com,2002,,,,,,,,,Fukuoka,Japan,1863967,,,,,,
,,Applied Vibro-Acoustics.inc (Japan),active,company,Applied Vibro-Acoustics.,Applied Vibro-Acoustics.inc (Japan); Applied Vibro-Acoustics.inc; 有限会社生物振動研究所*ja,AVA,https://www.ava.co.jp,,ava.co.jp,2005,,,,,,,,,Higashihiroshima,Japan,11611627,,,,,,
,,Japan Manned Space Systems Corporation (Japan),active,company,Japan Manned Space Systems,Japan Manned Space Systems Corporation (Japan); Japan Manned Space Systems Corporation; 有人宇宙システム株式会社*ja,JAMSS,https://www.jamss.co.jp,,jamss.co.jp,1990,,,,,,,Q137823549,Q137823549,Tokyo,Japan,1850147,,,,,,
,,"RIKA Denshi Co., Ltd. (Japan)",active,company,RIKA Denshi,"RIKA Denshi Co., Ltd. (Japan); RIKA Denshi Co., Ltd.; 理化電子株式会社*ja",,https://www.rikadenshi.com,,rikadenshi.com,1961,,,,,,,,,Tokyo,Japan,1850147,,,,,,
,,"Riken Corundum Co., Ltd. (Japan)",active,company,Riken Corundum,"Riken Corundum Co., Ltd. (Japan); Riken Corundum Co., Ltd.; 理研コランダム株式会社*ja",,https://www.rikencorundum.co.jp,,rikencorundum.co.jp,1935,,,,,,,Q11573578,Q11573578,Kōnosu,Japan,1858794,,,,,,
,,"Riken Vitamin Co., Ltd. (Japan)",active,company,Riken Vitamin,"Riken Vitamin Co., Ltd. (Japan); Riken Vitamin Co., Ltd.; 理研ビタミン株式会社*ja",,https://www.rikenvitamin.jp/corporate/,,rikenvitamin.jp,1949,,,,,,,Q11573579,Q11573579,Tokyo,Japan,1850147,,,,,,
,,"Riken Keiki Co., Ltd. (Japan)",active,company,Riken Keiki,"Riken Keiki Co., Ltd. (Japan); Riken Keiki Co., Ltd.; 理研計器株式会社*ja",,https://www.rikenkeiki.co.jp,,rikenkeiki.co.jp,1939,,,,,,,Q11573581,Q11573581,Tokyo,Japan,1850147,,,,,,
,,"Riken Perfumery Co., Ltd. (Japan)",active,company,Riken Perfumery,"Riken Perfumery Co., Ltd. (Japan); Riken Perfumery Co., Ltd.; 理研香料工業株式会社*ja",,https://www.riken-kouryo.co.jp,,riken-kouryo.co.jp,1952,,,,,,,Q17213306,Q17213306,Tokyo,Japan,1850147,,,,,,
,,"RIKEN Nosan-Kako Co., Ltd. (Japan)",active,company,Riken Nosan KAKO,"RIKEN Nosan-Kako Co., Ltd. (Japan); RIKEN Nosan-Kako Co., Ltd.; 理研農産化工株式会社*ja",,https://www.riken-nosan.com,,riken-nosan.com,1948,,,,,,,Q11573582,Q11573582,Saga,Japan,1853303,,,,,,
,,"Ricoh Kyosan, Inc. (Japan)",active,company,Ricoh Kyosan,"Ricoh Kyosan, Inc. (Japan); Ricoh Kyosan, Inc.; 理工協産株式会社*ja",,https://www.ricohkyosan.co.jp,,ricohkyosan.co.jp,1946,,,,,,,,,Tokyo,Japan,1850147,,,,,,
,,"Tateyama Kasei Co., Ltd. (Japan)",active,company,Tateyama Kasei,"Tateyama Kasei Co., Ltd. (Japan); Tateyama Kasei Co., Ltd.; 立山化成株式会社*ja",,https://www.tateyamakasei.com,,tateyamakasei.com,1953,,,,,,,,,Imizu,Japan,6822125,,,,,,
,,"Nippon Steel SG Wire Co., Ltd. (Japan)",active,company,Suzuki Metal Industry,"Nippon Steel SG Wire Co., Ltd. (Japan); Nippon Steel SG Wire Co., Ltd.; Suzuki Metal Industry Co., Ltd.; 日鉄SGワイヤ株式会社*ja; 鈴木金属工業株式会社*ja",,https://www.sgw.nipponsteel.com,,nipponsteel.com,1938,,,,,,,Q11649353,Q11649353,Tokyo,Japan,1850147,,https://ror.org/016vzmc05,,,,
,,"Suzuki Gokin Co., Ltd. (Japan)",active,company,Suzuki Gokin,"Suzuki Gokin Co., Ltd. (Japan); Suzuki Gokin Co., Ltd.; 鈴木合金株式会社*ja",,https://suzuki-gokin.co.jp,,suzuki-gokin.co.jp,1950,,,,,,,,,Osaka,Japan,1853909,,,,,,
,,"HEXEL Works, Inc. (Japan)",active,company,Rokko & Associates,"HEXEL Works, Inc.; HEXEL Works, Inc. (Japan); 株式会社HEXEL Works*ja; 六興電気株式会社*ja",,https://www.hexel.co.jp,,hexel.co.jp,1950,,,,,,,Q11392502,Q11392502,Tokyo,Japan,1850147,,,,,,
,,"Rokko Butter Co., Ltd. (Japan)",active,company,Rokko Butter,"Rokko Butter Co., Ltd. (Japan); Rokko Butter Co., Ltd.; 六甲バター株式会社*ja",,https://www.qbb.co.jp,,qbb.co.jp,1948,,,,,,,Q11392449,Q11392449,Kobe,Japan,1859171,,,,,,
,,"WAKO Filter Technology Co., Ltd. (Japan)",active,company,WAKO Filter Technology,"WAKO Filter Technology Co., Ltd. (Japan); WAKO Filter Technology Co., Ltd.; 和興フィルタテクノロジー株式会社*ja",,https://www.waftec.jp,,waftec.jp,1952,,,,,,,,,Tokyo,Japan,1850147,,,,,,
,,"Hirose Valve Industry Co., Ltd. (Japan)",active,company,Hirose Valve Industry,"Hirose Valve Industry Co., Ltd. (Japan); Hirose Valve Industry Co., Ltd.; 廣瀬バルブ工業株式会社*ja",,https://www.hirose-valves.co.jp,,hirose-valves.co.jp,1943,,,,,,,,,Hikone,Japan,1862636,,,,,,
,,"Sakura Rubber Co., Ltd. (Japan)",active,company,Sakura Rubber,"Sakura Rubber Co., Ltd. (Japan); Sakura Rubber Co., Ltd.; 櫻護謨株式会社*ja",,https://www.sakura-rubber.co.jp,,sakura-rubber.co.jp,1918,,,,,,,,,Tokyo,Japan,1850147,,,,,,
,,Hamada Heavy Industries Ltd. (Japan),active,company,Hamada Heavy Industry,Hamada Heavy Industries Ltd. (Japan); Hamada Heavy Industries Ltd.; 濱田重工株式会社*ja,,https://hamada-hi.com,,hamada-hi.com,1950,,,,,,,,,Kitakyushu,Japan,1859307,,,,,,
,,Seiko Corporation (Japan),active,company,,Seiko Corporation (Japan); Seiko Corporation; 靜甲株式会社*ja,,https://seiko-co.com,,seiko-co.com,1939,,,,,,,Q11663688,Q11663688,Shizuoka,Japan,1851717,,,,,,
,,"Takasago Industry Co., Ltd. (Japan)",active,company,Takasago Industry,"Takasago Industry Co., Ltd. (Japan); Takasago Industry Co., Ltd.; 髙砂工業株式会社*ja",,https://www.takasago-inc.co.jp,,takasago-inc.co.jp,1953,,,,,,,,,Toki,Japan,1850207,,,,,,
