html_url,id,names.types.ror_display,status,types,names.types.alias,names.types.label,names.types.acronym,links.type.website,links.type.wikipedia,domains,established,external_ids.type.fundref.all,external_ids.type.fundref.preferred,external_ids.type.grid.all,external_ids.type.grid.preferred,external_ids.type.isni.all,external_ids.type.isni.preferred,external_ids.type.wikidata.all,external_ids.type.wikidata.preferred,city,country,locations.geonames_id
,https://ror.org/000050t83,,,,,,,,,replace==enri.go.jp,,,,,,,,,,,,
,https://ror.org/0000pmw59,,,,,,,,,replace==ivpp.ac.cn,,,,,,,,,,,,
,https://ror.org/00013q465,,,,,,,,,replace==pucp.edu.pe,,,,,,,,,,,,
,https://ror.org/0002pcv65,,,,,,,,,replace==unrc.edu.ar,,,,,,,,,,,,
,https://ror.org/00088z429,,,,,,,replace==https://www.kobepharma-u.ac.jp/,,replace==kobepharma-u.ac.jp,,,,,,,,,,,,
,https://ror.org/0008xqs48,,,,,,,replace==https://idibell.cat/,,replace==idibell.cat,,,,,,,,,,,,
,https://ror.org/000917t60,,,,,,,,,replace==uaslp.mx,,,,,,,,,,,,
,https://ror.org/0009t4v78,,,,,,,,,replace==aru.ac.uk,,,,,,,,,,,,
,https://ror.org/000cyem11,,,,,,,replace==https://www.danforthcenter.org/,,replace==danforthcenter.org,,,,,,,,,,,,
,https://ror.org/000e0be47,,,,,,,replace==https://www.northwestern.edu/,,replace==northwestern.edu,,,,,,,,,,,,
,https://ror.org/000fxgx19,,,,,,,,,replace==sunypoly.edu,,,,,,,,,,,,
,https://ror.org/000jvv118,,,,,,,replace==https://www.univ-djelfa.dz/,,replace==univ-djelfa.dz,,,,,,,,,,,,
,https://ror.org/000pmrk50,,,,,,,,,replace==uii.ac.id,,,,,,,,,,,,
,https://ror.org/000q08p21,,,,,,,replace==https://www.schott.com/en-us,,replace==schott.com,,,,,,,,,,,,
,https://ror.org/000qzf213,,,,,,,,,replace==ust.ac.kr,,,,,,,,,,,,
,https://ror.org/000sfad56,,,,,,,replace==https://www.ifpan.edu.pl/,,replace==ifpan.edu.pl,,,,,,,,,,,,
,https://ror.org/000sxmx78,,,,,,,replace==https://www.wzeye.cn/,,replace==eye.ac.cn,,,,,,,,,,,,
,https://ror.org/000t0f062,,,,,,,replace==https://www.eduhk.hk/,,replace==eduhk.hk,,,,,,,,,,,,
,https://ror.org/000y2g343,,,,,,,,,replace==unec.edu.az,,,,,,,,,,,,
,https://ror.org/000zhpw23,,,,,,,replace==https://www.institut-vision.org/,,replace==institut-vision.org,,,,,,,,,,,,
,https://ror.org/0010b6s72,,,,,,,replace==https://www.tjau.edu.cn/,,replace==tjau.edu.cn,,,,,,,,,,,,
,https://ror.org/0016yxd93,,,,,,,replace==https://www.emelibrary.org/,,replace==emelibrary.org,,,,,,,,,,,,
,https://ror.org/0018xw886,,,,,,,replace==https://www.ausl.mo.it/,,replace==ausl.mo.it,,,,,,,,,,,,
,https://ror.org/0019x5d05,,,,,,,replace==https://www.ibcp.fr/,,replace==ibcp.fr,,,,,,,,,,,,
,https://ror.org/001amd982,,,,,,,,,replace==niu.edu.in,,,,,,,,,,,,
,https://ror.org/001b4cb05,,,,,,,replace==https://www.unitru.edu.pe/,,replace==unitru.edu.pe,,,,,,,,,,,,
,https://ror.org/001bbwj30,,,,,,,,,replace==ausl.re.it,,,,,,,,,,,,
,https://ror.org/001cwea56,,,,,,,,,replace==cttc.cat,,,,,,,,,,,,
,https://ror.org/001ecav82,,,,,,,replace==https://www.macnconicet.gob.ar/,,replace==macn.gov.ar,,,,,,,,,,,,
,https://ror.org/001f7a930,,,,,,,,,replace==cittadellasalute.to.it,,,,,,,,,,,,
,https://ror.org/001g9gn21,,,,,,,replace==https://faculdadebrasil.edu.br/,,replace==faculdadebrasil.edu.br,,,,,,,,,,,,
,https://ror.org/001ggbx22,,,,,,,replace==https://www.niid.jihs.go.jp/,,replace==nih.go.jp,,,,,,,,,,,,
,https://ror.org/001gmya32,,,,,,,replace==https://www.jcu.edu/,,replace==jcu.edu,,,,,,,,,,,,
,https://ror.org/001hv0k59,,,,,,,replace==https://www.toyota-ti.ac.jp/,,replace==toyota-ti.ac.jp,,,,,,,,,,,,
,https://ror.org/001jx2139,,,,,,,,,replace==hsjdbcn.org,,,,,,,,,,,,
,https://ror.org/001kjn539,,,,,,,replace==https://www.svhm.org.au/,,replace==svhm.org.au,,,,,,,,,,,,
,https://ror.org/001kv2y39,,,,,,,,,replace==tii.ae,,,,,,,,,,,,
,https://ror.org/001n36p86,,,,,,,replace==https://www.met.no/,,replace==met.no,,,,,,,,,,,,
,https://ror.org/001pma463,,,,,,,replace==https://univkara.tg,,replace==univkara.tg,,,,,,,,,,,,
,https://ror.org/001q4kn48,,,,,,,,,replace==univh2c.ma,,,,,,,,,,,,
,https://ror.org/001rahr89,,,,,,,,,replace==ahnmc.com,,,,,,,,,,,,
,https://ror.org/001rkbe13,,,,,,,replace==https://www.nibn.go.jp/,,replace==nibn.go.jp,,,,,,,,,,,,
,https://ror.org/001sezm06,,,,,,,,,replace==parsons.com,,,,,,,,,,,,
,https://ror.org/001vw6n49,,,,,,,replace==https://www.planta.bio/,,replace==planta.bio,,,,,,,,,,,,
,https://ror.org/001wtjx27,,,,,,,replace==https://www.tatasteel.com/,,replace==tatasteel.com,,,,,,,,,,,,
,https://ror.org/001xkv632,,,,,,,replace==https://www.scu.edu.au/,,replace==scu.edu.au,,,,,,,,,,,,
,https://ror.org/0020x6414,,,,,,,,,replace==hmri.org.au,,,,,,,,,,,,
,https://ror.org/00235nr42,,,,,,,,,replace==unifei.edu.br,,,,,,,,,,,,
,https://ror.org/0025g8755,,,,,,,,,replace==hsacco.it,,,,,,,,,,,,
,https://ror.org/0025ww868,,,,,,,replace==https://www.ncc.go.jp/,,replace==ncc.go.jp,,,,,,,,,,,,
,https://ror.org/00264zf15,,,,,,,,,replace==ztu.edu.cn,,,,,,,,,,,,
,https://ror.org/0027d9x02,,,,,,,,,replace==sinano.ac.cn,,,,,,,,,,,,
,https://ror.org/0027wax95,,,,,,,replace==https://calhum.org/,,replace==calhum.org,,,,,,,,,,,,
,https://ror.org/00286hs46,,,,,,,,,replace==ur.ac.rw,,,,,,,,,,,,
,https://ror.org/0028v3876,,,,,,,,,replace==ccu.edu.tw,,,,,,,,,,,,
,https://ror.org/0029n1t76,,,,,,,replace==https://www.stust.edu.tw/,,replace==stust.edu.tw,,,,,,,,,,,,
,https://ror.org/002an7w33,,,,,,,replace==https://www.uems.eu/,,replace==uems.eu,,,,,,,,,,,,
,https://ror.org/002b21721,,,,,,,replace==https://pansim.edu.pl/,,replace==pansim.edu.pl,,,,,,,,,,,,
,https://ror.org/002cp4060,,,,,,,replace==https://fr.ap-hm.fr/,,replace==ap-hm.fr,,,,,,,,,,,,
,https://ror.org/002epp671,,,,,,,replace==https://www.cens.lmu.de/,,replace==cens.de,,,,,,,,,,,,
,https://ror.org/002g3cb31,,,,,,,replace==https://www.qmu.ac.uk/,,replace==qmu.ac.uk,,,,,,,,,,,,
,https://ror.org/002h8g185,,,,,,,replace==https://www.bath.ac.uk/,,replace==bath.ac.uk,,,,,,,,,,,,
,https://ror.org/002hbfc50,,,,,,,replace==https://www.jlju.edu.cn,,replace==jlju.edu.cn,,,,,,,,,,,,
,https://ror.org/002hfez23,,,,,,,replace==https://www.huvtc.edu.cn/,,replace==huvtc.edu.cn,,,,,,,,,,,,
,https://ror.org/002k8gm39,,,,,,,replace==https://vikramuniv.ac.in/,,replace==vikramuniv.ac.in,,,,,,,,,,,,
,https://ror.org/002n09z45,,,,,,,,,replace==sib.swiss,,,,,,,,,,,,
,https://ror.org/002nf6z37,,,,,,,,,replace==columbusstate.edu,,,,,,,,,,,,
,https://ror.org/002qeva03,,,,,,,replace==https://www.bu.ac.th/,,replace==bu.ac.th,,,,,,,,,,,,
,https://ror.org/002rc4w13,,,,,,,replace==https://www.iub.edu.pk/,,replace==iub.edu.pk,,,,,,,,,,,,
,https://ror.org/002t25c44,,,,,,,,,replace==univ-paris1.fr,,,,,,,,,,,,
,https://ror.org/002v2kq79,,,,,,,replace==https://www.utfpr.edu.br/,,replace==utfpr.edu.br,,,,,,,,,,,,
,https://ror.org/002wfgr58,,,,,,,replace==https://english.seoul.go.kr/,,replace==seoul.go.kr,,,,,,,,,,,,
,https://ror.org/002x1sg85,,,,,,,,,replace==h12o.es,,,,,,,,,,,,
,https://ror.org/002zc3t08,,,,,,,,,replace==imcce.fr,,,,,,,,,,,,
,https://ror.org/002zrf773,,,,,,,,,replace==qualcomm.com,,,,,,,,,,,,
,https://ror.org/0030f2a11,,,,,,,replace==https://www.uk-erlangen.de/,,replace==uk-erlangen.de,,,,,,,,,,,,
,https://ror.org/0030zas98,,,,,,,replace==https://www.polyu.edu.hk/,,replace==polyu.edu.hk,,,,,,,,,,,,
,https://ror.org/003109y17,,,,,,,replace==https://www.unica.it/,,replace==unica.it,,,,,,,,,,,,
,https://ror.org/003392690,,,,,,,replace==https://rshs.go.id/,,replace==rshs.or.id,,,,,,,,,,,,
,https://ror.org/0034eay46,,,,,,,replace==https://www.tamus.edu/,,replace==tamus.edu,,,,,,,,,,,,
,https://ror.org/0034wme67,,,,,,,replace==https://umb.ac.id/,,replace==umb.ac.id,,,,,,,,,,,,
,https://ror.org/0037nyg09,,,,,,,replace==https://ummat.ac.id/,,replace==ummat.ac.id,,,,,,,,,,,,
,https://ror.org/0037yf233,,,,,,,,,replace==exploratorium.edu,,,,,,,,,,,,
,https://ror.org/0039d5757,,,,,,,replace==https://ufg.br/,,replace==ufg.br,,,,,,,,,,,,
,https://ror.org/003ammk23,,,,,,,replace==https://www.walsh.edu/,,replace==walsh.edu,,,,,,,,,,,,
,https://ror.org/003cpqh10,,,,,,,replace==http://www.natcm.gov.cn/,,replace==natcm.gov.cn,,,,,,,,,,,,
,https://ror.org/003eyb898,,,,,,,,,replace==nu.edu.pk,,,,,,,,,,,,
,https://ror.org/003fvp964,,,,,,,,,replace==ipipan.waw.pl,,,,,,,,,,,,
,https://ror.org/003fyqt13,,,,,,,replace==https://www.avm.edu.br/,,replace==avm.edu.br,,,,,,,,,,,,
,https://ror.org/003hhqx84,,,,,,,replace==https://www.ospedalecardarelli.it/,,replace==aocardarelli.it,,,,,,,,,,,,
,https://ror.org/003kqe171,,,,,,,,,replace==duc.edu.gh,,,,,,,,,,,,
,https://ror.org/003ktzf45,,,,,,,replace==https://respati.ac.id,,replace==respati.ac.id,,,,,,,,,,,,
,https://ror.org/003n8re58,,,,,,,,,replace==shao.ac.cn,,,,,,,,,,,,
,https://ror.org/003ngne20,,,,,,,,,replace==ochsner.org,,,,,,,,,,,,
,https://ror.org/003nnep52,,,,,,,replace==https://santacasasp.org.br/,,replace==santacasasp.org.br,,,,,,,,,,,,
,https://ror.org/003pa2681,,,,,,,replace==https://www.endocrincentr.ru/,,replace==endocrincentr.ru,,,,,,,,,,,,
,https://ror.org/003qdfg20,,,,,,,,,replace==soka.ac.jp,,,,,,,,,,,,
,https://ror.org/003qeh975,,,,,,,,,replace==catas.cn,,,,,,,,,,,,
,https://ror.org/003regz62,,,,,,,,,replace==bjtth.cn,,,,,,,,,,,,
,https://ror.org/003tmp461,,,,,,,replace==https://www.schiller.edu/,,replace==schiller.edu,,,,,,,,,,,,
,https://ror.org/003vxvw45,,,,,,,,,replace==unama.br,,,,,,,,,,,,
,https://ror.org/003wx9n05,,,,,,,,,replace==sbs.org,,,,,,,,,,,,
,https://ror.org/003yb7p17,,,,,,,replace==https://www.alcoa.com/,,replace==alcoa.com,,,,,,,,,,,,
,https://ror.org/0040r6f76,,,,,,,,,replace==vuw.ac.nz,,,,,,,,,,,,
,https://ror.org/00414dg76,,,,,,,replace==https://www.rchsd.org/,,replace==rchsd.org,,,,,,,,,,,,
,https://ror.org/00445hv47,,,,,,,replace==https://www.ylu.edu.cn/,,replace==ylu.edu.cn,,,,,,,,,,,,
,https://ror.org/00453a208,,,,,,,replace==https://www.cuny.edu/,,replace==cuny.edu,,,,,,,,,,,,
,https://ror.org/0046mja08,,,,,,,replace==https://www.najah.edu/,,replace==najah.edu,,,,,,,,,,,,
,https://ror.org/004776246,,,,,,,,,replace==cust.edu.pk,,,,,,,,,,,,
,https://ror.org/0047hkh43,,,,,,,replace==https://alsalam.edu.iq,,replace==alsalam.edu.iq,,,,,,,,,,,,
,https://ror.org/0047j9t38,,,,,,,,,replace==imbc.de,,,,,,,,,,,,
,https://ror.org/0049erg63,,,,,,,replace==https://english.kookmin.ac.kr/,,replace==kookmin.ac.kr,,,,,,,,,,,,
,https://ror.org/004dzkd51,,,,,,,,,replace==phyche.ac.ru,,,,,,,,,,,,
,https://ror.org/004eeze55,,,,,,,,,replace==muhn.edu.cn,,,,,,,,,,,,
,https://ror.org/004f1yx35,,,,,,,replace==https://www.epagri.sc.gov.br/,,replace==epagri.sc.gov.br,,,,,,,,,,,,
,https://ror.org/004gfgx38,,,,,,,,,replace==uni-eszterhazy.hu,,,,,,,,,,,,
,https://ror.org/004gqpt18,,,,,,,,,replace==lkhf.at,,,,,,,,,,,,
,https://ror.org/004h6mc53,,,,,,,replace==https://www.marienhospital-herne.de/,,replace==marienhospital-herne.de,,,,,,,,,,,,
,https://ror.org/004jktf35,,,,,,,replace==https://www.swedish.org/,,replace==swedish.org,,,,,,,,,,,,
,https://ror.org/004mbaj56,,,,,,,,,replace==yu.edu.jo,,,,,,,,,,,,
,https://ror.org/004wf8x96,,,,,,,replace==https://ddugu.ac.in/,,replace==ddugu.ac.in,,,,,,,,,,,,
,https://ror.org/004xzjm20,,,,,,,,,replace==unibe.edu.do,,,,,,,,,,,,
,https://ror.org/0051rme32,,,,,,,,,replace==nwsuaf.edu.cn,,,,,,,,,,,,
,https://ror.org/0051w2v06,,,,,,,replace==https://www.uet.edu.pk/,,replace==uet.edu.pk,,,,,,,,,,,,
,https://ror.org/0053n5071,,,,,,,replace==https://www.wcupa.edu/,,replace==wcupa.edu,,,,,,,,,,,,
,https://ror.org/00567j574,,,,,,,replace==https://malahayati.ac.id/,,replace==malahayati.ac.id,,,,,,,,,,,,
,https://ror.org/0057ag334,,,,,,,,,replace==uan.ao,,,,,,,,,,,,
,https://ror.org/00582g326,,,,,,,replace==https://www.iitr.ac.in/,,replace==iitr.ac.in,,,,,,,,,,,,
,https://ror.org/0059h1f24,,,,,,,replace==https://www.pu-hiroshima.ac.jp/,,replace==pu-hiroshima.ac.jp,,,,,,,,,,,,
,https://ror.org/005bjd415,,,,,,,,,replace==upsi.edu.my,,,,,,,,,,,,
,https://ror.org/005bty106,,,,,,,replace==http://eulji.ac.kr/,,replace==eulji.ac.kr,,,,,,,,,,,,
,https://ror.org/005dvqh91,,,,,,,,,replace==nyulangone.org,,,,,,,,,,,,
,https://ror.org/005kw6t15,,,,,,,,,replace==infineon.com,,,,,,,,,,,,
,https://ror.org/005mpbw70,,,,,,,,,replace==uninove.br,,,,,,,,,,,,
,https://ror.org/005n3yy14,,,,,,,replace==https://ftian.ru/,,replace==ftian.ru,,,,,,,,,,,,
,https://ror.org/005nbjh06,,,,,,,replace==https://www.smsu.edu/,,replace==smsu.edu,,,,,,,,,,,,
,https://ror.org/005p9kw61,,,,,,,replace==https://www.nmt.edu/,,replace==nmt.edu,,,,,,,,,,,,
,https://ror.org/005pn5z34,,,,,,,,,replace==ifsp.edu.br,,,,,,,,,,,,
,https://ror.org/005qv5373,,,,,,,replace==https://www.wakayama-med.ac.jp/,,replace==wakayama-med.ac.jp,,,,,,,,,,,,
,https://ror.org/005r2ww51,,,,,,,replace==https://www.siu.edu.in/,,replace==siu.edu.in,,,,,,,,,,,,
,https://ror.org/005r3tp02,,,,,,,replace==https://www.sanbi.org/,,replace==sanbi.org.za,,,,,,,,,,,,
,https://ror.org/005ta0471,,,,,,,replace==https://www.infn.it/,,replace==infn.it,,,,,,,,,,,,
,https://ror.org/005ypkf75,,,,,,,replace==https://www.univ-reunion.fr/,,replace==univ-reunion.fr,,,,,,,,,,,,
,https://ror.org/0060wre92,,,,,,,replace==https://www.triniti.ru/,,replace==triniti.ru,,,,,,,,,,,,
,https://ror.org/0061s4v88,,,,,,,replace==https://bio-bizkaia.eus/,,replace==bio-bizkaia.eus,,,,,,,,,,,,
,https://ror.org/0062dz060,,,,,,,replace==https://www.norwichresearchpark.com/,,replace==norwichresearchpark.com,,,,,,,,,,,,
,https://ror.org/0063tkv49,,,,,,,replace==https://kasu.edu.ng/,,replace==kasu.edu.ng,,,,,,,,,,,,
,https://ror.org/00655dk85,,,,,,,replace==https://www.glasgowlife.org.uk/,,replace==glasgowlife.org.uk,,,,,,,,,,,,
,https://ror.org/0065zqt33,,,,,,,,,replace==nationalcancercenter.org,,,,,,,,,,,,
,https://ror.org/0066jc902,,,,,,,replace==https://scwmri.ac.ir/,,replace==scwmri.ac.ir,,,,,,,,,,,,
,https://ror.org/0066vpg85,,,,,,,,,replace==jju.edu.cn,,,,,,,,,,,,
,https://ror.org/0066zpp98,,,,,,,,,replace==agis.org.cn,,,,,,,,,,,,
,https://ror.org/006776986,,,,,,,replace==https://www.wku.ac.kr/,,replace==wku.ac.kr,,,,,,,,,,,,
,https://ror.org/0068m0j38,,,,,,,,,replace==crukcambridgecentre.org.uk,,,,,,,,,,,,
,https://ror.org/0068yvd12,,,,,,,,,replace==cgdev.org,,,,,,,,,,,,
,https://ror.org/006ak0b38,,,,,,,,,replace==qztc.edu.cn,,,,,,,,,,,,
,https://ror.org/006aydy55,,,,,,,,,replace==jihualab.ac.cn,,,,,,,,,,,,
,https://ror.org/006bvjm48,,,,,,,replace==http://www.hynu.edu.cn/,,replace==hynu.edu.cn,,,,,,,,,,,,
,https://ror.org/006bxqs05,,,,,,,replace==https://www.iastro.pt/,,replace==iastro.pt,,,,,,,,,,,,
,https://ror.org/006c77m33,,,,,,,,,replace==oracle.com,,,,,,,,,,,,
,https://ror.org/006e5kg04,,,,,,,replace==https://www.vub.be/,,replace==vub.be,,,,,,,,,,,,
,https://ror.org/006jktr69,,,,,,,replace==https://www.ospedale.perugia.it/,,replace==ospedale.perugia.it,,,,,,,,,,,,
,https://ror.org/006jxzx88,,,,,,,replace==https://bond.edu.au/,,replace==bond.edu.au,,,,,,,,,,,,
,https://ror.org/006k1pa70,,,,,,,replace==https://www.cambridge.pt/,,replace==cambridge.pt,,,,,,,,,,,,
,https://ror.org/006kxhp52,,,,,,,replace==https://www.un.org/,,replace==un.org,,,,,,,,,,,,
,https://ror.org/006m4q736,,,,,,,,,replace==science.az,,,,,,,,,,,,
,https://ror.org/006nxzf98,,,,,,,replace==https://www.ashland.com/,,replace==ashland.com,,,,,,,,,,,,
,https://ror.org/006pq9r08,,,,,,,replace==https://www.cardiologicomonzino.it/,,replace==cardiologicomonzino.it,,,,,,,,,,,,
,https://ror.org/006pw7k84,,,,,,,replace==https://aauekpoma.edu.ng/,,replace==aauekpoma.edu.ng,,,,,,,,,,,,
,https://ror.org/006thab72,,,,,,,,,replace==medicalschool-hamburg.de,,,,,,,,,,,,
,https://ror.org/006tpsn23,,,,,,,replace==https://www1.marin.edu/,,replace==marin.edu,,,,,,,,,,,,
,https://ror.org/006v63s16,,,,,,,replace==https://portal.uni.edu.pe/,,replace==uni.edu.pe,,,,,,,,,,,,
,https://ror.org/006v7bf86,,,,,,,replace==https://www.hup.harvard.edu/,,replace==harvardup.co.uk,,,,,,,,,,,,
,https://ror.org/006vs7897,,,,,,,replace==https://www.unmsm.edu.pe/,,replace==unmsm.edu.pe,,,,,,,,,,,,
,https://ror.org/006vxbq87,,,,,,,,,replace==atomki.hu,,,,,,,,,,,,
,https://ror.org/006wjwp03,,,,,,,replace==https://www.rijksmuseum.nl/,,replace==rijksmuseum.nl,,,,,,,,,,,,
,https://ror.org/006x48140,,,,,,,replace==https://sanraffaele.it/,,replace==sanraffaele.it,,,,,,,,,,,,
,https://ror.org/006zjws59,,,,,,,replace==https://uvic-ucc.cat/,,replace==uvic-ucc.cat,,,,,,,,,,,,
,https://ror.org/00708jp83,,,,,,,,,replace==ihu.gr,,,,,,,,,,,,
,https://ror.org/0071qz696,,,,,,,replace==https://www.ctu.edu.vn/,,replace==ctu.edu.vn,,,,,,,,,,,,
,https://ror.org/00749za89,,,,,,,,,replace==uahurtado.cl,,,,,,,,,,,,
,https://ror.org/0075gfd51,,,,,,,,,replace==uloyola.es,,,,,,,,,,,,
,https://ror.org/0076kfe04,,,,,,,,,replace==uchicagomedicine.org,,,,,,,,,,,,
,https://ror.org/0077k1j32,,,,,,,,,replace==mnit.ac.in,,,,,,,,,,,,
,https://ror.org/0078v1m45,,,,,,,replace==https://gacnanded.com/,,replace==gacnanded.com,,,,,,,,,,,,
,https://ror.org/0078xmk34,,,,,,,replace==https://www.umt.edu/,,replace==umontana.edu,,,,,,,,,,,,
,https://ror.org/0079gpv38,,,,,,,,,replace==uaemex.mx,,,,,,,,,,,,
,https://ror.org/007bdrf88,,,,,,,,,replace==stadt-frankfurt.de,,,,,,,,,,,,
,https://ror.org/007chxf81,,,,,,,,,replace==upr.edu.cu,,,,,,,,,,,,
,https://ror.org/007cr8911,,,,,,,,,replace==councilscienceeditors.org,,,,,,,,,,,,
,https://ror.org/007f1da21,,,,,,,,,replace==uobaghdad.edu.iq,,,,,,,,,,,,
,https://ror.org/007gfwn20,,,,,,,replace==https://www.hesge.ch/,,replace==hesge.ch,,,,,,,,,,,,
,https://ror.org/007h1g065,,,,,,,replace==https://www.ut.edu/,,replace==ut.edu,,,,,,,,,,,,
,https://ror.org/007jnt575,,,,,,,,,replace==gzcdc.org.cn,,,,,,,,,,,,
,https://ror.org/007kf5222,,,,,,,,,replace==fei.edu.br,,,,,,,,,,,,
,https://ror.org/007kp6q87,,,,,,,replace==https://www.fhi360.org/,,replace==fhi360.org,,,,,,,,,,,,
,https://ror.org/007mrxy13,,,,,,,replace==https://www.wchscu.cn/,,replace==wchscu.cn,,,,,,,,,,,,
,https://ror.org/007phxq15,,,,,,,replace==https://zioc.ru/,,replace==ioc.ac.ru,,,,,,,,,,,,
,https://ror.org/007ps6h72,,,,,,,replace==https://www.fredhutch.org/,,replace==fredhutch.org,,,,,,,,,,,,
,https://ror.org/007t9h129,,,,,,,replace==https://univassouras.edu.br/,,replace==univassouras.edu.br,,,,,,,,,,,,
,https://ror.org/007tn5k56,,,,,,,replace==https://www.shu.edu/,,replace==shu.edu,,,,,,,,,,,,
,https://ror.org/007wpch15,,,,,,,replace==https://instem.res.in/,,replace==instem.res.in,,,,,,,,,,,,
,https://ror.org/007wym039,,,,,,,replace==http://www.haue.edu.cn/,,replace==haue.edu.cn,,,,,,,,,,,,
,https://ror.org/007ywhm20,,,,,,,,,replace==jzxy.edu.cn,,,,,,,,,,,,
,https://ror.org/007zhvp17,,,,,,,replace==https://www.williams.com/,,replace==williams.com,,,,,,,,,,,,
,https://ror.org/0082wq496,,,,,,,,,replace==salud.gob.mx,,,,,,,,,,,,
,https://ror.org/0082yr561,,,,,,,,,replace==gubkin.ru,,,,,,,,,,,,
,https://ror.org/00835yh61,,,,,,,,,replace==perfectharmonyhealth.com,,,,,,,,,,,,
,https://ror.org/00839we02,,,,,,,replace==https://www2.acadiau.ca/,,replace==acadiau.ca,,,,,,,,,,,,
,https://ror.org/0083mf965,,,,,,,replace==https://hudson.org.au/,,replace==hudson.org.au,,,,,,,,,,,,
,https://ror.org/0086rpr26,,,,,,,replace==https://uos.edu.pk/,,replace==uos.edu.pk,,,,,,,,,,,,
,https://ror.org/008a9hf75,,,,,,,replace==https://cityu.edu/,,replace==cityu.edu,,,,,,,,,,,,
,https://ror.org/008b3ap06,,,,,,,,,replace==iiitm.ac.in,,,,,,,,,,,,
,https://ror.org/008cfxd05,,,,,,,,,replace==saxinstitute.org.au,,,,,,,,,,,,
,https://ror.org/008d47791,,,,,,,,,replace==novem.nl,,,,,,,,,,,,
,https://ror.org/008dh2426,,,,,,,,,replace==numl.edu.pk,,,,,,,,,,,,
,https://ror.org/008ebms37,,,,,,,replace==https://iteb.ru/,,replace==iteb.ru,,,,,,,,,,,,
,https://ror.org/008fyn775,,,,,,,replace==https://pwr.edu.pl/,,replace==pwr.edu.pl,,,,,,,,,,,,
,https://ror.org/008g9ns82,,,,,,,replace==https://www.mutah.edu.jo/,,replace==mutah.edu.jo,,,,,,,,,,,,
,https://ror.org/008j59125,,,,,,,replace==https://www.uhliverpool.nhs.uk/our-hospitals/aintree-university-hospital,,replace==aintree.nhs.uk,,,,,,,,,,,,
,https://ror.org/008kev776,,,,,,,replace==https://www.paho.org/,,replace==paho.org,,,,,,,,,,,,
,https://ror.org/008m8sh03,,,,,,,replace==https://www.sqnu.edu.cn/,,replace==sqnu.edu.cn,,,,,,,,,,,,
,https://ror.org/008ms5s18,,,,,,,replace==https://www.lamar.edu/,,replace==lamar.edu,,,,,,,,,,,,
,https://ror.org/008x57b05,,,,,,,,,replace==uantwerpen.be,,,,,,,,,,,,
,https://ror.org/0090dta57,,,,,,,replace==https://uninus.ac.id/,,replace==uninus.ac.id,,,,,,,,,,,,
,https://ror.org/0090r4d87,,,,,,,,,replace==ict.ac.cn,,,,,,,,,,,,
,https://ror.org/0090zs177,,,,,,,replace==https://www.lse.ac.uk/,,replace==lse.ac.uk,,,,,,,,,,,,
,https://ror.org/0091hm651,,,,,,,,,replace==unpatti.ac.id,,,,,,,,,,,,
,https://ror.org/0091vmj44,,,,,,,replace==https://sbu.ac.ir,,replace==sbu.ac.ir,,,,,,,,,,,,
,https://ror.org/00947s692,,,,,,,,,replace==kchnet.or.jp,,,,,,,,,,,,
,https://ror.org/00952fj37,,,,,,,replace==https://www.jpmc.edu.pk/,,replace==jpmc.edu.pk,,,,,,,,,,,,
,https://ror.org/0095xcq10,,,,,,,,,replace==umt.edu.pk,,,,,,,,,,,,
,https://ror.org/00965bg92,,,,,,,replace==https://www.ni.ac.rs/,,replace==ni.ac.rs,,,,,,,,,,,,
,https://ror.org/0096stf71,,,,,,,,,replace==bronxdefenders.org,,,,,,,,,,,,
,https://ror.org/0097mvx21,,,,,,,,,replace==gva.es,,,,,,,,,,,,
,https://ror.org/0098hst83,,,,,,,,,replace==cetc.com.cn,,,,,,,,,,,,
,https://ror.org/0099j7t54,,,,,,,,,replace==biam.ac.cn,,,,,,,,,,,,
,https://ror.org/009bjed14,,,,,,,replace==https://www.goodwin.edu/,,replace==goodwin.edu,,,,,,,,,,,,
,https://ror.org/009cc1d57,,,,,,,,,replace==uinsa.ac.id,,,,,,,,,,,,
,https://ror.org/009e19j97,,,,,,,replace==https://www.nissan.co.uk/,,replace==nissancorporate.co.uk,,,,,,,,,,,,
,https://ror.org/009e5cd49,,,,,,,replace==https://www.sunmoon.ac.kr,,replace==sunmoon.ac.kr,,,,,,,,,,,,
,https://ror.org/009h0v784,,,,,,,replace==https://www.mondino.it/,,replace==mondino.it,,,,,,,,,,,,
,https://ror.org/009hj8759,,,,,,,replace==https://www.gradyhealth.org/,,replace==gmh.edu,,,,,,,,,,,,
,https://ror.org/009mk5659,,,,,,,,,replace==facs.org,,,,,,,,,,,,
,https://ror.org/009nnre75,,,,,,,replace==https://www.uksw.edu/,,replace==uksw.edu,,,,,,,,,,,,
,https://ror.org/009raxq57,,,,,,,,,replace==mdmercy.com,,,,,,,,,,,,
,https://ror.org/009rr6x76,,,,,,,,,replace==itsx.edu.mx,,,,,,,,,,,,
,https://ror.org/009tveq15,,,,,,,replace==https://nou.edu.ng/,,replace==noun.edu.ng,,,,,,,,,,,,
,https://ror.org/009vh5d61,,,,,,,replace==https://www.rollins.edu/,,replace==rollins.edu,,,,,,,,,,,,
,https://ror.org/009x1kj44,,,,,,,replace==https://usd.krakow.pl/,,replace==usdk.pl,,,,,,,,,,,,
,https://ror.org/009x65438,,,,,,,replace==https://www.mukogawa-u.ac.jp/,,replace==mukogawa-u.ac.jp,,,,,,,,,,,,
,https://ror.org/009ywjj88,,,,,,,replace==https://www.criminnesota.com/,,replace==criminnesota.com,,,,,,,,,,,,
,https://ror.org/00a0jsq62,,,,,,,,,replace==lshtm.ac.uk,,,,,,,,,,,,
,https://ror.org/00a1rzv11,,,,,,,,,replace==aiaa.org,,,,,,,,,,,,
,https://ror.org/00a208s56,,,,,,,,,replace==tu-chemnitz.de,,,,,,,,,,,,
,https://ror.org/00a25bg52,,,,,,,replace==https://www.canada.ca/en/library-archives.html,,replace==bac-lac.gc.ca,,,,,,,,,,,,
,https://ror.org/00a3sq030,,,,,,,replace==https://www.franklin.edu/,,replace==franklin.edu,,,,,,,,,,,,
,https://ror.org/00a4x6777,,,,,,,,,replace==vgregion.se,,,,,,,,,,,,
,https://ror.org/00a6fbp85,,,,,,,replace==https://www.hindujahospital.com/,,replace==hindujahospital.com,,,,,,,,,,,,
,https://ror.org/00a8tg325,,,,,,,,,replace==kirams.re.kr,,,,,,,,,,,,
,https://ror.org/00ab95029,,,,,,,,,replace==wxit.edu.cn,,,,,,,,,,,,
,https://ror.org/00ads0y69,,,,,,,replace==https://www.uaaan.edu.mx/,,replace==uaaan.edu.mx,,,,,,,,,,,,
,https://ror.org/00ae33288,,,,,,,replace==https://www.londonmet.ac.uk/,,replace==londonmet.ac.uk,,,,,,,,,,,,
,https://ror.org/00af3sa43,,,,,,,replace==https://english.iut.ac.ir/,,replace==iut.ac.ir,,,,,,,,,,,,
,https://ror.org/00aft1q37,,,,,,,replace==https://www.sejong.ac.kr/,,replace==sejong.ac.kr,,,,,,,,,,,,
,https://ror.org/00ag0rb94,,,,,,,replace==https://www.chrim.ca/,,replace==chrim.ca,,,,,,,,,,,,
,https://ror.org/00ag9jk61,,,,,,,replace==https://www.cabotcorp.com/,,replace==cabotcorp.com,,,,,,,,,,,,
,https://ror.org/00agtat91,,,,,,,,,replace==klinikum-karlsruhe.de,,,,,,,,,,,,
,https://ror.org/00an5hx75,,,,,,,,,replace==bennett.edu.in,,,,,,,,,,,,
,https://ror.org/00apb0c64,,,,,,,,,replace==vniro.ru,,,,,,,,,,,,
,https://ror.org/00apdsa62,,,,,,,,,replace==pimunn.net,,,,,,,,,,,,
,https://ror.org/00apj8t60,,,,,,,replace==https://itb.ac.id/,,replace==itb.ac.id,,,,,,,,,,,,
,https://ror.org/00at2pp81,,,,,,,replace==https://www.genderstudies.cz/,,replace==genderstudies.cz,,,,,,,,,,,,
,https://ror.org/00aw4mh72,,,,,,,replace==https://madisongroup.com/,,replace==madisongroup.com,,,,,,,,,,,,
,https://ror.org/00awbw743,,,,,,,replace==https://www.sva.se/,,replace==sva.se,,,,,,,,,,,,
,https://ror.org/00az85j53,,,,,,,,,replace==dongfang.com.cn,,,,,,,,,,,,
,https://ror.org/00b0jb681,,,,,,,replace==https://krasgmu.ru/,,replace==krasgmu.ru,,,,,,,,,,,,
,https://ror.org/00b3mhg89,,,,,,,replace==https://tnmgrmu.ac.in/,,replace==tnmgrmu.ac.in,,,,,,,,,,,,
,https://ror.org/00b44sj21,,,,,,,replace==https://www.dean.edu/,,replace==dean.edu,,,,,,,,,,,,
,https://ror.org/00b4mx203,,,,,,,,,replace==ihb.ac.cn,,,,,,,,,,,,
,https://ror.org/00b5m4j81,,,,,,,replace==https://www.shell.com/,,replace==shell.com,,,,,,,,,,,,
,https://ror.org/00b747122,,,,,,,replace==https://www.ksbl.ch/,,replace==ksbl.ch,,,,,,,,,,,,
,https://ror.org/00b8kjk28,,,,,,,replace==https://www.praxis.ee/,,replace==praxis.ee,,,,,,,,,,,,
,https://ror.org/00b9pg524,,,,,,,,,replace==nso.edu,,,,,,,,,,,,
,https://ror.org/00batt813,,,,,,,,,replace==udu.edu.ua,,,,,,,,,,,,
,https://ror.org/00bea5h57,,,,,,,replace==https://imm.fr/,,replace==imm.fr,,,,,,,,,,,,
,https://ror.org/00bgtad15,,,,,,,replace==https://www.stjohns.edu/,,replace==stjohns.edu,,,,,,,,,,,,
,https://ror.org/00bm3g510,,,,,,,replace==https://www.kaneka.com/,,replace==kaneka.com,,,,,,,,,,,,
,https://ror.org/00bmxak18,,,,,,,replace==https://www.fit.ac.jp/,,replace==fit.ac.jp,,,,,,,,,,,,
,https://ror.org/00bpmmc63,,,,,,,replace==https://www.inaoep.mx/,,replace==inaoep.mx,,,,,,,,,,,,
,https://ror.org/00bq4rw46,,,,,,,replace==https://www.hospitalitaliano.org.ar/,,replace==hospitalitaliano.org.ar,,,,,,,,,,,,
,https://ror.org/00bsj2955,,,,,,,replace==https://pec.ac.in/,,replace==pec.edu.in,,,,,,,,,,,,
,https://ror.org/00bsjtn43,,,,,,,replace==https://www.bioscienceresearchllc.com/,,replace==bioscienceresearchllc.com,,,,,,,,,,,,
,https://ror.org/00bt0h739,,,,,,,replace==https://umpar.ac.id/,,replace==umpar.ac.id,,,,,,,,,,,,
,https://ror.org/00btvqy64,,,,,,,replace==https://www.posco.co.kr,,replace==posco.com,,,,,,,,,,,,
,https://ror.org/00bv64a69,,,,,,,replace==https://www.jfcr.or.jp/,,replace==jfcr.or.jp,,,,,,,,,,,,
,https://ror.org/00bx3rb98,,,,,,,,,replace==cma.gov.cn,,,,,,,,,,,,
,https://ror.org/00bzsst90,,,,,,,,,replace==iasbs.ac.ir,,,,,,,,,,,,
,https://ror.org/00c01js51,,,,,,,replace==https://wexnermedical.osu.edu/,,replace==osumc.edu,,,,,,,,,,,,
,https://ror.org/00c2tyx86,,,,,,,,,replace==aruplab.com,,,,,,,,,,,,
,https://ror.org/00c32gy34,,,,,,,replace==https://www.unison.mx/,,replace==unison.mx,,,,,,,,,,,,
,https://ror.org/00c489v88,,,,,,,,,replace==acmedsci.ac.uk,,,,,,,,,,,,
,https://ror.org/00c7x4a95,,,,,,,,,replace==dlpu.edu.cn,,,,,,,,,,,,
,https://ror.org/00c9dk124,,,,,,,replace==https://www.forskning.no/,,replace==forskning.no,,,,,,,,,,,,
,https://ror.org/00caq9197,,,,,,,,,replace==parke.eus,,,,,,,,,,,,
,https://ror.org/00cb23x68,,,,,,,replace==https://www.knust.edu.gh/,,replace==knust.edu.gh,,,,,,,,,,,,
,https://ror.org/00cb3km46,,,,,,,,,replace==snubh.org,,,,,,,,,,,,
,https://ror.org/00cb9w016,,,,,,,replace==https://www.asu.edu.eg/,,replace==asu.edu.eg,,,,,,,,,,,,
,https://ror.org/00cbhey71,,,,,,,replace==https://www.ccsfu.edu.cn/,,replace==ccsfu.edu.cn,,,,,,,,,,,,
,https://ror.org/00ccec020,,,,,,,,,replace==unoeste.br,,,,,,,,,,,,
,https://ror.org/00cd9s024,,,,,,,,,replace==scmc.com.cn,,,,,,,,,,,,
,https://ror.org/00cf0ab87,,,,,,,,,replace==seu.edu.bd,,,,,,,,,,,,
,https://ror.org/00ch7yk27,,,,,,,replace==https://www.sdsmt.edu/,,replace==sdsmt.edu,,,,,,,,,,,,
,https://ror.org/00chfja07,,,,,,,replace==https://www.seoultech.ac.kr/,,replace==seoultech.ac.kr,,,,,,,,,,,,
,https://ror.org/00cm7z053,,,,,,,,,replace==hf.org,,,,,,,,,,,,
,https://ror.org/00cpb6264,,,,,,,replace==https://neuromed.it/,,replace==neuromed.it,,,,,,,,,,,,
,https://ror.org/00cqpd580,,,,,,,,,replace==cnrs-imn.fr,,,,,,,,,,,,
,https://ror.org/00ctdh943,,,,,,,replace==https://www.inper.mx/,,replace==inper.gob.mx,,,,,,,,,,,,
,https://ror.org/00cwwxh37,,,,,,,,,replace==esaunggul.ac.id,,,,,,,,,,,,
,https://ror.org/00cxp1a86,,,,,,,replace==https://uninter.edu.mx/,,replace==uninter.edu.mx,,,,,,,,,,,,
,https://ror.org/00d062t77,,,,,,,replace==https://www.bis.org/,,replace==bis.org,,,,,,,,,,,,
,https://ror.org/00d0rke27,,,,,,,,,replace==institutoptique.fr,,,,,,,,,,,,
,https://ror.org/00d167n54,,,,,,,,,replace==ngmu.ru,,,,,,,,,,,,
,https://ror.org/00d1dhh09,,,,,,,replace==https://www.dartmouth-hitchcock.org/,,replace==hitchcock.org,,,,,,,,,,,,
,https://ror.org/00d25af97,,,,,,,replace==https://www.ust.edu.ph/,,replace==ust.edu.ph,,,,,,,,,,,,
,https://ror.org/00d80zx46,,,,,,,replace==https://www.cgu.edu.tw/,,replace==cgu.edu.tw,,,,,,,,,,,,
,https://ror.org/00d973h41,,,,,,,replace==https://www.sh.se/,,replace==sh.se,,,,,,,,,,,,
,https://ror.org/00dbkrq51,,,,,,,replace==https://www.cochrane.org/,,replace==cochrane.org,,,,,,,,,,,,
,https://ror.org/00deq0f50,,,,,,,,,replace==pelitabangsa.ac.id,,,,,,,,,,,,
,https://ror.org/00devjr72,,,,,,,,,replace==univasf.edu.br,,,,,,,,,,,,
,https://ror.org/00df3z122,,,,,,,,,replace==ccc.ac.at,,,,,,,,,,,,
,https://ror.org/00dfw9p58,,,,,,,replace==https://www.santepubliquefrance.fr/,,replace==santepubliquefrance.fr,,,,,,,,,,,,
,https://ror.org/00dna7t83,,,,,,,,,replace==ufal.br,,,,,,,,,,,,
,https://ror.org/00dvsyx28,,,,,,,replace==https://paau.edu.ng/,,replace==ksu.edu.ng,,,,,,,,,,,,
,https://ror.org/00dxj9a45,,,,,,,,,replace==usc.edu.co,,,,,,,,,,,,
,https://ror.org/00e16h982,,,,,,,replace==https://uniosun.edu.ng/,,replace==uniosun.edu.ng,,,,,,,,,,,,
,https://ror.org/00e2y6338,,,,,,,,,replace==fons.org,,,,,,,,,,,,
,https://ror.org/00e477a69,,,,,,,replace==https://www.hsc.edu.tw/,,replace==hsc.edu.tw,,,,,,,,,,,,
,https://ror.org/00e49gy82,,,,,,,,,replace==cupl.edu.cn,,,,,,,,,,,,
,https://ror.org/00e96v939,,,,,,,replace==https://www.univ-evry.fr/,,replace==univ-evry.fr,,,,,,,,,,,,
,https://ror.org/00ed5g627,,,,,,,replace==https://mlz-garching.de/,,replace==mlz-garching.de,,,,,,,,,,,,
,https://ror.org/00ee40h97,,,,,,,replace==https://www.karmanos.org/,,replace==karmanos.org,,,,,,,,,,,,
,https://ror.org/00ee9xb13,,,,,,,replace==https://www.fafo.no/,,replace==fafo.no,,,,,,,,,,,,
,https://ror.org/00egdv862,,,,,,,replace==https://www.hongik.ac.kr/,,replace==hongik.ac.kr,,,,,,,,,,,,
,https://ror.org/00eh7f421,,,,,,,replace==https://www.edah.org.tw/,,replace==edah.org.tw,,,,,,,,,,,,
,https://ror.org/00ej70p06,,,,,,,replace==https://pymhws.org.au/,,replace==pymhws.org.au,,,,,,,,,,,,
,https://ror.org/00em04n91,,,,,,,,,replace==mgsu.ru,,,,,,,,,,,,
,https://ror.org/00emz0366,,,,,,,replace==https://www.woosuk.ac.kr/,,replace==woosuk.ac.kr,,,,,,,,,,,,
,https://ror.org/00epner96,,,,,,,replace==https://bellvitgehospital.cat/,,replace==bellvitgehospital.cat,,,,,,,,,,,,
,https://ror.org/00et6q107,,,,,,,,,replace==lpu.co.in,,,,,,,,,,,,
,https://ror.org/00excyz84,,,,,,,replace==https://www.emu.edu.tr/,,replace==emu.edu.tr,,,,,,,,,,,,
,https://ror.org/00ey54k21,,,,,,,replace==https://www.unaerp.br/,,replace==unaerp.br,,,,,,,,,,,,
,https://ror.org/00ey9xa07,,,,,,,,,replace==hrbu.edu.cn,,,,,,,,,,,,
,https://ror.org/00ezrrm21,,,,,,,,,replace==usbr.gov,,,,,,,,,,,,
,https://ror.org/00f11af73,,,,,,,,,replace==ups.edu.ec,,,,,,,,,,,,
,https://ror.org/00f2kew86,,,,,,,,,replace==hcancerbarretos.com.br,,,,,,,,,,,,
,https://ror.org/00f2txz25,,,,,,,replace==https://www.kitasato-u.ac.jp/,,replace==kitasato-u.ac.jp,,,,,,,,,,,,
,https://ror.org/00f2yqf98,,,,,,,,,replace==mh-hannover.de,,,,,,,,,,,,
,https://ror.org/00f2z7n96,,,,,,,replace==https://www.rand.org/,,replace==rand.org,,,,,,,,,,,,
,https://ror.org/00f58mx93,,,,,,,,,replace==sibet.ac.cn,,,,,,,,,,,,
,https://ror.org/00f6d9d53,,,,,,,,,replace==tweedekamer.nl,,,,,,,,,,,,
,https://ror.org/00f8d9297,,,,,,,,,replace==umg.ac.id,,,,,,,,,,,,
,https://ror.org/00f8man71,,,,,,,replace==https://indianastate.edu/,,replace==indstate.edu,,,,,,,,,,,,
,https://ror.org/00fb7yx07,,,,,,,,,replace==unipress.waw.pl,,,,,,,,,,,,
,https://ror.org/00fbnyb24,,,,,,,replace==https://www.uni-wuerzburg.de/,,replace==uni-wuerzburg.de,,,,,,,,,,,,
,https://ror.org/00fgdtt86,,,,,,,,,replace==sirweb.org,,,,,,,,,,,,
,https://ror.org/00fhbr831,,,,,,,replace==https://triangle-inc.org/,,replace==triangle-inc.org,,,,,,,,,,,,
,https://ror.org/00fhc9y79,,,,,,,,,replace==gdufs.edu.cn,,,,,,,,,,,,
,https://ror.org/00fn3pa80,,,,,,,,,replace==unas.ac.id,,,,,,,,,,,,
,https://ror.org/00fpj7t66,,,,,,,,,replace==cgnpc.com.cn,,,,,,,,,,,,
,https://ror.org/00fq07k50,,,,,,,replace==https://unram.ac.id/,,replace==unram.ac.id,,,,,,,,,,,,
,https://ror.org/00frxwd04,,,,,,,,,replace==pathwaysb.org,,,,,,,,,,,,
,https://ror.org/00ft6nj33,,,,,,,,,replace==sia.cn,,,,,,,,,,,,
,https://ror.org/00fvyjk73,,,,,,,,,replace==colby.edu,,,,,,,,,,,,
,https://ror.org/00fwdyt59,,,,,,,replace==https://gwhospital.com/,,replace==gwu-hospital.com,,,,,,,,,,,,
,https://ror.org/00fweme20,,,,,,,replace==https://www.cghc.edu.ph/,,replace==cghc.edu.ph,,,,,,,,,,,,
,https://ror.org/00fwhek95,,,,,,,,,replace==lgm.net.pl,,,,,,,,,,,,
,https://ror.org/00fycgp36,,,,,,,replace==https://usma.ru/,,replace==usma.ru,,,,,,,,,,,,
,https://ror.org/00g2pnp92,,,,,,,replace==https://www.zync.edu.cn/,,replace==zync.edu.cn,,,,,,,,,,,,
,https://ror.org/00g2tkw06,,,,,,,,,replace==ford.com,,,,,,,,,,,,
,https://ror.org/00g30e956,,,,,,,replace==https://www.uni-hamburg.de/,,replace==uni-hamburg.de,,,,,,,,,,,,
,https://ror.org/00g651r29,,,,,,,,,replace==maimonidesmed.org,,,,,,,,,,,,
,https://ror.org/00g6ka752,,,,,,,,,replace==um.ac.ir,,,,,,,,,,,,
,https://ror.org/00g741v42,,,,,,,,,replace==gszy.edu.cn,,,,,,,,,,,,
,https://ror.org/00gg9m594,,,,,,,,,replace==landscapeinstitute.org,,,,,,,,,,,,
,https://ror.org/00ghzk478,,,,,,,,,replace==insead.edu,,,,,,,,,,,,
,https://ror.org/00gkd5869,,,,,,,replace==https://luth.gov.ng/,,replace==luth.gov.ng,,,,,,,,,,,,
,https://ror.org/00gmz2d02,,,,,,,,,replace==1bio.ru,,,,,,,,,,,,
,https://ror.org/00gqx0331,,,,,,,replace==https://www.rc-harwell.ac.uk/,,replace==rc-harwell.ac.uk,,,,,,,,,,,,
,https://ror.org/00grd1h17,,,,,,,,,replace==medtronic.com,,,,,,,,,,,,
,https://ror.org/00gtcbp88,,,,,,,replace==https://upe.br/,,replace==upe.br,,,,,,,,,,,,
,https://ror.org/00gtmwv55,,,,,,,,,replace==bms.com,,,,,,,,,,,,
,https://ror.org/00gvw6327,,,,,,,replace==https://kgmu.org/,,replace==kgmcindia.edu,,,,,,,,,,,,
,https://ror.org/00gw6fh23,,,,,,,replace==https://www.klinikum-hanau.de/,,replace==klinikum-hanau.de,,,,,,,,,,,,
,https://ror.org/00gx5vq39,,,,,,,,,replace==bsi.gov.in,,,,,,,,,,,,
,https://ror.org/00h1x4t21,,,,,,,,,replace==wias-berlin.de,,,,,,,,,,,,
,https://ror.org/00h4spn88,,,,,,,,,replace==mgu.ac.in,,,,,,,,,,,,
,https://ror.org/00h52n341,,,,,,,,,replace==ciac.ac.cn,,,,,,,,,,,,
,https://ror.org/00h9jrb69,,,,,,,,,replace==uv.cl,,,,,,,,,,,,
,https://ror.org/00ha14p11,,,,,,,,,replace==vtu.ac.in,,,,,,,,,,,,
,https://ror.org/00he80998,,,,,,,,,replace==mft.nhs.uk,,,,,,,,,,,,
,https://ror.org/00hfj7g70,,,,,,,,,replace==nkust.edu.tw,,,,,,,,,,,,
,https://ror.org/00hhjss72,,,,,,,replace==https://www.tencent.com/,,replace==tencent.com,,,,,,,,,,,,
,https://ror.org/00hhkn466,,,,,,,replace==https://www.jsps.go.jp/,,replace==jsps.go.jp,,,,,,,,,,,,
,https://ror.org/00hjks330,,,,,,,replace==https://www.astro.oma.be/,,replace==oma.be,,,,,,,,,,,,
,https://ror.org/00hpz7z43,,,,,,,replace==https://www.nmsu.edu/,,replace==nmsu.edu,,,,,,,,,,,,
,https://ror.org/00hq0e369,,,,,,,replace==https://www.sfasu.edu/,,replace==sfasu.edu,,,,,,,,,,,,
,https://ror.org/00hs7dr46,,,,,,,,,replace==urfu.ru,,,,,,,,,,,,
,https://ror.org/00htwgm11,,,,,,,replace==https://www.unsa.edu.ar/,,replace==unsa.edu.ar,,,,,,,,,,,,
,https://ror.org/00hvbx079,,,,,,,replace==https://www.sir.ac.ir/,,replace==sir.ac.ir,,,,,,,,,,,,
,https://ror.org/00hx6zz33,,,,,,,replace==https://ens-paris-saclay.fr/,,replace==ens-paris-saclay.fr,,,,,,,,,,,,
,https://ror.org/00j0krs40,,,,,,,replace==https://www.bpc.edu.sa/,,replace==bpc.edu.sa,,,,,,,,,,,,
,https://ror.org/00j5bwe91,,,,,,,replace==https://www.clinicalascondes.cl/,,replace==clinicalascondes.cl,,,,,,,,,,,,
,https://ror.org/00j9c2840,,,,,,,replace==https://www.oslo-universitetssykehus.no/,,replace==oslo-universitetssykehus.no,,,,,,,,,,,,
,https://ror.org/00jatyx22,,,,,,,,,replace==imi.edu,,,,,,,,,,,,
,https://ror.org/00jc20583,,,,,,,replace==https://www.cu.edu/,,replace==cu.edu,,,,,,,,,,,,
,https://ror.org/00je1p681,,,,,,,,,replace==univille.edu.br,,,,,,,,,,,,
,https://ror.org/00jerb145,,,,,,,,,replace==whs.org,,,,,,,,,,,,
,https://ror.org/00jf79q69,,,,,,,replace==https://penzugykutato.hu/,,replace==penzugykutato.hu,,,,,,,,,,,,
,https://ror.org/00jgcnx83,,,,,,,,,replace==nma.org.eg,,,,,,,,,,,,
,https://ror.org/00jgwn197,,,,,,,replace==https://www.skuastkashmir.ac.in/,,replace==skuastkashmir.ac.in,,,,,,,,,,,,
,https://ror.org/00jhae347,,,,,,,,,replace==medpro.com,,,,,,,,,,,,
,https://ror.org/00jhyq802,,,,,,,replace==https://www.regent.edu/,,replace==regent.edu,,,,,,,,,,,,
,https://ror.org/00jpq0w62,,,,,,,replace==https://www.chu-tours.fr/,,replace==chu-tours.fr,,,,,,,,,,,,
,https://ror.org/00jrtvk29,,,,,,,replace==https://www.wilmu.edu/,,replace==wilmu.edu,,,,,,,,,,,,
,https://ror.org/00jsjm362,,,,,,,replace==https://www.univ-tlemcen.dz/,,replace==univ-tlemcen.dz,,,,,,,,,,,,
,https://ror.org/00jxr5c40,,,,,,,,,replace==tstu.uz,,,,,,,,,,,,
,https://ror.org/00jxshx33,,,,,,,replace==http://www.svu.edu.eg/,,replace==svu.edu.eg,,,,,,,,,,,,
,https://ror.org/00jy9e726,,,,,,,replace==https://www.capital.edu/,,replace==capital.edu,,,,,,,,,,,,
,https://ror.org/00jz5ch17,,,,,,,replace==https://www.jangan.ac.kr/,,replace==jangan.ac.kr,,,,,,,,,,,,
,https://ror.org/00k575643,,,,,,,,,replace==nsrrc.org.tw,,,,,,,,,,,,
,https://ror.org/00k5j5c86,,,,,,,,,replace==tokyo-med.ac.jp,,,,,,,,,,,,
,https://ror.org/00k63dq23,,,,,,,,,replace==mmc.edu,,,,,,,,,,,,
,https://ror.org/00k6c4h29,,,,,,,replace==https://www.lnpu.edu.cn/,,replace==lnpu.edu.cn,,,,,,,,,,,,
,https://ror.org/00k7h5c65,,,,,,,,,replace==inin.gob.mx,,,,,,,,,,,,
,https://ror.org/00k8zt527,,,,,,,,,replace==kiit.ac.in,,,,,,,,,,,,
,https://ror.org/00k9x6n46,,,,,,,replace==https://www.izmiran.ru/,,replace==izmiran.ru,,,,,,,,,,,,
,https://ror.org/00ka6rp58,,,,,,,replace==https://www.srrsh.com/,,replace==srrsh.com,,,,,,,,,,,,
,https://ror.org/00kan3777,,,,,,,replace==https://nvbtransfusie.nl/,,replace==nvbtransfusie.nl,,,,,,,,,,,,
,https://ror.org/00kftxm09,,,,,,,replace==https://en.catalysis.ru/,,replace==catalysis.ru,,,,,,,,,,,,
,https://ror.org/00khh5r84,,,,,,,replace==https://www.u-gakugei.ac.jp/,,replace==u-gakugei.ac.jp,,,,,,,,,,,,
,https://ror.org/00kqye711,,,,,,,replace==https://www.upjohn.org/,,replace==upjohn.org,,,,,,,,,,,,
,https://ror.org/00ktqrd38,,,,,,,,,replace==kpu.ac.jp,,,,,,,,,,,,
,https://ror.org/00kv87w35,,,,,,,replace==https://www.inmi.it/,,replace==inmi.it,,,,,,,,,,,,
,https://ror.org/00kv9pj15,,,,,,,replace==https://www.bt.com/about,,replace==bt.com,,,,,,,,,,,,
,https://ror.org/00kwnx126,,,,,,,,,replace==ufpi.br,,,,,,,,,,,,
,https://ror.org/00kz6qq24,,,,,,,replace==https://www.bose.res.in/,,replace==bose.res.in,,,,,,,,,,,,
,https://ror.org/00m1n2078,,,,,,,replace==https://www.cae.com/,,replace==cae.com,,,,,,,,,,,,
,https://ror.org/00m4czf33,,,,,,,replace==http://en.iwhr.com/,,replace==iwhr.com,,,,,,,,,,,,
,https://ror.org/00m4gxn44,,,,,,,replace==https://gmcs.ac.in/,,replace==gmcs.ac.in,,,,,,,,,,,,
,https://ror.org/00m4rwq02,,,,,,,replace==https://cnu.edu/,,replace==cnu.edu,,,,,,,,,,,,
,https://ror.org/00m6w7z96,,,,,,,replace==https://www.nwu.edu.ph/,,replace==nwu.edu.ph,,,,,,,,,,,,
,https://ror.org/00m77t269,,,,,,,,,replace==iik.ac.id,,,,,,,,,,,,
,https://ror.org/00m8prc86,,,,,,,,,replace==telekom.de,,,,,,,,,,,,
,https://ror.org/00m9c2804,,,,,,,replace==https://www.pcom.edu/,,replace==pcom.edu,,,,,,,,,,,,
,https://ror.org/00m9f2x37,,,,,,,replace==https://www.center-for-children.org/,,replace==center-for-children.org,,,,,,,,,,,,
,https://ror.org/00mc5wj35,,,,,,,replace==https://www.mdjmu.cn/,,replace==mdjmu.edu.cn,,,,,,,,,,,,
,https://ror.org/00mc77d93,,,,,,,,,replace==icsmaugeri.it,,,,,,,,,,,,
,https://ror.org/00mczdx43,,,,,,,replace==https://www.unsl.edu.ar/,,replace==unsl.edu.ar,,,,,,,,,,,,
,https://ror.org/00md3qm14,,,,,,,replace==https://www.emi.ac.ma,,replace==emi.ac.ma,,,,,,,,,,,,
,https://ror.org/00md77g41,,,,,,,replace==https://www.operapadrepio.it/,,replace==operapadrepio.it,,,,,,,,,,,,
,https://ror.org/00mfpxb84,,,,,,,replace==https://univ-avignon.fr/,,replace==univ-avignon.fr,,,,,,,,,,,,
,https://ror.org/00mgfdc89,,,,,,,replace==https://www.kbd.hr/,,replace==kbd.hr,,,,,,,,,,,,
,https://ror.org/00mgss748,,,,,,,,,replace==mmm.com,,,,,,,,,,,,
,https://ror.org/00mj9k629,,,,,,,replace==https://www.childrenscolorado.org/,,replace==childrenscolorado.org,,,,,,,,,,,,
,https://ror.org/00mm4ys28,,,,,,,replace==https://www.beu.edu.tr/,,replace==beu.edu.tr,,,,,,,,,,,,
,https://ror.org/00mmfs450,,,,,,,,,replace==universitiesuk.ac.uk,,,,,,,,,,,,
,https://ror.org/00mr84n67,,,,,,,,,replace==thuenen.de,,,,,,,,,,,,
,https://ror.org/00mrjbj15,,,,,,,replace==https://www.fukuyama-u.ac.jp/,,replace==fukuyama-u.ac.jp,,,,,,,,,,,,
,https://ror.org/00ms48f15,,,,,,,,,replace==fmmu.edu.cn,,,,,,,,,,,,
,https://ror.org/00mthsf17,,,,,,,replace==https://www.chu-montpellier.fr/,,replace==chu-montpellier.fr,,,,,,,,,,,,
,https://ror.org/00mtny680,,,,,,,,,replace==psmmc.med.sa,,,,,,,,,,,,
,https://ror.org/00mtrzx11,,,,,,,,,replace==hospitalcayetano.gob.pe,,,,,,,,,,,,
,https://ror.org/00mvp1q86,,,,,,,replace==https://hnbgu.ac.in/,,replace==hnbgu.ac.in,,,,,,,,,,,,
,https://ror.org/00mwhaw71,,,,,,,replace==https://en.mfu.ac.th/,,replace==mfu.ac.th,,,,,,,,,,,,
,https://ror.org/00my0hg66,,,,,,,replace==https://www.barwonhealth.org.au/,,replace==barwonhealth.org.au,,,,,,,,,,,,
,https://ror.org/00my8w381,,,,,,,replace==https://www.carrier.com/,,replace==carrier.com,,,,,,,,,,,,
,https://ror.org/00myn0z94,,,,,,,,,replace==irisa.fr,,,,,,,,,,,,
,https://ror.org/00mzz1w90,,,,,,,,,replace==alexu.edu.eg,,,,,,,,,,,,
,https://ror.org/00n14a494,,,,,,,replace==https://www.kopri.re.kr/,,replace==kopri.re.kr,,,,,,,,,,,,
,https://ror.org/00n1e1p60,,,,,,,replace==https://ocean.ru/,,replace==ocean.ru,,,,,,,,,,,,
,https://ror.org/00n1nz186,,,,,,,replace==https://nrcki.ru/,,replace==nrcki.ru,,,,,,,,,,,,
,https://ror.org/00nagev26,,,,,,,replace==https://vntu.edu.ua/,,replace==vntu.edu.ua,,,,,,,,,,,,
,https://ror.org/00nb39k71,,,,,,,replace==https://www.univ-guyane.fr/,,replace==univ-guyane.fr,,,,,,,,,,,,
,https://ror.org/00ncer064,,,,,,,replace==https://wmc.edu.pk/,,replace==wmc.edu.pk,,,,,,,,,,,,
,https://ror.org/00ndhrx30,,,,,,,,,replace==suezuni.edu.eg,,,,,,,,,,,,
,https://ror.org/00ndx3g44,,,,,,,,,replace==hama-med.ac.jp,,,,,,,,,,,,
,https://ror.org/00nggaz43,,,,,,,replace==https://www.th-nuernberg.de/,,replace==th-nuernberg.de,,,,,,,,,,,,
,https://ror.org/00ngrq502,,,,,,,replace==https://araku.ac.ir/,,replace==araku.ac.ir,,,,,,,,,,,,
,https://ror.org/00ngv8j44,,,,,,,,,replace==itu.edu.pk,,,,,,,,,,,,
,https://ror.org/00nj22y86,,,,,,,replace==https://ipmnet.ru/,,replace==ipmnet.ru,,,,,,,,,,,,
,https://ror.org/00njxm476,,,,,,,,,replace==upaep.mx,,,,,,,,,,,,
,https://ror.org/00nk7p507,,,,,,,replace==https://unri.ac.id/,,replace==unri.ac.id,,,,,,,,,,,,
,https://ror.org/00nqb1v70,,,,,,,replace==https://www.utc.edu/,,replace==utc.edu,,,,,,,,,,,,
,https://ror.org/00nqqvk19,,,,,,,,,replace==comsats.edu.pk,,,,,,,,,,,,
,https://ror.org/00nsyd297,,,,,,,replace==https://www.widener.edu/,,replace==widener.edu,,,,,,,,,,,,
,https://ror.org/00ntrnw83,,,,,,,,,replace==vncdc.gov.vn,,,,,,,,,,,,
,https://ror.org/00nv6q035,,,,,,,replace==https://kmu.edu.pk/,,replace==kmu.edu.pk,,,,,,,,,,,,
,https://ror.org/00nvxt968,,,,,,,replace==https://www.uks.eu/,,replace==uks.eu,,,,,,,,,,,,
,https://ror.org/00nx96f80,,,,,,,,,replace==ihnpan.pl,,,,,,,,,,,,
,https://ror.org/00nzavp26,,,,,,,replace==https://www.himfg.edu.mx/,,replace==himfg.edu.mx,,,,,,,,,,,,
,https://ror.org/00nzsxq20,,,,,,,,,replace==ncbj.gov.pl,,,,,,,,,,,,
,https://ror.org/00p18zw56,,,,,,,replace==https://www.alderhey.nhs.uk/,,replace==alderhey.nhs.uk,,,,,,,,,,,,
,https://ror.org/00p5prq49,,,,,,,replace==https://aims.or.jp/,,replace==aims.or.jp,,,,,,,,,,,,
,https://ror.org/00p8xqj61,,,,,,,replace==https://karpovipc.ru/,,replace==karpovipc.ru,,,,,,,,,,,,
,https://ror.org/00p991c53,,,,,,,,,replace==hust.edu.cn,,,,,,,,,,,,
,https://ror.org/00pb8h375,,,,,,,replace==https://www.bmstu.ru/,,replace==bmstu.ru,,,,,,,,,,,,
,https://ror.org/00pbh0a34,,,,,,,,,replace==britishmuseum.org,,,,,,,,,,,,
,https://ror.org/00pbrnp49,,,,,,,replace==https://www.grandlyon.com/,,replace==grandlyon.com,,,,,,,,,,,,
,https://ror.org/00pcrz470,,,,,,,,,replace==cdutcm.edu.cn,,,,,,,,,,,,
,https://ror.org/00pd74e08,,,,,,,replace==https://www.uni-muenster.de/,,replace==uni-muenster.de,,,,,,,,,,,,
,https://ror.org/00pe0tf51,,,,,,,replace==https://www.fao.org/,,replace==fao.org,,,,,,,,,,,,
,https://ror.org/00pjqzf38,,,,,,,replace==https://www.cgfl.fr/,,replace==cgfl.fr,,,,,,,,,,,,
,https://ror.org/00pm9hx30,,,,,,,replace==https://www.famema.br/,,replace==famema.sp.gov.br,,,,,,,,,,,,
,https://ror.org/00pn44t17,,,,,,,replace==https://www.umayor.cl/,,replace==umayor.cl,,,,,,,,,,,,
,https://ror.org/00pq96s96,,,,,,,,,replace==umassmemorial.org,,,,,,,,,,,,
,https://ror.org/00prkya54,,,,,,,,,replace==dicp.ac.cn,,,,,,,,,,,,
,https://ror.org/00pv45a02,,,,,,,replace==https://www.fh-muenster.de/,,replace==fh-muenster.de,,,,,,,,,,,,
,https://ror.org/00q1fsf04,,,,,,,replace==https://www.unimedizin-mainz.de/,,replace==unimedizin-mainz.de,,,,,,,,,,,,
,https://ror.org/00q2w1j53,,,,,,,replace==https://www.isical.ac.in/,,replace==isical.ac.in,,,,,,,,,,,,
,https://ror.org/00q32j219,,,,,,,replace==https://www.boehringer-ingelheim.com/de/,,replace==boehringer-ingelheim.com,,,,,,,,,,,,
,https://ror.org/00qaa6j11,,,,,,,replace==https://hueuni.edu.vn/,,replace==hueuni.edu.vn,,,,,,,,,,,,
,https://ror.org/00qedmt22,,,,,,,replace==https://www.bau.edu.jo/,,replace==bau.edu.jo,,,,,,,,,,,,
,https://ror.org/00qexeh70,,,,,,,,,replace==midhosp.org,,,,,,,,,,,,
,https://ror.org/00qfnf017,,,,,,,replace==https://www.colpos.mx/,,replace==colpos.mx,,,,,,,,,,,,
,https://ror.org/00qgg7097,,,,,,,,,replace==unma.ac.id,,,,,,,,,,,,
,https://ror.org/00qhg0338,,,,,,,,,replace==iung.pulawy.pl,,,,,,,,,,,,
,https://ror.org/00qjgk605,,,,,,,,,replace==mercubuana.ac.id,,,,,,,,,,,,
,https://ror.org/00qk1f078,,,,,,,replace==https://www.dnu.dp.ua/,,replace==dnu.dp.ua,,,,,,,,,,,,
,https://ror.org/00qm4t918,,,,,,,,,replace==gzmu.edu.cn,,,,,,,,,,,,
,https://ror.org/00qmy9z88,,,,,,,replace==https://hct.ac.ae/,,replace==hct.ac.ae,,,,,,,,,,,,
,https://ror.org/00qpbjw91,,,,,,,replace==https://www.aflglobal.com/,,replace==aflglobal.com,,,,,,,,,,,,
,https://ror.org/00qps9a02,,,,,,,replace==https://www.ingv.it/,,replace==ingv.it,,,,,,,,,,,,
,https://ror.org/00qvx5329,,,,,,,replace==https://doheny.org/,,replace==doheny.org,,,,,,,,,,,,
,https://ror.org/00qwnam72,,,,,,,,,replace==it-chiba.ac.jp,,,,,,,,,,,,
,https://ror.org/00qxr8t08,,,,,,,,,replace==inspection.gc.ca,,,,,,,,,,,,
,https://ror.org/00r0vv945,,,,,,,replace==https://vgltu.ru/,,replace==vgltu.ru,,,,,,,,,,,,
,https://ror.org/00r0xhf81,,,,,,,replace==https://www.put.ac.ir/,,replace==put.ac.ir,,,,,,,,,,,,
,https://ror.org/00r1j9q42,,,,,,,replace==https://www.cityuniversity.ac.bd/,,replace==cityuniversity.ac.bd,,,,,,,,,,,,
,https://ror.org/00r254y42,,,,,,,,,replace==piaggio.com,,,,,,,,,,,,
,https://ror.org/00r6gdp61,,,,,,,,,replace==inifap.gob.mx,,,,,,,,,,,,
,https://ror.org/00ramkd50,,,,,,,,,replace==southernct.edu,,,,,,,,,,,,
,https://ror.org/00rawf147,,,,,,,,,replace==msh-lse.fr,,,,,,,,,,,,
,https://ror.org/00rcvgx40,,,,,,,replace==https://rutgers.international/,,replace==rutgers.nl,,,,,,,,,,,,
,https://ror.org/00rcxh774,,,,,,,replace==https://uni-koeln.de/,,replace==uni-koeln.de,,,,,,,,,,,,
,https://ror.org/00rfn0469,,,,,,,,,replace==tsc.edu.cn,,,,,,,,,,,,
,https://ror.org/00rg70c39,,,,,,,,,replace==policlinicogemelli.it,,,,,,,,,,,,
,https://ror.org/00rghrr56,,,,,,,,,replace==kochi-tech.ac.jp,,,,,,,,,,,,
,https://ror.org/00rnbty21,,,,,,,,,replace==cqc2t.org,,,,,,,,,,,,
,https://ror.org/00rnmt205,,,,,,,replace==https://inran.ne/,,replace==inran.ne,,,,,,,,,,,,
,https://ror.org/00rnw4e09,,,,,,,,,replace==mageewomens.org,,,,,,,,,,,,
,https://ror.org/00rs6vg23,,,,,,,replace==https://www.osu.edu/,,replace==osu.edu,,,,,,,,,,,,
,https://ror.org/00rxpqe74,,,,,,,,,replace==providence.edu,,,,,,,,,,,,
,https://ror.org/00rytkh49,,,,,,,,,replace==sinh.ac.cn,,,,,,,,,,,,
,https://ror.org/00s13br28,,,,,,,,,replace==htu.edu.cn,,,,,,,,,,,,
,https://ror.org/00s1jty20,,,,,,,replace==https://biotechinstitute.org/,,replace==biotechinstitute.org,,,,,,,,,,,,
,https://ror.org/00s1sz824,,,,,,,,,replace==bibdr.org,,,,,,,,,,,,
,https://ror.org/00s2qq515,,,,,,,replace==https://www.dpu.edu.in/,,replace==dpu.edu.in,,,,,,,,,,,,
,https://ror.org/00s409261,,,,,,,replace==https://www.uninsubria.eu/,,replace==uninsubria.it,,,,,,,,,,,,
,https://ror.org/00s6t1f81,,,,,,,replace==https://portale.unipv.it/it,,replace==unipv.it,,,,,,,,,,,,
,https://ror.org/00s9d1a36,,,,,,,,,replace==hnfnu.edu.cn,,,,,,,,,,,,
,https://ror.org/00s9dpb54,,,,,,,replace==https://www.mju.ac.kr/,,replace==mju.ac.kr,,,,,,,,,,,,
,https://ror.org/00s9pac36,,,,,,,replace==https://www.mayinstitute.org/,,replace==mayinstitute.org,,,,,,,,,,,,
,https://ror.org/00saanr69,,,,,,,,,replace==univsul.edu.iq,,,,,,,,,,,,
,https://ror.org/00saywf64,,,,,,,replace==https://eng.gnu.ac.kr/,,replace==gnu.ac.kr,,,,,,,,,,,,
,https://ror.org/00sb1nr29,,,,,,,,,replace==iau-tnb.ac.ir,,,,,,,,,,,,
,https://ror.org/00scwqd12,,,,,,,replace==https://www.mst.edu/,,replace==mst.edu,,,,,,,,,,,,
,https://ror.org/00sde4n60,,,,,,,,,replace==umm.edu,,,,,,,,,,,,
,https://ror.org/00se2k293,,,,,,,replace==https://www.nycu.edu.tw/,,replace==nycu.edu.tw,,,,,,,,,,,,
,https://ror.org/00sec1m50,,,,,,,,,replace==uece.br,,,,,,,,,,,,
,https://ror.org/00sefv038,,,,,,,,,replace==umn.ac.id,,,,,,,,,,,,
,https://ror.org/00sekdz59,,,,,,,replace==https://www.simonsfoundation.org/flatiron/,,replace==flatironinstitute.org,,,,,,,,,,,,
,https://ror.org/00semp387,,,,,,,replace==https://www.murphyoilcorp.com/,,replace==murphyoilcorp.com,,,,,,,,,,,,
,https://ror.org/00sfmx060,,,,,,,replace==https://www.pucsp.br/,,replace==pucsp.br,,,,,,,,,,,,
,https://ror.org/00sge8677,,,,,,,,,replace==bracu.ac.bd,,,,,,,,,,,,
,https://ror.org/00sh19a92,,,,,,,replace==https://www.eoc.ch/,,replace==eoc.ch,,,,,,,,,,,,
,https://ror.org/00shsf120,,,,,,,replace==https://www.nui.ie/,,replace==nui.ie,,,,,,,,,,,,
,https://ror.org/00shv0x82,,,,,,,replace==https://www.drfz.de/,,replace==drfz.de,,,,,,,,,,,,
,https://ror.org/00ssp9h11,,,,,,,replace==https://www.amu.edu.et/,,replace==amu.edu.et,,,,,,,,,,,,
,https://ror.org/00ssvzv66,,,,,,,,,replace==kahedu.edu.in,,,,,,,,,,,,
,https://ror.org/00ssy9q55,,,,,,,,,replace==lam.fr,,,,,,,,,,,,
,https://ror.org/00strmv13,,,,,,,,,replace==queensuniversity.edu.bd,,,,,,,,,,,,
,https://ror.org/00sx0cd23,,,,,,,replace==https://www.ib.edu.ar/,,replace==ib.edu.ar,,,,,,,,,,,,
,https://ror.org/00sxjp357,,,,,,,,,replace==innovationengineering.eu,,,,,,,,,,,,
,https://ror.org/00t33hh48,,,,,,,replace==https://www.cuhk.edu.hk/,,replace==cuhk.edu.hk,,,,,,,,,,,,
,https://ror.org/00t3fpp34,,,,,,,,,replace==limos.fr,,,,,,,,,,,,
,https://ror.org/00t3r8h32,,,,,,,replace==https://www.uni-luebeck.de/,,replace==uni-luebeck.de,,,,,,,,,,,,
,https://ror.org/00t4db855,,,,,,,replace==https://www.alstom.com/,,replace==alstomgroup.com,,,,,,,,,,,,
,https://ror.org/00t60zh31,,,,,,,,,replace==kp.org,,,,,,,,,,,,
,https://ror.org/00t7r5h51,,,,,,,replace==https://centerforautism.com/,,replace==centerforautism.com,,,,,,,,,,,,
,https://ror.org/00t8bew53,,,,,,,replace==https://ionis.com/,,replace==ionis.com,,,,,,,,,,,,
,https://ror.org/00t8xfq63,,,,,,,,,replace==cecs.cl,,,,,,,,,,,,
,https://ror.org/00tas1680,,,,,,,,,replace==uisu.ac.id,,,,,,,,,,,,
,https://ror.org/00tcmr651,,,,,,,replace==https://www.kmc.edu.np/,,replace==kmc.edu.np,,,,,,,,,,,,
,https://ror.org/00te64c61,,,,,,,replace==https://tuiuti.edu.br/,,replace==utp.br,,,,,,,,,,,,
,https://ror.org/00tjv0s33,,,,,,,replace==https://www.kmu.ac.kr/,,replace==kmu.ac.kr,,,,,,,,,,,,
,https://ror.org/00tnac320,,,,,,,replace==https://www.univ-tebessa.dz/,,replace==univ-tebessa.dz,,,,,,,,,,,,
,https://ror.org/00tnfjj44,,,,,,,replace==https://apolitecnica.ac.mz/,,replace==grupopolitecnico.co.mz,,,,,,,,,,,,
,https://ror.org/00tpdkh38,,,,,,,,,replace==ross.org,,,,,,,,,,,,
,https://ror.org/00tt5kf04,,,,,,,,,replace==umng.cg,,,,,,,,,,,,
,https://ror.org/00txxwv34,,,,,,,replace==https://www.agropolis.fr/,,replace==agropolis.fr,,,,,,,,,,,,
,https://ror.org/00v0z9322,,,,,,,,,replace==mipt.ru,,,,,,,,,,,,
,https://ror.org/00v29jp57,,,,,,,,,replace==unsam.edu.ar,,,,,,,,,,,,
,https://ror.org/00v3ak792,,,,,,,replace==https://udallas.edu/,,replace==udallas.edu,,,,,,,,,,,,
,https://ror.org/00v3tjq70,,,,,,,,,replace==dairy.org,,,,,,,,,,,,
,https://ror.org/00v47pv90,,,,,,,replace==https://baptisthealth.net/,,replace==baptisthealth.net,,,,,,,,,,,,
,https://ror.org/00v4yb702,,,,,,,replace==https://www.rit.edu/,,replace==rit.edu,,,,,,,,,,,,
,https://ror.org/00v6s9648,,,,,,,replace==https://www.worcester.ac.uk/,,replace==worc.ac.uk,,,,,,,,,,,,
,https://ror.org/00v807439,,,,,,,,,replace==tri.edu.au,,,,,,,,,,,,
,https://ror.org/00v81k483,,,,,,,replace==https://eng.mokpo.ac.kr/,,replace==mnu.ac.kr,,,,,,,,,,,,
,https://ror.org/00v8fdc16,,,,,,,,,replace==uaq.mx,,,,,,,,,,,,
,https://ror.org/00var5q80,,,,,,,,,replace==agu.org,,,,,,,,,,,,
,https://ror.org/00vb9c215,,,,,,,,,replace==ubm.ac.id,,,,,,,,,,,,
,https://ror.org/00vbvha87,,,,,,,,,replace==phe.gov.uk,,,,,,,,,,,,
,https://ror.org/00vdyrj80,,,,,,,,,replace==hnagri.org.cn,,,,,,,,,,,,
,https://ror.org/00vkrxq08,,,,,,,replace==https://www.ummc.edu.my/,,replace==ummc.edu.my,,,,,,,,,,,,
,https://ror.org/00vn06n10,,,,,,,,,replace==simula.no,,,,,,,,,,,,
,https://ror.org/00vnaf984,,,,,,,,,replace==snau.edu.ua,,,,,,,,,,,,
,https://ror.org/00vp5ry21,,,,,,,,,replace==irshums.ac.ir,,,,,,,,,,,,
,https://ror.org/00vpwhm04,,,,,,,,,replace==ion.ac.cn,,,,,,,,,,,,
,https://ror.org/00vqyrr20,,,,,,,,,replace==npi-tu.ru,,,,,,,,,,,,
,https://ror.org/00vr49948,,,,,,,,,replace==lamolina.edu.pe,,,,,,,,,,,,
,https://ror.org/00vsbee25,,,,,,,,,replace==jkb-online.de,,,,,,,,,,,,
,https://ror.org/00vtgdb53,,,,,,,replace==https://www.gla.ac.uk/,,replace==gla.ac.uk,,,,,,,,,,,,
,https://ror.org/00vvvt117,,,,,,,replace==https://e.sookmyung.ac.kr/,,replace==sookmyung.ac.kr,,,,,,,,,,,,
,https://ror.org/00vxe3x87,,,,,,,replace==https://sternwarte.de/,,replace==sternwarte.de,,,,,,,,,,,,
,https://ror.org/00vyyx863,,,,,,,,,replace==easternhealth.org.au,,,,,,,,,,,,
,https://ror.org/00w0k4e67,,,,,,,replace==https://www.tamug.edu/,,replace==tamug.edu,,,,,,,,,,,,
,https://ror.org/00w0qep84,,,,,,,,,replace==iim.ac.cn,,,,,,,,,,,,
,https://ror.org/00w3hap50,,,,,,,,,replace==ichtj.waw.pl,,,,,,,,,,,,
,https://ror.org/00w4knw64,,,,,,,replace==https://ww1.fundecto.com.br/,,replace==fundecto.com.br,,,,,,,,,,,,
,https://ror.org/00w6g5w60,,,,,,,,,replace==coh.org,,,,,,,,,,,,
,https://ror.org/00w7bj245,,,,,,,replace==https://www.cespu.pt/,,replace==cespu.pt,,,,,,,,,,,,
,https://ror.org/00w7etd19,,,,,,,,,replace==independentdance.co.uk,,,,,,,,,,,,
,https://ror.org/00w7whj55,,,,,,,,,replace==bht-berlin.de,,,,,,,,,,,,
,https://ror.org/00w9a2z18,,,,,,,,,replace==jiwaji.edu,,,,,,,,,,,,
,https://ror.org/00wbge811,,,,,,,,,replace==ufn.edu.br,,,,,,,,,,,,
,https://ror.org/00wbskb04,,,,,,,replace==https://www.txbiomed.org/,,replace==txbiomed.org,,,,,,,,,,,,
,https://ror.org/00wc07928,,,,,,,replace==https://univ-lome.tg/,,replace==univ-lome.tg,,,,,,,,,,,,
,https://ror.org/00wdsp051,,,,,,,replace==https://www.chil.org.za/,,replace==hcrisa.org.za,,,,,,,,,,,,
,https://ror.org/00we1gw23,,,,,,,replace==https://www.mindeducation.org/,,replace==mindeducation.org,,,,,,,,,,,,
,https://ror.org/00wek6x04,,,,,,,replace==https://www.uprm.edu/,,replace==uprm.edu,,,,,,,,,,,,
,https://ror.org/00wfvh315,,,,,,,,,replace==csu.edu.au,,,,,,,,,,,,
,https://ror.org/00whzh260,,,,,,,,,replace==wilsoncenter.org,,,,,,,,,,,,
,https://ror.org/00wk3s644,,,,,,,replace==https://www.kedge.edu,,replace==kedgebs.com,,,,,,,,,,,,
,https://ror.org/00wm07d60,,,,,,,replace==https://www.vai.org/,,replace==vai.org,,,,,,,,,,,,
,https://ror.org/00wm3b005,,,,,,,,,replace==st.com,,,,,,,,,,,,
,https://ror.org/00wm7p047,,,,,,,,,replace==my-pharm.ac.jp,,,,,,,,,,,,
,https://ror.org/00wqczk30,,,,,,,,,replace==pasteur.ac.ir,,,,,,,,,,,,
,https://ror.org/00wqdbc63,,,,,,,,,replace==digital.wa.gov.au,,,,,,,,,,,,
,https://ror.org/00wry3a77,,,,,,,,,replace==physiotherapy.org.nz,,,,,,,,,,,,
,https://ror.org/00wt7xg39,,,,,,,,,replace==westat.com,,,,,,,,,,,,
,https://ror.org/00wzjq897,,,,,,,replace==https://www.azabu-u.ac.jp/,,replace==azabu-u.ac.jp,,,,,,,,,,,,
,https://ror.org/00x0ma614,,,,,,,,,replace==capes.gov.br,,,,,,,,,,,,
,https://ror.org/00x514t95,,,,,,,,,replace==hanbat.ac.kr,,,,,,,,,,,,
,https://ror.org/00x5je630,,,,,,,,,replace==donstu.ru,,,,,,,,,,,,
,https://ror.org/00x8ccz20,,,,,,,replace==https://www.uwlax.edu/,,replace==uwlax.edu,,,,,,,,,,,,
,https://ror.org/00xddhq60,,,,,,,replace==https://www.ammanu.edu.jo/,,replace==ammanu.edu.jo,,,,,,,,,,,,
,https://ror.org/00xdg8m59,,,,,,,,,replace==bell.ca,,,,,,,,,,,,
,https://ror.org/00xdn8y92,,,,,,,replace==https://punjabiuniversity.ac.in/,,replace==pbi.ac.in,,,,,,,,,,,,
,https://ror.org/00xdnjz02,,,,,,,,,replace==fvl.org.co,,,,,,,,,,,,
,https://ror.org/00xe6p546,,,,,,,replace==https://www.univ-guelma.dz/,,replace==univ-guelma.dz,,,,,,,,,,,,
,https://ror.org/00xfvkq36,,,,,,,,,replace==donnu.edu.ua,,,,,,,,,,,,
,https://ror.org/00xgvev73,,,,,,,replace==https://www.incmnsz.mx/,,replace==incmnsz.mx,,,,,,,,,,,,
,https://ror.org/00xh8va68,,,,,,,replace==https://svu.edu.in/,,replace==svu.edu.in,,,,,,,,,,,,
,https://ror.org/00xhj8c72,,,,,,,replace==https://www.lmu.edu/,,replace==lmu.edu,,,,,,,,,,,,
,https://ror.org/00xmkp704,,,,,,,replace==https://www.uzgent.be/,,replace==uzgent.be,,,,,,,,,,,,
,https://ror.org/00xqebk56,,,,,,,,,replace==wlac.edu,,,,,,,,,,,,
,https://ror.org/00xqf8t64,,,,,,,,,replace==unpad.ac.id,,,,,,,,,,,,
,https://ror.org/00xwgyp12,,,,,,,,,replace==ufrrj.br,,,,,,,,,,,,
,https://ror.org/00xyeez13,,,,,,,,,replace==kust.edu.cn,,,,,,,,,,,,
,https://ror.org/00y1ekh28,,,,,,,replace==https://www.uew.edu.gh/,,replace==uew.edu.gh,,,,,,,,,,,,
,https://ror.org/00y2dy597,,,,,,,,,replace==muq.ac.ir,,,,,,,,,,,,
,https://ror.org/00y4zzh67,,,,,,,replace==https://www.gwu.edu/,,replace==gwu.edu,,,,,,,,,,,,
,https://ror.org/00y7snj24,,,,,,,,,replace==northwestu.edu,,,,,,,,,,,,
,https://ror.org/00y81cg83,,,,,,,,,replace==homeoffice.gov.uk,,,,,,,,,,,,
,https://ror.org/00yfpz909,,,,,,,,,replace==rochesterregional.org,,,,,,,,,,,,
,https://ror.org/00yg0kc17,,,,,,,replace==https://acaoeducativa.org.br/,,replace==acaoeducativa.org.br,,,,,,,,,,,,
,https://ror.org/00yhnba62,,,,,,,replace==https://www.qu.edu.qa/,,replace==qu.edu.qa,,,,,,,,,,,,
,https://ror.org/00ykac431,,,,,,,,,replace==ictmumbai.edu.in,,,,,,,,,,,,
,https://ror.org/00ykgmf04,,,,,,,replace==https://www.thecounselingcenter.org/,,replace==thecounselingcenter.org,,,,,,,,,,,,
,https://ror.org/00yksxf10,,,,,,,replace==https://www.emoryhealthcare.org/,,replace==emoryhealthcare.org,,,,,,,,,,,,
,https://ror.org/00ynnr806,,,,,,,,,replace==kew.org,,,,,,,,,,,,
,https://ror.org/00yqvtm78,,,,,,,,,replace==shahroodut.ac.ir,,,,,,,,,,,,
,https://ror.org/00yssnc44,,,,,,,replace==https://www.pei.de/,,replace==pei.de,,,,,,,,,,,,
,https://ror.org/00yv9a247,,,,,,,replace==https://www.kunaicho.go.jp/,,replace==kunaicho.go.jp,,,,,,,,,,,,
,https://ror.org/00z27jk27,,,,,,,replace==https://www.shutcm.edu.cn/,,replace==shutcm.edu.cn,,,,,,,,,,,,
,https://ror.org/00z3td547,,,,,,,,,replace==nwu.edu.cn,,,,,,,,,,,,
,https://ror.org/00z3yke57,,,,,,,replace==https://en.cae.cn/,,replace==cae.cn,,,,,,,,,,,,
,https://ror.org/00z65ng94,,,,,,,,,replace==itp.ac.ru,,,,,,,,,,,,
,https://ror.org/00za53h95,,,,,,,,,replace==jhu.edu,,,,,,,,,,,,
,https://ror.org/00zat6v61,,,,,,,replace==https://www.gzhmu.edu.cn/,,replace==gzhmu.edu.cn,,,,,,,,,,,,
,https://ror.org/00zb26x20,,,,,,,,,replace==usue.ru,,,,,,,,,,,,
,https://ror.org/00zbj9525,,,,,,,replace==https://www.learningplanetinstitute.org/,,replace==learningplanetinstitute.org,,,,,,,,,,,,
,https://ror.org/00zca7903,,,,,,,,,replace==ciberned.es,,,,,,,,,,,,
,https://ror.org/00zhvdn11,,,,,,,replace==https://www.thu.edu.tw/,,replace==thu.edu.tw,,,,,,,,,,,,
,https://ror.org/00znex860,,,,,,,,,replace==usna.edu,,,,,,,,,,,,
,https://ror.org/00znvbk37,,,,,,,replace==https://www.nhls.ac.za/,,replace==nhls.ac.za,,,,,,,,,,,,
,https://ror.org/00zqaxa34,,,,,,,,,replace==neepu.edu.cn,,,,,,,,,,,,
,https://ror.org/00zqddg96,,,,,,,,,replace==g-sanden.com,,,,,,,,,,,,
,https://ror.org/00zv91802,,,,,,,replace==https://www.saic.com/,,replace==saic.com,,,,,,,,,,,,
,https://ror.org/00zxz8845,,,,,,,,,replace==nuph.edu.ua,,,,,,,,,,,,
,https://ror.org/00zyh6d22,,,,,,,,,replace==hsu.ac.ir,,,,,,,,,,,,
,https://ror.org/00zz2cd87,,,,,,,,,replace==kannuruniv.ac.in,,,,,,,,,,,,
,https://ror.org/0101zye71,,,,,,,replace==https://www.ibge.gov.br/,,replace==ibge.gov.br,,,,,,,,,,,,
,https://ror.org/0104w4x66,,,,,,,replace==https://iifrf.ru/,,replace==iifrf.ru,,,,,,,,,,,,
,https://ror.org/010567a58,,,,,,,,,replace==chu-amiens.fr,,,,,,,,,,,,
,https://ror.org/01056ge55,,,,,,,replace==https://www.canisius.edu/,,replace==canisius.edu,,,,,,,,,,,,
,https://ror.org/0107t3e14,,,,,,,,,replace==akronchildrens.org,,,,,,,,,,,,
,https://ror.org/0107w4315,,,,,,,,,replace==uchealth.org,,,,,,,,,,,,
,https://ror.org/010842375,,,,,,,,,replace==tmc.gov.in,,,,,,,,,,,,
,https://ror.org/0108gdg43,,,,,,,replace==https://www.sriramachandra.edu.in/,,replace==sriramachandra.edu.in,,,,,,,,,,,,
,https://ror.org/010b9wj87,,,,,,,,,replace==bmc.org,,,,,,,,,,,,
,https://ror.org/010bgev76,,,,,,,replace==https://floridacollege.edu/,,replace==floridacollege.edu,,,,,,,,,,,,
,https://ror.org/010brsj79,,,,,,,replace==https://www.qbisci.com/,,replace==qbisci.com,,,,,,,,,,,,
,https://ror.org/010e8pt90,,,,,,,replace==https://www.adnoc.ae/,,replace==adnoc.ae,,,,,,,,,,,,
,https://ror.org/010gbda42,,,,,,,,,replace==gmch.gov.in,,,,,,,,,,,,
,https://ror.org/010gckf65,,,,,,,replace==https://www.smu.edu.in/,,replace==smu.edu.in,,,,,,,,,,,,
,https://ror.org/010gvqg61,,,,,,,,,replace==museu-goeldi.br,,,,,,,,,,,,
,https://ror.org/010gxg263,,,,,,,replace==https://reseau.uquebec.ca/,,replace==uquebec.ca,,,,,,,,,,,,
,https://ror.org/010hq5p48,,,,,,,replace==https://www.sacrocuore.it/,,replace==sacrocuore.it,,,,,,,,,,,,
,https://ror.org/010hz0g26,,,,,,,replace==https://www.jichi.ac.jp/,,replace==jichi.ac.jp,,,,,,,,,,,,
,https://ror.org/010jn4k46,,,,,,,,,replace==ipms.kyiv.ua,,,,,,,,,,,,
,https://ror.org/010jskt71,,,,,,,replace==https://erau.edu/,,replace==erau.edu,,,,,,,,,,,,
,https://ror.org/010n0x685,,,,,,,replace==https://www.uce.edu.ec/,,replace==uce.edu.ec,,,,,,,,,,,,
,https://ror.org/010n41y16,,,,,,,replace==https://semo.edu/,,replace==semo.edu,,,,,,,,,,,,
,https://ror.org/010npae67,,,,,,,,,replace==lincolnsinn.org.uk,,,,,,,,,,,,
,https://ror.org/010nsgg66,,,,,,,,,replace==tu-braunschweig.de,,,,,,,,,,,,
,https://ror.org/010pmpe69,,,,,,,replace==https://msu.ru/en/,,replace==msu.ru,,,,,,,,,,,,
,https://ror.org/010pmyd80,,,,,,,,,replace==jsmu.edu.pk,,,,,,,,,,,,
,https://ror.org/010qwhr53,,,,,,,replace==https://www.klinikum-nuernberg.de/,,replace==klinikum-nuernberg.de,,,,,,,,,,,,
,https://ror.org/010r9dy59,,,,,,,replace==https://www.uautonoma.cl/,,replace==uautonoma.cl,,,,,,,,,,,,
,https://ror.org/010s54n03,,,,,,,,,replace==fmp-berlin.de,,,,,,,,,,,,
,https://ror.org/010zs2155,,,,,,,replace==https://www.klabcorp.com/,,replace==klabcorp.com,,,,,,,,,,,,
,https://ror.org/0110at529,,,,,,,replace==https://onmedu.edu.ua,,replace==onmedu.edu.ua,,,,,,,,,,,,
,https://ror.org/0110d9x36,,,,,,,,,replace==kbsu.ru,,,,,,,,,,,,
,https://ror.org/0111cp837,,,,,,,replace==https://www.ibspan.waw.pl/,,replace==ibspan.waw.pl,,,,,,,,,,,,
,https://ror.org/0111f7045,,,,,,,,,replace==ippcaas.cn,,,,,,,,,,,,
,https://ror.org/01136x372,,,,,,,replace==https://www.inp.uz/,,replace==inp.uz,,,,,,,,,,,,
,https://ror.org/011647w73,,,,,,,replace==https://nuu.uz/,,replace==nuu.uz,,,,,,,,,,,,
,https://ror.org/0116vew40,,,,,,,,,replace==fisabio.es,,,,,,,,,,,,
,https://ror.org/0116zj450,,,,,,,replace==https://www.ui.ac.id/,,replace==ui.ac.id,,,,,,,,,,,,
,https://ror.org/01173vs27,,,,,,,replace==https://cu.ac.bd/,,replace==cu.ac.bd,,,,,,,,,,,,
,https://ror.org/0119pby33,,,,,,,,,replace==ciberes.org,,,,,,,,,,,,
,https://ror.org/011apjk30,,,,,,,replace==https://www.chu-brugmann.be/,,replace==chu-brugmann.be,,,,,,,,,,,,
,https://ror.org/011at3t25,,,,,,,,,replace==unier.it,,,,,,,,,,,,
,https://ror.org/011bdtx65,,,,,,,replace==https://www.csu.edu.tw/,,replace==csu.edu.tw,,,,,,,,,,,,
,https://ror.org/011bqgx84,,,,,,,,,replace==ut.edu.co,,,,,,,,,,,,
,https://ror.org/011bspp78,,,,,,,replace==https://www.behavioralpharma.com/,,replace==behavioralpharma.com,,,,,,,,,,,,
,https://ror.org/011d8sm39,,,,,,,replace==https://www.ccsu.cn/,,replace==ccsu.edu.cn,,,,,,,,,,,,
,https://ror.org/011hfx640,,,,,,,replace==https://centerforpolicyresearch.org/,,replace==centerforpolicyresearch.org,,,,,,,,,,,,
,https://ror.org/011kf5r70,,,,,,,,,replace==nhmrc.gov.au,,,,,,,,,,,,
,https://ror.org/011pv9p44,,,,,,,replace==https://kast.com/,,replace==kast.com,,,,,,,,,,,,
,https://ror.org/011r6gp69,,,,,,,,,replace==univ-alger.dz,,,,,,,,,,,,
,https://ror.org/011y7xt38,,,,,,,replace==https://karatekin.edu.tr/,,replace==karatekin.edu.tr,,,,,,,,,,,,
,https://ror.org/0121en785,,,,,,,replace==https://prefeitura.sp.gov.br/,,replace==prefeitura.sp.gov.br,,,,,,,,,,,,
,https://ror.org/01226dv09,,,,,,,,,replace==ukr.de,,,,,,,,,,,,
,https://ror.org/0124gwh94,,,,,,,replace==https://www.agresearch.co.nz/,,replace==agresearch.co.nz,,,,,,,,,,,,
,https://ror.org/0126z4b94,,,,,,,,,replace==acecr.ac.ir,,,,,,,,,,,,
,https://ror.org/0127ytz78,,,,,,,replace==https://www.aqnu.edu.cn/,,replace==aqnu.edu.cn,,,,,,,,,,,,
,https://ror.org/012a85e51,,,,,,,replace==https://www.wsei.pl/,,replace==wsei.pl,,,,,,,,,,,,
,https://ror.org/012ang229,,,,,,,replace==https://www.gov.br/int,,replace==int.gov.br,,,,,,,,,,,,
,https://ror.org/012bxv356,,,,,,,,,replace==uni-mysore.ac.in,,,,,,,,,,,,
,https://ror.org/012bzsw43,,,,,,,replace==https://www.sdu.dk/da/sif,,replace==si-folkesundhed.dk,,,,,,,,,,,,
,https://ror.org/012cvds63,,,,,,,,,replace==leidos.com,,,,,,,,,,,,
,https://ror.org/012dxyr07,,,,,,,replace==https://urk.edu.pl/,,replace==urk.edu.pl,,,,,,,,,,,,
,https://ror.org/012gg9483,,,,,,,,,replace==unicid.edu.br,,,,,,,,,,,,
,https://ror.org/012nfwd22,,,,,,,,,replace==kfu.edu.cn,,,,,,,,,,,,
,https://ror.org/012npkr10,,,,,,,replace==https://stjosephstechnology.ac.in/,,replace==stjosephstechnology.ac.in,,,,,,,,,,,,
,https://ror.org/012rct222,,,,,,,,,replace==ciomp.ac.cn,,,,,,,,,,,,
,https://ror.org/012tb2g32,,,,,,,replace==https://www.tju.edu.cn/,,replace==tju.edu.cn,,,,,,,,,,,,
,https://ror.org/012xdha97,,,,,,,,,replace==uom.edu.pk,,,,,,,,,,,,
,https://ror.org/012xks909,,,,,,,replace==https://www.eku.edu/,,replace==eku.edu,,,,,,,,,,,,
,https://ror.org/0130jk839,,,,,,,replace==https://www.uhhospitals.org/,,replace==uhhospitals.org,,,,,,,,,,,,
,https://ror.org/01337pb37,,,,,,,,,replace==mtc.edu.eg,,,,,,,,,,,,
,https://ror.org/0135d1r83,,,,,,,replace==https://www.yokohama-cu.ac.jp/,,replace==yokohama-cu.ac.jp,,,,,,,,,,,,
,https://ror.org/0136vj189,,,,,,,replace==https://www.powergrid.in,,replace==powergrid.in,,,,,,,,,,,,
,https://ror.org/0137n4m74,,,,,,,replace==https://www.tuskegee.edu/,,replace==tuskegee.edu,,,,,,,,,,,,
,https://ror.org/013848a06,,,,,,,replace==https://www.sif-fisioterapia.it/,,replace==sif-fisioterapia.it,,,,,,,,,,,,
,https://ror.org/0139j4p80,,,,,,,,,replace==ahtcm.edu.cn,,,,,,,,,,,,
,https://ror.org/013by2m91,,,,,,,replace==https://www.synopsys.com/,,replace==synopsys.com,,,,,,,,,,,,
,https://ror.org/013cdqc34,,,,,,,replace==https://alzahra.ac.ir/English/,,replace==alzahra.ac.ir,,,,,,,,,,,,
,https://ror.org/013cjyk83,,,,,,,,,replace==psl.eu,,,,,,,,,,,,
,https://ror.org/013e0zm98,,,,,,,,,replace==btbu.edu.cn,,,,,,,,,,,,
,https://ror.org/013grne12,,,,,,,,,replace==ics.ac.uk,,,,,,,,,,,,
,https://ror.org/013j2zh96,,,,,,,replace==https://iciq.org/,,replace==iciq.es,,,,,,,,,,,,
,https://ror.org/013jjp941,,,,,,,replace==https://www.beihua.edu.cn/,,replace==beihua.edu.cn,,,,,,,,,,,,
,https://ror.org/013m0ej23,,,,,,,replace==https://perimeterinstitute.ca/,,replace==perimeterinstitute.ca,,,,,,,,,,,,
,https://ror.org/013msgt25,,,,,,,replace==https://www.ge.com/,,replace==ge.com,,,,,,,,,,,,
,https://ror.org/013nat269,,,,,,,,,replace==syke.fi,,,,,,,,,,,,
,https://ror.org/013pk4y14,,,,,,,replace==https://kazangmu.ru/,,replace==kazangmu.ru,,,,,,,,,,,,
,https://ror.org/013pz1582,,,,,,,replace==https://www.lclark.edu/,,replace==lclark.edu,,,,,,,,,,,,
,https://ror.org/013qfkw58,,,,,,,replace==https://www.mmumullana.org/,,replace==mmumullana.org,,,,,,,,,,,,
,https://ror.org/013vzz882,,,,,,,replace==https://www.apollohospitals.com/delhi,,replace==apollohospitalsdelhi.com,,,,,,,,,,,,
,https://ror.org/013wkc921,,,,,,,,,replace==irst.emr.it,,,,,,,,,,,,
,https://ror.org/013xpqh61,,,,,,,,,replace==mtu.ie,,,,,,,,,,,,
,https://ror.org/013z3yn41,,,,,,,replace==https://www.atu.edu.tr/,,replace==atu.edu.tr,,,,,,,,,,,,
,https://ror.org/013zjb662,,,,,,,replace==https://www.nuk.edu.tw/,,replace==nuk.edu.tw,,,,,,,,,,,,
,https://ror.org/01435q086,,,,,,,,,replace==fhalcorcon.es,,,,,,,,,,,,
,https://ror.org/0144s0951,,,,,,,,,replace==zjcc.org.cn,,,,,,,,,,,,
,https://ror.org/01460j859,,,,,,,,,replace==upv.es,,,,,,,,,,,,
,https://ror.org/014837179,,,,,,,,,replace==iscte.pt,,,,,,,,,,,,
,https://ror.org/0149jvn88,,,,,,,replace==https://www.ksau-hs.edu.sa/,,replace==ksau-hs.edu.sa,,,,,,,,,,,,
,https://ror.org/014cjmc76,,,,,,,,,replace==swinburne.edu.my,,,,,,,,,,,,
,https://ror.org/014cke235,,,,,,,replace==https://dlu.edu.vn/,,replace==dlu.edu.vn,,,,,,,,,,,,
,https://ror.org/014er3x17,,,,,,,,,replace==ipp.ca,,,,,,,,,,,,
,https://ror.org/014f77s28,,,,,,,replace==https://www.chgh.org.tw,,replace==chgh.org.tw,,,,,,,,,,,,
,https://ror.org/014hxhm89,,,,,,,,,replace==iuct-oncopole.fr,,,,,,,,,,,,
,https://ror.org/014ja3n03,,,,,,,replace==https://www.uhb.nhs.uk/,,replace==uhb.nhs.uk,,,,,,,,,,,,
,https://ror.org/014n3ck53,,,,,,,replace==https://www.hudson.org/,,replace==hudson.org,,,,,,,,,,,,
,https://ror.org/014nnvj65,,,,,,,replace==https://www.th-koeln.de/,,replace==th-koeln.de,,,,,,,,,,,,
,https://ror.org/014rks409,,,,,,,,,replace==finuni.fi,,,,,,,,,,,,
,https://ror.org/014rqt829,,,,,,,replace==https://www.rakuno.ac.jp/,,replace==rakuno.ac.jp,,,,,,,,,,,,
,https://ror.org/014vqg108,,,,,,,,,replace==ipaustralia.gov.au,,,,,,,,,,,,
,https://ror.org/014xqzt56,,,,,,,replace==https://en.brmh.org/,,replace==brmh.org,,,,,,,,,,,,
,https://ror.org/014zrew76,,,,,,,,,replace==univ-orleans.fr,,,,,,,,,,,,
,https://ror.org/014zxe029,,,,,,,,,replace==cide.edu,,,,,,,,,,,,
,https://ror.org/0151gh112,,,,,,,,,replace==iaurasht.ac.ir,,,,,,,,,,,,
,https://ror.org/0152e2z91,,,,,,,,,replace==unig.br,,,,,,,,,,,,
,https://ror.org/0152zzg30,,,,,,,replace==https://www.aufe.edu.cn/,,replace==aufe.edu.cn,,,,,,,,,,,,
,https://ror.org/0153ngy95,,,,,,,replace==https://southernresearch.org/,,replace==southernresearch.org,,,,,,,,,,,,
,https://ror.org/01545pm61,,,,,,,,,replace==analog.com,,,,,,,,,,,,
,https://ror.org/015566d55,,,,,,,,,replace==uajk.edu.pk,,,,,,,,,,,,
,https://ror.org/0156rhd17,,,,,,,,,replace==wzhealth.com,,,,,,,,,,,,
,https://ror.org/01575p865,,,,,,,,,replace==crab.org,,,,,,,,,,,,
,https://ror.org/0157ce014,,,,,,,,,replace==auralyon.fr,,,,,,,,,,,,
,https://ror.org/0157vkf66,,,,,,,replace==https://www.rguhs.ac.in/,,replace==rguhs.ac.in,,,,,,,,,,,,
,https://ror.org/015803449,,,,,,,replace==https://slam.nhs.uk/,,replace==slam.nhs.uk,,,,,,,,,,,,
,https://ror.org/01585b035,,,,,,,,,replace==uel.br,,,,,,,,,,,,
,https://ror.org/01597g643,,,,,,,replace==https://ww1.oswego.edu/,,replace==oswego.edu,,,,,,,,,,,,
,https://ror.org/015ah0c92,,,,,,,,,replace==nice.org.uk,,,,,,,,,,,,
,https://ror.org/015ahgd08,,,,,,,,,replace==brescia.edu,,,,,,,,,,,,
,https://ror.org/015bdn754,,,,,,,replace==https://www.hanaleiwatershedhui.org/,,replace==hanaleiwatershedhui.org,,,,,,,,,,,,
,https://ror.org/015dhe595,,,,,,,replace==https://mau.edu.ng/,,replace==mau.edu.ng,,,,,,,,,,,,
,https://ror.org/015dhy417,,,,,,,,,replace==ltu.ac.kr,,,,,,,,,,,,
,https://ror.org/015h5sy57,,,,,,,replace==https://www.jkuat.ac.ke/,,replace==jkuat.ac.ke,,,,,,,,,,,,
,https://ror.org/015j7c446,,,,,,,replace==https://iaun.iau.ir,,replace==iaun.ac.ir,,,,,,,,,,,,
,https://ror.org/015jj1011,,,,,,,,,replace==interieur.gouv.fr,,,,,,,,,,,,
,https://ror.org/015jn0h55,,,,,,,,,replace==vetenskapallmanhet.se,,,,,,,,,,,,
,https://ror.org/015k56t61,,,,,,,,,replace==unitri.ac.id,,,,,,,,,,,,
,https://ror.org/015m7wh34,,,,,,,,,replace==univ-rennes.fr,,,,,,,,,,,,
,https://ror.org/015n1m812,,,,,,,,,replace==uneb.br,,,,,,,,,,,,
,https://ror.org/015qjqf64,,,,,,,,,replace==tiho-hannover.de,,,,,,,,,,,,
,https://ror.org/015qy8r18,,,,,,,replace==https://www.ghtyvelinesnord.fr/les-etablissements-de-sante/chi-poissy-saint-germain-en-laye/,,replace==ght-yvelinesnord.fr,,,,,,,,,,,,
,https://ror.org/015rhss58,,,,,,,,,replace==asst-spedalicivili.it,,,,,,,,,,,,
,https://ror.org/015v43a21,,,,,,,replace==https://www.ciad.mx/,,replace==ciad.mx,,,,,,,,,,,,
,https://ror.org/015v9d997,,,,,,,replace==https://www.jj.ac.kr/,,replace==jj.ac.kr,,,,,,,,,,,,
,https://ror.org/015wdp703,,,,,,,,,replace==unfv.edu.pe,,,,,,,,,,,,
,https://ror.org/015ygrv52,,,,,,,,,replace==hkjc.org.hk,,,,,,,,,,,,
,https://ror.org/0163jwc47,,,,,,,replace==https://msal.ru/,,replace==msal.ru,,,,,,,,,,,,
,https://ror.org/0165d9303,,,,,,,,,replace==hri.res.in,,,,,,,,,,,,
,https://ror.org/0166e9x11,,,,,,,replace==https://udla.cl/,,replace==udla.cl,,,,,,,,,,,,
,https://ror.org/0166x0j30,,,,,,,replace==https://www.naturhistoriskmuseum.dk/,,replace==nathist.dk,,,,,,,,,,,,
,https://ror.org/01670bg46,,,,,,,replace==https://bdu.edu.et/,,replace==bdu.edu.et,,,,,,,,,,,,
,https://ror.org/01692sz90,,,,,,,,,replace==juntendo.ac.jp,,,,,,,,,,,,
,https://ror.org/016a0n751,,,,,,,replace==https://amu.edu.az/,,replace==amu.edu.az,,,,,,,,,,,,
,https://ror.org/016a74861,,,,,,,replace==https://www.baai.ac.cn/,,replace==baai.ac.cn,,,,,,,,,,,,
,https://ror.org/016bgq349,,,,,,,replace==https://www.nict.go.jp/,,replace==nict.go.jp,,,,,,,,,,,,
,https://ror.org/016czhx14,,,,,,,replace==https://www.stcloudstate.edu/,,replace==stcloudstate.edu,,,,,,,,,,,,
,https://ror.org/016gb9e15,,,,,,,,,replace==unisc.edu.au,,,,,,,,,,,,
,https://ror.org/016hfp155,,,,,,,,,replace==imbp.ru,,,,,,,,,,,,
,https://ror.org/016kvft77,,,,,,,,,replace==hyundai.com,,,,,,,,,,,,
,https://ror.org/016mey390,,,,,,,replace==https://www.rafael.co.il/,,replace==rafael.co.il,,,,,,,,,,,,
,https://ror.org/016n0q862,,,,,,,replace==https://www.health.gov.il/English/Pages/HomePage.aspx,,replace==health.gov.il,,,,,,,,,,,,
,https://ror.org/016na8197,,,,,,,,,replace==unimaid.edu.ng,,,,,,,,,,,,
,https://ror.org/016p83279,,,,,,,replace==https://www.hospitalmacarena.es/,,replace==hospital-macarena.com,,,,,,,,,,,,
,https://ror.org/016xje988,,,,,,,,,replace==unam.na,,,,,,,,,,,,
,https://ror.org/016yv6y68,,,,,,,replace==https://dsu.edu/,,replace==dsu.edu,,,,,,,,,,,,
,https://ror.org/016z2bp30,,,,,,,,,replace==njhealth.org,,,,,,,,,,,,
,https://ror.org/016zn0y21,,,,,,,replace==https://www.policlinico.mi.it/,,replace==policlinico.mi.it,,,,,,,,,,,,
,https://ror.org/016zvc994,,,,,,,replace==https://www.ipbs.fr/,,replace==ipbs.fr,,,,,,,,,,,,
,https://ror.org/01703db54,,,,,,,,,replace==aist.go.jp,,,,,,,,,,,,
,https://ror.org/01737f379,,,,,,,,,replace==unifesspa.edu.br,,,,,,,,,,,,
,https://ror.org/0175hh227,,,,,,,,,replace==lecnam.net,,,,,,,,,,,,
,https://ror.org/0176aa147,,,,,,,,,replace==petrsu.ru,,,,,,,,,,,,
,https://ror.org/0176yjw32,,,,,,,replace==https://www.ufmg.br/,,replace==ufmg.br,,,,,,,,,,,,
,https://ror.org/0176yqn58,,,,,,,,,replace==aucegypt.edu,,,,,,,,,,,,
,https://ror.org/017b7j426,,,,,,,,,replace==altera.com,,,,,,,,,,,,
,https://ror.org/017bbc354,,,,,,,,,replace==tau.edu.tr,,,,,,,,,,,,
,https://ror.org/017bynh47,,,,,,,replace==https://www.idipaz.es/,,replace==idipaz.es,,,,,,,,,,,,
,https://ror.org/017c6at71,,,,,,,,,replace==unca.edu,,,,,,,,,,,,
,https://ror.org/017fh2655,,,,,,,,,replace==iner.gob.mx,,,,,,,,,,,,
,https://ror.org/017h5q109,,,,,,,replace==https://www.chu-toulouse.fr/,,replace==chu-toulouse.fr,,,,,,,,,,,,
,https://ror.org/017j5za44,,,,,,,replace==https://www.datamanagement.it,,replace==datamanagement.it,,,,,,,,,,,,
,https://ror.org/017kqpz20,,,,,,,replace==https://narfu.ru/,,replace==narfu.ru,,,,,,,,,,,,
,https://ror.org/017mte255,,,,,,,,,replace==equinor.com,,,,,,,,,,,,
,https://ror.org/017pgz739,,,,,,,,,replace==widyagama.ac.id,,,,,,,,,,,,
,https://ror.org/017pz3h73,,,,,,,replace==https://www.urban.org/,,replace==urban.org,,,,,,,,,,,,
,https://ror.org/017v7rz39,,,,,,,replace==https://eng.singidunum.ac.rs/,,replace==singidunum.ac.rs,,,,,,,,,,,,
,https://ror.org/017xnm587,,,,,,,replace==https://www.ssu.ac.kr/,,replace==ssu.ac.kr,,,,,,,,,,,,
,https://ror.org/017ztfb41,,,,,,,replace==https://www.sf.gov/departments/department-public-health,,replace==sfdph.org,,,,,,,,,,,,
,https://ror.org/017zx9g19,,,,,,,replace==https://irost.org/,,replace==irost.ir,,,,,,,,,,,,
,https://ror.org/018159086,,,,,,,replace==https://rsmu.ru/,,replace==rsmu.ru,,,,,,,,,,,,
,https://ror.org/0181a8730,,,,,,,replace==https://hbtu.ac.in/,,replace==hbtu.ac.in,,,,,,,,,,,,
,https://ror.org/0182gym65,,,,,,,,,replace==cepc.es,,,,,,,,,,,,
,https://ror.org/01856cw59,,,,,,,,,replace==ukmuenster.de,,,,,,,,,,,,
,https://ror.org/01882y777,,,,,,,replace==https://www.stonybrookmedicine.edu/,,replace==stonybrookmedicine.edu,,,,,,,,,,,,
,https://ror.org/018bbh535,,,,,,,,,replace==lagh-univ.dz,,,,,,,,,,,,
,https://ror.org/018jdfk45,,,,,,,,,replace==jyu.edu.cn,,,,,,,,,,,,
,https://ror.org/018k53h31,,,,,,,replace==https://travail-emploi.gouv.fr/,,replace==travail.gouv.fr,,,,,,,,,,,,
,https://ror.org/018rbev86,,,,,,,replace==https://www.emoryhenry.edu/,,replace==emoryhenry.edu,,,,,,,,,,,,
,https://ror.org/018xbyb32,,,,,,,replace==https://cotur.bg/,,replace==cotur.bg,,,,,,,,,,,,
,https://ror.org/018yw5541,,,,,,,,,replace==qdio.ac.cn,,,,,,,,,,,,
,https://ror.org/018ze3r73,,,,,,,,,replace==coou.edu.ng,,,,,,,,,,,,
,https://ror.org/0191rk783,,,,,,,,,replace==unsiq.ac.id,,,,,,,,,,,,
,https://ror.org/0192yj155,,,,,,,,,replace==scsio.ac.cn,,,,,,,,,,,,
,https://ror.org/0194nje30,,,,,,,,,replace==uniku.ac.id,,,,,,,,,,,,
,https://ror.org/019621n74,,,,,,,replace==https://www.phi.org/,,replace==phi.org,,,,,,,,,,,,
,https://ror.org/019787q29,,,,,,,,,replace==ucsiuniversity.edu.my,,,,,,,,,,,,
,https://ror.org/0198v2949,,,,,,,,,replace==uerj.br,,,,,,,,,,,,
,https://ror.org/0199hds37,,,,,,,,,replace==univ-paris13.fr,,,,,,,,,,,,
,https://ror.org/019apvn83,,,,,,,replace==https://abu.edu.ng/,,replace==abu.edu.ng,,,,,,,,,,,,
,https://ror.org/019av8481,,,,,,,,,replace==nigpas.ac.cn,,,,,,,,,,,,
,https://ror.org/019dkd780,,,,,,,replace==https://www.ahu.edu.jo,,replace==ahu.edu.jo,,,,,,,,,,,,
,https://ror.org/019fnr381,,,,,,,,,replace==trisakti.ac.id,,,,,,,,,,,,
,https://ror.org/019htgm96,,,,,,,replace==https://www.ylnu.edu.cn/,,replace==ylnu.edu.cn,,,,,,,,,,,,
,https://ror.org/019kgqr73,,,,,,,replace==https://www.uta.edu/,,replace==uta.edu,,,,,,,,,,,,
,https://ror.org/019sa2256,,,,,,,replace==https://ccmc1.org/,,replace==ccmc1.org,,,,,,,,,,,,
,https://ror.org/019sbgd69,,,,,,,replace==https://gumed.edu.pl/,,replace==gumed.edu.pl,,,,,,,,,,,,
,https://ror.org/019tcpt25,,,,,,,,,replace==centralesupelec.fr,,,,,,,,,,,,
,https://ror.org/019tgvf94,,,,,,,,,replace==univ-cotedazur.fr,,,,,,,,,,,,
,https://ror.org/019vfke14,,,,,,,replace==https://atbu.edu.ng/,,replace==atbu.edu.ng,,,,,,,,,,,,
,https://ror.org/019vsm959,,,,,,,replace==https://en.misis.ru/,,replace==misis.ru,,,,,,,,,,,,
,https://ror.org/019w00969,,,,,,,replace==https://www.leibniz-zmt.de/,,replace==leibniz-zmt.de,,,,,,,,,,,,
,https://ror.org/019wqcg20,,,,,,,,,replace==stanfordhealthcare.org,,,,,,,,,,,,
,https://ror.org/019xw1562,,,,,,,,,replace==artsmia.org,,,,,,,,,,,,
,https://ror.org/019z71f50,,,,,,,replace==https://www.ntunhs.edu.tw/,,replace==ntunhs.edu.tw,,,,,,,,,,,,
,https://ror.org/019z71x08,,,,,,,,,replace==kneu.edu.ua,,,,,,,,,,,,
,https://ror.org/01a0mk874,,,,,,,,,replace==nku.edu.tr,,,,,,,,,,,,
,https://ror.org/01a1xfd09,,,,,,,,,replace==inr.ru,,,,,,,,,,,,
,https://ror.org/01a2wsa50,,,,,,,replace==https://bio-gipuzkoa.eus/,,replace==bio-gipuzkoa.eus,,,,,,,,,,,,
,https://ror.org/01a3mef16,,,,,,,,,replace==pondiuni.edu.in,,,,,,,,,,,,
,https://ror.org/01a4d6k20,,,,,,,,,replace==jnmc.edu,,,,,,,,,,,,
,https://ror.org/01a4hbq44,,,,,,,replace==https://www.stolav.no/,,replace==stolav.no,,,,,,,,,,,,
,https://ror.org/01a5mqy88,,,,,,,replace==https://jcbose.ac.in/,,replace==jcbose.ac.in,,,,,,,,,,,,
,https://ror.org/01a77tt86,,,,,,,replace==https://warwick.ac.uk/,,replace==warwick.ac.uk,,,,,,,,,,,,
,https://ror.org/01a79sw46,,,,,,,,,replace==ippi.ac.ir,,,,,,,,,,,,
,https://ror.org/01a9z1q73,,,,,,,replace==https://www.neigae.cas.cn/,,replace==iga.ac.cn,,,,,,,,,,,,
,https://ror.org/01aaptx40,,,,,,,,,replace==iuhealth.org,,,,,,,,,,,,
,https://ror.org/01ahf6552,,,,,,,replace==https://www.icm.com.hk/,,replace==icm.com.hk,,,,,,,,,,,,
,https://ror.org/01ak5cj98,,,,,,,,,replace==usb.ve,,,,,,,,,,,,
,https://ror.org/01an3r305,,,,,,,replace==https://www.pitt.edu/,,replace==pitt.edu,,,,,,,,,,,,
,https://ror.org/01anxqg21,,,,,,,,,replace==vyatsu.ru,,,,,,,,,,,,
,https://ror.org/01apd5369,,,,,,,replace==https://www.szpitaljp2.krakow.pl/,,replace==szpitaljp2.krakow.pl,,,,,,,,,,,,
,https://ror.org/01apvbh93,,,,,,,replace==https://www.akademiska.se/,,replace==akademiska.se,,,,,,,,,,,,
,https://ror.org/01apwpt12,,,,,,,replace==https://www.sandia.gov/,,replace==sandia.gov,,,,,,,,,,,,
,https://ror.org/01ar9e455,,,,,,,,,replace==aero.org,,,,,,,,,,,,
,https://ror.org/01av3a615,,,,,,,,,replace==irbcatsud.cat,,,,,,,,,,,,
,https://ror.org/01av3m334,,,,,,,,,replace==uftm.edu.br,,,,,,,,,,,,
,https://ror.org/01azfw069,,,,,,,replace==https://www.uttyler.edu/,,replace==uttyler.edu,,,,,,,,,,,,
,https://ror.org/01b2f6h61,,,,,,,,,replace==nstu.ru,,,,,,,,,,,,
,https://ror.org/01b2j5886,,,,,,,replace==https://www.sdupsl.edu.cn/,,replace==sdupsl.edu.cn,,,,,,,,,,,,
,https://ror.org/01b3dvp57,,,,,,,replace==https://www.garvan.org.au/,,replace==garvan.org.au,,,,,,,,,,,,
,https://ror.org/01b4w2923,,,,,,,replace==https://portal.usac.edu.gt/,,replace==usac.edu.gt,,,,,,,,,,,,
,https://ror.org/01b658f62,,,,,,,,,replace==entandallergy.com,,,,,,,,,,,,
,https://ror.org/01b78mz79,,,,,,,replace==https://www.ufsm.br/,,replace==ufsm.br,,,,,,,,,,,,
,https://ror.org/01b8kcc49,,,,,,,replace==https://web.ncku.edu.tw/,,replace==ncku.edu.tw,,,,,,,,,,,,
,https://ror.org/01b9n8m42,,,,,,,,,replace==tcs.com,,,,,,,,,,,,
,https://ror.org/01bb1zm18,,,,,,,replace==http://eng.unn.ru/,,replace==unn.ru,,,,,,,,,,,,
,https://ror.org/01bdr6121,,,,,,,,,replace==guilan.ac.ir,,,,,,,,,,,,
,https://ror.org/01bg62x04,,,,,,,,,replace==gencat.cat,,,,,,,,,,,,
,https://ror.org/01bghzb51,,,,,,,replace==https://www.nyit.edu/,,replace==nyit.edu,,,,,,,,,,,,
,https://ror.org/01bmg2a15,,,,,,,replace==https://tdtu.uz/,,replace==tdtu.uz,,,,,,,,,,,,
,https://ror.org/01bsaey45,,,,,,,,,replace==cmri.org.au,,,,,,,,,,,,
,https://ror.org/01bsn4x02,,,,,,,,,replace==unishivaji.ac.in,,,,,,,,,,,,
,https://ror.org/01bt01h96,,,,,,,replace==https://www.eli.org/,,replace==eli.org,,,,,,,,,,,,
,https://ror.org/01bwbjs64,,,,,,,,,replace==ust.ac.id,,,,,,,,,,,,
,https://ror.org/01bx8ja67,,,,,,,,,replace==msubaroda.ac.in,,,,,,,,,,,,
,https://ror.org/01by1qv45,,,,,,,replace==https://santacasa.org.br,,replace==santacasa.org.br,,,,,,,,,,,,
,https://ror.org/01bzgdw81,,,,,,,replace==https://www.iari.res.in/,,replace==iari.res.in,,,,,,,,,,,,
,https://ror.org/01c1p1v81,,,,,,,,,replace==upgris.ac.id,,,,,,,,,,,,
,https://ror.org/01c1w6d29,,,,,,,,,replace==uni-bamberg.de,,,,,,,,,,,,
,https://ror.org/01c4pz451,,,,,,,replace==https://tums.ac.ir/,,replace==tums.ac.ir,,,,,,,,,,,,
,https://ror.org/01c4qa656,,,,,,,replace==https://bsw.edu.pl/,,replace==bsw.edu.pl,,,,,,,,,,,,
,https://ror.org/01c7wz417,,,,,,,replace==https://www.vetagro-sup.fr/,,replace==vetagro-sup.fr,,,,,,,,,,,,
,https://ror.org/01cb2rv04,,,,,,,replace==https://www.nriag.sci.eg/,,replace==nriag.sci.eg,,,,,,,,,,,,
,https://ror.org/01cbtr271,,,,,,,replace==https://www.cpe.fr/,,replace==cpe.fr,,,,,,,,,,,,
,https://ror.org/01cc3fy72,,,,,,,,,replace==ikerbasque.net,,,,,,,,,,,,
,https://ror.org/01ch2yn61,,,,,,,replace==https://www.metoffice.gov.uk/,,replace==metoffice.gov.uk,,,,,,,,,,,,
,https://ror.org/01cnqpt53,,,,,,,replace==https://www.jainuniversity.ac.in/,,replace==jainuniversity.ac.in,,,,,,,,,,,,
,https://ror.org/01cqcrc47,,,,,,,,,replace==rsu.ac.th,,,,,,,,,,,,
,https://ror.org/01cqmqj90,,,,,,,replace==https://www.hadassah.org.il/,,replace==hadassah.org.il,,,,,,,,,,,,
,https://ror.org/01cqxk816,,,,,,,replace==https://www.westga.edu/,,replace==westga.edu,,,,,,,,,,,,
,https://ror.org/01csjkt09,,,,,,,replace==https://idele.fr/,,replace==idele.fr,,,,,,,,,,,,
,https://ror.org/01cwbae71,,,,,,,replace==https://www.hannam.ac.kr/,,replace==hannam.ac.kr,,,,,,,,,,,,
,https://ror.org/01d00rw04,,,,,,,replace==https://kpcmedicalcollege.in/,,replace==kpcmedicalcollege.com,,,,,,,,,,,,
,https://ror.org/01d02sf11,,,,,,,,,replace==olvg.nl,,,,,,,,,,,,
,https://ror.org/01d0bkz51,,,,,,,,,replace==tcu.edu.cn,,,,,,,,,,,,
,https://ror.org/01d100w34,,,,,,,replace==https://www.semyung.ac.kr/,,replace==semyung.ac.kr,,,,,,,,,,,,
,https://ror.org/01d1kv753,,,,,,,,,replace==spring8.or.jp,,,,,,,,,,,,
,https://ror.org/01d1vqp66,,,,,,,replace==https://monument.health/,,replace==monument.health,,,,,,,,,,,,
,https://ror.org/01d2sez20,,,,,,,replace==https://www.missouristate.edu/,,replace==missouristate.edu,,,,,,,,,,,,
,https://ror.org/01d4rpj46,,,,,,,replace==https://microvision.com/,,replace==microvision.com,,,,,,,,,,,,
,https://ror.org/01d5qpn59,,,,,,,replace==https://www.babraham.ac.uk/,,replace==babraham.ac.uk,,,,,,,,,,,,
,https://ror.org/01d5ymp84,,,,,,,replace==https://en.cnnc.com.cn/,,replace==cnnc.com.cn,,,,,,,,,,,,
,https://ror.org/01d692d57,,,,,,,replace==https://www.usindh.edu.pk/,,replace==usindh.edu.pk,,,,,,,,,,,,
,https://ror.org/01d6qxv05,,,,,,,replace==https://www.monmouth.edu/,,replace==monmouth.edu,,,,,,,,,,,,
,https://ror.org/01d7fn555,,,,,,,replace==https://cftri.res.in/,,replace==cftri.res.in,,,,,,,,,,,,
,https://ror.org/01d7n9638,,,,,,,replace==https://www.iter.org/,,replace==iter.org,,,,,,,,,,,,
,https://ror.org/01d86hn60,,,,,,,,,replace==ospedalesancarlo.it,,,,,,,,,,,,
,https://ror.org/01d9cs377,,,,,,,,,replace==uhtx.com,,,,,,,,,,,,
,https://ror.org/01dan7p53,,,,,,,replace==https://www.gkd.edu.cn/,,replace==gkd.edu.cn,,,,,,,,,,,,
,https://ror.org/01dashf18,,,,,,,replace==https://www.whxy.edu.cn,,replace==whxy.edu.cn,,,,,,,,,,,,
,https://ror.org/01defpn95,,,,,,,replace==https://www.sathyabama.ac.in/,,replace==sathyabama.ac.in,,,,,,,,,,,,
,https://ror.org/01dg04253,,,,,,,replace==https://www.ibch.ru/,,replace==ibch.ru,,,,,,,,,,,,
,https://ror.org/01dgn5344,,,,,,,replace==https://www.rider.edu/,,replace==rider.edu,,,,,,,,,,,,
,https://ror.org/01dhcyx48,,,,,,,replace==https://www.caryinstitute.org/,,replace==caryinstitute.org,,,,,,,,,,,,
,https://ror.org/01dkjkq64,,,,,,,,,replace==jd.com,,,,,,,,,,,,
,https://ror.org/01dkyve95,,,,,,,replace==https://www.institut-agro.fr/,,replace==institut-agro.fr,,,,,,,,,,,,
,https://ror.org/01dr2b756,,,,,,,,,replace==hbmu.edu.cn,,,,,,,,,,,,
,https://ror.org/01dr6c206,,,,,,,replace==https://pan.pl/,,replace==pan.pl,,,,,,,,,,,,
,https://ror.org/01dv3hq14,,,,,,,,,replace==keldysh.ru,,,,,,,,,,,,
,https://ror.org/01dv63r93,,,,,,,replace==https://ifbaiano.edu.br/,,replace==ifbaiano.edu.br,,,,,,,,,,,,
,https://ror.org/01dvabv26,,,,,,,replace==https://w3.beun.edu.tr/,,replace==beun.edu.tr,,,,,,,,,,,,
,https://ror.org/01dwpbz64,,,,,,,,,replace==mpifg.de,,,,,,,,,,,,
,https://ror.org/01dwyxv59,,,,,,,replace==https://uksportsinstitute.co.uk/,,replace==uksportsinstitute.co.uk,,,,,,,,,,,,
,https://ror.org/01dyr7034,,,,,,,,,replace==yau.edu.cn,,,,,,,,,,,,
,https://ror.org/01dzed356,,,,,,,,,replace==hunau.edu.cn,,,,,,,,,,,,
,https://ror.org/01dzqrq04,,,,,,,replace==https://www.unilasalle.edu.br/,,replace==unilasalle.edu.br,,,,,,,,,,,,
,https://ror.org/01e41cf67,,,,,,,,,replace==lanl.gov,,,,,,,,,,,,
,https://ror.org/01e5pnf26,,,,,,,replace==https://www.vsr.si/,,replace==vsr.si,,,,,,,,,,,,
,https://ror.org/01e70mw69,,,,,,,,,replace==iitrindia.org,,,,,,,,,,,,
,https://ror.org/01e7v7w47,,,,,,,,,replace==caluniv.ac.in,,,,,,,,,,,,
,https://ror.org/01e8ff003,,,,,,,,,replace==shahed.ac.ir,,,,,,,,,,,,
,https://ror.org/01e8tvg28,,,,,,,replace==https://www.fsm.it/,,replace==fsm.it,,,,,,,,,,,,
,https://ror.org/01eb3qa50,,,,,,,,,replace==imfm.si,,,,,,,,,,,,
,https://ror.org/01ecnnp60,,,,,,,replace==https://www.jsums.edu/,,replace==jsums.edu,,,,,,,,,,,,
,https://ror.org/01ee0g236,,,,,,,,,replace==uern.br,,,,,,,,,,,,
,https://ror.org/01ee9ar58,,,,,,,replace==https://www.nottingham.ac.uk/,,replace==nottingham.ac.uk,,,,,,,,,,,,
,https://ror.org/01egfqj98,,,,,,,replace==https://ssmandal.net/,,replace==ssmandal.net,,,,,,,,,,,,
,https://ror.org/01ejxf797,,,,,,,,,replace==ump.ac.ma,,,,,,,,,,,,
,https://ror.org/01ek73717,,,,,,,,,replace==intel.com,,,,,,,,,,,,
,https://ror.org/01en4s460,,,,,,,replace==https://tcomn.com/,,replace==tcomn.com,,,,,,,,,,,,
,https://ror.org/01encsj80,,,,,,,replace==https://www.ub.bw/,,replace==ub.ac.bw,,,,,,,,,,,,
,https://ror.org/01epcny94,,,,,,,replace==https://www.health.wa.gov.au/,,replace==health.wa.gov.au,,,,,,,,,,,,
,https://ror.org/01evb6z23,,,,,,,replace==https://www.king.edu/,,replace==king.edu,,,,,,,,,,,,
,https://ror.org/01evwfd48,,,,,,,replace==https://www.bnitm.de/,,replace==bnitm.de,,,,,,,,,,,,
,https://ror.org/01evzkn27,,,,,,,replace==https://portal.fgv.br/,,replace==fgv.br,,,,,,,,,,,,
,https://ror.org/01ew38b77,,,,,,,replace==https://www.ubb.edu.pl/,,replace==ubb.edu.pl,,,,,,,,,,,,
,https://ror.org/01ezq2j76,,,,,,,,,replace==imec.nl,,,,,,,,,,,,
,https://ror.org/01f1ses45,,,,,,,replace==https://nung.edu.ua/,,replace==nung.edu.ua,,,,,,,,,,,,
,https://ror.org/01f1vfy95,,,,,,,,,replace==litislab.fr,,,,,,,,,,,,
,https://ror.org/01f4dr878,,,,,,,replace==https://uniwersytetradom.pl/,,replace==urad.edu.pl,,,,,,,,,,,,
,https://ror.org/01f5ytq51,,,,,,,,,replace==tamu.edu,,,,,,,,,,,,
,https://ror.org/01f60xs15,,,,,,,replace==https://www.afu.edu.np/,,replace==afu.edu.np,,,,,,,,,,,,
,https://ror.org/01f677e56,,,,,,,,,replace==sintef.no,,,,,,,,,,,,
,https://ror.org/01f8vhd41,,,,,,,replace==https://www.gov.br/inmetro/pt-br,,replace==inmetro.gov.br,,,,,,,,,,,,
,https://ror.org/01faaaf77,,,,,,,,,replace==uni-graz.at,,,,,,,,,,,,
,https://ror.org/01fbz6h17,,,,,,,replace==https://www.denverhealth.org/,,replace==dhha.org,,,,,,,,,,,,
,https://ror.org/01fczmh85,,,,,,,,,replace==nsut.ac.in,,,,,,,,,,,,
,https://ror.org/01fe0jt45,,,,,,,replace==https://www.bosch.com/,,replace==bosch.de,,,,,,,,,,,,
,https://ror.org/01fh86n78,,,,,,,replace==https://www.uanl.mx/,,replace==uanl.mx,,,,,,,,,,,,
,https://ror.org/01fh9k283,,,,,,,replace==https://www.ivo.es/,,replace==fivo.org,,,,,,,,,,,,
,https://ror.org/01fm2fv39,,,,,,,replace==https://www.sanquin.nl/,,replace==sanquin.nl,,,,,,,,,,,,
,https://ror.org/01fpnj063,,,,,,,replace==https://www.catholic.ac.kr/,,replace==catholic.ac.kr,,,,,,,,,,,,
,https://ror.org/01fptm710,,,,,,,,,replace==ibot.sp.gov.br,,,,,,,,,,,,
,https://ror.org/01fqgdy56,,,,,,,replace==https://www.imet.ac.ru/,,replace==imet.ac.ru,,,,,,,,,,,,
,https://ror.org/01frn9647,,,,,,,replace==https://www.univ-pau.fr/,,replace==univ-pau.fr,,,,,,,,,,,,
,https://ror.org/01frp7483,,,,,,,,,replace==wfu.edu.cn,,,,,,,,,,,,
,https://ror.org/01ft5vz71,,,,,,,,,replace==iitp.ac.in,,,,,,,,,,,,
,https://ror.org/01fwrsq33,,,,,,,,,replace==barrowneuro.org,,,,,,,,,,,,
,https://ror.org/01g0gmx67,,,,,,,,,replace==c-nin.com,,,,,,,,,,,,
,https://ror.org/01g1pe685,,,,,,,replace==https://neoma-bs.com/,,replace==neoma-bs.fr,,,,,,,,,,,,
,https://ror.org/01g1t6g78,,,,,,,replace==https://whitney.org/,,replace==whitney.org,,,,,,,,,,,,
,https://ror.org/01g325629,,,,,,,replace==https://www.aims.edu/,,replace==aims.edu,,,,,,,,,,,,
,https://ror.org/01g3dya06,,,,,,,replace==https://lancaster.edu.gh/,,replace==lancaster.edu.gh,,,,,,,,,,,,
,https://ror.org/01g5y5k24,,,,,,,replace==https://www.kek.jp/,,replace==kek.jp,,,,,,,,,,,,
,https://ror.org/01g7qth32,,,,,,,replace==https://www.immt.res.in/,,replace==immt.res.in,,,,,,,,,,,,
,https://ror.org/01g8djv19,,,,,,,replace==https://www.solvay.com/,,replace==solvay.com,,,,,,,,,,,,
,https://ror.org/01g9hkj35,,,,,,,,,replace==gdas.gd.cn,,,,,,,,,,,,
,https://ror.org/01g9q1f24,,,,,,,,,replace==unibi.ac.id,,,,,,,,,,,,
,https://ror.org/01g9ty582,,,,,,,replace==https://semmelweis.hu/,,replace==semmelweis.hu,,,,,,,,,,,,
,https://ror.org/01ga8zd22,,,,,,,replace==https://adti.uz,,replace==adti.uz,,,,,,,,,,,,
,https://ror.org/01gah9v52,,,,,,,,,replace==unipam.edu.br,,,,,,,,,,,,
,https://ror.org/01gamcy45,,,,,,,replace==https://www.brain-biotech.com/,,replace==brainbio.com,,,,,,,,,,,,
,https://ror.org/01gaw2478,,,,,,,replace==https://www.teikyo-u.ac.jp/,,replace==teikyo-u.ac.jp,,,,,,,,,,,,
,https://ror.org/01gb99w41,,,,,,,,,replace==epn.edu.ec,,,,,,,,,,,,
,https://ror.org/01gbfax37,,,,,,,,,replace==sdjzu.edu.cn,,,,,,,,,,,,
,https://ror.org/01gek1696,,,,,,,replace==https://www.utsystem.edu/,,replace==utsystem.edu,,,,,,,,,,,,
,https://ror.org/01gf00k84,,,,,,,,,replace==kameda.jp,,,,,,,,,,,,
,https://ror.org/01ggnn306,,,,,,,replace==https://www.huas.edu.cn/,,replace==huas.edu.cn,,,,,,,,,,,,
,https://ror.org/01gh88804,,,,,,,,,replace==hmfl.ac.cn,,,,,,,,,,,,
,https://ror.org/01gk55t56,,,,,,,,,replace==uir.ac.id,,,,,,,,,,,,
,https://ror.org/01gnagj68,,,,,,,,,replace==sirc-tcm.sh.cn,,,,,,,,,,,,
,https://ror.org/01gpyzk95,,,,,,,replace==https://unsam.ac.id/,,replace==unsam.ac.id,,,,,,,,,,,,
,https://ror.org/01gqe3t73,,,,,,,replace==https://www.sangji.ac.kr/,,replace==sangji.ac.kr,,,,,,,,,,,,
,https://ror.org/01grq2104,,,,,,,,,replace==tpims.org,,,,,,,,,,,,
,https://ror.org/01gt7sg63,,,,,,,,,replace==unitau.br,,,,,,,,,,,,
,https://ror.org/01gvkyp03,,,,,,,replace==https://www.nio.org/,,replace==nio.res.in,,,,,,,,,,,,
,https://ror.org/01gyxrk03,,,,,,,,,replace==u-picardie.fr,,,,,,,,,,,,
,https://ror.org/01h0ffh48,,,,,,,,,replace==ensc-rennes.fr,,,,,,,,,,,,
,https://ror.org/01h0zpd94,,,,,,,,,replace==nsfc.gov.cn,,,,,,,,,,,,
,https://ror.org/01h2hg078,,,,,,,,,replace==bums.ac.ir,,,,,,,,,,,,
,https://ror.org/01h3fm945,,,,,,,replace==https://www.ucms.ac.in/,,replace==ucms.ac.in,,,,,,,,,,,,
,https://ror.org/01h4fxd96,,,,,,,replace==https://www.grenoble-em.com/,,replace==grenoble-em.com,,,,,,,,,,,,
,https://ror.org/01h5tnr73,,,,,,,,,replace==battelle.org,,,,,,,,,,,,
,https://ror.org/01h7cca57,,,,,,,replace==https://web.sapmed.ac.jp/,,replace==sapmed.ac.jp,,,,,,,,,,,,
,https://ror.org/01h85hm56,,,,,,,,,replace==duhs.edu.pk,,,,,,,,,,,,
,https://ror.org/01h8ey223,,,,,,,replace==https://multimedica.it/,,replace==multimedica.it,,,,,,,,,,,,
,https://ror.org/01h8xv021,,,,,,,,,replace==waters.com,,,,,,,,,,,,
,https://ror.org/01h8y6y39,,,,,,,,,replace==pzhu.edu.cn,,,,,,,,,,,,
,https://ror.org/01h9v1373,,,,,,,,,replace==eoneo.co.kr,,,,,,,,,,,,
,https://ror.org/01hafxd32,,,,,,,replace==https://www.motorola.com/us/en/homepage,,replace==motorola.com,,,,,,,,,,,,
,https://ror.org/01hcefx46,,,,,,,,,replace==szhospital.com,,,,,,,,,,,,
,https://ror.org/01hcx6992,,,,,,,,,replace==hu-berlin.de,,,,,,,,,,,,
,https://ror.org/01hcyya48,,,,,,,,,replace==cchmc.org,,,,,,,,,,,,
,https://ror.org/01hgb6e08,,,,,,,,,replace==hut.ac.ir,,,,,,,,,,,,
,https://ror.org/01hgg7b81,,,,,,,replace==https://unj.ac.id/,,replace==unj.ac.id,,,,,,,,,,,,
,https://ror.org/01hh45364,,,,,,,,,replace==ceeri.res.in,,,,,,,,,,,,
,https://ror.org/01hh9ag93,,,,,,,,,replace==isa.ac.cn,,,,,,,,,,,,
,https://ror.org/01hhf7w52,,,,,,,replace==https://www.iiti.ac.in/,,replace==iiti.ac.in,,,,,,,,,,,,
,https://ror.org/01hjzeq58,,,,,,,replace==https://www.chiba-u.ac.jp/,,replace==chiba-u.jp,,,,,,,,,,,,
,https://ror.org/01hnrbb29,,,,,,,replace==https://www.fa.ru/,,replace==fa.ru,,,,,,,,,,,,
,https://ror.org/01hpbbx98,,,,,,,,,replace==ac-paris.fr,,,,,,,,,,,,
,https://ror.org/01hpjfm62,,,,,,,replace==https://www.nspe.org/,,replace==nspe.org,,,,,,,,,,,,
,https://ror.org/01hrxxx24,,,,,,,replace==https://www.unap.cl/,,replace==unap.cl,,,,,,,,,,,,
,https://ror.org/01hsw0492,,,,,,,replace==https://dechema.de/,,replace==dechema.de,,,,,,,,,,,,
,https://ror.org/01ht74751,,,,,,,replace==https://userena.cl/,,replace==userena.cl,,,,,,,,,,,,
,https://ror.org/01hv94n30,,,,,,,replace==http://www.rjh.com.cn/,,replace==rjh.com.cn,,,,,,,,,,,,
,https://ror.org/01hvx5h04,,,,,,,,,replace==omu.ac.jp,,,,,,,,,,,,
,https://ror.org/01hx00y13,,,,,,,,,replace==qatarairways.com.qa,,,,,,,,,,,,
,https://ror.org/01hy2c330,,,,,,,replace==https://www.igic.ras.ru/,,replace==igic.ras.ru,,,,,,,,,,,,
,https://ror.org/01hz5c771,,,,,,,,,replace==igras.ru,,,,,,,,,,,,
,https://ror.org/01hzdv945,,,,,,,replace==https://www.ccsuniversity.ac.in/,,replace==ccsuniversity.ac.in,,,,,,,,,,,,
,https://ror.org/01hznc410,,,,,,,,,replace==ipr.res.in,,,,,,,,,,,,
,https://ror.org/01j0n2h15,,,,,,,replace==https://www.phoenix.edu/,,replace==phoenix.edu,,,,,,,,,,,,
,https://ror.org/01j1eb875,,,,,,,,,replace==iconcologia.net,,,,,,,,,,,,
,https://ror.org/01j1wt659,,,,,,,,,replace==umm.ac.id,,,,,,,,,,,,
,https://ror.org/01j20wc74,,,,,,,,,replace==adni4.org,,,,,,,,,,,,
,https://ror.org/01j5wgc53,,,,,,,,,replace==unida.ac.id,,,,,,,,,,,,
,https://ror.org/01j7r2734,,,,,,,replace==https://www.union.org/,,replace==union.org,,,,,,,,,,,,
,https://ror.org/01j99nc54,,,,,,,replace==https://isu.ru/,,replace==isu.ru,,,,,,,,,,,,
,https://ror.org/01j9zyw40,,,,,,,replace==https://ipis.pan.pl/,,replace==ipispan.edu.pl,,,,,,,,,,,,
,https://ror.org/01jaj8n65,,,,,,,,,replace==aun.edu.eg,,,,,,,,,,,,
,https://ror.org/01jdpyv68,,,,,,,replace==https://www.uni-saarland.de/,,replace==uni-saarland.de,,,,,,,,,,,,
,https://ror.org/01jem9c82,,,,,,,,,replace==juntadeandalucia.es,,,,,,,,,,,,
,https://ror.org/01jemb993,,,,,,,,,replace==chph.ras.ru,,,,,,,,,,,,
,https://ror.org/01jepya76,,,,,,,,,replace==westpoint.edu,,,,,,,,,,,,
,https://ror.org/01jf74q70,,,,,,,,,replace==unesa.ac.id,,,,,,,,,,,,
,https://ror.org/01jgbgc06,,,,,,,,,replace==ips.ac.ru,,,,,,,,,,,,
,https://ror.org/01jhpwy79,,,,,,,replace==https://ebsu.edu.ng/,,replace==ebsu.edu.ng,,,,,,,,,,,,
,https://ror.org/01jkd3546,,,,,,,replace==https://www.lebedev.ru/,,replace==lebedev.ru,,,,,,,,,,,,
,https://ror.org/01jmd7f74,,,,,,,,,replace==chuvsu.ru,,,,,,,,,,,,
,https://ror.org/01jmxt844,,,,,,,,,replace==otago.ac.nz,,,,,,,,,,,,
,https://ror.org/01jncky63,,,,,,,replace==https://www.wassoc.com/,,replace==wassoc.com,,,,,,,,,,,,
,https://ror.org/01jp0tk64,,,,,,,replace==https://www.ugb.sn/,,replace==ugb.edu.sn,,,,,,,,,,,,
,https://ror.org/01jw2p796,,,,,,,,,replace==iust.ac.ir,,,,,,,,,,,,
,https://ror.org/01jy46q10,,,,,,,,,replace==psut.edu.jo,,,,,,,,,,,,
,https://ror.org/01jz1e142,,,,,,,,,replace==lzb.ac.cn,,,,,,,,,,,,
,https://ror.org/01jzst437,,,,,,,replace==https://www.jsmc.edu.cn/,,replace==jsmc.edu.cn,,,,,,,,,,,,
,https://ror.org/01k1ngp50,,,,,,,replace==https://www.coria.fr/,,replace==coria.fr,,,,,,,,,,,,
,https://ror.org/01k2x9g80,,,,,,,replace==https://saintjoe.edu/,,replace==saintjoe.edu,,,,,,,,,,,,
,https://ror.org/01k40cz91,,,,,,,replace==https://www.normandie-univ.fr/,,replace==normandie-univ.fr,,,,,,,,,,,,
,https://ror.org/01k410495,,,,,,,,,replace==upse.edu.ec,,,,,,,,,,,,
,https://ror.org/01k5gt570,,,,,,,replace==https://www.ric.edu/,,replace==ric.edu,,,,,,,,,,,,
,https://ror.org/01k5qnb77,,,,,,,replace==https://www.rki.de/,,replace==rki.de,,,,,,,,,,,,
,https://ror.org/01k6vxj52,,,,,,,,,replace==omsu.ru,,,,,,,,,,,,
,https://ror.org/01k7a6660,,,,,,,,,replace==hcmed.org,,,,,,,,,,,,
,https://ror.org/01k81gt67,,,,,,,replace==https://www.alfred.edu/,,replace==alfred.edu,,,,,,,,,,,,
,https://ror.org/01k8vtd75,,,,,,,,,replace==mans.edu.eg,,,,,,,,,,,,
,https://ror.org/01k97gp34,,,,,,,,,replace==tu-dortmund.de,,,,,,,,,,,,
,https://ror.org/01kc31v38,,,,,,,,,replace==exactsciences.com,,,,,,,,,,,,
,https://ror.org/01kd65564,,,,,,,replace==https://www.utsa.edu/,,replace==utsa.edu,,,,,,,,,,,,
,https://ror.org/01kdzej58,,,,,,,,,replace==bhu.edu.cn,,,,,,,,,,,,
,https://ror.org/01kg8sb98,,,,,,,replace==https://www.iu.edu/,,replace==iu.edu,,,,,,,,,,,,
,https://ror.org/01kh0x418,,,,,,,,,replace==iicb.res.in,,,,,,,,,,,,
,https://ror.org/01khf5d59,,,,,,,replace==https://www.qqhru.edu.cn/,,replace==qqhru.edu.cn,,,,,,,,,,,,
,https://ror.org/01kr7aq59,,,,,,,replace==https://rsu.edu.ng/,,replace==ust.edu.ng,,,,,,,,,,,,
,https://ror.org/01ktt8y73,,,,,,,,,replace==wu.edu.et,,,,,,,,,,,,
,https://ror.org/01kzgyz42,,,,,,,,,replace==qmu.edu.cn,,,,,,,,,,,,
,https://ror.org/01kzn7k21,,,,,,,,,replace==iau.ac.ir,,,,,,,,,,,,
,https://ror.org/01m1pv723,,,,,,,replace==https://www.hug.ch/,,replace==hug.ch,,,,,,,,,,,,
,https://ror.org/01m1s6313,,,,,,,replace==https://www.sgu.edu/,,replace==sgu.edu,,,,,,,,,,,,
,https://ror.org/01m20f643,,,,,,,replace==https://cchgeu.ru/,,replace==cchgeu.ru,,,,,,,,,,,,
,https://ror.org/01m44ga74,,,,,,,replace==http://planejamento.sp.gov.br/,,replace==fazenda.sp.gov.br,,,,,,,,,,,,
,https://ror.org/01ma17032,,,,,,,replace==https://spmi.ru/,,replace==spmi.ru,,,,,,,,,,,,
,https://ror.org/01mar7r17,,,,,,,replace==https://idor.org/,,replace==idor.org,,,,,,,,,,,,
,https://ror.org/01mcrnj60,,,,,,,,,replace==mu.edu.sa,,,,,,,,,,,,
,https://ror.org/01me6gb93,,,,,,,replace==https://en.ktu.edu,,replace==ktu.lt,,,,,,,,,,,,
,https://ror.org/01mgdzc49,,,,,,,replace==https://www.cqt.sg/,,replace==quantumlah.org,,,,,,,,,,,,
,https://ror.org/01mh6b283,,,,,,,replace==https://www.heart-institute.nl/,,replace==heart-institute.nl,,,,,,,,,,,,
,https://ror.org/01mk44223,,,,,,,,,replace==iqvia.com,,,,,,,,,,,,
,https://ror.org/01mmady97,,,,,,,,,replace==dhzc-charite.de,,,,,,,,,,,,
,https://ror.org/01mqx8q10,,,,,,,,,replace==agriculture.vic.gov.au,,,,,,,,,,,,
,https://ror.org/01mrvbd33,,,,,,,replace==https://www.hoshi.ac.jp/,,replace==hoshi.ac.jp,,,,,,,,,,,,
,https://ror.org/01mzk5576,,,,,,,replace==https://www.ipb-halle.de/,,replace==ipb-halle.de,,,,,,,,,,,,
,https://ror.org/01n002310,,,,,,,,,replace==ieee.org,,,,,,,,,,,,
,https://ror.org/01n029866,,,,,,,replace==https://www.ucb.com/,,replace==ucb.com,,,,,,,,,,,,
,https://ror.org/01n09m616,,,,,,,replace==https://bari.gov.bd/,,replace==bari.gov.bd,,,,,,,,,,,,
,https://ror.org/01n1q0h77,,,,,,,,,replace==up.edu.mx,,,,,,,,,,,,
,https://ror.org/01n2t3x97,,,,,,,replace==https://hmu.edu.vn/,,replace==hmu.edu.vn,,,,,,,,,,,,
,https://ror.org/01n2xwm51,,,,,,,,,replace==meyer.it,,,,,,,,,,,,
,https://ror.org/01n3s4692,,,,,,,replace==https://sums.ac.ir/,,replace==sums.ac.ir,,,,,,,,,,,,
,https://ror.org/01n6e6j62,,,,,,,,,replace==usaid.gov,,,,,,,,,,,,
,https://ror.org/01n6r0e97,,,,,,,replace==https://www.leibniz-gemeinschaft.de/,,replace==leibniz-gemeinschaft.de,,,,,,,,,,,,
,https://ror.org/01n71v551,,,,,,,replace==https://usern.org/,,replace==usern.org,,,,,,,,,,,,
,https://ror.org/01n7gem85,,,,,,,replace==https://www.dnb.de/,,replace==dnb.de,,,,,,,,,,,,
,https://ror.org/01n8ggb71,,,,,,,replace==https://www.biodiv.de/,,replace==biodiv.de,,,,,,,,,,,,
,https://ror.org/01n92vv28,,,,,,,replace==https://www.oncodeinstitute.nl/,,replace==oncodeinstitute.nl,,,,,,,,,,,,
,https://ror.org/01n9zy652,,,,,,,replace==https://mu-sofia.bg/,,replace==mu-sofia.bg,,,,,,,,,,,,
,https://ror.org/01na0pb61,,,,,,,replace==https://ibpc.fr/,,replace==ibpc.fr,,,,,,,,,,,,
,https://ror.org/01naq7912,,,,,,,,,replace==telecom-paris.fr,,,,,,,,,,,,
,https://ror.org/01nckkm68,,,,,,,replace==https://www.sophia.ac.jp/,,replace==sophia.ac.jp,,,,,,,,,,,,
,https://ror.org/01neh8064,,,,,,,replace==https://www.nanotec.or.th/,,replace==nanotec.or.th,,,,,,,,,,,,
,https://ror.org/01nftxb06,,,,,,,,,replace==igb-berlin.de,,,,,,,,,,,,
,https://ror.org/01ngpvg12,,,,,,,,,replace==mpi-susmat.de,,,,,,,,,,,,
,https://ror.org/01nhzsw25,,,,,,,replace==https://www.hydroquebec.com/,,replace==hydroquebec.com,,,,,,,,,,,,
,https://ror.org/01njes783,,,,,,,,,replace==seattlechildrens.org,,,,,,,,,,,,
,https://ror.org/01nkhmn89,,,,,,,replace==https://en.biruni.edu.tr/,,replace==biruni.edu.tr,,,,,,,,,,,,
,https://ror.org/01nm0nj94,,,,,,,replace==https://www.jesus.ac.kr/,,replace==jesus.ac.kr,,,,,,,,,,,,
,https://ror.org/01nmxvn49,,,,,,,,,replace==cioc.ac.cn,,,,,,,,,,,,
,https://ror.org/01nnwyz44,,,,,,,,,replace==shaphc.org,,,,,,,,,,,,
,https://ror.org/01npf0s58,,,,,,,replace==https://niu-en.niu.edu.tw/,,replace==niu.edu.tw,,,,,,,,,,,,
,https://ror.org/01nqk4x38,,,,,,,,,replace==ndu.edu,,,,,,,,,,,,
,https://ror.org/01nr6fy72,,,,,,,replace==https://www.kclj.si/,,replace==kclj.si,,,,,,,,,,,,
,https://ror.org/01nsn0t21,,,,,,,replace==https://www.furb.br/,,replace==furb.br,,,,,,,,,,,,
,https://ror.org/01ntwgd63,,,,,,,replace==https://en.magtu.ru/,,replace==magtu.ru,,,,,,,,,,,,
,https://ror.org/01ntx4j68,,,,,,,,,replace==muk.ac.ir,,,,,,,,,,,,
,https://ror.org/01nvnhx40,,,,,,,replace==https://msa.edu.eg/,,replace==msa.edu.eg,,,,,,,,,,,,
,https://ror.org/01nyv7k26,,,,,,,replace==https://www.oita-u.ac.jp/,,replace==oita-u.ac.jp,,,,,,,,,,,,
,https://ror.org/01p18bt48,,,,,,,,,replace==thomasu.edu,,,,,,,,,,,,
,https://ror.org/01p3q4q56,,,,,,,replace==https://incras.ru,,replace==incras.ru,,,,,,,,,,,,
,https://ror.org/01p4b7n26,,,,,,,replace==https://epu.edu.vn/,,replace==epu.edu.vn,,,,,,,,,,,,
,https://ror.org/01p7jjy08,,,,,,,replace==https://www.slu.edu/,,replace==slu.edu,,,,,,,,,,,,
,https://ror.org/01p7k1986,,,,,,,,,replace==ceitec.cz,,,,,,,,,,,,
,https://ror.org/01p7qe739,,,,,,,,,replace==tokai.ac.jp,,,,,,,,,,,,
,https://ror.org/01p92hb48,,,,,,,replace==https://www.ntis.gov/,,replace==ntis.gov,,,,,,,,,,,,
,https://ror.org/01p9g6b97,,,,,,,replace==https://www.neac.gov.cn/,,replace==neac.gov.cn,,,,,,,,,,,,
,https://ror.org/01p9nak43,,,,,,,replace==https://www.uigm.ac.id/,,replace==uigm.ac.id,,,,,,,,,,,,
,https://ror.org/01pa4h393,,,,,,,replace==https://www.cerege.fr/,,replace==cerege.fr,,,,,,,,,,,,
,https://ror.org/01pab2602,,,,,,,,,replace==yic.ac.cn,,,,,,,,,,,,
,https://ror.org/01papkj44,,,,,,,,,replace==tabrizu.ac.ir,,,,,,,,,,,,
,https://ror.org/01pbdzh19,,,,,,,replace==https://www.utoledo.edu/,,replace==utoledo.edu,,,,,,,,,,,,
,https://ror.org/01pbhra64,,,,,,,replace==https://www.msm.edu/,,replace==msm.edu,,,,,,,,,,,,
,https://ror.org/01pewsd85,,,,,,,replace==https://www.akadeemia.ee/,,replace==akadeemia.ee,,,,,,,,,,,,
,https://ror.org/01phqre83,,,,,,,replace==https://www.tohtech.ac.jp/,,replace==tohtech.ac.jp,,,,,,,,,,,,
,https://ror.org/01pj30291,,,,,,,,,replace==txcc.com,,,,,,,,,,,,
,https://ror.org/01pk8rb11,,,,,,,,,replace==uokirkuk.edu.iq,,,,,,,,,,,,
,https://ror.org/01pnej532,,,,,,,replace==https://u-szeged.hu/,,replace==szte.hu,,,,,,,,,,,,
,https://ror.org/01pqc3561,,,,,,,replace==https://www.aacap.org/,,replace==aacap.org,,,,,,,,,,,,
,https://ror.org/01prbq409,,,,,,,,,replace==egasmoniz.edu.pt,,,,,,,,,,,,
,https://ror.org/01pvt8a36,,,,,,,,,replace==experimentalstation.org,,,,,,,,,,,,
,https://ror.org/01pvx8v81,,,,,,,,,replace==futa.edu.ng,,,,,,,,,,,,
,https://ror.org/01pw44479,,,,,,,,,replace==speri.com.cn,,,,,,,,,,,,
,https://ror.org/01pw5qp76,,,,,,,,,replace==aaas.org.cn,,,,,,,,,,,,
,https://ror.org/01pwgd096,,,,,,,replace==https://www.skao.int/,,replace==skao.int,,,,,,,,,,,,
,https://ror.org/01px48m89,,,,,,,replace==https://www.bentley.edu/,,replace==bentley.edu,,,,,,,,,,,,
,https://ror.org/01px84952,,,,,,,replace==https://www.unitec.ac.nz/,,replace==unitec.ac.nz,,,,,,,,,,,,
,https://ror.org/01pxe3r04,,,,,,,replace==https://www.unizwa.edu.om/,,replace==unizwa.edu.om,,,,,,,,,,,,
,https://ror.org/01q1jaw52,,,,,,,replace==https://ahepahosp.gr/,,replace==ahepahosp.gr,,,,,,,,,,,,
,https://ror.org/01q1z8k08,,,,,,,,,replace==suny.edu,,,,,,,,,,,,
,https://ror.org/01q6hrg49,,,,,,,replace==https://www.ao-garibaldi.ct.it/,,replace==ao-garibaldi.ct.it,,,,,,,,,,,,
,https://ror.org/01q6pmm96,,,,,,,,,replace==up.edu,,,,,,,,,,,,
,https://ror.org/01q8b6q23,,,,,,,replace==https://www.luiss.it/,,replace==luiss.it,,,,,,,,,,,,
,https://ror.org/01q8k8p90,,,,,,,replace==https://www.cyi.ac.cy/,,replace==cyi.ac.cy,,,,,,,,,,,,
,https://ror.org/01q9h8k89,,,,,,,replace==https://www.unior.it/,,replace==unior.it,,,,,,,,,,,,
,https://ror.org/01q9sj412,,,,,,,replace==https://www.insel.ch/,,replace==insel.ch,,,,,,,,,,,,
,https://ror.org/01qat3289,,,,,,,replace==https://www.lilly.com/,,replace==lilly.com,,,,,,,,,,,,
,https://ror.org/01qavk531,,,,,,,,,replace==catharinaziekenhuis.nl,,,,,,,,,,,,
,https://ror.org/01qcc6q77,,,,,,,replace==https://www.swd.gov.hk/,,replace==swd.gov.hk,,,,,,,,,,,,
,https://ror.org/01qdbbk19,,,,,,,replace==https://www.sao.ru/,,replace==sao.ru,,,,,,,,,,,,
,https://ror.org/01qfgm256,,,,,,,,,replace==isp.kiev.ua,,,,,,,,,,,,
,https://ror.org/01qhf1r47,,,,,,,,,replace==annauniv.edu,,,,,,,,,,,,
,https://ror.org/01qjckx08,,,,,,,,,replace==inmegen.gob.mx,,,,,,,,,,,,
,https://ror.org/01qm1tk92,,,,,,,,,replace==cesdip.fr,,,,,,,,,,,,
,https://ror.org/01qn0gc28,,,,,,,replace==https://www.sstu.ru/,,replace==sstu.ru,,,,,,,,,,,,
,https://ror.org/01qq57711,,,,,,,,,replace==unab.cl,,,,,,,,,,,,
,https://ror.org/01qtp1053,,,,,,,,,replace==psemail.eu,,,,,,,,,,,,
,https://ror.org/01qv3ba61,,,,,,,replace==https://upth.gov.ng/,,replace==upth.gov.ng,,,,,,,,,,,,
,https://ror.org/01qyd4k24,,,,,,,replace==https://www.hoseo.ac.kr/,,replace==hoseo.edu,,,,,,,,,,,,
,https://ror.org/01qz7fr76,,,,,,,,,replace==bsms.ac.uk,,,,,,,,,,,,
,https://ror.org/01qzc0f54,,,,,,,replace==https://www.qut.edu.cn/,,replace==qut.edu.cn,,,,,,,,,,,,
,https://ror.org/01r024a98,,,,,,,replace==https://neweng.cau.ac.kr/,,replace==cau.ac.kr,,,,,,,,,,,,
,https://ror.org/01r22mr83,,,,,,,replace==https://www.ug.edu.gh/,,replace==ug.edu.gh,,,,,,,,,,,,
,https://ror.org/01r277z15,,,,,,,replace==https://www.ilam.ac.ir/,,replace==ilam.ac.ir,,,,,,,,,,,,
,https://ror.org/01r3kjq03,,,,,,,,,replace==adu.ac.ae,,,,,,,,,,,,
,https://ror.org/01r45yt97,,,,,,,replace==https://www.xync.edu.cn/,,replace==xync.edu.cn,,,,,,,,,,,,
,https://ror.org/01raq4x89,,,,,,,,,replace==limsi.fr,,,,,,,,,,,,
,https://ror.org/01red3556,,,,,,,replace==https://www.etamu.edu/,,replace==etamu.edu,,,,,,,,,,,,
,https://ror.org/01rhff309,,,,,,,,,replace==bas.ac.uk,,,,,,,,,,,,
,https://ror.org/01rjfjt94,,,,,,,,,replace==southuniversity.edu,,,,,,,,,,,,
,https://ror.org/01rk35k63,,,,,,,,,replace==universite-lyon.fr,,,,,,,,,,,,
,https://ror.org/01rkwtz72,,,,,,,,,replace==gdaas.cn,,,,,,,,,,,,
,https://ror.org/01rkxa860,,,,,,,replace==https://www.drreddys.com/,,replace==drreddys.com,,,,,,,,,,,,
,https://ror.org/01rm42p40,,,,,,,replace==https://www.uabmedicine.org/,,replace==uabmc.edu,,,,,,,,,,,,
,https://ror.org/01rmh9n78,,,,,,,replace==https://www.unh.edu/,,replace==unh.edu,,,,,,,,,,,,
,https://ror.org/01rmxff98,,,,,,,,,replace==iwp.ru,,,,,,,,,,,,
,https://ror.org/01rqyr540,,,,,,,,,replace==imbg.org.ua,,,,,,,,,,,,
,https://ror.org/01rrczv41,,,,,,,,,replace==upm.edu.ph,,,,,,,,,,,,
,https://ror.org/01rs0ht88,,,,,,,,,replace==behdasht.gov.ir,,,,,,,,,,,,
,https://ror.org/01rsgrz10,,,,,,,replace==https://sgpgims.org.in/,,replace==sgpgi.ac.in,,,,,,,,,,,,
,https://ror.org/01rtkeb16,,,,,,,,,replace==unmer.ac.id,,,,,,,,,,,,
,https://ror.org/01rtzw447,,,,,,,replace==https://www.lcc-toulouse.fr/,,replace==lcc-toulouse.fr,,,,,,,,,,,,
,https://ror.org/01rvn4p91,,,,,,,replace==https://ethrat.ch/,,replace==ethrat.ch,,,,,,,,,,,,
,https://ror.org/01rws6r75,,,,,,,,,replace==ajums.ac.ir,,,,,,,,,,,,
,https://ror.org/01rx63s97,,,,,,,,,replace==ung.br,,,,,,,,,,,,
,https://ror.org/01rxfrp27,,,,,,,,,replace==latrobe.edu.au,,,,,,,,,,,,
,https://ror.org/01ryk1543,,,,,,,replace==https://www.southampton.ac.uk/,,replace==southampton.ac.uk,,,,,,,,,,,,
,https://ror.org/01s0wyf50,,,,,,,,,replace==cnic.cn,,,,,,,,,,,,
,https://ror.org/01s3fs709,,,,,,,,,replace==agrocampus-ouest.fr,,,,,,,,,,,,
,https://ror.org/01s5axj25,,,,,,,replace==https://www.lunenfeld.ca/,,replace==lunenfeld.ca,,,,,,,,,,,,
,https://ror.org/01s5hh873,,,,,,,,,replace==xjie.edu.cn,,,,,,,,,,,,
,https://ror.org/01s7y5e82,,,,,,,replace==https://lnu.edu.ua/,,replace==lnu.edu.ua,,,,,,,,,,,,
,https://ror.org/01savtv33,,,,,,,replace==https://www.asst-pg23.it/,,replace==asst-pg23.it,,,,,,,,,,,,
,https://ror.org/01sbnfq90,,,,,,,,,replace==people.inc,,,,,,,,,,,,
,https://ror.org/01se4f844,,,,,,,replace==https://www.wales.ac.uk/,,replace==wales.ac.uk,,,,,,,,,,,,
,https://ror.org/01senny43,,,,,,,,,replace==ipen.br,,,,,,,,,,,,
,https://ror.org/01sj5ez28,,,,,,,,,replace==ssru.ac.th,,,,,,,,,,,,
,https://ror.org/01skhd946,,,,,,,replace==https://onehealthtrust.org/,,replace==onehealthtrust.org,,,,,,,,,,,,
,https://ror.org/01sks0025,,,,,,,,,replace==knmu.edu.ua,,,,,,,,,,,,
,https://ror.org/01sn1yx84,,,,,,,replace==https://www.unn.edu.ng/,,replace==unn.edu.ng,,,,,,,,,,,,
,https://ror.org/01ss10648,,,,,,,replace==https://www.uum.edu.my/,,replace==uum.edu.my,,,,,,,,,,,,
,https://ror.org/01sx1pm50,,,,,,,replace==https://www.rockwellautomation.com/,,replace==rockwellautomation.com,,,,,,,,,,,,
,https://ror.org/01sxtx626,,,,,,,replace==https://moz.gov.ua/,,replace==moz.gov.ua,,,,,,,,,,,,
,https://ror.org/01t0n2c80,,,,,,,replace==https://www.klinikum-oldenburg.de/,,replace==klinikum-oldenburg.de,,,,,,,,,,,,
,https://ror.org/01t264m74,,,,,,,replace==https://www.inail.it/,,replace==inail.it,,,,,,,,,,,,
,https://ror.org/01t413275,,,,,,,,,replace==sripmscop.com,,,,,,,,,,,,
,https://ror.org/01t466c14,,,,,,,replace==https://www.una.ac.cr/,,replace==una.cr,,,,,,,,,,,,
,https://ror.org/01t6bjk79,,,,,,,replace==https://rmanpo.ru/,,replace==rmapo.ru,,,,,,,,,,,,
,https://ror.org/01t817z14,,,,,,,replace==https://www.uhcl.edu/,,replace==uhcl.edu,,,,,,,,,,,,
,https://ror.org/01t8prc81,,,,,,,,,replace==xatu.edu.cn,,,,,,,,,,,,
,https://ror.org/01tc10z29,,,,,,,,,replace==cancerinstitutewia.in,,,,,,,,,,,,
,https://ror.org/01tc2d264,,,,,,,replace==https://www.chu-limoges.fr/,,replace==chu-limoges.fr,,,,,,,,,,,,
,https://ror.org/01tdzxm38,,,,,,,replace==https://mausam.imd.gov.in/,,replace==imd.gov.in,,,,,,,,,,,,
,https://ror.org/01tfhsg94,,,,,,,replace==https://hopital-europeen.fr/,,replace==hopital-europeen.fr,,,,,,,,,,,,
,https://ror.org/01tgmhj36,,,,,,,replace==https://www.coventry.ac.uk/,,replace==coventry.ac.uk,,,,,,,,,,,,
,https://ror.org/01tgyzw49,,,,,,,replace==https://www.nus.edu.sg/,,replace==nus.edu.sg,,,,,,,,,,,,
,https://ror.org/01thb7525,,,,,,,,,replace==iae.ac.cn,,,,,,,,,,,,
,https://ror.org/01thzqc78,,,,,,,replace==https://unisagrado.edu.br/,,replace==unisagrado.edu.br,,,,,,,,,,,,
,https://ror.org/01tkb7c15,,,,,,,,,replace==sio.org.cn,,,,,,,,,,,,
,https://ror.org/01tmmzv45,,,,,,,replace==https://ist.edu.pk/,,replace==ist.edu.pk,,,,,,,,,,,,
,https://ror.org/01tmp8f25,,,,,,,,,replace==unam.mx,,,,,,,,,,,,
,https://ror.org/01tsmvz08,,,,,,,replace==https://www.hactcm.edu.cn/,,replace==hactcm.edu.cn,,,,,,,,,,,,
,https://ror.org/01tspta37,,,,,,,replace==https://www.ipfdd.de/,,replace==ipfdd.de,,,,,,,,,,,,
,https://ror.org/01tv9ph92,,,,,,,replace==https://sfedu.ru/,,replace==sfedu.ru,,,,,,,,,,,,
,https://ror.org/01txhcw25,,,,,,,,,replace==cell-technology.net,,,,,,,,,,,,
,https://ror.org/01ty4bg86,,,,,,,replace==http://www.shsci.org/,,replace==shsci.org,,,,,,,,,,,,
,https://ror.org/01tyv8576,,,,,,,,,replace==ibp.ac.cn,,,,,,,,,,,,
,https://ror.org/01tzdej37,,,,,,,,,replace==ifba.edu.br,,,,,,,,,,,,
,https://ror.org/01v0we819,,,,,,,replace==https://run.edu.ng/,,replace==run.edu.ng,,,,,,,,,,,,
,https://ror.org/01v10fv91,,,,,,,replace==https://www.itson.mx/,,replace==itson.edu.mx,,,,,,,,,,,,
,https://ror.org/01v29qb04,,,,,,,,,replace==durham.ac.uk,,,,,,,,,,,,
,https://ror.org/01v2c2791,,,,,,,,,replace==singaporetech.edu.sg,,,,,,,,,,,,
,https://ror.org/01v3bqg10,,,,,,,,,replace==shionogi.co.jp,,,,,,,,,,,,
,https://ror.org/01v4gk171,,,,,,,,,replace==polsri.ac.id,,,,,,,,,,,,
,https://ror.org/01v4s0f07,,,,,,,,,replace==vecc.gov.in,,,,,,,,,,,,
,https://ror.org/01v5k4d73,,,,,,,,,replace==dituniversity.edu.in,,,,,,,,,,,,
,https://ror.org/01v5nhr20,,,,,,,,,replace==cuc.edu.co,,,,,,,,,,,,
,https://ror.org/01v5xwf23,,,,,,,,,replace==nestle.com,,,,,,,,,,,,
,https://ror.org/01v5y3463,,,,,,,replace==https://www.uacam.mx/,,replace==uacam.mx,,,,,,,,,,,,
,https://ror.org/01v7y5b55,,,,,,,,,replace==kmou.ac.kr,,,,,,,,,,,,
,https://ror.org/01v8x0f60,,,,,,,,,replace==rums.ac.ir,,,,,,,,,,,,
,https://ror.org/01varr368,,,,,,,,,replace==powerchina.cn,,,,,,,,,,,,
,https://ror.org/01vasff55,,,,,,,replace==https://www.jmsu.edu.cn,,replace==jmsu.edu.cn,,,,,,,,,,,,
,https://ror.org/01vb5ks25,,,,,,,replace==https://www.martini-klinik.de/,,replace==martini-klinik.de,,,,,,,,,,,,
,https://ror.org/01vd7vb53,,,,,,,replace==https://www.hncu.edu.cn/,,replace==hncu.edu.cn,,,,,,,,,,,,
,https://ror.org/01vf56d70,,,,,,,,,replace==buitms.edu.pk,,,,,,,,,,,,
,https://ror.org/01vhnrs90,,,,,,,replace==https://www.mpia.de/,,replace==mpia.de,,,,,,,,,,,,
,https://ror.org/01vj9qy35,,,,,,,replace==https://www.cmcludhiana.in/medical-college/,,replace==cmcludhiana.in,,,,,,,,,,,,
,https://ror.org/01vp99c97,,,,,,,,,replace==colmex.mx,,,,,,,,,,,,
,https://ror.org/01vqjmx11,,,,,,,,,replace==cepr.net,,,,,,,,,,,,
,https://ror.org/01vr7z878,,,,,,,replace==https://kmc.edu.pk/,,replace==kmc.edu.pk,,,,,,,,,,,,
,https://ror.org/01vwm8t51,,,,,,,,,replace==ufps.edu.co,,,,,,,,,,,,
,https://ror.org/01vwr6t80,,,,,,,replace==https://www.citadel.edu/,,replace==citadel.edu,,,,,,,,,,,,
,https://ror.org/01vwvvq12,,,,,,,replace==https://www.zisu.edu.cn,,replace==zisu.edu.cn,,,,,,,,,,,,
,https://ror.org/01vx5yq44,,,,,,,,,replace==psu.edu.eg,,,,,,,,,,,,
,https://ror.org/01vzp6a32,,,,,,,,,replace==kbth.gov.gh,,,,,,,,,,,,
,https://ror.org/01vztzd79,,,,,,,,,replace==iisermohali.ac.in,,,,,,,,,,,,
,https://ror.org/01w01n720,,,,,,,replace==https://www.asm.md/,,replace==asm.md,,,,,,,,,,,,
,https://ror.org/01w0d5g70,,,,,,,replace==https://www.umkc.edu/,,replace==umkc.edu,,,,,,,,,,,,
,https://ror.org/01w1ehb86,,,,,,,,,replace==uotechnology.edu.iq,,,,,,,,,,,,
,https://ror.org/01w2zd907,,,,,,,,,replace==nuffieldhealth.com,,,,,,,,,,,,
,https://ror.org/01w60n236,,,,,,,,,replace==sumdu.edu.ua,,,,,,,,,,,,
,https://ror.org/01w6vdf77,,,,,,,,,replace==gau.ac.ir,,,,,,,,,,,,
,https://ror.org/01w96sp43,,,,,,,replace==https://portal.unimar.br/,,replace==unimar.br,,,,,,,,,,,,
,https://ror.org/01wc2tq75,,,,,,,replace==https://www.kogakuin.ac.jp/,,replace==kogakuin.ac.jp,,,,,,,,,,,,
,https://ror.org/01wcts620,,,,,,,replace==http://www.sdjtky.cn/,,replace==sdjtky.cn,,,,,,,,,,,,
,https://ror.org/01wf5jq34,,,,,,,replace==https://www.aib.edu.au/,,replace==aib.edu.au,,,,,,,,,,,,
,https://ror.org/01wfg6h04,,,,,,,,,replace==pharmo.nl,,,,,,,,,,,,
,https://ror.org/01wfhkb67,,,,,,,replace==https://aliraqia.edu.iq/,,replace==aliraqia.edu.iq,,,,,,,,,,,,
,https://ror.org/01wgfva68,,,,,,,replace==https://uner.edu.ar/,,replace==uner.edu.ar,,,,,,,,,,,,
,https://ror.org/01whksa54,,,,,,,replace==http://www.inasan.ru/,,replace==inasan.ru,,,,,,,,,,,,
,https://ror.org/01whwkf30,,,,,,,,,replace==butantan.gov.br,,,,,,,,,,,,
,https://ror.org/01wjz9118,,,,,,,,,replace==nims.edu.in,,,,,,,,,,,,
,https://ror.org/01wk3d929,,,,,,,,,replace==ub.ac.id,,,,,,,,,,,,
,https://ror.org/01wkb9987,,,,,,,,,replace==uws.edu.pl,,,,,,,,,,,,
,https://ror.org/01wp2jz98,,,,,,,,,replace==xfel.eu,,,,,,,,,,,,
,https://ror.org/01wqn3353,,,,,,,,,replace==uhamka.ac.id,,,,,,,,,,,,
,https://ror.org/01wtxm109,,,,,,,,,replace==zool.kz,,,,,,,,,,,,
,https://ror.org/01wwwe276,,,,,,,,,replace==ncas.ac.uk,,,,,,,,,,,,
,https://ror.org/01x29t295,,,,,,,replace==https://www.vivantes.de/,,replace==vivantes.de,,,,,,,,,,,,
,https://ror.org/01x3jjv63,,,,,,,,,replace==uzhnu.edu.ua,,,,,,,,,,,,
,https://ror.org/01x41eb05,,,,,,,replace==https://en.neyshabur.ac.ir/,,replace==neyshabur.ac.ir,,,,,,,,,,,,
,https://ror.org/01x6q1934,,,,,,,,,replace==clevefdn.org,,,,,,,,,,,,
,https://ror.org/01x8rc503,,,,,,,replace==https://louisiana.edu/,,replace==louisiana.edu,,,,,,,,,,,,
,https://ror.org/01x9zv505,,,,,,,,,replace==fbf-isola.it,,,,,,,,,,,,
,https://ror.org/01xapxe37,,,,,,,replace==https://dhsgsu.edu.in/,,replace==dhsgsu.edu.in,,,,,,,,,,,,
,https://ror.org/01xcepn55,,,,,,,replace==https://corporate.exxonmobil.com/,,replace==exxonmobil.com,,,,,,,,,,,,
,https://ror.org/01xcgh759,,,,,,,,,replace==itk.ac.id,,,,,,,,,,,,
,https://ror.org/01xcjmy57,,,,,,,,,replace==iov.veneto.it,,,,,,,,,,,,
,https://ror.org/01xdqrp08,,,,,,,replace==https://www.pfizer.com/,,replace==pfizer.com,,,,,,,,,,,,
,https://ror.org/01xdzh226,,,,,,,,,replace==besti.edu.cn,,,,,,,,,,,,
,https://ror.org/01xe5fb92,,,,,,,replace==https://uog.edu.pk/,,replace==uog.edu.pk,,,,,,,,,,,,
,https://ror.org/01xexqx38,,,,,,,replace==https://www.gov.me/en/mps,,replace==mpni.gov.me,,,,,,,,,,,,
,https://ror.org/01xf75524,,,,,,,,,replace==moffitt.org,,,,,,,,,,,,
,https://ror.org/01xf7jb19,,,,,,,replace==https://www.zums.ac.ir,,replace==zums.ac.ir,,,,,,,,,,,,
,https://ror.org/01xf83457,,,,,,,replace==https://www.irccs-sangerardo.it/,,replace==irccs-sangerardo.it,,,,,,,,,,,,
,https://ror.org/01xgfaw76,,,,,,,replace==https://gov.uz/oz/academy,,replace==academy.uz,,,,,,,,,,,,
,https://ror.org/01xhcza12,,,,,,,replace==https://www.uwest.edu/,,replace==uwest.edu,,,,,,,,,,,,
,https://ror.org/01xjv7358,,,,,,,replace==https://www.jasri.jp/,,replace==jasri.jp,,,,,,,,,,,,
,https://ror.org/01xm3qq33,,,,,,,replace==https://www.schulthess-klinik.ch/,,replace==kws.ch,,,,,,,,,,,,
,https://ror.org/01xnsst08,,,,,,,replace==https://www.wcs.org/,,replace==wcs.org,,,,,,,,,,,,
,https://ror.org/01xnwqx93,,,,,,,replace==https://www.ukbonn.de/,,replace==ukbonn.de,,,,,,,,,,,,
,https://ror.org/01xqdxh54,,,,,,,,,replace==scbg.ac.cn,,,,,,,,,,,,
,https://ror.org/01xtcza13,,,,,,,replace==https://www.wiml.waw.pl/,,replace==wiml.waw.pl,,,,,,,,,,,,
,https://ror.org/01xtjs520,,,,,,,replace==https://www.ill.eu/,,replace==ill.eu,,,,,,,,,,,,
,https://ror.org/01xtthb56,,,,,,,replace==https://www.uio.no/,,replace==uio.no,,,,,,,,,,,,
,https://ror.org/01xv1nn60,,,,,,,replace==https://www.taibahu.edu.sa/,,replace==taibahu.edu.sa,,,,,,,,,,,,
,https://ror.org/01xxp6985,,,,,,,replace==https://www.kochi-u.ac.jp/,,replace==kochi-u.ac.jp,,,,,,,,,,,,
,https://ror.org/01xyb1v19,,,,,,,,,replace==cafuc.edu.cn,,,,,,,,,,,,
,https://ror.org/01xz39a70,,,,,,,,,replace==cnea.gob.ar,,,,,,,,,,,,
,https://ror.org/01xzwj424,,,,,,,,,replace==htw-berlin.de,,,,,,,,,,,,
,https://ror.org/01y24f494,,,,,,,,,replace==woodward.com,,,,,,,,,,,,
,https://ror.org/01y2jtd41,,,,,,,replace==https://www.wisc.edu/,,replace==wisc.edu,,,,,,,,,,,,
,https://ror.org/01y34t753,,,,,,,replace==https://en.fio.org.cn/,,replace==fio.org.cn,,,,,,,,,,,,
,https://ror.org/01y3hvq34,,,,,,,,,replace==sioc.ac.cn,,,,,,,,,,,,
,https://ror.org/01y5fjx51,,,,,,,replace==https://www.hntou.edu.cn/,,replace==hntou.edu.cn,,,,,,,,,,,,
,https://ror.org/01y64my43,,,,,,,,,replace==buffalo.edu,,,,,,,,,,,,
,https://ror.org/01yc7t268,,,,,,,,,replace==wustl.edu,,,,,,,,,,,,
,https://ror.org/01ygyzs83,,,,,,,replace==https://www.zalf.de/,,replace==zalf.de,,,,,,,,,,,,
,https://ror.org/01yj56c84,,,,,,,,,replace==bjtu.edu.cn,,,,,,,,,,,,
,https://ror.org/01ykzp537,,,,,,,replace==https://nzif.ru/,,replace==nzif.ru,,,,,,,,,,,,
,https://ror.org/01ynf4891,,,,,,,,,replace==unimib.it,,,,,,,,,,,,
,https://ror.org/01yqewm58,,,,,,,,,replace==kubsu.ru,,,,,,,,,,,,
,https://ror.org/01ysgtb61,,,,,,,,,replace==bmsu.ac.ir,,,,,,,,,,,,
,https://ror.org/01yxvpn13,,,,,,,,,replace==jums.ac.ir,,,,,,,,,,,,
,https://ror.org/01yz56j89,,,,,,,replace==https://www.sena.edu.co/Paginas/Inicio.aspx,,replace==sena.edu.co,,,,,,,,,,,,
,https://ror.org/01yzz0f51,,,,,,,replace==https://www.chu.edu.tw/,,replace==chu.edu.tw,,,,,,,,,,,,
,https://ror.org/01z05qp51,,,,,,,replace==https://namesforlife.com/,,replace==namesforlife.com,,,,,,,,,,,,
,https://ror.org/01z07eq06,,,,,,,,,replace==hbpu.edu.cn,,,,,,,,,,,,
,https://ror.org/01z0w8p93,,,,,,,,,replace==tnimc.ru,,,,,,,,,,,,
,https://ror.org/01z1gye03,,,,,,,,,replace==irbbarcelona.org,,,,,,,,,,,,
,https://ror.org/01z3gk918,,,,,,,,,replace==bgrimm.com,,,,,,,,,,,,
,https://ror.org/01z6qpb13,,,,,,,replace==https://fcmsantacasasp.edu.br/fcmscsp/,,replace==fcmsantacasasp.edu.br,,,,,,,,,,,,
,https://ror.org/01z78yd74,,,,,,,replace==https://www.medico.cz/,,replace==medico.cz,,,,,,,,,,,,
,https://ror.org/01z81gq54,,,,,,,,,replace==aae.org,,,,,,,,,,,,
,https://ror.org/01z8tr155,,,,,,,,,replace==spacechina.com,,,,,,,,,,,,
,https://ror.org/01za8fg18,,,,,,,replace==https://lasu.edu.ng/,,replace==lasu.edu.ng,,,,,,,,,,,,
,https://ror.org/01zctcs90,,,,,,,replace==https://www.bp.com/en-US,,replace==bp.com,,,,,,,,,,,,
,https://ror.org/01zewfb16,,,,,,,,,replace==environment-agency.gov.uk,,,,,,,,,,,,
,https://ror.org/01zfzax10,,,,,,,,,replace==tu.edu.iq,,,,,,,,,,,,
,https://ror.org/01zgy1s35,,,,,,,replace==https://www.uke.de/,,replace==uke.de,,,,,,,,,,,,
,https://ror.org/01zjrck77,,,,,,,,,replace==nu.edu,,,,,,,,,,,,
,https://ror.org/01znkr924,,,,,,,,,replace==mahidol.ac.th,,,,,,,,,,,,
,https://ror.org/01zqccq48,,,,,,,,,replace==daegu.ac.kr,,,,,,,,,,,,
,https://ror.org/01zqcg218,,,,,,,,,replace==khu.ac.kr,,,,,,,,,,,,
,https://ror.org/01zqv1s26,,,,,,,replace==https://www.fph.org.uk/,,replace==fph.org.uk,,,,,,,,,,,,
,https://ror.org/01zr73v18,,,,,,,,,replace==sjzu.edu.cn,,,,,,,,,,,,
,https://ror.org/01zt9a375,,,,,,,,,replace==chosun.ac.kr,,,,,,,,,,,,
,https://ror.org/01zvdsy94,,,,,,,replace==https://www.api.org/,,replace==api.org,,,,,,,,,,,,
,https://ror.org/01zvqw119,,,,,,,,,replace==aut.ac.nz,,,,,,,,,,,,
,https://ror.org/01zw2nq07,,,,,,,,,replace==iiim.res.in,,,,,,,,,,,,
,https://ror.org/01zwh2149,,,,,,,,,replace==jnkvv.org,,,,,,,,,,,,
,https://ror.org/01zwmgk08,,,,,,,,,replace==lin-magdeburg.de,,,,,,,,,,,,
,https://ror.org/01zwq4y59,,,,,,,replace==https://www.uesc.br/,,replace==uesc.br,,,,,,,,,,,,
,https://ror.org/01zx16v02,,,,,,,replace==https://www.athens.edu/,,replace==athens.edu,,,,,,,,,,,,
,https://ror.org/01zxfhv73,,,,,,,,,replace==energetics.com,,,,,,,,,,,,
,https://ror.org/01zy2cs03,,,,,,,replace==https://www.hzdr.de/,,replace==hzdr.de,,,,,,,,,,,,
,https://ror.org/01zzkcm34,,,,,,,,,replace==istu.edu,,,,,,,,,,,,
,https://ror.org/01zzt6n55,,,,,,,replace==https://ihaf.qc.ca/,,replace==ihaf.qc.ca,,,,,,,,,,,,
,https://ror.org/0202bj006,,,,,,,replace==https://www.sj-hospital.cn,,replace==sj-hospital.org,,,,,,,,,,,,
,https://ror.org/0209dk158,,,,,,,,,replace==lowell.edu,,,,,,,,,,,,
,https://ror.org/020esap58,,,,,,,,,replace==valvesoftware.com,,,,,,,,,,,,
,https://ror.org/020gjh112,,,,,,,replace==https://sdc.university/,,replace==sdc.university,,,,,,,,,,,,
,https://ror.org/020jbrt22,,,,,,,replace==https://tsmu.edu/,,replace==tsmu.edu,,,,,,,,,,,,
,https://ror.org/020jz8z49,,,,,,,replace==https://www.tpri.com.cn/,,replace==tpri.com.cn,,,,,,,,,,,,
,https://ror.org/020nbej04,,,,,,,replace==https://lnm6.ma/,,replace==lnm6.ma,,,,,,,,,,,,
,https://ror.org/020pekv35,,,,,,,,,replace==cal.org,,,,,,,,,,,,
,https://ror.org/020rbyg91,,,,,,,,,replace==qst.go.jp,,,,,,,,,,,,
,https://ror.org/020rkr389,,,,,,,,,replace==gxaas.net,,,,,,,,,,,,
,https://ror.org/020s51w82,,,,,,,replace==https://www.crm.cat/,,replace==crm.cat,,,,,,,,,,,,
,https://ror.org/020vd6n84,,,,,,,replace==https://www.nitm.ac.in/,,replace==nitm.ac.in,,,,,,,,,,,,
,https://ror.org/020vmqv16,,,,,,,replace==https://www.roosevelt.edu/,,replace==roosevelt.edu,,,,,,,,,,,,
,https://ror.org/020vtf184,,,,,,,replace==https://www.sslab.org.cn/,,replace==sslab.org.cn,,,,,,,,,,,,
,https://ror.org/020we4134,,,,,,,replace==https://www.uow.edu.pk/,,replace==uow.edu.pk,,,,,,,,,,,,
,https://ror.org/020wjcq07,,,,,,,replace==https://www.shibaura-it.ac.jp/,,replace==shibaura-it.ac.jp,,,,,,,,,,,,
,https://ror.org/020ws7586,,,,,,,,,replace==insa-rouen.fr,,,,,,,,,,,,
,https://ror.org/020xs5r81,,,,,,,,,replace==sckcen.be,,,,,,,,,,,,
,https://ror.org/020yb3m85,,,,,,,replace==https://idibgi.org/,,replace==idibgi.org,,,,,,,,,,,,
,https://ror.org/02120t614,,,,,,,,,replace==chiba-cc.jp,,,,,,,,,,,,
,https://ror.org/02122at02,,,,,,,replace==https://kcs.ac.rs/,,replace==kcs.ac.rs,,,,,,,,,,,,
,https://ror.org/02124dd11,,,,,,,,,replace==su.edu.krd,,,,,,,,,,,,
,https://ror.org/0212jcf64,,,,,,,,,replace==hbuas.edu.cn,,,,,,,,,,,,
,https://ror.org/0217hb928,,,,,,,replace==https://www.middlebury.edu/,,replace==middlebury.edu,,,,,,,,,,,,
,https://ror.org/021es5e59,,,,,,,replace==http://corp-mit.ru,,replace==corp-mit.ru,,,,,,,,,,,,
,https://ror.org/021gzyw51,,,,,,,,,replace==signalpro.net,,,,,,,,,,,,
,https://ror.org/021jt1927,,,,,,,replace==https://www.uhb.edu.sa/,,replace==uhb.edu.sa,,,,,,,,,,,,
,https://ror.org/021nb2v44,,,,,,,replace==https://www.medicalcollegekolkata.in/,,replace==medicalcollegekolkata.in,,,,,,,,,,,,
,https://ror.org/021p32893,,,,,,,,,replace==unmuhjember.ac.id,,,,,,,,,,,,
,https://ror.org/021r5ns39,,,,,,,,,replace==neeri.res.in,,,,,,,,,,,,
,https://ror.org/021r6aq66,,,,,,,replace==https://www.josai.ac.jp/,,replace==josai.ac.jp,,,,,,,,,,,,
,https://ror.org/021xbwv17,,,,,,,,,replace==neu.edu.vn,,,,,,,,,,,,
,https://ror.org/021xwcd05,,,,,,,,,replace==xyc.edu.cn,,,,,,,,,,,,
,https://ror.org/021z7gb33,,,,,,,replace==http://www.evolgen.com/,,replace==evolgen.com,,,,,,,,,,,,
,https://ror.org/021zvq422,,,,,,,,,replace==hhs.nl,,,,,,,,,,,,
,https://ror.org/0220mzb33,,,,,,,replace==https://www.kcl.ac.uk/,,replace==kcl.ac.uk,,,,,,,,,,,,
,https://ror.org/022283x63,,,,,,,replace==https://www.oxfam.org.uk/,,replace==oxfam.org.uk,,,,,,,,,,,,
,https://ror.org/02239nd21,,,,,,,,,replace==ifpa.edu.br,,,,,,,,,,,,
,https://ror.org/02263ky35,,,,,,,,,replace==ufam.edu.br,,,,,,,,,,,,
,https://ror.org/0227qpa16,,,,,,,replace==https://www.nhsbt.nhs.uk/,,replace==nhsbt.nhs.uk,,,,,,,,,,,,
,https://ror.org/0228w5t68,,,,,,,replace==https://www.kkh.com.sg/,,replace==kkh.com.sg,,,,,,,,,,,,
,https://ror.org/022abst40,,,,,,,,,replace==cdac.in,,,,,,,,,,,,
,https://ror.org/022bnxw24,,,,,,,,,replace==iap.fr,,,,,,,,,,,,
,https://ror.org/022c3hy66,,,,,,,,,replace==ia.ac.cn,,,,,,,,,,,,
,https://ror.org/022d5qt08,,,,,,,,,replace==julius-kuehn.de,,,,,,,,,,,,
,https://ror.org/022em3k58,,,,,,,,,replace==deduveinstitute.be,,,,,,,,,,,,
,https://ror.org/022g6pv04,,,,,,,,,replace==unp.edu.ar,,,,,,,,,,,,
,https://ror.org/022gvg072,,,,,,,,,replace==unimed.ac.id,,,,,,,,,,,,
,https://ror.org/022hrs427,,,,,,,replace==https://www.indd.org/,,replace==indd.org,,,,,,,,,,,,
,https://ror.org/022mwqy43,,,,,,,,,replace==jaas.com.cn,,,,,,,,,,,,
,https://ror.org/022rrvm68,,,,,,,replace==https://www.infran.ru/,,replace==infran.ru,,,,,,,,,,,,
,https://ror.org/022scmy89,,,,,,,replace==https://www.sciencespo-toulouse.fr/,,replace==sciencespo-toulouse.fr,,,,,,,,,,,,
,https://ror.org/022syn853,,,,,,,,,replace==simm.ac.cn,,,,,,,,,,,,
,https://ror.org/022v8s261,,,,,,,,,replace==provincieantwerpen.be,,,,,,,,,,,,
,https://ror.org/022vba633,,,,,,,replace==https://aacd.org.br/,,replace==aacd.org.br,,,,,,,,,,,,
,https://ror.org/022w3f533,,,,,,,replace==https://si.se/,,replace==si.se,,,,,,,,,,,,
,https://ror.org/022xhck05,,,,,,,,,replace==halic.edu.tr,,,,,,,,,,,,
,https://ror.org/022yvqh08,,,,,,,replace==https://uch-ibadan.org.ng/,,replace==uch-ibadan.org.ng,,,,,,,,,,,,
,https://ror.org/022zbs961,,,,,,,replace==https://uy1.uninet.cm/,,replace==univ-yaounde1.cm,,,,,,,,,,,,
,https://ror.org/022zv0672,,,,,,,replace==https://www.isprambiente.gov.it/,,replace==isprambiente.it,,,,,,,,,,,,
,https://ror.org/0231jxj79,,,,,,,replace==https://www.ap.org/,,replace==ap.org,,,,,,,,,,,,
,https://ror.org/0232mk144,,,,,,,,,replace==essalud.gob.pe,,,,,,,,,,,,
,https://ror.org/0232r4451,,,,,,,,,replace==siumed.edu,,,,,,,,,,,,
,https://ror.org/0233st365,,,,,,,,,replace==meteo.fr,,,,,,,,,,,,
,https://ror.org/0234wmv40,,,,,,,replace==https://www.uni-bayreuth.de,,replace==uni-bayreuth.de,,,,,,,,,,,,
,https://ror.org/0235kyq22,,,,,,,replace==https://petrobras.com.br/,,replace==petrobras.com.br,,,,,,,,,,,,
,https://ror.org/0236s9n59,,,,,,,,,replace==eastsussex.gov.uk,,,,,,,,,,,,
,https://ror.org/02378jc90,,,,,,,replace==https://www.rrcat.gov.in/,,replace==rrcat.gov.in,,,,,,,,,,,,
,https://ror.org/02385fa51,,,,,,,replace==https://www.mpi-bremen.de/,,replace==mpi-bremen.de,,,,,,,,,,,,
,https://ror.org/0238gz740,,,,,,,replace==https://itep.ru/,,replace==itep.ru,,,,,,,,,,,,
,https://ror.org/0238zyh04,,,,,,,replace==https://www.im2np.fr/,,replace==im2np.fr,,,,,,,,,,,,
,https://ror.org/023abrt21,,,,,,,,,replace==aau.ac.ae,,,,,,,,,,,,
,https://ror.org/023ahcz89,,,,,,,,,replace==mpipriv.de,,,,,,,,,,,,
,https://ror.org/023b0x485,,,,,,,,,replace==uni-mainz.de,,,,,,,,,,,,
,https://ror.org/023bq8521,,,,,,,replace==https://etu.ru/,,replace==etu.ru,,,,,,,,,,,,
,https://ror.org/023cbka75,,,,,,,,,replace==xaas.ac.cn,,,,,,,,,,,,
,https://ror.org/023crty50,,,,,,,replace==https://shmu.ac.ir/,,replace==shmu.ac.ir,,,,,,,,,,,,
,https://ror.org/023dwm995,,,,,,,replace==https://www.stegh.on.ca/,,replace==stegh.on.ca,,,,,,,,,,,,
,https://ror.org/023f84a29,,,,,,,replace==https://www.statkraft.com/,,replace==statkraft.com,,,,,,,,,,,,
,https://ror.org/023kjn321,,,,,,,replace==https://qazvin.iau.ir/,,replace==qiau.ac.ir,,,,,,,,,,,,
,https://ror.org/023m5rq87,,,,,,,,,replace==upn.mx,,,,,,,,,,,,
,https://ror.org/023pc0v92,,,,,,,,,replace==asl.bari.it,,,,,,,,,,,,
,https://ror.org/023q4bk22,,,,,,,,,replace==cqu.edu.au,,,,,,,,,,,,
,https://ror.org/023qc4a07,,,,,,,replace==https://www.hubrecht.eu/,,replace==hubrecht.eu,,,,,,,,,,,,
,https://ror.org/023r5tg35,,,,,,,replace==https://biosoil.ru/,,replace==biosoil.ru,,,,,,,,,,,,
,https://ror.org/023v4bd62,,,,,,,replace==https://www.naro.go.jp/,,replace==naro.go.jp,,,,,,,,,,,,
,https://ror.org/023wxgq18,,,,,,,,,replace==ifnmu.edu.ua,,,,,,,,,,,,
,https://ror.org/023znxa73,,,,,,,replace==https://spbu.ru/,,replace==spbu.ru,,,,,,,,,,,,
,https://ror.org/02403qw73,,,,,,,,,replace==nhri.cn,,,,,,,,,,,,
,https://ror.org/0241b8f19,,,,,,,replace==https://www.gu.edu.pk/,,replace==gu.edu.pk,,,,,,,,,,,,
,https://ror.org/024242h31,,,,,,,replace==https://www.paaet.edu.kw/,,replace==paaet.edu.kw,,,,,,,,,,,,
,https://ror.org/0244rem06,,,,,,,replace==https://www.shinshu-u.ac.jp/,,replace==shinshu-u.ac.jp,,,,,,,,,,,,
,https://ror.org/0245cg223,,,,,,,,,replace==uni-freiburg.de,,,,,,,,,,,,
,https://ror.org/024b57v39,,,,,,,replace==https://www.kosin.ac.kr/,,replace==kosin.ac.kr,,,,,,,,,,,,
,https://ror.org/024c2fq17,,,,,,,replace==https://www.sharif.ir,,replace==sharif.edu,,,,,,,,,,,,
,https://ror.org/024nfx323,,,,,,,replace==https://www.qzc.edu.cn/,,replace==qzc.edu.cn,,,,,,,,,,,,
,https://ror.org/024pdem44,,,,,,,replace==https://www.hyogo-dai.ac.jp/,,replace==hyogo-dai.ac.jp,,,,,,,,,,,,
,https://ror.org/024t5tt95,,,,,,,replace==https://www.kicet.re.kr/,,replace==kicet.re.kr,,,,,,,,,,,,
,https://ror.org/024v0gx67,,,,,,,replace==https://www.gxtcmu.edu.cn/,,replace==gxtcmu.edu.cn,,,,,,,,,,,,
,https://ror.org/024z2rq82,,,,,,,replace==https://www.hhu.de/,,replace==hhu.de,,,,,,,,,,,,
,https://ror.org/025020z88,,,,,,,,,replace==hnca.org.cn,,,,,,,,,,,,
,https://ror.org/0250bhj44,,,,,,,,,replace==fedpolyado.edu.ng,,,,,,,,,,,,
,https://ror.org/0250jpt55,,,,,,,replace==https://saurashtrauniversity.ac.in/,,replace==sauuni.ac.in,,,,,,,,,,,,
,https://ror.org/0254bmq54,,,,,,,replace==https://www.ncnp.go.jp/,,replace==ncnp.go.jp,,,,,,,,,,,,
,https://ror.org/02558wk32,,,,,,,,,replace==iau-arak.ac.ir,,,,,,,,,,,,
,https://ror.org/0255nn983,,,,,,,replace==https://www.tvu.edu.in/,,replace==tvu.edu.in,,,,,,,,,,,,
,https://ror.org/0256kw398,,,,,,,,,replace==birzeit.edu,,,,,,,,,,,,
,https://ror.org/02571vj15,,,,,,,replace==https://www.univ-skikda.dz/,,replace==univ-skikda.dz,,,,,,,,,,,,
,https://ror.org/02579k123,,,,,,,,,replace==binadarma.ac.id,,,,,,,,,,,,
,https://ror.org/0257ekp23,,,,,,,replace==https://imsu.edu.ng,,replace==imsu.edu.ng,,,,,,,,,,,,
,https://ror.org/0257sgk90,,,,,,,,,replace==lis-lab.fr,,,,,,,,,,,,
,https://ror.org/0258gkt32,,,,,,,,,replace==mbzuai.ac.ae,,,,,,,,,,,,
,https://ror.org/025agpj70,,,,,,,replace==https://www.wapc.org/,,replace==wapc.org,,,,,,,,,,,,
,https://ror.org/025chrz76,,,,,,,,,replace==marshfieldclinic.org,,,,,,,,,,,,
,https://ror.org/025edj240,,,,,,,replace==https://www.gyu.edu.cn/,,replace==gyu.cn,,,,,,,,,,,,
,https://ror.org/025fw7a54,,,,,,,replace==https://www.fli.de/,,replace==fli.de,,,,,,,,,,,,
,https://ror.org/025gq5q04,,,,,,,,,replace==iue.ac.cn,,,,,,,,,,,,
,https://ror.org/025gxrt12,,,,,,,,,replace==idival.org,,,,,,,,,,,,
,https://ror.org/025h1m602,,,,,,,replace==https://www.konkuk.ac.kr/,,replace==konkuk.ac.kr,,,,,,,,,,,,
,https://ror.org/025h9kw94,,,,,,,replace==https://www.asahikawa-med.ac.jp/,,replace==asahikawa-med.ac.jp,,,,,,,,,,,,
,https://ror.org/025kz2973,,,,,,,replace==https://ptu.ac.in/,,replace==ptu.ac.in,,,,,,,,,,,,
,https://ror.org/025n13r50,,,,,,,replace==https://www.adelphi.edu/,,replace==adelphi.edu,,,,,,,,,,,,
,https://ror.org/025n38288,,,,,,,replace==https://www.uhcw.nhs.uk/,,replace==uhcw.nhs.uk,,,,,,,,,,,,
,https://ror.org/025nmxp11,,,,,,,replace==https://www.imft.fr/,,replace==imft.fr,,,,,,,,,,,,
,https://ror.org/025s1b152,,,,,,,,,replace==univ-catholille.fr,,,,,,,,,,,,
,https://ror.org/025vmq686,,,,,,,replace==https://portal.pucrs.br/,,replace==pucrs.br,,,,,,,,,,,,
,https://ror.org/025wfj672,,,,,,,,,replace==mrc.gm,,,,,,,,,,,,
,https://ror.org/025z3z560,,,,,,,replace==https://www.synergy-munich.de/,,replace==synergy-munich.de,,,,,,,,,,,,
,https://ror.org/025z8ah66,,,,,,,replace==https://www.publichealthontario.ca/,,replace==oahpp.ca,,,,,,,,,,,,
,https://ror.org/0261g6j35,,,,,,,replace==https://hau.ac.in/,,replace==hau.ac.in,,,,,,,,,,,,
,https://ror.org/0261qja04,,,,,,,,,replace==uenp.edu.br,,,,,,,,,,,,
,https://ror.org/0264zxa45,,,,,,,replace==https://www.tohoku-mpu.ac.jp/,,replace==tohoku-mpu.ac.jp,,,,,,,,,,,,
,https://ror.org/02684h094,,,,,,,replace==https://www.healthdata.org/,,replace==healthdata.org,,,,,,,,,,,,
,https://ror.org/02698kt06,,,,,,,replace==https://oswaldocruz.br/,,replace==oswaldocruz.br,,,,,,,,,,,,
,https://ror.org/026drga03,,,,,,,,,replace==cnemc.cn,,,,,,,,,,,,
,https://ror.org/026er9r08,,,,,,,replace==https://www.lockheedmartin.com/,,replace==lmco.com,,,,,,,,,,,,
,https://ror.org/026ny0e17,,,,,,,,,replace==ec.gc.ca,,,,,,,,,,,,
,https://ror.org/026p72y65,,,,,,,replace==https://www.material.be/,,replace==material.be,,,,,,,,,,,,
,https://ror.org/026sv7t11,,,,,,,,,replace==qnlm.ac,,,,,,,,,,,,
,https://ror.org/026tktq31,,,,,,,replace==https://su.digitaluniversity.ac/,,replace==sus.ac.in,,,,,,,,,,,,
,https://ror.org/026v1ze26,,,,,,,,,replace==nims.go.jp,,,,,,,,,,,,
,https://ror.org/026vtd268,,,,,,,replace==https://www.manit.ac.in,,replace==manit.ac.in,,,,,,,,,,,,
,https://ror.org/026vvkz19,,,,,,,replace==https://www.cnism.it/,,replace==cnism.it,,,,,,,,,,,,
,https://ror.org/026yy9j15,,,,,,,,,replace==ibsgranada.es,,,,,,,,,,,,
,https://ror.org/026zzn846,,,,,,,replace==https://www.qmul.ac.uk/,,replace==qmul.ac.uk,,,,,,,,,,,,
,https://ror.org/02706zn47,,,,,,,,,replace==phdmc.org,,,,,,,,,,,,
,https://ror.org/0270xt841,,,,,,,,,replace==institut-myologie.org,,,,,,,,,,,,
,https://ror.org/0270y6950,,,,,,,,,replace==hrbnu.edu.cn,,,,,,,,,,,,
,https://ror.org/02722hp10,,,,,,,replace==https://www.shamir.org,,replace==shamir.gov.il,,,,,,,,,,,,
,https://ror.org/027385r44,,,,,,,,,replace==ecut.edu.cn,,,,,,,,,,,,
,https://ror.org/0275ye937,,,,,,,replace==https://www.chu-nimes.fr/,,replace==chu-nimes.fr,,,,,,,,,,,,
,https://ror.org/0276bkt19,,,,,,,,,replace==nphl.gov.np,,,,,,,,,,,,
,https://ror.org/02778hg05,,,,,,,,,replace==uni-trier.de,,,,,,,,,,,,
,https://ror.org/0277n1841,,,,,,,,,replace==utmck.edu,,,,,,,,,,,,
,https://ror.org/027arzy69,,,,,,,replace==https://www.chu-caen.fr/,,replace==chu-caen.fr,,,,,,,,,,,,
,https://ror.org/027bh9e22,,,,,,,,,replace==leidenuniv.nl,,,,,,,,,,,,
,https://ror.org/027de2r94,,,,,,,,,replace==radenintan.ac.id,,,,,,,,,,,,
,https://ror.org/027hwkg23,,,,,,,replace==https://www.eimb.ru/,,replace==eimb.ru,,,,,,,,,,,,
,https://ror.org/027m9bs27,,,,,,,replace==https://www.manchester.ac.uk/,,replace==manchester.ac.uk,,,,,,,,,,,,
,https://ror.org/027pk6j83,,,,,,,replace==https://www.imdea.org/,,replace==imdea.org,,,,,,,,,,,,
,https://ror.org/027pr6c67,,,,,,,,,replace==muhas.ac.tz,,,,,,,,,,,,
,https://ror.org/027s08w94,,,,,,,replace==https://www.uepg.br,,replace==uepg.br,,,,,,,,,,,,
,https://ror.org/027tkf265,,,,,,,,,replace==islandhospital.org,,,,,,,,,,,,
,https://ror.org/027vts844,,,,,,,,,replace==cwz.nl,,,,,,,,,,,,
,https://ror.org/027z64205,,,,,,,replace==https://www.openu.ac.il/,,replace==openu.ac.il,,,,,,,,,,,,
,https://ror.org/027zr9y17,,,,,,,replace==https://www.msu.edu.my/,,replace==msu.edu.my,,,,,,,,,,,,
,https://ror.org/027zt9171,,,,,,,replace==https://www.houstonmethodist.org/,,replace==houstonmethodist.org,,,,,,,,,,,,
,https://ror.org/0282qcz50,,,,,,,replace==https://choc.org/,,replace==choc.org,,,,,,,,,,,,
,https://ror.org/0283yy536,,,,,,,,,replace==unilak.ac.id,,,,,,,,,,,,
,https://ror.org/02842cb31,,,,,,,replace==https://www.unir.br/,,replace==unir.br,,,,,,,,,,,,
,https://ror.org/0284e2q78,,,,,,,replace==https://www.redcross.org/,,replace==redcross.org,,,,,,,,,,,,
,https://ror.org/0286g6711,,,,,,,,,replace==sgu.edu.cn,,,,,,,,,,,,
,https://ror.org/02885vs25,,,,,,,replace==https://www.fluor.com/,,replace==fluor.com,,,,,,,,,,,,
,https://ror.org/028861t28,,,,,,,replace==https://www.tamiu.edu/,,replace==tamiu.edu,,,,,,,,,,,,
,https://ror.org/0288c6p43,,,,,,,replace==https://www.dana.com/,,replace==dana.com,,,,,,,,,,,,
,https://ror.org/0288jxv49,,,,,,,replace==https://www.ids.ac.uk/,,replace==ids.ac.uk,,,,,,,,,,,,
,https://ror.org/0288swk05,,,,,,,,,replace==if-pan.edu.pl,,,,,,,,,,,,
,https://ror.org/028caqe42,,,,,,,replace==https://impa.br/,,replace==impa.br,,,,,,,,,,,,
,https://ror.org/028gzjv13,,,,,,,replace==https://research.kpchr.org,,replace==kpchr.org,,,,,,,,,,,,
,https://ror.org/028h95t32,,,,,,,replace==https://www.ldu.edu.cn/,,replace==ldu.edu.cn,,,,,,,,,,,,
,https://ror.org/028hv5492,,,,,,,replace==https://www.uniklinikum-leipzig.de/,,replace==uniklinik-leipzig.de,,,,,,,,,,,,
,https://ror.org/028jh2126,,,,,,,replace==https://www.aabu.edu.jo/,,replace==aabu.edu.jo,,,,,,,,,,,,
,https://ror.org/028ka0n85,,,,,,,replace==https://www.ufs.br/,,replace==ufs.br,,,,,,,,,,,,
,https://ror.org/028kg9j04,,,,,,,replace==https://www.ufabc.edu.br/,,replace==ufabc.edu.br,,,,,,,,,,,,
,https://ror.org/028qa3n13,,,,,,,replace==https://www.iiserpune.ac.in/,,replace==iiserpune.ac.in,,,,,,,,,,,,
,https://ror.org/028rmam09,,,,,,,,,replace==sjzc.edu.cn,,,,,,,,,,,,
,https://ror.org/028vtqb15,,,,,,,,,replace==bitmesra.ac.in,,,,,,,,,,,,
,https://ror.org/028wp3y58,,,,,,,replace==https://www.chula.ac.th/,,replace==chula.ac.th,,,,,,,,,,,,
,https://ror.org/028ynny55,,,,,,,,,replace==alemana.cl,,,,,,,,,,,,
,https://ror.org/028z9kw20,,,,,,,,,replace==hu.nl,,,,,,,,,,,,
,https://ror.org/028ze1052,,,,,,,,,replace==tirol-kliniken.at,,,,,,,,,,,,
,https://ror.org/0290a6k23,,,,,,,,,replace==rsyd.dk,,,,,,,,,,,,
,https://ror.org/02916qm60,,,,,,,replace==https://www.justice.gov/,,replace==usdoj.gov,,,,,,,,,,,,
,https://ror.org/0291ys696,,,,,,,,,replace==miunited.org,,,,,,,,,,,,
,https://ror.org/02927dx12,,,,,,,,,replace==ils.res.in,,,,,,,,,,,,
,https://ror.org/029819q61,,,,,,,replace==https://en.cibr.ac.cn/,,replace==cibr.ac.cn,,,,,,,,,,,,
,https://ror.org/029bp0k25,,,,,,,replace==https://uca.edu/,,replace==uca.edu,,,,,,,,,,,,
,https://ror.org/029cgt552,,,,,,,,,replace==utm.tn,,,,,,,,,,,,
,https://ror.org/029dygd35,,,,,,,replace==https://nibm.my/,,replace==nibm.my,,,,,,,,,,,,
,https://ror.org/029gksw03,,,,,,,replace==https://english.semnan.ac.ir/,,replace==semnan.ac.ir,,,,,,,,,,,,
,https://ror.org/029hept94,,,,,,,replace==https://hosp-alexandra.gr/,,replace==hosp-alexandra.gr,,,,,,,,,,,,
,https://ror.org/029hrv109,,,,,,,,,replace==ntub.edu.tw,,,,,,,,,,,,
,https://ror.org/029jgxb70,,,,,,,,,replace==unicuritiba.com.br,,,,,,,,,,,,
,https://ror.org/029jj9438,,,,,,,replace==https://www.troy.edu/,,replace==troy.edu,,,,,,,,,,,,
,https://ror.org/029man787,,,,,,,,,replace==lynu.edu.cn,,,,,,,,,,,,
,https://ror.org/029me2q51,,,,,,,replace==https://eru.edu.eg/,,replace==eru.edu.eg,,,,,,,,,,,,
,https://ror.org/029mnbn96,,,,,,,replace==https://aiimsbhubaneswar.nic.in/,,replace==aiimsbhubaneswar.edu.in,,,,,,,,,,,,
,https://ror.org/029n6xw55,,,,,,,,,replace==cancercare.on.ca,,,,,,,,,,,,
,https://ror.org/029njb796,,,,,,,,,replace==psu.ru,,,,,,,,,,,,
,https://ror.org/029nkcm90,,,,,,,replace==https://observatoiredeparis.psl.eu/,,replace==obspm.fr,,,,,,,,,,,,
,https://ror.org/029nvrb94,,,,,,,replace==https://www.snec.com.sg/,,replace==snec.com.sg,,,,,,,,,,,,
,https://ror.org/029nydt37,,,,,,,replace==https://nitte.edu.in/,,replace==nitte.edu.in,,,,,,,,,,,,
,https://ror.org/029pp9z10,,,,,,,replace==https://www.jhuapl.edu/,,replace==jhuapl.edu,,,,,,,,,,,,
,https://ror.org/029s6hd13,,,,,,,replace==https://www.chu-poitiers.fr/,,replace==chu-poitiers.fr,,,,,,,,,,,,
,https://ror.org/029t9db68,,,,,,,,,replace==tsue.uz,,,,,,,,,,,,
,https://ror.org/029tkqm80,,,,,,,replace==https://www.stvincents.ie/,,replace==svuh.ie,,,,,,,,,,,,
,https://ror.org/029tnqt29,,,,,,,replace==https://www.umoncton.ca/,,replace==umoncton.ca,,,,,,,,,,,,
,https://ror.org/029wq9x81,,,,,,,,,replace==sichuancancer.org,,,,,,,,,,,,
,https://ror.org/029ycp228,,,,,,,,,replace==uach.cl,,,,,,,,,,,,
,https://ror.org/02a2kzf50,,,,,,,,,replace==clinic.cat,,,,,,,,,,,,
,https://ror.org/02a5meq09,,,,,,,,,replace==inepan.waw.pl,,,,,,,,,,,,
,https://ror.org/02a6g3h39,,,,,,,replace==https://hmu.edu.krd/,,replace==hmu.edu.krd,,,,,,,,,,,,
,https://ror.org/02a7yfb86,,,,,,,replace==https://www.pucgoias.edu.br/,,replace==pucgoias.edu.br,,,,,,,,,,,,
,https://ror.org/02a7zg443,,,,,,,,,replace==humanities.mn,,,,,,,,,,,,
,https://ror.org/02aaqv166,,,,,,,,,replace==knu.ua,,,,,,,,,,,,
,https://ror.org/02aee5m12,,,,,,,,,replace==genetics.ac.cn,,,,,,,,,,,,
,https://ror.org/02af4h012,,,,,,,replace==https://jadavpuruniversity.in/,,replace==jadavpuruniversity.in,,,,,,,,,,,,
,https://ror.org/02afbf040,,,,,,,replace==https://thekmu.edu.pk/,,replace==thekmu.edu.pk,,,,,,,,,,,,
,https://ror.org/02ahky613,,,,,,,replace==https://www.une.edu.mx/,,replace==une.edu.mx,,,,,,,,,,,,
,https://ror.org/02aj13c28,,,,,,,,,replace==helmholtz-berlin.de,,,,,,,,,,,,
,https://ror.org/02aj8qz21,,,,,,,replace==https://www.faas.cn/,,replace==faas.cn,,,,,,,,,,,,
,https://ror.org/02akpm128,,,,,,,,,replace==ucn.cl,,,,,,,,,,,,
,https://ror.org/02an6vg71,,,,,,,,,replace==bkuc.edu.pk,,,,,,,,,,,,
,https://ror.org/02anh8x74,,,,,,,,,replace==msruas.ac.in,,,,,,,,,,,,
,https://ror.org/02anx2442,,,,,,,replace==https://hneu.edu.ua/,,replace==hneu.edu.ua,,,,,,,,,,,,
,https://ror.org/02aqv1x10,,,,,,,,,replace==mariecurie.org.uk,,,,,,,,,,,,
,https://ror.org/02arnxw97,,,,,,,replace==https://www.udem.edu.mx/,,replace==udem.edu.mx,,,,,,,,,,,,
,https://ror.org/02as34v38,,,,,,,,,replace==orsted.com,,,,,,,,,,,,
,https://ror.org/02aswte26,,,,,,,replace==https://www.manchester.edu/,,replace==manchester.edu,,,,,,,,,,,,
,https://ror.org/02ax13658,,,,,,,replace==https://www.bubhopal.ac.in/,,replace==bubhopal.ac.in,,,,,,,,,,,,
,https://ror.org/02aze4h65,,,,,,,replace==https://www.ncat.edu/,,replace==ncat.edu,,,,,,,,,,,,
,https://ror.org/02azr0g93,,,,,,,,,replace==unkhair.ac.id,,,,,,,,,,,,
,https://ror.org/02b2x6q12,,,,,,,,,replace==aidatlanta.org,,,,,,,,,,,,
,https://ror.org/02b52th27,,,,,,,replace==https://fuuastisb.edu.pk/,,replace==fuuastisb.edu.pk,,,,,,,,,,,,
,https://ror.org/02b5m3n83,,,,,,,replace==https://www.imp.lodz.pl/,,replace==imp.lodz.pl,,,,,,,,,,,,
,https://ror.org/02b5mfy68,,,,,,,replace==https://www.idi.it/,,replace==idi.it,,,,,,,,,,,,
,https://ror.org/02b6qw903,,,,,,,replace==https://sc.edu/,,replace==sc.edu,,,,,,,,,,,,
,https://ror.org/02bb8n686,,,,,,,replace==https://www.gzy.edu.cn/,,replace==gzy.edu.cn,,,,,,,,,,,,
,https://ror.org/02bbd5539,,,,,,,,,replace==att.com,,,,,,,,,,,,
,https://ror.org/02bbqcn27,,,,,,,,,replace==kcs.org.uk,,,,,,,,,,,,
,https://ror.org/02bchch95,,,,,,,,,replace==plantandfood.co.nz,,,,,,,,,,,,
,https://ror.org/02be22443,,,,,,,replace==https://www.fbh-berlin.de/,,replace==fbh-berlin.de,,,,,,,,,,,,
,https://ror.org/02beve479,,,,,,,replace==https://www.lasalle.edu/,,replace==lasalle.edu,,,,,,,,,,,,
,https://ror.org/02bf6br77,,,,,,,replace==https://www.lcwu.edu.pk/,,replace==lcwu.edu.pk,,,,,,,,,,,,
,https://ror.org/02bfwt286,,,,,,,,,replace==monash.edu,,,,,,,,,,,,
,https://ror.org/02bgarq81,,,,,,,,,replace==bay.org,,,,,,,,,,,,
,https://ror.org/02bhgkk43,,,,,,,replace==https://uca.edu.sv/,,replace==uca.edu.sv,,,,,,,,,,,,
,https://ror.org/02bnkt322,,,,,,,replace==https://www.bfh.ch/,,replace==bfh.ch,,,,,,,,,,,,
,https://ror.org/02bpnkx55,,,,,,,,,replace==tsu.edu.cn,,,,,,,,,,,,
,https://ror.org/02br7py06,,,,,,,,,replace==sari.ac.cn,,,,,,,,,,,,
,https://ror.org/02brpaf34,,,,,,,replace==https://www.asst-pini-cto.it/,,replace==asst-pini-cto.it,,,,,,,,,,,,
,https://ror.org/02bs0cv29,,,,,,,,,replace==okcu.edu,,,,,,,,,,,,
,https://ror.org/02bv3zr67,,,,,,,,,replace==hbni.ac.in,,,,,,,,,,,,
,https://ror.org/02bvvhn54,,,,,,,,,replace==abaiuniversity.edu.kz,,,,,,,,,,,,
,https://ror.org/02bwk9n38,,,,,,,replace==http://www.cafs.ac.cn/,,replace==cafs.ac.cn,,,,,,,,,,,,
,https://ror.org/02bwkwm60,,,,,,,replace==https://www.it-hiroshima.ac.jp/,,replace==it-hiroshima.ac.jp,,,,,,,,,,,,
,https://ror.org/02bxrp522,,,,,,,replace==https://www.knoxvillecollege.edu/,,replace==knoxvillecollege.edu,,,,,,,,,,,,
,https://ror.org/02bxt4m23,,,,,,,,,replace==northwell.edu,,,,,,,,,,,,
,https://ror.org/02bzfxf13,,,,,,,,,replace==dtu.edu.et,,,,,,,,,,,,
,https://ror.org/02c0s8023,,,,,,,replace==https://umi.ac.id/,,replace==umi.ac.id,,,,,,,,,,,,
,https://ror.org/02c13m258,,,,,,,,,replace==iz.sp.gov.br,,,,,,,,,,,,
,https://ror.org/02c1tfz23,,,,,,,replace==https://www.fnplzen.cz/,,replace==fnplzen.cz,,,,,,,,,,,,
,https://ror.org/02c21vy68,,,,,,,,,replace==unlpam.edu.ar,,,,,,,,,,,,
,https://ror.org/02c2f8975,,,,,,,,,replace==ulsan.ac.kr,,,,,,,,,,,,
,https://ror.org/02c2gwm94,,,,,,,replace==https://www.cardio.com/,,replace==cardio.com,,,,,,,,,,,,
,https://ror.org/02c31t502,,,,,,,,,replace==gibh.ac.cn,,,,,,,,,,,,
,https://ror.org/02c4cbt39,,,,,,,replace==https://www.lsus.edu/,,replace==lsus.edu,,,,,,,,,,,,
,https://ror.org/02c4z7527,,,,,,,replace==https://www.jnu.ac.bd/,,replace==jnu.ac.bd,,,,,,,,,,,,
,https://ror.org/02c4zkr79,,,,,,,,,replace==eksu.edu.ng,,,,,,,,,,,,
,https://ror.org/02c5gc203,,,,,,,replace==https://www.ijm.fr,,replace==ijm.fr,,,,,,,,,,,,
,https://ror.org/02c5jsm26,,,,,,,replace==https://www.imp.ac.at/,,replace==imp.ac.at,,,,,,,,,,,,
,https://ror.org/02caa0269,,,,,,,,,replace==idi.co.ug,,,,,,,,,,,,
,https://ror.org/02cafbr77,,,,,,,,,replace==pucv.cl,,,,,,,,,,,,
,https://ror.org/02cbrh206,,,,,,,replace==https://www.pharmacist.com/,,replace==aphanet.org,,,,,,,,,,,,
,https://ror.org/02cbymn47,,,,,,,,,replace==unemat.br,,,,,,,,,,,,
,https://ror.org/02cc4gc68,,,,,,,replace==https://atu.ac.ir/,,replace==atu.ac.ir,,,,,,,,,,,,
,https://ror.org/02ccba128,,,,,,,replace==https://www.astu.edu.et/,,replace==astu.edu.et,,,,,,,,,,,,
,https://ror.org/02cgn2a44,,,,,,,,,replace==sfi.ch,,,,,,,,,,,,
,https://ror.org/02cnnsp10,,,,,,,replace==https://www.ipef.br/,,replace==ipef.br,,,,,,,,,,,,
,https://ror.org/02cntp233,,,,,,,replace==https://www.daido-it.ac.jp/,,replace==daido-it.ac.jp,,,,,,,,,,,,
,https://ror.org/02crz6e12,,,,,,,,,replace==seri.com.sg,,,,,,,,,,,,
,https://ror.org/02csxcg02,,,,,,,replace==https://dinus.ac.id/,,replace==dinus.id,,,,,,,,,,,,
,https://ror.org/02cy9g557,,,,,,,replace==https://www.atilf.fr/,,replace==atilf.fr,,,,,,,,,,,,
,https://ror.org/02cyra061,,,,,,,replace==https://www.nuozu.edu.ua/,,replace==nuozu.edu.ua,,,,,,,,,,,,
,https://ror.org/02d02f052,,,,,,,replace==https://www.ipm.cz/,,replace==ipm.cz,,,,,,,,,,,,
,https://ror.org/02d06s578,,,,,,,,,replace==cque.edu.cn,,,,,,,,,,,,
,https://ror.org/02d09a271,,,,,,,,,replace==up.edu.br,,,,,,,,,,,,
,https://ror.org/02d3hy418,,,,,,,replace==https://www.ipea.gov.br/,,replace==ipea.gov.br,,,,,,,,,,,,
,https://ror.org/02d5ks197,,,,,,,,,replace==cuhk.edu.cn,,,,,,,,,,,,
,https://ror.org/02d6ew870,,,,,,,replace==https://www.baxter.com/,,replace==baxter.com,,,,,,,,,,,,
,https://ror.org/02d93ae38,,,,,,,replace==https://www.gob.mx/issste,,replace==issste.gob.mx,,,,,,,,,,,,
,https://ror.org/02day0j61,,,,,,,replace==https://www.novamedical.com/,,replace==novamedical.com,,,,,,,,,,,,
,https://ror.org/02dayf324,,,,,,,replace==https://pu.edu.np,,replace==pu.edu.np,,,,,,,,,,,,
,https://ror.org/02der9h97,,,,,,,,,replace==uconn.edu,,,,,,,,,,,,
,https://ror.org/02dfpb916,,,,,,,replace==https://www.gob.mx/imp,,replace==imp.mx,,,,,,,,,,,,
,https://ror.org/02dg0pv02,,,,,,,,,replace==unicef.org,,,,,,,,,,,,
,https://ror.org/02djn2x77,,,,,,,,,replace==march.es,,,,,,,,,,,,
,https://ror.org/02dqcqh19,,,,,,,replace==https://kidsdentalcollege.org/,,replace==kidsdentalcollege.org,,,,,,,,,,,,
,https://ror.org/02dqdxm48,,,,,,,replace==https://www.hamiltonhealthsciences.ca/,,replace==hhsc.ca,,,,,,,,,,,,
,https://ror.org/02dqztz06,,,,,,,replace==https://www.epri.com/#/,,replace==epri.com,,,,,,,,,,,,
,https://ror.org/02drdmm93,,,,,,,,,replace==pumc.edu.cn,,,,,,,,,,,,
,https://ror.org/02dveg925,,,,,,,,,replace==univ-boumerdes.dz,,,,,,,,,,,,
,https://ror.org/02dwcqs71,,,,,,,replace==https://www.aiims.edu/,,replace==aiims.gov.in,,,,,,,,,,,,
,https://ror.org/02dwrdh81,,,,,,,replace==https://uokufa.edu.iq/,,replace==uokufa.edu.iq,,,,,,,,,,,,
,https://ror.org/02dxgk712,,,,,,,replace==https://www.seti.org/,,replace==seti.org,,,,,,,,,,,,
,https://ror.org/02dxm8k93,,,,,,,replace==https://portal.upb.edu.co/,,replace==upb.edu.co,,,,,,,,,,,,
,https://ror.org/02dxx6824,,,,,,,,,replace==scripps.edu,,,,,,,,,,,,
,https://ror.org/02dzbc556,,,,,,,,,replace==cerfacs.fr,,,,,,,,,,,,
,https://ror.org/02e2nnq08,,,,,,,,,replace==sdufe.edu.cn,,,,,,,,,,,,
,https://ror.org/02e3hdx05,,,,,,,replace==https://www.hochschule-trier.de,,replace==hochschule-trier.de,,,,,,,,,,,,
,https://ror.org/02e3ssq97,,,,,,,replace==https://www.dongnocchi.it/,,replace==dongnocchi.it,,,,,,,,,,,,
,https://ror.org/02e42hc22,,,,,,,,,replace==cisri.cn,,,,,,,,,,,,
,https://ror.org/02e6z0y17,,,,,,,,,replace==ambou.edu.et,,,,,,,,,,,,
,https://ror.org/02e9zc863,,,,,,,replace==https://www.kw.ac.kr/,,replace==kw.ac.kr,,,,,,,,,,,,
,https://ror.org/02eb4t121,,,,,,,,,replace==pmo.ac.cn,,,,,,,,,,,,
,https://ror.org/02ed4cj64,,,,,,,,,replace==creativecommons.org,,,,,,,,,,,,
,https://ror.org/02ee2t316,,,,,,,replace==https://www.uowasit.edu.iq/,,replace==uowasit.edu.iq,,,,,,,,,,,,
,https://ror.org/02eeqxc82,,,,,,,,,replace==cder.dz,,,,,,,,,,,,
,https://ror.org/02ehan050,,,,,,,,,replace==noctrl.edu,,,,,,,,,,,,
,https://ror.org/02ehshm78,,,,,,,,,replace==emich.edu,,,,,,,,,,,,
,https://ror.org/02ejkey04,,,,,,,replace==https://fh-hwz.ch/,,replace==fh-hwz.ch,,,,,,,,,,,,
,https://ror.org/02em1tr51,,,,,,,,,replace==up45.ac.id,,,,,,,,,,,,
,https://ror.org/02en5vm52,,,,,,,,,replace==sorbonne-universite.fr,,,,,,,,,,,,
,https://ror.org/02en8ya84,,,,,,,replace==https://www.shifa.com.pk/,,replace==shifa.com.pk,,,,,,,,,,,,
,https://ror.org/02epdjj68,,,,,,,replace==https://portal.hcg.gob.mx/,,replace==hcg.gob.mx,,,,,,,,,,,,
,https://ror.org/02eq2w707,,,,,,,,,replace==nas.edu,,,,,,,,,,,,
,https://ror.org/02eqchk86,,,,,,,replace==https://www.dju.ac.kr/,,replace==dju.ac.kr,,,,,,,,,,,,
,https://ror.org/02ett6548,,,,,,,,,replace==epworth.org.au,,,,,,,,,,,,
,https://ror.org/02ewzwr87,,,,,,,replace==https://qu.edu.iq/,,replace==qu.edu.iq,,,,,,,,,,,,
,https://ror.org/02ex6cf31,,,,,,,replace==https://www.bnl.gov/,,replace==bnl.gov,,,,,,,,,,,,
,https://ror.org/02exhb815,,,,,,,,,replace==royaninstitute.org,,,,,,,,,,,,
,https://ror.org/02exqgm79,,,,,,,replace==https://www.hitachi.com/,,replace==hitachi.com,,,,,,,,,,,,
,https://ror.org/02exxtn84,,,,,,,replace==https://amityuniversity.ae,,replace==amityuniversity.ae,,,,,,,,,,,,
,https://ror.org/02ey6qs66,,,,,,,,,replace==jscdc.cn,,,,,,,,,,,,
,https://ror.org/02f0cra24,,,,,,,,,replace==ginras.ru,,,,,,,,,,,,
,https://ror.org/02f2vsx71,,,,,,,,,replace==hk.edu.tw,,,,,,,,,,,,
,https://ror.org/02f3xk561,,,,,,,replace==https://www.cancerresearch.org/,,replace==cancerresearch.org,,,,,,,,,,,,
,https://ror.org/02f42pw58,,,,,,,,,replace==ynao.ac.cn,,,,,,,,,,,,
,https://ror.org/02f51rf24,,,,,,,replace==https://www.regeneron.com/,,replace==regeneron.com,,,,,,,,,,,,
,https://ror.org/02f5b7n18,,,,,,,replace==https://www.mpic.de/,,replace==mpic.de,,,,,,,,,,,,
,https://ror.org/02f60yb64,,,,,,,,,replace==qinetiq.com,,,,,,,,,,,,
,https://ror.org/02f7nxk86,,,,,,,,,replace==unpal.ac.id,,,,,,,,,,,,
,https://ror.org/02f99v835,,,,,,,replace==https://www.dpz.eu/,,replace==dpz.eu,,,,,,,,,,,,
,https://ror.org/02f9zrr09,,,,,,,,,replace==novartis.com,,,,,,,,,,,,
,https://ror.org/02fdb8q57,,,,,,,,,replace==saint-gobain.com,,,,,,,,,,,,
,https://ror.org/02fj6b627,,,,,,,replace==https://www.gxust.edu.cn/,,replace==gxust.edu.cn,,,,,,,,,,,,
,https://ror.org/02fkh1w66,,,,,,,,,replace==healthaffairs.org,,,,,,,,,,,,
,https://ror.org/02fq2px14,,,,,,,,,replace==jipmer.edu.in,,,,,,,,,,,,
,https://ror.org/02frkq021,,,,,,,,,replace==sb-ras.ru,,,,,,,,,,,,
,https://ror.org/02ftdsn70,,,,,,,,,replace==taihehospital.com,,,,,,,,,,,,
,https://ror.org/02fv52296,,,,,,,,,replace==micron.com,,,,,,,,,,,,
,https://ror.org/02fv8hj62,,,,,,,replace==https://www.tecnalia.com/,,replace==tecnalia.com,,,,,,,,,,,,
,https://ror.org/02fvkg758,,,,,,,,,replace==mtu.edu.iq,,,,,,,,,,,,
,https://ror.org/02fvywg07,,,,,,,,,replace==mcphs.edu,,,,,,,,,,,,
,https://ror.org/02fwtg066,,,,,,,,,replace==sustech.edu,,,,,,,,,,,,
,https://ror.org/02fyxjb45,,,,,,,replace==https://skuniversity.ac.in/,,replace==skuniversity.ac.in,,,,,,,,,,,,
,https://ror.org/02g01ht84,,,,,,,,,replace==ydyy.net,,,,,,,,,,,,
,https://ror.org/02g07ds81,,,,,,,,,replace==uod.ac,,,,,,,,,,,,
,https://ror.org/02g5p4n58,,,,,,,,,replace==abbvie.com,,,,,,,,,,,,
,https://ror.org/02g87qh62,,,,,,,,,replace==ciberisciii.es,,,,,,,,,,,,
,https://ror.org/02g8ene02,,,,,,,replace==https://www.fthowerri.gov.ng/,,replace==fthowerri.gov.ng,,,,,,,,,,,,
,https://ror.org/02gdcg342,,,,,,,replace==https://www.univ-littoral.fr/,,replace==univ-littoral.fr,,,,,,,,,,,,
,https://ror.org/02gen2282,,,,,,,replace==https://portal.ufvjm.edu.br/,,replace==ufvjm.edu.br,,,,,,,,,,,,
,https://ror.org/02gfc7t72,,,,,,,replace==https://www.csic.es/,,replace==csic.es,,,,,,,,,,,,
,https://ror.org/02ggfyw45,,,,,,,replace==https://english.redcross.or.th,,replace==redcross.or.th,,,,,,,,,,,,
,https://ror.org/02ggt9460,,,,,,,,,replace==uems.br,,,,,,,,,,,,
,https://ror.org/02gh4kt33,,,,,,,,,replace==inaf.it,,,,,,,,,,,,
,https://ror.org/02gm5zw39,,,,,,,,,replace==ukaachen.de,,,,,,,,,,,,
,https://ror.org/02gp35s66,,,,,,,,,replace==unila.edu.br,,,,,,,,,,,,
,https://ror.org/02gp4e279,,,,,,,,,replace==cags.ac.cn,,,,,,,,,,,,
,https://ror.org/02gp92p70,,,,,,,replace==https://www.maggioreosp.novara.it/,,replace==maggioreosp.novara.it,,,,,,,,,,,,
,https://ror.org/02gqgne03,,,,,,,replace==https://aum.edu.kw/,,replace==aum.edu.kw,,,,,,,,,,,,
,https://ror.org/02grzhe48,,,,,,,,,replace==ypi.edu.cn,,,,,,,,,,,,
,https://ror.org/02gt27w49,,,,,,,,,replace==univap.br,,,,,,,,,,,,
,https://ror.org/02gzbg991,,,,,,,,,replace==spu.edu,,,,,,,,,,,,
,https://ror.org/02h1b1x27,,,,,,,,,replace==ula.ve,,,,,,,,,,,,
,https://ror.org/02h3fyk31,,,,,,,,,replace==xcc.edu.cn,,,,,,,,,,,,
,https://ror.org/02h6cs343,,,,,,,replace==https://www.aichi-med-u.ac.jp/,,replace==aichi-med-u.ac.jp,,,,,,,,,,,,
,https://ror.org/02h74qa12,,,,,,,,,replace==mutuaterrassa.cat,,,,,,,,,,,,
,https://ror.org/02h8a1848,,,,,,,replace==http://www.nxmu.edu.cn,,replace==nxmu.edu.cn,,,,,,,,,,,,
,https://ror.org/02haar591,,,,,,,replace==https://www.ipsl.fr/,,replace==ipsl.fr,,,,,,,,,,,,
,https://ror.org/02hb7bm88,,,,,,,replace==https://www.luke.fi/,,replace==luke.fi,,,,,,,,,,,,
,https://ror.org/02hcv4z63,,,,,,,,,replace==mu.edu.eg,,,,,,,,,,,,
,https://ror.org/02hf6mx60,,,,,,,replace==https://www.miet.ru/,,replace==miee.ru,,,,,,,,,,,,
,https://ror.org/02hfpnk21,,,,,,,,,replace==tgen.org,,,,,,,,,,,,
,https://ror.org/02hkkqt25,,,,,,,,,replace==mainefarmlandtrust.org,,,,,,,,,,,,
,https://ror.org/02hs8e066,,,,,,,replace==https://northbridge.edu/es-pr/,,replace==northbridge.edu,,,,,,,,,,,,
,https://ror.org/02hssy432,,,,,,,replace==https://www.iss.it/,,replace==iss.it,,,,,,,,,,,,
,https://ror.org/02ht5pq60,,,,,,,,,replace==ku.edu.af,,,,,,,,,,,,
,https://ror.org/02hw5fp67,,,,,,,,,replace==nies.go.jp,,,,,,,,,,,,
,https://ror.org/02hxrag63,,,,,,,replace==https://www.memorial.health/,,replace==mhsil.com,,,,,,,,,,,,
,https://ror.org/02j0gyf89,,,,,,,,,replace==wbgcas.cn,,,,,,,,,,,,
,https://ror.org/02j1m6098,,,,,,,,,replace==duke-nus.edu.sg,,,,,,,,,,,,
,https://ror.org/02j3xat32,,,,,,,,,replace==nioc.ir,,,,,,,,,,,,
,https://ror.org/02j693n47,,,,,,,replace==http://www.casm.ac.cn/,,replace==casm.ac.cn,,,,,,,,,,,,
,https://ror.org/02j71c790,,,,,,,,,replace==ufra.edu.br,,,,,,,,,,,,
,https://ror.org/02j7n9748,,,,,,,replace==https://www.lancsteachinghospitals.nhs.uk/,,replace==lthtr.nhs.uk,,,,,,,,,,,,
,https://ror.org/02j89k719,,,,,,,,,replace==fjirsm.ac.cn,,,,,,,,,,,,
,https://ror.org/02j8ga255,,,,,,,,,replace==aiub.edu,,,,,,,,,,,,
,https://ror.org/02j8pmw82,,,,,,,,,replace==iimidr.ac.in,,,,,,,,,,,,
,https://ror.org/02ja0m249,,,,,,,,,replace==sralab.org,,,,,,,,,,,,
,https://ror.org/02jagkr09,,,,,,,replace==https://gug.ac.in,,replace==gug.ac.in,,,,,,,,,,,,
,https://ror.org/02jfa8730,,,,,,,,,replace==chevron.com,,,,,,,,,,,,
,https://ror.org/02jgpyd84,,,,,,,replace==https://www.gju.edu.jo/,,replace==gju.edu.jo,,,,,,,,,,,,
,https://ror.org/02jj4k517,,,,,,,,,replace==ftiudm.ru,,,,,,,,,,,,
,https://ror.org/02jkmyk67,,,,,,,,,replace==amss.ac.cn,,,,,,,,,,,,
,https://ror.org/02jktx121,,,,,,,,,replace==itera.ac.id,,,,,,,,,,,,
,https://ror.org/02jmkw435,,,,,,,,,replace==sgmu.ru,,,,,,,,,,,,
,https://ror.org/02jqkb192,,,,,,,,,replace==biogen.com,,,,,,,,,,,,
,https://ror.org/02jqtg033,,,,,,,replace==https://ife.no/,,replace==ife.no,,,,,,,,,,,,
,https://ror.org/02jv06474,,,,,,,replace==https://www.hanseo.ac.kr/,,replace==hanseo.ac.kr,,,,,,,,,,,,
,https://ror.org/02jv3k292,,,,,,,,,replace==uni-sofia.bg,,,,,,,,,,,,
,https://ror.org/02jv3yx22,,,,,,,replace==https://www.ipm.lviv.ua/,,replace==ipm.lviv.ua,,,,,,,,,,,,
,https://ror.org/02jvh3a15,,,,,,,,,replace==diakonsyk.no,,,,,,,,,,,,
,https://ror.org/02jwb5s28,,,,,,,replace==https://www.bjhmoh.cn/,,replace==bjhmoh.cn,,,,,,,,,,,,
,https://ror.org/02jwe8b72,,,,,,,replace==https://univ-ao.edu.ci/,,replace==univ-ao.edu.ci,,,,,,,,,,,,
,https://ror.org/02jx3x895,,,,,,,,,replace==ucl.ac.uk,,,,,,,,,,,,
,https://ror.org/02jxrhq31,,,,,,,replace==https://melanoma.org.au/,,replace==melanoma.org.au,,,,,,,,,,,,
,https://ror.org/02jya5567,,,,,,,replace==https://www.bau.edu.lb/,,replace==bau.edu.lb,,,,,,,,,,,,
,https://ror.org/02jzt6t86,,,,,,,,,replace==igcz.poznan.pl,,,,,,,,,,,,
,https://ror.org/02k0t9a94,,,,,,,replace==https://www.sankaranethralaya.org/,,replace==snmail.org,,,,,,,,,,,,
,https://ror.org/02k3cxs74,,,,,,,,,replace==svi.edu.au,,,,,,,,,,,,
,https://ror.org/02k3jph89,,,,,,,replace==https://icf.com.br/,,replace==icf.com.br,,,,,,,,,,,,
,https://ror.org/02k40bc56,,,,,,,,,replace==indiana.edu,,,,,,,,,,,,
,https://ror.org/02k5swt12,,,,,,,replace==https://portal.unifesp.br/,,replace==unifesp.br,,,,,,,,,,,,
,https://ror.org/02k8cbn47,,,,,,,replace==https://www.gsi.de/,,replace==gsi.de,,,,,,,,,,,,
,https://ror.org/02k949197,,,,,,,,,replace==kluniversity.in,,,,,,,,,,,,
,https://ror.org/02kcbn207,,,,,,,,,replace==imec.be,,,,,,,,,,,,
,https://ror.org/02kf4r633,,,,,,,replace==https://manavrachna.edu.in/mriirs,,replace==manavrachna.edu.in,,,,,,,,,,,,
,https://ror.org/02kg21794,,,,,,,,,replace==regione.campania.it,,,,,,,,,,,,
,https://ror.org/02kj91m96,,,,,,,replace==https://www.leipzig-heart.de/,,replace==leipzig-heart.de,,,,,,,,,,,,
,https://ror.org/02kjgsq44,,,,,,,replace==https://onkol.hu/,,replace==oncol.hu,,,,,,,,,,,,
,https://ror.org/02knr1992,,,,,,,,,replace==iu.edu.kh,,,,,,,,,,,,
,https://ror.org/02kp7p620,,,,,,,replace==https://www.clri.org/,,replace==clri.res.in,,,,,,,,,,,,
,https://ror.org/02ksmb993,,,,,,,,,replace==ufrpe.br,,,,,,,,,,,,
,https://ror.org/02kt6vs55,,,,,,,replace==https://www.unichristus.edu.br/,,replace==unichristus.edu.br,,,,,,,,,,,,
,https://ror.org/02ktfmz27,,,,,,,,,replace==unicap.br,,,,,,,,,,,,
,https://ror.org/02kwnkm68,,,,,,,,,replace==hfhs.org,,,,,,,,,,,,
,https://ror.org/02kyckx55,,,,,,,,,replace==uakron.edu,,,,,,,,,,,,
,https://ror.org/02kzxd152,,,,,,,replace==https://mu-plovdiv.bg/,,replace==mu-plovdiv.bg,,,,,,,,,,,,
,https://ror.org/02m11x738,,,,,,,replace==https://www.hs-furtwangen.de/,,replace==hs-furtwangen.de,,,,,,,,,,,,
,https://ror.org/02m2h7991,,,,,,,,,replace==zhejianglab.org,,,,,,,,,,,,
,https://ror.org/02m82p074,,,,,,,replace==https://suez.edu.eg/ar/,,replace==suez.edu.eg,,,,,,,,,,,,
,https://ror.org/02m9kbe37,,,,,,,replace==https://www.univ-tln.fr/,,replace==univ-tln.fr,,,,,,,,,,,,
,https://ror.org/02m9vrb24,,,,,,,replace==https://english.hnust.edu.cn/,,replace==hnust.edu.cn,,,,,,,,,,,,
,https://ror.org/02ma4wv74,,,,,,,replace==https://www.kau.edu.sa/,,replace==kau.edu.sa,,,,,,,,,,,,
,https://ror.org/02ma57s91,,,,,,,replace==https://www.usach.cl/,,replace==usach.cl,,,,,,,,,,,,
,https://ror.org/02maedm12,,,,,,,,,replace==rmur.edu.pk,,,,,,,,,,,,
,https://ror.org/02mby1820,,,,,,,replace==https://www.ausl.bologna.it/,,replace==ausl.bologna.it,,,,,,,,,,,,
,https://ror.org/02md09461,,,,,,,replace==https://www.worldbank.org/,,replace==worldbank.org,,,,,,,,,,,,
,https://ror.org/02me73n88,,,,,,,replace==https://tuth.org.np/,,replace==tuth.org.np,,,,,,,,,,,,
,https://ror.org/02mfapa96,,,,,,,replace==https://www.nagarjunauniversity.ac.in/,,replace==anu.ac.in,,,,,,,,,,,,
,https://ror.org/02mh2cd26,,,,,,,replace==http://idbras.ru/,,replace==idbras.ru,,,,,,,,,,,,
,https://ror.org/02mhbdp94,,,,,,,replace==https://www.uniandes.edu.co/,,replace==uniandes.edu.co,,,,,,,,,,,,
,https://ror.org/02mnaa826,,,,,,,,,replace==cdg.com.cn,,,,,,,,,,,,
,https://ror.org/02mqsna37,,,,,,,,,replace==wut.edu.cn,,,,,,,,,,,,
,https://ror.org/02mr3ar13,,,,,,,,,replace==sdut.edu.cn,,,,,,,,,,,,
,https://ror.org/02ms7ap07,,,,,,,replace==https://www.iac.sp.gov.br/,,replace==iac.sp.gov.br,,,,,,,,,,,,
,https://ror.org/02msjvh03,,,,,,,replace==https://www.gbpuat.ac.in/,,replace==gbpuat.ac.in,,,,,,,,,,,,
,https://ror.org/02msnw927,,,,,,,replace==https://web.ibrahimy.ac.id/,,replace==ibrahimy.ac.id,,,,,,,,,,,,
,https://ror.org/02mxywv89,,,,,,,replace==https://highland.edu/,,replace==highland.edu,,,,,,,,,,,,
,https://ror.org/02n0bts35,,,,,,,replace==https://www.medunigraz.at/,,replace==medunigraz.at,,,,,,,,,,,,
,https://ror.org/02n1hzn07,,,,,,,replace==https://www.mtsu.edu/,,replace==mtsu.edu,,,,,,,,,,,,
,https://ror.org/02n2ava60,,,,,,,replace==https://www.une.edu/,,replace==une.edu,,,,,,,,,,,,
,https://ror.org/02n2ntt72,,,,,,,replace==https://www.zjemc.org.cn/,,replace==zjemc.org.cn,,,,,,,,,,,,
,https://ror.org/02n43xw86,,,,,,,,,replace==usb.ac.ir,,,,,,,,,,,,
,https://ror.org/02n455404,,,,,,,,,replace==uco.edu,,,,,,,,,,,,
,https://ror.org/02n5evf44,,,,,,,replace==https://www.sigma-clermont.fr/,,replace==sigma-clermont.fr,,,,,,,,,,,,
,https://ror.org/02n5r1g44,,,,,,,,,replace==fbn-dummerstorf.de,,,,,,,,,,,,
,https://ror.org/02n6c9837,,,,,,,replace==https://www.sanofi.com/,,replace==sanofi.com,,,,,,,,,,,,
,https://ror.org/02nb3aq72,,,,,,,replace==https://www.mbari.org/,,replace==mbari.org,,,,,,,,,,,,
,https://ror.org/02nbj1r55,,,,,,,replace==https://www.univ-usto.dz/,,replace==univ-usto.dz,,,,,,,,,,,,
,https://ror.org/02ndk3y82,,,,,,,,,replace==childrens.com,,,,,,,,,,,,
,https://ror.org/02njbw696,,,,,,,,,replace==unisimon.edu.co,,,,,,,,,,,,
,https://ror.org/02njz9p87,,,,,,,replace==https://www.fynu.edu.cn,,replace==fynu.edu.cn,,,,,,,,,,,,
,https://ror.org/02nk5bh05,,,,,,,,,replace==ilt.kharkov.ua,,,,,,,,,,,,
,https://ror.org/02nknzn40,,,,,,,replace==https://icp-ras.ru/,,replace==icp.ac.ru,,,,,,,,,,,,
,https://ror.org/02nnjtm50,,,,,,,,,replace==nssc.ac.cn,,,,,,,,,,,,
,https://ror.org/02ns8zp42,,,,,,,replace==https://nm.dev/,,replace==nm.dev,,,,,,,,,,,,
,https://ror.org/02nsv5p42,,,,,,,replace==https://pdpu.ac.in/,,replace==pdpu.ac.in,,,,,,,,,,,,
,https://ror.org/02nt5es71,,,,,,,replace==https://www.albertahealthservices.ca/,,replace==ahs.ca,,,,,,,,,,,,
,https://ror.org/02ntheh91,,,,,,,,,replace==ivic.gob.ve,,,,,,,,,,,,
,https://ror.org/02nv7yv05,,,,,,,replace==https://www.fz-juelich.de/,,replace==fz-juelich.de,,,,,,,,,,,,
,https://ror.org/02nw97x94,,,,,,,replace==https://srhu.edu.in/,,replace==srhu.edu.in,,,,,,,,,,,,
,https://ror.org/02nwvxz07,,,,,,,,,replace==enpc.fr,,,,,,,,,,,,
,https://ror.org/02nx5r318,,,,,,,replace==https://tcnj.edu/,,replace==tcnj.edu,,,,,,,,,,,,
,https://ror.org/02ny12416,,,,,,,replace==https://vciwu.ac.in/,,replace==vciwu.ac.in,,,,,,,,,,,,
,https://ror.org/02p0p4q62,,,,,,,replace==https://www.prl.res.in/,,replace==prl.res.in,,,,,,,,,,,,
,https://ror.org/02p2c1595,,,,,,,replace==https://www.icp.edu.pk/,,replace==icp.edu.pk,,,,,,,,,,,,
,https://ror.org/02p3y5t84,,,,,,,,,replace==merc.ac.ir,,,,,,,,,,,,
,https://ror.org/02p4mwa83,,,,,,,,,replace==wh.org.au,,,,,,,,,,,,
,https://ror.org/02p5xjf12,,,,,,,replace==https://www.utrgv.edu/,,replace==utrgv.edu,,,,,,,,,,,,
,https://ror.org/02p6aa271,,,,,,,,,replace==s-vfu.ru,,,,,,,,,,,,
,https://ror.org/02p928v94,,,,,,,replace==https://unilab.edu.br/,,replace==unilab.edu.br,,,,,,,,,,,,
,https://ror.org/02p9cyn66,,,,,,,,,replace==landcareresearch.co.nz,,,,,,,,,,,,
,https://ror.org/02pammg90,,,,,,,replace==https://www.cedars-sinai.org/,,replace==cshs.org,,,,,,,,,,,,
,https://ror.org/02pc6pc55,,,,,,,,,replace==okayama-u.ac.jp,,,,,,,,,,,,
,https://ror.org/02pecpe58,,,,,,,replace==https://mngha.med.sa/,,replace==mngha.med.sa,,,,,,,,,,,,
,https://ror.org/02pfaex92,,,,,,,,,replace==orthopaedicresearchgroup.com,,,,,,,,,,,,
,https://ror.org/02pfsj857,,,,,,,,,replace==sie.edu.cn,,,,,,,,,,,,
,https://ror.org/02pg0e883,,,,,,,replace==https://www.u-aizu.ac.jp/,,replace==u-aizu.ac.jp,,,,,,,,,,,,
,https://ror.org/02pg81z63,,,,,,,replace==https://www.tauli.cat/tauli/,,replace==tauli.cat,,,,,,,,,,,,
,https://ror.org/02phn5242,,,,,,,,,replace==cmb.ac.lk,,,,,,,,,,,,
,https://ror.org/02pjx9m11,,,,,,,,,replace==usvt.ro,,,,,,,,,,,,
,https://ror.org/02pkvpx84,,,,,,,,,replace==gerad.ca,,,,,,,,,,,,
,https://ror.org/02pn5rj08,,,,,,,replace==https://www.sca.gov.cn/sca/ztpd/qgzdsys.shtml,,replace==sklc.org,,,,,,,,,,,,
,https://ror.org/02ppyfa04,,,,,,,,,replace==chu-lille.fr,,,,,,,,,,,,
,https://ror.org/02prqh017,,,,,,,,,replace==hit.ac.il,,,,,,,,,,,,
,https://ror.org/02psd9228,,,,,,,replace==https://www.aastu.edu.et/,,replace==aastu.edu.et,,,,,,,,,,,,
,https://ror.org/02pttbd79,,,,,,,replace==https://www.shcollege.ac.in/,,replace==shcollege.ac.in,,,,,,,,,,,,
,https://ror.org/02q070r42,,,,,,,,,replace==ucdb.br,,,,,,,,,,,,
,https://ror.org/02q248z41,,,,,,,,,replace==advisory.com,,,,,,,,,,,,
,https://ror.org/02q4res37,,,,,,,,,replace==iemn.fr,,,,,,,,,,,,
,https://ror.org/02q854y08,,,,,,,replace==https://www.cgh.com.sg/,,replace==cgh.com.sg,,,,,,,,,,,,
,https://ror.org/02qa1x782,,,,,,,,,replace==dfo-mpo.gc.ca,,,,,,,,,,,,
,https://ror.org/02qb3f692,,,,,,,,,replace==stanna.at,,,,,,,,,,,,
,https://ror.org/02qbzdk74,,,,,,,replace==https://pau.edu/,,replace==pau.edu,,,,,,,,,,,,
,https://ror.org/02qdhmt11,,,,,,,replace==https://csm.com.co/,,replace==csm.com.co,,,,,,,,,,,,
,https://ror.org/02qeh3c90,,,,,,,replace==https://ulm.edu/,,replace==ulm.edu,,,,,,,,,,,,
,https://ror.org/02qf2tx24,,,,,,,replace==https://www.kwansei.ac.jp/,,replace==kwansei.ac.jp,,,,,,,,,,,,
,https://ror.org/02qg60849,,,,,,,replace==https://www.engsys.com/,,replace==engsys.com,,,,,,,,,,,,
,https://ror.org/02qgahb88,,,,,,,,,replace==utm.edu.ec,,,,,,,,,,,,
,https://ror.org/02qhjtc16,,,,,,,replace==https://www.uph.edu/,,replace==uph.edu,,,,,,,,,,,,
,https://ror.org/02qn0hf26,,,,,,,replace==https://uasd.edu/,,replace==uasd.in,,,,,,,,,,,,
,https://ror.org/02qnsw591,,,,,,,replace==https://www.zew.de/,,replace==zew.de,,,,,,,,,,,,
,https://ror.org/02qp15436,,,,,,,replace==https://www.knuba.edu.ua/,,replace==knuba.edu.ua,,,,,,,,,,,,
,https://ror.org/02qp2hh41,,,,,,,replace==https://www.waldenu.edu/,,replace==waldenu.edu,,,,,,,,,,,,
,https://ror.org/02qp5k481,,,,,,,,,replace==iqt.org,,,,,,,,,,,,
,https://ror.org/02qrm2a52,,,,,,,replace==https://www.pertanian.go.id/,,replace==pertanian.go.id,,,,,,,,,,,,
,https://ror.org/02qrynm70,,,,,,,replace==https://researchmanitoba.ca/,,replace==researchmb.ca,,,,,,,,,,,,
,https://ror.org/02qsepw74,,,,,,,replace==https://www.ait.ac.jp/,,replace==aitech.ac.jp,,,,,,,,,,,,
,https://ror.org/02qwkrw10,,,,,,,replace==https://nih.am/,,replace==nih.am,,,,,,,,,,,,
,https://ror.org/02qyf5152,,,,,,,,,replace==iitb.ac.in,,,,,,,,,,,,
,https://ror.org/02qz8b764,,,,,,,,,replace==cshl.edu,,,,,,,,,,,,
,https://ror.org/02r0e4r58,,,,,,,replace==https://www.jara.org/,,replace==jara.org,,,,,,,,,,,,
,https://ror.org/02r3e0967,,,,,,,,,replace==stjude.org,,,,,,,,,,,,
,https://ror.org/02r4ram30,,,,,,,replace==https://uiec.ru/,,replace==uiec.ru,,,,,,,,,,,,
,https://ror.org/02r5cmz65,,,,,,,,,replace==mubabol.ac.ir,,,,,,,,,,,,
,https://ror.org/02r625m11,,,,,,,,,replace==fra-uas.de,,,,,,,,,,,,
,https://ror.org/02r6fpx29,,,,,,,replace==https://www.nhri.edu.tw/,,replace==nhri.edu.tw,,,,,,,,,,,,
,https://ror.org/02r6pfc06,,,,,,,,,replace==unizik.edu.ng,,,,,,,,,,,,
,https://ror.org/02rdhhs90,,,,,,,replace==https://www.emmanuel.edu/,,replace==emmanuel.edu,,,,,,,,,,,,
,https://ror.org/02rdpzb15,,,,,,,replace==https://www.bloomberg.com/company/,,replace==bloomberg.net,,,,,,,,,,,,
,https://ror.org/02re32a17,,,,,,,replace==https://www.hs-mainz.de/,,replace==hs-mainz.de,,,,,,,,,,,,
,https://ror.org/02retg991,,,,,,,replace==https://jammuuniversity.ac.in/,,replace==jammuuniversity.ac.in,,,,,,,,,,,,
,https://ror.org/02rg6ka44,,,,,,,replace==https://www.uesb.br/,,replace==uesb.edu.br,,,,,,,,,,,,
,https://ror.org/02rjrn566,,,,,,,,,replace==nmu.edu.pk,,,,,,,,,,,,
,https://ror.org/02rka3n91,,,,,,,replace==https://www.mtc.edu.cn/,,replace==mtc.edu.cn,,,,,,,,,,,,
,https://ror.org/02rktxt32,,,,,,,replace==https://www.rch.org.au/,,replace==rch.org.au,,,,,,,,,,,,
,https://ror.org/02rqdr293,,,,,,,,,replace==kenken.go.jp,,,,,,,,,,,,
,https://ror.org/02rqvrp93,,,,,,,replace==https://www.meiji.ac.jp/,,replace==meiji.ac.jp,,,,,,,,,,,,
,https://ror.org/02rrbpf42,,,,,,,replace==https://kemu.edu.pk/,,replace==kemu.edu.pk,,,,,,,,,,,,
,https://ror.org/02rrdvm96,,,,,,,,,replace==sibcb.ac.cn,,,,,,,,,,,,
,https://ror.org/02rsxaa93,,,,,,,,,replace==guap.ru,,,,,,,,,,,,
,https://ror.org/02rtsfd15,,,,,,,replace==https://www.ph-freiburg.de/,,replace==ph-freiburg.de,,,,,,,,,,,,
,https://ror.org/02rwycx38,,,,,,,replace==https://www.uniroma5.it/,,replace==uniroma5.it,,,,,,,,,,,,
,https://ror.org/02rx3b187,,,,,,,,,replace==univ-grenoble-alpes.fr,,,,,,,,,,,,
,https://ror.org/02rz58g17,,,,,,,,,replace==xtbg.org.cn,,,,,,,,,,,,
,https://ror.org/02s1hvj37,,,,,,,,,replace==iusb.edu,,,,,,,,,,,,
,https://ror.org/02s376052,,,,,,,replace==https://www.epfl.ch/,,replace==epfl.ch,,,,,,,,,,,,
,https://ror.org/02s47w807,,,,,,,,,replace==winmedical.org,,,,,,,,,,,,
,https://ror.org/02s5yma07,,,,,,,replace==https://www.hpuniv.ac.in/,,replace==hpuniv.ac.in,,,,,,,,,,,,
,https://ror.org/02s65tk16,,,,,,,replace==https://www.ciberobn.es/,,replace==ciberobn.es,,,,,,,,,,,,
,https://ror.org/02s6gs133,,,,,,,,,replace==ime.ac.cn,,,,,,,,,,,,
,https://ror.org/02s6maw65,,,,,,,replace==https://fg.edu.br/,,replace==fg.edu.br,,,,,,,,,,,,
,https://ror.org/02s8x5a25,,,,,,,replace==https://sdu.edu.kz/,,replace==sdu.edu.kz,,,,,,,,,,,,
,https://ror.org/02sehzp52,,,,,,,replace==https://www.bsuir.by/,,replace==bsuir.by,,,,,,,,,,,,
,https://ror.org/02sf5td35,,,,,,,,,replace==mpu.edu.mo,,,,,,,,,,,,
,https://ror.org/02sfa0g63,,,,,,,,,replace==um-sorong.ac.id,,,,,,,,,,,,
,https://ror.org/02shmve39,,,,,,,replace==https://www.must.edu.mn/,,replace==must.edu.mn,,,,,,,,,,,,
,https://ror.org/02sjnfb25,,,,,,,replace==https://www.versiti.org/blood-donation-locations/wisconsin,,replace==versiti.org,,,,,,,,,,,,
,https://ror.org/02snf8m58,,,,,,,,,replace==ls2n.fr,,,,,,,,,,,,
,https://ror.org/02sp3q482,,,,,,,replace==https://www.aup.edu.pk/,,replace==aup.edu.pk,,,,,,,,,,,,
,https://ror.org/02sqgkj21,,,,,,,replace==https://www.unisabana.edu.co/,,replace==unisabana.edu.co,,,,,,,,,,,,
,https://ror.org/02sshz518,,,,,,,replace==https://www.wiu.edu/,,replace==wiu.edu,,,,,,,,,,,,
,https://ror.org/02sspdz82,,,,,,,replace==https://www.inia.uy/,,replace==inia.org.uy,,,,,,,,,,,,
,https://ror.org/02ssta106,,,,,,,,,replace==dah.gov.vn,,,,,,,,,,,,
,https://ror.org/02stey378,,,,,,,,,replace==nd.edu.au,,,,,,,,,,,,
,https://ror.org/02swff503,,,,,,,,,replace==ahduni.edu.in,,,,,,,,,,,,
,https://ror.org/02sybec58,,,,,,,replace==https://unifor.no/,,replace==unifor.no,,,,,,,,,,,,
,https://ror.org/02syg0q74,,,,,,,replace==https://www.hirosaki-u.ac.jp/,,replace==hirosaki-u.ac.jp,,,,,,,,,,,,
,https://ror.org/02t0qr014,,,,,,,replace==https://www.uncw.edu/,,replace==uncw.edu,,,,,,,,,,,,
,https://ror.org/02t1bej08,,,,,,,replace==https://monashhealth.org/,,replace==monashhealth.org,,,,,,,,,,,,
,https://ror.org/02t2qwf81,,,,,,,replace==https://www.uop.edu.pk/,,replace==uop.edu.pk,,,,,,,,,,,,
,https://ror.org/02t54e151,,,,,,,,,replace==icesi.edu.co,,,,,,,,,,,,
,https://ror.org/02t6f2351,,,,,,,replace==https://ifmt.edu.br/,,replace==ifmt.edu.br,,,,,,,,,,,,
,https://ror.org/02t71h845,,,,,,,replace==https://www.honeywell.com/,,replace==honeywell.com,,,,,,,,,,,,
,https://ror.org/02t771148,,,,,,,replace==https://unci.org.ua/,,replace==unci.org.ua,,,,,,,,,,,,
,https://ror.org/02tc3qm58,,,,,,,replace==https://www.tc.cz/,,replace==tc.cz,,,,,,,,,,,,
,https://ror.org/02tc7rm90,,,,,,,,,replace==petronas.com,,,,,,,,,,,,
,https://ror.org/02tcf7a68,,,,,,,replace==https://www.chu-clermontferrand.fr/,,replace==chu-clermontferrand.fr,,,,,,,,,,,,
,https://ror.org/02tfv4t78,,,,,,,,,replace==corning.com,,,,,,,,,,,,
,https://ror.org/02tmeqq57,,,,,,,,,replace==uisi.ac.id,,,,,,,,,,,,
,https://ror.org/02tpgw303,,,,,,,replace==https://isbscience.org/,,replace==isbscience.org,,,,,,,,,,,,
,https://ror.org/02tphfq59,,,,,,,,,replace==unr.edu.ar,,,,,,,,,,,,
,https://ror.org/02tryst02,,,,,,,,,replace==agilent.com,,,,,,,,,,,,
,https://ror.org/02tsqtg57,,,,,,,replace==https://www.maxwell.ac.uk/,,replace==maxwell.ac.uk,,,,,,,,,,,,
,https://ror.org/02ttsq026,,,,,,,replace==https://www.colorado.edu/,,replace==colorado.edu,,,,,,,,,,,,
,https://ror.org/02tvcev59,,,,,,,replace==https://www.newschool.edu/,,replace==newschool.edu,,,,,,,,,,,,
,https://ror.org/02tx4na66,,,,,,,replace==https://www.cju.ac.kr/,,replace==cju.ac.kr,,,,,,,,,,,,
,https://ror.org/02tyer376,,,,,,,,,replace==dsmz.de,,,,,,,,,,,,
,https://ror.org/02v1rsx93,,,,,,,,,replace==nofima.no,,,,,,,,,,,,
,https://ror.org/02v319z25,,,,,,,replace==https://uut.ac.ir/,,replace==uut.ac.ir,,,,,,,,,,,,
,https://ror.org/02v40vz65,,,,,,,replace==https://www.bstu.ru/,,replace==bstu.ru,,,,,,,,,,,,
,https://ror.org/02v4mmk55,,,,,,,,,replace==idu.ac.id,,,,,,,,,,,,
,https://ror.org/02v6vej93,,,,,,,replace==https://www.ilbs.in/,,replace==ilbs.in,,,,,,,,,,,,
,https://ror.org/02v8d7770,,,,,,,,,replace==bahria.edu.pk,,,,,,,,,,,,
,https://ror.org/02vawy993,,,,,,,,,replace==gao.gov,,,,,,,,,,,,
,https://ror.org/02vck8g64,,,,,,,,,replace==j-parc.jp,,,,,,,,,,,,
,https://ror.org/02vdyxx64,,,,,,,replace==https://www.verizon.com/,,replace==verizon.com,,,,,,,,,,,,
,https://ror.org/02vej5573,,,,,,,replace==https://estacio.br/,,replace==estacio.br,,,,,,,,,,,,
,https://ror.org/02vf4sk45,,,,,,,replace==https://www.iephb.ru/,,replace==iephb.ru,,,,,,,,,,,,
,https://ror.org/02vfj3j86,,,,,,,,,replace==fmsh.com,,,,,,,,,,,,
,https://ror.org/02vg22c33,,,,,,,,,replace==dri.edu,,,,,,,,,,,,
,https://ror.org/02vk0sm33,,,,,,,replace==https://www.gti.energy/,,replace==gti.energy,,,,,,,,,,,,
,https://ror.org/02vm5rt34,,,,,,,replace==https://www.vanderbilt.edu/,,replace==vanderbilt.edu,,,,,,,,,,,,
,https://ror.org/02vn11j58,,,,,,,replace==https://www.ulsu.ru/,,replace==ulsu.ru,,,,,,,,,,,,
,https://ror.org/02vnf0c38,,,,,,,replace==https://www.loria.fr/,,replace==loria.fr,,,,,,,,,,,,
,https://ror.org/02vr0ne26,,,,,,,,,replace==ieo.it,,,,,,,,,,,,
,https://ror.org/02vwnat91,,,,,,,,,replace==lsbu.ac.uk,,,,,,,,,,,,
,https://ror.org/02w0trx84,,,,,,,replace==https://www.montana.edu/,,replace==montana.edu,,,,,,,,,,,,
,https://ror.org/02w1g0f30,,,,,,,replace==http://bashgmu.ru/,,replace==bashgmu.ru,,,,,,,,,,,,
,https://ror.org/02w314k38,,,,,,,replace==https://www.denso.com/us-ca/en/,,replace==denso-diam.com,,,,,,,,,,,,
,https://ror.org/02w4gwv87,,,,,,,,,replace==univ-antananarivo.mg,,,,,,,,,,,,
,https://ror.org/02w4tny03,,,,,,,,,replace==shiep.edu.cn,,,,,,,,,,,,
,https://ror.org/02w6gr951,,,,,,,,,replace==sinap.ac.cn,,,,,,,,,,,,
,https://ror.org/02w6m7e50,,,,,,,,,replace==universitaets-herzzentrum.de,,,,,,,,,,,,
,https://ror.org/02w7mbm90,,,,,,,replace==https://www.imim.pl/,,replace==imim.pl,,,,,,,,,,,,
,https://ror.org/02wdwnk04,,,,,,,,,replace==bhf.org.uk,,,,,,,,,,,,
,https://ror.org/02we6hx96,,,,,,,replace==http://www.iop.kiev.ua/,,replace==iop.kiev.ua,,,,,,,,,,,,
,https://ror.org/02wgx3e98,,,,,,,,,replace==sohag.edu.eg,,,,,,,,,,,,
,https://ror.org/02wkcrp04,,,,,,,,,replace==mazums.ac.ir,,,,,,,,,,,,
,https://ror.org/02wmsc916,,,,,,,,,replace==gzu.edu.cn,,,,,,,,,,,,
,https://ror.org/02wn5qz54,,,,,,,replace==https://www.st-andrews.ac.uk/,,replace==st-andrews.ac.uk,,,,,,,,,,,,
,https://ror.org/02wna9e57,,,,,,,,,replace==ial.sp.gov.br,,,,,,,,,,,,
,https://ror.org/02wndzd81,,,,,,,replace==https://www.hdz-nrw.de/,,replace==hdz-nrw.de,,,,,,,,,,,,
,https://ror.org/02wnmk332,,,,,,,,,replace==cbpf.br,,,,,,,,,,,,
,https://ror.org/02ws33e43,,,,,,,,,replace==kanazawa-it.ac.jp,,,,,,,,,,,,
,https://ror.org/02wsba348,,,,,,,replace==https://www.sseu.ru/,,replace==sseu.ru,,,,,,,,,,,,
,https://ror.org/02wsd5p50,,,,,,,,,replace==vast.vn,,,,,,,,,,,,
,https://ror.org/02wwbem66,,,,,,,replace==https://aarhus.dk/,,replace==aarhus.dk,,,,,,,,,,,,
,https://ror.org/02wx79d08,,,,,,,,,replace==tsmc.com,,,,,,,,,,,,
,https://ror.org/02wzg6d13,,,,,,,,,replace==gsj.jp,,,,,,,,,,,,
,https://ror.org/02x1vjk79,,,,,,,replace==https://www.pucpr.br/,,replace==pucpr.br,,,,,,,,,,,,
,https://ror.org/02x351n42,,,,,,,replace==https://ampri.res.in/,,replace==ampri.res.in,,,,,,,,,,,,
,https://ror.org/02x66tk73,,,,,,,,,replace==ejust.edu.eg,,,,,,,,,,,,
,https://ror.org/02x8svs93,,,,,,,,,replace==neu.edu.tr,,,,,,,,,,,,
,https://ror.org/02x91aj62,,,,,,,,,replace==spbstu.ru,,,,,,,,,,,,
,https://ror.org/02xa5mk57,,,,,,,,,replace==tbh.org,,,,,,,,,,,,
,https://ror.org/02xdygm42,,,,,,,,,replace==preventioninstitute.org,,,,,,,,,,,,
,https://ror.org/02xerpt86,,,,,,,replace==https://stbonifacehospital.ca/,,replace==sbgh.mb.ca,,,,,,,,,,,,
,https://ror.org/02xf7p935,,,,,,,replace==https://www.inu.ac.kr/,,replace==inu.ac.kr,,,,,,,,,,,,
,https://ror.org/02xfw2e90,,,,,,,,,replace==dot.gov,,,,,,,,,,,,
,https://ror.org/02xg1m795,,,,,,,replace==https://www.nig.ac.jp/,,replace==nig.ac.jp,,,,,,,,,,,,
,https://ror.org/02xh9x144,,,,,,,replace==https://www.upei.ca/,,replace==upei.ca,,,,,,,,,,,,
,https://ror.org/02xjrkt08,,,,,,,,,replace==sdfey.com,,,,,,,,,,,,
,https://ror.org/02xkqh785,,,,,,,,,replace==nisri.jp,,,,,,,,,,,,
,https://ror.org/02xmkec90,,,,,,,,,replace==kmuh.org.tw,,,,,,,,,,,,
,https://ror.org/02xnraw58,,,,,,,,,replace==nof.co.jp,,,,,,,,,,,,
,https://ror.org/02xqkcw08,,,,,,,replace==https://www.kosen-k.go.jp/,,replace==kosen-k.go.jp,,,,,,,,,,,,
,https://ror.org/02xrm8562,,,,,,,,,replace==untag-sby.ac.id,,,,,,,,,,,,
,https://ror.org/02xtbq882,,,,,,,,,replace==itp.ac.cn,,,,,,,,,,,,
,https://ror.org/02xtpdq88,,,,,,,replace==https://www.redclinica.cl/,,replace==hcuch.cl,,,,,,,,,,,,
,https://ror.org/02xv42m49,,,,,,,replace==https://portugal.gov.pt/pt/gc21/area-de-governo/educacao,,replace==meci.gov.pt,,,,,,,,,,,,
,https://ror.org/02xvrx776,,,,,,,replace==https://ikifp.edu.pl/,,replace==ikifp.edu.pl,,,,,,,,,,,,
,https://ror.org/02xxpjq61,,,,,,,replace==https://www.iimb.ac.in/,,replace==iimb.ac.in,,,,,,,,,,,,
,https://ror.org/02xz41712,,,,,,,,,replace==kunstakademiet.net,,,,,,,,,,,,
,https://ror.org/02xz7d723,,,,,,,replace==https://perkins.org.au/,,replace==perkins.org.au,,,,,,,,,,,,
,https://ror.org/02xzytt36,,,,,,,replace==https://www.manipal.edu/,,replace==manipal.edu,,,,,,,,,,,,
,https://ror.org/02y18ts25,,,,,,,,,replace==bpums.ac.ir,,,,,,,,,,,,
,https://ror.org/02y28sc20,,,,,,,replace==https://www.visvabharati.ac.in/,,replace==visva-bharati.ac.in,,,,,,,,,,,,
,https://ror.org/02y394t43,,,,,,,replace==https://www.svnit.ac.in/,,replace==svnit.ac.in,,,,,,,,,,,,
,https://ror.org/02y3dtg29,,,,,,,replace==https://www.drk.de/,,replace==drk.de,,,,,,,,,,,,
,https://ror.org/02y5sbr94,,,,,,,replace==https://www.cabi.org/,,replace==cabi.org,,,,,,,,,,,,
,https://ror.org/02y72wh86,,,,,,,replace==https://www.queensu.ca/,,replace==queensu.ca,,,,,,,,,,,,
,https://ror.org/02y7rck89,,,,,,,,,replace==dali.edu.cn,,,,,,,,,,,,
,https://ror.org/02y9nww90,,,,,,,,,replace==uonbi.ac.ke,,,,,,,,,,,,
,https://ror.org/02y9xvd02,,,,,,,,,replace==symc.edu.cn,,,,,,,,,,,,
,https://ror.org/02ya5n776,,,,,,,replace==https://www.vantiva.com/,,replace==vantiva.com,,,,,,,,,,,,
,https://ror.org/02ybzrf68,,,,,,,replace==https://chk.gov.pk/,,replace==chk.gov.pk,,,,,,,,,,,,
,https://ror.org/02ycvrx49,,,,,,,replace==https://www.path.org/,,replace==path.org,,,,,,,,,,,,
,https://ror.org/02ycyys66,,,,,,,replace==https://www.ior.it/,,replace==ior.it,,,,,,,,,,,,
,https://ror.org/02yd50j87,,,,,,,,,replace==lincoln.edu.my,,,,,,,,,,,,
,https://ror.org/02yfw7119,,,,,,,replace==https://www.fondation-de-rothschild.fr/,,replace==f-d-r.org,,,,,,,,,,,,
,https://ror.org/02yg0nm07,,,,,,,,,replace==upr.edu,,,,,,,,,,,,
,https://ror.org/02ygbbs43,,,,,,,,,replace==bjmemc.com.cn,,,,,,,,,,,,
,https://ror.org/02yj55q56,,,,,,,replace==https://www.kunsan.ac.kr,,replace==kunsan.ac.kr,,,,,,,,,,,,
,https://ror.org/02yk2p779,,,,,,,,,replace==isa.org,,,,,,,,,,,,
,https://ror.org/02ymw8z06,,,,,,,replace==https://missouri.edu/,,replace==missouri.edu,,,,,,,,,,,,
,https://ror.org/02ynb0474,,,,,,,replace==https://razi.ac.ir/,,replace==razi.ac.ir,,,,,,,,,,,,
,https://ror.org/02ynbzc81,,,,,,,,,replace==unifor.br,,,,,,,,,,,,
,https://ror.org/02yqt2385,,,,,,,,,replace==ctg.com.cn,,,,,,,,,,,,
,https://ror.org/02yrq0923,,,,,,,,,replace==mskcc.org,,,,,,,,,,,,
,https://ror.org/02ys5x139,,,,,,,replace==https://www.ic.edu/,,replace==ic.edu,,,,,,,,,,,,
,https://ror.org/02ys8pq62,,,,,,,replace==https://www.aiimsraipur.edu.in/,,replace==aiimsraipur.edu.in,,,,,,,,,,,,
,https://ror.org/02yzgww51,,,,,,,replace==https://www.ucr.ac.cr/,,replace==ucr.ac.cr,,,,,,,,,,,,
,https://ror.org/02z0nsb22,,,,,,,,,replace==imde.ac.cn,,,,,,,,,,,,
,https://ror.org/02z2d6373,,,,,,,replace==https://www.yaas.org.cn/,,replace==yaas.org.cn,,,,,,,,,,,,
,https://ror.org/02z3rcy16,,,,,,,replace==http://transrx-inc.com/,,replace==transrx-inc.com,,,,,,,,,,,,
,https://ror.org/02z5czc07,,,,,,,,,replace==samsmu.ru,,,,,,,,,,,,
,https://ror.org/02z5nhe81,,,,,,,replace==https://www.noaa.gov/,,replace==noaa.gov,,,,,,,,,,,,
,https://ror.org/02zc85170,,,,,,,replace==https://www.nit.ac.ir/,,replace==nit.ac.ir,,,,,,,,,,,,
,https://ror.org/02zjp8848,,,,,,,,,replace==vnu.edu.ua,,,,,,,,,,,,
,https://ror.org/02zme4e72,,,,,,,,,replace==jeol.co.jp,,,,,,,,,,,,
,https://ror.org/02zp2tc18,,,,,,,replace==https://www.isc-ras.ru/,,replace==isc-ras.ru,,,,,,,,,,,,
,https://ror.org/02zpxgh81,,,,,,,replace==https://www.gjust.ac.in/,,replace==gjust.org,,,,,,,,,,,,
,https://ror.org/02zrae794,,,,,,,replace==https://www.regionstockholm.se/,,replace==regionstockholm.se,,,,,,,,,,,,
,https://ror.org/02zrtpp84,,,,,,,replace==https://vnit.ac.in/,,replace==vnit.ac.in,,,,,,,,,,,,
,https://ror.org/02zrz7n38,,,,,,,,,replace==undira.ac.id,,,,,,,,,,,,
,https://ror.org/02zt1gg83,,,,,,,,,replace==iaea.org,,,,,,,,,,,,
,https://ror.org/02zv7ne49,,,,,,,replace==https://www.samuseum.sa.gov.au/,,replace==samuseum.sa.gov.au,,,,,,,,,,,,
,https://ror.org/02zwb6n98,,,,,,,,,replace==hamad.qa,,,,,,,,,,,,
,https://ror.org/02zyjt610,,,,,,,replace==https://www.vri.cz/,,replace==vri.cz,,,,,,,,,,,,
,https://ror.org/02zyw2q61,,,,,,,,,replace==espoch.edu.ec,,,,,,,,,,,,
,https://ror.org/0300yd604,,,,,,,,,replace==bahiana.edu.br,,,,,,,,,,,,
,https://ror.org/03025ga79,,,,,,,,,replace==accamargo.org.br,,,,,,,,,,,,
,https://ror.org/0303y7a51,,,,,,,,,replace==dut.ac.za,,,,,,,,,,,,
,https://ror.org/0304hq317,,,,,,,,,replace==uni-hannover.de,,,,,,,,,,,,
,https://ror.org/0304xwq55,,,,,,,replace==https://www.etr.org/,,replace==etr.org,,,,,,,,,,,,
,https://ror.org/0305bn856,,,,,,,,,replace==cjh.com.cn,,,,,,,,,,,,
,https://ror.org/0306aeb62,,,,,,,replace==https://www.brockport.edu/,,replace==brockport.edu,,,,,,,,,,,,
,https://ror.org/03078rq26,,,,,,,replace==https://www.iatriko.gr/,,replace==iatriko.gr,,,,,,,,,,,,
,https://ror.org/0309cs235,,,,,,,replace==https://www.ensta.fr/,,replace==ensta.fr,,,,,,,,,,,,
,https://ror.org/030atj633,,,,,,,replace==https://www.moh.gov.sa/,,replace==moh.gov.sa,,,,,,,,,,,,
,https://ror.org/030deh410,,,,,,,,,replace==un-ihe.org,,,,,,,,,,,,
,https://ror.org/030dw3650,,,,,,,,,replace==publicationethics.org,,,,,,,,,,,,
,https://ror.org/030eybx10,,,,,,,replace==https://www.usc.gal/,,replace==usc.gal,,,,,,,,,,,,
,https://ror.org/030j5vf66,,,,,,,,,replace==statistik.gv.at,,,,,,,,,,,,
,https://ror.org/030jxf285,,,,,,,replace==https://www.byau.edu.cn/,,replace==byau.edu.cn,,,,,,,,,,,,
,https://ror.org/030kw0b65,,,,,,,replace==https://udemedellin.edu.co/,,replace==udemedellin.edu.co,,,,,,,,,,,,
,https://ror.org/030mwrt98,,,,,,,replace==https://www.nord.no/,,replace==nord.no,,,,,,,,,,,,
,https://ror.org/030nd5313,,,,,,,,,replace==inocardia.com,,,,,,,,,,,,
,https://ror.org/030pydv62,,,,,,,,,replace==nsu.edu,,,,,,,,,,,,
,https://ror.org/030tcae29,,,,,,,,,replace==makautwb.ac.in,,,,,,,,,,,,
,https://ror.org/030v5kp38,,,,,,,replace==https://www.unn.no/,,replace==unn.no,,,,,,,,,,,,
,https://ror.org/030wyr187,,,,,,,replace==https://www.ttl.fi/,,replace==ttl.fi,,,,,,,,,,,,
,https://ror.org/030xwyx96,,,,,,,,,replace==usth.edu.cn,,,,,,,,,,,,
,https://ror.org/03108sf43,,,,,,,replace==https://www.jszlyy.com.cn/,,replace==jszlyy.com.cn,,,,,,,,,,,,
,https://ror.org/03122yk49,,,,,,,replace==https://www.opticalsciences.com/,,replace==opticalsciences.com,,,,,,,,,,,,
,https://ror.org/0312hfy93,,,,,,,replace==https://www.biochemistry.org/,,replace==biochemistry.org,,,,,,,,,,,,
,https://ror.org/0312m2266,,,,,,,,,replace==pagni.gr,,,,,,,,,,,,
,https://ror.org/0313jb750,,,,,,,,,replace==caas.cn,,,,,,,,,,,,
,https://ror.org/031478740,,,,,,,,,replace==osti.gov,,,,,,,,,,,,
,https://ror.org/0314qy595,,,,,,,,,replace==shanghai-electric.com,,,,,,,,,,,,
,https://ror.org/03151rh82,,,,,,,replace==https://www.lsuhs.edu/,,replace==lsuhs.edu,,,,,,,,,,,,
,https://ror.org/031699d98,,,,,,,,,replace==pnu.ac.ir,,,,,,,,,,,,
,https://ror.org/0317ekv86,,,,,,,replace==https://www.uob.edu.bh/,,replace==uob.edu.bh,,,,,,,,,,,,
,https://ror.org/031ahrf94,,,,,,,replace==https://uniba.cm/,,replace==uniba.cm,,,,,,,,,,,,
,https://ror.org/031bayg24,,,,,,,,,replace==uncen.ac.id,,,,,,,,,,,,
,https://ror.org/031bs2a09,,,,,,,,,replace==udhtu.edu.ua,,,,,,,,,,,,
,https://ror.org/031bsb921,,,,,,,,,replace==uni-mannheim.de,,,,,,,,,,,,
,https://ror.org/031d5vw30,,,,,,,replace==https://www.umfcv.ro/,,replace==umfcv.ro,,,,,,,,,,,,
,https://ror.org/031dk8f13,,,,,,,replace==https://www.uib.ac.id/,,replace==uib.ac.id,,,,,,,,,,,,
,https://ror.org/031e6xm45,,,,,,,replace==https://www.uninorte.edu.co/,,replace==uninorte.edu.co,,,,,,,,,,,,
,https://ror.org/031f8kt38,,,,,,,,,replace==uaeh.edu.mx,,,,,,,,,,,,
,https://ror.org/031gqrq04,,,,,,,,,replace==mri-jma.go.jp,,,,,,,,,,,,
,https://ror.org/031jjng67,,,,,,,,,replace==borneo.ac.id,,,,,,,,,,,,
,https://ror.org/031npqv35,,,,,,,,,replace==cigit.ac.cn,,,,,,,,,,,,
,https://ror.org/031px5f40,,,,,,,,,replace==umj.ac.id,,,,,,,,,,,,
,https://ror.org/031q21x57,,,,,,,,,replace==uwm.edu,,,,,,,,,,,,
,https://ror.org/031t5w623,,,,,,,replace==https://dzhk.de/,,replace==dzhk.de,,,,,,,,,,,,
,https://ror.org/031t68441,,,,,,,replace==https://www.suibe.edu.cn/,,replace==suibe.edu.cn,,,,,,,,,,,,
,https://ror.org/031tkkf47,,,,,,,,,replace==adamsmith.org,,,,,,,,,,,,
,https://ror.org/031tysd23,,,,,,,replace==https://www.coherent.com/,,replace==coherent.com,,,,,,,,,,,,
,https://ror.org/031v2vc59,,,,,,,replace==https://www.aacp.org/,,replace==aacp.org,,,,,,,,,,,,
,https://ror.org/031va9m79,,,,,,,replace==https://www.unifap.br/,,replace==unifap.br,,,,,,,,,,,,
,https://ror.org/031vc2293,,,,,,,,,replace==tu-freiberg.de,,,,,,,,,,,,
,https://ror.org/031wq1t38,,,,,,,,,replace==mot.gov.cn,,,,,,,,,,,,
,https://ror.org/031y8am81,,,,,,,replace==http://www.nufe.edu.cn/,,replace==nufe.edu.cn,,,,,,,,,,,,
,https://ror.org/031zj0q48,,,,,,,,,replace==iet.cn,,,,,,,,,,,,
,https://ror.org/0321g0743,,,,,,,,,replace==gustaveroussy.fr,,,,,,,,,,,,
,https://ror.org/032214n64,,,,,,,replace==https://www.archives.gov/,,replace==nara.gov,,,,,,,,,,,,
,https://ror.org/032298f51,,,,,,,replace==https://ospedalesantandrea.it/,,replace==ospedalesantandrea.it,,,,,,,,,,,,
,https://ror.org/03237y496,,,,,,,replace==https://abuth.gov.ng/,,replace==abuth.gov.ng,,,,,,,,,,,,
,https://ror.org/0324fzh77,,,,,,,replace==https://www.liu.edu/,,replace==liu.edu,,,,,,,,,,,,
,https://ror.org/0326egx05,,,,,,,,,replace==deltastate.edu,,,,,,,,,,,,
,https://ror.org/0326g9440,,,,,,,,,replace==kgeu.ru,,,,,,,,,,,,
,https://ror.org/0326knt82,,,,,,,,,replace==uai.cl,,,,,,,,,,,,
,https://ror.org/0327f2m07,,,,,,,,,replace==crea.gov.it,,,,,,,,,,,,
,https://ror.org/0327f3359,,,,,,,,,replace==ahau.edu.cn,,,,,,,,,,,,
,https://ror.org/032bmj362,,,,,,,replace==https://www.demos.org/,,replace==demos.org,,,,,,,,,,,,
,https://ror.org/032exky44,,,,,,,,,replace==psmar.cat,,,,,,,,,,,,
,https://ror.org/032f9e998,,,,,,,,,replace==umkendari.ac.id,,,,,,,,,,,,
,https://ror.org/032fk0x53,,,,,,,replace==https://urmia.ac.ir/,,replace==urmia.ac.ir,,,,,,,,,,,,
,https://ror.org/032fx1s95,,,,,,,,,replace==peihua.cn,,,,,,,,,,,,
,https://ror.org/032hdk172,,,,,,,,,replace==mu.ac.in,,,,,,,,,,,,
,https://ror.org/032hv6w38,,,,,,,,,replace==areeo.ac.ir,,,,,,,,,,,,
,https://ror.org/032hx4q18,,,,,,,,,replace==dow.com,,,,,,,,,,,,
,https://ror.org/032jk8892,,,,,,,,,replace==sastra.edu,,,,,,,,,,,,
,https://ror.org/032ksge37,,,,,,,replace==https://www.ngi.no/,,replace==ngi.no,,,,,,,,,,,,
,https://ror.org/032m55064,,,,,,,replace==https://www.kiost.ac.kr/,,replace==kiost.ac.kr,,,,,,,,,,,,
,https://ror.org/032nzv584,,,,,,,,,replace==uk-gm.de,,,,,,,,,,,,
,https://ror.org/032pjd111,,,,,,,,,replace==ptise.com,,,,,,,,,,,,
,https://ror.org/032q5ym94,,,,,,,,,replace==martinos.org,,,,,,,,,,,,
,https://ror.org/032qqvq76,,,,,,,replace==https://www.cvi.or.jp/,,replace==cvi.or.jp,,,,,,,,,,,,
,https://ror.org/032xf8h46,,,,,,,,,replace==kgu.ac.kr,,,,,,,,,,,,
,https://ror.org/032xgdx47,,,,,,,,,replace==citi.com,,,,,,,,,,,,
,https://ror.org/032y0n460,,,,,,,,,replace==insp.mx,,,,,,,,,,,,
,https://ror.org/032yym934,,,,,,,replace==https://www.kielinstitut.de/,,replace==kielinstitut.de,,,,,,,,,,,,
,https://ror.org/032ztsj35,,,,,,,replace==https://aphrc.org/,,replace==aphrc.org,,,,,,,,,,,,
,https://ror.org/033003e23,,,,,,,,,replace==tuni.fi,,,,,,,,,,,,
,https://ror.org/0331wa828,,,,,,,replace==https://www.xmu.edu.my/,,replace==xmu.edu.my,,,,,,,,,,,,
,https://ror.org/0331wat71,,,,,,,replace==https://www.ahus.no/,,replace==ahus.no,,,,,,,,,,,,
,https://ror.org/033243786,,,,,,,,,replace==ummi.ac.id,,,,,,,,,,,,
,https://ror.org/0336mm561,,,,,,,,,replace==oup.com,,,,,,,,,,,,
,https://ror.org/033722021,,,,,,,,,replace==iorpib.poznan.pl,,,,,,,,,,,,
,https://ror.org/033bb5z47,,,,,,,replace==https://www.uni-weimar.de/,,replace==uni-weimar.de,,,,,,,,,,,,
,https://ror.org/033cbzv42,,,,,,,,,replace==ipp.ac.cn,,,,,,,,,,,,
,https://ror.org/033cz7157,,,,,,,replace==https://uacg.bg/,,replace==uacg.bg,,,,,,,,,,,,
,https://ror.org/033dfsn42,,,,,,,,,replace==iscas.ac.cn,,,,,,,,,,,,
,https://ror.org/033fgr632,,,,,,,,,replace==ucimed.com,,,,,,,,,,,,
,https://ror.org/033gfj842,,,,,,,replace==https://cita-aragon.es/,,replace==cita-aragon.es,,,,,,,,,,,,
,https://ror.org/033jnv181,,,,,,,,,replace==hhs.gov,,,,,,,,,,,,
,https://ror.org/033n9gh91,,,,,,,,,replace==uol.de,,,,,,,,,,,,
,https://ror.org/033p9g875,,,,,,,replace==https://www.inp-toulouse.fr/,,replace==inp-toulouse.fr,,,,,,,,,,,,
,https://ror.org/033pfj584,,,,,,,,,replace==bamu.ac.in,,,,,,,,,,,,
,https://ror.org/033qmpy33,,,,,,,replace==https://www.ifpi.edu.br/,,replace==ifpi.edu.br,,,,,,,,,,,,
,https://ror.org/033qpss18,,,,,,,,,replace==auxologico.it,,,,,,,,,,,,
,https://ror.org/033xtdz52,,,,,,,,,replace==jbrj.gov.br,,,,,,,,,,,,
,https://ror.org/033xvax87,,,,,,,replace==https://www.mst.nl/,,replace==mst.nl,,,,,,,,,,,,
,https://ror.org/033ztpr93,,,,,,,replace==https://www.ttuhsc.edu/,,replace==ttuhsc.edu,,,,,,,,,,,,
,https://ror.org/0344x6030,,,,,,,replace==https://iemspb.ru/,,replace==iemspb.ru,,,,,,,,,,,,
,https://ror.org/0347fy350,,,,,,,replace==https://www.rothamsted.ac.uk/,,replace==rothamsted.ac.uk,,,,,,,,,,,,
,https://ror.org/0348ff195,,,,,,,replace==https://www.bcrf.org/,,replace==bcrf.org,,,,,,,,,,,,
,https://ror.org/03490as77,,,,,,,,,replace==ufrj.br,,,,,,,,,,,,
,https://ror.org/034c1gc25,,,,,,,,,replace==mmc.org,,,,,,,,,,,,
,https://ror.org/034m6ke32,,,,,,,,,replace==ahri.org,,,,,,,,,,,,
,https://ror.org/034mtvk83,,,,,,,,,replace==uno.edu,,,,,,,,,,,,
,https://ror.org/034nkkr84,,,,,,,,,replace==rbk.de,,,,,,,,,,,,
,https://ror.org/034q1za58,,,,,,,,,replace==ipu.ac.in,,,,,,,,,,,,
,https://ror.org/034s8ev31,,,,,,,,,replace==intema.gob.ar,,,,,,,,,,,,
,https://ror.org/034tvp782,,,,,,,,,replace==ibb.waw.pl,,,,,,,,,,,,
,https://ror.org/034vpja60,,,,,,,,,replace==unifal-mg.edu.br,,,,,,,,,,,,
,https://ror.org/034wxcc35,,,,,,,replace==https://www.eortc.org/,,replace==eortc.org,,,,,,,,,,,,
,https://ror.org/034xvzb47,,,,,,,replace==https://www.fda.gov/,,replace==fda.gov,,,,,,,,,,,,
,https://ror.org/034zgem50,,,,,,,replace==https://www.asi.it/,,replace==asi.it,,,,,,,,,,,,
,https://ror.org/0350qvj56,,,,,,,replace==https://www.qarshidu.uz/,,replace==qarshidu.uz,,,,,,,,,,,,
,https://ror.org/0354t7b78,,,,,,,,,replace==rtx.com,,,,,,,,,,,,
,https://ror.org/0356cst02,,,,,,,,,replace==gig.ac.cn,,,,,,,,,,,,
,https://ror.org/0358b9334,,,,,,,,,replace==pims.gov.pk,,,,,,,,,,,,
,https://ror.org/035adwg89,,,,,,,,,replace==pkuph.edu.cn,,,,,,,,,,,,
,https://ror.org/035c3nf67,,,,,,,,,replace==senaicni.com.br,,,,,,,,,,,,
,https://ror.org/035cyhw15,,,,,,,replace==https://www.ccucm.edu.cn/,,replace==ccucm.edu.cn,,,,,,,,,,,,
,https://ror.org/035fp5e48,,,,,,,replace==https://www.scgcorp.com/,,replace==scgcorp.com,,,,,,,,,,,,
,https://ror.org/035ggvj17,,,,,,,replace==https://wum.edu.pk/,,replace==wum.edu.pk,,,,,,,,,,,,
,https://ror.org/035gna214,,,,,,,,,replace==nshealth.ca,,,,,,,,,,,,
,https://ror.org/035h3r191,,,,,,,,,replace==du.edu.eg,,,,,,,,,,,,
,https://ror.org/035j0tq82,,,,,,,replace==https://www.orange.com/,,replace==orange.com,,,,,,,,,,,,
,https://ror.org/035n7q728,,,,,,,replace==https://americas.aramco.com/,,replace==aramcoamericas.com,,,,,,,,,,,,
,https://ror.org/035pp4s04,,,,,,,replace==https://www.urheberrecht.org/,,replace==urheberrecht.org,,,,,,,,,,,,
,https://ror.org/035qaq447,,,,,,,replace==https://www.yongin.ac.kr,,replace==yongin.ac.kr,,,,,,,,,,,,
,https://ror.org/035r7hb75,,,,,,,replace==https://www.dsmc.or.kr/,,replace==dsmc.or.kr,,,,,,,,,,,,
,https://ror.org/035rrps97,,,,,,,replace==https://www.cncs-nrc.ro/,,replace==cncs-nrc.ro,,,,,,,,,,,,
,https://ror.org/035rzkx15,,,,,,,replace==https://www.uniklinikum-jena.de/,,replace==uniklinikum-jena.de,,,,,,,,,,,,
,https://ror.org/035xkbk20,,,,,,,replace==https://www.univ-amu.fr/,,replace==univ-amu.fr,,,,,,,,,,,,
,https://ror.org/035z2ew45,,,,,,,replace==https://www.eiu.edu/,,replace==eiu.edu,,,,,,,,,,,,
,https://ror.org/035z6xf33,,,,,,,,,replace==omrf.org,,,,,,,,,,,,
,https://ror.org/035zn2q74,,,,,,,replace==http://uaar.edu.pk/,,replace==uaar.edu.pk,,,,,,,,,,,,
,https://ror.org/03606hw36,,,,,,,,,replace==uni-erfurt.de,,,,,,,,,,,,
,https://ror.org/0360dkv71,,,,,,,,,replace==caf.ac.cn,,,,,,,,,,,,
,https://ror.org/0360g3z42,,,,,,,replace==https://english.hnue.edu.vn/,,replace==hnue.edu.vn,,,,,,,,,,,,
,https://ror.org/0361bwx64,,,,,,,,,replace==ukaea.uk,,,,,,,,,,,,
,https://ror.org/036568k33,,,,,,,replace==https://www.nbri.res.in/,,replace==nbri.res.in,,,,,,,,,,,,
,https://ror.org/0366c6s65,,,,,,,,,replace==whrsm.ac.cn,,,,,,,,,,,,
,https://ror.org/0366d2847,,,,,,,,,replace==ufms.br,,,,,,,,,,,,
,https://ror.org/0369pvp92,,,,,,,,,replace==nchu.edu.cn,,,,,,,,,,,,
,https://ror.org/0369st156,,,,,,,replace==https://www.sru.edu/,,replace==sru.edu,,,,,,,,,,,,
,https://ror.org/036awca68,,,,,,,replace==https://www.institutodeoftalmologia.org/,,replace==condecentro.org,,,,,,,,,,,,
,https://ror.org/036bcm133,,,,,,,replace==https://www.adb.org/,,replace==adb.org,,,,,,,,,,,,
,https://ror.org/036cvz290,,,,,,,replace==https://www.lsnu.edu.cn/,,replace==lsnu.edu.cn,,,,,,,,,,,,
,https://ror.org/036cy3843,,,,,,,,,replace==filmindependent.org,,,,,,,,,,,,
,https://ror.org/036d5sh68,,,,,,,replace==https://www.ifst.org/,,replace==ifst.org,,,,,,,,,,,,
,https://ror.org/036f4sz05,,,,,,,,,replace==lukasiewicz.gov.pl,,,,,,,,,,,,
,https://ror.org/036gzhj81,,,,,,,replace==https://untz.ba/,,replace==untz.ba,,,,,,,,,,,,
,https://ror.org/036h6g940,,,,,,,replace==https://www.india.gov.in/,,replace==gov.in,,,,,,,,,,,,
,https://ror.org/036j6sg82,,,,,,,replace==https://www.sgh.com.sg/,,replace==sgh.com.sg,,,,,,,,,,,,
,https://ror.org/036nq5137,,,,,,,replace==https://www.moe.go.th/,,replace==moe.go.th,,,,,,,,,,,,
,https://ror.org/036prgm77,,,,,,,replace==https://www.uoh.edu.cn/,,replace==uoh.edu.cn,,,,,,,,,,,,
,https://ror.org/036pt7h44,,,,,,,replace==https://www.umchealthsystem.com/,,replace==umchealthsystem.com,,,,,,,,,,,,
,https://ror.org/036ragn25,,,,,,,,,replace==fz-borstel.de,,,,,,,,,,,,
,https://ror.org/036wxg427,,,,,,,,,replace==jordan-hospital.com,,,,,,,,,,,,
,https://ror.org/036x6gt55,,,,,,,replace==https://www.nbt.nhs.uk/,,replace==nbt.nhs.uk,,,,,,,,,,,,
,https://ror.org/036x6w630,,,,,,,replace==https://smvdu.ac.in/,,replace==smvdu.ac.in,,,,,,,,,,,,
,https://ror.org/036xnae80,,,,,,,replace==https://ku.edu.np/,,replace==ku.edu.np,,,,,,,,,,,,
,https://ror.org/036yvre49,,,,,,,,,replace==kemsu.ru,,,,,,,,,,,,
,https://ror.org/036zswm25,,,,,,,,,replace==ltmlab.fr,,,,,,,,,,,,
,https://ror.org/0370bpp07,,,,,,,replace==https://idiapjgol.org/,,replace==idiapjgol.org,,,,,,,,,,,,
,https://ror.org/0371fqr87,,,,,,,replace==https://www.whuh.com/,,replace==whuh.com,,,,,,,,,,,,
,https://ror.org/0371hy230,,,,,,,,,replace==icrea.cat,,,,,,,,,,,,
,https://ror.org/0372t5741,,,,,,,replace==https://www.gifu-pu.ac.jp/,,replace==gifu-pu.ac.jp,,,,,,,,,,,,
,https://ror.org/0373nm262,,,,,,,replace==https://english.kongju.ac.kr,,replace==kongju.ac.kr,,,,,,,,,,,,
,https://ror.org/03754ky26,,,,,,,replace==https://tnoncology.com/,,replace==tnonc.com,,,,,,,,,,,,
,https://ror.org/0375jbm11,,,,,,,,,replace==nceo.ac.uk,,,,,,,,,,,,
,https://ror.org/03763ep67,,,,,,,replace==https://www.chp.edu/,,replace==chp.edu,,,,,,,,,,,,
,https://ror.org/0376kfa34,,,,,,,,,replace==chu-martinique.fr,,,,,,,,,,,,
,https://ror.org/0376myh60,,,,,,,replace==https://ucpel.edu.br/,,replace==ucpel.edu.br,,,,,,,,,,,,
,https://ror.org/0378cd528,,,,,,,replace==https://icss.ac.ir/,,replace==icss.ac.ir,,,,,,,,,,,,
,https://ror.org/0378g3743,,,,,,,,,replace==apha.gov.uk,,,,,,,,,,,,
,https://ror.org/037cnag11,,,,,,,replace==https://www.umsl.edu/,,replace==umsl.edu,,,,,,,,,,,,
,https://ror.org/037d0vf92,,,,,,,replace==https://en.nntu.ru/,,replace==nntu.ru,,,,,,,,,,,,
,https://ror.org/037kvhq82,,,,,,,,,replace==jcut.edu.cn,,,,,,,,,,,,
,https://ror.org/037msyf12,,,,,,,,,replace==mghihp.edu,,,,,,,,,,,,
,https://ror.org/037pkxm09,,,,,,,replace==https://www.kyungnam.ac.kr/,,replace==kyungnam.ac.kr,,,,,,,,,,,,
,https://ror.org/037skf023,,,,,,,replace==https://www.srmuniversity.ac.in/,,replace==srmuniversity.ac.in,,,,,,,,,,,,
,https://ror.org/037tw3m02,,,,,,,replace==https://www.mbs-education.com/,,replace==mbs-education.com,,,,,,,,,,,,
,https://ror.org/037tz0e16,,,,,,,replace==https://www.lhsc.on.ca/,,replace==lhsc.on.ca,,,,,,,,,,,,
,https://ror.org/037wegn60,,,,,,,replace==https://www.udc.edu/,,replace==udc.edu,,,,,,,,,,,,
,https://ror.org/037wq4b75,,,,,,,replace==https://www.klilu.de/,,replace==klilu.de,,,,,,,,,,,,
,https://ror.org/037wqsr57,,,,,,,,,replace==hums.ac.ir,,,,,,,,,,,,
,https://ror.org/037xbgq12,,,,,,,replace==http://www.idisba.es/,,replace==idisba.es,,,,,,,,,,,,
,https://ror.org/037zgn354,,,,,,,,,replace==jhmi.edu,,,,,,,,,,,,
,https://ror.org/0381bab64,,,,,,,replace==https://fmach.it/,,replace==fmach.it,,,,,,,,,,,,
,https://ror.org/0381dt953,,,,,,,replace==https://cmhlahore.edu.pk/,,replace==cmhlahore.edu.pk,,,,,,,,,,,,
,https://ror.org/038483r84,,,,,,,replace==https://www.eni.com/,,replace==eni.com,,,,,,,,,,,,
,https://ror.org/0385nmy68,,,,,,,replace==https://www.miit.gov.cn/,,replace==miit.gov.cn,,,,,,,,,,,,
,https://ror.org/03893we55,,,,,,,,,replace==zstu.edu.cn,,,,,,,,,,,,
,https://ror.org/0389pw608,,,,,,,,,replace==hpstar.ac.cn,,,,,,,,,,,,
,https://ror.org/038a1tp19,,,,,,,,,replace==asia.edu.tw,,,,,,,,,,,,
,https://ror.org/038avdt50,,,,,,,replace==https://www.xaut.edu.cn/,,replace==xaut.edu.cn,,,,,,,,,,,,
,https://ror.org/038b8e254,,,,,,,replace==https://www.aau.edu.et/,,replace==aau.edu.et,,,,,,,,,,,,
,https://ror.org/038bgk418,,,,,,,replace==https://www.oka-pu.ac.jp/,,replace==oka-pu.ac.jp,,,,,,,,,,,,
,https://ror.org/038c3w259,,,,,,,,,replace==kmmu.edu.cn,,,,,,,,,,,,
,https://ror.org/038cy8j79,,,,,,,,,replace==iau.edu.sa,,,,,,,,,,,,
,https://ror.org/038ddjp72,,,,,,,,,replace==uvanet.br,,,,,,,,,,,,
,https://ror.org/038djf877,,,,,,,replace==https://dohs.gov.np/,,replace==dohs.gov.np,,,,,,,,,,,,
,https://ror.org/038dte259,,,,,,,,,replace==caict.ac.cn,,,,,,,,,,,,
,https://ror.org/038e9x269,,,,,,,replace==https://www.kunainital.ac.in/,,replace==kunainital.ac.in,,,,,,,,,,,,
,https://ror.org/038g7dk46,,,,,,,replace==https://www.uni-miskolc.hu/,,replace==uni-miskolc.hu,,,,,,,,,,,,
,https://ror.org/038mavt60,,,,,,,,,replace==amu.kz,,,,,,,,,,,,
,https://ror.org/038mvjn28,,,,,,,,,replace==unimagdalena.edu.co,,,,,,,,,,,,
,https://ror.org/038mz4r36,,,,,,,,,replace==vgu.ac.in,,,,,,,,,,,,
,https://ror.org/038q98v71,,,,,,,replace==https://www.dominionenergy.com/,,replace==dominionenergy.com,,,,,,,,,,,,
,https://ror.org/038s1ax16,,,,,,,,,replace==templecollege.edu,,,,,,,,,,,,
,https://ror.org/038x2fh14,,,,,,,replace==https://www.cdrewu.edu/,,replace==cdrewu.edu,,,,,,,,,,,,
,https://ror.org/038x9td67,,,,,,,,,replace==amolf.nl,,,,,,,,,,,,
,https://ror.org/038z5mp14,,,,,,,,,replace==oas.org,,,,,,,,,,,,
,https://ror.org/038zf2n28,,,,,,,replace==https://ysu.edu/,,replace==ysu.edu,,,,,,,,,,,,
,https://ror.org/038zpvz53,,,,,,,,,replace==chis.ma,,,,,,,,,,,,
,https://ror.org/0390vdb22,,,,,,,replace==https://www.ioaging.org/,,replace==ioaging.org,,,,,,,,,,,,
,https://ror.org/0397knh37,,,,,,,replace==https://www.carloalberto.org/,,replace==carloalberto.org,,,,,,,,,,,,
,https://ror.org/0397szj42,,,,,,,,,replace==tarsus.edu.tr,,,,,,,,,,,,
,https://ror.org/0397tsa92,,,,,,,replace==https://www.cau.edu/,,replace==cau.edu,,,,,,,,,,,,
,https://ror.org/0398ex766,,,,,,,,,replace==unecon.ru,,,,,,,,,,,,
,https://ror.org/039cf4q47,,,,,,,replace==https://uomosul.edu.iq/,,replace==uomosul.edu.iq,,,,,,,,,,,,
,https://ror.org/039d1mp60,,,,,,,replace==https://www.cgcri.res.in/,,replace==cgcri.res.in,,,,,,,,,,,,
,https://ror.org/039evc422,,,,,,,replace==https://www.imim.cat/,,replace==imim.es,,,,,,,,,,,,
,https://ror.org/039fp5n52,,,,,,,replace==https://www.wethecurious.org/,,replace==wethecurious.org,,,,,,,,,,,,
,https://ror.org/039jmcx36,,,,,,,replace==https://konkoly.hu/,,replace==konkoly.hu,,,,,,,,,,,,
,https://ror.org/039k6f508,,,,,,,,,replace==keti.re.kr,,,,,,,,,,,,
,https://ror.org/039kas258,,,,,,,replace==https://www.imperial.edu/,,replace==imperial.edu,,,,,,,,,,,,
,https://ror.org/039qvmf95,,,,,,,,,replace==wwsc.se,,,,,,,,,,,,
,https://ror.org/039t4sn90,,,,,,,replace==https://www.unika.ac.id/,,replace==unika.ac.id,,,,,,,,,,,,
,https://ror.org/039t4wk02,,,,,,,,,replace==l3s.de,,,,,,,,,,,,
,https://ror.org/039w8qr24,,,,,,,replace==https://www.nbu.ac.in/,,replace==nbu.ac.in,,,,,,,,,,,,
,https://ror.org/039ygjf22,,,,,,,,,replace==jikei.ac.jp,,,,,,,,,,,,
,https://ror.org/039zd5s34,,,,,,,replace==https://www.iul.ac.in/,,replace==iul.ac.in,,,,,,,,,,,,
,https://ror.org/039zedc16,,,,,,,,,replace==stgeorges.nhs.uk,,,,,,,,,,,,
,https://ror.org/039zhhm92,,,,,,,,,replace==khuisf.ac.ir,,,,,,,,,,,,
,https://ror.org/039zxt351,,,,,,,,,replace==hsr.it,,,,,,,,,,,,
,https://ror.org/03a11m818,,,,,,,replace==https://ctb.iau.ir,,replace==iauctb.ac.ir,,,,,,,,,,,,
,https://ror.org/03a1kwz48,,,,,,,replace==https://uni-tuebingen.de/,,replace==uni-tuebingen.de,,,,,,,,,,,,
,https://ror.org/03a2tac74,,,,,,,replace==https://florey.edu.au/,,replace==florey.edu.au,,,,,,,,,,,,
,https://ror.org/03a2yg438,,,,,,,replace==https://isbi.ac.id/,,replace==isbi.ac.id,,,,,,,,,,,,
,https://ror.org/03a5x6z77,,,,,,,,,replace==unl.edu.ec,,,,,,,,,,,,
,https://ror.org/03a5xsc56,,,,,,,,,replace==tropos.de,,,,,,,,,,,,
,https://ror.org/03a6a0a65,,,,,,,replace==https://www.unoesc.edu.br/,,replace==unoesc.edu.br,,,,,,,,,,,,
,https://ror.org/03a6zw892,,,,,,,replace==https://www.luriechildrens.org/,,replace==luriechildrens.org,,,,,,,,,,,,
,https://ror.org/03a8rwx10,,,,,,,,,replace==yarsi.ac.id,,,,,,,,,,,,
,https://ror.org/03a9mf398,,,,,,,replace==https://mpgu.su/,,replace==mpgu.su,,,,,,,,,,,,
,https://ror.org/03a9t7g49,,,,,,,replace==https://www.jacksonvillecollege.edu/,,replace==jacksonvillecollege.edu,,,,,,,,,,,,
,https://ror.org/03aam9155,,,,,,,replace==https://kaher.edu.in/,,replace==kledeemeduniversity.edu.in,,,,,,,,,,,,
,https://ror.org/03adqg323,,,,,,,replace==https://www.labri.fr/,,replace==labri.fr,,,,,,,,,,,,
,https://ror.org/03ae6qy41,,,,,,,replace==https://phoenixchildrens.org/,,replace==phoenixchildrens.com,,,,,,,,,,,,
,https://ror.org/03ag59v15,,,,,,,,,replace==uncisal.edu.br,,,,,,,,,,,,
,https://ror.org/03am2jy38,,,,,,,replace==https://www.univ-perp.fr/,,replace==univ-perp.fr,,,,,,,,,,,,
,https://ror.org/03angcq70,,,,,,,,,replace==bham.ac.uk,,,,,,,,,,,,
,https://ror.org/03anxx281,,,,,,,,,replace==phenikaa-uni.edu.vn,,,,,,,,,,,,
,https://ror.org/03ayjn504,,,,,,,replace==https://tec.mx/,,replace==tec.mx,,,,,,,,,,,,
,https://ror.org/03azxga02,,,,,,,replace==https://www.nebraskamed.com/,,replace==nebraskamed.com,,,,,,,,,,,,
,https://ror.org/03b0k9c14,,,,,,,replace==https://www.uk-augsburg.de/,,replace==uk-augsburg.de,,,,,,,,,,,,
,https://ror.org/03b17a012,,,,,,,,,replace==bea.gov,,,,,,,,,,,,
,https://ror.org/03b2q2q16,,,,,,,replace==https://memo.site/,,replace==memo.site,,,,,,,,,,,,
,https://ror.org/03b5q4637,,,,,,,,,replace==ets.org,,,,,,,,,,,,
,https://ror.org/03b6cpn03,,,,,,,replace==https://onu.edu.ua/,,replace==onu.edu.ua,,,,,,,,,,,,
,https://ror.org/03b9y4e65,,,,,,,,,replace==awkum.edu.pk,,,,,,,,,,,,
,https://ror.org/03ba28x55,,,,,,,,,replace==vallhebron.cat,,,,,,,,,,,,
,https://ror.org/03bcjfh39,,,,,,,,,replace==vnmu.edu.ua,,,,,,,,,,,,
,https://ror.org/03bd8jh67,,,,,,,replace==https://www.vch.ca/,,replace==vch.ca,,,,,,,,,,,,
,https://ror.org/03bdv1r55,,,,,,,replace==https://www.jmc.ac.il/,,replace==jmc.ac.il,,,,,,,,,,,,
,https://ror.org/03bea9k73,,,,,,,,,replace==universityofgalway.ie,,,,,,,,,,,,
,https://ror.org/03bfc4534,,,,,,,replace==https://zuyderland.nl/,,replace==zuyderland.nl,,,,,,,,,,,,
,https://ror.org/03bhas793,,,,,,,replace==https://www.ydinm.org/,,replace==ydinm.org,,,,,,,,,,,,
,https://ror.org/03bjn0010,,,,,,,replace==https://www.nrc.gov.lk/,,replace==nrc.gov.lk,,,,,,,,,,,,
,https://ror.org/03bpc5f92,,,,,,,,,replace==imr.gov.my,,,,,,,,,,,,
,https://ror.org/03bqk3e80,,,,,,,,,replace==nccs.com.sg,,,,,,,,,,,,
,https://ror.org/03br1wy20,,,,,,,replace==https://www.fresnel.fr/,,replace==fresnel.fr,,,,,,,,,,,,
,https://ror.org/03bs18y54,,,,,,,,,replace==infosys.com,,,,,,,,,,,,
,https://ror.org/03btvgn05,,,,,,,,,replace==cue-lnf.fr,,,,,,,,,,,,
,https://ror.org/03byjr489,,,,,,,,,replace==unicesumar.edu.br,,,,,,,,,,,,
,https://ror.org/03bzbv419,,,,,,,,,replace==aiofm.ac.cn,,,,,,,,,,,,
,https://ror.org/03bzdww12,,,,,,,,,replace==igtp.cat,,,,,,,,,,,,
,https://ror.org/03c21xx79,,,,,,,,,replace==unimal.ac.id,,,,,,,,,,,,
,https://ror.org/03c4atk17,,,,,,,replace==https://www.usi.ch/,,replace==usi.ch,,,,,,,,,,,,
,https://ror.org/03c4shz64,,,,,,,replace==https://www.uae.ac.ma/,,replace==uae.ac.ma,,,,,,,,,,,,
,https://ror.org/03c52a632,,,,,,,,,replace==apu.edu.my,,,,,,,,,,,,
,https://ror.org/03c62dg59,,,,,,,,,replace==toh.ca,,,,,,,,,,,,
,https://ror.org/03c6bf397,,,,,,,replace==https://www.ibs.or.jp/,,replace==ibs.or.jp,,,,,,,,,,,,
,https://ror.org/03c824k52,,,,,,,replace==https://www.sammu.uz,,replace==sammu.uz,,,,,,,,,,,,
,https://ror.org/03c8c9n80,,,,,,,replace==https://www.cgh.org.tw/,,replace==cgh.org.tw,,,,,,,,,,,,
,https://ror.org/03c8k9q07,,,,,,,replace==https://www.nhimc.or.kr/,,replace==nhimc.or.kr,,,,,,,,,,,,
,https://ror.org/03cavsb35,,,,,,,,,replace==radenfatah.ac.id,,,,,,,,,,,,
,https://ror.org/03cc0mm23,,,,,,,replace==https://www.numc.edu/,,replace==numc.edu,,,,,,,,,,,,
,https://ror.org/03cdvht47,,,,,,,replace==https://www.uh1.ac.ma/,,replace==uhp.ac.ma,,,,,,,,,,,,
,https://ror.org/03chnr738,,,,,,,replace==https://www.hope.edu/,,replace==hope.edu,,,,,,,,,,,,
,https://ror.org/03ckh6215,,,,,,,,,replace==nigeb.ac.ir,,,,,,,,,,,,
,https://ror.org/03cmntr54,,,,,,,,,replace==iac.es,,,,,,,,,,,,
,https://ror.org/03cn6tr16,,,,,,,,,replace==ciberehd.org,,,,,,,,,,,,
,https://ror.org/03cnmz153,,,,,,,replace==https://www.ums.ac.id/,,replace==ums.ac.id,,,,,,,,,,,,
,https://ror.org/03cpe7c52,,,,,,,,,replace==alleninstitute.org,,,,,,,,,,,,
,https://ror.org/03cq4gr50,,,,,,,replace==https://www.kku.ac.th/,,replace==kku.ac.th,,,,,,,,,,,,
,https://ror.org/03cqnhx95,,,,,,,,,replace==sjcs.edu,,,,,,,,,,,,
,https://ror.org/03cvbjc43,,,,,,,replace==https://www.irccs.oasi.en.it/,,replace==oasi.en.it,,,,,,,,,,,,
,https://ror.org/03cw63y62,,,,,,,replace==https://www.womenscollegehospital.ca/,,replace==wchospital.ca,,,,,,,,,,,,
,https://ror.org/03cxsty68,,,,,,,,,replace==unicentro.br,,,,,,,,,,,,
,https://ror.org/03cxwg632,,,,,,,replace==https://www.unipegaso.it/,,replace==unipegaso.it,,,,,,,,,,,,
,https://ror.org/03cxys317,,,,,,,replace==https://www.yamaguchi-u.ac.jp/,,replace==yamaguchi-u.ac.jp,,,,,,,,,,,,
,https://ror.org/03cyvdv85,,,,,,,replace==https://www.wzhospital.cn/,,replace==wzhospital.cn,,,,,,,,,,,,
,https://ror.org/03d0hdn85,,,,,,,replace==https://www.igh.com.tr/,,replace==istanbulgoz.com,,,,,,,,,,,,
,https://ror.org/03d0p2685,,,,,,,replace==https://www.helmholtz-hzi.de/,,replace==helmholtz-hzi.de,,,,,,,,,,,,
,https://ror.org/03d47z838,,,,,,,,,replace==on.br,,,,,,,,,,,,
,https://ror.org/03d58dr58,,,,,,,replace==https://www.nni.com.sg/,,replace==nni.com.sg,,,,,,,,,,,,
,https://ror.org/03d64na34,,,,,,,,,replace==pmu.edu.sa,,,,,,,,,,,,
,https://ror.org/03d7a9c68,,,,,,,replace==https://www.ucv.es/,,replace==ucv.es,,,,,,,,,,,,
,https://ror.org/03d8em588,,,,,,,replace==https://www.grinm.com/,,replace==grinm.com,,,,,,,,,,,,
,https://ror.org/03d9mz263,,,,,,,replace==https://uoz.ac.ir/,,replace==uoz.ac.ir,,,,,,,,,,,,
,https://ror.org/03dakdm13,,,,,,,replace==https://www.sjc.edu/,,replace==sjc.edu,,,,,,,,,,,,
,https://ror.org/03dc0dy65,,,,,,,replace==https://www.kaums.ac.ir/,,replace==kaums.ac.ir,,,,,,,,,,,,
,https://ror.org/03dcvf827,,,,,,,,,replace==beykent.edu.tr,,,,,,,,,,,,
,https://ror.org/03ddeer04,,,,,,,replace==https://qom.ac.ir/,,replace==qom.ac.ir,,,,,,,,,,,,
,https://ror.org/03ddhrn22,,,,,,,,,replace==svkm.ac.in,,,,,,,,,,,,
,https://ror.org/03deqdj72,,,,,,,,,replace==usmp.pe,,,,,,,,,,,,
,https://ror.org/03dfa9f06,,,,,,,replace==https://www.swfu.edu.cn/,,replace==swfu.edu.cn,,,,,,,,,,,,
,https://ror.org/03dga7879,,,,,,,,,replace==tectijuana.edu.mx,,,,,,,,,,,,
,https://ror.org/03dh12p89,,,,,,,,,replace==perinatal.org.uk,,,,,,,,,,,,
,https://ror.org/03dhz7247,,,,,,,replace==https://med-gen.ru/,,replace==med-gen.ru,,,,,,,,,,,,
,https://ror.org/03djtgh02,,,,,,,replace==https://www.phcc.gov.qa/,,replace==phcc.gov.qa,,,,,,,,,,,,
,https://ror.org/03dkvy735,,,,,,,replace==https://www.nymc.edu/,,replace==nymc.edu,,,,,,,,,,,,
,https://ror.org/03dp0vf82,,,,,,,replace==https://oxb.com/,,replace==oxb.com,,,,,,,,,,,,
,https://ror.org/03ds72003,,,,,,,replace==https://www.mitchellinstitute.org/,,replace==mitchellinstitute.org,,,,,,,,,,,,
,https://ror.org/03dvm1235,,,,,,,,,replace==gcu.ac.uk,,,,,,,,,,,,
,https://ror.org/03dxh7253,,,,,,,,,replace==unigoro.ac.id,,,,,,,,,,,,
,https://ror.org/03dy10t98,,,,,,,replace==https://www.ngri.res.in/,,replace==ngri.res.in,,,,,,,,,,,,
,https://ror.org/03e10x626,,,,,,,,,replace==uib.es,,,,,,,,,,,,
,https://ror.org/03e1sv842,,,,,,,,,replace==ncp.edu.pk,,,,,,,,,,,,
,https://ror.org/03e2b2m72,,,,,,,replace==https://www.cvcfrankfurt.de/,,replace==cvcfrankfurt.de,,,,,,,,,,,,
,https://ror.org/03e2qe334,,,,,,,replace==https://www.nu.ac.th/,,replace==nu.ac.th,,,,,,,,,,,,
,https://ror.org/03e36d037,,,,,,,replace==https://www.centromedicoabc.com/,,replace==abchospital.com,,,,,,,,,,,,
,https://ror.org/03e3kts03,,,,,,,,,replace==sahmri.com,,,,,,,,,,,,
,https://ror.org/03e3qgk42,,,,,,,,,replace==uwhealth.org,,,,,,,,,,,,
,https://ror.org/03e71c577,,,,,,,replace==https://www.camh.ca/,,replace==camh.ca,,,,,,,,,,,,
,https://ror.org/03e7xy909,,,,,,,replace==https://www.peoplesuniversity.edu.in/,,replace==peoplesuniversity.edu.in,,,,,,,,,,,,
,https://ror.org/03e8rf594,,,,,,,,,replace==mines-ales.fr,,,,,,,,,,,,
,https://ror.org/03e8s1d88,,,,,,,replace==https://www.pik-potsdam.de/,,replace==pik-potsdam.de,,,,,,,,,,,,
,https://ror.org/03eaxvz05,,,,,,,,,replace==ifa.md,,,,,,,,,,,,
,https://ror.org/03efxpx82,,,,,,,,,replace==mauriziano.it,,,,,,,,,,,,
,https://ror.org/03efzvv60,,,,,,,,,replace==bahiablanca-conicet.gob.ar,,,,,,,,,,,,
,https://ror.org/03eh3y714,,,,,,,replace==https://www.psi.ch/,,replace==psi.ch,,,,,,,,,,,,
,https://ror.org/03ehp1h78,,,,,,,,,replace==ufrr.br,,,,,,,,,,,,
,https://ror.org/03ek23472,,,,,,,,,replace==chnu.edu.cn,,,,,,,,,,,,
,https://ror.org/03em6xj44,,,,,,,,,replace==ibsal.es,,,,,,,,,,,,
,https://ror.org/03end3932,,,,,,,,,replace==viridiengroup.com,,,,,,,,,,,,
,https://ror.org/03enmdz06,,,,,,,replace==https://www.fresnostate.edu/,,replace==csufresno.edu,,,,,,,,,,,,
,https://ror.org/03eqttr49,,,,,,,replace==https://www.rtp.org/,,replace==rtp.org,,,,,,,,,,,,
,https://ror.org/03er61e50,,,,,,,,,replace==clinique-pasteur.com,,,,,,,,,,,,
,https://ror.org/03etyjw28,,,,,,,replace==https://www.javeriana.edu.co/,,replace==javeriana.edu.co,,,,,,,,,,,,
,https://ror.org/03evbwn87,,,,,,,,,replace==chu-brest.fr,,,,,,,,,,,,
,https://ror.org/03exgrk66,,,,,,,,,replace==eumc.ac.kr,,,,,,,,,,,,
,https://ror.org/03eyq4y97,,,,,,,replace==https://www.hbku.edu.qa/,,replace==hbku.edu.qa,,,,,,,,,,,,
,https://ror.org/03ez40v33,,,,,,,replace==https://www.bi.no/,,replace==bi.no,,,,,,,,,,,,
,https://ror.org/03ezapm74,,,,,,,replace==https://fundacionsantafedebogota.com/,,replace==fsfb.org.co,,,,,,,,,,,,
,https://ror.org/03f015z81,,,,,,,replace==https://www.cdc.zj.cn/,,replace==cdc.zj.cn,,,,,,,,,,,,
,https://ror.org/03f5t6469,,,,,,,replace==https://milkeninstitute.org/,,replace==milkeninstitute.org,,,,,,,,,,,,
,https://ror.org/03f61zm76,,,,,,,replace==https://nfa.dk/,,replace==nfa.dk,,,,,,,,,,,,
,https://ror.org/03f6n9m15,,,,,,,replace==https://www.unimedizin-ffm.de/,,replace==unimedizin-ffm.de,,,,,,,,,,,,
,https://ror.org/03f9f1d95,,,,,,,,,replace==afit.edu,,,,,,,,,,,,
,https://ror.org/03f9nc143,,,,,,,replace==https://www.skoltech.ru/,,replace==skoltech.ru,,,,,,,,,,,,
,https://ror.org/03fcgva33,,,,,,,replace==https://www.wmchealth.org/locations/westchester-medical-center,,replace==wmchealth.org,,,,,,,,,,,,
,https://ror.org/03fcpsq87,,,,,,,,,replace==pu.edu.tw,,,,,,,,,,,,
,https://ror.org/03fd77x13,,,,,,,,,replace==in2p3.fr,,,,,,,,,,,,
,https://ror.org/03fftr154,,,,,,,replace==https://www.irycis.org/,,replace==irycis.org,,,,,,,,,,,,
,https://ror.org/03fh7t044,,,,,,,replace==https://uob.edu.ly/,,replace==uob.edu.ly,,,,,,,,,,,,
,https://ror.org/03fk87k11,,,,,,,,,replace==imj-prg.fr,,,,,,,,,,,,
,https://ror.org/03fkc8c64,,,,,,,,,replace==uwimona.edu.jm,,,,,,,,,,,,
,https://ror.org/03fm7wh60,,,,,,,,,replace==durhamtech.edu,,,,,,,,,,,,
,https://ror.org/03fnv7n42,,,,,,,,,replace==njxzc.edu.cn,,,,,,,,,,,,
,https://ror.org/03frnyk41,,,,,,,,,replace==saudedafamilia.org,,,,,,,,,,,,
,https://ror.org/03fs9z545,,,,,,,replace==https://www.tropmed.ac/,,replace==tropmedres.ac,,,,,,,,,,,,
,https://ror.org/03fy7b149,,,,,,,,,replace==act.gov.au,,,,,,,,,,,,
,https://ror.org/03g001n57,,,,,,,replace==https://www.fchampalimaud.org/,,replace==fundacaochampalimaud.pt,,,,,,,,,,,,
,https://ror.org/03g03ge92,,,,,,,replace==https://www.amgen.com/,,replace==amgen.com,,,,,,,,,,,,
,https://ror.org/03g35dg18,,,,,,,replace==https://www.desu.edu/,,replace==desu.edu,,,,,,,,,,,,
,https://ror.org/03g47g866,,,,,,,replace==https://www.uhnm.nhs.uk/,,replace==uhnm.nhs.uk,,,,,,,,,,,,
,https://ror.org/03g897070,,,,,,,,,replace==siom.ac.cn,,,,,,,,,,,,
,https://ror.org/03gb38m78,,,,,,,,,replace==tjupdi.com,,,,,,,,,,,,
,https://ror.org/03gbw6p94,,,,,,,replace==https://unitech-mo.ru/,,replace==ut-mo.ru,,,,,,,,,,,,
,https://ror.org/03gcbhc33,,,,,,,replace==https://www.ifpenergiesnouvelles.com/,,replace==ifpen.fr,,,,,,,,,,,,
,https://ror.org/03gcvf773,,,,,,,replace==https://dsifl.com/,,replace==dsifl.com,,,,,,,,,,,,
,https://ror.org/03gd0dm95,,,,,,,replace==https://www.aku.edu/,,replace==aku.edu,,,,,,,,,,,,
,https://ror.org/03gf6ma44,,,,,,,,,replace==westwomen.org,,,,,,,,,,,,
,https://ror.org/03gf8rp76,,,,,,,,,replace==ncbs.res.in,,,,,,,,,,,,
,https://ror.org/03gh96r95,,,,,,,replace==https://www.bowdoin.edu/,,replace==bowdoin.edu,,,,,,,,,,,,
,https://ror.org/03gk81f96,,,,,,,replace==https://www.kmu.edu.tw,,replace==kmu.edu.tw,,,,,,,,,,,,
,https://ror.org/03gnr7b55,,,,,,,replace==https://www.univ-nantes.fr/,,replace==univ-nantes.fr,,,,,,,,,,,,
,https://ror.org/03gq1d339,,,,,,,,,replace==univ-ndere.cm,,,,,,,,,,,,
,https://ror.org/03grprm46,,,,,,,replace==https://www.urgentafloreasca.ro/,,replace==urgentafloreasca.ro,,,,,,,,,,,,
,https://ror.org/03grsxg62,,,,,,,replace==https://www.cpi.com/,,replace==cpi.com,,,,,,,,,,,,
,https://ror.org/03gsd6w61,,,,,,,replace==https://www.unsaac.edu.pe/,,replace==unsaac.edu.pe,,,,,,,,,,,,
,https://ror.org/03gtdcg60,,,,,,,replace==https://www.udp.cl/,,replace==udp.cl,,,,,,,,,,,,
,https://ror.org/03gwaxw53,,,,,,,,,replace==servicesaustralia.gov.au,,,,,,,,,,,,
,https://ror.org/03gwbzf29,,,,,,,,,replace==umfst.ro,,,,,,,,,,,,
,https://ror.org/03gx6zj11,,,,,,,replace==https://www.ins.gob.pe/,,replace==ins.gob.pe,,,,,,,,,,,,
,https://ror.org/03gyssm79,,,,,,,,,replace==crcc.cn,,,,,,,,,,,,
,https://ror.org/03gzbrs57,,,,,,,replace==https://www.nyp.org/,,replace==nyp.org,,,,,,,,,,,,
,https://ror.org/03gzy4429,,,,,,,replace==https://www.bsperio.org.uk/,,replace==bsperio.org.uk,,,,,,,,,,,,
,https://ror.org/03h2bh287,,,,,,,replace==https://www.ouh.nhs.uk/,,replace==ouh.nhs.uk,,,,,,,,,,,,
,https://ror.org/03h56sg55,,,,,,,,,replace==aktu.ac.in,,,,,,,,,,,,
,https://ror.org/03h7r5v07,,,,,,,,,replace==unicatt.it,,,,,,,,,,,,
,https://ror.org/03h8sa373,,,,,,,replace==https://osmaniye.edu.tr/,,replace==osmaniye.edu.tr,,,,,,,,,,,,
,https://ror.org/03h954e30,,,,,,,replace==https://cimav.edu.mx/,,replace==cimav.edu.mx,,,,,,,,,,,,
,https://ror.org/03ha6v181,,,,,,,,,replace==ncnu.edu.tw,,,,,,,,,,,,
,https://ror.org/03hamhx47,,,,,,,replace==https://www.uml.edu/,,replace==uml.edu,,,,,,,,,,,,
,https://ror.org/03haqmz43,,,,,,,replace==https://univ-fhb.edu.ci/,,replace==ufhb.edu.ci,,,,,,,,,,,,
,https://ror.org/03hasqf61,,,,,,,,,replace==icmab.es,,,,,,,,,,,,
,https://ror.org/03hg8g849,,,,,,,replace==https://ippras.ru/,,replace==ifr.moscow,,,,,,,,,,,,
,https://ror.org/03hgxtg28,,,,,,,,,replace==bift.edu.cn,,,,,,,,,,,,
,https://ror.org/03hh69c20,,,,,,,,,replace==abzums.ac.ir,,,,,,,,,,,,
,https://ror.org/03hjgt059,,,,,,,,,replace==isglobal.org,,,,,,,,,,,,
,https://ror.org/03hnwy706,,,,,,,replace==https://ibyme.org.ar/,,replace==ibyme.org.ar,,,,,,,,,,,,
,https://ror.org/03hq46410,,,,,,,replace==https://ins.gov.mz/,,replace==ins.gov.mz,,,,,,,,,,,,
,https://ror.org/03hqwnx39,,,,,,,,,replace==hebeinu.edu.cn,,,,,,,,,,,,
,https://ror.org/03hrf8236,,,,,,,replace==https://www.niva.no/,,replace==niva.no,,,,,,,,,,,,
,https://ror.org/03hsf0573,,,,,,,,,replace==wm.edu,,,,,,,,,,,,
,https://ror.org/03ht0cf17,,,,,,,,,replace==sau.edu.bd,,,,,,,,,,,,
,https://ror.org/03ht1xw27,,,,,,,,,replace==tifr.res.in,,,,,,,,,,,,
,https://ror.org/03hxbk195,,,,,,,replace==https://www.kliniken-koeln.de/,,replace==kliniken-koeln.de,,,,,,,,,,,,
,https://ror.org/03j1rr444,,,,,,,,,replace==pucminas.br,,,,,,,,,,,,
,https://ror.org/03j32c418,,,,,,,,,replace==ump.ac.id,,,,,,,,,,,,
,https://ror.org/03j3dv688,,,,,,,replace==https://www.newpaltz.edu/,,replace==newpaltz.edu,,,,,,,,,,,,
,https://ror.org/03j4rrt43,,,,,,,,,replace==icgeb.res.in,,,,,,,,,,,,
,https://ror.org/03j4x9j18,,,,,,,,,replace==ipe.ac.cn,,,,,,,,,,,,
,https://ror.org/03j7v5j15,,,,,,,,,replace==psych.ac.cn,,,,,,,,,,,,
,https://ror.org/03j8tnm47,,,,,,,replace==https://www.cefet-rj.br/,,replace==cefet-rj.br,,,,,,,,,,,,
,https://ror.org/03j96nc67,,,,,,,,,replace==cmrdi.sci.eg,,,,,,,,,,,,
,https://ror.org/03j9tzj20,,,,,,,replace==https://www.nbu.edu.sa/,,replace==nbu.edu.sa,,,,,,,,,,,,
,https://ror.org/03jbf6q27,,,,,,,replace==https://mbi-berlin.de/,,replace==mbi-berlin.de,,,,,,,,,,,,
,https://ror.org/03jbkky50,,,,,,,replace==https://istts.ac.id,,replace==stts.edu,,,,,,,,,,,,
,https://ror.org/03jbsdf87,,,,,,,replace==https://umsu.ac.ir/,,replace==umsu.ac.ir,,,,,,,,,,,,
,https://ror.org/03jdj4y14,,,,,,,replace==https://www.nvidia.com/en-us/,,replace==nvidia.com,,,,,,,,,,,,
,https://ror.org/03jf2m686,,,,,,,,,replace==tropmet.res.in,,,,,,,,,,,,
,https://ror.org/03jgnzt20,,,,,,,replace==https://www.chinatelecomglobal.com/,,replace==chinatelecomglobal.com,,,,,,,,,,,,
,https://ror.org/03js6zg56,,,,,,,replace==https://www.uasbangalore.edu.in/,,replace==uasbangalore.edu.in,,,,,,,,,,,,
,https://ror.org/03jxkz251,,,,,,,replace==https://www.oncologico.bari.it/web/irccs,,replace==oncologico.bari.it,,,,,,,,,,,,
,https://ror.org/03jy13477,,,,,,,,,replace==ppic.org,,,,,,,,,,,,
,https://ror.org/03jzs4815,,,,,,,replace==https://ineos.ac.ru/,,replace==ineos.ac.ru,,,,,,,,,,,,
,https://ror.org/03k0z2z93,,,,,,,replace==https://wzb.eu/,,replace==wzb.eu,,,,,,,,,,,,
,https://ror.org/03k1bsr36,,,,,,,,,replace==u-bourgogne.fr,,,,,,,,,,,,
,https://ror.org/03k1e3764,,,,,,,replace==https://www.apta.org/,,replace==apta.org,,,,,,,,,,,,
,https://ror.org/03k3p7647,,,,,,,replace==https://ufba.br/,,replace==ufba.br,,,,,,,,,,,,
,https://ror.org/03k4vk194,,,,,,,replace==https://grace.com/,,replace==grace.com,,,,,,,,,,,,
,https://ror.org/03k6r8t20,,,,,,,,,replace==niglas.ac.cn,,,,,,,,,,,,
,https://ror.org/03k84rm07,,,,,,,,,replace==ceh.org,,,,,,,,,,,,
,https://ror.org/03k9yfc35,,,,,,,replace==https://uftl.edu/,,replace==uftl.edu,,,,,,,,,,,,
,https://ror.org/03ka58c58,,,,,,,replace==https://upy.ac.id/,,replace==upy.ac.id,,,,,,,,,,,,
,https://ror.org/03kaab451,,,,,,,replace==https://mdu.ac.in/,,replace==mdurohtak.ac.in,,,,,,,,,,,,
,https://ror.org/03kc2e209,,,,,,,replace==https://www.unismuh.ac.id/,,replace==unismuh.ac.id,,,,,,,,,,,,
,https://ror.org/03kcjz738,,,,,,,replace==https://www.cfsa.net.cn/,,replace==cfsa.net.cn,,,,,,,,,,,,
,https://ror.org/03kcw4w74,,,,,,,replace==https://www.sbmac.org.br/,,replace==sbmac.org.br,,,,,,,,,,,,
,https://ror.org/03kfmm080,,,,,,,replace==https://cancer-c.pref.aichi.jp/,,replace==aichi-cc.jp,,,,,,,,,,,,
,https://ror.org/03kfnwp54,,,,,,,replace==https://www.bccn-tuebingen.de/,,replace==bccn-tuebingen.de,,,,,,,,,,,,
,https://ror.org/03kgcsq08,,,,,,,,,replace==cscec.com,,,,,,,,,,,,
,https://ror.org/03kgsv495,,,,,,,,,replace==biu.ac.il,,,,,,,,,,,,
,https://ror.org/03kk7td41,,,,,,,,,replace==cardiff.ac.uk,,,,,,,,,,,,
,https://ror.org/03kkfk814,,,,,,,replace==https://www.univ-jijel.dz/,,replace==univ-jijel.dz,,,,,,,,,,,,
,https://ror.org/03kkjyb15,,,,,,,replace==https://www.pkuszh.com.cn/,,replace==pkuszh.com,,,,,,,,,,,,
,https://ror.org/03kn4xv14,,,,,,,,,replace==ihep.ru,,,,,,,,,,,,
,https://ror.org/03kqap970,,,,,,,replace==https://www.uo.edu.cu/,,replace==uo.edu.cu,,,,,,,,,,,,
,https://ror.org/03kqcyw85,,,,,,,replace==https://portal.unap.edu.pe/,,replace==unap.edu.pe,,,,,,,,,,,,
,https://ror.org/03kr8x191,,,,,,,replace==https://www.unam.edu.ar/,,replace==unam.edu.ar,,,,,,,,,,,,
,https://ror.org/03krx0543,,,,,,,replace==http://www.yraes.org.cn/,,replace==yraes.org.cn,,,,,,,,,,,,
,https://ror.org/03ks1vk59,,,,,,,replace==https://www.cro.sanita.fvg.it/,,replace==cro.it,,,,,,,,,,,,
,https://ror.org/03ks2a131,,,,,,,,,replace==mitre.org,,,,,,,,,,,,
,https://ror.org/03ks3nw90,,,,,,,replace==https://escoladacidade.edu.br/,,replace==escoladacidade.edu.br,,,,,,,,,,,,
,https://ror.org/03ksn2k92,,,,,,,,,replace==udmyangon-edu.com,,,,,,,,,,,,
,https://ror.org/03kt3v622,,,,,,,replace==https://www.poliambulanza.it/,,replace==poliambulanza.it,,,,,,,,,,,,
,https://ror.org/03kw6wr76,,,,,,,replace==https://www.usa.philips.com/,,replace==philips.com,,,,,,,,,,,,
,https://ror.org/03kw9gc02,,,,,,,replace==https://www.amu.ac.in/,,replace==amu.ac.in,,,,,,,,,,,,
,https://ror.org/03kwaeq96,,,,,,,,,replace==phri.ca,,,,,,,,,,,,
,https://ror.org/03kwnqq69,,,,,,,,,replace==cemes.fr,,,,,,,,,,,,
,https://ror.org/03kxdn807,,,,,,,,,replace==uniten.edu.my,,,,,,,,,,,,
,https://ror.org/03m027021,,,,,,,replace==https://oregonmedicalresearch.com/,,replace==oregonmedicalresearch.com,,,,,,,,,,,,
,https://ror.org/03m098d13,,,,,,,,,replace==damascusuniversity.edu.sy,,,,,,,,,,,,
,https://ror.org/03m1g2s55,,,,,,,replace==https://sbpdiscovery.org/,,replace==sbpdiscovery.org,,,,,,,,,,,,
,https://ror.org/03m1j9m44,,,,,,,replace==https://slmandic.edu.br/,,replace==slmandic.edu.br,,,,,,,,,,,,
,https://ror.org/03m2nqg26,,,,,,,,,replace==chu-fes.ma,,,,,,,,,,,,
,https://ror.org/03m4ve365,,,,,,,,,replace==if.sp.gov.br,,,,,,,,,,,,
,https://ror.org/03m5ehy13,,,,,,,replace==https://mohesr.gov.iq/,,replace==mohesr.gov.iq,,,,,,,,,,,,
,https://ror.org/03m8km719,,,,,,,replace==https://www.epa.gov.gh/,,replace==epa.gov.gh,,,,,,,,,,,,
,https://ror.org/03mbq3y29,,,,,,,,,replace==lahey.org,,,,,,,,,,,,
,https://ror.org/03me92s48,,,,,,,,,replace==bechtel.com,,,,,,,,,,,,
,https://ror.org/03mhcky17,,,,,,,,,replace==mhif.org,,,,,,,,,,,,
,https://ror.org/03mhtag13,,,,,,,replace==https://www.ffm.br/,,replace==ffm.br,,,,,,,,,,,,
,https://ror.org/03mj71j26,,,,,,,replace==https://iuh.edu.vn,,replace==iuh.edu.vn,,,,,,,,,,,,
,https://ror.org/03mjtdk61,,,,,,,replace==https://www.mater.org.au/,,replace==mater.org.au,,,,,,,,,,,,
,https://ror.org/03mnm0t94,,,,,,,replace==https://www.uwec.edu/,,replace==uwec.edu,,,,,,,,,,,,
,https://ror.org/03mnxwj46,,,,,,,replace==https://www.msudenver.edu/,,replace==msudenver.edu,,,,,,,,,,,,
,https://ror.org/03mrbr458,,,,,,,replace==https://www.aip.de/,,replace==aip.de,,,,,,,,,,,,
,https://ror.org/03msb7010,,,,,,,replace==https://twc.edu/,,replace==twc.edu,,,,,,,,,,,,
,https://ror.org/03mxmdc96,,,,,,,replace==https://www.iser.org.br/,,replace==iser.org.br,,,,,,,,,,,,
,https://ror.org/03mxqcg82,,,,,,,,,replace==leipzig-halle-airport.de,,,,,,,,,,,,
,https://ror.org/03mzbmf11,,,,,,,replace==http://www.ipmras.ru/,,replace==ipmras.ru,,,,,,,,,,,,
,https://ror.org/03mzw7781,,,,,,,,,replace==jlmu.cn,,,,,,,,,,,,
,https://ror.org/03n2mgj60,,,,,,,replace==https://pgu.ac.ir/,,replace==pgu.ac.ir,,,,,,,,,,,,
,https://ror.org/03n35e656,,,,,,,replace==https://www.sgyy.cn/,,replace==sgyy.cn,,,,,,,,,,,,
,https://ror.org/03n3v6d52,,,,,,,,,replace==cqust.edu.cn,,,,,,,,,,,,
,https://ror.org/03n7vd314,,,,,,,replace==https://prismahealth.org/,,replace==prismahealth.org,,,,,,,,,,,,
,https://ror.org/03n7yzv56,,,,,,,replace==https://www.adu.edu.tr/,,replace==adu.edu.tr,,,,,,,,,,,,
,https://ror.org/03net5943,,,,,,,,,replace==nepu.edu.cn,,,,,,,,,,,,
,https://ror.org/03ngjpk76,,,,,,,replace==https://www.ga.com/,,replace==ga.com,,,,,,,,,,,,
,https://ror.org/03nh7d505,,,,,,,replace==https://www.ec-nantes.fr/,,replace==ec-nantes.fr,,,,,,,,,,,,
,https://ror.org/03nhjew95,,,,,,,,,replace==univ-rouen.fr,,,,,,,,,,,,
,https://ror.org/03nhmbj89,,,,,,,replace==https://www.nrc.gov/,,replace==nrc.gov,,,,,,,,,,,,
,https://ror.org/03nj29395,,,,,,,replace==https://ibiw.ru/,,replace==ibiw.ru,,,,,,,,,,,,
,https://ror.org/03njdre41,,,,,,,replace==https://bcsir.gov.bd/,,replace==bcsir.gov.bd,,,,,,,,,,,,
,https://ror.org/03njebb69,,,,,,,,,replace==hsancamillo.it,,,,,,,,,,,,
,https://ror.org/03njn4610,,,,,,,replace==https://www.iisaragon.es/,,replace==iisaragon.es,,,,,,,,,,,,
,https://ror.org/03nm9bt69,,,,,,,,,replace==howelllabs.com,,,,,,,,,,,,
,https://ror.org/03np4e098,,,,,,,replace==https://www.helse-bergen.no/,,replace==helse-bergen.no,,,,,,,,,,,,
,https://ror.org/03ns6aq57,,,,,,,replace==https://www.sumhs.edu.cn/,,replace==sumhs.edu.cn,,,,,,,,,,,,
,https://ror.org/03nteze27,,,,,,,replace==https://www.ntuh.gov.tw/,,replace==ntuh.gov.tw,,,,,,,,,,,,
,https://ror.org/03nw6pt28,,,,,,,,,replace==onsemi.com,,,,,,,,,,,,
,https://ror.org/03ny67e60,,,,,,,,,replace==ioe.edu.np,,,,,,,,,,,,
,https://ror.org/03nz8qe97,,,,,,,replace==https://www.ariel.ac.il/wp/en/,,replace==ariel.ac.il,,,,,,,,,,,,
,https://ror.org/03p6gt485,,,,,,,replace==https://www.ama-assn.org/,,replace==ama-assn.org,,,,,,,,,,,,
,https://ror.org/03p74gp79,,,,,,,,,replace==uct.ac.za,,,,,,,,,,,,
,https://ror.org/03pa1rf77,,,,,,,,,replace==imr.ac.cn,,,,,,,,,,,,
,https://ror.org/03panb555,,,,,,,replace==http://www.lut.edu.cn/,,replace==lut.edu.cn,,,,,,,,,,,,
,https://ror.org/03paz2a60,,,,,,,replace==https://mospolytech.ru/,,replace==mospolytech.ru,,,,,,,,,,,,
,https://ror.org/03pbgwk21,,,,,,,replace==https://www.u-bordeaux-montaigne.fr/,,replace==u-bordeaux-montaigne.fr,,,,,,,,,,,,
,https://ror.org/03pbhyy22,,,,,,,,,replace==tiu.edu.iq,,,,,,,,,,,,
,https://ror.org/03pfmgq50,,,,,,,replace==https://www.fy.edu.tw/,,replace==fy.edu.tw,,,,,,,,,,,,
,https://ror.org/03pfqk412,,,,,,,,,replace==allergan.com,,,,,,,,,,,,
,https://ror.org/03pfshj32,,,,,,,,,replace==muenchen-klinik.de,,,,,,,,,,,,
,https://ror.org/03pkj2z67,,,,,,,replace==https://www.lzpcc.edu.cn/,,replace==lzpcc.edu.cn,,,,,,,,,,,,
,https://ror.org/03pm18j10,,,,,,,replace==https://www.hofstra.edu/,,replace==hofstra.edu,,,,,,,,,,,,
,https://ror.org/03pm2yz25,,,,,,,,,replace==kumamoto-hsu.ac.jp,,,,,,,,,,,,
,https://ror.org/03pt86f80,,,,,,,replace==https://www.i-med.ac.at/,,replace==i-med.ac.at,,,,,,,,,,,,
,https://ror.org/03pwcr767,,,,,,,,,replace==ndu.edu.ng,,,,,,,,,,,,
,https://ror.org/03px4ez74,,,,,,,,,replace==zsl.org,,,,,,,,,,,,
,https://ror.org/03pxqyk55,,,,,,,,,replace==unijui.edu.br,,,,,,,,,,,,
,https://ror.org/03pz7fw94,,,,,,,,,replace==ospedale.cuneo.it,,,,,,,,,,,,
,https://ror.org/03pztks36,,,,,,,replace==https://www.adityabirla.com/,,replace==adityabirla.com,,,,,,,,,,,,
,https://ror.org/03q3s7962,,,,,,,,,replace==hzu.edu.cn,,,,,,,,,,,,
,https://ror.org/03q4p1y48,,,,,,,replace==https://www.hagaziekenhuis.nl/,,replace==hagaziekenhuis.nl,,,,,,,,,,,,
,https://ror.org/03q674f15,,,,,,,replace==https://pau.krakow.pl/,,replace==pau.krakow.pl,,,,,,,,,,,,
,https://ror.org/03q6f0894,,,,,,,replace==https://ttu.edu.vn/,,replace==ttu.edu.vn,,,,,,,,,,,,
,https://ror.org/03q6jrh90,,,,,,,replace==https://portal.fmu.br/,,replace==fmu.br,,,,,,,,,,,,
,https://ror.org/03q6w3828,,,,,,,replace==https://www.internationalpaper.com/,,replace==ipaper.com,,,,,,,,,,,,
,https://ror.org/03q8fh922,,,,,,,replace==https://wihe.pl/,,replace==wihe.pl,,,,,,,,,,,,
,https://ror.org/03q9sr818,,,,,,,,,replace==ufpa.br,,,,,,,,,,,,
,https://ror.org/03qan4b12,,,,,,,,,replace==laplata-conicet.gov.ar,,,,,,,,,,,,
,https://ror.org/03qb7bg95,,,,,,,replace==https://www.gzucm.edu.cn/,,replace==gzucm.edu.cn,,,,,,,,,,,,
,https://ror.org/03qdqbt06,,,,,,,,,replace==pcl.ac.cn,,,,,,,,,,,,
,https://ror.org/03qepc107,,,,,,,replace==https://www.almazovcentre.ru/,,replace==almazovcentre.ru,,,,,,,,,,,,
,https://ror.org/03qgg3111,,,,,,,,,replace==ucla.edu.ve,,,,,,,,,,,,
,https://ror.org/03qhz4n98,,,,,,,,,replace==cee.org,,,,,,,,,,,,
,https://ror.org/03qjp1d79,,,,,,,,,replace==hereon.de,,,,,,,,,,,,
,https://ror.org/03qjsrb10,,,,,,,,,replace==sch.ac.kr,,,,,,,,,,,,
,https://ror.org/03qn8zy63,,,,,,,replace==https://www.xaau.edu.cn/,,replace==xaau.edu.cn,,,,,,,,,,,,
,https://ror.org/03qnpty21,,,,,,,,,replace==jnvu.edu.in,,,,,,,,,,,,
,https://ror.org/03qqw3m37,,,,,,,replace==https://global.united-imaging.com/,,replace==united-imaging.com,,,,,,,,,,,,
,https://ror.org/03qryx823,,,,,,,,,replace==technion.ac.il,,,,,,,,,,,,
,https://ror.org/03qt1g669,,,,,,,,,replace==ycu.edu.cn,,,,,,,,,,,,
,https://ror.org/03qtxy027,,,,,,,,,replace==fwo.be,,,,,,,,,,,,
,https://ror.org/03qvtpc38,,,,,,,,,replace==dau.ac.kr,,,,,,,,,,,,
,https://ror.org/03qwx2883,,,,,,,replace==https://fundaciopuigvert.org/,,replace==fundaciopuigvert.org,,,,,,,,,,,,
,https://ror.org/03qxvyy35,,,,,,,,,replace==duet.ac.bd,,,,,,,,,,,,
,https://ror.org/03qxwgf98,,,,,,,,,replace==cigb.edu.cu,,,,,,,,,,,,
,https://ror.org/03qygnx22,,,,,,,replace==https://www.willseye.org/,,replace==willseye.org,,,,,,,,,,,,
,https://ror.org/03qyvqf30,,,,,,,replace==https://www.is-practice.eu/,,replace==is-practice.eu,,,,,,,,,,,,
,https://ror.org/03r38cy24,,,,,,,,,replace==orist.jp,,,,,,,,,,,,
,https://ror.org/03r42d171,,,,,,,,,replace==zaums.ac.ir,,,,,,,,,,,,
,https://ror.org/03r5mk904,,,,,,,replace==https://www.hospitalsiriolibanes.org.br/,,replace==hsl.org.br,,,,,,,,,,,,
,https://ror.org/03r6wjz53,,,,,,,replace==https://www.educacao.sp.gov.br/educacao,,replace==educacao.sp.gov.br,,,,,,,,,,,,
,https://ror.org/03r8z3t63,,,,,,,,,replace==unsw.edu.au,,,,,,,,,,,,
,https://ror.org/03raeyn57,,,,,,,,,replace==ufob.edu.br,,,,,,,,,,,,
,https://ror.org/03rj92e31,,,,,,,replace==https://www.uncfsu.edu/,,replace==uncfsu.edu,,,,,,,,,,,,
,https://ror.org/03rjt0z37,,,,,,,,,replace==guc.edu.eg,,,,,,,,,,,,
,https://ror.org/03rke0285,,,,,,,,,replace==baker.edu.au,,,,,,,,,,,,
,https://ror.org/03rkmps36,,,,,,,replace==https://www.hwr-berlin.de/,,replace==hwr-berlin.de,,,,,,,,,,,,
,https://ror.org/03rnk6m14,,,,,,,,,replace==supagro.fr,,,,,,,,,,,,
,https://ror.org/03rpsvy57,,,,,,,,,replace==rcees.ac.cn,,,,,,,,,,,,
,https://ror.org/03rqk8h36,,,,,,,replace==https://www.nccu.edu.tw/,,replace==nccu.edu.tw,,,,,,,,,,,,
,https://ror.org/03rrkrc24,,,,,,,replace==https://www.sdtbu.edu.cn/,,replace==sdtbu.edu.cn,,,,,,,,,,,,
,https://ror.org/03rs2w544,,,,,,,replace==https://cau.ac.in/,,replace==cau.ac.in,,,,,,,,,,,,
,https://ror.org/03rth4p18,,,,,,,,,replace==univ-lyon2.fr,,,,,,,,,,,,
,https://ror.org/03rwgpn18,,,,,,,replace==https://www.clarkson.edu/,,replace==clarkson.edu,,,,,,,,,,,,
,https://ror.org/03ryywt80,,,,,,,replace==https://www.gachon.ac.kr,,replace==gachon.ac.kr,,,,,,,,,,,,
,https://ror.org/03rzfjh59,,,,,,,replace==https://acesso.cesmac.edu.br/,,replace==cesmac.edu.br,,,,,,,,,,,,
,https://ror.org/03s0c9350,,,,,,,replace==https://www.ua-edu.us/,,replace==ua-edu.us,,,,,,,,,,,,
,https://ror.org/03s0pzj56,,,,,,,replace==https://www.sb-roscoff.fr/,,replace==sb-roscoff.fr,,,,,,,,,,,,
,https://ror.org/03s23ay81,,,,,,,,,replace==global.komatsu,,,,,,,,,,,,
,https://ror.org/03s74ag37,,,,,,,replace==https://zielonachemia.eu/,,replace==zielonachemia.eu,,,,,,,,,,,,
,https://ror.org/03s7gtk40,,,,,,,replace==https://www.uni-leipzig.de/,,replace==uni-leipzig.de,,,,,,,,,,,,
,https://ror.org/03s8c2x09,,,,,,,,,replace==fue.edu.eg,,,,,,,,,,,,
,https://ror.org/03s8xc553,,,,,,,replace==https://www.sxdtdx.edu.cn/,,replace==sxdtdx.edu.cn,,,,,,,,,,,,
,https://ror.org/03s9ada67,,,,,,,replace==https://www.healthpartners.com/,,replace==healthpartners.com,,,,,,,,,,,,
,https://ror.org/03s9hs139,,,,,,,replace==https://www.iium.edu.my/,,replace==iium.edu.my,,,,,,,,,,,,
,https://ror.org/03sab2a45,,,,,,,replace==https://www.uuh.ulsan.kr/,,replace==uuh.ulsan.kr,,,,,,,,,,,,
,https://ror.org/03sbc8x80,,,,,,,replace==https://chuibnrochd.ma/,,replace==chucasa.ma,,,,,,,,,,,,
,https://ror.org/03sbhge02,,,,,,,replace==https://www.hallym.ac.kr/,,replace==hallym.ac.kr,,,,,,,,,,,,
,https://ror.org/03seew607,,,,,,,replace==https://www.applmath.com/,,replace==applmath.com,,,,,,,,,,,,
,https://ror.org/03sfkwk85,,,,,,,,,replace==rockfound.org,,,,,,,,,,,,
,https://ror.org/03sfwvw54,,,,,,,replace==https://nitsri.ac.in/,,replace==nitsri.ac.in,,,,,,,,,,,,
,https://ror.org/03sfybe47,,,,,,,replace==https://www.bccancer.bc.ca/,,replace==bccancer.bc.ca,,,,,,,,,,,,
,https://ror.org/03sgbh608,,,,,,,,,replace==ljbi.org,,,,,,,,,,,,
,https://ror.org/03sgk3c38,,,,,,,,,replace==nuft.edu.ua,,,,,,,,,,,,
,https://ror.org/03shav252,,,,,,,replace==https://www.kstu.ru/,,replace==kstu.ru,,,,,,,,,,,,
,https://ror.org/03snjhe90,,,,,,,,,replace==rcpcm.ru,,,,,,,,,,,,
,https://ror.org/03snqfa66,,,,,,,replace==https://www.zu.ac.ae/,,replace==zu.ac.ae,,,,,,,,,,,,
,https://ror.org/03snt1857,,,,,,,replace==https://ifaran.ru/,,replace==ifaran.ru,,,,,,,,,,,,
,https://ror.org/03svthf85,,,,,,,replace==https://damanhour.dmu.edu.eg/,,replace==dmu.edu.eg,,,,,,,,,,,,
,https://ror.org/03sxpbt26,,,,,,,,,replace==iapcm.ac.cn,,,,,,,,,,,,
,https://ror.org/03t0n2419,,,,,,,,,replace==hamburg-institut.com,,,,,,,,,,,,
,https://ror.org/03t1jzs40,,,,,,,,,replace==burlo.trieste.it,,,,,,,,,,,,
,https://ror.org/03t5hbz89,,,,,,,,,replace==ioch.kiev.ua,,,,,,,,,,,,
,https://ror.org/03ta25k06,,,,,,,,,replace==ueg.br,,,,,,,,,,,,
,https://ror.org/03tbh6y23,,,,,,,replace==https://upd.edu.ph/,,replace==upd.edu.ph,,,,,,,,,,,,
,https://ror.org/03tcx6c30,,,,,,,,,replace==luomus.fi,,,,,,,,,,,,
,https://ror.org/03tebpn36,,,,,,,replace==https://www.ilo.org/,,replace==ilo.org,,,,,,,,,,,,
,https://ror.org/03tg0z446,,,,,,,replace==https://ouat.ac.in/,,replace==ouat.ac.in,,,,,,,,,,,,
,https://ror.org/03thb3e06,,,,,,,,,replace==amnh.org,,,,,,,,,,,,
,https://ror.org/03tk15k72,,,,,,,replace==https://www.environment.gov.rw/,,replace==environment.gov.rw,,,,,,,,,,,,
,https://ror.org/03tn5ee41,,,,,,,replace==https://www.bu.edu.eg/,,replace==bu.edu.eg,,,,,,,,,,,,
,https://ror.org/03tth1e03,,,,,,,replace==https://www.up.poznan.pl/,,replace==up.poznan.pl,,,,,,,,,,,,
,https://ror.org/03tzaeb71,,,,,,,,,replace==hawaii.edu,,,,,,,,,,,,
,https://ror.org/03v00ka07,,,,,,,,,replace==uettaxila.edu.pk,,,,,,,,,,,,
,https://ror.org/03v188q73,,,,,,,,,replace==eeri.org,,,,,,,,,,,,
,https://ror.org/03v48ps49,,,,,,,replace==https://www.ire.kharkov.ua/,,replace==ire.kharkov.ua,,,,,,,,,,,,
,https://ror.org/03v4gjf40,,,,,,,,,replace==tu-berlin.de,,,,,,,,,,,,
,https://ror.org/03v4m1x12,,,,,,,replace==https://du.ac.ir/,,replace==du.ac.ir,,,,,,,,,,,,
,https://ror.org/03v7zx932,,,,,,,replace==https://www.girlsinc.org/,,replace==girlsinc.org,,,,,,,,,,,,
,https://ror.org/03v8ter60,,,,,,,,,replace==unizulu.ac.za,,,,,,,,,,,,
,https://ror.org/03v8tnc06,,,,,,,,,replace==ihep.ac.cn,,,,,,,,,,,,
,https://ror.org/03v958f45,,,,,,,replace==https://kem-med.com/,,replace==kem-med.com,,,,,,,,,,,,
,https://ror.org/03vaqfv64,,,,,,,,,replace==gns.cri.nz,,,,,,,,,,,,
,https://ror.org/03vayv672,,,,,,,replace==https://univet.hu/,,replace==univet.hu,,,,,,,,,,,,
,https://ror.org/03ve0eh58,,,,,,,replace==https://umsu.ac.id/,,replace==umsu.ac.id,,,,,,,,,,,,
,https://ror.org/03vfp4g33,,,,,,,,,replace==iiitd.ac.in,,,,,,,,,,,,
,https://ror.org/03vn1bh77,,,,,,,replace==https://www.inrim.it/,,replace==inrim.it,,,,,,,,,,,,
,https://ror.org/03vn1ts68,,,,,,,replace==https://www.pppl.gov/,,replace==pppl.gov,,,,,,,,,,,,
,https://ror.org/03vpd6e34,,,,,,,,,replace==hmckp.gov.pk,,,,,,,,,,,,
,https://ror.org/03vpkt967,,,,,,,replace==https://www.ucc.org/,,replace==ucc.org,,,,,,,,,,,,
,https://ror.org/03vqakm84,,,,,,,,,replace==igduran.ru,,,,,,,,,,,,
,https://ror.org/03vqd0w40,,,,,,,replace==https://ime-uk.org/,,replace==ime-uk.org,,,,,,,,,,,,
,https://ror.org/03vrj4p82,,,,,,,,,replace==ufsj.edu.br,,,,,,,,,,,,
,https://ror.org/03vs3wt56,,,,,,,,,replace==baidu.com,,,,,,,,,,,,
,https://ror.org/03vsmv677,,,,,,,replace==https://www.ti.com/,,replace==ti.com,,,,,,,,,,,,
,https://ror.org/03vvynj75,,,,,,,replace==https://www.state.gov/,,replace==state.gov,,,,,,,,,,,,
,https://ror.org/03vx93323,,,,,,,replace==https://www.hydro.com/,,replace==hydro.com,,,,,,,,,,,,
,https://ror.org/03vz8ns51,,,,,,,,,replace==zu.edu.pk,,,,,,,,,,,,
,https://ror.org/03vzbgh69,,,,,,,replace==https://www.uniklinik-freiburg.de/,,replace==uniklinik-freiburg.de,,,,,,,,,,,,
,https://ror.org/03w04rv71,,,,,,,,,replace==iums.ac.ir,,,,,,,,,,,,
,https://ror.org/03w0k0x36,,,,,,,,,replace==bsu.edu.cn,,,,,,,,,,,,
,https://ror.org/03w0kj141,,,,,,,replace==https://www.amcollege.edu.pk,,replace==amcollege.edu.pk,,,,,,,,,,,,
,https://ror.org/03w2j5y17,,,,,,,,,replace==nust.edu.pk,,,,,,,,,,,,
,https://ror.org/03w5sq511,,,,,,,,,replace==iitkgp.ac.in,,,,,,,,,,,,
,https://ror.org/03w7hce19,,,,,,,replace==https://novo.sbponline.org.br/,,replace==sbponline.org.br,,,,,,,,,,,,
,https://ror.org/03w9szr81,,,,,,,replace==https://www.bc.ac.kr/,,replace==bc.ac.kr,,,,,,,,,,,,
,https://ror.org/03wb8xz10,,,,,,,replace==https://www.edf.fr/,,replace==edf.fr,,,,,,,,,,,,
,https://ror.org/03wcc3744,,,,,,,replace==https://www.forestresearch.gov.uk/,,replace==forestresearch.gov.uk,,,,,,,,,,,,
,https://ror.org/03wd9za21,,,,,,,replace==https://www.esa.int/,,replace==esa.int,,,,,,,,,,,,
,https://ror.org/03wdrmh81,,,,,,,replace==https://sut.ac.ir/,,replace==sut.ac.ir,,,,,,,,,,,,
,https://ror.org/03wefcv03,,,,,,,replace==https://sunnybrook.ca/,,replace==sunnybrook.ca,,,,,,,,,,,,
,https://ror.org/03wj9h986,,,,,,,,,replace==chd.com.cn,,,,,,,,,,,,
,https://ror.org/03wjwyj98,,,,,,,,,replace==eppendorf.de,,,,,,,,,,,,
,https://ror.org/03wkvpx79,,,,,,,,,replace==pjlab.org.cn,,,,,,,,,,,,
,https://ror.org/03wmf1y16,,,,,,,,,replace==cuanschutz.edu,,,,,,,,,,,,
,https://ror.org/03wnrjx87,,,,,,,,,replace==royalsociety.org,,,,,,,,,,,,
,https://ror.org/03wrf9427,,,,,,,replace==https://www.suit-sz.edu.cn/,,replace==sziit.edu.cn,,,,,,,,,,,,
,https://ror.org/03wrs2f16,,,,,,,replace==https://www.sanyo-chemical.co.jp/,,replace==sanyo-chemical.group,,,,,,,,,,,,
,https://ror.org/03wt62c10,,,,,,,replace==https://vmrfdu.edu.in/,,replace==vmu.edu.in,,,,,,,,,,,,
,https://ror.org/03wvsyq85,,,,,,,,,replace==uhsussex.nhs.uk,,,,,,,,,,,,
,https://ror.org/03wvwbe92,,,,,,,replace==https://www.nfls.com.cn/,,replace==nfls.com.cn,,,,,,,,,,,,
,https://ror.org/03wx2rr30,,,,,,,replace==https://ui.edu.ng/,,replace==ui.edu.ng,,,,,,,,,,,,
,https://ror.org/03wyzt892,,,,,,,replace==https://www.crg.eu/,,replace==crg.eu,,,,,,,,,,,,
,https://ror.org/03x1ewr52,,,,,,,replace==https://www.thermofisher.com/,,replace==thermofisher.com,,,,,,,,,,,,
,https://ror.org/03x1jna21,,,,,,,,,replace==ccnu.edu.cn,,,,,,,,,,,,
,https://ror.org/03x42jk29,,,,,,,,,replace==univ-eiffel.fr,,,,,,,,,,,,
,https://ror.org/03x516a66,,,,,,,replace==https://bam.de/,,replace==bam.de,,,,,,,,,,,,
,https://ror.org/03x8jdc94,,,,,,,replace==https://lhmc-hosp.gov.in/,,replace==lhmc-hosp.gov.in,,,,,,,,,,,,
,https://ror.org/03x8rhq63,,,,,,,,,replace==impcas.ac.cn,,,,,,,,,,,,
,https://ror.org/03xaz7s88,,,,,,,replace==https://claremont.edu/,,replace==claremont.edu,,,,,,,,,,,,
,https://ror.org/03xb04968,,,,,,,replace==https://www.ahmu.edu.cn/,,replace==ahmu.edu.cn,,,,,,,,,,,,
,https://ror.org/03xcn0p72,,,,,,,replace==https://www.ihbt.res.in/,,replace==ihbt.res.in,,,,,,,,,,,,
,https://ror.org/03xddgg98,,,,,,,,,replace==imss.gob.mx,,,,,,,,,,,,
,https://ror.org/03xec1444,,,,,,,replace==https://www.ssaihq.com/,,replace==ssaihq.com,,,,,,,,,,,,
,https://ror.org/03xez1567,,,,,,,replace==https://www.salk.edu/,,replace==salk.edu,,,,,,,,,,,,
,https://ror.org/03xfq7a50,,,,,,,replace==https://www.centreoscarlambret.fr/,,replace==o-lambret.fr,,,,,,,,,,,,
,https://ror.org/03xg85719,,,,,,,replace==https://www.wiko-berlin.de/,,replace==wiko-berlin.de,,,,,,,,,,,,
,https://ror.org/03xgh2v50,,,,,,,replace==https://www.pu-toyama.ac.jp/,,replace==pu-toyama.ac.jp,,,,,,,,,,,,
,https://ror.org/03xjacd83,,,,,,,replace==https://my.clevelandclinic.org/,,replace==ccf.org,,,,,,,,,,,,
,https://ror.org/03xjwb503,,,,,,,replace==https://www.universite-paris-saclay.fr/,,replace==universite-paris-saclay.fr,,,,,,,,,,,,
,https://ror.org/03xqzzq44,,,,,,,replace==https://uki.ac.id,,replace==uki.ac.id,,,,,,,,,,,,
,https://ror.org/03xrrjk67,,,,,,,,,replace==ua.edu,,,,,,,,,,,,
,https://ror.org/03xvjtz09,,,,,,,,,replace==hsnc.edu.cn,,,,,,,,,,,,
,https://ror.org/03xww6m08,,,,,,,,,replace==usmf.md,,,,,,,,,,,,
,https://ror.org/03xygw105,,,,,,,replace==https://udo.education/,,replace==udo.edu.ve,,,,,,,,,,,,
,https://ror.org/03y1zyv86,,,,,,,,,replace==osuokc.edu,,,,,,,,,,,,
,https://ror.org/03y3y9v44,,,,,,,,,replace==eafit.edu.co,,,,,,,,,,,,
,https://ror.org/03y4rnb63,,,,,,,,,replace==inghaminstitute.org.au,,,,,,,,,,,,
,https://ror.org/03y5egs41,,,,,,,replace==https://uni-pannon.hu/,,replace==uni-pannon.hu,,,,,,,,,,,,
,https://ror.org/03y6k2j68,,,,,,,replace==https://ucsc.cl/,,replace==ucsc.cl,,,,,,,,,,,,
,https://ror.org/03y8mtb59,,,,,,,replace==https://www.just.edu.jo/,,replace==just.edu.jo,,,,,,,,,,,,
,https://ror.org/03yb2hp88,,,,,,,replace==https://www.univ-bejaia.dz/,,replace==univ-bejaia.dz,,,,,,,,,,,,
,https://ror.org/03yczjf25,,,,,,,replace==https://cayetano.edu.pe/,,replace==upch.pe,,,,,,,,,,,,
,https://ror.org/03yd12021,,,,,,,replace==https://www.shyueyanghospital.com/,,replace==shyueyanghospital.com,,,,,,,,,,,,
,https://ror.org/03ydkyb10,,,,,,,,,replace==wisconsin.edu,,,,,,,,,,,,
,https://ror.org/03yfe9v83,,,,,,,,,replace==au.edu.pk,,,,,,,,,,,,
,https://ror.org/03yfnyw34,,,,,,,replace==https://ncagp.ru/,,replace==oparina4.ru,,,,,,,,,,,,
,https://ror.org/03yg3v757,,,,,,,replace==https://www.bigc.edu.cn/,,replace==bigc.edu.cn,,,,,,,,,,,,
,https://ror.org/03yg7hz06,,,,,,,replace==https://www.centreforcancerbiology.org.au/,,replace==centreforcancerbiology.org.au,,,,,,,,,,,,
,https://ror.org/03ymdxs56,,,,,,,,,replace==biocom.org,,,,,,,,,,,,
,https://ror.org/03ymy8z76,,,,,,,,,replace==vghtpe.gov.tw,,,,,,,,,,,,
,https://ror.org/03yn94905,,,,,,,replace==https://www.institut-foton.eu,,replace==institut-foton.eu,,,,,,,,,,,,
,https://ror.org/03ypap427,,,,,,,replace==https://www.aramco.com/,,replace==aramco.com,,,,,,,,,,,,
,https://ror.org/03yph8055,,,,,,,replace==https://www.csust.edu.cn,,replace==csust.edu.cn,,,,,,,,,,,,
,https://ror.org/03yr0pg70,,,,,,,replace==https://www.afbr-bri.org/,,replace==afbr-bri.org,,,,,,,,,,,,
,https://ror.org/03ysk5e42,,,,,,,replace==https://www.suwon.ac.kr/,,replace==suwon.ac.kr,,,,,,,,,,,,
,https://ror.org/03yt1ez60,,,,,,,,,replace==cisco.com,,,,,,,,,,,,
,https://ror.org/03ytenv10,,,,,,,,,replace==ntu.edu.iq,,,,,,,,,,,,
,https://ror.org/03yvdgx21,,,,,,,,,replace==vubs.ch,,,,,,,,,,,,
,https://ror.org/03ywskk07,,,,,,,replace==https://fmj.br/,,replace==fmj.br,,,,,,,,,,,,
,https://ror.org/03yzv7g36,,,,,,,,,replace==prf.or.jp,,,,,,,,,,,,
,https://ror.org/03z8sn326,,,,,,,replace==https://www.womenandinfants.org/,,replace==wihri.org,,,,,,,,,,,,
,https://ror.org/03za3eq42,,,,,,,replace==https://www.crecg.com/,,replace==crec.cn,,,,,,,,,,,,
,https://ror.org/03zaddr67,,,,,,,replace==https://www.moorfields.nhs.uk/,,replace==moorfields.nhs.uk,,,,,,,,,,,,
,https://ror.org/03zb5p722,,,,,,,,,replace==itm.edu.co,,,,,,,,,,,,
,https://ror.org/03zdwsf69,,,,,,,replace==https://www.uni-rostock.de/,,replace==uni-rostock.de,,,,,,,,,,,,
,https://ror.org/03zeg8w71,,,,,,,replace==https://www.mi-ras.ru/,,replace==mi-ras.ru,,,,,,,,,,,,
,https://ror.org/03zek0r74,,,,,,,,,replace==agrosupdijon.fr,,,,,,,,,,,,
,https://ror.org/03zga2b32,,,,,,,replace==https://www4.uib.no/,,replace==uib.no,,,,,,,,,,,,
,https://ror.org/03zhhr656,,,,,,,replace==https://www.kyokyo-u.ac.jp/,,replace==kyokyo-u.ac.jp,,,,,,,,,,,,
,https://ror.org/03zj2rn70,,,,,,,replace==https://www.hnie.edu.cn/,,replace==hnie.edu.cn,,,,,,,,,,,,
,https://ror.org/03zjj0p70,,,,,,,replace==https://popcouncil.org/,,replace==popcouncil.org,,,,,,,,,,,,
,https://ror.org/03zjqec80,,,,,,,replace==https://www.hss.edu/,,replace==hss.edu,,,,,,,,,,,,
,https://ror.org/03zn6c508,,,,,,,,,replace==itpcas.ac.cn,,,,,,,,,,,,
,https://ror.org/03zsdhz84,,,,,,,replace==https://www.labcorp.com/,,replace==labcorp.com,,,,,,,,,,,,
,https://ror.org/03zwesg40,,,,,,,,,replace==ut.ac.id,,,,,,,,,,,,
,https://ror.org/03zwxja46,,,,,,,,,replace==ttk.hu,,,,,,,,,,,,
,https://ror.org/03zxtdc90,,,,,,,,,replace==cnic.cu,,,,,,,,,,,,
,https://ror.org/03zydm450,,,,,,,replace==https://www.gosh.nhs.uk/,,replace==gosh.nhs.uk,,,,,,,,,,,,
,https://ror.org/0400g8r85,,,,,,,,,replace==sysucc.org.cn,,,,,,,,,,,,
,https://ror.org/04031z735,,,,,,,,,replace==ub.edu.br,,,,,,,,,,,,
,https://ror.org/0403jak37,,,,,,,,,replace==bu.edu.sa,,,,,,,,,,,,
,https://ror.org/0403qcr87,,,,,,,replace==https://ait.ac.th/,,replace==ait.ac.th,,,,,,,,,,,,
,https://ror.org/0403ytw22,,,,,,,,,replace==csauk.ac.in,,,,,,,,,,,,
,https://ror.org/04043k259,,,,,,,replace==https://www.austral.edu.ar/,,replace==austral.edu.ar,,,,,,,,,,,,
,https://ror.org/040548g92,,,,,,,,,replace==ub.edu.sa,,,,,,,,,,,,
,https://ror.org/0405n5e57,,,,,,,replace==https://www.nimhans.ac.in/,,replace==nimhans.ac.in,,,,,,,,,,,,
,https://ror.org/0409zd934,,,,,,,,,replace==unicartagena.edu.co,,,,,,,,,,,,
,https://ror.org/040a2r459,,,,,,,,,replace==bntu.by,,,,,,,,,,,,
,https://ror.org/040bs6h16,,,,,,,replace==https://www.ncut.edu.tw/,,replace==ncut.edu.tw,,,,,,,,,,,,
,https://ror.org/040c7js64,,,,,,,replace==https://www.xsyu.edu.cn/,,replace==xsyu.edu.cn,,,,,,,,,,,,
,https://ror.org/040cnym54,,,,,,,replace==https://www.pbrc.edu/,,replace==pbrc.edu,,,,,,,,,,,,
,https://ror.org/040dky007,,,,,,,,,replace==iict.res.in,,,,,,,,,,,,
,https://ror.org/040dkzz12,,,,,,,,,replace==yahooinc.com,,,,,,,,,,,,
,https://ror.org/040gec961,,,,,,,,,replace==gcu.edu.pk,,,,,,,,,,,,
,https://ror.org/040hqpc16,,,,,,,,,replace==mater.ie,,,,,,,,,,,,
,https://ror.org/040kfrw16,,,,,,,,,replace==upstate.edu,,,,,,,,,,,,
,https://ror.org/040n9c877,,,,,,,,,replace==unik-kediri.ac.id,,,,,,,,,,,,
,https://ror.org/040qxz868,,,,,,,replace==https://csjmu.ac.in/,,replace==csjmu.ac.in,,,,,,,,,,,,
,https://ror.org/040qyzk67,,,,,,,,,replace==reduc.edu.cu,,,,,,,,,,,,
,https://ror.org/040rd2b57,,,,,,,replace==https://www.mapua.edu.ph/,,replace==mapua.edu.ph,,,,,,,,,,,,
,https://ror.org/040tqsb23,,,,,,,replace==https://benhnhietdoi.vn/,,replace==nhtd.vn,,,,,,,,,,,,
,https://ror.org/040wrkp27,,,,,,,replace==https://en.ibmc.msk.ru/,,replace==ibmc.msk.ru,,,,,,,,,,,,
,https://ror.org/04123ky43,,,,,,,replace==https://www.clarku.edu/,,replace==clarku.edu,,,,,,,,,,,,
,https://ror.org/0412y9z21,,,,,,,replace==https://www.dvfu.ru/,,replace==dvfu.ru,,,,,,,,,,,,
,https://ror.org/0418yqg16,,,,,,,replace==https://niper.gov.in/,,replace==niper.ac.in,,,,,,,,,,,,
,https://ror.org/04196w034,,,,,,,,,replace==cultura.gov.br,,,,,,,,,,,,
,https://ror.org/0419fj215,,,,,,,replace==https://aircas.ac.cn/,,replace==aircas.ac.cn,,,,,,,,,,,,
,https://ror.org/0419nfc77,,,,,,,,,replace==ctgu.edu.cn,,,,,,,,,,,,
,https://ror.org/041b8zc76,,,,,,,replace==https://www.iwh.on.ca/,,replace==iwh.on.ca,,,,,,,,,,,,
,https://ror.org/041bf1s37,,,,,,,replace==https://www.kanto-gakuin.ac.jp/,,replace==kanto-gakuin.ac.jp,,,,,,,,,,,,
,https://ror.org/041hz9568,,,,,,,replace==https://www.kias.re.kr/,,replace==kias.re.kr,,,,,,,,,,,,
,https://ror.org/041j39g66,,,,,,,replace==https://stmaryshospitalmariannhill.wordpress.com/,,replace==stmarys.co.za,,,,,,,,,,,,
,https://ror.org/041m1e551,,,,,,,replace==https://www.princetonk12.org/,,replace==princetonk12.org,,,,,,,,,,,,
,https://ror.org/041pjwa23,,,,,,,replace==https://portal.univali.br/,,replace==univali.br,,,,,,,,,,,,
,https://ror.org/041qf4r12,,,,,,,replace==https://www.cup.edu.cn/,,replace==cup.edu.cn,,,,,,,,,,,,
,https://ror.org/041rdq190,,,,,,,replace==https://www.nifdc.org.cn/,,replace==nifdc.org.cn,,,,,,,,,,,,
,https://ror.org/041rhpw39,,,,,,,replace==https://www.chu-grenoble.fr/,,replace==chu-grenoble.fr,,,,,,,,,,,,
,https://ror.org/041szz343,,,,,,,replace==https://www.vstu.ru/,,replace==vstu.ru,,,,,,,,,,,,
,https://ror.org/041w69847,,,,,,,replace==https://or.org/,,replace==or.org,,,,,,,,,,,,
,https://ror.org/041wfjw90,,,,,,,replace==https://www.lungenclinic.de/,,replace==lungenclinic.de,,,,,,,,,,,,
,https://ror.org/041yk2d64,,,,,,,replace==https://www.ufrgs.br/,,replace==ufrgs.br,,,,,,,,,,,,
,https://ror.org/041zje040,,,,,,,,,replace==hezeu.edu.cn,,,,,,,,,,,,
,https://ror.org/0421ba211,,,,,,,replace==https://bioscience.fi/,,replace==bioscience.fi,,,,,,,,,,,,
,https://ror.org/0421w8947,,,,,,,replace==https://kantiana.ru/,,replace==kantiana.ru,,,,,,,,,,,,
,https://ror.org/0422kzb24,,,,,,,,,replace==uca.edu.ar,,,,,,,,,,,,
,https://ror.org/0423jsj19,,,,,,,,,replace==hec.fr,,,,,,,,,,,,
,https://ror.org/0424a8630,,,,,,,,,replace==beijingbg.com,,,,,,,,,,,,
,https://ror.org/0424bsv16,,,,,,,,,replace==uzleuven.be,,,,,,,,,,,,
,https://ror.org/0424g0k78,,,,,,,replace==https://www.gaslini.org/,,replace==gaslini.org,,,,,,,,,,,,
,https://ror.org/0429te836,,,,,,,replace==https://moe.gov.et/,,replace==moe.gov.et,,,,,,,,,,,,
,https://ror.org/042aj7s67,,,,,,,,,replace==unmuhkupang.ac.id,,,,,,,,,,,,
,https://ror.org/042bbge36,,,,,,,replace==https://nova.edu/,,replace==nova.edu,,,,,,,,,,,,
,https://ror.org/042hptv04,,,,,,,replace==https://medilam.ac.ir/,,replace==medilam.ac.ir,,,,,,,,,,,,
,https://ror.org/042k5fe81,,,,,,,replace==https://www.yctu.edu.cn/,,replace==yctu.edu.cn,,,,,,,,,,,,
,https://ror.org/042nkmz09,,,,,,,,,replace==researchmar.net,,,,,,,,,,,,
,https://ror.org/042r36z33,,,,,,,replace==https://www.uepa.br,,replace==uepa.br,,,,,,,,,,,,
,https://ror.org/042rh9p26,,,,,,,,,replace==imt-nord-europe.fr,,,,,,,,,,,,
,https://ror.org/042t93s57,,,,,,,,,replace==iit.it,,,,,,,,,,,,
,https://ror.org/042twtr12,,,,,,,,,replace==cdc.gov,,,,,,,,,,,,
,https://ror.org/042vq9b25,,,,,,,replace==https://www.iseclisboa.pt/,,replace==iseclisboa.pt,,,,,,,,,,,,
,https://ror.org/042wrtw77,,,,,,,,,replace==finance.gov.au,,,,,,,,,,,,
,https://ror.org/042xt5161,,,,,,,,,replace==uhn.ca,,,,,,,,,,,,
,https://ror.org/043071f54,,,,,,,replace==https://www.roehampton.ac.uk/,,replace==roehampton.ac.uk,,,,,,,,,,,,
,https://ror.org/04310tc15,,,,,,,replace==https://crismat.cnrs.fr/,,replace==crismat.fr,,,,,,,,,,,,
,https://ror.org/04320xd69,,,,,,,replace==https://www.nwrc-egypt.org/,,replace==nwrc-eg.org,,,,,,,,,,,,
,https://ror.org/0433abe34,,,,,,,replace==https://kntu.ac.ir,,replace==kntu.ac.ir,,,,,,,,,,,,
,https://ror.org/0433kqc49,,,,,,,replace==https://www.pknu.ac.kr/,,replace==pknu.ac.kr,,,,,,,,,,,,
,https://ror.org/0434dpa13,,,,,,,replace==https://www.decisionsystems.com/,,replace==decisionsystems.com,,,,,,,,,,,,
,https://ror.org/0434vme59,,,,,,,replace==https://cintesis.eu/,,replace==cintesis.eu,,,,,,,,,,,,
,https://ror.org/0435rc536,,,,,,,replace==https://www.novonordisk.com/,,replace==novonordisk.com,,,,,,,,,,,,
,https://ror.org/043749971,,,,,,,,,replace==greyc.fr,,,,,,,,,,,,
,https://ror.org/04374qe70,,,,,,,replace==https://www.sickkidsfoundation.com/,,replace==sickkidsfoundation.com,,,,,,,,,,,,
,https://ror.org/0437a7n31,,,,,,,,,replace==gu-ural.ru,,,,,,,,,,,,
,https://ror.org/0438wbg98,,,,,,,,,replace==oecd.org,,,,,,,,,,,,
,https://ror.org/043affe91,,,,,,,replace==https://www.stryker.com/,,replace==stryker.com,,,,,,,,,,,,
,https://ror.org/043bgf219,,,,,,,,,replace==icgeb.org,,,,,,,,,,,,
,https://ror.org/043bpky34,,,,,,,,,replace==njupt.edu.cn,,,,,,,,,,,,
,https://ror.org/043c0p156,,,,,,,replace==https://www.knaw.nl/,,replace==knaw.nl,,,,,,,,,,,,
,https://ror.org/043f04882,,,,,,,replace==https://imstat.org/,,replace==imstat.org,,,,,,,,,,,,
,https://ror.org/043fhe951,,,,,,,,,replace==ufma.br,,,,,,,,,,,,
,https://ror.org/043ft3840,,,,,,,replace==https://cria.org.pt/,,replace==cria.org.pt,,,,,,,,,,,,
,https://ror.org/043jqrs76,,,,,,,replace==https://www.scnu.ac.kr/,,replace==scnu.ac.kr,,,,,,,,,,,,
,https://ror.org/043jzw605,,,,,,,,,replace==icr.ac.uk,,,,,,,,,,,,
,https://ror.org/043mer456,,,,,,,replace==https://www.unl.edu/,,replace==unl.edu,,,,,,,,,,,,
,https://ror.org/043mzjj67,,,,,,,,,replace==beaumont.ie,,,,,,,,,,,,
,https://ror.org/043pgqy52,,,,,,,,,replace==usra.edu,,,,,,,,,,,,
,https://ror.org/043xhrz72,,,,,,,replace==https://www.bmkg.go.id/,,replace==bmkg.go.id,,,,,,,,,,,,
,https://ror.org/043xjcd49,,,,,,,replace==https://www.lest.fr/,,replace==lest.fr,,,,,,,,,,,,
,https://ror.org/043z5qa52,,,,,,,replace==https://www.lcu.edu.ng/,,replace==lcu.edu.ng,,,,,,,,,,,,
,https://ror.org/0441cbj57,,,,,,,,,replace==nubip.edu.ua,,,,,,,,,,,,
,https://ror.org/0442n1j98,,,,,,,,,replace==stockton.edu,,,,,,,,,,,,
,https://ror.org/0442pkv24,,,,,,,replace==https://www.charusat.ac.in/,,replace==charusat.ac.in,,,,,,,,,,,,
,https://ror.org/0444j5556,,,,,,,,,replace==opt.ac.cn,,,,,,,,,,,,
,https://ror.org/0445phv87,,,,,,,replace==https://www.u-toyama.ac.jp/,,replace==u-toyama.ac.jp,,,,,,,,,,,,
,https://ror.org/0446vnd56,,,,,,,replace==https://www.wku.edu/,,replace==wku.edu,,,,,,,,,,,,
,https://ror.org/0447kww10,,,,,,,,,replace==miyazaki-u.ac.jp,,,,,,,,,,,,
,https://ror.org/0449kf092,,,,,,,replace==https://www.pvamu.edu/,,replace==pvamu.edu,,,,,,,,,,,,
,https://ror.org/044b0xj37,,,,,,,,,replace==upi.edu,,,,,,,,,,,,
,https://ror.org/044bma518,,,,,,,replace==https://www.ffpri.go.jp/ffpri.html,,replace==ffpri.go.jp,,,,,,,,,,,,
,https://ror.org/044cm3z84,,,,,,,,,replace==bsu.edu.ru,,,,,,,,,,,,
,https://ror.org/044evsy53,,,,,,,,,replace==univsanpablo.edu.mx,,,,,,,,,,,,
,https://ror.org/044fdhr57,,,,,,,replace==https://kanagawa-pho.jp/,,replace==kanagawa-pho.jp,,,,,,,,,,,,
,https://ror.org/044fxjq88,,,,,,,replace==https://usj.edu.lb/,,replace==usj.edu.lb,,,,,,,,,,,,
,https://ror.org/044g6d731,,,,,,,replace==https://www.unipune.ac.in/,,replace==unipune.ac.in,,,,,,,,,,,,
,https://ror.org/044jp1563,,,,,,,replace==https://www.analysisgroup.com/,,replace==analysisgroup.com,,,,,,,,,,,,
,https://ror.org/044jr0f96,,,,,,,replace==https://wb.gov.in/,,replace==wb.gov.in,,,,,,,,,,,,
,https://ror.org/044kkbh92,,,,,,,,,replace==bmwgroup.com,,,,,,,,,,,,
,https://ror.org/044kkfr75,,,,,,,replace==https://www.albanova.se/,,replace==albanova.se,,,,,,,,,,,,
,https://ror.org/044panr52,,,,,,,,,replace==epri.sci.eg,,,,,,,,,,,,
,https://ror.org/044pcn091,,,,,,,replace==https://www.umc.edu/,,replace==umc.edu,,,,,,,,,,,,
,https://ror.org/044rgx723,,,,,,,replace==https://www.imust.edu.cn/,,replace==imust.edu.cn,,,,,,,,,,,,
,https://ror.org/044vgd869,,,,,,,replace==https://nicvd.gov.bd/,,replace==nicvd.com.bd,,,,,,,,,,,,
,https://ror.org/044vy1d05,,,,,,,,,replace==tokushima-u.ac.jp,,,,,,,,,,,,
,https://ror.org/044ybef51,,,,,,,replace==https://nci.moh.gov.my/,,replace==nci.gov.my,,,,,,,,,,,,
,https://ror.org/044ysd349,,,,,,,,,replace==hnist.edu.cn,,,,,,,,,,,,
,https://ror.org/044zqqy65,,,,,,,replace==https://www.nps.gov/,,replace==nps.gov,,,,,,,,,,,,
,https://ror.org/0451xdy64,,,,,,,,,replace==kgut.ac.ir,,,,,,,,,,,,
,https://ror.org/045495t75,,,,,,,replace==https://www.ifo.de/,,replace==ifo.de,,,,,,,,,,,,
,https://ror.org/0457zbj98,,,,,,,replace==https://www.ouhsc.edu/,,replace==ouhsc.edu,,,,,,,,,,,,
,https://ror.org/045ae7j03,,,,,,,replace==https://www.usf.edu.br/,,replace==usf.edu.br,,,,,,,,,,,,
,https://ror.org/045c2a851,,,,,,,,,replace==zjyj.org.cn,,,,,,,,,,,,
,https://ror.org/045d9gj14,,,,,,,replace==https://www.ccteg.cn/,,replace==ccteg.cn,,,,,,,,,,,,
,https://ror.org/045kfbt16,,,,,,,replace==https://www.dibru.ac.in/,,replace==dibru.ac.in,,,,,,,,,,,,
,https://ror.org/045kpgw45,,,,,,,,,replace==gdph.org.cn,,,,,,,,,,,,
,https://ror.org/045nemn19,,,,,,,replace==https://www.ubu.ac.th/,,replace==ubu.ac.th,,,,,,,,,,,,
,https://ror.org/045pcya52,,,,,,,replace==https://dnwml.org/,,replace==aacil.org,,,,,,,,,,,,
,https://ror.org/045pn2j94,,,,,,,replace==https://www.genomics.cn/,,replace==genomics.cn,,,,,,,,,,,,
,https://ror.org/045qb5273,,,,,,,replace==https://dypatil.edu/,,replace==dypatil.edu,,,,,,,,,,,,
,https://ror.org/045rztm55,,,,,,,,,replace==usl.edu.sl,,,,,,,,,,,,
,https://ror.org/045s9b323,,,,,,,replace==https://www.eng.it/,,replace==eng.it,,,,,,,,,,,,
,https://ror.org/045sza929,,,,,,,,,replace==cea.gov.cn,,,,,,,,,,,,
,https://ror.org/045vhys49,,,,,,,replace==https://umc.ac.id/,,replace==umc.ac.id,,,,,,,,,,,,
,https://ror.org/045x93337,,,,,,,,,replace==yu.edu,,,,,,,,,,,,
,https://ror.org/045ysha14,,,,,,,,,replace==naramed-u.ac.jp,,,,,,,,,,,,
,https://ror.org/0460vf117,,,,,,,,,replace==nsi.edu,,,,,,,,,,,,
,https://ror.org/0461cvh40,,,,,,,replace==https://www.gwnu.ac.kr/sites/kr/index.do,,replace==gwnu.ac.kr,,,,,,,,,,,,
,https://ror.org/0462xwv27,,,,,,,replace==https://www.univ-na.ci/,,replace==univ-na.ci,,,,,,,,,,,,
,https://ror.org/0462zf838,,,,,,,,,replace==natmus.dk,,,,,,,,,,,,
,https://ror.org/0463dsf87,,,,,,,replace==https://gpapanikolaou.gr/,,replace==gpapanikolaou.gr,,,,,,,,,,,,
,https://ror.org/04679fh62,,,,,,,replace==https://lecom.edu/,,replace==lecom.edu,,,,,,,,,,,,
,https://ror.org/046865y68,,,,,,,replace==https://www.hanyang.ac.kr/,,replace==hanyang.ac.kr,,,,,,,,,,,,
,https://ror.org/0468k6j36,,,,,,,replace==https://www.ipin.edu.pl/,,replace==ipin.edu.pl,,,,,,,,,,,,
,https://ror.org/0468tgh79,,,,,,,replace==https://gamtostyrimai.lt/,,replace==gamtc.lt,,,,,,,,,,,,
,https://ror.org/0469ejq24,,,,,,,replace==https://iquifib.org/,,replace==iquifib.org,,,,,,,,,,,,
,https://ror.org/046a1ah60,,,,,,,replace==https://rostgmu.ru/,,replace==rostgmu.ru,,,,,,,,,,,,
,https://ror.org/046a9q865,,,,,,,replace==http://www.spacescience.org/,,replace==spacescience.org,,,,,,,,,,,,
,https://ror.org/046ak2485,,,,,,,,,replace==fu-berlin.de,,,,,,,,,,,,
,https://ror.org/046bk9643,,,,,,,replace==https://www.gmc.edu.in/,,replace==gmc.edu.in,,,,,,,,,,,,
,https://ror.org/046bx1082,,,,,,,replace==https://www.hpsj.fr/,,replace==ghpsj.fr,,,,,,,,,,,,
,https://ror.org/046e0mt33,,,,,,,,,replace==uni-flensburg.de,,,,,,,,,,,,
,https://ror.org/046e90j34,,,,,,,replace==https://www.cardiologia.org.mx/,,replace==cardiologia.org.mx,,,,,,,,,,,,
,https://ror.org/046f6cx68,,,,,,,,,replace==fujita-hu.ac.jp,,,,,,,,,,,,
,https://ror.org/046fa4y88,,,,,,,replace==https://www.hri.org.au/,,replace==hri.org.au,,,,,,,,,,,,
,https://ror.org/046gbzb64,,,,,,,replace==https://www.maersk.com/,,replace==maersk.com,,,,,,,,,,,,
,https://ror.org/046jh9k27,,,,,,,replace==https://sff.org/,,replace==sff.org,,,,,,,,,,,,
,https://ror.org/046n57345,,,,,,,,,replace==hfcas.ac.cn,,,,,,,,,,,,
,https://ror.org/046nf9z89,,,,,,,,,replace==gu.ac.ir,,,,,,,,,,,,
,https://ror.org/046nvst19,,,,,,,replace==https://www.fhi.no/,,replace==fhi.no,,,,,,,,,,,,
,https://ror.org/046p12h21,,,,,,,,,replace==bms.kr,,,,,,,,,,,,
,https://ror.org/046q1bp69,,,,,,,replace==https://www.gz5055.com/,,replace==gz5055.com,,,,,,,,,,,,
,https://ror.org/046v9f126,,,,,,,,,replace==materialsciencescorp.com,,,,,,,,,,,,
,https://ror.org/046yatd98,,,,,,,,,replace==midwestern.edu,,,,,,,,,,,,
,https://ror.org/047179s14,,,,,,,,,replace==unad.edu.co,,,,,,,,,,,,
,https://ror.org/0473a4773,,,,,,,,,replace==hertie-school.org,,,,,,,,,,,,
,https://ror.org/0473ch268,,,,,,,replace==https://www.rsuh.ru/,,replace==rggu.ru,,,,,,,,,,,,
,https://ror.org/04742eh45,,,,,,,replace==https://www.es-llc.com/,,replace==es-llc.com,,,,,,,,,,,,
,https://ror.org/0474gxy81,,,,,,,replace==https://lasalle.edu.co/,,replace==lasalle.edu.co,,,,,,,,,,,,
,https://ror.org/047908t24,,,,,,,,,replace==ufpe.br,,,,,,,,,,,,
,https://ror.org/047933096,,,,,,,,,replace==heor.co.uk,,,,,,,,,,,,
,https://ror.org/047988g19,,,,,,,,,replace==wunu.edu.ua,,,,,,,,,,,,
,https://ror.org/047bp1713,,,,,,,,,replace==nuc.edu.cn,,,,,,,,,,,,
,https://ror.org/047c3xe48,,,,,,,replace==http://www.advimg.com/,,replace==sreemedical.com,,,,,,,,,,,,
,https://ror.org/047c53f83,,,,,,,,,replace==zgwhfe.com,,,,,,,,,,,,
,https://ror.org/047ck1j35,,,,,,,replace==https://moredun.org.uk/research,,replace==moredun.ac.uk,,,,,,,,,,,,
,https://ror.org/047gc3g35,,,,,,,replace==https://uchile.cl/,,replace==uchile.cl,,,,,,,,,,,,
,https://ror.org/047hdnt12,,,,,,,replace==https://www.institutfrancais.com/,,replace==institutfrancais.com,,,,,,,,,,,,
,https://ror.org/047kyg834,,,,,,,replace==https://www.ug.edu.ec/,,replace==ug.edu.ec,,,,,,,,,,,,
,https://ror.org/047pt5178,,,,,,,replace==http://ipme.ru/,,replace==ipme.ru,,,,,,,,,,,,
,https://ror.org/047s7ag77,,,,,,,replace==https://www.fmabc.br/,,replace==fmabc.br,,,,,,,,,,,,
,https://ror.org/047w75g40,,,,,,,replace==https://www.iiu.edu.pk/,,replace==iiu.edu.pk,,,,,,,,,,,,
,https://ror.org/047w7d678,,,,,,,,,replace==hku-szh.org,,,,,,,,,,,,
,https://ror.org/047wbd030,,,,,,,replace==https://h-da.de/,,replace==h-da.de,,,,,,,,,,,,
,https://ror.org/047yhep71,,,,,,,,,replace==im.ac.cn,,,,,,,,,,,,
,https://ror.org/047yk3s18,,,,,,,,,replace==cua.edu,,,,,,,,,,,,
,https://ror.org/0480zh114,,,,,,,,,replace==jetro.go.jp,,,,,,,,,,,,
,https://ror.org/0481cg432,,,,,,,replace==https://www.prsu.ac.in/,,replace==prsu.org.in,,,,,,,,,,,,
,https://ror.org/0481e1q24,,,,,,,replace==https://www.rotterdamuas.com/,,replace==hr.nl,,,,,,,,,,,,
,https://ror.org/0481xaz04,,,,,,,replace==https://new.deltauniv.edu.eg/,,replace==deltauniv.edu.eg,,,,,,,,,,,,
,https://ror.org/0482b5b22,,,,,,,,,replace==embrapa.br,,,,,,,,,,,,
,https://ror.org/0483yhz54,,,,,,,,,replace==thechildrenscenter.org,,,,,,,,,,,,
,https://ror.org/0485axj58,,,,,,,replace==https://www.uhs.nhs.uk/,,replace==uhs.nhs.uk,,,,,,,,,,,,
,https://ror.org/0485fyg31,,,,,,,,,replace==rgau-msha.ru,,,,,,,,,,,,
,https://ror.org/0488cct49,,,,,,,,,replace==orlandohealth.com,,,,,,,,,,,,
,https://ror.org/0488wz367,,,,,,,,,replace==wyu.edu.cn,,,,,,,,,,,,
,https://ror.org/048a87296,,,,,,,,,replace==uu.se,,,,,,,,,,,,
,https://ror.org/048bfyy22,,,,,,,,,replace==uniska-kediri.ac.id,,,,,,,,,,,,
,https://ror.org/048cwvf49,,,,,,,replace==https://www.unisa.ac.za/,,replace==unisa.ac.za,,,,,,,,,,,,
,https://ror.org/048dd0611,,,,,,,,,replace==semi.ac.cn,,,,,,,,,,,,
,https://ror.org/048e0p659,,,,,,,,,replace==usc.ac.ir,,,,,,,,,,,,
,https://ror.org/048fyec77,,,,,,,,,replace==mcri.edu.au,,,,,,,,,,,,
,https://ror.org/048g2sh07,,,,,,,replace==https://www.utp.edu.my/,,replace==utp.edu.my,,,,,,,,,,,,
,https://ror.org/048gksa87,,,,,,,replace==https://www.kajima.co.jp/,,replace==kajima.com,,,,,,,,,,,,
,https://ror.org/048j5n646,,,,,,,replace==https://khai.edu/,,replace==khai.edu,,,,,,,,,,,,
,https://ror.org/048macv48,,,,,,,,,replace==pharmac.govt.nz,,,,,,,,,,,,
,https://ror.org/048nctr92,,,,,,,replace==https://uta.edu.ec/,,replace==uta.edu.ec,,,,,,,,,,,,
,https://ror.org/048nfjm95,,,,,,,,,replace==mu.ie,,,,,,,,,,,,
,https://ror.org/048qnr849,,,,,,,replace==https://aswu.edu.eg/,,replace==aswu.edu.eg,,,,,,,,,,,,
,https://ror.org/048qnxy85,,,,,,,replace==https://www.pulmonaryassociates.com/,,replace==pulmonaryassociates.com,,,,,,,,,,,,
,https://ror.org/048v13307,,,,,,,,,replace==nips.ac.jp,,,,,,,,,,,,
,https://ror.org/048y1rc66,,,,,,,,,replace==iccas.ac.cn,,,,,,,,,,,,
,https://ror.org/048zcaj52,,,,,,,replace==https://www.cdu.edu.au/,,replace==cdu.edu.au,,,,,,,,,,,,
,https://ror.org/048zssa22,,,,,,,replace==https://ibpm.pbcras.ru/,,replace==ibpm.ru,,,,,,,,,,,,
,https://ror.org/0491yz035,,,,,,,,,replace==saha.ac.in,,,,,,,,,,,,
,https://ror.org/0492nfe34,,,,,,,replace==https://ucc.edu.gh/,,replace==ucc.edu.gh,,,,,,,,,,,,
,https://ror.org/0493xsw21,,,,,,,,,replace==bih-charite.de,,,,,,,,,,,,
,https://ror.org/0494jpz02,,,,,,,replace==https://crcm-marseille.fr/,,replace==crcm-marseille.fr,,,,,,,,,,,,
,https://ror.org/0494zgc81,,,,,,,,,replace==snudh.org,,,,,,,,,,,,
,https://ror.org/049784n50,,,,,,,replace==https://umag.cl/,,replace==umag.cl,,,,,,,,,,,,
,https://ror.org/0498pcx51,,,,,,,replace==https://university.taylors.edu.my/,,replace==taylors.edu.my,,,,,,,,,,,,
,https://ror.org/0499dwk57,,,,,,,,,replace==roswellpark.org,,,,,,,,,,,,
,https://ror.org/0499krd69,,,,,,,replace==https://mcq.org/,,replace==mcq.org,,,,,,,,,,,,
,https://ror.org/049bdss47,,,,,,,replace==https://www.joanneum.at/,,replace==joanneum.at,,,,,,,,,,,,
,https://ror.org/049cbmb74,,,,,,,replace==https://childrenswi.org/,,replace==childrenswi.org,,,,,,,,,,,,
,https://ror.org/049d9a475,,,,,,,replace==https://memorialhermann.org/,,replace==memorialhermann.org,,,,,,,,,,,,
,https://ror.org/049ecjx61,,,,,,,replace==https://www.crys.ras.ru/,,replace==crys.ras.ru,,,,,,,,,,,,
,https://ror.org/049emcs32,,,,,,,replace==https://www.utdallas.edu/,,replace==utdallas.edu,,,,,,,,,,,,
,https://ror.org/049gn7z52,,,,,,,,,replace==big.ac.cn,,,,,,,,,,,,
,https://ror.org/049kefs16,,,,,,,replace==https://siu.edu/,,replace==siu.edu,,,,,,,,,,,,
,https://ror.org/049mgby18,,,,,,,replace==https://nich.edu.pk/,,replace==nich.edu.pk,,,,,,,,,,,,
,https://ror.org/049ntvc74,,,,,,,,,replace==crna.dz,,,,,,,,,,,,
,https://ror.org/049pfb863,,,,,,,replace==https://www.kent.edu/,,replace==kent.edu,,,,,,,,,,,,
,https://ror.org/049pzty39,,,,,,,,,replace==buk.edu.ng,,,,,,,,,,,,
,https://ror.org/049q7vv14,,,,,,,replace==https://umri.ac.id/,,replace==umri.ac.id,,,,,,,,,,,,
,https://ror.org/049rrx986,,,,,,,,,replace==unespar.edu.br,,,,,,,,,,,,
,https://ror.org/049tcsg76,,,,,,,replace==https://www.iftf.org/,,replace==iftf.org,,,,,,,,,,,,
,https://ror.org/049v69k10,,,,,,,replace==https://www.rowan.edu/,,replace==rowan.edu,,,,,,,,,,,,
,https://ror.org/049xnr573,,,,,,,,,replace==cenpat-conicet.gob.ar,,,,,,,,,,,,
,https://ror.org/04a0dbe36,,,,,,,replace==https://www.ceu.es/,,replace==ceu.es,,,,,,,,,,,,
,https://ror.org/04a1r5z94,,,,,,,replace==https://hu.edu.jo/,,replace==hu.edu.jo,,,,,,,,,,,,
,https://ror.org/04a2rz655,,,,,,,replace==https://rmuti.ac.th/,,replace==rmuti.ac.th,,,,,,,,,,,,
,https://ror.org/04a3gjw65,,,,,,,replace==https://moedu.gov.bd/,,replace==moedu.gov.bd,,,,,,,,,,,,
,https://ror.org/04a5b0p13,,,,,,,,,replace==zuj.edu.jo,,,,,,,,,,,,
,https://ror.org/04a5szx83,,,,,,,replace==https://und.edu/,,replace==und.edu,,,,,,,,,,,,
,https://ror.org/04a7gbp98,,,,,,,replace==https://www.bgs.ac.uk/,,replace==bgs.ac.uk,,,,,,,,,,,,
,https://ror.org/04a8t1e98,,,,,,,replace==https://www.ogu.ac.jp/,,replace==ogu.ac.jp,,,,,,,,,,,,
,https://ror.org/04aa0zm65,,,,,,,,,replace==casc.ac.cn,,,,,,,,,,,,
,https://ror.org/04aaq2k96,,,,,,,,,replace==martin.edu,,,,,,,,,,,,
,https://ror.org/04aercx33,,,,,,,,,replace==han.net.br,,,,,,,,,,,,
,https://ror.org/04afshy24,,,,,,,,,replace==tlu.edu.vn,,,,,,,,,,,,
,https://ror.org/04agmb972,,,,,,,replace==https://www.georgiasouthern.edu/,,replace==georgiasouthern.edu,,,,,,,,,,,,
,https://ror.org/04ahz4692,,,,,,,,,replace==du.edu.et,,,,,,,,,,,,
,https://ror.org/04aj4sh46,,,,,,,replace==https://www.brookings.edu/,,replace==brookings.edu,,,,,,,,,,,,
,https://ror.org/04andmq85,,,,,,,,,replace==inrap.fr,,,,,,,,,,,,
,https://ror.org/04arhmz60,,,,,,,,,replace==hcu.edu,,,,,,,,,,,,
,https://ror.org/04arkmn57,,,,,,,replace==https://www.unob.cz,,replace==unob.cz,,,,,,,,,,,,
,https://ror.org/04asgtj30,,,,,,,replace==https://www.bdu.edu.cn/,,replace==bdu.edu.cn,,,,,,,,,,,,
,https://ror.org/04atsbb87,,,,,,,replace==https://www.fit.edu/,,replace==fit.edu,,,,,,,,,,,,
,https://ror.org/04att9732,,,,,,,,,replace==mnsu.edu,,,,,,,,,,,,
,https://ror.org/04atwyt60,,,,,,,,,replace==faap.br,,,,,,,,,,,,
,https://ror.org/04ayk8723,,,,,,,replace==https://www.gsck.ac.in/,,replace==gsck.ac.in,,,,,,,,,,,,
,https://ror.org/04ayype77,,,,,,,replace==https://www.gov.il/he/Departments/wolfson,,replace==wmc.gov.il,,,,,,,,,,,,
,https://ror.org/04az9eh24,,,,,,,,,replace==jlufe.edu.cn,,,,,,,,,,,,
,https://ror.org/04azbjn80,,,,,,,,,replace==gdut.edu.cn,,,,,,,,,,,,
,https://ror.org/04b181w54,,,,,,,,,replace==vtt.fi,,,,,,,,,,,,
,https://ror.org/04b2fhx54,,,,,,,replace==https://www.swu.ac.kr/,,replace==swu.ac.kr,,,,,,,,,,,,
,https://ror.org/04b69g067,,,,,,,replace==https://www.wu.ac.th/,,replace==wu.ac.th,,,,,,,,,,,,
,https://ror.org/04b6ahj46,,,,,,,replace==https://www.uindependiente.ac.cr/,,replace==uindependiente.ac.cr,,,,,,,,,,,,
,https://ror.org/04b6b6f76,,,,,,,replace==https://ncstatecollege.edu/,,replace==ncstatecollege.edu,,,,,,,,,,,,
,https://ror.org/04b6x2g63,,,,,,,replace==https://www.luc.edu/,,replace==luc.edu,,,,,,,,,,,,
,https://ror.org/04b8j4a33,,,,,,,replace==https://www.pwri.go.jp/,,replace==pwri.go.jp,,,,,,,,,,,,
,https://ror.org/04bckew43,,,,,,,replace==https://www.chru-strasbourg.fr/,,replace==chru-strasbourg.fr,,,,,,,,,,,,
,https://ror.org/04beck307,,,,,,,replace==https://www.eaudeparis.fr/,,replace==eaudeparis.fr,,,,,,,,,,,,
,https://ror.org/04bgfm609,,,,,,,,,replace==stowers.org,,,,,,,,,,,,
,https://ror.org/04bgrkn57,,,,,,,replace==https://rosunimed.ru,,replace==msmsu.ru,,,,,,,,,,,,
,https://ror.org/04bhvak10,,,,,,,,,replace==isa-muenster.de,,,,,,,,,,,,
,https://ror.org/04bjdr366,,,,,,,replace==https://www.ifsh.de/,,replace==ifsh.de,,,,,,,,,,,,
,https://ror.org/04bk7v425,,,,,,,replace==https://www.mercer.edu/,,replace==mercer.edu,,,,,,,,,,,,
,https://ror.org/04bkhy554,,,,,,,replace==https://www.czey.com/,,replace==czey.com,,,,,,,,,,,,
,https://ror.org/04bpyvy69,,,,,,,replace==https://www.mu.edu.et/,,replace==mu.edu.et,,,,,,,,,,,,
,https://ror.org/04bpz1v84,,,,,,,,,replace==fcbarcelona.cat,,,,,,,,,,,,
,https://ror.org/04bqqa360,,,,,,,replace==https://www.uem.br/,,replace==uem.br,,,,,,,,,,,,
,https://ror.org/04bs5yc70,,,,,,,replace==https://www.wsl.ch/,,replace==wsl.ch,,,,,,,,,,,,
,https://ror.org/04bxa3v83,,,,,,,replace==https://en.sutech.ac.ir/,,replace==sutech.ac.ir,,,,,,,,,,,,
,https://ror.org/04bxk0j07,,,,,,,,,replace==npa.ind.br,,,,,,,,,,,,
,https://ror.org/04c00sd86,,,,,,,,,replace==jacobsinstitute.org,,,,,,,,,,,,
,https://ror.org/04c3ymz82,,,,,,,replace==https://uniftc.edu.br/,,replace==ftc.edu.br,,,,,,,,,,,,
,https://ror.org/04c49cg83,,,,,,,replace==https://www.clarendoncollege.edu/,,replace==cctx.edu,,,,,,,,,,,,
,https://ror.org/04c6bry31,,,,,,,replace==https://www.stjames.ie/,,replace==stjames.ie,,,,,,,,,,,,
,https://ror.org/04c8bjx39,,,,,,,replace==https://oxfordhealth.nhs.uk/,,replace==oxfordhealth.nhs.uk,,,,,,,,,,,,
,https://ror.org/04c8eg608,,,,,,,replace==https://www.dmu.edu.cn/,,replace==dmu.edu.cn,,,,,,,,,,,,
,https://ror.org/04c8y8w58,,,,,,,replace==https://www.iananu.org.ua/,,replace==iananu.org.ua,,,,,,,,,,,,
,https://ror.org/04cadha73,,,,,,,,,replace==igme.es,,,,,,,,,,,,
,https://ror.org/04cd75h10,,,,,,,replace==https://www.iwate-u.ac.jp/,,replace==iwate-u.ac.jp,,,,,,,,,,,,
,https://ror.org/04cdgtt98,,,,,,,replace==https://www.dkfz.de/,,replace==dkfz.de,,,,,,,,,,,,
,https://ror.org/04cdk4t75,,,,,,,,,replace==chu-rouen.fr,,,,,,,,,,,,
,https://ror.org/04cdn2797,,,,,,,replace==https://www.bhu.ac.in/,,replace==bhu.ac.in,,,,,,,,,,,,
,https://ror.org/04cg6c004,,,,,,,,,replace==mta.ac.il,,,,,,,,,,,,
,https://ror.org/04cgczp52,,,,,,,replace==https://www.tplondon.com/,,replace==tplondon.com,,,,,,,,,,,,
,https://ror.org/04chq2495,,,,,,,,,replace==commerce.gov,,,,,,,,,,,,
,https://ror.org/04cnfrn26,,,,,,,,,replace==arts.ac.uk,,,,,,,,,,,,
,https://ror.org/04cnscd67,,,,,,,replace==https://www.umi.ac.ma/,,replace==umi.ac.ma,,,,,,,,,,,,
,https://ror.org/04cqs5j56,,,,,,,replace==https://www.siue.edu/,,replace==siue.edu,,,,,,,,,,,,
,https://ror.org/04cv8g472,,,,,,,replace==https://www.systemstech.com/,,replace==systemstech.com,,,,,,,,,,,,
,https://ror.org/04cwap208,,,,,,,,,replace==imun.edu.cn,,,,,,,,,,,,
,https://ror.org/04cwfse38,,,,,,,,,replace==bosai.go.jp,,,,,,,,,,,,
,https://ror.org/04cwrrv92,,,,,,,replace==https://www.mvzhumangenetik.de/,,replace==mvzhumangenetik.de,,,,,,,,,,,,
,https://ror.org/04cybtr86,,,,,,,replace==https://www.iwate-med.ac.jp/,,replace==iwate-med.ac.jp,,,,,,,,,,,,
,https://ror.org/04d0rfg41,,,,,,,replace==https://sphfsk.ca/,,replace==stpaulshospital.org,,,,,,,,,,,,
,https://ror.org/04d0szq68,,,,,,,replace==https://www.szmc.org.il/,,replace==szmc.org.il,,,,,,,,,,,,
,https://ror.org/04d0xx942,,,,,,,,,replace==mec.gov.br,,,,,,,,,,,,
,https://ror.org/04d3gck32,,,,,,,,,replace==unwiku.ac.id,,,,,,,,,,,,
,https://ror.org/04d3hex36,,,,,,,replace==https://thedialogue.org/,,replace==thedialogue.org,,,,,,,,,,,,
,https://ror.org/04d4sd432,,,,,,,,,replace==usf.tn,,,,,,,,,,,,
,https://ror.org/04d5vba33,,,,,,,replace==https://www.utep.edu/,,replace==utep.edu,,,,,,,,,,,,
,https://ror.org/04d77de73,,,,,,,,,replace==bgr.de,,,,,,,,,,,,
,https://ror.org/04d7e4m76,,,,,,,replace==https://www.isu.edu.tw/,,replace==isu.edu.tw,,,,,,,,,,,,
,https://ror.org/04d7es448,,,,,,,,,replace==hsanmartino.it,,,,,,,,,,,,
,https://ror.org/04d836q62,,,,,,,,,replace==tuwien.ac.at,,,,,,,,,,,,
,https://ror.org/04d9rzd67,,,,,,,,,replace==gust.edu.kw,,,,,,,,,,,,
,https://ror.org/04dbch786,,,,,,,,,replace==yandex-team.com,,,,,,,,,,,,
,https://ror.org/04dec0k98,,,,,,,,,replace==innov-research.com,,,,,,,,,,,,
,https://ror.org/04ded0672,,,,,,,,,replace==unand.ac.id,,,,,,,,,,,,
,https://ror.org/04dese585,,,,,,,replace==https://www.iisc.ac.in/,,replace==iisc.ac.in,,,,,,,,,,,,
,https://ror.org/04dfr7a85,,,,,,,replace==https://www.unipamplona.edu.co/,,replace==unipamplona.edu.co,,,,,,,,,,,,
,https://ror.org/04dh2y609,,,,,,,replace==https://www.saic.edu/,,replace==saic.edu,,,,,,,,,,,,
,https://ror.org/04djj4v98,,,,,,,replace==https://www.hospitalbritanico.org.ar/,,replace==hbritanico.com.ar,,,,,,,,,,,,
,https://ror.org/04dkp1p98,,,,,,,replace==https://www.bom.gov.au/,,replace==bom.gov.au,,,,,,,,,,,,
,https://ror.org/04dmgvm89,,,,,,,,,replace==dsgroupmail.com,,,,,,,,,,,,
,https://ror.org/04dndfk38,,,,,,,replace==https://www.ubiobio.cl/,,replace==ubiobio.cl,,,,,,,,,,,,
,https://ror.org/04dpa3g90,,,,,,,,,replace==ynau.edu.cn,,,,,,,,,,,,
,https://ror.org/04dpnfr42,,,,,,,,,replace==johnsonu.edu,,,,,,,,,,,,
,https://ror.org/04dqdxm60,,,,,,,,,replace==umces.edu,,,,,,,,,,,,
,https://ror.org/04dqgsa85,,,,,,,,,replace==cs-diagnostics.com,,,,,,,,,,,,
,https://ror.org/04dt6bw53,,,,,,,replace==https://www.tcu.ac.jp/,,replace==tcu.ac.jp,,,,,,,,,,,,
,https://ror.org/04dx82x73,,,,,,,replace==https://www.nnnu.edu.cn/,,replace==nnnu.edu.cn,,,,,,,,,,,,
,https://ror.org/04dzaw261,,,,,,,,,replace==hcor.com.br,,,,,,,,,,,,
,https://ror.org/04dzf3m45,,,,,,,replace==https://drc.gov.eg/,,replace==drc.gov.eg,,,,,,,,,,,,
,https://ror.org/04dzvks42,,,,,,,,,replace==xinhuamed.com.cn,,,,,,,,,,,,
,https://ror.org/04e38yx37,,,,,,,replace==https://www.igr.poznan.pl/,,replace==igr.poznan.pl,,,,,,,,,,,,
,https://ror.org/04e3ktk27,,,,,,,replace==https://www.lri.fr/,,replace==lri.fr,,,,,,,,,,,,
,https://ror.org/04e3vbx44,,,,,,,replace==https://www.m-culture.gov.dz/,,replace==m-culture.gov.dz,,,,,,,,,,,,
,https://ror.org/04e5cyn06,,,,,,,,,replace==aaea.org,,,,,,,,,,,,
,https://ror.org/04e698d63,,,,,,,,,replace==mwr.gov.cn,,,,,,,,,,,,
,https://ror.org/04e72vw61,,,,,,,replace==https://www.dbu.edu.et/,,replace==dbu.edu.et,,,,,,,,,,,,
,https://ror.org/04e8jbs38,,,,,,,replace==https://www.hsu-hh.de/,,replace==hsu-hh.de,,,,,,,,,,,,
,https://ror.org/04ebzxq58,,,,,,,,,replace==ciclaplata.org.ar,,,,,,,,,,,,
,https://ror.org/04ed7fw48,,,,,,,replace==https://www.univ-ubs.fr/,,replace==univ-ubs.fr,,,,,,,,,,,,
,https://ror.org/04edns687,,,,,,,replace==https://www.neiu.edu/,,replace==neiu.edu,,,,,,,,,,,,
,https://ror.org/04ee58018,,,,,,,replace==https://www.ujat.mx/,,replace==ujat.mx,,,,,,,,,,,,
,https://ror.org/04eexme77,,,,,,,,,replace==unach.mx,,,,,,,,,,,,
,https://ror.org/04efg9a07,,,,,,,replace==https://www.usmba.ac.ma/,,replace==usmba.ac.ma,,,,,,,,,,,,
,https://ror.org/04egehb02,,,,,,,,,replace==ecgi.org,,,,,,,,,,,,
,https://ror.org/04ejags36,,,,,,,,,replace==sciensano.be,,,,,,,,,,,,
,https://ror.org/04ejdtr48,,,,,,,,,replace==ibch.poznan.pl,,,,,,,,,,,,
,https://ror.org/04emwm605,,,,,,,,,replace==thalesgroup.com,,,,,,,,,,,,
,https://ror.org/04epb4p87,,,,,,,replace==https://www.zcmu.edu.cn/,,replace==zcmu.edu.cn,,,,,,,,,,,,
,https://ror.org/04eps4h65,,,,,,,replace==https://tuf.edu.pk/,,replace==tuf.edu.pk,,,,,,,,,,,,
,https://ror.org/04eq83d71,,,,,,,,,replace==henau.edu.cn,,,,,,,,,,,,
,https://ror.org/04eq9g543,,,,,,,replace==https://www.parc.gov.pk,,replace==parc.gov.pk,,,,,,,,,,,,
,https://ror.org/04ers2y35,,,,,,,,,replace==uni-bremen.de,,,,,,,,,,,,
,https://ror.org/04esata81,,,,,,,replace==https://www.esf.org/,,replace==esf.org,,,,,,,,,,,,
,https://ror.org/04esgv207,,,,,,,replace==https://nagpuruniversity.ac.in/,,replace==nagpuruniversity.ac.in,,,,,,,,,,,,
,https://ror.org/04ev03g22,,,,,,,replace==https://www.scilifelab.se/,,replace==scilifelab.se,,,,,,,,,,,,
,https://ror.org/04ew43640,,,,,,,,,replace==cemps.ac.cn,,,,,,,,,,,,
,https://ror.org/04ews3245,,,,,,,,,replace==ddz.de,,,,,,,,,,,,
,https://ror.org/04ex24z53,,,,,,,,,replace==college-de-france.fr,,,,,,,,,,,,
,https://ror.org/04ez8az68,,,,,,,,,replace==uoswabi.edu.pk,,,,,,,,,,,,
,https://ror.org/04ezk3x31,,,,,,,,,replace==univ-tlse2.fr,,,,,,,,,,,,
,https://ror.org/04f17cx55,,,,,,,replace==https://www.cardio.ru/,,replace==cardio.ru,,,,,,,,,,,,
,https://ror.org/04f49ff35,,,,,,,,,replace==nanoctr.cn,,,,,,,,,,,,
,https://ror.org/04f761z39,,,,,,,replace==https://www.umaia.pt/,,replace==umaia.pt,,,,,,,,,,,,
,https://ror.org/04f7g6845,,,,,,,,,replace==icdc.cn,,,,,,,,,,,,
,https://ror.org/04f7jc139,,,,,,,replace==https://www.hs-bremen.de/,,replace==hs-bremen.de,,,,,,,,,,,,
,https://ror.org/04f7pyb58,,,,,,,,,replace==hospitalsantjoan.cat,,,,,,,,,,,,
,https://ror.org/04f7vj627,,,,,,,replace==https://en.kg.ac.rs/,,replace==kg.ac.rs,,,,,,,,,,,,
,https://ror.org/04f812k67,,,,,,,replace==https://paloaltou.edu/,,replace==paloaltou.edu,,,,,,,,,,,,
,https://ror.org/04f8k9513,,,,,,,replace==https://www.nhcs.com.sg/,,replace==nhcs.com.sg,,,,,,,,,,,,
,https://ror.org/04f8x5b20,,,,,,,replace==https://www.hs-merseburg.de/,,replace==hs-merseburg.de,,,,,,,,,,,,
,https://ror.org/04f9apy08,,,,,,,replace==https://aiit.ac.jp/,,replace==aiit.ac.jp,,,,,,,,,,,,
,https://ror.org/04fa2qd52,,,,,,,,,replace==sanyau.edu.cn,,,,,,,,,,,,
,https://ror.org/04fa4r544,,,,,,,replace==https://orcid.org/,,replace==orcid.org,,,,,,,,,,,,
,https://ror.org/04fbnx371,,,,,,,replace==https://wvumedicine.org/,,replace==wvumedicine.org,,,,,,,,,,,,
,https://ror.org/04fe46645,,,,,,,,,replace==uk-halle.de,,,,,,,,,,,,
,https://ror.org/04fe7hy80,,,,,,,replace==https://www.xzhmu.edu.cn/,,replace==xzhmu.edu.cn,,,,,,,,,,,,
,https://ror.org/04fegvg32,,,,,,,replace==https://www.rosalindfranklin.edu/,,replace==rosalindfranklin.edu,,,,,,,,,,,,
,https://ror.org/04feqxb79,,,,,,,replace==https://www.aeoi.org.ir/,,replace==aeoi.org.ir,,,,,,,,,,,,
,https://ror.org/04fg7fb49,,,,,,,,,replace==cellbiol.lviv.ua,,,,,,,,,,,,
,https://ror.org/04fhee747,,,,,,,replace==https://nii.res.in/,,replace==nii.ac.in,,,,,,,,,,,,
,https://ror.org/04fht8c22,,,,,,,,,replace==buc.edu.in,,,,,,,,,,,,
,https://ror.org/04fme8709,,,,,,,,,replace==cfel.de,,,,,,,,,,,,
,https://ror.org/04fn4g645,,,,,,,replace==https://www.masters.edu/,,replace==masters.edu,,,,,,,,,,,,
,https://ror.org/04fperw70,,,,,,,,,replace==kepco.co.kr,,,,,,,,,,,,
,https://ror.org/04frcff47,,,,,,,replace==https://must.edu.my/,,replace==must.edu.my,,,,,,,,,,,,
,https://ror.org/04frhb927,,,,,,,replace==https://www.gu.edu.lb/,,replace==gu.edu.lb,,,,,,,,,,,,
,https://ror.org/04fsb1973,,,,,,,replace==https://www.texascollege.edu/,,replace==texascollege.edu,,,,,,,,,,,,
,https://ror.org/04fttyv97,,,,,,,replace==https://ualr.edu/,,replace==ualr.edu,,,,,,,,,,,,
,https://ror.org/04fybn584,,,,,,,,,replace==unicauca.edu.co,,,,,,,,,,,,
,https://ror.org/04fzwnh64,,,,,,,,,replace==nm.org,,,,,,,,,,,,
,https://ror.org/04g0mqe67,,,,,,,replace==https://ucp.edu.pk/,,replace==ucp.edu.pk,,,,,,,,,,,,
,https://ror.org/04g2vpn86,,,,,,,replace==https://www.royalholloway.ac.uk/,,replace==royalholloway.ac.uk,,,,,,,,,,,,
,https://ror.org/04g3t6s80,,,,,,,,,replace==stami.no,,,,,,,,,,,,
,https://ror.org/04gavx394,,,,,,,replace==https://www.iip.res.in/,,replace==iip.res.in,,,,,,,,,,,,
,https://ror.org/04gcpjy47,,,,,,,,,replace==tdmu.edu.ua,,,,,,,,,,,,
,https://ror.org/04gczvb13,,,,,,,replace==https://ilarchsurv.org/,,replace==ilarchsurv.org,,,,,,,,,,,,
,https://ror.org/04gd4wn47,,,,,,,replace==https://www.agu.edu.bh/,,replace==agu.edu.bh,,,,,,,,,,,,
,https://ror.org/04ge02x20,,,,,,,replace==https://www.ga.gov.au/,,replace==ga.gov.au,,,,,,,,,,,,
,https://ror.org/04gh4er46,,,,,,,,,replace==siat.ac.cn,,,,,,,,,,,,
,https://ror.org/04ghtpd15,,,,,,,replace==https://ich.gr/,,replace==ich.gr,,,,,,,,,,,,
,https://ror.org/04gjmb875,,,,,,,,,replace==gamhospital.ac.cn,,,,,,,,,,,,
,https://ror.org/04gnp7x40,,,,,,,replace==https://www.wtamu.edu/,,replace==wtamu.edu,,,,,,,,,,,,
,https://ror.org/04gns8903,,,,,,,replace==https://jiht.ru/,,replace==ihed.ras.ru,,,,,,,,,,,,
,https://ror.org/04gpfvy81,,,,,,,replace==https://www.etz.nl/,,replace==etz.nl,,,,,,,,,,,,
,https://ror.org/04gqbd180,,,,,,,replace==https://www.campusbiomedicohospital.com/,,replace==policlinicocampus.it,,,,,,,,,,,,
,https://ror.org/04gqg1a07,,,,,,,,,replace==univ-smb.fr,,,,,,,,,,,,
,https://ror.org/04gqx4x78,,,,,,,replace==https://www.unicampus.it/,,replace==unicampus.it,,,,,,,,,,,,
,https://ror.org/04grmx538,,,,,,,replace==https://www.nber.org/,,replace==nber.org,,,,,,,,,,,,
,https://ror.org/04grzdh47,,,,,,,,,replace==gduf.edu.cn,,,,,,,,,,,,
,https://ror.org/04gsp2c11,,,,,,,,,replace==jcu.edu.au,,,,,,,,,,,,
,https://ror.org/04gtsq315,,,,,,,,,replace==unwahas.ac.id,,,,,,,,,,,,
,https://ror.org/04gw4zv66,,,,,,,,,replace==lmu.edu.ng,,,,,,,,,,,,
,https://ror.org/04gwbew76,,,,,,,replace==https://www.mee.gov.cn/,,replace==mee.gov.cn,,,,,,,,,,,,
,https://ror.org/04gyf1771,,,,,,,replace==https://uci.edu/,,replace==uci.edu,,,,,,,,,,,,
,https://ror.org/04gzbav43,,,,,,,,,replace==aut.ac.ir,,,,,,,,,,,,
,https://ror.org/04h1h0y33,,,,,,,replace==https://cnes.fr/,,replace==cnes.fr,,,,,,,,,,,,
,https://ror.org/04h1w2j35,,,,,,,replace==https://www.mmmut.ac.in/,,replace==mmmut.ac.in,,,,,,,,,,,,
,https://ror.org/04h3c2e31,,,,,,,replace==https://www.imp.gda.pl/,,replace==imp.gda.pl,,,,,,,,,,,,
,https://ror.org/04h3h5b09,,,,,,,replace==https://www.ipb.ac.rs/,,replace==ipb.ac.rs,,,,,,,,,,,,
,https://ror.org/04h4z8k05,,,,,,,replace==https://www.unesco.org/,,replace==unesco.org,,,,,,,,,,,,
,https://ror.org/04hadnb81,,,,,,,replace==https://www.conocophillips.com/,,replace==conocophillips.com,,,,,,,,,,,,
,https://ror.org/04hb57v11,,,,,,,,,replace==icpl.org,,,,,,,,,,,,
,https://ror.org/04hbpw172,,,,,,,,,replace==pmc.edu.pk,,,,,,,,,,,,
,https://ror.org/04hcvaf32,,,,,,,,,replace==su.edu.ye,,,,,,,,,,,,
,https://ror.org/04hd0yz67,,,,,,,,,replace==eaea.org.eg,,,,,,,,,,,,
,https://ror.org/04hdrrs71,,,,,,,replace==https://metrouni.edu.bd/,,replace==metrouni.edu.bd,,,,,,,,,,,,
,https://ror.org/04hhneb29,,,,,,,,,replace==uat.edu.mx,,,,,,,,,,,,
,https://ror.org/04hjbmv12,,,,,,,replace==https://www.takeda.com/,,replace==takeda.com,,,,,,,,,,,,
,https://ror.org/04hjr4202,,,,,,,replace==https://www.ieu.edu.tr/,,replace==ieu.edu.tr,,,,,,,,,,,,
,https://ror.org/04hk86037,,,,,,,,,replace==umcc.cu,,,,,,,,,,,,
,https://ror.org/04hmn8g73,,,,,,,replace==https://www.bayer.com,,replace==bayer.com,,,,,,,,,,,,
,https://ror.org/04hnrs676,,,,,,,,,replace==umc.br,,,,,,,,,,,,
,https://ror.org/04hrbe508,,,,,,,replace==https://www.univ-batna.dz/,,replace==univ-batna.dz,,,,,,,,,,,,
,https://ror.org/04hrrh248,,,,,,,,,replace==impan.pl,,,,,,,,,,,,
,https://ror.org/04hsvhf62,,,,,,,,,replace==atu.edu.iq,,,,,,,,,,,,
,https://ror.org/04hy0x592,,,,,,,,,replace==woolcock.org.au,,,,,,,,,,,,
,https://ror.org/04hya7017,,,,,,,,,replace==ciberonc.es,,,,,,,,,,,,
,https://ror.org/04j14t006,,,,,,,replace==https://www.requimte.pt/,,replace==requimte.pt,,,,,,,,,,,,
,https://ror.org/04j1w0q97,,,,,,,replace==https://www.iu.ac.bd/,,replace==iu.ac.bd,,,,,,,,,,,,
,https://ror.org/04j351e79,,,,,,,replace==https://www.hs-koblenz.de/,,replace==hs-koblenz.de,,,,,,,,,,,,
,https://ror.org/04j36h363,,,,,,,,,replace==childrensnebraska.org,,,,,,,,,,,,
,https://ror.org/04j3eks61,,,,,,,replace==https://english.issp.cas.cn/,,replace==issp.ac.cn,,,,,,,,,,,,
,https://ror.org/04j3vr751,,,,,,,,,replace==hut.edu.cn,,,,,,,,,,,,
,https://ror.org/04j5z3x06,,,,,,,replace==https://uea.edu.br,,replace==uea.edu.br,,,,,,,,,,,,
,https://ror.org/04j7mzp05,,,,,,,replace==https://www.kagawa-u.ac.jp/,,replace==kagawa-u.ac.jp,,,,,,,,,,,,
,https://ror.org/04j8yhy50,,,,,,,,,replace==scienceoxford.com,,,,,,,,,,,,
,https://ror.org/04j9bvy88,,,,,,,,,replace==bergmannsheil.de,,,,,,,,,,,,
,https://ror.org/04ja5n907,,,,,,,replace==https://www.uema.br/,,replace==uema.br,,,,,,,,,,,,
,https://ror.org/04jabhf80,,,,,,,,,replace==jsut.edu.cn,,,,,,,,,,,,
,https://ror.org/04jbp8w50,,,,,,,replace==https://uty.ac.id/,,replace==uty.ac.id,,,,,,,,,,,,
,https://ror.org/04jdy5g59,,,,,,,replace==https://maher.ac.in/,,replace==maher.ac.in,,,,,,,,,,,,
,https://ror.org/04je48v27,,,,,,,replace==https://portal.ifrn.edu.br/,,replace==ifrn.edu.br,,,,,,,,,,,,
,https://ror.org/04je6yw13,,,,,,,replace==https://www.ucad.sn/,,replace==ucad.edu.sn,,,,,,,,,,,,
,https://ror.org/04jgpa018,,,,,,,replace==https://brabu.ac.in/,,replace==brabu.ac.in,,,,,,,,,,,,
,https://ror.org/04jhb1n36,,,,,,,,,replace==budiluhur.ac.id,,,,,,,,,,,,
,https://ror.org/04jhswv08,,,,,,,replace==https://fiocruz.br/,,replace==fiocruz.br,,,,,,,,,,,,
,https://ror.org/04jna0a58,,,,,,,,,replace==centerfordiscovery.com,,,,,,,,,,,,
,https://ror.org/04jpmwt24,,,,,,,,,replace==bckv.edu.in,,,,,,,,,,,,
,https://ror.org/04jqmw447,,,,,,,replace==https://www.imemo.ru/,,replace==imemo.ru,,,,,,,,,,,,
,https://ror.org/04jr01610,,,,,,,,,replace==carnegiescience.edu,,,,,,,,,,,,
,https://ror.org/04jr71r83,,,,,,,replace==https://math.ac.vn/,,replace==math.ac.vn,,,,,,,,,,,,
,https://ror.org/04js17g72,,,,,,,replace==https://www.ihi.or.tz/,,replace==ihi.or.tz,,,,,,,,,,,,
,https://ror.org/04jscf286,,,,,,,replace==https://www.ottawa.edu/,,replace==ottawa.edu,,,,,,,,,,,,
,https://ror.org/04jswqb94,,,,,,,,,replace==dstl.gov.uk,,,,,,,,,,,,
,https://ror.org/04jvemc39,,,,,,,replace==https://www.mpifr-bonn.mpg.de/,,replace==mpifr.de,,,,,,,,,,,,
,https://ror.org/04jzmdh37,,,,,,,,,replace==cepr.org,,,,,,,,,,,,
,https://ror.org/04jztag35,,,,,,,,,replace==pumch.cn,,,,,,,,,,,,
,https://ror.org/04k031t90,,,,,,,,,replace==vet-alfort.fr,,,,,,,,,,,,
,https://ror.org/04k093t90,,,,,,,,,replace==hillagric.ac.in,,,,,,,,,,,,
,https://ror.org/04k51q396,,,,,,,,,replace==usb.ch,,,,,,,,,,,,
,https://ror.org/04k6f4x16,,,,,,,,,replace==sphereinstitute.org,,,,,,,,,,,,
,https://ror.org/04ka0vh05,,,,,,,,,replace==iaa.es,,,,,,,,,,,,
,https://ror.org/04ka8rx28,,,,,,,replace==https://www.basu.ac.ir/,,replace==basu.ac.ir,,,,,,,,,,,,
,https://ror.org/04kbz1397,,,,,,,,,replace==calvarymater.org.au,,,,,,,,,,,,
,https://ror.org/04kd6c783,,,,,,,replace==https://www.amd.com/en.html,,replace==amd.com,,,,,,,,,,,,
,https://ror.org/04keq6987,,,,,,,,,replace==pnw.edu,,,,,,,,,,,,
,https://ror.org/04kevy945,,,,,,,,,replace==tecnologieavanzate.com,,,,,,,,,,,,
,https://ror.org/04kf25f32,,,,,,,,,replace==sgtuniversity.org,,,,,,,,,,,,
,https://ror.org/04kf58w92,,,,,,,replace==https://autonomoushealthcare.com/,,replace==autonomoushealthcare.com,,,,,,,,,,,,
,https://ror.org/04kfn4587,,,,,,,,,replace==mountsinai.org,,,,,,,,,,,,
,https://ror.org/04kfyt897,,,,,,,,,replace==cft.edu.pl,,,,,,,,,,,,
,https://ror.org/04khwmr87,,,,,,,replace==https://www.viennabiocenter.org/,,replace==viennabiocenter.org,,,,,,,,,,,,
,https://ror.org/04knh8e66,,,,,,,,,replace==aselsan.com.tr,,,,,,,,,,,,
,https://ror.org/04kpqhb39,,,,,,,replace==https://www.jpa.gov.my,,replace==jpa.gov.my,,,,,,,,,,,,
,https://ror.org/04kq7tf63,,,,,,,,,replace==mku.ac.ke,,,,,,,,,,,,
,https://ror.org/04krkan79,,,,,,,replace==https://lillo.org.ar/,,replace==lillo.org.ar,,,,,,,,,,,,
,https://ror.org/04m24yn62,,,,,,,,,replace==nrao.edu,,,,,,,,,,,,
,https://ror.org/04m4wwh75,,,,,,,,,replace==asu.ru,,,,,,,,,,,,
,https://ror.org/04m59hw59,,,,,,,replace==https://unmus.ac.id/,,replace==unmus.ac.id,,,,,,,,,,,,
,https://ror.org/04m6cjv19,,,,,,,replace==https://www.waterinfo.com.cn/,,replace==waterinfo.com.cn,,,,,,,,,,,,
,https://ror.org/04mdnw291,,,,,,,,,replace==miles.edu,,,,,,,,,,,,
,https://ror.org/04me94w47,,,,,,,,,replace==singhealth.com.sg,,,,,,,,,,,,
,https://ror.org/04mghma93,,,,,,,replace==https://www.hw.ac.uk/,,replace==hw.ac.uk,,,,,,,,,,,,
,https://ror.org/04mhzgx49,,,,,,,replace==https://english.tau.ac.il/,,replace==tau.ac.il,,,,,,,,,,,,
,https://ror.org/04mk5mk38,,,,,,,replace==https://ciu.edu.tr/,,replace==ciu.edu.tr,,,,,,,,,,,,
,https://ror.org/04mpzkf73,,,,,,,replace==https://www.winthrop.edu/,,replace==winthrop.edu,,,,,,,,,,,,
,https://ror.org/04mqy3p58,,,,,,,,,replace==inesc-id.pt,,,,,,,,,,,,
,https://ror.org/04mrrw205,,,,,,,,,replace==uach.mx,,,,,,,,,,,,
,https://ror.org/04msz5x82,,,,,,,,,replace==dzi.de,,,,,,,,,,,,
,https://ror.org/04mvr1r74,,,,,,,replace==https://intermountainhealthcare.org/,,replace==imail.org,,,,,,,,,,,,
,https://ror.org/04n16t016,,,,,,,,,replace==ihcams.ac.cn,,,,,,,,,,,,
,https://ror.org/04n3n6d60,,,,,,,,,replace==skuast.org,,,,,,,,,,,,
,https://ror.org/04n4dcv16,,,,,,,,,replace==arums.ac.ir,,,,,,,,,,,,
,https://ror.org/04nd58p63,,,,,,,,,replace==tlvmc.gov.il,,,,,,,,,,,,
,https://ror.org/04ngpga37,,,,,,,replace==https://www.park.edu/,,replace==park.edu,,,,,,,,,,,,
,https://ror.org/04nk1k821,,,,,,,replace==https://www.tsust.edu.tw/,,replace==tsust.edu.tw,,,,,,,,,,,,
,https://ror.org/04nkhwh30,,,,,,,,,replace==hull.ac.uk,,,,,,,,,,,,
,https://ror.org/04nps9965,,,,,,,,,replace==ieecas.cn,,,,,,,,,,,,
,https://ror.org/04nqv0v23,,,,,,,,,replace==lynn.edu,,,,,,,,,,,,
,https://ror.org/04ntynb59,,,,,,,,,replace==esut.edu.ng,,,,,,,,,,,,
,https://ror.org/04nvtmr42,,,,,,,replace==https://www.interface.com/,,replace==interface.com,,,,,,,,,,,,
,https://ror.org/04nyv3z04,,,,,,,replace==https://hust.edu.vn,,replace==hust.edu.vn,,,,,,,,,,,,
,https://ror.org/04nz98c29,,,,,,,,,replace==univ-oran2.dz,,,,,,,,,,,,
,https://ror.org/04p2sbk06,,,,,,,replace==https://puchd.ac.in/,,replace==pu.ac.in,,,,,,,,,,,,
,https://ror.org/04p3y0q03,,,,,,,replace==https://www.bankofengland.co.uk/,,replace==bankofengland.co.uk,,,,,,,,,,,,
,https://ror.org/04p405e02,,,,,,,replace==https://www.loc.gov/,,replace==loc.gov,,,,,,,,,,,,
,https://ror.org/04p4e8t29,,,,,,,,,replace==rois.ac.jp,,,,,,,,,,,,
,https://ror.org/04p4ws960,,,,,,,,,replace==adbi.org,,,,,,,,,,,,
,https://ror.org/04p5zd128,,,,,,,,,replace==hmhn.org,,,,,,,,,,,,
,https://ror.org/04p6eac84,,,,,,,replace==https://mu.ac.ke/,,replace==mu.ac.ke,,,,,,,,,,,,
,https://ror.org/04p7ekn23,,,,,,,replace==https://www.w-hs.de/,,replace==w-hs.de,,,,,,,,,,,,
,https://ror.org/04pbtsc74,,,,,,,replace==https://www.rea.ru/,,replace==rea.ru,,,,,,,,,,,,
,https://ror.org/04pkc8m17,,,,,,,replace==https://www.nokia.com/fi_fi/,,replace==nokia.com,,,,,,,,,,,,
,https://ror.org/04pn6vp43,,,,,,,replace==https://www.chu-st-etienne.fr/,,replace==chu-st-etienne.fr,,,,,,,,,,,,
,https://ror.org/04pnqcx66,,,,,,,,,replace==unipe.edu.br,,,,,,,,,,,,
,https://ror.org/04pqmjc38,,,,,,,,,replace==upiyptk.ac.id,,,,,,,,,,,,
,https://ror.org/04pqpvr75,,,,,,,replace==https://udelosandes.edu.bo/,,replace==udelosandes.edu.bo,,,,,,,,,,,,
,https://ror.org/04ptbrd12,,,,,,,replace==https://www.gums.ac.ir/,,replace==gums.ac.ir,,,,,,,,,,,,
,https://ror.org/04pwyer06,,,,,,,replace==https://pasteur.tn/,,replace==pasteur.tn,,,,,,,,,,,,
,https://ror.org/04py2rh25,,,,,,,,,replace==mgb.org,,,,,,,,,,,,
,https://ror.org/04pzgb662,,,,,,,replace==https://www.shn.ca/,,replace==shn.ca,,,,,,,,,,,,
,https://ror.org/04q0r6m34,,,,,,,replace==https://uacm.edu.mx/,,replace==uacm.edu.mx,,,,,,,,,,,,
,https://ror.org/04q12yn84,,,,,,,,,replace==oslomet.no,,,,,,,,,,,,
,https://ror.org/04q3mp532,,,,,,,replace==https://www.imath.kiev.ua/,,replace==imath.kiev.ua,,,,,,,,,,,,
,https://ror.org/04q6a0352,,,,,,,replace==https://www.volgmed.ru/,,replace==volgmed.ru,,,,,,,,,,,,
,https://ror.org/04q6c7p66,,,,,,,,,replace==cugb.edu.cn,,,,,,,,,,,,
,https://ror.org/04q9esz89,,,,,,,,,replace==latech.edu,,,,,,,,,,,,
,https://ror.org/04q9qf557,,,,,,,replace==https://www.neomed.edu/,,replace==neomed.edu,,,,,,,,,,,,
,https://ror.org/04qa18r22,,,,,,,,,replace==untidar.ac.id,,,,,,,,,,,,
,https://ror.org/04qcjsm24,,,,,,,replace==https://nio.gov.pl/,,replace==nio.gov.pl,,,,,,,,,,,,
,https://ror.org/04qg81z57,,,,,,,replace==http://www.hbaas.ac.cn/,,replace==hbaas.com,,,,,,,,,,,,
,https://ror.org/04qjh2h11,,,,,,,,,replace==xjau.edu.cn,,,,,,,,,,,,
,https://ror.org/04qjkhc08,,,,,,,replace==https://must.edu.pk/,,replace==must.edu.pk,,,,,,,,,,,,
,https://ror.org/04qjmsq15,,,,,,,replace==https://www.escs.edu.br/,,replace==escs.edu.br,,,,,,,,,,,,
,https://ror.org/04qk6pt94,,,,,,,replace==https://www.wright.edu/,,replace==wright.edu,,,,,,,,,,,,
,https://ror.org/04qkq2m54,,,,,,,replace==https://www.yuntech.edu.tw/,,replace==yuntech.edu.tw,,,,,,,,,,,,
,https://ror.org/04qmmjx98,,,,,,,replace==https://www.uni-osnabrueck.de/,,replace==uni-osnabrueck.de,,,,,,,,,,,,
,https://ror.org/04qpegs24,,,,,,,replace==https://www.rff.org/,,replace==rff.org,,,,,,,,,,,,
,https://ror.org/04qpssw85,,,,,,,,,replace==eprib.ru,,,,,,,,,,,,
,https://ror.org/04qrtgy16,,,,,,,,,replace==mirea.ru,,,,,,,,,,,,
,https://ror.org/04qs2sz84,,,,,,,,,replace==zxhospital.com,,,,,,,,,,,,
,https://ror.org/04qszbx34,,,,,,,replace==https://www.u-sacred-heart.ac.jp/,,replace==u-sacred-heart.ac.jp,,,,,,,,,,,,
,https://ror.org/04qtcz169,,,,,,,,,replace==unifa.edu.uy,,,,,,,,,,,,
,https://ror.org/04qva2324,,,,,,,,,replace==hcmut.edu.vn,,,,,,,,,,,,
,https://ror.org/04qxpma28,,,,,,,replace==https://www.uniara.com.br/,,replace==uniara.com.br,,,,,,,,,,,,
,https://ror.org/04qzrw529,,,,,,,replace==https://portal.novsu.ru/,,replace==novsu.ru,,,,,,,,,,,,
,https://ror.org/04r0gp612,,,,,,,,,replace==nspc.com,,,,,,,,,,,,
,https://ror.org/04r15fz20,,,,,,,replace==https://hu.edu.et/,,replace==hu.edu.et,,,,,,,,,,,,
,https://ror.org/04r1cxt79,,,,,,,replace==https://www.kemri.go.ke/,,replace==kemri.go.ke,,,,,,,,,,,,
,https://ror.org/04r1s2546,,,,,,,,,replace==arc.agric.za,,,,,,,,,,,,
,https://ror.org/04r1zkp10,,,,,,,replace==https://www.jxstnu.edu.cn/,,replace==jxstnu.edu.cn,,,,,,,,,,,,
,https://ror.org/04r30sv87,,,,,,,,,replace==uniska-bjm.ac.id,,,,,,,,,,,,
,https://ror.org/04r53se39,,,,,,,,,replace==iie.ac.cn,,,,,,,,,,,,
,https://ror.org/04r5br045,,,,,,,replace==https://glassbridge.com/,,replace==glassbridge.com,,,,,,,,,,,,
,https://ror.org/04r79j859,,,,,,,,,replace==fueib.org,,,,,,,,,,,,
,https://ror.org/04r7rxc53,,,,,,,,,replace==cefas.co.uk,,,,,,,,,,,,
,https://ror.org/04r8a1r80,,,,,,,,,replace==khmnu.edu.ua,,,,,,,,,,,,
,https://ror.org/04r8gaf17,,,,,,,replace==https://uvv.br/,,replace==uvv.br,,,,,,,,,,,,
,https://ror.org/04r8tsy16,,,,,,,replace==https://www.kahaku.go.jp/,,replace==kahaku.go.jp,,,,,,,,,,,,
,https://ror.org/04rcqnp59,,,,,,,replace==https://www.heidelberg.edu/,,replace==heidelberg.edu,,,,,,,,,,,,
,https://ror.org/04rcz6b42,,,,,,,replace==https://scientiarum.fi/,,replace==scientiarum.fi,,,,,,,,,,,,
,https://ror.org/04rn3ph18,,,,,,,replace==https://www.kodak.com/,,replace==kodak.com,,,,,,,,,,,,
,https://ror.org/04rnwed46,,,,,,,replace==https://www.eesigroup.com/,,replace==eesigroup.com,,,,,,,,,,,,
,https://ror.org/04rr42t68,,,,,,,replace==https://www.jeroenboschziekenhuis.nl/,,replace==jbz.nl,,,,,,,,,,,,
,https://ror.org/04rssyw40,,,,,,,replace==https://usamv.ro,,replace==usamv.ro,,,,,,,,,,,,
,https://ror.org/04rtaxr13,,,,,,,,,replace==joint-docs.com,,,,,,,,,,,,
,https://ror.org/04rveb346,,,,,,,replace==http://www.cssc.net.cn/,,replace==cssc.net.cn,,,,,,,,,,,,
,https://ror.org/04rvw0k47,,,,,,,replace==https://www.u-shizuoka-ken.ac.jp/,,replace==u-shizuoka-ken.ac.jp,,,,,,,,,,,,
,https://ror.org/04rxd8128,,,,,,,,,replace==childrenscancercenter.org,,,,,,,,,,,,
,https://ror.org/04ry60e05,,,,,,,replace==https://www.ssfjd.cn/,,replace==ssfjd.cn,,,,,,,,,,,,
,https://ror.org/04ryvdf08,,,,,,,,,replace==cosmos.ru,,,,,,,,,,,,
,https://ror.org/04s03g948,,,,,,,,,replace==unitomo.ac.id,,,,,,,,,,,,
,https://ror.org/04s0yt949,,,,,,,replace==https://www.turkuamk.fi/,,replace==turkuamk.fi,,,,,,,,,,,,
,https://ror.org/04s11gh14,,,,,,,,,replace==unmuhpnk.ac.id,,,,,,,,,,,,
,https://ror.org/04s222234,,,,,,,,,replace==suniv.ac.in,,,,,,,,,,,,
,https://ror.org/04s36qm86,,,,,,,replace==https://www.csu.ru/,,replace==csu.ru,,,,,,,,,,,,
,https://ror.org/04s5n7912,,,,,,,replace==https://srl.com/,,replace==srl.com,,,,,,,,,,,,
,https://ror.org/04s5p1a35,,,,,,,replace==https://www.gov.br/icmbio/pt-br,,replace==icmbio.gov.br,,,,,,,,,,,,
,https://ror.org/04s629c33,,,,,,,,,replace==nihs.go.jp,,,,,,,,,,,,
,https://ror.org/04s6jxt38,,,,,,,,,replace==sau.edu.pk,,,,,,,,,,,,
,https://ror.org/04s9hft57,,,,,,,,,replace==qau.edu.pk,,,,,,,,,,,,
,https://ror.org/04sbsx707,,,,,,,,,replace==dmu.edu.et,,,,,,,,,,,,
,https://ror.org/04scfb908,,,,,,,,,replace==alfred.org.au,,,,,,,,,,,,
,https://ror.org/04sexa105,,,,,,,replace==https://qums.ac.ir/,,replace==qums.ac.ir,,,,,,,,,,,,
,https://ror.org/04sfka033,,,,,,,,,replace==mums.ac.ir,,,,,,,,,,,,
,https://ror.org/04sg4ka71,,,,,,,replace==https://www.fnkv.cz/,,replace==fnkv.cz,,,,,,,,,,,,
,https://ror.org/04sk34n56,,,,,,,replace==https://totalenergies.com/,,replace==totalenergies.com,,,,,,,,,,,,
,https://ror.org/04skmn292,,,,,,,,,replace==bch.com.cn,,,,,,,,,,,,
,https://ror.org/04sm5zn07,,,,,,,replace==https://www.boeing.com/,,replace==boeing.com,,,,,,,,,,,,
,https://ror.org/04spxqa35,,,,,,,,,replace==dantepazzanese.org.br,,,,,,,,,,,,
,https://ror.org/04sq8k219,,,,,,,replace==https://uoflhealth.org/locations/uofl-hospital/,,replace==uoflhealth.org,,,,,,,,,,,,
,https://ror.org/04sqpjb51,,,,,,,replace==https://www.usbbog.edu.co/,,replace==usbbog.edu.co,,,,,,,,,,,,
,https://ror.org/04sr5ys16,,,,,,,,,replace==dukekunshan.edu.cn,,,,,,,,,,,,
,https://ror.org/04stdpt78,,,,,,,replace==https://www.endo.cz/,,replace==endo.cz,,,,,,,,,,,,
,https://ror.org/04svdmv30,,,,,,,,,replace==unife.org,,,,,,,,,,,,
,https://ror.org/04t0gwh46,,,,,,,replace==https://institut-curie.org/,,replace==curie.fr,,,,,,,,,,,,
,https://ror.org/04t1cdb72,,,,,,,,,replace==igsnrr.ac.cn,,,,,,,,,,,,
,https://ror.org/04t4pcw17,,,,,,,replace==https://www.aob.rs/,,replace==aob.rs,,,,,,,,,,,,
,https://ror.org/04t5xt781,,,,,,,replace==https://www.northeastern.edu/,,replace==northeastern.edu,,,,,,,,,,,,
,https://ror.org/04t730v47,,,,,,,replace==https://www.utn.edu.ar/,,replace==utn.edu.ar,,,,,,,,,,,,
,https://ror.org/04t8qjg16,,,,,,,,,replace==cdri.res.in,,,,,,,,,,,,
,https://ror.org/04tah3159,,,,,,,,,replace==nisantasi.edu.tr,,,,,,,,,,,,
,https://ror.org/04tavf782,,,,,,,,,replace==csrc.ac.cn,,,,,,,,,,,,
,https://ror.org/04tavpn47,,,,,,,,,replace==smmu.edu.cn,,,,,,,,,,,,
,https://ror.org/04td15k45,,,,,,,,,replace==ucc.edu.co,,,,,,,,,,,,
,https://ror.org/04td3ys19,,,,,,,,,replace==quadram.ac.uk,,,,,,,,,,,,
,https://ror.org/04tec8z30,,,,,,,,,replace==unirio.br,,,,,,,,,,,,
,https://ror.org/04teye511,,,,,,,replace==https://www.uc.cl/,,replace==uc.cl,,,,,,,,,,,,
,https://ror.org/04tj88f69,,,,,,,,,replace==numspak.edu.pk,,,,,,,,,,,,
,https://ror.org/04tk2gy88,,,,,,,,,replace==ufhealth.org,,,,,,,,,,,,
,https://ror.org/04tnbqb63,,,,,,,replace==https://www.crick.ac.uk/,,replace==crick.ac.uk,,,,,,,,,,,,
,https://ror.org/04tqcn816,,,,,,,,,replace==hoku-iryo-u.ac.jp,,,,,,,,,,,,
,https://ror.org/04tqgg260,,,,,,,,,replace==fh-aachen.de,,,,,,,,,,,,
,https://ror.org/04ts4qa58,,,,,,,replace==https://www.changwon.ac.kr/,,replace==changwon.ac.kr,,,,,,,,,,,,
,https://ror.org/04tsc8g87,,,,,,,,,replace==nknu.edu.tw,,,,,,,,,,,,
,https://ror.org/04ttbbx73,,,,,,,replace==https://innovationteam.hk/,,replace==innovationteam.hk,,,,,,,,,,,,
,https://ror.org/04ttjf776,,,,,,,,,replace==rmit.edu.au,,,,,,,,,,,,
,https://ror.org/04twccc71,,,,,,,replace==https://www.nuu.edu.tw/,,replace==nuu.edu.tw,,,,,,,,,,,,
,https://ror.org/04txgxn49,,,,,,,replace==https://en.itmo.ru/,,replace==itmo.ru,,,,,,,,,,,,
,https://ror.org/04txyc737,,,,,,,replace==https://novonordiskfonden.dk/,,replace==novonordiskfonden.dk,,,,,,,,,,,,
,https://ror.org/04ty8dh37,,,,,,,replace==https://www.delsu.edu.ng/,,replace==delsu.edu.ng,,,,,,,,,,,,
,https://ror.org/04tzy5g14,,,,,,,replace==https://www.missouribotanicalgarden.org/,,replace==mobot.org,,,,,,,,,,,,
,https://ror.org/04v1bf639,,,,,,,replace==https://www.bnf.fr/,,replace==bnf.fr,,,,,,,,,,,,
,https://ror.org/04v3ywz14,,,,,,,replace==https://en.cau.edu.cn/,,replace==cau.edu.cn,,,,,,,,,,,,
,https://ror.org/04v7vb598,,,,,,,replace==https://www.aofoundation.org/,,replace==aofoundation.org,,,,,,,,,,,,
,https://ror.org/04v8qfb10,,,,,,,,,replace==pnj.ac.id,,,,,,,,,,,,
,https://ror.org/04v98kq37,,,,,,,,,replace==renault.com,,,,,,,,,,,,
,https://ror.org/04v9m3h35,,,,,,,replace==http://caastro.org/,,replace==caastro.org,,,,,,,,,,,,
,https://ror.org/04vcn6p23,,,,,,,,,replace==pgi.gov.pl,,,,,,,,,,,,
,https://ror.org/04vcs0j60,,,,,,,,,replace==iauahvaz.ac.ir,,,,,,,,,,,,
,https://ror.org/04vd28p53,,,,,,,,,replace==unikore.it,,,,,,,,,,,,
,https://ror.org/04vdmbk59,,,,,,,replace==https://www.uptc.edu.co/,,replace==uptc.edu.co,,,,,,,,,,,,
,https://ror.org/04vdpck27,,,,,,,replace==https://www.ucm.cl/,,replace==ucm.cl,,,,,,,,,,,,
,https://ror.org/04vhsg885,,,,,,,replace==https://aimc.edu.pk/,,replace==aimc.edu.pk,,,,,,,,,,,,
,https://ror.org/04vnq7t77,,,,,,,replace==https://www.uni-stuttgart.de/,,replace==uni-stuttgart.de,,,,,,,,,,,,
,https://ror.org/04vtx5s55,,,,,,,,,replace==unima.ac.mw,,,,,,,,,,,,
,https://ror.org/04vxr4k74,,,,,,,replace==https://www.syu.ac.kr/,,replace==syu.ac.kr,,,,,,,,,,,,
,https://ror.org/04vy95b61,,,,,,,,,replace==nstda.or.th,,,,,,,,,,,,
,https://ror.org/04vympt94,,,,,,,,,replace==aiou.edu.pk,,,,,,,,,,,,
,https://ror.org/04w00xm72,,,,,,,,,replace==scdc.sh.cn,,,,,,,,,,,,
,https://ror.org/04w3ve464,,,,,,,replace==https://www.katsura.com/,,replace==katsura.com,,,,,,,,,,,,
,https://ror.org/04w5etv87,,,,,,,,,replace==cib.ac.cn,,,,,,,,,,,,
,https://ror.org/04w7skc03,,,,,,,replace==https://www.du.edu/,,replace==du.edu,,,,,,,,,,,,
,https://ror.org/04w8xa018,,,,,,,,,replace==cadence.com,,,,,,,,,,,,
,https://ror.org/04w8z7f34,,,,,,,,,replace==mephi.ru,,,,,,,,,,,,
,https://ror.org/04wadq306,,,,,,,replace==https://inoc.it/,,replace==inoc.it,,,,,,,,,,,,
,https://ror.org/04waf7p94,,,,,,,replace==https://nencki.edu.pl/,,replace==nencki.edu.pl,,,,,,,,,,,,
,https://ror.org/04waphv22,,,,,,,replace==https://www.tanuvas.ac.in/,,replace==tanuvas.org.in,,,,,,,,,,,,
,https://ror.org/04waqzz56,,,,,,,,,replace==mui.ac.ir,,,,,,,,,,,,
,https://ror.org/04wbhy398,,,,,,,replace==https://wszzkielce.pl/,,replace==wszzkielce.pl,,,,,,,,,,,,
,https://ror.org/04wd10e19,,,,,,,,,replace==gknu.ac.kr,,,,,,,,,,,,
,https://ror.org/04we7d902,,,,,,,replace==https://www.norwich.edu/,,replace==norwich.edu,,,,,,,,,,,,
,https://ror.org/04wegbp55,,,,,,,,,replace==tstu.ru,,,,,,,,,,,,
,https://ror.org/04wf8g409,,,,,,,replace==https://lengu.ru/,,replace==lengu.ru,,,,,,,,,,,,
,https://ror.org/04wffgt70,,,,,,,,,replace==unicamp.br,,,,,,,,,,,,
,https://ror.org/04wfr2810,,,,,,,replace==https://www.embo.org/,,replace==embo.org,,,,,,,,,,,,
,https://ror.org/04wg18j80,,,,,,,replace==https://www.klinikum-saarbruecken.de/,,replace==klinikum-saarbruecken.de,,,,,,,,,,,,
,https://ror.org/04wgyjv21,,,,,,,replace==https://lqdtu.edu.vn/,,replace==lqdtu.edu.vn,,,,,,,,,,,,
,https://ror.org/04wjghj95,,,,,,,,,replace==cmu1h.com,,,,,,,,,,,,
,https://ror.org/04wm52x94,,,,,,,,,replace==inta.gob.ar,,,,,,,,,,,,
,https://ror.org/04wn28048,,,,,,,replace==https://utulsa.edu/,,replace==utulsa.edu,,,,,,,,,,,,
,https://ror.org/04wqh5h97,,,,,,,,,replace==ims.ac.jp,,,,,,,,,,,,
,https://ror.org/04wsgqy55,,,,,,,replace==https://www.nvlu.ac.jp/,,replace==nvlu.ac.jp,,,,,,,,,,,,
,https://ror.org/04ww21r56,,,,,,,,,replace==niigata-u.ac.jp,,,,,,,,,,,,
,https://ror.org/04wwsbd59,,,,,,,replace==https://itri.com/,,replace==itri.com,,,,,,,,,,,,
,https://ror.org/04x187e69,,,,,,,replace==https://www.gog.org/,,replace==gog.org,,,,,,,,,,,,
,https://ror.org/04x2nj883,,,,,,,,,replace==institutocoracao.com,,,,,,,,,,,,
,https://ror.org/04x7ccp17,,,,,,,replace==https://www.bbau.ac.in/,,replace==bbau.ac.in,,,,,,,,,,,,
,https://ror.org/04x85at27,,,,,,,replace==https://www.pacificenvironment.org/,,replace==pacificenvironment.org,,,,,,,,,,,,
,https://ror.org/04xdyc983,,,,,,,,,replace==intibs.pl,,,,,,,,,,,,
,https://ror.org/04xeap310,,,,,,,,,replace==uinsatu.ac.id,,,,,,,,,,,,
,https://ror.org/04xf6nm78,,,,,,,replace==https://www.uca.ma/,,replace==uca.ac.ma,,,,,,,,,,,,
,https://ror.org/04xfq0f34,,,,,,,replace==https://www.rwth-aachen.de/,,replace==rwth-aachen.de,,,,,,,,,,,,
,https://ror.org/04xftk194,,,,,,,replace==https://www.dlsu.edu.ph/,,replace==dlsu.edu.ph,,,,,,,,,,,,
,https://ror.org/04xhy8q59,,,,,,,replace==https://www.univ-poitiers.fr/,,replace==univ-poitiers.fr,,,,,,,,,,,,
,https://ror.org/04xk4hz96,,,,,,,,,replace==iec.gov.br,,,,,,,,,,,,
,https://ror.org/04xnm9a92,,,,,,,,,replace==ranepa.ru,,,,,,,,,,,,
,https://ror.org/04xnzxv25,,,,,,,replace==https://kth.edu.pk/,,replace==kth.edu.pk,,,,,,,,,,,,
,https://ror.org/04xp48827,,,,,,,replace==https://euc.ac.cy/,,replace==euc.ac.cy,,,,,,,,,,,,
,https://ror.org/04xpcky34,,,,,,,replace==https://www.fischer.de/,,replace==fischer.de,,,,,,,,,,,,
,https://ror.org/04xreqs31,,,,,,,,,replace==ipm.ir,,,,,,,,,,,,
,https://ror.org/04xs57h96,,,,,,,replace==https://www.liverpool.ac.uk/,,replace==liverpool.ac.uk,,,,,,,,,,,,
,https://ror.org/04xv01a59,,,,,,,replace==https://www.pirbright.ac.uk/,,replace==pirbright.ac.uk,,,,,,,,,,,,
,https://ror.org/04ybnj478,,,,,,,,,replace==aosr.ro,,,,,,,,,,,,
,https://ror.org/04ycpbx82,,,,,,,replace==https://www.westminster.ac.uk/,,replace==westminster.ac.uk,,,,,,,,,,,,
,https://ror.org/04yf4aj88,,,,,,,,,replace==undana.ac.id,,,,,,,,,,,,
,https://ror.org/04ygk5j35,,,,,,,,,replace==uefs.br,,,,,,,,,,,,
,https://ror.org/04ymgwq66,,,,,,,,,replace==cczu.edu.cn,,,,,,,,,,,,
,https://ror.org/04ymz0q33,,,,,,,,,replace==huse.edu.cn,,,,,,,,,,,,
,https://ror.org/04yrqp957,,,,,,,replace==https://www.univ-angers.fr/,,replace==univ-angers.fr,,,,,,,,,,,,
,https://ror.org/04ysmca02,,,,,,,,,replace==irvine.edu,,,,,,,,,,,,
,https://ror.org/04ysp6769,,,,,,,replace==https://pup.ac.in/,,replace==patnauniversity.ac.in,,,,,,,,,,,,
,https://ror.org/04yt1rh21,,,,,,,,,replace==brownhealth.org,,,,,,,,,,,,
,https://ror.org/04yw73836,,,,,,,,,replace==nit.edu.in,,,,,,,,,,,,
,https://ror.org/04ywg3445,,,,,,,,,replace==neb.com,,,,,,,,,,,,
,https://ror.org/04yxwc698,,,,,,,replace==https://www.crf.org/,,replace==crf.org,,,,,,,,,,,,
,https://ror.org/04yy7zb66,,,,,,,replace==https://www.centreformentalhealth.org.uk/,,replace==centreformentalhealth.org.uk,,,,,,,,,,,,
,https://ror.org/04yymzm67,,,,,,,replace==https://www.univ-chlef.dz/,,replace==univ-chlef.dz,,,,,,,,,,,,
,https://ror.org/04z1c5686,,,,,,,replace==https://www.ovintiv.com/,,replace==ovintiv.com,,,,,,,,,,,,
,https://ror.org/04z3aby64,,,,,,,,,replace==jyyy.com.cn,,,,,,,,,,,,
,https://ror.org/04z3afh10,,,,,,,replace==https://incan.salud.gob.mx/,,replace==incan.edu.mx,,,,,,,,,,,,
,https://ror.org/04z3gk160,,,,,,,,,replace==detroitrandd.com,,,,,,,,,,,,
,https://ror.org/04z4kmw33,,,,,,,,,replace==mh.org.au,,,,,,,,,,,,
,https://ror.org/04z4wmb81,,,,,,,,,replace==ncst.edu.cn,,,,,,,,,,,,
,https://ror.org/04z5qk104,,,,,,,,,replace==gjhosp.org,,,,,,,,,,,,
,https://ror.org/04z82ry91,,,,,,,replace==https://www.nectec.or.th/,,replace==nectec.or.th,,,,,,,,,,,,
,https://ror.org/04za49532,,,,,,,,,replace==tcb.org,,,,,,,,,,,,
,https://ror.org/04za5zm41,,,,,,,,,replace==ukdd.de,,,,,,,,,,,,
,https://ror.org/04zb31v77,,,,,,,replace==https://www.saitama-med.ac.jp/,,replace==saitama-med.ac.jp,,,,,,,,,,,,
,https://ror.org/04zb59n70,,,,,,,replace==https://www.ifw-dresden.de/,,replace==ifw-dresden.de,,,,,,,,,,,,
,https://ror.org/04zcbk583,,,,,,,,,replace==pmlabs.com.cn,,,,,,,,,,,,
,https://ror.org/04zfmcq84,,,,,,,replace==https://www.childrensmercy.org/,,replace==cmh.edu,,,,,,,,,,,,
,https://ror.org/04zjvnp94,,,,,,,replace==https://www.clalit.co.il,,replace==clalit.co.il,,,,,,,,,,,,
,https://ror.org/04zmssz18,,,,,,,replace==https://www.ens-lyon.fr/,,replace==ens-lyon.fr,,,,,,,,,,,,
,https://ror.org/04zn42r77,,,,,,,,,replace==uk.ac.ir,,,,,,,,,,,,
,https://ror.org/04zn6xq74,,,,,,,,,replace==hhtc.edu.cn,,,,,,,,,,,,
,https://ror.org/04zn72g03,,,,,,,replace==https://www.helse-stavanger.no/,,replace==sus.no,,,,,,,,,,,,
,https://ror.org/04zqtqt31,,,,,,,,,replace==caogroup.com,,,,,,,,,,,,
,https://ror.org/04zrbnc33,,,,,,,,,replace==mmu.edu.my,,,,,,,,,,,,
,https://ror.org/04zrf7b53,,,,,,,,,replace==uni-kl.de,,,,,,,,,,,,
,https://ror.org/04ztbty92,,,,,,,replace==https://iisip.ac.id/,,replace==iisip.ac.id,,,,,,,,,,,,
,https://ror.org/04zvqhj72,,,,,,,,,replace==wim.mil.pl,,,,,,,,,,,,
,https://ror.org/04zyja509,,,,,,,,,replace==unifran.edu.br,,,,,,,,,,,,
,https://ror.org/04zzths72,,,,,,,replace==https://www.ansan.ac.kr/,,replace==ansan.ac.kr,,,,,,,,,,,,
,https://ror.org/05007jy86,,,,,,,,,replace==itats.ac.id,,,,,,,,,,,,
,https://ror.org/0500kmp11,,,,,,,replace==https://salk.at/,,replace==salk.at,,,,,,,,,,,,
,https://ror.org/0500xzf72,,,,,,,replace==https://www.sungshin.ac.kr/,,replace==sungshin.ac.kr,,,,,,,,,,,,
,https://ror.org/050113w36,,,,,,,replace==https://www.srmist.edu.in/,,replace==srmist.edu.in,,,,,,,,,,,,
,https://ror.org/0501kzx55,,,,,,,,,replace==geofunders.org,,,,,,,,,,,,
,https://ror.org/05031qk94,,,,,,,replace==https://www.tmu.edu.tw,,replace==tmu.edu.tw,,,,,,,,,,,,
,https://ror.org/0503ejf32,,,,,,,,,replace==uma.tn,,,,,,,,,,,,
,https://ror.org/050589e39,,,,,,,,,replace==embl-hamburg.de,,,,,,,,,,,,
,https://ror.org/0505p9044,,,,,,,replace==https://sessuologiaclinicaroma.it/,,replace==sessuologiaclinicaroma.it,,,,,,,,,,,,
,https://ror.org/0506tgm76,,,,,,,,,replace==skums.ac.ir,,,,,,,,,,,,
,https://ror.org/0506y2b23,,,,,,,,,replace==istitutotumori.na.it,,,,,,,,,,,,
,https://ror.org/05078rg59,,,,,,,,,replace==imsc.res.in,,,,,,,,,,,,
,https://ror.org/050850526,,,,,,,replace==https://mouau.edu.ng/,,replace==mouau.edu.ng,,,,,,,,,,,,
,https://ror.org/0509e3289,,,,,,,,,replace==inah.gob.mx,,,,,,,,,,,,
,https://ror.org/050c3pq49,,,,,,,,,replace==ihuican.org,,,,,,,,,,,,
,https://ror.org/050fhx250,,,,,,,replace==https://www.choa.org/,,replace==choa.org,,,,,,,,,,,,
,https://ror.org/050g87e49,,,,,,,replace==https://www.hnfvc.edu.cn/,,replace==hnfvc.edu.cn,,,,,,,,,,,,
,https://ror.org/050gn5214,,,,,,,,,replace==icm-institute.org,,,,,,,,,,,,
,https://ror.org/050hvq478,,,,,,,,,replace==budapestinstitute.eu,,,,,,,,,,,,
,https://ror.org/050jn9y42,,,,,,,,,replace==insa-lyon.fr,,,,,,,,,,,,
,https://ror.org/050nfgr37,,,,,,,replace==https://www.btch.edu.cn/,,replace==btch.edu.cn,,,,,,,,,,,,
,https://ror.org/050p6gz73,,,,,,,,,replace==iacs.res.in,,,,,,,,,,,,
,https://ror.org/050rg6t21,,,,,,,replace==https://www.gpi.ru/,,replace==gpi.ru,,,,,,,,,,,,
,https://ror.org/050rkhq40,,,,,,,replace==https://www.ju.edu/,,replace==ju.edu,,,,,,,,,,,,
,https://ror.org/050sv4x28,,,,,,,replace==https://www.buckinstitute.org/,,replace==buckinstitute.org,,,,,,,,,,,,
,https://ror.org/050vh8780,,,,,,,,,replace==knutd.edu.ua,,,,,,,,,,,,
,https://ror.org/050x9d346,,,,,,,replace==https://www.ageuk.org.uk/,,replace==ageuk.org.uk,,,,,,,,,,,,
,https://ror.org/050z9fj14,,,,,,,replace==https://www.hospitalsaopaulo.org.br/,,replace==huhsp.org.br,,,,,,,,,,,,
,https://ror.org/0514c4d93,,,,,,,replace==https://www.kdu.ac.jp/,,replace==kdu.ac.jp,,,,,,,,,,,,
,https://ror.org/0515m2n86,,,,,,,replace==https://www.mpil.de/,,replace==mpil.de,,,,,,,,,,,,
,https://ror.org/05167c961,,,,,,,replace==https://www.westernu.edu/,,replace==westernu.edu,,,,,,,,,,,,
,https://ror.org/0517h6h17,,,,,,,,,replace==chairs-chaires.gc.ca,,,,,,,,,,,,
,https://ror.org/05191c058,,,,,,,replace==https://japansociety.org/,,replace==japansociety.org,,,,,,,,,,,,
,https://ror.org/051dzs374,,,,,,,,,replace==agr.gc.ca,,,,,,,,,,,,
,https://ror.org/051f75a52,,,,,,,replace==https://www.loyno.edu/,,replace==loyno.edu,,,,,,,,,,,,
,https://ror.org/051hvcm98,,,,,,,replace==http://www.jsnu.edu.cn/,,replace==jsnu.edu.cn,,,,,,,,,,,,
,https://ror.org/051j50p12,,,,,,,,,replace==tkc.edu,,,,,,,,,,,,
,https://ror.org/051k00p03,,,,,,,,,replace==tynu.edu.cn,,,,,,,,,,,,
,https://ror.org/051k3eh31,,,,,,,replace==https://www.tmd.ac.jp/,,replace==tmd.ac.jp,,,,,,,,,,,,
,https://ror.org/051mda743,,,,,,,replace==https://www.garrahan.gov.ar/,,replace==garrahan.gov.ar,,,,,,,,,,,,
,https://ror.org/051qn8h41,,,,,,,replace==https://iliauni.edu.ge/,,replace==iliauni.edu.ge,,,,,,,,,,,,
,https://ror.org/051qqcg15,,,,,,,replace==https://www.eng.rmutt.ac.th/,,replace==rmutt.ac.th,,,,,,,,,,,,
,https://ror.org/051qwcj72,,,,,,,,,replace==qau.edu.cn,,,,,,,,,,,,
,https://ror.org/051rngw70,,,,,,,replace==https://www.sku.ac.ir/,,replace==sku.ac.ir,,,,,,,,,,,,
,https://ror.org/051sa4h84,,,,,,,,,replace==univ-maroua.cm,,,,,,,,,,,,
,https://ror.org/051v7w268,,,,,,,replace==https://www.istitutopasteuritalia.it/,,replace==istitutopasteuritalia.it,,,,,,,,,,,,
,https://ror.org/051vg8924,,,,,,,replace==https://bostonchildrensmuseum.org/,,replace==bostonchildrensmuseum.org,,,,,,,,,,,,
,https://ror.org/05202v862,,,,,,,,,replace==taru.edu.cn,,,,,,,,,,,,
,https://ror.org/052073c89,,,,,,,replace==https://www.vitoria.es.gov.br/,,replace==vitoria.es.gov.br,,,,,,,,,,,,
,https://ror.org/0522dg826,,,,,,,replace==https://www.sxtcm.edu.cn/,,replace==sxtcm.edu.cn,,,,,,,,,,,,
,https://ror.org/0523b6g79,,,,,,,,,replace==dlou.edu.cn,,,,,,,,,,,,
,https://ror.org/0523vvf33,,,,,,,replace==http://www.casic.com.cn/,,replace==casic.com.cn,,,,,,,,,,,,
,https://ror.org/0524sp257,,,,,,,replace==https://www.bristol.ac.uk/,,replace==bristol.ac.uk,,,,,,,,,,,,
,https://ror.org/05257z229,,,,,,,replace==https://www.hgfound.org/,,replace==hgfound.org,,,,,,,,,,,,
,https://ror.org/05269d038,,,,,,,,,replace==cnpc.com.cn,,,,,,,,,,,,
,https://ror.org/05278be16,,,,,,,replace==https://hn.sld.pa/,,replace==hn.sld.pa,,,,,,,,,,,,
,https://ror.org/0527mfk98,,,,,,,replace==https://cimap.res.in/,,replace==cimap.res.in,,,,,,,,,,,,
,https://ror.org/052ay8m85,,,,,,,replace==https://fmba.gov.ru/,,replace==fmba.gov.ru,,,,,,,,,,,,
,https://ror.org/052bx8q98,,,,,,,,,replace==nu.edu.kz,,,,,,,,,,,,
,https://ror.org/052cjbe24,,,,,,,,,replace==niof.sci.eg,,,,,,,,,,,,
,https://ror.org/052crx470,,,,,,,replace==https://unisla.ac.id/,,replace==unisla.ac.id,,,,,,,,,,,,
,https://ror.org/052d1a351,,,,,,,,,replace==mfn.berlin,,,,,,,,,,,,
,https://ror.org/052e6h087,,,,,,,replace==https://www.famerp.br/,,replace==famerp.br,,,,,,,,,,,,
,https://ror.org/052fdp564,,,,,,,,,replace==enel.com,,,,,,,,,,,,
,https://ror.org/052jx3443,,,,,,,,,replace==iner.gov.tw,,,,,,,,,,,,
,https://ror.org/052k56z27,,,,,,,replace==https://www.austincollege.edu/,,replace==austincollege.edu,,,,,,,,,,,,
,https://ror.org/052kdcb58,,,,,,,,,replace==kinr.kiev.ua,,,,,,,,,,,,
,https://ror.org/052nj8f19,,,,,,,,,replace==implad.ac.cn,,,,,,,,,,,,
,https://ror.org/052prhs50,,,,,,,replace==https://tu-sofia.bg/,,replace==tu-sofia.bg,,,,,,,,,,,,
,https://ror.org/052ss8w32,,,,,,,,,replace==ghs.gov.gh,,,,,,,,,,,,
,https://ror.org/052tfza37,,,,,,,replace==https://www.rti.org/,,replace==rti.org,,,,,,,,,,,,
,https://ror.org/052y05165,,,,,,,replace==https://www.cbu.ca/,,replace==cbu.ca,,,,,,,,,,,,
,https://ror.org/052z2q786,,,,,,,,,replace==unesc.net,,,,,,,,,,,,
,https://ror.org/052z7nw84,,,,,,,,,replace==ue.edu.pk,,,,,,,,,,,,
,https://ror.org/052zr0n46,,,,,,,replace==https://www.imi.hr/,,replace==imi.hr,,,,,,,,,,,,
,https://ror.org/0531xck41,,,,,,,replace==https://www.southeastern.edu/,,replace==southeastern.edu,,,,,,,,,,,,
,https://ror.org/0532wcf75,,,,,,,,,replace==eri.sci.eg,,,,,,,,,,,,
,https://ror.org/0535c1v66,,,,,,,replace==https://www.aus.ac.in/,,replace==aus.ac.in,,,,,,,,,,,,
,https://ror.org/0535cbe18,,,,,,,,,replace==kanazawa-med.ac.jp,,,,,,,,,,,,
,https://ror.org/0538gdx71,,,,,,,,,replace==jncasr.ac.in,,,,,,,,,,,,
,https://ror.org/053avzc18,,,,,,,,,replace==cas.cz,,,,,,,,,,,,
,https://ror.org/053d3tv41,,,,,,,replace==https://www.iuhw.ac.jp/,,replace==iuhw.ac.jp,,,,,,,,,,,,
,https://ror.org/053d7x641,,,,,,,replace==https://www.axhu.edu.cn,,replace==axhu.edu.cn,,,,,,,,,,,,
,https://ror.org/053evvt91,,,,,,,replace==https://www.ch-versailles.fr/,,replace==ch-versailles.fr,,,,,,,,,,,,
,https://ror.org/053fp5c05,,,,,,,replace==https://www.ewha.ac.kr/,,replace==ewha.ac.kr,,,,,,,,,,,,
,https://ror.org/053gxvt69,,,,,,,replace==https://saburai.ac.id/,,replace==saburai.ac.id,,,,,,,,,,,,
,https://ror.org/053h75930,,,,,,,replace==https://www.bunkyo.ac.jp/,,replace==bunkyo.ac.jp,,,,,,,,,,,,
,https://ror.org/053hsst90,,,,,,,replace==https://drmgrdu.ac.in/,,replace==drmgrdu.ac.in,,,,,,,,,,,,
,https://ror.org/053jnhe44,,,,,,,,,replace==meus.com,,,,,,,,,,,,
,https://ror.org/053kevk63,,,,,,,replace==https://www.ateneo.edu/,,replace==ateneo.edu,,,,,,,,,,,,
,https://ror.org/053kjm920,,,,,,,,,replace==unicatolicaquixada.edu.br,,,,,,,,,,,,
,https://ror.org/053ng1p06,,,,,,,replace==https://www.eastman.com/,,replace==eastman.com,,,,,,,,,,,,
,https://ror.org/053nrfb18,,,,,,,replace==https://www.ssc-ras.ru/,,replace==ssc-ras.ru,,,,,,,,,,,,
,https://ror.org/053nycv62,,,,,,,replace==https://www.koreatech.ac.kr/,,replace==koreatech.ac.kr,,,,,,,,,,,,
,https://ror.org/053pwmv60,,,,,,,,,replace==geokhi.ru,,,,,,,,,,,,
,https://ror.org/053rcsq61,,,,,,,replace==https://acsir.res.in/,,replace==acsir.res.in,,,,,,,,,,,,
,https://ror.org/053v2gh09,,,,,,,replace==https://www.xyeyy.com/,,replace==xyeyy.com,,,,,,,,,,,,
,https://ror.org/053v8b344,,,,,,,replace==https://www.epi.org/,,replace==epi.org,,,,,,,,,,,,
,https://ror.org/053xj0761,,,,,,,replace==https://www.gkv.ac.in/,,replace==gkv.ac.in,,,,,,,,,,,,
,https://ror.org/053xy8k29,,,,,,,replace==https://www.uft.edu.br/,,replace==uft.edu.br,,,,,,,,,,,,
,https://ror.org/05417j740,,,,,,,replace==https://www.ung.ac.id/,,replace==ung.ac.id,,,,,,,,,,,,
,https://ror.org/054225q67,,,,,,,replace==https://www.cancerresearchuk.org/,,replace==cancer.org.uk,,,,,,,,,,,,
,https://ror.org/0542q3127,,,,,,,,,replace==lpnu.ua,,,,,,,,,,,,
,https://ror.org/0543j5e78,,,,,,,,,replace==vsu.ru,,,,,,,,,,,,
,https://ror.org/054d77k59,,,,,,,replace==https://web.uaf.edu.pk/,,replace==uaf.edu.pk,,,,,,,,,,,,
,https://ror.org/054etzm63,,,,,,,,,replace==must.edu.tw,,,,,,,,,,,,
,https://ror.org/054gw3b40,,,,,,,,,replace==bsu.edu.az,,,,,,,,,,,,
,https://ror.org/054gzqw08,,,,,,,replace==https://www.ccsu.edu/,,replace==ccsu.edu,,,,,,,,,,,,
,https://ror.org/054psm803,,,,,,,,,replace==ssn.edu.in,,,,,,,,,,,,
,https://ror.org/054qv7y42,,,,,,,,,replace==bordeaux-inp.fr,,,,,,,,,,,,
,https://ror.org/054spjc55,,,,,,,replace==https://www.uccs.edu/,,replace==uccs.edu,,,,,,,,,,,,
,https://ror.org/054tfvs49,,,,,,,replace==https://www.uhas.edu.gh/,,replace==uhas.edu.gh,,,,,,,,,,,,
,https://ror.org/054xffa50,,,,,,,replace==https://igem.ru/,,replace==igem.ru,,,,,,,,,,,,
,https://ror.org/054xkpr46,,,,,,,replace==https://gazi.edu.tr/,,replace==gazi.edu.tr,,,,,,,,,,,,
,https://ror.org/054xx3904,,,,,,,replace==https://vhio.net/,,replace==vhio.net,,,,,,,,,,,,
,https://ror.org/054z67s11,,,,,,,replace==https://itc.edu.kh/,,replace==itc.edu.kh,,,,,,,,,,,,
,https://ror.org/054zftm42,,,,,,,replace==http://www.rhc.ac.ir/,,replace==rhi.ac.ir,,,,,,,,,,,,
,https://ror.org/05510vn56,,,,,,,replace==https://usm.cl/,,replace==usm.cl,,,,,,,,,,,,
,https://ror.org/0551a0y31,,,,,,,,,replace==bsbii.cn,,,,,,,,,,,,
,https://ror.org/0553w5c95,,,,,,,,,replace==ifmg.edu.br,,,,,,,,,,,,
,https://ror.org/0557kgc34,,,,,,,replace==https://www.ccfebras.ru/,,replace==ccfebras.ru,,,,,,,,,,,,
,https://ror.org/055d6gv91,,,,,,,,,replace==middlemore.co.nz,,,,,,,,,,,,
,https://ror.org/055eqsb67,,,,,,,replace==https://www.mdp.edu.ar/,,replace==mdp.edu.ar,,,,,,,,,,,,
,https://ror.org/055f7t516,,,,,,,replace==https://www.hse.ru/,,replace==hse.ru,,,,,,,,,,,,
,https://ror.org/055fe2s59,,,,,,,replace==http://www.hcei.tsc.ru/,,replace==hcei.ru,,,,,,,,,,,,
,https://ror.org/055m2tx54,,,,,,,replace==https://www.nehu.ac.in/,,replace==nehu.ac.in,,,,,,,,,,,,
,https://ror.org/055mfda29,,,,,,,replace==https://www.esr.org/,,replace==esr.org,,,,,,,,,,,,
,https://ror.org/055n47h92,,,,,,,,,replace==nins.ac.jp,,,,,,,,,,,,
,https://ror.org/055n68305,,,,,,,,,replace==inca.gov.br,,,,,,,,,,,,
,https://ror.org/055qjgz33,,,,,,,replace==https://www.stats.govt.nz/,,replace==stats.govt.nz,,,,,,,,,,,,
,https://ror.org/055rjs771,,,,,,,,,replace==imtech.res.in,,,,,,,,,,,,
,https://ror.org/055zmrh94,,,,,,,,,replace==jic.ac.uk,,,,,,,,,,,,
,https://ror.org/0561n6946,,,,,,,replace==https://academiaromana.ro/,,replace==acad.ro,,,,,,,,,,,,
,https://ror.org/056206b04,,,,,,,replace==https://hsrc.ac.za/,,replace==hsrc.ac.za,,,,,,,,,,,,
,https://ror.org/0562ytb14,,,,,,,replace==https://www.bsmu.edu.ua/,,replace==bsmu.edu.ua,,,,,,,,,,,,
,https://ror.org/0563w1497,,,,,,,,,replace==tnc.org,,,,,,,,,,,,
,https://ror.org/0564cd633,,,,,,,,,replace==lundbeck.com,,,,,,,,,,,,
,https://ror.org/056546b03,,,,,,,replace==https://www.gilead.com/,,replace==gilead.com,,,,,,,,,,,,
,https://ror.org/056701b75,,,,,,,replace==https://www.fujielectric.com/,,replace==fujielectric.com,,,,,,,,,,,,
,https://ror.org/0567t7073,,,,,,,,,replace==fccc.edu,,,,,,,,,,,,
,https://ror.org/0568kxy29,,,,,,,,,replace==unibrasil.com.br,,,,,,,,,,,,
,https://ror.org/0568y3j03,,,,,,,,,replace==futminna.edu.ng,,,,,,,,,,,,
,https://ror.org/056bdp761,,,,,,,,,replace==indonesia-orthopaedic.org,,,,,,,,,,,,
,https://ror.org/056bjta22,,,,,,,replace==https://undip.ac.id/,,replace==undip.ac.id,,,,,,,,,,,,
,https://ror.org/056bksm23,,,,,,,,,replace==osakac.ac.jp,,,,,,,,,,,,
,https://ror.org/056e22e24,,,,,,,,,replace==vaughn.edu,,,,,,,,,,,,
,https://ror.org/056ep7w45,,,,,,,replace==https://www.soa.ac.in/,,replace==soa.ac.in,,,,,,,,,,,,
,https://ror.org/056h71x09,,,,,,,replace==https://ibecbarcelona.eu/,,replace==ibecbarcelona.eu,,,,,,,,,,,,
,https://ror.org/056hcgc41,,,,,,,replace==https://mku.edu.tr/,,replace==mku.edu.tr,,,,,,,,,,,,
,https://ror.org/056mctw68,,,,,,,,,replace==univ-constantine2.dz,,,,,,,,,,,,
,https://ror.org/056mgfb42,,,,,,,replace==https://www.arakmu.ac.ir/,,replace==arakmu.ac.ir,,,,,,,,,,,,
,https://ror.org/056mrsz54,,,,,,,replace==https://ifz.ru/,,replace==ifz.ru,,,,,,,,,,,,
,https://ror.org/056nq5k92,,,,,,,replace==https://unipac.br/,,replace==unipac.br,,,,,,,,,,,,
,https://ror.org/056r5vk88,,,,,,,,,replace==pnzgu.ru,,,,,,,,,,,,
,https://ror.org/056s65p46,,,,,,,replace==https://www.ufop.br/,,replace==ufop.edu.br,,,,,,,,,,,,
,https://ror.org/056sbyc67,,,,,,,replace==https://www.bristolroboticslab.com/,,replace==brl.ac.uk,,,,,,,,,,,,
,https://ror.org/056szk247,,,,,,,,,replace==jsu.edu.cn,,,,,,,,,,,,
,https://ror.org/056tb3809,,,,,,,replace==https://www.ksa.ch/,,replace==ksa.ch,,,,,,,,,,,,
,https://ror.org/056tqzr82,,,,,,,replace==https://www.kokurakinen.or.jp/,,replace==kokurakinen.or.jp,,,,,,,,,,,,
,https://ror.org/056wf8856,,,,,,,replace==https://www.ksc.ru/,,replace==ksc.ru,,,,,,,,,,,,
,https://ror.org/056wyhh33,,,,,,,replace==https://www.nitp.ac.in/,,replace==nitp.ac.in,,,,,,,,,,,,
,https://ror.org/056xnk046,,,,,,,,,replace==vru.ac.ir,,,,,,,,,,,,
,https://ror.org/0572q5a45,,,,,,,,,replace==karger.com,,,,,,,,,,,,
,https://ror.org/0574der91,,,,,,,,,replace==gdei.edu.cn,,,,,,,,,,,,
,https://ror.org/05757k612,,,,,,,replace==https://www.sctimst.ac.in/,,replace==sctimst.ac.in,,,,,,,,,,,,
,https://ror.org/0575ycz84,,,,,,,replace==https://www.psu.ac.th/,,replace==psu.ac.th,,,,,,,,,,,,
,https://ror.org/0576zak10,,,,,,,,,replace==intelligenthealth.co.uk,,,,,,,,,,,,
,https://ror.org/0577sef82,,,,,,,,,replace==sevin.ru,,,,,,,,,,,,
,https://ror.org/05783y657,,,,,,,replace==https://www.ski.org/,,replace==ski.org,,,,,,,,,,,,
,https://ror.org/0578f1k82,,,,,,,,,replace==hist.edu.cn,,,,,,,,,,,,
,https://ror.org/057aq1y25,,,,,,,,,replace==inrca.it,,,,,,,,,,,,
,https://ror.org/057c5p638,,,,,,,,,replace==igdtuw.ac.in,,,,,,,,,,,,
,https://ror.org/057d2v504,,,,,,,replace==https://www.kust.edu.pk/,,replace==kust.edu.pk,,,,,,,,,,,,
,https://ror.org/057ecva72,,,,,,,replace==https://www.unne.edu.ar/,,replace==unne.edu.ar,,,,,,,,,,,,
,https://ror.org/057jnjd73,,,,,,,,,replace==imech.ac.cn,,,,,,,,,,,,
,https://ror.org/057jp7h82,,,,,,,replace==https://iitri.org/,,replace==iitri.org,,,,,,,,,,,,
,https://ror.org/057mvv518,,,,,,,replace==https://ufrb.edu.br/,,replace==ufrb.edu.br,,,,,,,,,,,,
,https://ror.org/057n4xq60,,,,,,,replace==https://www.ihna.ru/,,replace==ihna.ru,,,,,,,,,,,,
,https://ror.org/057q4rt57,,,,,,,replace==https://www.sickkids.ca/,,replace==sickkids.ca,,,,,,,,,,,,
,https://ror.org/057q6n778,,,,,,,replace==https://www.dongguk.edu/,,replace==dongguk.edu,,,,,,,,,,,,
,https://ror.org/057seh071,,,,,,,replace==https://fi.edu/,,replace==fi.edu,,,,,,,,,,,,
,https://ror.org/057tkkm33,,,,,,,,,replace==scrcnet.org,,,,,,,,,,,,
,https://ror.org/057vq6e26,,,,,,,,,replace==bjzhongyi.com,,,,,,,,,,,,
,https://ror.org/057xmsr27,,,,,,,replace==https://www.vcuhealth.org,,replace==vcuhealth.org,,,,,,,,,,,,
,https://ror.org/057xtrt18,,,,,,,replace==https://english.kurume-u.ac.jp/,,replace==kurume-u.ac.jp,,,,,,,,,,,,
,https://ror.org/057xyvv49,,,,,,,,,replace==unimma.ac.id,,,,,,,,,,,,
,https://ror.org/05836pk12,,,,,,,replace==https://aau.ac.in/,,replace==aau.ac.in,,,,,,,,,,,,
,https://ror.org/0583r7t67,,,,,,,replace==https://primacentral.org/,,replace==primacentral.org,,,,,,,,,,,,
,https://ror.org/058a2pj71,,,,,,,,,replace==ftgm.it,,,,,,,,,,,,
,https://ror.org/058ajkv68,,,,,,,replace==https://www.unido.org/,,replace==unido.org,,,,,,,,,,,,
,https://ror.org/058bgdt55,,,,,,,,,replace==cottoninc.com,,,,,,,,,,,,
,https://ror.org/058dc0w16,,,,,,,,,replace==bjcdc.org,,,,,,,,,,,,
,https://ror.org/058eg8775,,,,,,,,,replace==sricrm.com,,,,,,,,,,,,
,https://ror.org/058fx5466,,,,,,,replace==https://www.utrad.com/,,replace==utrad.com,,,,,,,,,,,,
,https://ror.org/058jafb94,,,,,,,,,replace==kubsau.ru,,,,,,,,,,,,
,https://ror.org/058kzsd48,,,,,,,replace==https://www.uni-paderborn.de/,,replace==uni-paderborn.de,,,,,,,,,,,,
,https://ror.org/058pagg05,,,,,,,,,replace==gbhi.org,,,,,,,,,,,,
,https://ror.org/058rn5r42,,,,,,,replace==https://hpi.de/,,replace==hpi.de,,,,,,,,,,,,
,https://ror.org/058rvd314,,,,,,,,,replace==ipht.fr,,,,,,,,,,,,
,https://ror.org/058s20p71,,,,,,,replace==http://phfi.org/,,replace==phfi.org,,,,,,,,,,,,
,https://ror.org/058td2q88,,,,,,,replace==https://www.hopital-foch.com/,,replace==hopital-foch.com,,,,,,,,,,,,
,https://ror.org/0590dnz19,,,,,,,,,replace==fuwai.com,,,,,,,,,,,,
,https://ror.org/0592ata02,,,,,,,replace==https://www.etis-lab.fr/,,replace==etis-lab.fr,,,,,,,,,,,,
,https://ror.org/0593kfr97,,,,,,,replace==http://www.urdu.uz/,,replace==urdu.uz,,,,,,,,,,,,
,https://ror.org/0593p4448,,,,,,,,,replace==irri.org,,,,,,,,,,,,
,https://ror.org/0595gz585,,,,,,,replace==https://uog.edu.et/,,replace==uog.edu.et,,,,,,,,,,,,
,https://ror.org/05961na22,,,,,,,,,replace==mhi-ras.ru,,,,,,,,,,,,
,https://ror.org/0598sqh06,,,,,,,replace==https://www.humanas.cl/,,replace==humanas.cl,,,,,,,,,,,,
,https://ror.org/05999pw96,,,,,,,replace==https://upstegal.ac.id/,,replace==upstegal.ac.id,,,,,,,,,,,,
,https://ror.org/059be4e97,,,,,,,,,replace==nxp.com,,,,,,,,,,,,
,https://ror.org/059bgad73,,,,,,,replace==https://www.meu.edu.jo/,,replace==meu.edu.jo,,,,,,,,,,,,
,https://ror.org/059c3mv67,,,,,,,,,replace==challiance.org,,,,,,,,,,,,
,https://ror.org/059cs8z68,,,,,,,replace==https://www.unpas.ac.id/,,replace==unpas.ac.id,,,,,,,,,,,,
,https://ror.org/059d6yn51,,,,,,,replace==https://www.toyo.ac.jp/,,replace==toyo.jp,,,,,,,,,,,,
,https://ror.org/059f0qa90,,,,,,,,,replace==jfcc.or.jp,,,,,,,,,,,,
,https://ror.org/059g69b28,,,,,,,replace==https://www.deu.ac.kr,,replace==deu.ac.kr,,,,,,,,,,,,
,https://ror.org/059jfth35,,,,,,,replace==https://www.klinikum-stuttgart.de/,,replace==klinikum-stuttgart.de,,,,,,,,,,,,
,https://ror.org/059mq0909,,,,,,,,,replace==siemens.com,,,,,,,,,,,,
,https://ror.org/059n1d175,,,,,,,replace==https://www.santpau.cat/,,replace==santpau.cat,,,,,,,,,,,,
,https://ror.org/059qg2m13,,,,,,,replace==https://www.jamstec.go.jp/,,replace==jamstec.go.jp,,,,,,,,,,,,
,https://ror.org/059rn9488,,,,,,,replace==https://www.hp.com/us-en/,,replace==hp.com,,,,,,,,,,,,
,https://ror.org/059ryjv25,,,,,,,replace==https://english.csmu.edu.tw/,,replace==csmu.edu.tw,,,,,,,,,,,,
,https://ror.org/059sp8j34,,,,,,,replace==https://www.ipn.mx/,,replace==ipn.mx,,,,,,,,,,,,
,https://ror.org/059tvcg64,,,,,,,,,replace==adobe.com,,,,,,,,,,,,
,https://ror.org/059vymd37,,,,,,,,,replace==hs-osnabrueck.de,,,,,,,,,,,,
,https://ror.org/059wbyv33,,,,,,,,,replace==incliva.es,,,,,,,,,,,,
,https://ror.org/059wkzj26,,,,,,,,,replace==maastro.nl,,,,,,,,,,,,
,https://ror.org/059wmd288,,,,,,,replace==https://www.unach.edu.ec/,,replace==unach.edu.ec,,,,,,,,,,,,
,https://ror.org/059x21724,,,,,,,replace==https://www.yamanashi.ac.jp/,,replace==yamanashi.ac.jp,,,,,,,,,,,,
,https://ror.org/059x8vm09,,,,,,,,,replace==gtu.ac.in,,,,,,,,,,,,
,https://ror.org/05a0ya142,,,,,,,,,replace==broadinstitute.org,,,,,,,,,,,,
,https://ror.org/05a25vm86,,,,,,,replace==https://www.stanfordchildrens.org/,,replace==stanfordchildrens.org,,,,,,,,,,,,
,https://ror.org/05a7rhx54,,,,,,,,,replace==ericsson.com,,,,,,,,,,,,
,https://ror.org/05a87zb20,,,,,,,,,replace==uslcentro.toscana.it,,,,,,,,,,,,
,https://ror.org/05a99n355,,,,,,,replace==https://www.vale.com/,,replace==vale.com,,,,,,,,,,,,
,https://ror.org/05abs3w97,,,,,,,replace==https://www.tamuk.edu/,,replace==tamuk.edu,,,,,,,,,,,,
,https://ror.org/05addee68,,,,,,,replace==https://www.gm.com/,,replace==gm.com,,,,,,,,,,,,
,https://ror.org/05adj5455,,,,,,,replace==https://www.pediatria.gob.mx/,,replace==pediatria.gob.mx,,,,,,,,,,,,
,https://ror.org/05am7x020,,,,,,,,,replace==rscm.co.id,,,,,,,,,,,,
,https://ror.org/05amnwk22,,,,,,,replace==https://www.hbeu.edu.cn/,,replace==hbeu.edu.cn,,,,,,,,,,,,
,https://ror.org/05amrd548,,,,,,,,,replace==univ-ouargla.dz,,,,,,,,,,,,
,https://ror.org/05ap66461,,,,,,,replace==https://www.us.edu/,,replace==us.edu,,,,,,,,,,,,
,https://ror.org/05arfhc56,,,,,,,replace==https://www.uniraj.ac.in/,,replace==uniraj.ac.in,,,,,,,,,,,,
,https://ror.org/05arjae42,,,,,,,,,replace==guet.edu.cn,,,,,,,,,,,,
,https://ror.org/05aspc753,,,,,,,replace==https://www.marionegri.it/,,replace==marionegri.it,,,,,,,,,,,,
,https://ror.org/05atemp08,,,,,,,replace==https://www.medstarhealth.org/,,replace==medstar.net,,,,,,,,,,,,
,https://ror.org/05av9mn02,,,,,,,replace==http://pml.ac.uk/,,replace==pml.ac.uk,,,,,,,,,,,,
,https://ror.org/05azenf09,,,,,,,replace==https://nypsi.org/,,replace==nypsi.org,,,,,,,,,,,,
,https://ror.org/05b0cyh02,,,,,,,,,replace==pnu.edu.sa,,,,,,,,,,,,
,https://ror.org/05b50ej63,,,,,,,,,replace==iibce.edu.uy,,,,,,,,,,,,
,https://ror.org/05b5c0584,,,,,,,replace==https://www.univ-lyon3.fr/,,replace==univ-lyon3.fr,,,,,,,,,,,,
,https://ror.org/05b69xa56,,,,,,,,,replace==mituniversity.edu.in,,,,,,,,,,,,
,https://ror.org/05b6ypc36,,,,,,,,,replace==volvo.com,,,,,,,,,,,,
,https://ror.org/05b7p8k90,,,,,,,,,replace==hirszfeld.pl,,,,,,,,,,,,
,https://ror.org/05b8d3v21,,,,,,,replace==https://www.antalyatupbebek.com.tr/,,replace==antalyaivf.com,,,,,,,,,,,,
,https://ror.org/05b8d3w18,,,,,,,replace==https://www.mpi-cbg.de/,,replace==mpi-cbg.de,,,,,,,,,,,,
,https://ror.org/05b9pgt88,,,,,,,,,replace==actrec.gov.in,,,,,,,,,,,,
,https://ror.org/05bc5bx80,,,,,,,,,replace==veltech.edu.in,,,,,,,,,,,,
,https://ror.org/05bd2wa15,,,,,,,replace==https://www.smhc.org.cn/,,replace==smhc.org.cn,,,,,,,,,,,,
,https://ror.org/05bgcav40,,,,,,,,,replace==nutc.edu.tw,,,,,,,,,,,,
,https://ror.org/05bhmhz54,,,,,,,,,replace==yangtzeu.edu.cn,,,,,,,,,,,,
,https://ror.org/05bhsww40,,,,,,,replace==https://www.scripps.org/,,replace==scrippshealth.org,,,,,,,,,,,,
,https://ror.org/05bj7sh33,,,,,,,replace==https://ust.edu/,,replace==ust.edu,,,,,,,,,,,,
,https://ror.org/05bjd0w70,,,,,,,,,replace==chc.edu,,,,,,,,,,,,
,https://ror.org/05bkc5375,,,,,,,replace==http://www.niist.res.in/,,replace==niist.res.in,,,,,,,,,,,,
,https://ror.org/05bpb0y22,,,,,,,,,replace==ecosur.mx,,,,,,,,,,,,
,https://ror.org/05bqach95,,,,,,,replace==https://www.ntu.edu.tw/,,replace==ntu.edu.tw,,,,,,,,,,,,
,https://ror.org/05bs6ak67,,,,,,,replace==https://www.galliera.it/,,replace==galliera.it,,,,,,,,,,,,
,https://ror.org/05btaka91,,,,,,,replace==https://www.uvlf.sk,,replace==uvlf.sk,,,,,,,,,,,,
,https://ror.org/05bvxq496,,,,,,,,,replace==ggu.ac.in,,,,,,,,,,,,
,https://ror.org/05bxbmy32,,,,,,,,,replace==cass.org.cn,,,,,,,,,,,,
,https://ror.org/05by5hm18,,,,,,,replace==https://www.cpp.edu/,,replace==cpp.edu,,,,,,,,,,,,
,https://ror.org/05c0ns027,,,,,,,,,replace==pstu.ru,,,,,,,,,,,,
,https://ror.org/05c1qsg97,,,,,,,replace==https://www.chu-nantes.fr/,,replace==chu-nantes.fr,,,,,,,,,,,,
,https://ror.org/05c1r5z64,,,,,,,,,replace==xttc.edu.cn,,,,,,,,,,,,
,https://ror.org/05c1tqh91,,,,,,,,,replace==markk-hamburg.de,,,,,,,,,,,,
,https://ror.org/05c2qg481,,,,,,,replace==https://paristech.fr/,,replace==paristech.fr,,,,,,,,,,,,
,https://ror.org/05c3cgy93,,,,,,,replace==https://kcri.org/,,replace==kcri.org,,,,,,,,,,,,
,https://ror.org/05c84j393,,,,,,,,,replace==uemg.br,,,,,,,,,,,,
,https://ror.org/05c8wa765,,,,,,,,,replace==jsce.or.jp,,,,,,,,,,,,
,https://ror.org/05cdfgm80,,,,,,,replace==https://www.synu.edu.cn,,replace==synu.edu.cn,,,,,,,,,,,,
,https://ror.org/05cf5b117,,,,,,,,,replace==ansys.com,,,,,,,,,,,,
,https://ror.org/05cgtjz78,,,,,,,replace==https://wcu.edu.az/,,replace==wu.edu.az,,,,,,,,,,,,
,https://ror.org/05ch0aw77,,,,,,,replace==https://www.tsu.edu/,,replace==tsu.edu,,,,,,,,,,,,
,https://ror.org/05cj29x94,,,,,,,replace==https://www.ifado.de/,,replace==ifado.de,,,,,,,,,,,,
,https://ror.org/05cjrnv40,,,,,,,,,replace==larioja.org,,,,,,,,,,,,
,https://ror.org/05cmp5q80,,,,,,,replace==https://www.stpierre-bru.be/,,replace==stpierre-bru.be,,,,,,,,,,,,
,https://ror.org/05crbcr45,,,,,,,replace==https://www.nodai.ac.jp/,,replace==nodai.ac.jp,,,,,,,,,,,,
,https://ror.org/05crr5s63,,,,,,,,,replace==segi.edu.my,,,,,,,,,,,,
,https://ror.org/05crs8s98,,,,,,,,,replace==periyaruniversity.ac.in,,,,,,,,,,,,
,https://ror.org/05ct4fn38,,,,,,,replace==https://www.bjast.ac.cn/,,replace==bjast.ac.cn,,,,,,,,,,,,
,https://ror.org/05ctmmy43,,,,,,,replace==https://www.unisinos.br/,,replace==unisinos.br,,,,,,,,,,,,
,https://ror.org/05cvf7v30,,,,,,,,,replace==iphy.ac.cn,,,,,,,,,,,,
,https://ror.org/05cyd8v32,,,,,,,replace==https://www.buruniv.ac.in/,,replace==buruniv.ac.in,,,,,,,,,,,,
,https://ror.org/05d2yfz11,,,,,,,replace==https://www.nudt.edu.cn/,,replace==nudt.edu.cn,,,,,,,,,,,,
,https://ror.org/05d4dac15,,,,,,,,,replace==applbio.or.jp,,,,,,,,,,,,
,https://ror.org/05d4tza70,,,,,,,replace==https://www.rolandhills.co.uk/,,replace==rolandhills.co.uk,,,,,,,,,,,,
,https://ror.org/05d538656,,,,,,,replace==https://www.humanitas.it/,,replace==humanitas.it,,,,,,,,,,,,
,https://ror.org/05d80e146,,,,,,,,,replace==swmconline.com,,,,,,,,,,,,
,https://ror.org/05d9dtr71,,,,,,,replace==https://www.cch.org.tw/,,replace==cch.org.tw,,,,,,,,,,,,
,https://ror.org/05db1pj03,,,,,,,,,replace==dufe.edu.cn,,,,,,,,,,,,
,https://ror.org/05db8zr24,,,,,,,,,replace==neduet.edu.pk,,,,,,,,,,,,
,https://ror.org/05dbj6g52,,,,,,,,,replace==austin.org.au,,,,,,,,,,,,
,https://ror.org/05dbx6743,,,,,,,,,replace==dva.gov.au,,,,,,,,,,,,
,https://ror.org/05dd1f546,,,,,,,,,replace==dqsy.net,,,,,,,,,,,,
,https://ror.org/05ddxe180,,,,,,,,,replace==moh.gov.my,,,,,,,,,,,,
,https://ror.org/05debfq75,,,,,,,replace==https://must.edu.eg/,,replace==must.edu.eg,,,,,,,,,,,,
,https://ror.org/05dg8jj08,,,,,,,,,replace==medistra.ac.id,,,,,,,,,,,,
,https://ror.org/05dj1xv70,,,,,,,,,replace==eatright.org,,,,,,,,,,,,
,https://ror.org/05dj31k33,,,,,,,,,replace==uniba-bpn.ac.id,,,,,,,,,,,,
,https://ror.org/05djmm265,,,,,,,,,replace==unhi.ac.id,,,,,,,,,,,,
,https://ror.org/05dkjfz60,,,,,,,replace==https://eng.kumoh.ac.kr/,,replace==kumoh.ac.kr,,,,,,,,,,,,
,https://ror.org/05dmr4w13,,,,,,,,,replace==untirta.ac.id,,,,,,,,,,,,
,https://ror.org/05dq2gs74,,,,,,,replace==https://www.vumc.org/,,replace==vumc.org,,,,,,,,,,,,
,https://ror.org/05dr32318,,,,,,,,,replace==ifsul.edu.br,,,,,,,,,,,,
,https://ror.org/05dt7z971,,,,,,,replace==https://www.csmu.edu.cn/,,replace==csmu.edu.cn,,,,,,,,,,,,
,https://ror.org/05dw0p167,,,,,,,,,replace==nim.ac.cn,,,,,,,,,,,,
,https://ror.org/05dwj7825,,,,,,,,,replace==istitutotumori.mi.it,,,,,,,,,,,,
,https://ror.org/05dy5ab02,,,,,,,,,replace==asst-fbf-sacco.it,,,,,,,,,,,,
,https://ror.org/05dybcw48,,,,,,,replace==https://www.unita.ac.id/,,replace==unita.ac.id,,,,,,,,,,,,
,https://ror.org/05e15a779,,,,,,,,,replace==aiimsjodhpur.edu.in,,,,,,,,,,,,
,https://ror.org/05e21fw44,,,,,,,,,replace==nutech.edu.pk,,,,,,,,,,,,
,https://ror.org/05e34ej29,,,,,,,,,replace==znu.ac.ir,,,,,,,,,,,,
,https://ror.org/05e4zna08,,,,,,,replace==https://www.cbmm.lodz.pl/,,replace==cbmm.lodz.pl,,,,,,,,,,,,
,https://ror.org/05e7tm136,,,,,,,,,replace==wspc.com,,,,,,,,,,,,
,https://ror.org/05e830h62,,,,,,,replace==https://ichf.edu.pl/,,replace==ichf.edu.pl,,,,,,,,,,,,
,https://ror.org/05e89k615,,,,,,,replace==https://www.antarctica.gov.au/,,replace==antarctica.gov.au,,,,,,,,,,,,
,https://ror.org/05e8kbn88,,,,,,,,,replace==jyfy.com.cn,,,,,,,,,,,,
,https://ror.org/05e94g991,,,,,,,,,replace==uillinois.edu,,,,,,,,,,,,
,https://ror.org/05ech9204,,,,,,,,,replace==sjf.edu,,,,,,,,,,,,
,https://ror.org/05ect4e57,,,,,,,,,replace==lsu.edu,,,,,,,,,,,,
,https://ror.org/05eer8g02,,,,,,,replace==https://ju.edu.et/,,replace==ju.edu.et,,,,,,,,,,,,
,https://ror.org/05ef28661,,,,,,,replace==https://www.igib.res.in/,,replace==igib.in,,,,,,,,,,,,
,https://ror.org/05efm5n07,,,,,,,replace==https://www.nhis.or.kr/,,replace==nhis.or.kr,,,,,,,,,,,,
,https://ror.org/05efq3455,,,,,,,,,replace==unsil.ac.id,,,,,,,,,,,,
,https://ror.org/05ekwbr88,,,,,,,replace==https://www.csu.edu/,,replace==csu.edu,,,,,,,,,,,,
,https://ror.org/05epcpp46,,,,,,,replace==https://www.asahi-u.ac.jp/,,replace==asahi-u.ac.jp,,,,,,,,,,,,
,https://ror.org/05erbjx97,,,,,,,,,replace==cfuv.ru,,,,,,,,,,,,
,https://ror.org/05ermrg42,,,,,,,replace==https://vigg.ru/,,replace==vigg.ru,,,,,,,,,,,,
,https://ror.org/05esh5w42,,,,,,,,,replace==csmcri.res.in,,,,,,,,,,,,
,https://ror.org/05et9pf90,,,,,,,replace==https://www.bpkihs.edu/,,replace==bpkihs.edu,,,,,,,,,,,,
,https://ror.org/05etgbt76,,,,,,,replace==https://www.isi.ac.id/,,replace==isi.ac.id,,,,,,,,,,,,
,https://ror.org/05etxs293,,,,,,,,,replace==diamond.ac.uk,,,,,,,,,,,,
,https://ror.org/05evp6y14,,,,,,,,,replace==ramsaygds.fr,,,,,,,,,,,,
,https://ror.org/05ewbqm54,,,,,,,,,replace==chc1.com,,,,,,,,,,,,
,https://ror.org/05eynd241,,,,,,,,,replace==aum.edu,,,,,,,,,,,,
,https://ror.org/05ezss144,,,,,,,,,replace==duytan.edu.vn,,,,,,,,,,,,
,https://ror.org/05f0php28,,,,,,,,,replace==scsaas.cn,,,,,,,,,,,,
,https://ror.org/05f0zr486,,,,,,,replace==https://www.akhwien.at/,,replace==akhwien.at,,,,,,,,,,,,
,https://ror.org/05f2ywb48,,,,,,,,,replace==regenstrief.org,,,,,,,,,,,,
,https://ror.org/05f3yt521,,,,,,,replace==https://www.ipu.ru/,,replace==ipu.ru,,,,,,,,,,,,
,https://ror.org/05f5j6225,,,,,,,,,replace==utsz.edu.cn,,,,,,,,,,,,
,https://ror.org/05f8a4p63,,,,,,,replace==https://www.tamagawa.jp/university/,,replace==tamagawa.ac.jp,,,,,,,,,,,,
,https://ror.org/05fa04208,,,,,,,,,replace==fondazionehumanitasricerca.it,,,,,,,,,,,,
,https://ror.org/05fd1hd85,,,,,,,replace==https://www.tsu.ge/,,replace==tsu.ge,,,,,,,,,,,,
,https://ror.org/05fde5z47,,,,,,,replace==https://home.hamptonu.edu/,,replace==hamptonu.edu,,,,,,,,,,,,
,https://ror.org/05fhe0r85,,,,,,,replace==https://www.add.re.kr/,,replace==add.re.kr,,,,,,,,,,,,
,https://ror.org/05fj8cf83,,,,,,,replace==https://www.uacj.mx/,,replace==uacj.mx,,,,,,,,,,,,
,https://ror.org/05fjs7w98,,,,,,,replace==https://nimr.or.tz/,,replace==nimr.or.tz,,,,,,,,,,,,
,https://ror.org/05fk5tr28,,,,,,,,,replace==frb.gov,,,,,,,,,,,,
,https://ror.org/05fnxgv12,,,,,,,replace==https://www.gla.ac.in/,,replace==gla.ac.in,,,,,,,,,,,,
,https://ror.org/05fp9g671,,,,,,,,,replace==umz.ac.ir,,,,,,,,,,,,
,https://ror.org/05frkc804,,,,,,,replace==https://www.swp-berlin.org/,,replace==swp-berlin.org,,,,,,,,,,,,
,https://ror.org/05fw97k56,,,,,,,,,replace==sfu-kras.ru,,,,,,,,,,,,
,https://ror.org/05fx5mz56,,,,,,,,,replace==unthportal.org,,,,,,,,,,,,
,https://ror.org/05fy6my48,,,,,,,,,replace==prudential.com,,,,,,,,,,,,
,https://ror.org/05fzw1z08,,,,,,,replace==https://unm.ac.id/,,replace==unm.ac.id,,,,,,,,,,,,
,https://ror.org/05g06bh89,,,,,,,replace==https://www.usek.edu.lb/,,replace==usek.edu.lb,,,,,,,,,,,,
,https://ror.org/05g1k4d79,,,,,,,,,replace==ncfu.ru,,,,,,,,,,,,
,https://ror.org/05g1zjw44,,,,,,,,,replace==lipn.fr,,,,,,,,,,,,
,https://ror.org/05g2axc67,,,,,,,replace==https://www.tenriyorozu.jp/,,replace==tenriyorozu.jp,,,,,,,,,,,,
,https://ror.org/05g3dte14,,,,,,,,,replace==fsu.edu,,,,,,,,,,,,
,https://ror.org/05g3mes96,,,,,,,,,replace==lu.lv,,,,,,,,,,,,
,https://ror.org/05g3wdh84,,,,,,,replace==https://aksu.edu.ng/,,replace==aksu.edu.ng,,,,,,,,,,,,
,https://ror.org/05g801a49,,,,,,,replace==https://gov.krd/,,replace==gov.krd,,,,,,,,,,,,
,https://ror.org/05gcme754,,,,,,,,,replace==xisu.edu.cn,,,,,,,,,,,,
,https://ror.org/05gehxw18,,,,,,,,,replace==dmc.org,,,,,,,,,,,,
,https://ror.org/05gekvn04,,,,,,,,,replace==bthft.nhs.uk,,,,,,,,,,,,
,https://ror.org/05gftfe97,,,,,,,replace==https://www.chinamobileltd.com/,,replace==chinamobilehk.com,,,,,,,,,,,,
,https://ror.org/05ggc9x40,,,,,,,,,replace==u-pec.fr,,,,,,,,,,,,
,https://ror.org/05ghynn27,,,,,,,,,replace==unisma.ac.id,,,,,,,,,,,,
,https://ror.org/05ghzpa93,,,,,,,replace==https://www.gndu.ac.in/,,replace==gndu.ac.in,,,,,,,,,,,,
,https://ror.org/05gkzcc88,,,,,,,replace==https://www.uwtsd.ac.uk/,,replace==uwtsd.ac.uk,,,,,,,,,,,,
,https://ror.org/05gpas306,,,,,,,,,replace==hmc.edu.cn,,,,,,,,,,,,
,https://ror.org/05gq3a412,,,,,,,,,replace==butler.edu,,,,,,,,,,,,
,https://ror.org/05gqaka33,,,,,,,replace==https://www.uni-halle.de/,,replace==uni-halle.de,,,,,,,,,,,,
,https://ror.org/05gqsa340,,,,,,,replace==https://www.hus.ac.jp/,,replace==hus.ac.jp,,,,,,,,,,,,
,https://ror.org/05gt1vc06,,,,,,,replace==https://howard.edu/,,replace==howard.edu,,,,,,,,,,,,
,https://ror.org/05gtb4824,,,,,,,replace==https://www.ubb.ac.id/,,replace==ubb.ac.id,,,,,,,,,,,,
,https://ror.org/05gvja138,,,,,,,replace==https://www.centenary.org.au/,,replace==centenary.org.au,,,,,,,,,,,,
,https://ror.org/05gxjyb39,,,,,,,replace==https://imamu.edu.sa/,,replace==imamu.edu.sa,,,,,,,,,,,,
,https://ror.org/05gxmms51,,,,,,,,,replace==comac.cc,,,,,,,,,,,,
,https://ror.org/05gxnyn08,,,,,,,,,replace==iupui.edu,,,,,,,,,,,,
,https://ror.org/05gxyna29,,,,,,,,,replace==fs.de,,,,,,,,,,,,
,https://ror.org/05gz4kr37,,,,,,,replace==https://www.obs-banyuls.fr/,,replace==obs-banyuls.fr,,,,,,,,,,,,
,https://ror.org/05gzceg21,,,,,,,replace==https://www.ku.ac.th/,,replace==ku.ac.th,,,,,,,,,,,,
,https://ror.org/05h0pqw77,,,,,,,,,replace==hangtuah.ac.id,,,,,,,,,,,,
,https://ror.org/05h0rw812,,,,,,,replace==https://www.ncgg.go.jp/,,replace==ncgg.go.jp,,,,,,,,,,,,
,https://ror.org/05h0z7c09,,,,,,,,,replace==ud.ac.ae,,,,,,,,,,,,
,https://ror.org/05h1bnb22,,,,,,,replace==https://www.ndsu.edu/,,replace==ndsu.edu,,,,,,,,,,,,
,https://ror.org/05h3vcy91,,,,,,,,,replace==qibebt.ac.cn,,,,,,,,,,,,
,https://ror.org/05h4th693,,,,,,,,,replace==jxycu.edu.cn,,,,,,,,,,,,
,https://ror.org/05h86nk22,,,,,,,,,replace==zmc.top,,,,,,,,,,,,
,https://ror.org/05h992307,,,,,,,replace==https://www.pnnl.gov/,,replace==pnnl.gov,,,,,,,,,,,,
,https://ror.org/05h9pgm95,,,,,,,replace==https://www.ks.ac.kr/,,replace==ks.ac.kr,,,,,,,,,,,,
,https://ror.org/05h9q1g27,,,,,,,,,replace==txstate.edu,,,,,,,,,,,,
,https://ror.org/05h9t7759,,,,,,,replace==https://www.ui.ac.ir/,,replace==ui.ac.ir,,,,,,,,,,,,
,https://ror.org/05hacyq28,,,,,,,,,replace==kesslerfoundation.org,,,,,,,,,,,,
,https://ror.org/05hag2y10,,,,,,,replace==https://www.ufac.br/,,replace==ufac.br,,,,,,,,,,,,
,https://ror.org/05hcacp57,,,,,,,,,replace==arc.sci.eg,,,,,,,,,,,,
,https://ror.org/05hdpwb59,,,,,,,replace==https://rs-fatmawati.go.id/,,replace==fatmawatihospital.com,,,,,,,,,,,,
,https://ror.org/05hepy730,,,,,,,,,replace==nrcan-rncan.gc.ca,,,,,,,,,,,,
,https://ror.org/05hffr360,,,,,,,,,replace==ku.ac.ae,,,,,,,,,,,,
,https://ror.org/05hhz4s12,,,,,,,,,replace==haui.edu.vn,,,,,,,,,,,,
,https://ror.org/05hkn5555,,,,,,,replace==https://nmu.org.ua/,,replace==nmu.org.ua,,,,,,,,,,,,
,https://ror.org/05hm0vv72,,,,,,,,,replace==sust.edu,,,,,,,,,,,,
,https://ror.org/05hnb4n85,,,,,,,replace==https://www.jejunu.ac.kr/,,replace==jejunu.ac.kr,,,,,,,,,,,,
,https://ror.org/05hpfkn88,,,,,,,,,replace==furg.br,,,,,,,,,,,,
,https://ror.org/05hppb561,,,,,,,replace==https://en.ilmatieteenlaitos.fi/,,replace==fmi.fi,,,,,,,,,,,,
,https://ror.org/05hr3ch11,,,,,,,,,replace==ibcas.ac.cn,,,,,,,,,,,,
,https://ror.org/05hr6q169,,,,,,,,,replace==atsu.edu,,,,,,,,,,,,
,https://ror.org/05hra0856,,,,,,,replace==https://unimus.ac.id/,,replace==unimus.ac.id,,,,,,,,,,,,
,https://ror.org/05hs5r386,,,,,,,replace==https://www.slmath.org/,,replace==slmath.org,,,,,,,,,,,,
,https://ror.org/05hvcqy45,,,,,,,,,replace==iapar.br,,,,,,,,,,,,
,https://ror.org/05hwfvk38,,,,,,,,,replace==touro.edu,,,,,,,,,,,,
,https://ror.org/05hy3tk52,,,,,,,,,replace==polytechnique.edu,,,,,,,,,,,,
,https://ror.org/05hzgxd58,,,,,,,replace==https://uniube.br/,,replace==uniube.br,,,,,,,,,,,,
,https://ror.org/05hzn5427,,,,,,,replace==https://hcmute.edu.vn/,,replace==hcmute.edu.vn,,,,,,,,,,,,
,https://ror.org/05j136930,,,,,,,replace==https://www.espe.edu.ec/,,replace==espe.edu.ec,,,,,,,,,,,,
,https://ror.org/05j1kc284,,,,,,,,,replace==hueb.edu.cn,,,,,,,,,,,,
,https://ror.org/05j26dk60,,,,,,,replace==https://www.avichina.com/,,replace==avichina.com,,,,,,,,,,,,
,https://ror.org/05j73fd60,,,,,,,,,replace==sxicc.ac.cn,,,,,,,,,,,,
,https://ror.org/05j7fep28,,,,,,,replace==https://www.ansto.gov.au/,,replace==ansto.gov.au,,,,,,,,,,,,
,https://ror.org/05j91v252,,,,,,,replace==https://www.ori.org/,,replace==ori.org,,,,,,,,,,,,
,https://ror.org/05jb9pq57,,,,,,,replace==https://www.sdfmu.edu.cn/,,replace==sdfmu.edu.cn,,,,,,,,,,,,
,https://ror.org/05jbt9m15,,,,,,,replace==https://www.uark.edu/,,replace==uark.edu,,,,,,,,,,,,
,https://ror.org/05jcsqx24,,,,,,,replace==https://www.sgu.ru/en,,replace==sgu.ru,,,,,,,,,,,,
,https://ror.org/05jfbgm49,,,,,,,,,replace==hcmus.edu.vn,,,,,,,,,,,,
,https://ror.org/05jh6qs86,,,,,,,,,replace==e2mail.org,,,,,,,,,,,,
,https://ror.org/05jhnwe22,,,,,,,,,replace==ecu.edu.au,,,,,,,,,,,,
,https://ror.org/05jhq2w18,,,,,,,,,replace==mpuat.ac.in,,,,,,,,,,,,
,https://ror.org/05jk51a88,,,,,,,replace==https://www.nihon-u.ac.jp/,,replace==nihon-u.ac.jp,,,,,,,,,,,,
,https://ror.org/05jme6y84,,,,,,,replace==https://en.uswr.ac.ir/,,replace==uswr.ac.ir,,,,,,,,,,,,
,https://ror.org/05jte2q37,,,,,,,replace==https://www.tiss.ac.in/,,replace==tiss.edu,,,,,,,,,,,,
,https://ror.org/05jtef216,,,,,,,replace==https://ohri.ca/,,replace==ohri.ca,,,,,,,,,,,,
,https://ror.org/05jxf0p38,,,,,,,replace==https://www.upng.ac.pg/,,replace==upng.ac.pg,,,,,,,,,,,,
,https://ror.org/05jyzx602,,,,,,,replace==https://www.bccdc.ca/,,replace==bccdc.ca,,,,,,,,,,,,
,https://ror.org/05jz3sn81,,,,,,,replace==https://www.ucumberlands.edu/,,replace==ucumberlands.edu,,,,,,,,,,,,
,https://ror.org/05k0nvr25,,,,,,,replace==https://www.cerema.fr/,,replace==cerema.fr,,,,,,,,,,,,
,https://ror.org/05k11pb55,,,,,,,replace==https://www.danafarberbostonchildrens.org/,,replace==danafarberbostonchildrens.org,,,,,,,,,,,,
,https://ror.org/05k2j8e48,,,,,,,,,replace==jxut.edu.cn,,,,,,,,,,,,
,https://ror.org/05k2xsz75,,,,,,,replace==https://anm.edu.ar/,,replace==anm.edu.ar,,,,,,,,,,,,
,https://ror.org/05k35b119,,,,,,,replace==https://www.naturkundemuseum-bw.de/,,replace==smns-bw.de,,,,,,,,,,,,
,https://ror.org/05k37ht14,,,,,,,,,replace==iist.ac.in,,,,,,,,,,,,
,https://ror.org/05k3sdc46,,,,,,,,,replace==nsmc.edu.cn,,,,,,,,,,,,
,https://ror.org/05k637k59,,,,,,,replace==https://www.gob.mx/innn,,replace==innn.edu.mx,,,,,,,,,,,,
,https://ror.org/05k71ja87,,,,,,,replace==https://www.statcan.gc.ca/,,replace==statcan.gc.ca,,,,,,,,,,,,
,https://ror.org/05k812a28,,,,,,,replace==https://kjt.hebei.gov.cn/,,replace==hebkjt.cn,,,,,,,,,,,,
,https://ror.org/05k8pq072,,,,,,,,,replace==cruzeirodosul.edu.br,,,,,,,,,,,,
,https://ror.org/05k9skc85,,,,,,,replace==https://pasteur-lille.fr/,,replace==pasteur-lille.fr,,,,,,,,,,,,
,https://ror.org/05kacnm89,,,,,,,,,replace==ucv.ve,,,,,,,,,,,,
,https://ror.org/05kc6dc21,,,,,,,,,replace==tsnu.edu.cn,,,,,,,,,,,,
,https://ror.org/05ke4ws41,,,,,,,,,replace==yru.ac.th,,,,,,,,,,,,
,https://ror.org/05kewds18,,,,,,,,,replace==ngc.com,,,,,,,,,,,,
,https://ror.org/05khqpb71,,,,,,,replace==https://www.uibe.edu.cn,,replace==uibe.edu.cn,,,,,,,,,,,,
,https://ror.org/05kph4940,,,,,,,,,replace==hiit.fi,,,,,,,,,,,,
,https://ror.org/05kr7zx86,,,,,,,,,replace==gcsu.edu,,,,,,,,,,,,
,https://ror.org/05krcen59,,,,,,,,,replace==lip6.fr,,,,,,,,,,,,
,https://ror.org/05kt9ap64,,,,,,,replace==https://www.kindai.ac.jp/,,replace==kindai.ac.jp,,,,,,,,,,,,
,https://ror.org/05ktbsm52,,,,,,,replace==https://www.burnet.edu.au/,,replace==burnet.edu.au,,,,,,,,,,,,
,https://ror.org/05kvm7n82,,,,,,,replace==https://www.scu.edu.tw/,,replace==scu.edu.tw,,,,,,,,,,,,
,https://ror.org/05kx1ke03,,,,,,,,,replace==narayanahealth.org,,,,,,,,,,,,
,https://ror.org/05kxtq558,,,,,,,replace==https://www.imb.de/,,replace==imb.de,,,,,,,,,,,,
,https://ror.org/05kzjxq56,,,,,,,replace==https://global.jnu.ac.kr/,,replace==jnu.ac.kr,,,,,,,,,,,,
,https://ror.org/05m031e17,,,,,,,,,replace==ucf.edu.cu,,,,,,,,,,,,
,https://ror.org/05m0wv206,,,,,,,,,replace==tzhospital.com,,,,,,,,,,,,
,https://ror.org/05m1gnk07,,,,,,,,,replace==korea-u.ac.jp,,,,,,,,,,,,
,https://ror.org/05m1y4204,,,,,,,replace==https://www.sanu.ac.rs/,,replace==sanu.ac.rs,,,,,,,,,,,,
,https://ror.org/05m235j20,,,,,,,replace==https://cnpem.br/,,replace==cnpem.br,,,,,,,,,,,,
,https://ror.org/05m2fqn25,,,,,,,replace==https://www.cmu.ac.th/,,replace==cmu.ac.th,,,,,,,,,,,,
,https://ror.org/05m4hh157,,,,,,,replace==https://www.gaoran.ru/,,replace==gaoran.ru,,,,,,,,,,,,
,https://ror.org/05m4rmw09,,,,,,,,,replace==imf.org,,,,,,,,,,,,
,https://ror.org/05m9vrv91,,,,,,,replace==https://www.rogerscorp.com,,replace==rogerscorporation.com,,,,,,,,,,,,
,https://ror.org/05ma4gw77,,,,,,,replace==https://www.pacific.edu/,,replace==pacific.edu,,,,,,,,,,,,
,https://ror.org/05mbkbj54,,,,,,,,,replace==dol.gov,,,,,,,,,,,,
,https://ror.org/05mj6fy81,,,,,,,replace==https://www.uhd.edu/,,replace==uhd.edu,,,,,,,,,,,,
,https://ror.org/05mkyac79,,,,,,,,,replace==target.com,,,,,,,,,,,,
,https://ror.org/05mmnns11,,,,,,,replace==https://asoiu.edu.az/,,replace==asoiu.edu.az,,,,,,,,,,,,
,https://ror.org/05mnej980,,,,,,,replace==https://www.isg.pt/,,replace==isg.pt,,,,,,,,,,,,
,https://ror.org/05mnjs436,,,,,,,,,replace==dzu.edu.cn,,,,,,,,,,,,
,https://ror.org/05mryn396,,,,,,,,,replace==manipalhospitals.com,,,,,,,,,,,,
,https://ror.org/05ms04m92,,,,,,,,,replace==buffalostate.edu,,,,,,,,,,,,
,https://ror.org/05mt2wq31,,,,,,,replace==https://www.klinikum-lev.de/,,replace==klinikum-lev.de,,,,,,,,,,,,
,https://ror.org/05mx0wr29,,,,,,,,,replace==zust.edu.cn,,,,,,,,,,,,
,https://ror.org/05mxhda18,,,,,,,replace==https://www.uk-koeln.de/,,replace==uk-koeln.de,,,,,,,,,,,,
,https://ror.org/05mzj8a56,,,,,,,,,replace==kcg.edu,,,,,,,,,,,,
,https://ror.org/05n0gsn30,,,,,,,replace==https://umng.edu.co/,,replace==unimilitar.edu.co,,,,,,,,,,,,
,https://ror.org/05n0wgt02,,,,,,,,,replace==kfshrc.edu.sa,,,,,,,,,,,,
,https://ror.org/05n3asa33,,,,,,,replace==https://ibima.eu/,,replace==ibima.eu,,,,,,,,,,,,
,https://ror.org/05n5mpz07,,,,,,,replace==https://ordemdosmedicos.pt/,,replace==ordemdosmedicos.pt,,,,,,,,,,,,
,https://ror.org/05n8ah907,,,,,,,,,replace==unilever.com,,,,,,,,,,,,
,https://ror.org/05n8n9378,,,,,,,,,replace==uem.ac.mz,,,,,,,,,,,,
,https://ror.org/05ncvf986,,,,,,,,,replace==shuats.edu.in,,,,,,,,,,,,
,https://ror.org/05ne20t07,,,,,,,,,replace==unioeste.br,,,,,,,,,,,,
,https://ror.org/05nf86y53,,,,,,,,,replace==jaea.go.jp,,,,,,,,,,,,
,https://ror.org/05nj7my03,,,,,,,replace==https://international.uni-sopron.hu/,,replace==uni-sopron.hu,,,,,,,,,,,,
,https://ror.org/05nj8ma95,,,,,,,,,replace==issas.ac.cn,,,,,,,,,,,,
,https://ror.org/05njb9z20,,,,,,,replace==https://www.uni-lj.si/,,replace==uni-lj.si,,,,,,,,,,,,
,https://ror.org/05nkgk822,,,,,,,replace==https://www.jxnu.edu.cn/,,replace==jxnu.edu.cn,,,,,,,,,,,,
,https://ror.org/05nnv1197,,,,,,,replace==https://www.ipfran.ru/,,replace==ipfran.ru,,,,,,,,,,,,
,https://ror.org/05nnyr510,,,,,,,replace==https://www.ru.ac.bd/,,replace==ru.ac.bd,,,,,,,,,,,,
,https://ror.org/05nqg3g04,,,,,,,,,replace==nimte.ac.cn,,,,,,,,,,,,
,https://ror.org/05nsbhw27,,,,,,,replace==https://www.cheo.on.ca/,,replace==cheo.on.ca,,,,,,,,,,,,
,https://ror.org/05nx0xs09,,,,,,,replace==https://www.bjwlxy.edu.cn/,,replace==bjwlxy.edu.cn,,,,,,,,,,,,
,https://ror.org/05nywn832,,,,,,,replace==https://www.izw-berlin.de/,,replace==izw-berlin.de,,,,,,,,,,,,
,https://ror.org/05p0pbv75,,,,,,,,,replace==toyota.ch,,,,,,,,,,,,
,https://ror.org/05p1j8758,,,,,,,replace==https://www.k-state.edu/,,replace==k-state.edu,,,,,,,,,,,,
,https://ror.org/05p21z194,,,,,,,replace==https://policlinico.pa.it/,,replace==policlinico.pa.it,,,,,,,,,,,,
,https://ror.org/05p2q6194,,,,,,,replace==https://usc.edu.eg,,replace==usc.edu.eg,,,,,,,,,,,,
,https://ror.org/05p4qy423,,,,,,,,,replace==biologico.sp.gov.br,,,,,,,,,,,,
,https://ror.org/05p67dv18,,,,,,,,,replace==chinatelecom.com.cn,,,,,,,,,,,,
,https://ror.org/05p6rhy72,,,,,,,replace==https://www.ices.on.ca/,,replace==ices.on.ca,,,,,,,,,,,,
,https://ror.org/05p70jq59,,,,,,,,,replace==education.govt.nz,,,,,,,,,,,,
,https://ror.org/05p859a12,,,,,,,,,replace==ferrari.com,,,,,,,,,,,,
,https://ror.org/05p8nb362,,,,,,,,,replace==hc-sc.gc.ca,,,,,,,,,,,,
,https://ror.org/05pc6w891,,,,,,,replace==https://kaznmu.edu.kz/,,replace==kaznmu.kz,,,,,,,,,,,,
,https://ror.org/05pckj715,,,,,,,replace==https://www.uncp.edu/,,replace==uncp.edu,,,,,,,,,,,,
,https://ror.org/05pcmd548,,,,,,,replace==https://www.iscras.ru/,,replace==iscras.ru,,,,,,,,,,,,
,https://ror.org/05pcv4v03,,,,,,,replace==https://www.uniparthenope.it/,,replace==uniparthenope.it,,,,,,,,,,,,
,https://ror.org/05pd2ed85,,,,,,,,,replace==maranatha.edu,,,,,,,,,,,,
,https://ror.org/05petvd47,,,,,,,,,replace==xzu.edu.cn,,,,,,,,,,,,
,https://ror.org/05pg2cw06,,,,,,,,,replace==azaruniv.ac.ir,,,,,,,,,,,,
,https://ror.org/05pg3mb97,,,,,,,,,replace==umk.ac.id,,,,,,,,,,,,
,https://ror.org/05pmj3x43,,,,,,,replace==https://www.jacobs.com/,,replace==jacobs.com,,,,,,,,,,,,
,https://ror.org/05pn4yv70,,,,,,,replace==https://www.bsu.edu.eg/,,replace==bsu.edu.eg,,,,,,,,,,,,
,https://ror.org/05pny7s12,,,,,,,,,replace==ku.ac.bd,,,,,,,,,,,,
,https://ror.org/05pnzjf85,,,,,,,replace==https://unesum.edu.ec/,,replace==unesum.edu.ec,,,,,,,,,,,,
,https://ror.org/05pr37258,,,,,,,replace==https://hsc.mb.ca/,,replace==hsc.mb.ca,,,,,,,,,,,,
,https://ror.org/05prsqx18,,,,,,,replace==https://www.bsl.nl/,,replace==bsl.nl,,,,,,,,,,,,
,https://ror.org/05pt0p091,,,,,,,replace==https://www.tzvtc.edu.cn/,,replace==tzvtc.edu.cn,,,,,,,,,,,,
,https://ror.org/05pvcyy59,,,,,,,,,replace==aabc.dk,,,,,,,,,,,,
,https://ror.org/05pyq8e17,,,,,,,,,replace==generaldynamics.com,,,,,,,,,,,,
,https://ror.org/05pzd7w96,,,,,,,replace==https://www.asiaq.gl/,,replace==asiaq.gl,,,,,,,,,,,,
,https://ror.org/05q0ncs32,,,,,,,replace==https://www.oniris-nantes.fr/,,replace==oniris-nantes.fr,,,,,,,,,,,,
,https://ror.org/05q1wf970,,,,,,,,,replace==bitp.kyiv.ua,,,,,,,,,,,,
,https://ror.org/05q3vnk25,,,,,,,,,replace==ird.fr,,,,,,,,,,,,
,https://ror.org/05q60vz69,,,,,,,replace==https://www.mrc.ac.za/,,replace==mrc.ac.za,,,,,,,,,,,,
,https://ror.org/05q6tgt32,,,,,,,replace==https://www.kennedykrieger.org/,,replace==kennedykrieger.org,,,,,,,,,,,,
,https://ror.org/05q7a8a02,,,,,,,replace==https://www.edhec.edu/,,replace==edhec.edu,,,,,,,,,,,,
,https://ror.org/05q87sg56,,,,,,,replace==https://www.sju.edu/,,replace==sju.edu,,,,,,,,,,,,
,https://ror.org/05q8wtt20,,,,,,,,,replace==nibb.ac.jp,,,,,,,,,,,,
,https://ror.org/05q92br09,,,,,,,replace==https://www.jbnu.ac.kr/,,replace==jbnu.ac.kr,,,,,,,,,,,,
,https://ror.org/05q9we431,,,,,,,replace==https://www.nstu.edu.bd/,,replace==nstu.edu.bd,,,,,,,,,,,,
,https://ror.org/05qbbf772,,,,,,,,,replace==iub.edu.bd,,,,,,,,,,,,
,https://ror.org/05qc7pm63,,,,,,,replace==https://www.hannover-re.com/,,replace==hannover-re.com,,,,,,,,,,,,
,https://ror.org/05qderh61,,,,,,,,,replace==unical.edu.ng,,,,,,,,,,,,
,https://ror.org/05qec5a53,,,,,,,replace==https://www.chu-rennes.fr/,,replace==chu-rennes.fr,,,,,,,,,,,,
,https://ror.org/05qfq0x09,,,,,,,replace==https://www.hnucm.edu.cn/,,replace==hnucm.edu.cn,,,,,,,,,,,,
,https://ror.org/05qgz5a90,,,,,,,replace==https://www.neovize.cz/,,replace==neovize.cz,,,,,,,,,,,,
,https://ror.org/05qjwb041,,,,,,,replace==https://aiimsrishikesh.edu.in/,,replace==aiimsrishikesh.edu.in,,,,,,,,,,,,
,https://ror.org/05qpz1x62,,,,,,,,,replace==uni-jena.de,,,,,,,,,,,,
,https://ror.org/05qsjq305,,,,,,,replace==https://www.chu-nice.fr/,,replace==chu-nice.fr,,,,,,,,,,,,
,https://ror.org/05r1mzq61,,,,,,,,,replace==ziat.ac.cn,,,,,,,,,,,,
,https://ror.org/05r5a0r20,,,,,,,replace==https://clinicaces.edu.co/,,replace==clinicaces.edu.co,,,,,,,,,,,,
,https://ror.org/05r5k8873,,,,,,,replace==https://new.sewanee.edu/,,replace==sewanee.edu,,,,,,,,,,,,
,https://ror.org/05r9xgf14,,,,,,,replace==https://www.wlu.edu/,,replace==wlu.edu,,,,,,,,,,,,
,https://ror.org/05rbx8m02,,,,,,,,,replace==istituto-besta.it,,,,,,,,,,,,
,https://ror.org/05rcf8d17,,,,,,,,,replace==continental.edu.pe,,,,,,,,,,,,
,https://ror.org/05rcxtd95,,,,,,,replace==https://www.hsantalucia.it/,,replace==hsantalucia.it,,,,,,,,,,,,
,https://ror.org/05rfgws98,,,,,,,replace==https://www.health.gov.za/,,replace==health.gov.za,,,,,,,,,,,,
,https://ror.org/05rfqv493,,,,,,,replace==https://www.etsu.edu/,,replace==etsu.edu,,,,,,,,,,,,
,https://ror.org/05rm1p636,,,,,,,,,replace==ifma.edu.br,,,,,,,,,,,,
,https://ror.org/05rpsf244,,,,,,,replace==https://www.ocean.org.il/,,replace==ocean.org.il,,,,,,,,,,,,
,https://ror.org/05rpzs058,,,,,,,replace==https://www.ucs.br/,,replace==ucs.br,,,,,,,,,,,,
,https://ror.org/05rq3rb55,,,,,,,replace==https://www.institutimagine.org/,,replace==institutimagine.org,,,,,,,,,,,,
,https://ror.org/05rs3pv16,,,,,,,replace==https://www.sanxiau.edu.cn/,,replace==sanxiau.edu.cn,,,,,,,,,,,,
,https://ror.org/05rsbck92,,,,,,,replace==https://www.kitano-hp.or.jp/,,replace==kitano-hp.or.jp,,,,,,,,,,,,
,https://ror.org/05rsv9s98,,,,,,,replace==https://www.va.gov/,,replace==va.gov,,,,,,,,,,,,
,https://ror.org/05rwjyj14,,,,,,,,,replace==fusionacademy.com,,,,,,,,,,,,
,https://ror.org/05rxmkq09,,,,,,,replace==https://fundacen.org.ar/,,replace==fundacen.org.ar,,,,,,,,,,,,
,https://ror.org/05s04wy35,,,,,,,replace==https://uomustansiriyah.edu.iq/,,replace==uomustansiriyah.edu.iq,,,,,,,,,,,,
,https://ror.org/05s0g1g46,,,,,,,replace==https://www.nrf.ac.za/,,replace==nrf.ac.za,,,,,,,,,,,,
,https://ror.org/05s4b1t72,,,,,,,replace==https://icscampdetarragona.cat/hj23-serveis/,,replace==icscampdetarragona.cat,,,,,,,,,,,,
,https://ror.org/05s570m15,,,,,,,replace==https://www.sri.com/,,replace==sri.com,,,,,,,,,,,,
,https://ror.org/05s7cyn19,,,,,,,replace==https://cniis.ru/,,replace==cniis.ru,,,,,,,,,,,,
,https://ror.org/05s8p6g93,,,,,,,replace==https://sgbau.ac.in/,,replace==sgbau.ac.in,,,,,,,,,,,,
,https://ror.org/05s8x7560,,,,,,,replace==https://www.perkinelmer.com/,,replace==perkinelmer.com,,,,,,,,,,,,
,https://ror.org/05s9t8c95,,,,,,,replace==https://www.jntuk.edu.in/,,replace==jntuk.edu.in,,,,,,,,,,,,
,https://ror.org/05sbt2524,,,,,,,replace==https://www.grenoble-inp.fr/,,replace==grenoble-inp.fr,,,,,,,,,,,,
,https://ror.org/05sd1pp77,,,,,,,,,replace==icrar.org,,,,,,,,,,,,
,https://ror.org/05sehyt57,,,,,,,replace==https://kermanshah.iau.ir,,replace==iauksh.ac.ir,,,,,,,,,,,,
,https://ror.org/05shq4n12,,,,,,,replace==https://www.ccmb.res.in/,,replace==ccmb.res.in,,,,,,,,,,,,
,https://ror.org/05shz5j84,,,,,,,replace==https://www.mgtsciences.com/,,replace==mgtsciences.com,,,,,,,,,,,,
,https://ror.org/05sj5k538,,,,,,,replace==https://po.edu.pl/,,replace==po.edu.pl,,,,,,,,,,,,
,https://ror.org/05sj7yp62,,,,,,,,,replace==uc.edu.ve,,,,,,,,,,,,
,https://ror.org/05sjrb944,,,,,,,,,replace==menofia.edu.eg,,,,,,,,,,,,
,https://ror.org/05skxkv18,,,,,,,,,replace==ioz.ac.cn,,,,,,,,,,,,
,https://ror.org/05snbjh64,,,,,,,replace==https://www.zin.ru/,,replace==zin.ru,,,,,,,,,,,,
,https://ror.org/05sqf9v67,,,,,,,,,replace==safrangroup.com,,,,,,,,,,,,
,https://ror.org/05srvzs48,,,,,,,replace==https://www.sggw.edu.pl/,,replace==sggw.edu.pl,,,,,,,,,,,,
,https://ror.org/05stzyr92,,,,,,,,,replace==campbellcollaboration.org,,,,,,,,,,,,
,https://ror.org/05sv6pg41,,,,,,,replace==https://www.uwsp.edu/,,replace==uwsp.edu,,,,,,,,,,,,
,https://ror.org/05sw1mq09,,,,,,,replace==https://www.crc-kiel.de/,,replace==crc-kiel.de,,,,,,,,,,,,
,https://ror.org/05swz5441,,,,,,,replace==https://www.samfunnsforskning.no/,,replace==samfunnsforskning.no,,,,,,,,,,,,
,https://ror.org/05sxf4h28,,,,,,,replace==https://www.ufes.br/,,replace==ufes.br,,,,,,,,,,,,
,https://ror.org/05sy5hm57,,,,,,,replace==https://yu.ac.ir/,,replace==yu.ac.ir,,,,,,,,,,,,
,https://ror.org/05syd6y78,,,,,,,,,replace==ufpr.br,,,,,,,,,,,,
,https://ror.org/05syseh24,,,,,,,replace==https://dho.msu.edu.tr,,replace==dho.edu.tr,,,,,,,,,,,,
,https://ror.org/05t4pvx35,,,,,,,replace==https://www.cuchd.in/,,replace==cumail.in,,,,,,,,,,,,
,https://ror.org/05t58bx13,,,,,,,replace==https://samgtu.com/,,replace==samgtu.ru,,,,,,,,,,,,
,https://ror.org/05t6q2334,,,,,,,replace==https://www.upn.edu.pe/,,replace==upn.edu.pe,,,,,,,,,,,,
,https://ror.org/05t77d857,,,,,,,,,replace==ibms.org,,,,,,,,,,,,
,https://ror.org/05t871q54,,,,,,,replace==https://www.rricorp.com/,,replace==rricorp.com,,,,,,,,,,,,
,https://ror.org/05t8s3y29,,,,,,,replace==https://www.discovery.org/,,replace==discovery.org,,,,,,,,,,,,
,https://ror.org/05t8xvx87,,,,,,,replace==https://www.craes.cn/,,replace==craes.org.cn,,,,,,,,,,,,
,https://ror.org/05tgamw04,,,,,,,,,replace==carnivores.org,,,,,,,,,,,,
,https://ror.org/05tjjsh18,,,,,,,replace==https://www.nuhs.edu.sg/,,replace==nuhs.edu.sg,,,,,,,,,,,,
,https://ror.org/05tkzma19,,,,,,,replace==https://www.igcar.gov.in/,,replace==igcar.gov.in,,,,,,,,,,,,
,https://ror.org/05tmv0d13,,,,,,,replace==https://www.asce.org/,,replace==asce.org,,,,,,,,,,,,
,https://ror.org/05tp4xj78,,,,,,,replace==https://goi.ru/,,replace==goi.ru,,,,,,,,,,,,
,https://ror.org/05tszed37,,,,,,,replace==https://www.ynhh.org/,,replace==ynhh.org,,,,,,,,,,,,
,https://ror.org/05twwhs70,,,,,,,replace==https://www.sgcc.com.cn/,,replace==sgcc.com.cn,,,,,,,,,,,,
,https://ror.org/05twya590,,,,,,,,,replace==ppsuc.edu.cn,,,,,,,,,,,,
,https://ror.org/05ty23t08,,,,,,,replace==https://neuro-institute.com/,,replace==neuro-institute.com,,,,,,,,,,,,
,https://ror.org/05tywyy79,,,,,,,,,replace==gazprom.ru,,,,,,,,,,,,
,https://ror.org/05v0gvx94,,,,,,,replace==https://ro.itim-cj.ro/,,replace==itim-cj.ro,,,,,,,,,,,,
,https://ror.org/05v1y0t93,,,,,,,,,replace==cjlu.edu.cn,,,,,,,,,,,,
,https://ror.org/05v27w196,,,,,,,,,replace==widyatama.ac.id,,,,,,,,,,,,
,https://ror.org/05v2p9075,,,,,,,replace==https://nahrainuniv.edu.iq/,,replace==nahrainuniv.edu.iq,,,,,,,,,,,,
,https://ror.org/05v4dza81,,,,,,,,,replace==usk.ac.id,,,,,,,,,,,,
,https://ror.org/05v509s40,,,,,,,replace==https://www.univ-lehavre.fr/,,replace==univ-lehavre.fr,,,,,,,,,,,,
,https://ror.org/05v56p320,,,,,,,replace==https://um-tapsel.ac.id/,,replace==um-tapsel.ac.id,,,,,,,,,,,,
,https://ror.org/05v5wwy67,,,,,,,replace==https://www.hippocratio.gr/,,replace==hippocratio.gr,,,,,,,,,,,,
,https://ror.org/05v8v7d33,,,,,,,,,replace==yznu.edu.cn,,,,,,,,,,,,
,https://ror.org/05vc7qy59,,,,,,,replace==https://www.srnl.gov/,,replace==srnl.gov,,,,,,,,,,,,
,https://ror.org/05vehv290,,,,,,,,,replace==utmn.ru,,,,,,,,,,,,
,https://ror.org/05vfxvp80,,,,,,,replace==https://www.stthomas.edu/,,replace==stthomas.edu,,,,,,,,,,,,
,https://ror.org/05vg74d16,,,,,,,replace==https://www.hi.no/,,replace==hi.no,,,,,,,,,,,,
,https://ror.org/05vgmh969,,,,,,,replace==https://www.su.krakow.pl/,,replace==su.krakow.pl,,,,,,,,,,,,
,https://ror.org/05vh67662,,,,,,,,,replace==ita.br,,,,,,,,,,,,
,https://ror.org/05vhczg54,,,,,,,replace==https://www.fcu.edu.tw,,replace==fcu.edu.tw,,,,,,,,,,,,
,https://ror.org/05vhwqa91,,,,,,,replace==https://independentsector.org/,,replace==independentsector.org,,,,,,,,,,,,
,https://ror.org/05vmcbf05,,,,,,,replace==https://www.pcsir.gov.pk/,,replace==pcsir.gov.pk,,,,,,,,,,,,
,https://ror.org/05vrdx898,,,,,,,replace==https://www.swip.ac.cn/,,replace==swip.ac.cn,,,,,,,,,,,,
,https://ror.org/05vs9tj88,,,,,,,,,replace==bmw.de,,,,,,,,,,,,
,https://ror.org/05vspf741,,,,,,,,,replace==kums.ac.ir,,,,,,,,,,,,
,https://ror.org/05vt21141,,,,,,,,,replace==itap.de,,,,,,,,,,,,
,https://ror.org/05vt9qd57,,,,,,,replace==https://www.rutgers.edu/,,replace==rutgers.edu,,,,,,,,,,,,
,https://ror.org/05vvg9554,,,,,,,,,replace==psi.edu,,,,,,,,,,,,
,https://ror.org/05w13qg40,,,,,,,replace==https://www.muctr.ru/,,replace==muctr.ru,,,,,,,,,,,,
,https://ror.org/05w1q1c88,,,,,,,,,replace==smatteo.pv.it,,,,,,,,,,,,
,https://ror.org/05w21nn13,,,,,,,,,replace==tmmu.edu.cn,,,,,,,,,,,,
,https://ror.org/05w462p65,,,,,,,replace==https://www.um-palembang.ac.id/,,replace==um-palembang.ac.id,,,,,,,,,,,,
,https://ror.org/05w54hk79,,,,,,,replace==https://hus.vnu.edu.vn/,,replace==hus.edu.vn,,,,,,,,,,,,
,https://ror.org/05w6fx554,,,,,,,,,replace==icfundeni.ro,,,,,,,,,,,,
,https://ror.org/05w6wfp17,,,,,,,replace==https://www.barc.gov.in/,,replace==barc.gov.in,,,,,,,,,,,,
,https://ror.org/05w90nk74,,,,,,,,,replace==stollerykids.com,,,,,,,,,,,,
,https://ror.org/05wc95s05,,,,,,,,,replace==ktph.com.sg,,,,,,,,,,,,
,https://ror.org/05wdbfp45,,,,,,,replace==https://www.northsouth.edu/,,replace==northsouth.edu,,,,,,,,,,,,
,https://ror.org/05weahn72,,,,,,,replace==https://www.svuniversity.edu.in/,,replace==svumail.edu.in,,,,,,,,,,,,
,https://ror.org/05whq8x35,,,,,,,replace==https://lpl-aix.fr/,,replace==lpl-aix.fr,,,,,,,,,,,,
,https://ror.org/05wn69s11,,,,,,,,,replace==npu.edu,,,,,,,,,,,,
,https://ror.org/05wqbqy84,,,,,,,replace==https://akth.gov.ng,,replace==akth.gov.ng,,,,,,,,,,,,
,https://ror.org/05wr49d48,,,,,,,replace==https://www.wakayama-u.ac.jp/,,replace==wakayama-u.ac.jp,,,,,,,,,,,,
,https://ror.org/05wv2vq37,,,,,,,replace==https://www.du.ac.bd/,,replace==du.ac.bd,,,,,,,,,,,,
,https://ror.org/05x0m9n95,,,,,,,,,replace==hljit.edu.cn,,,,,,,,,,,,
,https://ror.org/05x21tp94,,,,,,,,,replace==uzz.edu.cn,,,,,,,,,,,,
,https://ror.org/05x2f1m38,,,,,,,,,replace==ecjtu.edu.cn,,,,,,,,,,,,
,https://ror.org/05x2svh05,,,,,,,replace==https://ufersa.edu.br/,,replace==ufersa.edu.br,,,,,,,,,,,,
,https://ror.org/05x510r30,,,,,,,,,replace==git.edu.cn,,,,,,,,,,,,
,https://ror.org/05x6qnc69,,,,,,,,,replace==ul.edu.lb,,,,,,,,,,,,
,https://ror.org/05x6rt433,,,,,,,,,replace==unpam.ac.id,,,,,,,,,,,,
,https://ror.org/05x817c41,,,,,,,replace==https://bzu.edu.pk/,,replace==bzu.edu.pk,,,,,,,,,,,,
,https://ror.org/05xanxb38,,,,,,,replace==https://gdcnagpur.edu.in/,,replace==gdcnagpur.edu.in,,,,,,,,,,,,
,https://ror.org/05xc4qj60,,,,,,,,,replace==upel.edu.ve,,,,,,,,,,,,
,https://ror.org/05xcdy991,,,,,,,replace==https://archaeology.gov.lk/,,replace==archaeology.gov.lk,,,,,,,,,,,,
,https://ror.org/05xpvk416,,,,,,,replace==https://www.nist.gov/,,replace==nist.gov,,,,,,,,,,,,
,https://ror.org/05xrcj819,,,,,,,replace==https://www.ao-pisa.toscana.it/,,replace==ao-pisa.toscana.it,,,,,,,,,,,,
,https://ror.org/05xs36f43,,,,,,,,,replace==ulare.cl,,,,,,,,,,,,
,https://ror.org/05xvk4r52,,,,,,,,,replace==telecom-sudparis.eu,,,,,,,,,,,,
,https://ror.org/05xwcq167,,,,,,,replace==https://www.uabc.mx/,,replace==uabc.edu.mx,,,,,,,,,,,,
,https://ror.org/05xzb7x97,,,,,,,replace==https://ispa-finba.es/,,replace==finba.es,,,,,,,,,,,,
,https://ror.org/05y06tg49,,,,,,,replace==https://o6u.edu.eg/,,replace==o6u.edu.eg,,,,,,,,,,,,
,https://ror.org/05y26ar20,,,,,,,replace==https://www.urca.br/,,replace==urca.br,,,,,,,,,,,,
,https://ror.org/05y33vv83,,,,,,,replace==https://www.udd.cl/,,replace==udd.cl,,,,,,,,,,,,
,https://ror.org/05y3p3k12,,,,,,,replace==https://hebrewcollege.edu/,,replace==hebrewcollege.edu,,,,,,,,,,,,
,https://ror.org/05y44as61,,,,,,,replace==https://en.semums.ac.ir/,,replace==semums.ac.ir,,,,,,,,,,,,
,https://ror.org/05y503v71,,,,,,,,,replace==inra.org.ma,,,,,,,,,,,,
,https://ror.org/05y50nr98,,,,,,,,,replace==suffolk.edu,,,,,,,,,,,,
,https://ror.org/05yapj268,,,,,,,replace==https://education.gov.scot/,,replace==educationscotland.gov.scot,,,,,,,,,,,,
,https://ror.org/05yc6p159,,,,,,,replace==http://homep.yu.ac.kr/,,replace==yu.ac.kr,,,,,,,,,,,,
,https://ror.org/05ycd7562,,,,,,,replace==https://www.nies.org/,,replace==nies.org,,,,,,,,,,,,
,https://ror.org/05ycegt40,,,,,,,,,replace==banasthali.in,,,,,,,,,,,,
,https://ror.org/05ydjnb78,,,,,,,replace==https://www.uni-passau.de/,,replace==uni-passau.de,,,,,,,,,,,,
,https://ror.org/05ydxj072,,,,,,,,,replace==hallym.or.kr,,,,,,,,,,,,
,https://ror.org/05yfc2w21,,,,,,,replace==https://szabist.edu.pk/,,replace==szabist.edu.pk,,,,,,,,,,,,
,https://ror.org/05yhca997,,,,,,,,,replace==conti-na.com,,,,,,,,,,,,
,https://ror.org/05ym42410,,,,,,,,,replace==gsau.edu.cn,,,,,,,,,,,,
