html_url,id,names.types.ror_display,status,types,names.types.alias,names.types.label,names.types.acronym,links.type.website,links.type.wikipedia,domains,established,external_ids.type.fundref.all,external_ids.type.fundref.preferred,external_ids.type.grid.all,external_ids.type.grid.preferred,external_ids.type.isni.all,external_ids.type.isni.preferred,external_ids.type.wikidata.all,external_ids.type.wikidata.preferred,city,country,locations.geonames_id,ror_id,parent,child,related,successor,predecessor
,,University of Eastern Pangasinan*en,active,education,,University of Eastern Pangasinan*en,UEP*en,https://uepbinalonan.edu.ph,,uepbinalonan.edu.ph,2005,,,,,,,Q136565009,Q136565009,Binalonan,Philippines,1725127,https://ror.org/02pc7hh67,,,,,
,,CICOSAT Colleges*en,active,education,,CICOSAT Colleges*en,,https://cicosat.edu.ph,,cicosat.edu.ph,,,,,,,,,,San Fernando,Philippines,1690033,https://ror.org/04w43yr82,,,,,
,,Data Center College of the Philippines of Laoag City*en,active,education,"Data Center College of the Philippines of Laoag City, Inc.*en",Data Center College of the Philippines of Laoag City*en,,https://dccplcinc.wixsite.com/datacenterlaoag,,,,,,,,,,,,Laoag City,Philippines,1707404,https://ror.org/04ayrvc90,,,,,
,,Divine Word College of Laoag*en,active,education,Saint William's College*en,Divine Word College of Laoag*en,,http://www.dwcl.edu.ph,,dwcl.edu.ph,1946,,,,,0000 0004 0639 5787,0000 0004 0639 5787,Q5284148,Q5284148,Laoag,Philippines,1707404,https://ror.org/05ajt5a78,,,,,
,,Lorma Colleges*en,active,education,,Lorma Colleges*en,,https://lormacolleges.com/,,lormacolleges.com,1970,,,,,,,Q12967354,Q12967354,San Fernando,Philippines,1690033,https://ror.org/027r46638,,,,,
,,Metro-Dagupan Colleges*en,active,education,Metro Dagupan Colleges*en,Metro-Dagupan Colleges*en,MDC*en,https://metrodagupancolleges.edu.ph,,metrodagupancolleges.edu.ph,,,,,,,,,,Mangaldan,Philippines,1701872,https://ror.org/02bve3d36,,,,,
,,Northern Christian College*en,active,education,"Northern Christian College, Inc.*en",Northern Christian College*en,NCC*en,https://ncc.edu.ph,,ncc.edu.ph,1946,,,,,0000 0004 0470 2544,0000 0004 0470 2544,,,Laoag,Philippines,1707404,https://ror.org/00yeh0s07,,,,,
,,"Northern Philippines College for Maritime, Science and Technology*en",active,education,"Northern Philippines College for Maritime, Science and Technology, Inc.*en; Northern Philippines College for Maritime Science and Technology*en","Northern Philippines College for Maritime, Science and Technology*en",NPCMST*en,http://npcmst.edu.ph,,npcmst.edu.ph,,,,,,,,,,San Fernando,Philippines,1690033,https://ror.org/03pa9ws16,,,,,
,,Osias Educational Foundation*en,active,education,Osias Educational Foundation Inc.*en;Osias Colleges*en,Osias Educational Foundation*en,OEF*en,https://osiaseducationalfoundation.edu.ph,,osiaseducationalfoundation.edu.ph,1947,,,,,,,,,Balaoan,Philippines,1728439,https://ror.org/021760080,,,,,
,,Panpacific University*en,active,education,Panpacific University North Philippines*en,Panpacific University*en,,http://www.panpacificu.edu.ph,,panpacificu.edu.ph,,,,,,,,Q101072799,Q101072799,Urdaneta,Philippines,1680197,https://ror.org/03jejcq97,,,,,
,,Panpacific University North Philippines-Tayug*en,active,education,PUNP Tayug Campus*en;Panpacific University North Philippines - Tayug Campus*en,Panpacific University North Philippines-Tayug*en,PUNP*en,https://punp.edu.ph/punptayugcampus,,punp.edu.ph;punptayug.edu.ph,,,,,,,,,,Tayug,Philippines,1682574,https://ror.org/04y1s0533,,,,,
,,PHINMA-Upang College Urdaneta*en,active,education,,PHINMA-Upang College Urdaneta*en,,https://up.phinma.edu.ph,,up.phinma.edu.ph,2015,,,,,,,,,Urdaneta,Philippines,1680197,https://ror.org/01a62ps65,,,https://ror.org/0549zdk35,,
,,St. Paul College of Ilocos Sur*en,active,education,Saint Paul College of Ilocos Sur*en,St. Paul College of Ilocos Sur*en,SPCIS*en,https://spcis.edu.ph,,spcis.edu.ph,1905,,,,,,,Q17021341,Q17021341,Bantay,Philippines,1727052,https://ror.org/03j5m6223,,,,,
,,San Carlos College*en,active,education,,San Carlos College*en,,http://www.sancarloscollege.edu.ph,,sancarloscollege.edu.ph,,,,,,,,,,San Carlos City,Philippines,1690206,https://ror.org/00cq9yz88,,,,,
,,STI College Vigan*en,active,education,STI College-Vigan*en,STI College Vigan*en,,https://www.sti.edu/campuses/vigan,,,,,,,,,,,,Vigan City,Philippines,1679980,https://ror.org/05g6ntj32,,,,,
,,Universidad de Dagupan*es,active,education,Colegio de Dagupan*es,Universidad de Dagupan*es,UdD*es,https://udd.edu.ph,,udd.edu.ph,1984,,,,,0000 0004 0470 1920,0000 0004 0470 1920,,,Dagupan,Philippines,1716198,https://ror.org/02san7w19,,,,,
,,WCC Aeronautical & Technological College*en,active,education,,WCC Aeronautical & Technological College*en; WCC Aeronautical and Technological College*en,WCC-ATC*en,https://www.wccaviation.com,,wccaviation.com,2008,,,,,,,,,Binalonan,Philippines,1725127,https://ror.org/00aas8878,,,,,
,,Pangasinan State University-Alaminos City*en,active,education,Pangasinan State University Alaminos Campus*en;PSU-Alaminos City Campus*en;Alaminos City Campus*en,Pangasinan State University-Alaminos City*en,PSU-ACC*en,https://alaminos.psu.edu.ph,,alaminos.psu.edu.ph,2010,,,,,,,,,Alaminos,Philippines,1731685,https://ror.org/04kpwgd95,https://ror.org/01jdzvf98,,,,
,,Pangasinan State University-Asingan*en,active,education,Pangasinan State University Asingan Campus*en;PSU-Asingan Campus*en,Pangasinan State University-Asingan*en,PSU-AC*en,https://asingan.psu.edu.ph,,asingan.psu.edu.ph,1978,,,,,,,,,Asingan,Philippines,1730070,https://ror.org/02g6dk290,https://ror.org/01jdzvf98,,,,
,,Pangasinan State University-Bayambang*en,active,education,Pangasinan State University Bayambang Campus*en; PSU Bayambang*en,Pangasinan State University-Bayambang*en,,https://bayambang.psu.edu.ph,,bayambang.psu.edu.ph,1922,,,,,,,,,Bayambang,Philippines,1725863,https://ror.org/02w0xdt81,https://ror.org/01jdzvf98,,,,
,,Pangasinan State University-Binmaley*en,active,education,Pangasinan State University Binmaley Campus*en,Pangasinan State University-Binmaley*en,,https://binmaley.psu.edu.ph/,,binmaley.psu.edu.ph,1979,,,,,,,,,Binmaley,Philippines,1724956,https://ror.org/02n258f60,https://ror.org/01jdzvf98,,,,
,,Pangasinan State University-Infanta*en,active,education,,Pangasinan State University-Infanta*en; Pangasinan State University Infanta Campus*en,,https://infanta.psu.edu.ph/,,infanta.psu.edu.ph,1981,,,,,,,,,Infanta,Philippines,1710744,https://ror.org/00wdff694,https://ror.org/01jdzvf98,,,,
,,Pangasinan State University-San Carlos City*en,active,education,Pangasinan State University San Carlos Campus*en,Pangasinan State University-San Carlos City*en,,https://sancarlos.psu.edu.ph/,,,1978,,,,,,,,,San Carlos City,Philippines,1690206,https://ror.org/03h00gm57,https://ror.org/01jdzvf98,,,,
,,Isabela Colleges*en,active,education,"Isabela Colleges, Inc.*en",Isabela Colleges*en,,,,,,,,,,,,,,Cauayan,Philippines,1718796,https://ror.org/04c3q5v49,,,,,
,,Our Lady of the Pillar College-Cauayan*en,active,education,,Our Lady of the Pillar College-Cauayan*en,OLPCC*en,http://www.olpcc.edu.ph,,olpcc.edu.ph,,,,,,,,,,Cauayan,Philippines,1718796,https://ror.org/04j2myh40,,,,,
,,PLT College*en,active,education,,PLT College*en,,http://www.pltcollege.educ.ph,,pltcollege.educ.ph,,,,,,,,,,Bayombong,Philippines,1725729,https://ror.org/042hw0s79,,,,,
,,Quezon Colleges of the North*en,active,education,,Quezon Colleges of the North*en,,,,,,,,,,,,,,Ballesteros,Philippines,1727962,https://ror.org/04ttkmd95,,,,,
,,International School of Asia and the Pacific*en,active,education,,International School of Asia and the Pacific*en,ISAP*en,https://isap.edu.ph,,isap.edu.ph,1998,,,,,,,,,Peñablanca,Philippines,1694089,https://ror.org/033he6w89,,,https://ror.org/000nbj923,,
,,AMA Computer College-Santiago City*en,active,education,AMA Computer College-Santiago Campus*en,AMA Computer College-Santiago City*en,,https://www.amaes.edu.ph,,amaes.edu.ph,,,,,,,,,,Santiago,Philippines,1687801,https://ror.org/05p9am364,https://ror.org/001r73k91,,,,
,,Cagayan Valley Computer and Information Technology College*en,active,education,,Cagayan Valley Computer and Information Technology College*en,CVCITC*en,https://cvcitc.edu.ph,,cvcitc.edu.ph,,,,,,,,,,Santiago,Philippines,1687801,https://ror.org/05ycvxa32,,,,,
,,King's College of the Philippines-Bambang*en,active,education,,King's College of the Philippines-Bambang*en,KCP*en,https://kcpbambangnviz.wixsite.com/kcp-bambang-edu,,,,,,,,,,,,Bambang,Philippines,1727663,https://ror.org/04a0rc140,,,,,
,,HGBaquiran College*en,active,education,"HGBaquiran College, Inc.*en;HGB College*en",HGBaquiran College*en,HGBC*en,,,,2005,,,,,,,,,Tumauini,Philippines,1680753,https://ror.org/01pt45566,,,,,
,,Northeast Luzon Adventist College*en,active,education,"Northeast Luzon Adventist College, Inc.*en",Northeast Luzon Adventist College*en,,https://nelacollege.edu.ph,,nelacollege.edu.ph,1948,,,,,,,,,Alicia,Philippines,1731486,https://ror.org/050ykxt76,,,,,
,,Batanes State College*en,active,education,,Batanes State College*en,,http://www.bscbatanes.edu.ph,,bscbatanes.edu.ph,2004,,,,,,,Q4868573,Q4868573,Basco,Philippines,1726449,https://ror.org/02jdx2448,,,,,
,,Cagayan State University-Gonzaga*en,active,education,CSU Gonzaga*en,Cagayan State University-Gonzaga*en,,https://gonzaga.csu.edu.ph,,gonzaga.csu.edu.ph,,,,,,,,,,Gonzaga,Philippines,1712751,https://ror.org/03m4gta92,https://ror.org/05ms4pv23,,,,
,,Cagayan State University-Lasam*en,active,education,,Cagayan State University-Lasam*en,,,,,,,,,,,,,,Lasam,Philippines,1707204,https://ror.org/04dzxe855,https://ror.org/05ms4pv23,,,,
,,Cagayan State University-Sanchez Mira*en,active,education,,Cagayan State University-Sanchez Mira*en,CSU-SM*en,https://www.csusm.edu.ph,,csusm.edu.ph,1978,,,,,,,,,Sanchez-Mira,Philippines,1690194,https://ror.org/01eh6vd77,https://ror.org/05ms4pv23,,,,
,,Isabela State University-Cabagan*en,active,education,Isabela State University Cabagan Campus*en,Isabela State University-Cabagan*en,,http://www.isucabagan.edu.ph,,isucabagan.edu.ph,1978,,,,,,,,,Cabagan,Philippines,1722005,https://ror.org/0260d7037,https://ror.org/03c336h16,,,,
,,Isabela State University-Ilagan Campus*en,active,education,ISU Ilagan Campus*en;ISU-Ilagan*en,Isabela State University-Ilagan Campus*en,,https://isu-ilagan.edu.ph/,,isu-ilagan.edu.ph,1978,,,,,,,,,City of Ilagan,Philippines,1711146,https://ror.org/021zvwj82,https://ror.org/03c336h16,,,,
,,Isabela State University-Jones Campus*en,active,education,,Isabela State University-Jones Campus*en,,,,,,,,,,,,,,Jones,Philippines,1710122,https://ror.org/03q1dfv09,https://ror.org/03c336h16,,,,
,,Isabela State University-Roxas Campus*en,active,education,,Isabela State University-Roxas Campus*en,ISU-Roxas*en,https://isuroxas.edu.ph,,isuroxas.edu.ph,,,,,,,,,,Roxas,Philippines,1691441,https://ror.org/03xnwfx97,https://ror.org/03c336h16,,,,
,,Quirino State University - Cabarroguis*en,active,education,,Quirino State University - Cabarroguis*en,,https://qsu.edu.ph,,qsu.edu.ph,,,,,,,,,,Cabarroguis,Philippines,1721777,https://ror.org/00n2hza82,https://ror.org/03sdprd87,,,,
,,Gordon College*en,active,education,Olongapo City Colleges*en,Gordon College*en,GC*en,https://gordoncollege.edu.ph,,gordoncollege.edu.ph,1999,,,,,,,Q5585008,Q5585008,Olongapo City,Philippines,1697175,https://ror.org/001536j10,,,,,
,,Kolehiyo ng Subic*tl,active,education,,Kolehiyo ng Subic*tl,,https://kolehiyongsubic.edu.ph,,kolehiyongsubic.edu.ph,,,,,,,,,,Subic,Philippines,1685577,https://ror.org/0447dwp30,,,,,
,,Eduardo L. Joson Memorial College*en,active,education,,Eduardo L. Joson Memorial College*en,ELJMC*en,https://eljmc.weebly.com,,eljmc.weebly.com,2005,,,,,,,,,Palayan City,Philippines,1696165,https://ror.org/046qpn138,,,,,
,,Norzagaray College*en,active,education,,Norzagaray College*en,,https://norzagaraycollege.edu.ph,,norzagaraycollege.edu.ph,2006,,,,,,,,,Norzagaray,Philippines,1697497,https://ror.org/053yj9y55,,,,,
,,City College of San Fernando*en,active,education,City College of San Fernando Pampanga*en,City College of San Fernando*en,CCSFP*en,https://citycollegeofsanfernando.edu.ph,,citycollegeofsanfernando.edu.ph,2008,,,,,,,,,San Fernando City,Philippines,1690039,https://ror.org/005vy1778,,,,,
,,Baliwag Polytechnic College*en,active,education,,Baliwag Polytechnic College*en,BTECH*en,https://btech.edu.ph,,btech.edu.ph,2008,,,,,,,,,Baliuag,Philippines,1727995,https://ror.org/00s8hrf21,,,,,
,,Polytechnic College of Botolan*en,active,education,Botolan Community College*en;BCC*en,Polytechnic College of Botolan*en,PCB*en,https://pcb.edu.ph,,pcb.edu.ph,2009,,,,,,,,,Botolan,Philippines,1723822,https://ror.org/00ex3bk07,,,,,
,,City College of San Jose del Monte*en,active,education,,City College of San Jose del Monte*en,CCSJDM*en,https://ccsjdm.com,,ccsjdm.com,2017,,,,,,,,,San Jose del Monte,Philippines,1689395,https://ror.org/04ebtmm92,,,,,
,,Central Luzon College of Science and Technology-Olongapo City*en,active,education,CELTECH College*en,Central Luzon College of Science and Technology-Olongapo City*en,,http://www.clcst.edu.ph,,clcst.edu.ph,,,,,,,,,,Olongapo City,Philippines,1697175,https://ror.org/05ff0kr33,,,,,
,,Centro Escolar University Malolos*en,active,education,,Centro Escolar University Malolos*en,CEU*en,https://malolos.ceu.edu.ph,,,1978,,,,,,,,,Malolos,Philippines,1702540,https://ror.org/04902yf09,https://ror.org/04janbd12,,,,
,,College of the Immaculate Conception*en,active,education,,College of the Immaculate Conception*en,CIC*en,http://www.cic.edu.ph,,cic.edu.ph,1926,,,,,0000 0004 6882 5260,0000 0004 6882 5260,,,Cabanatuan City,Philippines,1721906,https://ror.org/03ajej986,,,,,
,,"Core Gateway College, Inc.*en",active,education,Core Gateway College*en;Colleges of the Republic*en,"Core Gateway College, Inc.*en",CGCI*en,https://cgci.edu.ph,,cgci.edu.ph,1948,,,,,,,Q5170165,Q5170165,San Jose City,Philippines,1689431,https://ror.org/027gkkf72,,,,,
,,World Citi Colleges Guimba Campus*en,active,education,"World Citi Colleges - Guimba, Inc.*en",World Citi Colleges Guimba Campus*en,,https://worldciti.edu.ph,,worldciti.edu.ph,2010,,,,,,,,,Guimba,Philippines,1712488,https://ror.org/02ttv1844,,,,,
,,"Dominican College of Tarlac, Inc.*en",active,education,San Nicolas Academy*en; Dominican School*en,"Dominican College of Tarlac, Inc.*en; Dominican College of Tarlac*en",DCT*en,https://dct.edu.ph,,dct.edu.ph,1947,,,,,,,,,Capas,Philippines,1718722,https://ror.org/02r6sz736,,,,,
,,"Dr. Yanga's Colleges, Inc.*en",active,education,Francisco Balagtas Academy*en,"Dr. Yanga's Colleges, Inc.*en",DYCI*en,https://dyci.edu.ph,,dyci.edu.ph,1950,,,,,,,,,Bocaue,Philippines,1724489,https://ror.org/01y6rer16,,,,,
,,Good Samaritan Colleges*en,active,education,The Good Samaritan Colleges*en,Good Samaritan Colleges*en,GSC*en,http://www.goodsam.edu.ph,,goodsam.edu.ph,1973,,,,,,,,,Cabanatuan City,Philippines,1721906,https://ror.org/01e3deq84,,,https://ror.org/045dhqd98,,
,,Guagua National Colleges*en,active,education,,Guagua National Colleges*en,GNC*en,http://www.gnc.edu.ph,,gnc.edu.ph,1918,,,,,,,Q5613292,Q5613292,Guagua,Philippines,1712627,https://ror.org/0094cg067,,,,,
,,"Holy Cross College Sta. Rosa, N.E., Inc.*en",active,education,,"Holy Cross College Sta. Rosa, N.E., Inc.*en",HCC*en,https://holycross.edu.ph,,holycross.edu.ph,1946,,,,,,,,,Santa Rosa,Philippines,1687888,https://ror.org/025rfyb47,,,,,
,,"Holy Cross Colleges, Inc.*en",active,education,,"Holy Cross Colleges, Inc.*en; Holy Cross College Pampanga*en",HCCP*en,http://www.holycrosscollegepampanga.edu.ph,,holycrosscollegepampanga.edu.ph,1945,,,,,,,,,Santa Ana,Philippines,1688398,https://ror.org/02p4e5p26,,,,,
,,Jesus Is Lord Colleges Foundation*en,active,education,,Jesus Is Lord Colleges Foundation*en,JILCF*en,http://www.jilcf.edu.ph,,jilcf.edu.ph,,,,,,,,,,Bocaue,Philippines,1724489,https://ror.org/03j84hd39,,,,,
,,Manuel V. Gallego Foundation Colleges*en,active,education,,Manuel V. Gallego Foundation Colleges*en,MVGFC*en;MVGFCI*en,https://mvgallego.edu.ph,,mvgallego.edu.ph,1960,,,,,,,,,Cabanatuan City,Philippines,1721906,https://ror.org/05jwfe064,,,,,
,,"Meycauayan College, Inc.*en",active,education,Meycauayan College*en;Meycauayan Institute*en,"Meycauayan College, Inc.*en",,http://www.meycauayancollege.edu.ph,,meycauayancollege.edu.ph,1925,,,,,,,Q12963126,Q12963126,Meycauayan,Philippines,1699802,https://ror.org/047b9z909,,,,,
,,"Osias Colleges, Inc.*en",active,education,Osias Colleges*en,"Osias Colleges, Inc.*en",,https://osiascolleges.edu.ph,,osiascolleges.edu.ph,1949,,,,,,,,,Tarlac City,Philippines,1682812,https://ror.org/05cxbwm52,,,,,
,,St. Mary's College of Meycauayan*en,active,education,Saint Mary's College of Meycauayan*en,St. Mary's College of Meycauayan*en,SMCM*en,http://www.smcm.edu.ph,,smcm.edu.ph,1916,,,,,,,Q7590250,Q7590250,Meycauayan,Philippines,1699802,https://ror.org/035a0rv24,,,,,
,,Northern Zambales College*en,active,education,"Northern Zambales College, Inc.*en",Northern Zambales College*en,NZC*en,https://nzccjed.weebly.com,,nzccjed.weebly.com,,,,,,,,,,Masinloc,Philippines,1700665,https://ror.org/03eqedq43,,,,,
,,Maritime Academy of Asia and the Pacific*en,active,education,,Maritime Academy of Asia and the Pacific*en,MAAP*en,https://www.maap.edu.ph,,maap.edu.ph,1998,,,,,,,Q712006,Q712006,Mariveles,Philippines,1700868,https://ror.org/047nvrh27,,,,,
,,Asia Pacific College of Advanced Studies*en,active,education,"Asia Pacific College of Advanced Studies, Inc.*en;Asia Pacific Academy of Bataan*en",Asia Pacific College of Advanced Studies*en,APCAS*en,https://www.apcas.education,,apcas.education,1999,,,,,,,,,Balanga,Philippines,1728523,https://ror.org/0160f4y02,,,,,
,,College of Mary Immaculate*en,active,education,,College of Mary Immaculate*en,CMI*en,https://collegeofmaryimmaculate.edu.ph,,collegeofmaryimmaculate.edu.ph,,,,,,,,,,Pandi,Philippines,1695462,https://ror.org/01yttbc29,,,,,
,,St. Mary's College of Baliuag*en,active,education,Saint Mary's College of Baliuag*en; St. Mary's College of Baliuag Inc.*en,St. Mary's College of Baliuag*en,SMCB*en,http://www.smcbaliuag.edu.ph,,smcbaliuag.edu.ph,1912,,,,,,,Q7590246,Q7590246,Baliuag,Philippines,1727995,https://ror.org/02wfk3f12,,,,,
,,Mary the Queen College (Pampanga)*en,active,education,,Mary the Queen College (Pampanga)*en; Dalubhasaang Maria ang Reyna*tl,MQC*en,http://www.mqc.edu.ph,,mqc.edu.ph,2003,,,,,,,,,Guagua,Philippines,1712627,https://ror.org/016dfqb04,,,,,
,,The Manila Times College of Subic*en,active,education,,The Manila Times College of Subic*en,TMTCS*en,https://tmtc.edu.ph,,tmtc.edu.ph,2008,,,,,,,,,Olongapo City,Philippines,1697175,https://ror.org/0226dv744,,,,,
,,St. Nicolas College of Business and Technology*en,active,education,St. Nicolas College*en,St. Nicolas College of Business and Technology*en,SNC*en,https://snc.edu.ph,,snc.edu.ph,2004,,,,,,,,,San Fernando City,Philippines,1690039,https://ror.org/012q6y271,,,,,
,,College of Our Lady of Mt. Carmel (Pampanga)*en,active,education,College of Our Lady of Mt. Carmel*en,College of Our Lady of Mt. Carmel (Pampanga)*en,COLMC*en,https://colmc.edu.ph,,colmc.edu.ph,2005,,,,,,,,,City of San Fernando,Philippines,1690039,https://ror.org/00ejdkx02,,,,,
,,Colegio de Calumpit Inc.*es,active,education,Calumpit Institute*en,Colegio de Calumpit Inc.*es,CCI*es,https://cdci.edu.ph,,cdci.edu.ph,1947,,,,,,,,,Calumpit,Philippines,1720034,https://ror.org/04qqcn385,,,,,
,,Liceo de Pulilan Colleges*en,active,education,"Liceo de Pulilan Colleges, Inc.*en",Liceo de Pulilan Colleges*en,,,,,,,,,,,,,,Pulilan,Philippines,1692565,https://ror.org/0230k8d51,,,,,
,,Our Lady of Sacred Heart College of Guimba*en,active,education,Our Lady of the Sacred Heart College of Guimba*en,Our Lady of Sacred Heart College of Guimba*en,OLSHCO*en,,,,,,,,,,,,,Guimba,Philippines,1712488,https://ror.org/04dec2x70,,,,,
,,Santa Rita College of Pampanga*en,active,education,,Santa Rita College of Pampanga*en,,,,,,,,,,,,,,Santa Rita,Philippines,1687936,https://ror.org/03zkf1968,,,,,
,,Colegio de Sebastian-Pampanga*es,active,education,"Colegio de Sebastian – Pampanga, Inc.*es",Colegio de Sebastian-Pampanga*es,,http://www.cds.edu.ph,,cds.edu.ph,,,,,,,,,,San Fernando City,Philippines,1690039,https://ror.org/04jth4n38,,,,,
,,"College of Our Lady of Mercy of Pulilan Foundation, Inc.*en",active,education,,"College of Our Lady of Mercy of Pulilan Foundation, Inc.*en",COLM*en,http://www.colm.edu.ph,,colm.edu.ph,2006,,,,,,,,,Pulilan,Philippines,1692565,https://ror.org/02z3bs867,,,,,
,,Immaculate Conception I-College of Arts and Technology*en,active,education,Immaculate Conception I College of Arts and Technology*en,Immaculate Conception I-College of Arts and Technology*en,,,,,,,,,,,,,,Santa Maria,Philippines,1688042,https://ror.org/00c2v9e45,,,,,
,,Richwell Colleges*en,active,education,"Richwell Colleges, Incorporated*en",Richwell Colleges*en,,,,richwellcolleges.com.ph,,,,,,,,,,Plaridel,Philippines,1693239,https://ror.org/01v6aek25,,,,,
,,Araullo University-San Jose Campus*en,active,education,Phinma Araullo University - San Jose Campus*en,Araullo University-San Jose Campus*en,,,,,,,,,,,,,,San Jose City,Philippines,1689431,https://ror.org/019fd0v20,https://ror.org/02htv7m79,,,,
,,NU Clark*en,active,education,,NU Clark*en,,https://national-u.edu.ph/nu-clark,,,,,,,,,,,,Mabalacat City,Philippines,1704703,https://ror.org/04eezbc41,https://ror.org/000a8qk84,,,,
,,Bataan Peninsula State University-Dinalupihan*en,active,education,,Bataan Peninsula State University-Dinalupihan*en,,,,,2007,,,,,,,,,Dinalupihan,Philippines,1714766,https://ror.org/02hvxpn15,https://ror.org/018gzjd49,,,,
,,Bataan Peninsula State University-Abucay*en,active,education,,Bataan Peninsula State University-Abucay*en,,,,,,,,,,,,,,Abucay,Philippines,1732354,https://ror.org/01fg9m133,https://ror.org/018gzjd49,,,,
,,Bulacan State University-San Jose del Monte*en,active,education,,Bulacan State University-San Jose del Monte*en; Bulacan State University-Sarmiento Campus*en,,http://www.bulsu.edu.ph,,,1998,,,,,,,,,San Jose del Monte,Philippines,1689395,https://ror.org/040kdtp69,https://ror.org/01c5aqg65,,,,
,,Polytechnic University of the Philippines-Mariveles*en,active,education,,Polytechnic University of the Philippines-Mariveles*en; PUP Bataan Campus*en,,https://www.pup.edu.ph/bataan/,,,1976,,,,,,,,,Mariveles,Philippines,1700868,https://ror.org/04mt1yp95,https://ror.org/00e7vmq69,,,,
,,President Ramon Magsaysay State University-Botolan*en,active,education,,President Ramon Magsaysay State University-Botolan*en,,,,,1993,,,,,,,,,Botolan,Philippines,1723822,https://ror.org/00gs8sj29,https://ror.org/0150mxn38,,,,
,,President Ramon Magsaysay State University-Masinloc*en,active,education,,President Ramon Magsaysay State University-Masinloc*en,,https://prmsu.edu.ph,,,2002,,,,,,,,,Masinloc,Philippines,1700665,https://ror.org/01dyf3f85,https://ror.org/0150mxn38,,,,
,,Tarlac Agricultural University*en,active,education,Tarlac College of Agriculture*en,Tarlac Agricultural University*en,TAU*en,https://www.tau.edu.ph,,tau.edu.ph,1944,,,,,,,,,Camiling,Philippines,1719683,https://ror.org/014209x62,,,,,
,,President Ramon Magsaysay State University-San Marcelino*en,active,education,,,,https://prmsu.edu.ph,,prmsu.edu.ph,1927,,,,,,,,,San Marcelino,Philippines,1689099,https://ror.org/05cm92e76,https://ror.org/0150mxn38,,,,
,,Aurora State College of Technology*en,active,education,,Aurora State College of Technology*en; Kolehiyong Pampamahalaan sa Teknolohiya ng Aurora*tl,ASCOT*en,https://ascot.edu.ph,,ascot.edu.ph,1993,,,,,,,Q4822613,Q4822613,Baler,Philippines,1728264,https://ror.org/02en6hh83,,,,,
,,Philippine Merchant Marine Academy*en,active,education,,Philippine Merchant Marine Academy*en,PMMA*en,https://pmma.edu.ph,,pmma.edu.ph,1820,,,,,,,Q7185162,Q7185162,San Narciso,Philippines,1688912,https://ror.org/04884x761,,,,,
,,Polytechnic University of the Philippines-Pulilan*en,active,education,PUP Pulilan*en,Polytechnic University of the Philippines-Pulilan*en,,https://www.pup.edu.ph/pulilan/,,,2000,,,,,,,Q17085947,Q17085947,Pulilan,Philippines,1692565,https://ror.org/05bpfj646,https://ror.org/00e7vmq69,,,,
,,Polytechnic University of the Philippines-Sta. Maria Bulacan*en,active,education,"PUP Sta. Maria, Bulacan Campus*en",Polytechnic University of the Philippines-Sta. Maria Bulacan*en,,https://www.pup.edu.ph/stamaria/,,,,,,,,,,,,Santa Maria,Philippines,1688042,https://ror.org/04q3k1e49,https://ror.org/00e7vmq69,,,,
,,Bulacan State University-San Rafael Campus*en,active,education,,Bulacan State University-San Rafael Campus*en,,http://www.bulsu.edu.ph,,,2022,,,,,,,,,San Rafael,Philippines,1688642,https://ror.org/03kya6362,https://ror.org/01c5aqg65,,,,
,,Kolehiyo ng Lungsod ng Lipa*tl,active,education,Lipa City Public College*en,Kolehiyo ng Lungsod ng Lipa*tl,KLL*tl,https://kllschool.weebly.com,,kllschool.weebly.com,1994,,,,,,,,,Lipa City,Philippines,1706090,https://ror.org/050w7hq66,,,,,
,,Pamantasan ng Lungsod ng San Pablo*tl,active,education,Dalubhasaan ng Lungsod ng San Pablo*tl,Pamantasan ng Lungsod ng San Pablo*tl,PLSP*tl;DLSP*tl,https://dlsp.edu.ph,,dlsp.edu.ph,1997,,,,,,,,,San Pablo City,Philippines,1688830,https://ror.org/02ke65n76,,,,,
,,Laguna University*en,active,education,,Laguna University*en,LU*en,http://www.lu.edu.ph,,lu.edu.ph,2006,,,,,,,,,Santa Cruz,Philippines,1688253,https://ror.org/00w558n66,,,,,
,,Colegio ng Lungsod ng Batangas*tl,active,education,Pamantasan ng Lungsod ng Batangas*tl,Colegio ng Lungsod ng Batangas*tl,CLB*tl,https://clb.edu.ph,,clb.edu.ph,2005,,,,,,,,,Batangas City,Philippines,1726280,https://ror.org/04wmqjj40,,,,,
,,San Mateo Municipal College*en,active,education,,San Mateo Municipal College*en,SMMC*en,http://www.smmc.edu.ph,,smmc.edu.ph,,,,,,,,,,San Mateo,Philippines,1689056,https://ror.org/055jaaa49,,,,,
,,Antipolo Institute of Technology*en,active,education,,Antipolo Institute of Technology*en,AITECH*en,https://aitech.edu.ph,,aitech.edu.ph,2014,,,,,,,,,Antipolo City,Philippines,1730501,https://ror.org/04s117250,,,,,
,,Tanauan City College*en,active,education,,Tanauan City College*en,TCC*en,,,,,,,,,,,,,Tanauan,Philippines,1683340,https://ror.org/0244p6h40,,,,,
,,Kolehiyo ng Lungsod ng Dasmariñas*tl,active,education,,Kolehiyo ng Lungsod ng Dasmariñas*tl,KLD*tl,https://kld.edu.ph,,kld.edu.ph,2021,,,,,,,,,Dasmariñas,Philippines,1715430,https://ror.org/01pf3cx54,,,,,
,,Colegio de la Ciudad de Tayabas*es,active,education,,Colegio de la Ciudad de Tayabas*es,CCT*es,https://cct-tayabas.com,,cct-tayabas.com,2020,,,,,,,,,Tayabas,Philippines,1682659,https://ror.org/05886fk81,,,,,
,,ACTS Computer College*en,active,education,,ACTS Computer College*en,ACTSCC*en,https://www.actscc.edu.ph,,actscc.edu.ph,1987,,,,,,,,,Santa Cruz,Philippines,1688253,https://ror.org/05j6z1927,,,,,
,,Asia-Pacific Nazarene Theological Seminary*en,active,education,,Asia-Pacific Nazarene Theological Seminary*en,APNTS*en,http://www.apnts.edu.ph,,apnts.edu.ph,1983,,,,,0000 0004 0639 520X,0000 0004 0639 520X,,,Taytay,Philippines,1682598,https://ror.org/04xdhjc52,,,,,
,,Canossa College San Pablo City*en,active,education,Canossa College*en;Canossa College of San Pablo City*en,Canossa College San Pablo City*en,,https://canossacollegespc.com.ph,,canossacollegespc.com.ph,1955,,,,,,,,,San Pablo,Philippines,1688830,https://ror.org/0090f0h74,,,,,
,,Colegio de San Juan de Letran Calamba*es,active,education,Letran Calamba*es,Colegio de San Juan de Letran Calamba*es,CSJL*es,https://www.letran-calamba.edu.ph,,letran-calamba.edu.ph,1979,,,,,,,,,Calamba,Philippines,1720681,https://ror.org/03fg1qd47,,,,,
,,Divine Word School of Theology*en,active,education,Divine Word Seminary Tagaytay*en; Divine Word Seminary*en,Divine Word School of Theology*en,DWST*en,https://dwst-tagaytay.com,,dwst-tagaytay.com,1963,,,,,,,Q5284146,Q5284146,Tagaytay,Philippines,1684553,https://ror.org/03yfg3v44,,,https://ror.org/04ffbf641,,
,,Eastern Quezon College*en,active,education,,Eastern Quezon College*en,,https://eqcgumaca.edu.ph,,eqcgumaca.edu.ph,,,,,,,,,,Gumaca,Philippines,1712162,https://ror.org/04jzrnn64,,,,,
,,Harris Memorial College*en,active,education,,Harris Memorial College*en,,http://www.harris.edu.ph,,harris.edu.ph,1903,,,,,,,Q12966691,Q12966691,Taytay,Philippines,1682598,https://ror.org/02vh12a61,,,,,
,,Imus Institute of Science and Technology*en,active,education,Imus Institute*en,Imus Institute of Science and Technology*en,IIST*en,https://iist.edu.ph/,,iist.edu.ph,1923,,,,,,,,,Imus,Philippines,1710914,https://ror.org/0371kgh35,,,,,
,,Lipa City Colleges*en,active,education,,Lipa City Colleges*en; Mga Kolehiyo ng Lungsod ng Lipa*tl,LCC*en,https://www.lipacitycolleges.edu.ph,,lipacitycolleges.edu.ph,1947,,,,,,,Q12968019,Q12968019,Lipa City,Philippines,1706090,https://ror.org/01ehab422,,,,,
,,Calayan Educational Foundation Inc.*en,active,education,,Calayan Educational Foundation Inc.*en,CEFI*en,https://cefi.edu.ph,,cefi.edu.ph,1973,,,,,,,,,Lucena City,Philippines,1705357,https://ror.org/05wkp9393,,,,,
,,"Northern Quezon College, Inc.*en",active,education,Northern Quezon College*en; Northern Quezon Cooperative College*en,"Northern Quezon College, Inc.*en",NQCI*en,https://nqci.edu.ph/,,nqci.edu.ph,1988,,,,,,,Q25041915,Q25041915,Infanta,Philippines,1710745,https://ror.org/00g2zan81,,,,,
,,University of Perpetual Help - Dr. Jose G. Tamayo Medical University*en,active,education,University of Perpetual Help System-Dr. Jose G. Tamayo Medical University*en;UPH-Dr. Jose G. Tamayo Medical University*en,University of Perpetual Help - Dr. Jose G. Tamayo Medical University*en,DJGTMU*en,https://uphdjgtmedicaluniversity.edu.ph,,uphdjgtmedicaluniversity.edu.ph,1977,,,,,,,,,Biñan,Philippines,1725115,https://ror.org/02n4gym42,,,https://ror.org/0209j4f64,,
,,"Rizal College of Taal, Inc.*en",active,education,Rizal College of Taal*en,"Rizal College of Taal, Inc.*en",,https://rctaal.edu.ph,,rctaal.edu.ph,,,,,,,,,,Taal,Philippines,1685146,https://ror.org/017snvv06,,,,,
,,FEU Roosevelt*en,active,education,,FEU Roosevelt*en,,https://feuroosevelt.edu.ph,,feuroosevelt.edu.ph,1933,,,,,,,Q123774424,Q123774424,Cainta,Philippines,1720840,https://ror.org/0540s6x96,,,https://ror.org/045dhqd98,,
,,"St. Anne College Lucena, Inc.*en",active,education,,"St. Anne College Lucena, Inc.*en",SACLI*en,https://sacli.edu.ph,,sacli.edu.ph,,,,,,,,,,Lucena City,Philippines,1705357,https://ror.org/02301pz17,,,,,
,,St. Bridget College*en,active,education,St. Bridget's College*en; St. Bridget's Academy*en,St. Bridget College*en,SBC*en,http://www.sbcbatangas.edu.ph,,sbcbatangas.edu.ph,1913,,,,,,,Q3547513,Q3547513,Batangas City,Philippines,1726280,https://ror.org/009ge1667,,,,,
,,Saint Michael's College of Laguna*en,active,education,Biñan College*en,Saint Michael's College of Laguna*en,SMCL*en,http://www.smcl.edu.ph,,smcl.edu.ph,1975,,,,,0000 0004 0624 5113,0000 0004 0624 5113,Q7401906,Q7401906,Biñan,Philippines,1725115,https://ror.org/04qj5he39,,,,,
,,San Antonio de Padua College*en,active,education,,San Antonio de Padua College*en,SAPC*en,https://www.sapc.edu.ph,,sapc.edu.ph,1979,,,,,,,,,Pila,Philippines,1693870,https://ror.org/027mjh008,,,,,
,,San Pablo Colleges*en,active,education,,San Pablo Colleges*en,SPC*en,http://www.sanpablocolleges.edu.ph,,sanpablocolleges.edu.ph,1947,,,,,,,,,San Pablo,Philippines,1688830,https://ror.org/04a7wx469,,,,,
,,San Pedro College of Business Administration*en,active,education,,San Pedro College of Business Administration*en,SPCBA*en,https://spcba.edu.ph,,spcba.edu.ph,1986,,,,,,,Q7415104,Q7415104,San Pedro,Philippines,1688749,https://ror.org/00t02jf55,,,,,
,,San Sebastian College-Recoletos de Cavite*en,active,education,,San Sebastian College-Recoletos de Cavite*en,,http://www.sscr.edu,,sscr.edu,1966,,,,,,,Q7415297,Q7415297,Cavite City,Philippines,1717641,https://ror.org/00bk4qt29,,,,,
,,Siena College of Taytay*en,active,education,Siena College Taytay*en,Siena College of Taytay*en,SCT*en,https://sct.edu.ph,,sct.edu.ph,1957,,,,,,,Q7511057,Q7511057,Taytay,Philippines,1682598,https://ror.org/00e2k4e39,,,,,
,,Southeast Asia Interdisciplinary Development Institute*en,active,education,,Southeast Asia Interdisciplinary Development Institute*en,SAIDI*en,https://saidi.edu.ph,,saidi.edu.ph,1965,,,,,,,Q3579363,Q3579363,Antipolo City,Philippines,1730501,https://ror.org/05w0ems17,,,,,
,,Tanauan Institute*en,active,education,,Tanauan Institute*en,,https://www.tanauaninstitute.edu.ph,,tanauaninstitute.edu.ph,1924,,,,,,,,,City of Tanauan,Philippines,1683340,https://ror.org/02n4wt385,,,,,
,,Tomas Claudio Colleges*en,active,education,,Tomas Claudio Colleges*en,TCC*en,https://www.tomasclaudiocolleges.edu.ph,,tomasclaudiocolleges.edu.ph,,,,,,,,,,Morong,Philippines,1699205,https://ror.org/01v856b86,,,,,
,,University of Perpetual Help System DALTA-Molino*en,active,education,UPHSD Molino*en,University of Perpetual Help System DALTA-Molino*en,,https://perpetualdalta.edu.ph/new/molino-campus-home/,,,1995,,,,,,,,,Bacoor,Philippines,1729524,https://ror.org/02bqtna37,https://ror.org/05vx7wd63,,,,
,,STI College Calamba*en,active,education,,STI College Calamba*en,,https://www.sti.edu/campuses/calamba,,,,,,,,,,,,Calamba,Philippines,1720681,https://ror.org/02dvnmd47,,,,,
,,Sta. Teresa College*en,active,education,Santa Teresa College*en,Sta. Teresa College*en,STC*en,,,,1940,,,,,,,Q16900622,Q16900622,Bauan,Philippines,1725991,https://ror.org/05tq3f431,,,,,
,,STI College Bacoor*en,active,education,,STI College Bacoor*en,STI*en,https://www.sti.edu/campuses/bacoor,,,,,,,,,,,,Bacoor,Philippines,1729524,https://ror.org/043ytk502,,,,,
,,Trace College*en,active,education,,Trace College*en,,http://www.tracecollege.edu.ph,,tracecollege.edu.ph,,,,,,,,,,Los Baños,Philippines,1705536,https://ror.org/0278yhy42,,,,,
,,AMA Computer College-Biñan*en,active,education,,AMA Computer College-Biñan*en,,http://www.amaes.edu.ph,,amaes.edu.ph,,,,,,,,,,Biñan,Philippines,1725115,https://ror.org/04f2aza87,https://ror.org/001r73k91,,,,
,,Maryhill College*en,active,education,"Maryknoll Academy*en; Maryhill College, Inc.*en",Maryhill College*en; Dalubhasaang Maryhill*tl,,https://maryhillcollege.edu.ph,,maryhillcollege.edu.ph,1938,,,,,,,Q25047960,Q25047960,Lucena City,Philippines,1705357,https://ror.org/05574cd32,,,,,
,,Colegio San Agustin - Biñan*en,active,education,Colegio San Agustin-Biñan*en,Colegio San Agustin - Biñan*en,,https://www.csa-binan.edu.ph,,csa-binan.edu.ph,1985,,,,,,,Q5142887,Q5142887,Biñan,Philippines,1725115,https://ror.org/00vgm3634,,,,,
,,AMA Computer College-Calamba*en,active,education,,AMA Computer College-Calamba*en,,http://www.amaes.edu.ph,,amaes.edu.ph,,,,,,,,,,Calamba,Philippines,1720681,https://ror.org/03hfgp475,https://ror.org/001r73k91,,,,
,,First Asia Institute of Technology and Humanities*en,active,education,FAITH Colleges*en,First Asia Institute of Technology and Humanities*en,FAITH*en,https://firstasia.edu.ph,,firstasia.edu.ph,2000,,,,,0000 0004 0592 8852,0000 0004 0592 8852,,,Tanauan,Philippines,1683340,https://ror.org/02brd2074,,,,,
,,PHINMA Saint Jude College Dasmariñas Cavite*en,active,education,St. Jude College Dasmariñas Cavite*en,PHINMA Saint Jude College Dasmariñas Cavite*en,,https://sjcdc.phinma.edu.ph,,,1999,,,,,,,Q7589408,Q7589408,Dasmariñas,Philippines,1715430,https://ror.org/015dy6324,,,https://ror.org/05pd6be13,,
,,Baptist Bible Seminary and Institute*en,active,education,,Baptist Bible Seminary and Institute*en,BBSI*en,https://bbsi.edu.ph,,bbsi.edu.ph,1930,,,,,,,,,Taytay,Philippines,1682598,https://ror.org/03eejzd24,,,,,
,,Unida Christian Colleges*en,active,education,,Unida Christian Colleges*en,,,,unida-ucc.edu.ph,1996,,,,,,,Q7884813,Q7884813,Imus,Philippines,1710914,https://ror.org/010c4nt47,,,,,
,,STI College Santa Rosa*en,active,education,,STI College Santa Rosa*en,,https://www.sti.edu/campuses/santarosa,,,,,,,,,,,,Santa Rosa,Philippines,1687894,https://ror.org/0454ch746,,,,,
,,Olivarez College Tagaytay*en,active,education,,Olivarez College Tagaytay*en; Olivarez College-Tagaytay*en,OCT*en,https://www.olivarezcollegetagaytay.edu.ph,,olivarezcollegetagaytay.edu.ph,2003,,,,,,,,,Tagaytay,Philippines,1684553,https://ror.org/03s3rpt55,,,,,
,,St. Dominic College of Asia*en,active,education,St. Dominic College of Arts & Sciences*en,St. Dominic College of Asia*en,SDCA*en,http://www.stdominiccollege.edu.ph,,stdominiccollege.edu.ph,2003,,,,,,,Q7587757,Q7587757,Bacoor,Philippines,1729524,https://ror.org/027v55f10,,,,,
,,Westmead International School*en,active,education,Batangas Institute of Science and Technology*en,Westmead International School*en,WIS*en,https://westmead-is.edu.ph,,westmead-is.edu.ph,2004,,,,,,,Q7989077,Q7989077,Batangas City,Philippines,1726280,https://ror.org/01zpa1k28,,,,,
,,NYK-TDG Maritime Academy*en,active,education,,NYK-TDG Maritime Academy*en,NTMA*en,https://ntma.edu.ph,,ntma.edu.ph,2007,,,,,,,Q12968467,Q12968467,Calamba,Philippines,1720681,https://ror.org/013tjsb82,,,https://ror.org/02kg4mg53,,
,,Our Lady of Fatima University Antipolo*en,active,education,Our Lady of Fatima University-Antipolo*en; OLFU Antipolo*en,Our Lady of Fatima University Antipolo*en,,https://fatima.edu.ph,,,2007,,,,,,,,,Antipolo City,Philippines,1730501,https://ror.org/00wg1s321,https://ror.org/05wzft155,,,,
,,Lyceum of the Philippines University-Cavite*en,active,education,Lyceum of the Philippines-Cavite*en,Lyceum of the Philippines University-Cavite*en; Pamantasang Liseo ng Pilipinas-Kabite*tl,LPU-C*en,http://cavite.lpu.edu.ph,,cavite.lpu.edu.ph,2008,,,,,,,,,General Trias,Philippines,1713014,https://ror.org/02h7xm742,https://ror.org/027e56k73,,,,
,,FEU Cavite*en,active,education,Far Eastern College-Silang*en,FEU Cavite*en,,https://www.feucavite.edu.ph,,feucavite.edu.ph,2009,,,,,,,Q25053719,Q25053719,Silang,Philippines,1686547,https://ror.org/03s3w6148,https://ror.org/045dhqd98,,,,
,,Trimex Colleges*en,active,education,,Trimex Colleges*en,,https://trimexcolleges.edu.ph,,trimexcolleges.edu.ph,1994,,,,,,,,,Biñan,Philippines,1725115,https://ror.org/02yxnf271,,,,,
,,"CSTC College of Sciences, Technology and Communications-Sariaya*en",active,education,"College of Sciences, Technology and Communications, Inc.*en","CSTC College of Sciences, Technology and Communications-Sariaya*en",CSTC*en,http://www.cstc.edu.ph,,cstc.edu.ph,1991,,,,,,,,,Sariaya,Philippines,1687164,https://ror.org/02waddr18,,,,,
,,"Mary Help of Christians College - Salesian Sisters, Inc.*en",active,education,Mary Help of Christians College*en; Mary Help of Christians School*en,"Mary Help of Christians College - Salesian Sisters, Inc.*en",MHCC*en,https://maryhelpcanlubang.com,,maryhelpcanlubang.com,1973,,,,,,,,,Calamba,Philippines,1720681,https://ror.org/034bj4830,,,,,
,,University of Batangas-Lipa*en,active,education,UB Lipa*en,University of Batangas-Lipa*en,UBLC*en,http://www.ub.edu.ph,,,,,,,,,,,,Lipa City,Philippines,1706090,https://ror.org/03v024862,https://ror.org/05bq59x90,,,,
,,CARD-MRI Development Institute*en,active,education,CARD MRI Development Institute*en; CARD-MRI Development Institute Inc.*en,CARD-MRI Development Institute*en,CMDI*en,http://www.cardmri.com/cmdi,,,,,,,,,,,,Bay,Philippines,1725919,https://ror.org/0471v4a15,,,,,
,,"Saint Benilde International School (Calamba), Inc.*en",active,education,Saint Benilde International School-Calamba*en,"Saint Benilde International School (Calamba), Inc.*en",SBIS*en,https://www.saintbenilde.edu.ph,,saintbenilde.edu.ph,2003,,,,,,,,,Calamba,Philippines,1720681,https://ror.org/029a88073,,,,,
,,NU Dasmariñas*en,active,education,National University Dasmariñas*en,NU Dasmariñas*en,,https://www.national-u.edu.ph,,,2021,,,,,,,,,Dasmariñas,Philippines,1715430,https://ror.org/02h73yh63,https://ror.org/000a8qk84,,,,
,,NU Lipa*en,active,education,,NU Lipa*en,,https://national-u.edu.ph,,,2022,,,,,,,,,Lipa City,Philippines,1706090,https://ror.org/02q2c5775,https://ror.org/000a8qk84,,,,
,,Batangas State University-Balayan*en,active,education,Batangas State University - The National Engineering University Balayan*en,Batangas State University-Balayan*en,,https://batstateu.edu.ph/campuses/balayan,,,1994,,,,,,,,,Balayan,Philippines,1728336,https://ror.org/04x0e8e14,https://ror.org/019en2y21,,,,
,,Batangas State University-Alangilan*en,active,education,,Batangas State University-Alangilan*en,,https://batstateu.edu.ph/alangilan/,,,1984,,,,,,,,,Batangas City,Philippines,1726280,https://ror.org/03jzv0390,https://ror.org/019en2y21,,,,
,,University of Rizal System-Binangonan*en,active,education,,University of Rizal System-Binangonan*en; University of Rizal System – Binangonan Campus*en,URSB*en,http://www.urs.edu.ph/,,,1998,,,,,,,,,Binangonan,Philippines,1725094,https://ror.org/023vtga04,https://ror.org/02ymr0w73,,,,
,,University of Rizal System-Cainta*en,active,education,Cainta Campus*en;URS Cainta Campus*en;URS Cainta*en,University of Rizal System-Cainta*en,,https://www.urs.edu.ph/cainta-campus/,,,1999,,,,,,,,,Cainta,Philippines,1720840,https://ror.org/00tbsmp08,https://ror.org/02ymr0w73,,,,
,,Polytechnic University of the Philippines-Calauan*en,active,education,PUP Calauan*en,Polytechnic University of the Philippines-Calauan*en,,https://www.pup.edu.ph/calauan/,,pup.edu.ph,2009,,,,,,,,,Calauan,Philippines,1720464,https://ror.org/036a1f013,https://ror.org/00e7vmq69,,,,
,,Polytechnic University of the Philippines-Biñan*en,active,education,PUP Biñan Campus*en; PUP Biñan*en,,,https://www.pup.edu.ph/binan/,,,2009,,,,,,,,,Biñan,Philippines,1725115,https://ror.org/058mtn947,https://ror.org/00e7vmq69,,,,
,,Technological University of the Philippines-Cavite*en,active,education,TUP Cavite*en,Technological University of the Philippines-Cavite*en,TUPC*en,http://www.tupcavite.edu.ph,,tupcavite.edu.ph,1979,,,,,,,,,Dasmariñas,Philippines,1715430,https://ror.org/0250zq453,https://ror.org/00v4vjb95,,,,
,,National Aviation Academy of the Philippines-Fernando Air Base Campus*en,active,education,Philippine State College of Aeronautics-Fernando Air Base*en;FERNANDO AIR BASE CAMPUS*en,National Aviation Academy of the Philippines-Fernando Air Base Campus*en,,https://naap.edu.ph,,naap.edu.ph,,,,,,,,,,Lipa City,Philippines,1706090,https://ror.org/02mvz5t90,,,,,
,,Laguna State Polytechnic University-San Pablo City*en,active,education,,Laguna State Polytechnic University-San Pablo City*en,,https://lspu.edu.ph,,,1957,,,,,,,,,San Pablo City,Philippines,1688830,https://ror.org/045m21w26,https://ror.org/00qh12n88,,,,
,,Polytechnic University of the Philippines-San Pedro*en,active,education,"PUP San Pedro, Laguna Campus*en",Polytechnic University of the Philippines-San Pedro*en,,https://www.pup.edu.ph/sanpedro/,,,,,,,,,,,,San Pedro,Philippines,1688749,https://ror.org/03rgg9c63,https://ror.org/00e7vmq69,,,,
,,Polytechnic University of the Philippines-Sta. Rosa*en,active,education,PUP Santa Rosa Campus*en; Polytechnic University of the Philippines Santa Rosa Campus*en,Polytechnic University of the Philippines-Sta. Rosa*en,PUPSRC*en,https://www.pup.edu.ph/starosa/,,,2003,,,,,,,,,Santa Rosa,Philippines,1687894,https://ror.org/01fnsrg95,https://ror.org/00e7vmq69,,,,
,,Polytechnic University of the Philippines-Sto. Tomas*en,active,education,"PUP Sto. Tomas, Batangas Campus*en",Polytechnic University of the Philippines-Sto. Tomas*en,,https://www.pup.edu.ph/stotomas/,,,,,,,,,,,,Santo Tomas,Philippines,1687534,https://ror.org/025y7c518,https://ror.org/00e7vmq69,,,,
,,Cavite State University - Trece Martires City Campus*en,active,education,,,,https://trece.cvsu.edu.ph,,,2005,,,,,,,,,Trece Martires City,Philippines,1681339,https://ror.org/047qnwc59,https://ror.org/043say313,,,,
,,"Eulogio ""Amang"" Rodriguez Institute of Science and Technology-Cavite*en",active,education,"Eulogio ""Amang"" Rodriguez Institute of Science & Technology (EARIST-CAVITE)*en","Eulogio ""Amang"" Rodriguez Institute of Science and Technology-Cavite*en",ECC*en,https://earist.edu.ph/earist-cavite-branch/,,,1982,,,,,,,,,General Mariano Alvarez,Philippines,7405396,https://ror.org/04cvsxc23,,,,,
,,Southern Luzon State University-Infanta*en,active,education,,Southern Luzon State University-Infanta*en,,http://www.slsu.edu.ph,,slsu.edu.ph,1993,,,,,,,,,Infanta,Philippines,1710745,https://ror.org/025h0y871,https://ror.org/00x4epv84,,,,
,,Batangas State University-Lemery*en,active,education,BatStateU Lemery*en,Batangas State University-Lemery*en,,https://batstateu.edu.ph/campuses/lemery/,,,2003,,,,,,,,,Lemery,Philippines,1706863,https://ror.org/00yw06g58,https://ror.org/019en2y21,,,,
,,Batangas State University-Lobo*en,active,education,,Batangas State University-Lobo*en,,https://batstateu.edu.ph/campuses/lobo,,,,,,,,,,,,Lobo,Philippines,1705881,https://ror.org/02e09ss96,https://ror.org/019en2y21,,,,
,,Polytechnic University of the Philippines-Lopez*en,active,education,,Polytechnic University of the Philippines-Lopez*en,,https://www.pup.edu.ph/lopez/,,,1979,,,,,,,,,Lopez,Philippines,1705572,https://ror.org/05y8f1y23,https://ror.org/00e7vmq69,,,,
,,Laguna State Polytechnic University-Los Baños*en,active,education,Laguna State Polytechnic University Los Baños Campus*en,Laguna State Polytechnic University-Los Baños*en,,http://losbanos.lspu.edu.ph,,,1957,,,,,,,,,Los Baños,Philippines,1705536,https://ror.org/01kxcwy98,https://ror.org/00qh12n88,,,,
,,Batangas State University-Malvar*en,active,education,JPLPC-Malvar*en,Batangas State University-Malvar*en,,https://batstateu.edu.ph,,,,,,,,,,,,Malvar,Philippines,1702413,https://ror.org/026sj7w08,https://ror.org/019en2y21,,,,
,,Polytechnic University of the Philippines-Maragondon*en,active,education,,Polytechnic University of the Philippines-Maragondon*en,PUP-MC*en,https://www.pup.edu.ph/maragondon/,,,1987,,,,,,,,,Maragondon,Philippines,1701149,https://ror.org/02w29jw33,https://ror.org/00e7vmq69,,,,
,,University of Rizal System-Morong*en,active,education,,University of Rizal System-Morong*en,,https://www.urs.edu.ph/morong-campus/,,,2001,,,,,,,,,Morong,Philippines,1699205,https://ror.org/04crhjr43,https://ror.org/02ymr0w73,,,,
,,Cavite State University - Naic*en,active,education,Cavite State University-Naic Campus*en;Cavite College of Fisheries*en,Cavite State University - Naic*en,,http://www.cvsu-naic.edu.ph,,cvsu-naic.edu.ph,1960,,,,,,,,,Naic,Philippines,1698548,https://ror.org/02wv29361,https://ror.org/043say313,,,,
,,Batangas State University-Nasugbu*en,active,education,Batangas State University ARASOF-Nasugbu*en;BatState U-ARASOF Nasugbu*en,Batangas State University-Nasugbu*en,,https://batstateu.edu.ph,,batstateu.edu.ph,,,,,,,,,,Nasugbu,Philippines,1698030,https://ror.org/00zpscw98,https://ror.org/019en2y21,,,,
,,University of Rizal System-Pililla*en,active,education,Pililla Campus*en;URS Pililla*en,University of Rizal System-Pililla*en,URSP*en,https://www.urs.edu.ph/pililla-campus/,,,1991,,,,,,,,,Pililla,Philippines,1693778,https://ror.org/00enes289,https://ror.org/02ymr0w73,,,,
,,Cavite State University-Silang Campus*en,active,education,,Cavite State University-Silang Campus*en,,https://cvsu.edu.ph/silang-campus/,,,,,,,,,,,,Silang,Philippines,1686547,https://ror.org/034n57n21,https://ror.org/043say313,,,,
,,Mariners' Polytechnic Colleges Foundation of Canaman*en,active,education,,Mariners' Polytechnic Colleges Foundation of Canaman*en,MPCF*en,https://marinerscanaman.edu.ph,,marinerscanaman.edu.ph,1975,,,,,,,,,Canaman,Philippines,1719463,https://ror.org/05dyd9y06,,,,,
,,ACLC College of Iriga City*en,active,education,,ACLC College of Iriga City*en,ACLC*en,https://www.aclc.edu.ph,,aclc.edu.ph,,,,,,,,,,Iriga City,Philippines,1710544,https://ror.org/01dh0j903,,,https://ror.org/001r73k91,,
,,Ago Medical and Educational Center*en,active,education,,Ago Medical and Educational Center*en; Bicol Christian College of Medicine*en,AMEC-BCCM*en,http://amecbccm.edu.ph,,amecbccm.edu.ph,1980,,,,,,,,,Legazpi,Philippines,1706889,https://ror.org/032r1kf24,,,,,
,,Divine Word College of Legazpi*en,active,education,,Divine Word College of Legazpi*en,DWCL*en,https://www.dwc-legazpi.edu,,dwc-legazpi.edu,1947,,,,,0000 0004 0623 9880,0000 0004 0623 9880,Q5284150,Q5284150,Legazpi,Philippines,1706889,https://ror.org/012bqrm04,,,,,
,,Bicol Christian College of Medicine*en,active,education,Ago Medical and Educational Center - Bicol Christian College of Medicine*en,Bicol Christian College of Medicine*en,BCCM*en; AMEC-BCCM*en,http://www.amecbccm.edu.ph,,amecbccm.edu.ph,1980,,,,,,,,,Legazpi,Philippines,1706889,https://ror.org/04pkfja56,,,,,
,,Masbate Colleges*en,active,education,,Masbate Colleges*en,,https://masbatecolleges.com,,masbatecolleges.com,,,,,,,,,,Masbate,Philippines,1700712,https://ror.org/0276r7g65,,,,,
,,Osmeña Colleges*en,active,education,,Osmeña Colleges*en,,https://oc.edu.ph,,oc.edu.ph,,,,,,,,,,Masbate,Philippines,1700712,https://ror.org/03kpsps60,,,,,
,,"St. Louise de Marillac College of Sorsogon, Inc.*en",active,education,Colegio de la Milagrosa*es,"St. Louise de Marillac College of Sorsogon, Inc.*en",SLMCS*en;SLMCSI*en,https://slmcsi.edu.ph,,slmcsi.edu.ph,1937,,,,,,,,,Sorsogon City,Philippines,1685755,https://ror.org/047w4qw23,,,,,
,,Tabaco College*en,active,education,,Tabaco College*en,,,,,1982,,,,,,,,,Tabaco,Philippines,1685117,https://ror.org/048jahx36,,,,,
,,La Consolacion College Daet*en,active,education,La Consolacion College of Daet*en,La Consolacion College Daet*en,,https://lcc-daet.edu.ph,,lcc-daet.edu.ph,1948,,,,,,,Q17075053,Q17075053,Daet,Philippines,1716287,https://ror.org/00wwhw417,,,,,
,,Mabini Colleges*en,active,education,,Mabini Colleges*en,,https://mabinicolleges.edu.ph,,mabinicolleges.edu.ph,1924,,,,,,,,,Daet,Philippines,1716287,https://ror.org/009rcdf32,,,,,
,,Our Lady of Lourdes College Foundation*en,active,education,,Our Lady of Lourdes College Foundation*en,OLLCF*en,https://ollcf.edu.ph,,ollcf.edu.ph,1977,,,,,,,,,Daet,Philippines,1716287,https://ror.org/01wyqvt62,,,,,
,,Bicol College*en,active,education,"Bicol College, Inc.*en",Bicol College*en,BC*en,https://bicolcollege.edu.ph,,bicolcollege.edu.ph,1941,,,,,,,,,Daraga,Philippines,1715507,https://ror.org/01xa4tt04,,,,,
,,Veritas College of Irosin*en,active,education,Irosin Community College*en,Veritas College of Irosin*en,VCI*en,https://veritascollege.edu.ph,,veritascollege.edu.ph,1985,,,,,,,,,Irosin,Philippines,1710531,https://ror.org/019h91n19,,,,,
,,Liceo de San Jacinto Foundation*en,active,education,Liceo De San Jacinto Foundation Incorporated*en,Liceo de San Jacinto Foundation*en,,,,liceodesanjacinto.foundation,,,,,,,,,,San Jacinto,Philippines,1689607,https://ror.org/02vknw283,,,,,
,,Sorsogon State University-Bulan Campus*en,active,education,,Sorsogon State University-Bulan Campus*en,,https://bulan.sorsu.edu.ph,,,1993,,,,,,,,,Bulan,Philippines,1722985,https://ror.org/02mdjx863,https://ror.org/01q36h934,,,,
,,Central Bicol State University of Agriculture-Calabanga*en,active,education,,Central Bicol State University of Agriculture-Calabanga*en,,https://cbsua.edu.ph/calabanga-campus/,,,2000,,,,,,,,,Calabanga,Philippines,1720793,https://ror.org/01g7msv02,https://ror.org/01jdxxe39,,,,
,,Partido State University-Caramoan Campus*en,active,education,,Partido State University-Caramoan Campus*en,,https://www.parsu.edu.ph/caramoan-campus,,,,,,,,,,,,Caramoan,Philippines,1718508,https://ror.org/03vqg7p64,https://ror.org/003njxk77,,,,
,,Bicol State College of Applied Sciences and Technology*en,active,education,Southeast Asian University of Technology*en;SEAUTech*en,Bicol State College of Applied Sciences and Technology*en,BISCAST*en,https://biscast.edu.ph/,,biscast.edu.ph,1911,,,,,,,Q18162894,Q18162894,Naga,Philippines,1698829,https://ror.org/057xjag69,,,,,
,,University of Camarines Norte*en,active,education,Camarines Norte State College*en,University of Camarines Norte*en,UCN*en,https://ucn.edu.ph,,ucn.edu.ph,1992,,,,,,,,,Daet,Philippines,1716287,https://ror.org/044bx6b90,,,https://ror.org/00h8mcj46,,
,,Sorsogon State University-Magallanes Campus*en,active,education,SorSU Magallanes Campus*en,Sorsogon State University-Magallanes Campus*en,,https://sorsu.edu.ph/magallanes-campus/,,,1993,,,,,,,,,Magallanes,Philippines,1704052,https://ror.org/00gwwdc61,https://ror.org/01q36h934,,,,
,,Camarines Norte State College-Mercedes Campus*en,active,education,,Camarines Norte State College-Mercedes Campus*en,,,,,1977,,,,,,,,,Mercedes,Philippines,1699833,https://ror.org/05ekz1y59,,,,,
,,Camarines Sur Polytechnic Colleges*en,active,education,,Camarines Sur Polytechnic Colleges*en,CSPC*en,https://cspc.edu.ph,,cspc.edu.ph,1983,,,,,,,,,Nabua,Philippines,1698921,https://ror.org/045zyz757,,,,,
,,Central Bicol State University of Agriculture-Sipocot*en,active,education,,Central Bicol State University of Agriculture-Sipocot*en,,https://cbsua.edu.ph/sipocot-campus/,,,,,,,,,,,,Sipocot,Philippines,1686078,https://ror.org/05y0gkw35,https://ror.org/01jdxxe39,,,,
,,ACSI College Iloilo*en,active,education,,ACSI College Iloilo*en,ACSI*en,,,acsi.edu.ph,1984,,,,,,,,,Iloilo City,Philippines,1711005,https://ror.org/00djb7v47,,,,,
,,Colegio de San Jose*es,active,education,Colegio de San Jose-Jaro*es,Colegio de San Jose*es,CSJ*es,http://csj.edu.ph,,csj.edu.ph,1872,,,,,0000 0004 0624 7944,0000 0004 0624 7944,Q5142935,Q5142935,Iloilo City,Philippines,1711005,https://ror.org/02c3t0694,,,,,
,,Colegio del Sagrado Corazon de Jesus*es,active,education,"Colegio del Sagrado Corazon de Jesus, Inc.*es",Colegio del Sagrado Corazon de Jesus*es; Colegio del Sagrado Corazón de Jesús*es,CSCJ*es,https://www.cscj.edu.ph,,cscj.edu.ph,1917,,,,,,,,,Iloilo City,Philippines,1711005,https://ror.org/03kz44028,,,,,
,,Iloilo Doctors' College*en,active,education,Iloilo Doctors College*en; Iloilo Doctors' Hospital School of Nursing and Midwifery*en,Iloilo Doctors' College*en,IDC*en,https://www.idc.edu.ph,,idc.edu.ph,1972,,,,,,,Q17073547,Q17073547,Iloilo City,Philippines,1711005,https://ror.org/0525t7q65,,,,,
,,John B. Lacson Foundation Maritime University-Molo*en,active,education,"John B. Lacson Foundation Maritime University (Molo), Inc.*en",John B. Lacson Foundation Maritime University-Molo*en,JBLFMU-Molo*en,https://www.jblfmu.edu.ph/academics/our-campuses/jblfmu-molo,,,1976,,,,,,,,,Iloilo City,Philippines,1711005,https://ror.org/05gxaf189,https://ror.org/01fr0xp26,,,,
,,John B. Lacson Foundation Maritime University-Arevalo*en,active,education,"John B. Lacson Foundation Maritime University (Arevalo), Inc.*en;JBLFMU-Arevalo*en",John B. Lacson Foundation Maritime University-Arevalo*en,,,,arevalo.jblfmu.edu.ph,1973,,,,,,,,,Iloilo City,Philippines,1711005,https://ror.org/042rmbc57,https://ror.org/01fr0xp26,,,,
,,Western Institute of Technology*en,active,education,,Western Institute of Technology*en,WIT*en,http://www.wit.edu.ph,,wit.edu.ph,1964,,,,,,,Q3579258,Q3579258,Iloilo City,Philippines,1711005,https://ror.org/018bpg886,,,,,
,,Colegio de la Purisima Concepcion*es,active,education,,Colegio de la Purisima Concepcion*es,CPC*es,https://www.purisima.edu.ph,,purisima.edu.ph,1948,,,,,,,,,Roxas City,Philippines,1691444,https://ror.org/006wnf152,,,,,
,,Aklan Catholic College*en,active,education,Aklan College*en,Aklan Catholic College*en,,https://acc.edu.ph,,acc.edu.ph,1945,,,,,,,Q4701428,Q4701428,Kalibo,Philippines,1709632,https://ror.org/00eesff14,,,,,
,,Aklan Polytechnic College*en,active,education,Aklan Polytechnic Institute*en,Aklan Polytechnic College*en,APC*en,http://www.aklanpolytechnic.edu.ph,,aklanpolytechnic.edu.ph,1987,,,,,,,Q4701430,Q4701430,Kalibo,Philippines,1709632,https://ror.org/03fjrwa32,,,,,
,,Northwestern Visayan Colleges*en,active,education,,Northwestern Visayan Colleges*en,NVC*en,http://www.nvc.edu.ph,,nvc.edu.ph,1948,,,,,,,Q15262591,Q15262591,Kalibo,Philippines,1709632,https://ror.org/01edwwq51,,,,,
,,St. Anthony's College*en,active,education,St. Anthony's College-Antique*en,St. Anthony's College*en,SAC*en,http://www.sac.edu.ph,,sac.edu.ph,1959,,,,,,,Q48739510,Q48739510,San Jose,Philippines,1689540,https://ror.org/03xat8586,,,,,
,,St. Therese-MTC Colleges-Tigbauan*en,active,education,,St. Therese-MTC Colleges-Tigbauan*en,ST-MTCC*en;STMTCC*en,https://stmtcc.edu.ph,,stmtcc.edu.ph,1983,,,,,,,,,Tigbauan,Philippines,1682250,https://ror.org/00e4y6p89,,,,,
,,Northern Iloilo State University-Ajuy Campus*en,active,education,,Northern Iloilo State University-Ajuy Campus*en,,https://www.nisu.edu.ph/index.php/external-campuses/ajuy-campus,,,1948,,,,,,,,,Ajuy,Philippines,1731765,https://ror.org/059thyd62,https://ror.org/03geepx94,,,,
,,Northern Iloilo State University-Barotac Viejo Campus*en,active,education,,Northern Iloilo State University-Barotac Viejo Campus*en,,https://www.nisu.edu.ph/index.php/external-campuses/barotac-viejo-campus,,,1989,,,,,,,,,Barotac Viejo,Philippines,1726591,https://ror.org/02tgyb119,https://ror.org/03geepx94,,,,
,,West Visayas State University-Calinog Campus*en,active,education,West Visayas State University Calinog Campus*en,West Visayas State University-Calinog Campus*en,,https://wvsu.edu.ph/satellite-campus/calinog-campus/,,,1947,,,,,,,,,Calinog,Philippines,1720274,https://ror.org/04teprc35,https://ror.org/02wbzep73,,,,
,,Capiz State University-Dayao*en,active,education,CAPSU Dayao*en; Dayao Satellite College*en,Capiz State University-Dayao*en,,https://www.capsu.edu.ph/campus-dayao/,,,1952,,,,,,,,,Roxas City,Philippines,1691444,https://ror.org/03ryt2974,https://ror.org/05vm26792,,,,
,,Northern Iloilo State University-Concepcion Campus*en,active,education,Northern Iloilo State University Concepcion Campus*en;NISU Concepcion Campus*en,Northern Iloilo State University-Concepcion Campus*en,,https://www.nisu.edu.ph/index.php/external-campuses/concepcion-campus,,,1966,,,,,,,,,Concepcion,Philippines,1717022,https://ror.org/03sp59926,https://ror.org/03geepx94,,,,
,,Iloilo State University of Fisheries Science and Technology-Dingle Campus*en,active,education,Iloilo State College of Fisheries-Dingle Campus*en,Iloilo State University of Fisheries Science and Technology-Dingle Campus*en,,https://isufst.edu.ph/dingle-campus-2/,,,2002,,,,,,,,,Dingle,Philippines,1714733,https://ror.org/04xa8cd78,https://ror.org/013xphc70,,,,
,,Iloilo Science and Technology University-Dumangas Campus*en,active,education,,Iloilo Science and Technology University-Dumangas Campus*en,,http://www.isatu.edu.ph,,isatu.edu.ph,,,,,,,,,,Dumangas,Philippines,1714168,https://ror.org/04p0f6g67,https://ror.org/015ve7h33,,,,
,,Aklan State University-Ibajay Campus*en,active,education,Aklan State University-Ibajay*en,Aklan State University-Ibajay Campus*en,,,,,1965,,,,,,,,,Ibajay,Philippines,1711404,https://ror.org/056hvze45,https://ror.org/01bp4wd47,,,,
,,West Visayas State University-Janiuay Campus*en,active,education,,West Visayas State University-Janiuay Campus*en,,https://janiuay.wvsu.edu.ph,,,1946,,,,,,,,,Janiuay,Philippines,1710286,https://ror.org/05ffwt814,https://ror.org/02wbzep73,,,,
,,Aklan State University-Kalibo Campus*en,active,education,,Aklan State University-Kalibo Campus*en,,,,kalibo.asu.edu.ph,,,,,,,,,,Kalibo,Philippines,1709632,https://ror.org/007t4pe29,https://ror.org/01bp4wd47,,,,
,,Capiz State University-Burias Campus*en,active,education,CAPSU Burias Campus*en,Capiz State University-Burias Campus*en,,https://www.capsu.edu.ph/campus-burias/,,,1946,,,,,,,,,Mambusao,Philippines,1702257,https://ror.org/02mnkq448,https://ror.org/05vm26792,,,,
,,Iloilo Science and Technology University-Miagao Campus*en,active,education,,Iloilo Science and Technology University-Miagao Campus*en,,,,,,,,,,,,,,Miagao,Philippines,1699791,https://ror.org/02d4cs113,https://ror.org/015ve7h33,,,,
,,Capiz State University-Pontevedra Campus*en,active,education,,Capiz State University-Pontevedra Campus*en; CAPSU Pontevedra*en,,https://www.capsu.edu.ph/campus-pontevedra/,,,1948,,,,,,,,,Pontevedra,Philippines,1692977,https://ror.org/058a24n44,https://ror.org/05vm26792,,,,
,,West Visayas State University-Pototan Campus*en,active,education,,West Visayas State University-Pototan Campus*en,,https://wvsu.edu.ph/external-campus/pototan-campus/,,,1957,,,,,,,,,Pototan,Philippines,1692817,https://ror.org/04a71ty94,https://ror.org/02wbzep73,,,,
,,Iloilo State University of Fisheries Science and Technology-San Enrique Campus*en,active,education,Iloilo State College of Fisheries-San Enrique Campus*en,Iloilo State University of Fisheries Science and Technology-San Enrique Campus*en,,https://isufst.edu.ph,,isufst.edu.ph,2000,,,,,,,,,San Enrique,Philippines,1690117,https://ror.org/05rtwtg34,https://ror.org/013xphc70,,,,
,,Guimaras State University-Baterna Campus*en,active,education,Guimaras State College-Baterna Campus*en,Guimaras State University-Baterna Campus*en,,https://www.gsu.edu.ph,,,,,,,,,,,,San Lorenzo,Philippines,11778335,https://ror.org/03z1b8w82,https://ror.org/050xe8986,,,,
,,Lapu-Lapu City College*en,active,education,,Lapu-Lapu City College*en,LLCC*en,https://www.llcc.edu.ph,,llcc.edu.ph,2010,,,,,,,Q16256249,Q16256249,Lapu-Lapu City,Philippines,1707267,https://ror.org/023v8fs61,,,,,
,,Mandaue City College*en,active,education,,Mandaue City College*en,,,,mandauecitycollege.edu.ph,2005,,,,,,,Q6747911,Q6747911,Mandaue City,Philippines,1701947,https://ror.org/02kqwft97,,,,,
,,Talisay City College*en,active,education,,Talisay City College*en,TCC*en,https://talisaycitycollege.wixsite.com/mysite,,,2001,,,,,,,,,Talisay City,Philippines,1683881,https://ror.org/04set1n34,,,,,
,,Collegio de Loboc*en,active,education,Colegio de Loboc*en,Collegio de Loboc*en,CDL*en,https://cdl.edu.ph,,cdl.edu.ph,2024,,,,,,,,,Loboc,Philippines,1705871,https://ror.org/03egta891,,,,,
,,Sibonga Community College*en,active,education,,Sibonga Community College*en,SCC*en,https://sibongacommunitycollege.edu.ph,,sibongacommunitycollege.edu.ph,2008,,,,,,,,,Sibonga,Philippines,1686777,https://ror.org/01ssbhv31,,,,,
,,Talibon Polytechnic College*en,active,education,,Talibon Polytechnic College*en,TPC*en,https://tpc.edu.ph,,tpc.edu.ph,,,,,,,,,,Talibon,Philippines,1683961,https://ror.org/0367qr661,,,,,
,,Cebu Roosevelt Memorial Colleges*en,active,education,,Cebu Roosevelt Memorial Colleges*en,CRMC*en,,,crmci.com,1947,,,,,,,,,Bogo,Philippines,1724435,https://ror.org/00k4m3n67,,,,,
,,Asian College of Technology*en,active,education,Asian College of Technology International Educational Foundation*en; ACT-IEF*en,Asian College of Technology*en,ACT*en,https://www.act.edu.ph,,act.edu.ph,1988,,,,,,,Q4806604,Q4806604,Cebu City,Philippines,1717512,https://ror.org/0137srw04,,,,,
,,Cebu Institute of Medicine*en,active,education,,Cebu Institute of Medicine*en,CIM*en,https://www.cim.edu.ph,,cim.edu.ph,1957,,,,,,,Q5055811,Q5055811,Cebu City,Philippines,1717512,https://ror.org/008cbvw24,,,https://ror.org/02kjm5h73; https://ror.org/02a6jmr02,,
,,Matias H. Aznar Memorial College of Medicine*en,active,education,Southwestern University-Matias H. Aznar Memorial College of Medicine*en; MHAM College of Medicine*en,Matias H. Aznar Memorial College of Medicine*en,MHAM*en,https://www.mham.edu.ph,,mham.edu.ph,1970,,,,,,,,,Cebu City,Philippines,1717512,https://ror.org/04bepaf88,,,https://ror.org/05wawev23,,
,,Seminario Mayor de San Carlos*es,active,education,,Seminario Mayor de San Carlos*es,SMSC*es,https://smsc.edu.ph,,smsc.edu.ph,1783,,,,,,,,,Cebu City,Philippines,1717512,https://ror.org/037rbmv25,,,,,
,,University of Cebu-Banilad*en,active,education,University of Cebu Banilad Campus*en,University of Cebu-Banilad*en,,https://uc.edu.ph,,uc.edu.ph,,,,,,,,Q99285570,Q99285570,Cebu City,Philippines,1717512,https://ror.org/04tsff917,https://ror.org/034xkmw20,,,,
,,Lyceum of Cebu*en,active,education,"Lyceum of Cebu, Inc.*en",Lyceum of Cebu*en,,,,lyceumofcebu.edu.ph,,,,,,,,,,Cebu City,Philippines,1717512,https://ror.org/00y8y5082,,,,,
,,"MHAM College, Inc.*en",active,education,,"MHAM College, Inc.*en; MHAM College*en",MHAM*en,https://mhamcollege.edu.ph,,mhamcollege.edu.ph,1947,,,,,,,,,Cebu City,Philippines,1717512,https://ror.org/03rdxt952,,,,,
,,Indiana Aerospace University*en,active,education,Indiana School of Aeronautics*en,Indiana Aerospace University*en,IAU*en,https://iau.com.ph,,iau.com.ph,1992,,,,,,,,,Lapu-Lapu City,Philippines,1707267,https://ror.org/04071db27,,,,,
,,Lapulapu-Cebu International College*en,active,education,Lapu-Lapu Cebu International College*en,Lapulapu-Cebu International College*en,LCIC*en,https://lcic.edu.ph,,lcic.edu.ph,2021,,,,,,,,,Lapu-Lapu City,Philippines,1707267,https://ror.org/04abdw980,,,,,
,,Gullas College of Medicine*en,active,education,"University of the Visayas-Gullas College of Medicine*en; Gullas College of Medicine, Inc.*en",Gullas College of Medicine*en; UV Gullas College of Medicine*en,GCM*en,https://gcm.edu.ph,,gcm.edu.ph,1977,,,,,,,,,Mandaue City,Philippines,1701947,https://ror.org/012jet059,https://ror.org/03ryjp350,,,,
,,University of Cebu-Lapulapu and Mandaue*en,active,education,,University of Cebu-Lapulapu and Mandaue*en,UC-LM*en,http://www.uc.edu.ph,,uc.edu.ph,,,,,,,,,,Mandaue City,Philippines,1701947,https://ror.org/04yxvcq15,https://ror.org/034xkmw20,,,,
,,Benedicto College*en,active,education,,Benedicto College*en,BC*en,https://www.benedictocollege.edu.ph,,benedictocollege.edu.ph,2000,,,,,,,,,Mandaue City,Philippines,1701947,https://ror.org/0094wff48,,,,,
,,Immaculate Heart of Mary Seminary*en,active,education,,Immaculate Heart of Mary Seminary*en,IHMS*en,https://www.ihmsbohol.com,,ihmsbohol.com,1948,,,,,,,,,Tagbilaran,Philippines,1684497,https://ror.org/033754992,,,,,
,,Bohol Wisdom School*en,active,education,,Bohol Wisdom School*en,BWS*en,https://bws.edu.ph,,bws.edu.ph,1928,,,,,,,Q4938197,Q4938197,Tagbilaran,Philippines,1684497,https://ror.org/003znhp13,,,,,
,,University of the Visayas Toledo Campus*en,active,education,University of the Visayas-Toledo City Campus*en,University of the Visayas Toledo Campus*en,UV Toledo*en,https://www.uv.edu.ph/campus/toledo/,,,,,,,,,,,,Toledo City,Philippines,1681602,https://ror.org/00qj0bm25,https://ror.org/03ryjp350,,,,
,,De La Salle Andres Soriano Memorial College*en,active,education,,De La Salle Andres Soriano Memorial College*en,DLSASMC*en,https://dlsasmc.edu.ph,,dlsasmc.edu.ph,1965,,,,,,,Q5244498,Q5244498,Toledo City,Philippines,1681602,https://ror.org/05dp07992,,,,,
,,St. Cecilia's College - Cebu*en,active,education,,St. Cecilia's College - Cebu*en,,,,stcecilias.edu.ph,,,,,,,,,,Minglanilla,Philippines,1699572,https://ror.org/01egz9z72,,,,,
,,Cristal e-College*en,active,education,,Cristal e-College*en,CeC*en,https://cec.edu.ph,,cec.edu.ph,2002,,,,,,,Q139570742,Q139570742,Panglao,Philippines,1695262,https://ror.org/03x013e72,,,,,
,,Mater Dei College*en,active,education,,Mater Dei College*en,MDC*en,https://materdeicollege.edu.ph,,materdeicollege.edu.ph,1983,,,,,,,,,Tubigon,Philippines,1681183,https://ror.org/04frvz394,,,,,
,,Bohol Northern Star Colleges*en,active,education,Bohol Northern Star College*en; Bohol Northeastern Colleges*en,Bohol Northern Star Colleges*en,BNSC*en,,,,1996,,,,,,,,,Ubay,Philippines,1680475,https://ror.org/04kg9mk22,,,,,
,,Bohol Island State University-Balilihan Campus*en,active,education,,Bohol Island State University-Balilihan Campus*en,,https://bisubalilihan.com,,bisubalilihan.com,2009,,,,,,,,,Balilihan,Philippines,1728134,https://ror.org/0174hw475,https://ror.org/00hnkz789,,,,
,,Bohol Island State University-Candijay Campus*en,active,education,,Bohol Island State University-Candijay Campus*en; Bohol Island State University-Candijay*en,,https://bisucandijay.edu.ph,,bisucandijay.edu.ph,1948,,,,,,,,,Candijay,Philippines,1719262,https://ror.org/02ywapy73,https://ror.org/00hnkz789,,,,
,,Cebu Technological University-Cebu City Mountain Satellite Campus*en,active,education,Cebu Technological University-Cebu City Mountain*en,,CCMSC*en,https://www.ctu.edu.ph/cebucitymountain/,,,2015,,,,,,,,,Cebu City,Philippines,1717512,https://ror.org/04sbhfj92,https://ror.org/04x649j07,,,,
,,Cebu Technological University-Daanbantayan Campus*en,active,education,,,,https://www.ctu.edu.ph/daanbantayan/,,,1948,,,,,,,,,Daanbantayan,Philippines,1716388,https://ror.org/04w1zy015,https://ror.org/04x649j07,,,,
,,Cebu Technological University-Pinamungajan Campus*en,active,education,,Cebu Technological University-Pinamungajan Campus*en,CTU-PC*en,https://www.ctu.edu.ph/pinamungajan/,,,2015,,,,,,,,,Pinamungajan,Philippines,1693574,https://ror.org/009fe1p62,https://ror.org/04x649j07,,,,
,,Abuyog Community College*en,active,education,,Abuyog Community College*en,ACC*en,https://accabuyog.com,,accabuyog.com,1979,,,,,,,,,Abuyog,Philippines,1732312,https://ror.org/00px2tg49,,,,,
,,Bato Institute of Science and Technology*en,active,education,"Bato Institute of Science and Technology, Inc.*en",Bato Institute of Science and Technology*en,BIST*en,https://bist.edu.ph,,bist.edu.ph,,,,,,,,,,Bato,Philippines,1726172,https://ror.org/04zjbay32,,,,,
,,Holy Cross College of Carigara*en,active,education,,Holy Cross College of Carigara*en,HCCC*en,https://rcapschools.org/hccc,,,1945,,,,,,,,,Carigara,Philippines,1718393,https://ror.org/05jdjsq68,,,,,
,,Franciscan College of the Immaculate Conception*en,active,education,,Franciscan College of the Immaculate Conception*en,FCIC*en,https://fcic.edu.ph,,fcic.edu.ph,1947,,,,,,,,,Baybay,Philippines,1725799,https://ror.org/00s8krc94,,,,,
,,"Christ the King College of Calbayog City, Inc.*en",active,education,Christ the King College*en; Christ the King College-Calbayog City*en,"Christ the King College of Calbayog City, Inc.*en",CKC*en,https://ckc.edu.ph,,ckc.edu.ph,1905,,,,,,,,,Calbayog City,Philippines,1720402,https://ror.org/02h6cst71,,,,,
,,The College of Maasin*en,active,education,,The College of Maasin*en,,https://www.cm.edu.ph,,cm.edu.ph,,,,,,,,,,Maasin,Philippines,1704757,https://ror.org/039r4wx58,,,,,
,,Doña Remedios Trinidad Romualdez Educational Foundation Inc.*en,active,education,Doña Remedios Trinidad-Romualdez Medical Foundation*en;RTRMF*en,Doña Remedios Trinidad Romualdez Educational Foundation Inc.*en,DRTREFI*en,https://drtrefi.edu.ph,,drtrefi.edu.ph,1980,,,,,,,,,Tacloban City,Philippines,1684712,https://ror.org/04jqm7p69,,,,,
,,"Holy Infant College of Tacloban City, Inc.*en",active,education,,"Holy Infant College of Tacloban City, Inc.*en; Holy Infant College*en; Dalubhasaang Holy Infant*tl",HIC*en,https://holyinfantcollege.edu.ph,,holyinfantcollege.edu.ph,1924,,,,,,,,,Tacloban City,Philippines,1684712,https://ror.org/04956gk90,,,,,
,,"St. Peter's College of Ormoc, Inc.*en",active,education,SPC Ormoc*en,"St. Peter's College of Ormoc, Inc.*en",SPC*en,https://spcormoc.edu.ph,,spcormoc.edu.ph,1914,,,,,,,,,Ormoc City,Philippines,1697018,https://ror.org/02y6dvw59,,,,,
,,Western Leyte College of Ormoc City*en,active,education,Western Leyte College*en,Western Leyte College of Ormoc City*en,WLC*en,http://www.wlcormoc.edu.ph,,wlcormoc.edu.ph,1945,,,,,,,,,Ormoc City,Philippines,1697018,https://ror.org/041cxv349,,,,,
,,STI College Ormoc*en,active,education,,STI College Ormoc*en,,https://www.sti.edu/campuses/ormoc,,,,,,,,,,,,Ormoc City,Philippines,1697018,https://ror.org/05m7rga27,,,,,
,,Saint Paul School of Professional Studies*en,active,education,,Saint Paul School of Professional Studies*en,SPSPS*en,https://spsps.edu.ph,,spsps.edu.ph,,,,,,,,,,Palo,Philippines,1696041,https://ror.org/01w7ykb51,,,,,
,,St. Scholastica's College Tacloban*en,active,education,Saint Scholastica's College-Tacloban*en; St. Scholastica's College of Health Sciences*en,St. Scholastica's College Tacloban*en,SSCTI*en; SSCT*en,https://www.ssctacloban.edu.ph,,ssctacloban.edu.ph,2000,,,,,,,,,Palo,Philippines,1696041,https://ror.org/0327fbg28,,,,,
,,Colegio de Sta. Lourdes of Leyte Foundation*en,active,education,,Colegio de Sta. Lourdes of Leyte Foundation*en,,,,,,,,,,,,,,Tabontabon,Philippines,1684871,https://ror.org/0410xeb43,,,,,
,,Biliran Province State University-Biliran Campus*en,active,education,,Biliran Province State University-Biliran Campus*en,,,,,2019,,,,,,,,,Biliran,Philippines,1725258,https://ror.org/01dq63k86,https://ror.org/02cmwmx57,,,,
,,Eastern Visayas State University-Burauen Campus*en,active,education,,Eastern Visayas State University-Burauen Campus*en,EVSU-BC*en,https://burauen.evsu.edu.ph,,burauen.evsu.edu.ph,1975,,,,,,,,,Burauen,Philippines,1722481,https://ror.org/052wpgs18,https://ror.org/011qdnn53,,,,
,,Eastern Visayas State University - Carigara Campus*en,active,education,Eastern Visayas State University-Carigara Campus*en,Eastern Visayas State University - Carigara Campus*en,,https://carigara.evsu.edu.ph,,,,,,,,,,,,Carigara,Philippines,1718393,https://ror.org/0324zy639,https://ror.org/011qdnn53,,,,
,,Eastern Visayas State University-Dulag Campus*en,active,education,,Eastern Visayas State University-Dulag Campus*en,,https://dulag.evsu.edu.ph,,,2000,,,,,,,,,Dulag,Philippines,1714264,https://ror.org/0439f7265,https://ror.org/011qdnn53,,,,
,,Eastern Visayas State University-Ormoc Campus*en,active,education,,Eastern Visayas State University-Ormoc Campus*en,,https://ormoc.evsu.edu.ph,,ormoc.evsu.edu.ph,1999,,,,,,,,,Ormoc City,Philippines,1697018,https://ror.org/04v5fqs43,https://ror.org/011qdnn53,,,,
,,Northwest Samar State University-San Jorge Campus*en,active,education,,Northwest Samar State University-San Jorge Campus*en,NwSSU-SJC*en,https://sanjorgecampus.nwssu.edu.ph,,sanjorgecampus.nwssu.edu.ph,1998,,,,,,,,,San Jorge,Philippines,1689578,https://ror.org/04gzfx756,https://ror.org/02jaraq65,,,,
,,Palompon Institute of Technology-Tabango Campus*en,active,education,,Palompon Institute of Technology-Tabango Campus*en,,,,,,,,,,,,,,Tabango,Philippines,1685071,https://ror.org/037d9ry41,https://ror.org/05jzcs626,,,,
,,Eastern Visayas State University-Tanauan Campus*en,active,education,,Eastern Visayas State University-Tanauan Campus*en,,https://tanauan.evsu.edu.ph,,tanauan.evsu.edu.ph,,,,,,,,,,Tanauan,Philippines,1683342,https://ror.org/02p64mj35,https://ror.org/011qdnn53,,,,
,,Southern Leyte State University-Tomas Oppus Campus*en,active,education,,Southern Leyte State University-Tomas Oppus Campus*en,SLSU-TO*en,https://southernleytestateu.edu.ph/index.php/en/tomas-oppus-campus2,,,2004,,,,,,,,,Tomas Oppus,Philippines,1681544,https://ror.org/00crvmq53,https://ror.org/0530tab10,,,,
,,Andres Bonifacio College*en,active,education,ABCollege*en,Andres Bonifacio College*en,ABC*en,https://abcollege.edu.ph,,abcollege.edu.ph,1940,,,,,,,Q104282381,Q104282381,Dipolog City,Philippines,1714674,https://ror.org/02nd38635,,,,,
,,DMC College Foundation Inc.*en,active,education,DMC College Foundation*en,DMC College Foundation Inc.*en; DMC-College Foundation*en,DMC*en,https://dmc.edu.ph,,dmc.edu.ph,1974,,,,,,,Q5205599,Q5205599,Dipolog City,Philippines,1714674,https://ror.org/01w4zy644,,,,,
,,St. Vincent's College*en,active,education,Saint Vincent's College*en;St. Vincent's College Incorporated*en,St. Vincent's College*en,,http://www.svc.edu.ph,,svc.edu.ph,,,,,,,,,,Dipolog City,Philippines,1714674,https://ror.org/00r0hff83,,,,,
,,Pagadian Capitol College*en,active,education,"Pagadian Capitol College, Inc.*en",Pagadian Capitol College*en,,,,,,,,,,,,,,Pagadian,Philippines,1696710,https://ror.org/00x64sy60,,,,,
,,Saint Columban College*en,active,education,,Saint Columban College*en,,https://www.sccpag.edu.ph,,sccpag.edu.ph,1957,,,,,,,Q7401140,Q7401140,Pagadian,Philippines,1696710,https://ror.org/04thpfq58,,,,,
,,Southern Mindanao Colleges*en,active,education,,Southern Mindanao Colleges*en,SMC*en,http://www.smcpag.com,,smcpag.com,,,,,,,,Q7570141,Q7570141,Pagadian,Philippines,1696710,https://ror.org/04x8wd165,,,,,
,,Medina College-Ipil*en,active,education,,Medina College-Ipil*en; Dalubhasaang Medina-Ipil*tl,,https://medinacollegeipil.com,,medinacollegeipil.com,2001,,,,,,,Q60767114,Q60767114,Ipil,Philippines,1710612,https://ror.org/04re7tc78,,,https://ror.org/00qej3243,,
,,Sibugay Technical Institute*en,active,education,"Sibugay Technical Institute, Inc.*en",Sibugay Technical Institute*en,,https://sibugaytech.edu.ph,,sibugaytech.edu.ph,,,,,,,,,,Ipil,Philippines,1710612,https://ror.org/00meng212,,,,,
,,Blancia College Foundation*en,active,education,,Blancia College Foundation*en,,,,,,,,,,,,,,Molave,Philippines,1699388,https://ror.org/01zfa2w12,,,,,
,,Saint Joseph College of Sindangan*en,active,education,St. Joseph College of Sindangan Inc.*en,Saint Joseph College of Sindangan*en,SJCSI*en,,,sjcsi.edu.ph,1968,,,,,,,,,Sindangan,Philippines,1686234,https://ror.org/049h6bv30,,,,,
,,Mindanao State University-Buug*en,active,education,Mindanao State University-Buug College*en,Mindanao State University-Buug*en,MSU-Buug*en,https://msubuug.edu.ph,,msubuug.edu.ph,1971,,,,,,,,,Buug,Philippines,1722167,https://ror.org/010jg6n76,https://ror.org/026441d17,,,,
,,Jose Rizal Memorial State University-Dipolog*en,active,education,,Jose Rizal Memorial State University-Dipolog*en,,https://jrmsu.edu.ph,,,,,,,,,,,,Dipolog City,Philippines,1714674,https://ror.org/026xark12,https://ror.org/03ewyw715,,,,
,,Basilan State University*en,active,education,Basilan State College*en,Basilan State University*en,BASSU*en,http://www.bassc.edu.ph,,bassc.edu.ph,1966,,,,,,,Q4867293,Q4867293,Isabela City,Philippines,1710519,https://ror.org/00a4g6m10,,,,,
,,J.H. Cerilles State College - Pagadian*en,active,education,Josefina H. Cerilles State College - Pagadian*en,J.H. Cerilles State College - Pagadian*en,,https://jhcsc.edu.ph,,jhcsc.edu.ph,2005,,,,,,,,,Pagadian,Philippines,1696710,https://ror.org/0358rg175,,,,,
,,Zamboanga Peninsula Polytechnic State University-Vitali*en,active,education,,Zamboanga Peninsula Polytechnic State University-Vitali*en,,https://www.zppsu.edu.ph,,,,,,,,,,,,Zamboanga City,Philippines,1679432,https://ror.org/009egtp97,,,https://ror.org/047276334,,
,,Zamboanga State College of Marine Sciences and Technology*en,active,education,,Zamboanga State College of Marine Sciences and Technology*en,ZSCMST*en,http://www.zscmst.edu.ph,,zscmst.edu.ph,1956,,,,,,,Q8065736,Q8065736,Zamboanga City,Philippines,1679432,https://ror.org/034b6f748,,,,,
,,Josefina H. Cerilles State College-Dumingag*en,active,education,J.H. Cerilles State College-Dumingag Campus*en,Josefina H. Cerilles State College-Dumingag*en; JHCSC-Dumingag Campus*en,,https://jhcsc.edu.ph,,jhcsc.edu.ph,2009,,,,,,,,,Dumingag,Philippines,1714121,https://ror.org/02rvfx675,,,,,
,,Western Mindanao State University-Ipil*en,active,education,WMSU Ipil Campus*en,Western Mindanao State University-Ipil*en,,,,,2000,,,,,,,,,Ipil,Philippines,1710612,https://ror.org/01dbt1y43,https://ror.org/02wqs2q29,,,,
,,Jose Rizal Memorial State University-Katipunan Campus*en,active,education,,Jose Rizal Memorial State University-Katipunan Campus*en,,https://katipunan.jrmsu.edu.ph/,,katipunan.jrmsu.edu.ph,2002,,,,,,,Q137475489,Q137475489,Katipunan,Philippines,1709083,https://ror.org/056f7np39,https://ror.org/03ewyw715,,,,
,,Western Mindanao State University-Malangas*en,active,education,,Western Mindanao State University-Malangas*en,,,,,,,,,,,,,,Malangas,Philippines,1703101,https://ror.org/04rmd8030,https://ror.org/02wqs2q29,,,,
,,Zamboanga Peninsula Polytechnic State University-Malangas*en,active,education,ZPPSU Malangas*en,Zamboanga Peninsula Polytechnic State University-Malangas*en,,https://www.zppsu.edu.ph,,,,,,,,,,,,Malangas,Philippines,1703101,https://ror.org/04p1m9m78,https://ror.org/047276334,,,,
,,Zamboanga del Sur State University*en,active,education,J.H. Cerilles State College*en;Josefina H. Cerilles State College*en,Zamboanga del Sur State University*en,ZDSSU*en,https://jhcsc.edu.ph,,jhcsc.edu.ph,1995,,,,,,,,,San Miguel,Philippines,1689021,https://ror.org/00045mg58,,,,,
,,Jose Rizal Memorial State University-Siocon*en,active,education,,Jose Rizal Memorial State University-Siocon*en,,https://siocon.jrmsu.edu.ph,,siocon.jrmsu.edu.ph,1959,,,,,,,,,Siocon,Philippines,1686123,https://ror.org/01bjv2b62,https://ror.org/03ewyw715,,,,
,,Jose Rizal Memorial State University-Tampilisan*en,active,education,,Jose Rizal Memorial State University-Tampilisan*en,,https://tampilisan.jrmsu.edu.ph,,tampilisan.jrmsu.edu.ph,,,,,,,,,,Tampilisan,Philippines,1683411,https://ror.org/0018sjn06,https://ror.org/03ewyw715,,,,
,,City College of Cagayan de Oro*en,active,education,,City College of Cagayan de Oro*en,CCCDO*en,https://citycollegecdo.edu.ph,,citycollegecdo.edu.ph,2023,,,,,,,,,Cagayan de Oro,Philippines,1721080,https://ror.org/05danda22,,,,,
,,City College of El Salvador*en,active,education,,City College of El Salvador*en,CCE*en,https://cce.edu.ph,,cce.edu.ph,2017,,,,,,,,,El Salvador,Philippines,1713911,https://ror.org/04k6mgf36,,,,,
,,Tangub City Global College*en,active,education,Gov. Alfonso D. Tan College*en,Tangub City Global College*en,TCGC*en; GADTC*en,http://www.gadtc.edu.ph,,gadtc.edu.ph,1984,,,,,,,,,Tangub,Philippines,1683116,https://ror.org/00bm9z717,,,,,
,,Don Carlos Polytechnic College*en,active,education,,Don Carlos Polytechnic College*en,DCPC*en,https://dcpc.edu.ph,,dcpc.edu.ph,,,,,,,,,,Don Carlos,Philippines,1714441,https://ror.org/01e3qhz92,,,,,
,,Tagoloan Community College*en,active,education,,Tagoloan Community College*en,TCC*en,https://tcc.edu.ph,,tcc.edu.ph,2003,,,,,,,,,Tagoloan,Philippines,1684379,https://ror.org/01jq0yy89,,,,,
,,St. Peter's College of Misamis Oriental*en,active,education,St. Peter's College of Balingasag*en,St. Peter's College of Misamis Oriental*en,SPCMOI*en,,,spcmoi.edu.ph,1950,,,,,,,,,Balingasag,Philippines,1728098,https://ror.org/00czjpc81,,,,,
,,St. Rita's College of Balingasag*en,active,education,,St. Rita's College of Balingasag*en,SRCB*en,https://srcb.edu.ph,,srcb.edu.ph,1901,,,,,,,Q7591603,Q7591603,Balingasag,Philippines,1728098,https://ror.org/04ezj4v06,,,,,
,,PHINMA Cagayan de Oro College*en,active,education,Cagayan de Oro College*en,PHINMA Cagayan de Oro College*en,PHINMA COC*en,https://coc.phinma.edu.ph,,coc.phinma.edu.ph,1947,,,,,,,,,Cagayan de Oro,Philippines,1721080,https://ror.org/017tszr07,,,,,
,,Pilgrim Christian College*en,active,education,,Pilgrim Christian College*en,,,,,,,,,,,,,,Cagayan de Oro,Philippines,1721080,https://ror.org/03wtyde07,,,,,
,,Vineyard International Polytechnic College*en,active,education,,Vineyard International Polytechnic College*en,VIPC*en,https://vipc.edu.ph,,vipc.edu.ph,,,,,,,,,,Cagayan de Oro,Philippines,1721080,https://ror.org/01rm6s678,,,,,
,,Christ the King College*en,active,education,,Christ the King College*en,CKC*en,http://www.ckcgingoog.edu.ph,,ckcgingoog.edu.ph,1947,,,,,,,,,Gingoog,Philippines,1712875,https://ror.org/03eamw005,,,,,
,,St. Michael's College of Iligan Inc.*en,active,education,St. Michael's College of Iligan*en,St. Michael's College of Iligan Inc.*en,SMC*en,http://www.smciligan.edu.ph,,smciligan.edu.ph,1914,,,,,,,,,Iligan,Philippines,1711084,https://ror.org/02w0s0p49,,,,,
,,St. Peter's College*en,active,education,,St. Peter's College*en,SPC*en,https://spc.edu.ph,,spc.edu.ph,1952,,,,,,,,,Iligan,Philippines,1711084,https://ror.org/0315tw549,,,,,
,,STI College Iligan*en,active,education,STI College-Iligan*en,STI College Iligan*en,,https://www.sti.edu/campuses/iligan,,,,,,,,,,,,Iligan City,Philippines,1711084,https://ror.org/03h2j7113,,,,,
,,Misamis University-Oroquieta City*en,active,education,"Misamis University, Oroquieta Unit*en",Misamis University-Oroquieta City*en,,,,muo.edu.ph,1967,,,,,,,,,Oroquieta,Philippines,1697006,https://ror.org/00xp73r46,https://ror.org/059t51t95,,,,
,,Southern de Oro Philippines College*en,active,education,Southern Philippines College*en,Southern de Oro Philippines College*en,SPC*en,https://spccdo.edu.ph,,spccdo.edu.ph,1981,,,,,,,,,Cagayan de Oro,Philippines,1721080,https://ror.org/01mtg8y26,,,,,
,,Medina College*en,active,education,Medina College-Ozamiz*en,Medina College*en,,,,,1963,,,,,,,Q17078678,Q17078678,Ozamiz,Philippines,1696899,https://ror.org/059hq5849,,,https://ror.org/00qej3243,,
,,ACLC College of Bukidnon*en,active,education,,ACLC College of Bukidnon*en,ACLC*en,http://www.aclcbukidnon.com,,aclcbukidnon.com,2002,,,,,,,,,Valencia City,Philippines,1680116,https://ror.org/00web5x38,https://ror.org/001r73k91,,,,
,,IBA College of Mindanao Inc.*en,active,education,,IBA College of Mindanao Inc.*en,IBACMI*en;IBACM*en,https://www.ibacmi.edu.ph,,ibacmi.edu.ph,2004,,,,,,,,,Valencia,Philippines,1680116,https://ror.org/02a9yas50,,,,,
,,Mountain View College*en,active,education,,Mountain View College*en,MVC*en,http://www.mvc.edu.ph,,mvc.edu.ph,1949,,,,,0000 0004 0474 5640,0000 0004 0474 5640,,,Valencia City,Philippines,1680116,https://ror.org/04mrdrb10,,,,,
,,Philippine College Foundation*en,active,education,,Philippine College Foundation*en,PCF*en,https://www.pcf.edu.ph,,pcf.edu.ph,,,,,,,,,,Valencia City,Philippines,1680119,https://ror.org/01fj2w704,,,,,
,,San Agustin Institute of Technology*en,active,education,,San Agustin Institute of Technology*en,SAIT*en,https://sait.edu.ph,,sait.edu.ph,1960,,,,,,,Q3579342,Q3579342,Valencia City,Philippines,1680116,https://ror.org/04yhqbv02,,,,,
,,Christ the King College de Maranding*en,active,education,"Christ the King College de Maranding, Inc.*en",Christ the King College de Maranding*en,CKCM*en,https://ckcm.edu.ph,,ckcm.edu.ph,1999,,,,,,,,,Lala,Philippines,1707943,https://ror.org/00yxgg488,,,,,
,,Philippine Countryville College*en,active,education,,Philippine Countryville College*en,,,,,,,,,,,,,,Maramag,Philippines,1701124,https://ror.org/024326t95,,,,,
,,Bukidnon State University-Malitbog*en,active,education,Bukidnon State University Malitbog Satellite Campus*en;BukSU Malitbog Satellite Campus*en,Bukidnon State University-Malitbog*en,,https://buksu.edu.ph/satellite_campus/malitbog/,,,2011,,,,,,,,,Malitbog,Philippines,1702637,https://ror.org/04wpcge97,https://ror.org/04knmnr48,,,,
,,Camiguin Polytechnic State College*en,active,education,,Camiguin Polytechnic State College*en,CPSC*en,http://www.cpsc.edu.ph,,cpsc.edu.ph,1995,,,,,0000 0004 4653 194X,0000 0004 4653 194X,Q5026520,Q5026520,Mambajao,Philippines,1702348,https://ror.org/01ezypw96,,,,,
,,Northern Bukidnon State College*en,active,education,Northern Bukidnon Community College*en,Northern Bukidnon State College*en,NBSC*en,https://nbsc.edu.ph,,nbsc.edu.ph,2005,,,,,,,Q31811345,Q31811345,Manolo Fortich,Philippines,1701537,https://ror.org/02ar1c009,,,,,
,,Bukidnon State University-Medina Satellite Campus*en,active,education,Bukidnon State University-Medina ESC*en,Bukidnon State University-Medina Satellite Campus*en;Medina Satellite Campus*en,,https://buksu.edu.ph/satellite_campus/medina/,,,,,,,,,,,,Medina,Philippines,1699890,https://ror.org/04efqdv87,https://ror.org/04knmnr48,,,,
,,University of Science and Technology of Southern Philippines - Panaon*en,active,education,USTP Panaon*en,University of Science and Technology of Southern Philippines - Panaon*en,,https://www.ustp.edu.ph/panaon/,,,,,,,,,,,,Panaon,Philippines,1695668,https://ror.org/039565k73,https://ror.org/05rt7ve48,,,,
,,Mindanao State University-Sultan Naga Dimaporo*en,active,education,Mindanao State University-Lanao del Norte Agricultural College*en; Lanao del Norte Agricultural College*en,Mindanao State University-Sultan Naga Dimaporo*en,MSU-SND*en,https://msusnd.edu.ph,,msusnd.edu.ph,1969,,,,,,,,,Sultan Naga Dimaporo,Philippines,1709172,https://ror.org/01hy2nj91,https://ror.org/026441d17,,,,
,,City College of Davao*en,active,education,,City College of Davao*en,CCD*en,http://ccd.edu.ph,,ccd.edu.ph,2020,,,,,,,,,Davao City,Philippines,1715348,https://ror.org/02ms3fn81,,,,,
,,Maco de Oro College*en,active,education,,Maco de Oro College*en,MDOC*en,https://macodeorocollege.edu.ph,,macodeorocollege.edu.ph,2019,,,,,,,,,Maco,Philippines,1704271,https://ror.org/028kyej69,,,,,
,,"Monkayo College of Arts, Sciences and Technology*en",active,education,,"Monkayo College of Arts, Sciences and Technology*en",MonCAST*en,https://moncast.edu.ph,,moncast.edu.ph,2008,,,,,,,,,Monkayo,Philippines,1699323,https://ror.org/05pasn705,,,,,
,,Colegio de Nabunturan*es,active,education,,Colegio de Nabunturan*es,CDN*es,https://cdn.edu.ph,,cdn.edu.ph,,,,,,,,,,Nabunturan,Philippines,1698887,https://ror.org/00caesb86,,,,,
,,St. Mary's College Baganga*en,active,education,"St. Mary's College Baganga, Inc.*en",St. Mary's College Baganga*en,,,,,,,,,,,,,,Baganga,Philippines,1729181,https://ror.org/03bgfkr45,,,,,
,,Davao Central College*en,active,education,Davao Central Institute*en,Davao Central College*en,DCC*en,http://www.dcc.edu.ph,,dcc.edu.ph,1948,,,,,,,,,Davao City,Philippines,1715348,https://ror.org/01n6ran86,,,,,
,,"Davao Doctors College, Inc.*en",active,education,Davao Doctors Hospital School of Nursing*en,Davao Doctors College*en; Davao Doctors' College*en,DDC*en,https://www.davaodoctors.edu.ph,,davaodoctors.edu.ph,1975,,,,,0000 0001 1432 8099,0000 0001 1432 8099,Q5228148,Q5228148,Davao City,Philippines,1715348,https://ror.org/02a2sgc42,,,https://ror.org/03rsw7n31,,
,,DMMA College of Southern Philippines*en,active,education,Davao Merchant Marine Academy*en,DMMA College of Southern Philippines*en,DMMA*en,https://dmmacsp.edu.ph,,dmmacsp.edu.ph,1993,,,,,,,,,Davao City,Philippines,1715348,https://ror.org/00jj3rj36,,,,,
,,Holy Cross College of Calinan*en,active,education,,Holy Cross College of Calinan*en,HCCC*en,http://hccc.edu.ph,,hccc.edu.ph,1948,,,,,,,Q55613869,Q55613869,Davao City,Philippines,1715348,https://ror.org/034gtb781,,,,,
,,Holy Cross of Davao College*en,active,education,,Holy Cross of Davao College*en,HCDC*en,http://www.hcdc.edu.ph,,hcdc.edu.ph,1951,,,,,0000 0004 0418 8979,0000 0004 0418 8979,Q5885359,Q5885359,Davao City,Philippines,1715348,https://ror.org/05jn68w84,,,,,
,,Philippine Women's College of Davao*en,active,education,PWC of Davao*en,Philippine Women's College of Davao*en,PWC*en,https://pwc.edu.ph,,pwc.edu.ph,1953,,,,,,,,,Davao City,Philippines,1715348,https://ror.org/03h1d2k31,,,https://ror.org/01bq81t66,,
,,Rizal Memorial Colleges*en,active,education,,Rizal Memorial Colleges*en; The Rizal Memorial Colleges*en,RMC*en,https://rmc.edu.ph,,rmc.edu.ph,1948,,,,,,,Q20588011,Q20588011,Davao City,Philippines,1715348,https://ror.org/057vp4713,,,,,
,,"Joji Ilagan Career Center Foundation, Inc.*en",active,education,Joji Ilagan International Schools*en,"Joji Ilagan Career Center Foundation, Inc.*en",JIB*en,http://www.jojiilagancareercenter.com,,jojiilagancareercenter.com,1982,,,,,,,,,Davao City,Philippines,1715348,https://ror.org/01h09y698,,,,,
,,St. John Paul II College of Davao*en,active,education,,St. John Paul II College of Davao*en,SJP2CD*en,http://www.sjp2cd.edu.ph,,sjp2cd.edu.ph,,,,,,,,,,Davao City,Philippines,1715348,https://ror.org/056n7fq63,,,,,
,,Philippine College of Technology*en,active,education,Philippine School of Technology*en,Philippine College of Technology*en,PCT*en,https://pctdavao.edu.ph,,pctdavao.edu.ph,1993,,,,,,,Q7185014,Q7185014,Davao City,Philippines,1715348,https://ror.org/00mgjmr59,,,,,
,,The Holy Child College of Davao*en,active,education,Holy Child College of Davao*en,The Holy Child College of Davao*en,,http://www.holychild.edu.ph,,holychild.edu.ph,1981,,,,,,,,,Davao City,Philippines,1715348,https://ror.org/02mfwyc92,,,,,
,,Koinonia Theological Seminary Foundation*en,active,education,"Koinonia Theological Seminary*en; Koinonia Theological Seminary Foundation, Inc.*en",Koinonia Theological Seminary Foundation*en,KTSFI*en,http://www.ktsfi.edu.ph,,ktsfi.edu.ph,,,,,,,,,,Davao City,Philippines,1715348,https://ror.org/046amz837,,,,,
,,International Management School*en,active,education,Joji Ilagan International Management School*en,International Management School*en,IMS*en,https://www.theinternationalmanagementschool.com,,theinternationalmanagementschool.com,,,,,,,,,,Davao City,Philippines,1715348,https://ror.org/058h7y768,,,,,
,,Mapúa Malayan Colleges Mindanao*en,active,education,Malayan Colleges Mindanao*en; Mapua Malayan Colleges Mindanao*en,Mapúa Malayan Colleges Mindanao*en,MCM*en,http://www.mcm.edu.ph,,mcm.edu.ph,2015,,,,,,,Q134717038,Q134717038,Davao City,Philippines,1715348,https://ror.org/05v3rbc62,https://ror.org/040rd2b57,,,,
,,Lyceum of the Philippines-Davao*en,active,education,LPU Davao*en,Lyceum of the Philippines-Davao*en; Pamantasang Liseo ng Pilipinas sa Davao*tl,,https://www.lpudavao.edu.ph,,lpudavao.edu.ph,2019,,,,,,,,,Davao City,Philippines,1715348,https://ror.org/00gcmp247,https://ror.org/027e56k73,,,,
,,UM Digos College*en,active,education,University of Mindanao Digos College*en,UM Digos College*en,,https://digos.umindanao.edu.ph,,,1948,,,,,,,,,Digos,Philippines,1714956,https://ror.org/010y19r44,https://ror.org/00mpnf546,,,,
,,UM Peñaplata College*en,active,education,UM Penaplata College*en,UM Peñaplata College*en,,https://penaplata.umindanao.edu.ph,,penaplata.umindanao.edu.ph,,,,,,,,,,Island Garden City of Samal,Philippines,1690666,https://ror.org/02fnwcc03,https://ror.org/00mpnf546,,,,
,,South Philippine Adventist College*en,active,education,,South Philippine Adventist College*en,SPAC*en,http://www.spac.edu.ph,,spac.edu.ph,1950,,,,,,,,,Matanao,Philippines,1700447,https://ror.org/0446w0z13,,,,,
,,Assumption College of Nabunturan*en,active,education,Assumption Academy of Nabunturan*en,Assumption College of Nabunturan*en,ACN*en,https://www.acn.edu.ph,,acn.edu.ph,1955,,,,,,,,,Nabunturan,Philippines,1698887,https://ror.org/01kz2zj22,,,,,
,,UM Panabo College*en,active,education,University of Mindanao Panabo College*en,UM Panabo College*en,,https://panabo.umindanao.edu.ph,,,1951,,,,,,,,,Panabo,Philippines,1695804,https://ror.org/0572e3p10,https://ror.org/00mpnf546,,,,
,,St. Mary's College of Tagum*en,active,education,"St. Mary's College of Tagum, Inc.*en",St. Mary's College of Tagum*en,,https://smctagum.edu.ph,,smctagum.edu.ph,,,,,,,,,,Tagum,Philippines,1684269,https://ror.org/05bajj385,,,,,
,,UM Tagum College*en,active,education,University of Mindanao Tagum College*en,UM Tagum College*en,UMTC*en,https://tagum.umindanao.edu.ph,,tagum.umindanao.edu.ph,1950,,,,,,,,,Tagum,Philippines,1684269,https://ror.org/028714e47,https://ror.org/00mpnf546,,,,
,,Tagum Doctors College*en,active,education,"Tagum Doctors College, Inc.*en",Tagum Doctors College*en,TDCI*en,https://tagumdoctors.edu.ph,,tagumdoctors.edu.ph,2007,,,,,,,,,Tagum,Philippines,1684269,https://ror.org/04c178j41,,,,,
,,Tagum City College of Science and Technology Foundation*en,active,education,,Tagum City College of Science and Technology Foundation*en,,https://tccstfi.edu.ph,,tccstfi.edu.ph,,,,,,,,,,Tagum,Philippines,1684269,https://ror.org/042270127,,,,,
,,Davao de Oro State College-Maragusan Branch*en,active,education,Davao de Oro State College - Maragusan Branch*en,Davao de Oro State College-Maragusan Branch*en,,https://ddosc.edu.ph/external-branches/#maragusan-admin,,,,,,,,,,,,Maragusan,Philippines,1689089,https://ror.org/0086w6404,https://ror.org/04w8r1528,,,,
,,Davao de Oro State College-New Bataan Branch*en,active,education,DDOSC New Bataan Campus*en,Davao de Oro State College-New Bataan Branch*en,,https://ddosc.edu.ph/external-branches/,,,,,,,,,,,,New Bataan,Philippines,1697789,https://ror.org/054cnn233,https://ror.org/04w8r1528,,,,
,,Makilala Institute of Science and Technology*en,active,education,,Makilala Institute of Science and Technology*en,,http://www.mist-makilala.edu.ph,,mist-makilala.edu.ph,,,,,,,,,,Makilala,Philippines,1703405,https://ror.org/03nbm5880,,,,,
,,Holy Trinity College of General Santos City*en,active,education,,Holy Trinity College of General Santos City*en,HTC*en,https://www.htcgsc.edu.ph,,htcgsc.edu.ph,1984,,,,,0000 0004 0453 4296,0000 0004 0453 4296,Q17072955,Q17072955,General Santos,Philippines,1713022,https://ror.org/01gxb7a62,,,,,
,,General Santos Doctors' Medical School Foundation*en,active,education,"General Santos Doctors' Medical School Foundation, Inc.*en; General Santos Doctors' Medical School Foundation, Incorporated*en",General Santos Doctors' Medical School Foundation*en,GSDMSFI*en,https://gsdmsfi.edu.ph,,gsdmsfi.edu.ph,2003,,,,,,,,,General Santos,Philippines,1713022,https://ror.org/01cs05b46,,,,,
,,Joji Ilagan International School of Hotel and Tourism Management*en,active,education,Joji Ilagan International School of Hotel & Tourism Management*en,Joji Ilagan International School of Hotel and Tourism Management*en,JIISHTM*en,,,,,,,,,,,,,General Santos,Philippines,1713022,https://ror.org/03wv98a75,,,,,
,,Villamor College of Business and Arts*en,active,education,,Villamor College of Business and Arts*en,,http://www.villamorcollege.ph,,villamorcollege.ph,,,,,,,,,,General Santos,Philippines,1713022,https://ror.org/0291z3706,,,,,
,,UST General Santos*en,active,education,UST GenSan*en,UST General Santos*en,,https://gensan.ust.edu.ph/,,gensan.ust.edu.ph,2024,,,,,,,,,General Santos,Philippines,1713022,https://ror.org/00vy4ek56,https://ror.org/00d25af97,,,,
,,Colegio de Kidapawan*es,active,education,North Cotabato Institute of Technology*en,Colegio de Kidapawan*es,CdK*es;NORCIT*en,http://www.cdk.edu.ph,,cdk.edu.ph,1986,,,,,,,Q5142927,Q5142927,Kidapawan,Philippines,1708824,https://ror.org/01br17r05,,,,,
,,Notre Dame of Kidapawan College*en,active,education,,Notre Dame of Kidapawan College*en,NDKC*en,https://ndkc.edu.ph,,ndkc.edu.ph,1948,,,,,0000 0004 0624 5957,0000 0004 0624 5957,Q7063501,Q7063501,Kidapawan City,Philippines,1708824,https://ror.org/04ayn0973,,,https://ror.org/009yjbg58,,
,,North Valley College*en,active,education,"North Valley College Foundation, Inc.*en",North Valley College*en,NVCFI*en,https://northvalleycollege.edu.ph,,northvalleycollege.edu.ph,1989,,,,,,,,,Kidapawan,Philippines,1708824,https://ror.org/0094pqk46,,,,,
,,St. Alexius College*en,active,education,St. Alexius College Inc.*en,St. Alexius College*en,SAC*en,https://www.stalexiuscollege.edu.ph,,stalexiuscollege.edu.ph,1971,,,,,,,,,Koronadal,Philippines,1708522,https://ror.org/04nzhjh86,,,,,
,,"Green Valley College Foundation, Inc.*en",active,education,Green Valley College*en,"Green Valley College Foundation, Inc.*en",GVCFI*en,https://gvcfi.edu.ph,,gvcfi.edu.ph,1995,,,,,,,,,Koronadal,Philippines,1708522,https://ror.org/02zrtx157,,,,,
,,Ramon Magsaysay Memorial Colleges - Marbel*en,active,education,RMMC Marbel*en;Ramon Magsaysay Memorial College - Marbel*en,Ramon Magsaysay Memorial Colleges - Marbel*en,RMMC-MI*en,https://rmmc-mi.edu.ph,,rmmc-mi.edu.ph,2008,,,,,,,,,Koronadal,Philippines,1708522,https://ror.org/03c7xsq95,,,https://ror.org/01y60h972,,
,,Notre Dame of Tacurong College*en,active,education,,Notre Dame of Tacurong College*en,NDTC*en,https://www.ndtc.edu.ph,,ndtc.edu.ph,1950,,,,,0000 0004 0410 3314,0000 0004 0410 3314,Q7063509,Q7063509,Tacurong,Philippines,1684681,https://ror.org/03fzn5q91,,,,,
,,Goldenstate College of Malungon*en,active,education,,Goldenstate College of Malungon*en,,http://www.goldenstate.edu.ph,,goldenstate.edu.ph,,,,,,,,,,Malungon,Philippines,1702442,https://ror.org/00dx39y87,,,,,
,,Notre Dame of Midsayap College*en,active,education,,Notre Dame of Midsayap College*en,NDMC*en,https://www.ndmc.edu.ph,,ndmc.edu.ph,1941,,,,,,,Q7063506,Q7063506,Midsayap,Philippines,1699755,https://ror.org/02wg16120,,,,,
,,Southern Christian College*en,active,education,,Southern Christian College*en,SCC*en,https://southernchristiancollege.edu.ph,,southernchristiancollege.edu.ph,1949,,,,,,,,,Midsayap,Philippines,1699755,https://ror.org/047vzbv48,,,,,
,,South East Asian Institute of Technology*en,active,education,"South East Asian Institute of Technology, Inc.*en",South East Asian Institute of Technology*en,SEAIT*en,https://seait.edu.ph,,seait.edu.ph,2006,,,,,,,,,Tupi,Philippines,1680613,https://ror.org/03r18a392,,,,,
,,Sultan Kudarat State University-Isulan*en,active,education,,Sultan Kudarat State University-Isulan*en,,,,,,,,,,,,,,Isulan,Philippines,1710470,https://ror.org/05pyqcb30,https://ror.org/04yjdkj62,,,,
,,Sultan Kudarat State University-Kalamansig*en,active,education,,Sultan Kudarat State University-Kalamansig*en,,,,,1990,,,,,,,,,Kalamansig,Philippines,1709717,https://ror.org/02mgzhk14,https://ror.org/04yjdkj62,,,,
,,Sultan Kudarat State University-Lutayan*en,active,education,,Sultan Kudarat State University-Lutayan*en,,,,,1990,,,,,,,,,Lutayan,Philippines,1704897,https://ror.org/050571623,https://ror.org/04yjdkj62,,,,
,,Sultan Kudarat State University-Palimbang*en,active,education,,Sultan Kudarat State University-Palimbang*en,,,,,,,,,,,,,,Palimbang,Philippines,1696105,https://ror.org/02fcye007,https://ror.org/04yjdkj62,,,,
,,South Cotabato State College*en,active,education,,South Cotabato State College*en,SCSC*en,https://www.scsc.edu.ph,,scsc.edu.ph,2018,,,,,,,Q31811347,Q31811347,Surallah,Philippines,1685230,https://ror.org/031hc0q70,,,,,
,,City of Malabon University*en,active,education,,City of Malabon University*en,CMU*en,https://cityofmalabonuniversity.edu.ph,,cityofmalabonuniversity.edu.ph,1993,,,,,,,,,Malabon,Philippines,1703320,https://ror.org/0074sqx51,,,,,
,,Mandaluyong College of Science and Technology*en,active,education,,Mandaluyong College of Science and Technology*en,MCST*en,https://mcst.edu.ph,,mcst.edu.ph,,,,,,,,,,Mandaluyong,Philippines,1701966,https://ror.org/008behn77,,,,,
,,Universidad de Manila*es,active,education,City College of Manila*en,Universidad de Manila*es,UDM*es,https://udm.edu.ph,,udm.edu.ph,1995,,,,,,,Q7894328,Q7894328,Manila,Philippines,1701668,https://ror.org/017t6ak72,,,,,
,,Pamantasan ng Lungsod ng Marikina*tl,active,education,,Pamantasan ng Lungsod ng Marikina*tl,PLMar*tl,https://plmar.edu.ph,,plmar.edu.ph,,,,,,,,Q7129039,Q7129039,Marikina,Philippines,1700925,https://ror.org/014gstg25,,,,,
,,Colegio de Muntinlupa*es,active,education,,Colegio de Muntinlupa*es,CDM*es,https://cdm.edu.ph,,cdm.edu.ph,2018,,,,,,,,,Muntinlupa,Philippines,1699076,https://ror.org/037fqer23,,,,,
,,Pamantasan ng Lungsod ng Pasig*tl,active,education,,Pamantasan ng Lungsod ng Pasig*tl,PLP*tl,https://www.plpasig.edu.ph,,plpasig.edu.ph,1999,,,,,0000 0004 4685 1716,0000 0004 4685 1716,,,Pasig,Philippines,7290466,https://ror.org/03tecce79,,,,,
,,Pamantasan ng Lungsod ng Valenzuela*tl,active,education,University of the City of Valenzuela*en,Pamantasan ng Lungsod ng Valenzuela*tl,PLV*tl,http://www.plv.edu.ph,,plv.edu.ph,2002,,,,,,,Q7129047,Q7129047,Valenzuela,Philippines,1680102,https://ror.org/00ejdtj42,,,,,
,,Valenzuela City Technological College*en,active,education,Valenzuela City Polytechnic College*en,Valenzuela City Technological College*en,ValTech*en; ValPoly*en,https://valpoly.edu.ph,,valpoly.edu.ph,1996,,,,,,,,,Valenzuela,Philippines,1680102,https://ror.org/01cpkfm87,,,,,
,,Dr. Jose Fabella Memorial Hospital School of Midwifery*en,active,education,"School of Midwifery, Dr. Jose Fabella Memorial Hospital*en",Dr. Jose Fabella Memorial Hospital School of Midwifery*en,,https://fabella.doh.gov.ph,,fabella.doh.gov.ph,1922,,,,,,,,,Manila,Philippines,1701668,https://ror.org/05nph1f80,,,,,
,,Development Academy of the Philippines*en,active,government,,Development Academy of the Philippines*en,DAP*en,https://dap.edu.ph,,dap.edu.ph,1973,,,,,,,Q31810146,Q31810146,Pasig,Philippines,7290466,https://ror.org/02jc5hf81,,,,,
,,National Defense College of the Philippines*en,active,education,National Defense College*en,National Defense College of the Philippines*en; Dalubhasaan ng Tanggulang Pambansa ng Pilipinas*tl,NDCP*en,http://www.ndcp.edu.ph,,ndcp.edu.ph,1963,,,,,0000 0000 9369 788X,0000 0000 9369 788X,Q6972180,Q6972180,Quezon City,Philippines,1692192,https://ror.org/05t0pk383,,,,,
,,Philippine Public Safety College*en,active,education,,Philippine Public Safety College*en,PPSC*en,https://ppsc.gov.ph,,ppsc.gov.ph,1993,,,,,,,Q19573677,Q19573677,Quezon City,Philippines,1692192,https://ror.org/00gpmab63,,,,,
,,St. Dominic Savio College*en,active,education,,St. Dominic Savio College*en,SDSC*en,https://sdsc.edu.ph,,sdsc.edu.ph,,,,,,,,,,Caloocan City,Philippines,1720151,https://ror.org/00pxxf756,,,,,
,,AMA Computer College-Caloocan*en,active,education,,AMA Computer College-Caloocan*en,,https://amaes.edu.ph,,amaes.edu.ph,,,,,,,,,,Caloocan,Philippines,1720151,https://ror.org/02rzs7y32,https://ror.org/001r73k91,,,,
,,St. Clare College of Caloocan*en,active,education,St. Clare College*en,St. Clare College of Caloocan*en,,https://stclarecollege.com,,stclarecollege.com,,,,,,,,,,Caloocan,Philippines,1720151,https://ror.org/040wc3g33,,,,,
,,WCC Aeronautical and Technological College-North Manila*en,active,education,WCC Aeronautical & Technological College-North Manila*en,WCC Aeronautical and Technological College-North Manila*en,WCC-ATC*en,http://www.wccaviation.com,,wccaviation.com,2007,,,,,,,,,Caloocan,Philippines,1720151,https://ror.org/0033ng506,,,,,
,,Global Reciprocal Colleges*en,active,education,,Global Reciprocal Colleges*en,GRC*en,https://grc.edu.ph,,grc.edu.ph,2007,,,,,,,,,Caloocan,Philippines,1720151,https://ror.org/0464dc658,,,,,
,,Southville International School and Colleges*en,active,education,Southville International School*en,Southville International School and Colleges*en,SISC*en,https://www.southville.edu.ph,,southville.edu.ph,1990,,,,,0000 0004 0456 4727,0000 0004 0456 4727,Q7571109,Q7571109,Las Piñas,Philippines,1707174,https://ror.org/01k3x6c46,,,,,
,,Pacific InterContinental College*en,active,education,,Pacific InterContinental College*en,PIC*en,http://www.pic.edu.ph,,pic.edu.ph,,,,,,,,,,Las Piñas,Philippines,1707174,https://ror.org/03kv0zq30,,,,,
,,South SEED-LPDH College*en,active,education,South SEED LPDH College*en,South SEED-LPDH College*en,SSLC*en,https://sslc.edu.ph,,sslc.edu.ph,2010,,,,,,,,,Las Piñas,Philippines,1707174,https://ror.org/00v07h726,,,,,
,,Southville International School Affiliated with Foreign Universities*en,active,education,Southville International School*en,Southville International School Affiliated with Foreign Universities*en,SISFU*en,https://sisfu.edu.ph,,sisfu.edu.ph,1997,,,,,,,,,Las Piñas,Philippines,1707174,https://ror.org/03zgmt603,,,,,
,,CAP College Foundation Inc.*en,active,education,"CAP College*en; Correspondence Accreditation Program for College Foundation, Inc.*en",CAP College Foundation Inc.*en; CAP College Foundation*en,,https://capcollege.com.ph,,capcollege.com.ph,1988,,,,,,,,,Makati City,Philippines,1703417,https://ror.org/040pxzz42,,,,,
,,AMA School of Medicine*en,active,education,,AMA School of Medicine*en,AMASOM*en,https://amaschoolofmedicine.amaes.edu.ph,,amaschoolofmedicine.amaes.edu.ph,2008,,,,,,,Q86751335,Q86751335,Makati City,Philippines,1703417,https://ror.org/05c18z932,,,,,
,,Arellano University-Malabon*en,active,education,AU Malabon*en,Arellano University-Malabon*en,,https://arellano.edu.ph,,,,,,,,,,,,Malabon,Philippines,1703320,https://ror.org/03tj6t838,https://ror.org/0173r0e90,,,,
,,Don Bosco Technical College*en,active,education,Don Bosco Technical College Mandaluyong*en;Don Bosco Mandaluyong*en,Don Bosco Technical College*en,DBTC*en,https://dbmanda.one-bosco.org,,dbmanda.one-bosco.org,1953,,,,,,,,,Mandaluyong,Philippines,1701966,https://ror.org/03bt55032,,,,,
,,Our Lady of Guadalupe Colleges*en,active,education,,Our Lady of Guadalupe Colleges*en,OLGC*en,https://olgc.edu.ph,,olgc.edu.ph,,,,,,,,,,Mandaluyong,Philippines,1701966,https://ror.org/03r9m1k75,,,,,
,,"GK College of Business, Arts, and Technology*en",active,education,GK College*en,"GK College of Business, Arts, and Technology*en",,https://www.gkphilippines.com/gkcollege,,,2018,,,,,,,,,Mandaluyong,Philippines,1701966,https://ror.org/03v2hk883,,,,,
,,Air Link International Aviation College*en,active,education,,Air Link International Aviation College*en,ALIAC*en,https://aliac.edu.ph,,aliac.edu.ph,1982,,,,,,,,,Pasay,Philippines,1694611,https://ror.org/050xhj413,,,,,
,,Chiang Kai Shek College*en,active,education,,Chiang Kai Shek College*en; 菲律濱中正學院*zh,CKSC*en,https://www.cksc.edu.ph,,cksc.edu.ph,1939,,,,,,,Q5095191,Q5095191,Manila,Philippines,1701668,https://ror.org/05xc26x43,,,,,
,,Colegio de San Juan de Letran*es,active,education,Colegio de San Juan de Letran Manila*en;Letran Manila*en;Letran*en,Colegio de San Juan de Letran*es,CSJL*es,https://letran.edu.ph,,letran.edu.ph,1620,,,,,,,,,Manila,Philippines,1701668,https://ror.org/03fh53y61,,,,,
,,Concordia College*en,active,education,Concordia College Manila*en,Concordia College*en; Colegio de la Inmaculada Concepcion de la Concordia*es,,https://laconcordia.edu.ph,,laconcordia.edu.ph,1868,,,,,,,,,Manila,Philippines,1701668,https://ror.org/04v6e1b85,,,,,
,,La Consolacion College Manila*en,active,education,,La Consolacion College Manila*en,LCCM*en,https://www.lccm.edu.ph,,lccm.edu.ph,1902,,,,,,,Q6461955,Q6461955,Manila,Philippines,1701668,https://ror.org/00a1xcb06,,,,,
,,Manila Theological College*en,active,education,,Manila Theological College*en,MTC*en,http://www.mtcslshs.edu.ph,,mtcslshs.edu.ph,1991,,,,,,,,,Manila,Philippines,1701668,https://ror.org/02mbrsp04,,,,,
,,The National Teachers College*en,active,education,National Teachers College*en,The National Teachers College*en,NTC*en,http://www.ntc.edu.ph,,ntc.edu.ph,1928,,,,,0000 0004 0456 505X,0000 0004 0456 505X,Q6978847,Q6978847,Manila,Philippines,1701668,https://ror.org/04k2fh288,,,,,
,,University of Perpetual Help System Manila*en,active,education,Perpetual Help College of Manila*en,University of Perpetual Help System Manila*en,,https://manila.uphsl.edu.ph,,manila.uphsl.edu.ph,1968,,,,,,,Q7896107,Q7896107,Manila,Philippines,1701668,https://ror.org/03vp87n48,,,,,
,,Philippine College of Criminology*en,active,education,Plaridel Educational Institution*en,Philippine College of Criminology*en,PCCR*en,https://www.pccr.edu.ph,,pccr.edu.ph,1954,,,,,,,,,Manila,Philippines,1701668,https://ror.org/021dvry40,,,,,
,,Philippine College of Health Sciences*en,active,education,,Philippine College of Health Sciences*en,PCHS*en,http://www.pchsmanila.edu.ph,,pchsmanila.edu.ph,1993,,,,,,,Q7185023,Q7185023,Manila,Philippines,1701668,https://ror.org/00dgk6h30,,,,,
,,Philippine School of Business Administration-Manila*en,active,education,,Philippine School of Business Administration-Manila*en,PSBA*en,https://www.psba.edu,,psba.edu,1963,,,,,,,,,Manila,Philippines,1701668,https://ror.org/04pty3153,,,,,
,,San Sebastian College-Recoletos*en,active,education,San Sebastian College-Recoletos de Manila*en,San Sebastian College-Recoletos*en,SSC-R*en,https://sscrmnl.edu.ph,,sscrmnl.edu.ph,1941,,,,,,,Q3299572,Q3299572,Manila,Philippines,1701668,https://ror.org/02mybwx14,,,,,
,,Santa Isabel College of Manila*en,active,education,,Santa Isabel College of Manila*en; Santa Isabel College*en,,http://www.santaisabel.edu.ph,,santaisabel.edu.ph,1632,,,,,,,Q7419621,Q7419621,Manila,Philippines,1701668,https://ror.org/03ms5kn58,,,,,
,,UST Angelicum College*en,active,education,Angelicum College*en; University of Santo Tomas-Angelicum College*en,UST Angelicum College*en,,https://www.ustangelicum.edu.ph,,ustangelicum.edu.ph,1972,,,,,0000 0004 1791 8379,0000 0004 1791 8379,,,Quezon City,Philippines,1692192,https://ror.org/04y8qw778,https://ror.org/00d25af97,,,,
,,STI College Sta. Mesa*en,active,education,STI College-Shaw*en,STI College Sta. Mesa*en,,https://www.sti.edu/campuses/stamesa,,,,,,,,,,,,Manila,Philippines,1701668,https://ror.org/048pm6066,,,,,
,,Jesus Reigns Christian College*en,active,education,Jesus Reigns Christian College Foundation*en,Jesus Reigns Christian College*en,JRCC*en,https://www.jrccmanila.edu.ph/,,jrccmanila.edu.ph,2004,,,,,,,,,Manila,Philippines,1701668,https://ror.org/04jj8rj26,,,,,
,,FEU Institute of Technology*en,active,education,FEU Tech*en; FEU-East Asia College*en,FEU Institute of Technology*en,,https://www.feutech.edu.ph,,feutech.edu.ph,1992,,,,,,,,,Manila,Philippines,1701668,https://ror.org/00pq32363,https://ror.org/045dhqd98,,,,
,,Makati Science Technological Institute of the Philippines*en,active,education,,Makati Science Technological Institute of the Philippines*en,MSTIP*en,https://mstip.edu.ph,,mstip.edu.ph,,,,,,,,,,Manila,Philippines,1701668,https://ror.org/01edn5n04,,,,,
,,FEU Roosevelt Marikina*en,active,education,Roosevelt College-Marikina*en; Roosevelt College Marikina*en,FEU Roosevelt Marikina*en,,https://feuroosevelt.edu.ph/feu-roosevelt-marikina/,,feuroosevelt.edu.ph,1967,,,,,,,,,Marikina City,Philippines,1700925,https://ror.org/01t7z2k78,,,https://ror.org/045dhqd98,,
,,Lyceum of Alabang*en,active,education,,Lyceum of Alabang*en,,https://lyceumalabang.edu.ph,,lyceumalabang.edu.ph,2003,,,,,,,,,City of Muntinlupa,Philippines,1699076,https://ror.org/03jb7f043,,,,,
,,FEU Alabang*en,active,education,,FEU Alabang*en; Far Eastern University - Alabang*en,,https://feualabang.edu.ph,,feualabang.edu.ph,2016,,,,,,,,,City of Muntinlupa,Philippines,1699076,https://ror.org/02qz9ks50,https://ror.org/045dhqd98,,,,
,,Olivarez College*en,active,education,,Olivarez College*en,,http://www.olivarezcollege.edu.ph,,olivarezcollege.edu.ph,1976,,,,,0000 0004 0479 4039,0000 0004 0479 4039,Q7087105,Q7087105,Parañaque City,Philippines,1694781,https://ror.org/02erjsc70,,,,,
,,PATTS College of Aeronautics*en,active,education,,PATTS College of Aeronautics*en,,http://www.patts.edu.ph,,patts.edu.ph,1969,,,,,,,Q3547625,Q3547625,Parañaque City,Philippines,1694781,https://ror.org/03ntzxv45,,,,,
,,Greenville College*en,active,education,,Greenville College*en,GVC*en,https://greenvillecollege.edu.ph,,greenvillecollege.edu.ph,,,,,,,,,,Pasig,Philippines,7290466,https://ror.org/04pav7w83,,,,,
,,La Consolacion College-Pasig*en,active,education,La Consolacion School*en;LCS-Pasig*en,La Consolacion College-Pasig*en,LCCP*en,https://lccpasig.edu.ph,,lccpasig.edu.ph,1993,,,,,,,,,Pasig,Philippines,7290466,https://ror.org/012n8tr54,,,,,
,,STI College Global City*en,active,education,,STI College Global City*en,,https://globalcity.sti.edu,,globalcity.sti.edu,,,,,,,,,,Taguig,Philippines,1684308,https://ror.org/053cgh087,,,,,
,,The Fisher Valley College*en,active,education,,The Fisher Valley College*en,TFVC*en,https://tfvc.edu.ph,,tfvc.edu.ph,1986,,,,,,,,,Taguig,Philippines,1684308,https://ror.org/04ae4ew77,,,,,
,,Enderun Colleges*en,active,education,,Enderun Colleges*en,,https://www.enderuncolleges.com,,enderuncolleges.com,2005,,,,,0000 0004 0453 4069,0000 0004 0453 4069,Q5376086,Q5376086,Taguig,Philippines,1684308,https://ror.org/03b1krw35,,,,,
,,Biblical Seminary of the Philippines*en,active,education,Bible Institute of the Philippines*en,Biblical Seminary of the Philippines*en,BSOP*en,https://bsop.edu.ph,,bsop.edu.ph,1957,,,,,,,,,Valenzuela,Philippines,1680102,https://ror.org/03n2ms511,,,,,
,,FEBIAS College of Bible*en,active,education,Febias College of Bible*en; Far Eastern Bible Institute and Seminary*en,FEBIAS College of Bible*en,FEBIAS*en,https://www.febias.edu.ph,,febias.edu.ph,1948,,,,,,,,,Valenzuela,Philippines,1680102,https://ror.org/01eahzw10,,,,,
,,Arellano University-Pasay*en,active,education,Jose Abad Santos Campus*en,Arellano University-Pasay*en,,https://arellano.edu.ph,,,,,,,,,,,,Pasay,Philippines,1694611,https://ror.org/025sd4723,https://ror.org/0173r0e90,,,,
,,Asian Institute of Maritime Studies*en,active,education,,Asian Institute of Maritime Studies*en,AIMS*en,http://www.aims.edu.ph,,aims.edu.ph,1993,,,,,,,Q4806669,Q4806669,Pasay City,Philippines,1694611,https://ror.org/00wpq8z75,,,,,
,,Manila Tytana Colleges*en,active,education,Manila Doctors College*en,Manila Tytana Colleges*en,MTC*en,http://www.mtc.edu.ph,,mtc.edu.ph,1975,,,,,0000 0004 0366 956X,0000 0004 0366 956X,Q3547605,Q3547605,Pasay,Philippines,1694611,https://ror.org/02sdye366,,,,,
,,Manila Adventist College*en,active,education,,Manila Adventist College*en,MAC*en,https://mac.edu.ph,,mac.edu.ph,1993,,,,,,,Q139023445,Q139023445,Pasay,Philippines,1694611,https://ror.org/006nzqv21,,,,,
,,"San Juan de Dios Educational Foundation, Inc.*en",active,education,,"San Juan de Dios Educational Foundation, Inc.*en",SJDEFI*en,https://sjdefi.edu.ph,,sjdefi.edu.ph; sanjuandedios.org,1991,,,,,,,,,Pasay,Philippines,1694611,https://ror.org/03hrpdw90,,,,,
,,Alliance Graduate School*en,active,education,,Alliance Graduate School*en,AGS*en,http://www.ags.edu.ph,,ags.edu.ph,1977,,,,,0000 0004 0639 5074,0000 0004 0639 5074,Q4732313,Q4732313,Quezon City,Philippines,1692192,https://ror.org/03t5t4z79,,,,,
,,Central Colleges of the Philippines*en,active,education,Polytechnic Colleges of the Philippines*en,Central Colleges of the Philippines*en; Kolehiyong Sentral ng Pilipinas*tl,CCP*en,http://www.ccp.edu.ph,,ccp.edu.ph,1954,,,,,,,Q5060604,Q5060604,Quezon City,Philippines,1692192,https://ror.org/00kvfsx80,,,,,
,,Dr. Carlos S. Lanting College*en,active,education,,Dr. Carlos S. Lanting College*en,DCLC*en,https://dclc.edu.ph,,dclc.edu.ph,1979,,,,,,,,,Quezon City,Philippines,1692192,https://ror.org/023v4q210,,,,,
,,FEU Diliman*en,active,education,FEU-FERN College*en; Far Eastern University - Diliman*en,FEU Diliman*en,,https://www.feudiliman.edu.ph,,feudiliman.edu.ph,1994,,,,,,,Q5434569,Q5434569,Quezon City,Philippines,1692192,https://ror.org/02xxzc897,,,https://ror.org/045dhqd98,,
,,"Institute of Community and Family Health, Inc.*en",active,education,,"Institute of Community and Family Health, Inc.*en; Institute of Community and Family Health*en",,http://www.icfhi.com,,icfhi.com,,,,,,,,,,Quezon City,Philippines,1692192,https://ror.org/02hgpzb12,,,,,
,,Metro Manila College*en,active,education,Novaliches Academy*en,,MMC*en,https://www.mmc.edu.ph,,mmc.edu.ph,1947,,,,,,,,,Quezon City,Philippines,1692192,https://ror.org/01tgxam20,,,,,
,,World Citi Colleges-Quezon City*en,active,education,,World Citi Colleges-Quezon City*en,,https://worldciti.edu.ph,,worldciti.edu.ph,1971,,,,,,,,,Quezon City,Philippines,1692192,https://ror.org/02g4bfe72,,,,,
,,PHINMA St. Jude College Quezon City*en,active,education,Republican College*en;PHINMA Republican College*en,PHINMA St. Jude College Quezon City*en,,https://sjc.phinma.edu.ph,,,,,,,,,,,,Quezon City,Philippines,1692192,https://ror.org/01rgdfa64,,,https://ror.org/05pd6be13,,
,,St. Joseph's College of Quezon City*en,active,education,,St. Joseph's College of Quezon City*en; Saint Joseph's College of Quezon City*en,SJCQC*en,https://www.sjcqc.edu.ph,,sjcqc.edu.ph,1932,,,,,,,Q4820185,Q4820185,Quezon City,Philippines,1692192,https://ror.org/023sgh092,,,,,
,,St. Luke's Medical Center College of Medicine-William H. Quasha Memorial*en,active,education,St. Luke's College of Medicine-William H. Quasha Memorial*en,St. Luke's Medical Center College of Medicine-William H. Quasha Memorial*en,SLMCCM-WHQM*en,https://slmc-cm.edu.ph,,slmc-cm.edu.ph,1994,,,,,,,,,Quezon City,Philippines,1692192,https://ror.org/00jkkam97,,,https://ror.org/02h4kdd20,,
,,Stella Maris College*en,active,education,,Stella Maris College*en,,http://stellamariscollegeqc.edu.ph,,stellamariscollegeqc.edu.ph,1955,,,,,,,,,Quezon City,Philippines,1692192,https://ror.org/05f7b6g61,,,,,
,,Technological Institute of the Philippines-Quezon City*en,active,education,,Technological Institute of the Philippines-Quezon City*en,,http://www.tip.edu.ph,,tip.edu.ph,,,,,,,,,,Quezon City,Philippines,1692192,https://ror.org/007ehk224,https://ror.org/02p79p790,,,,
,,Mary the Queen College of Quezon City*en,active,education,,Mary the Queen College of Quezon City*en,MQCQC*en,https://mqcqccollege2014.wixsite.com/mqcqc,,,2003,,,,,,,,,Quezon City,Philippines,1692192,https://ror.org/014dkxc74,,,,,
,,St. Bernadette of Lourdes College*en,active,education,,St. Bernadette of Lourdes College*en,SBLC*en,http://sblc.edu.ph,,sblc.edu.ph,2003,,,,,,,,,Quezon City,Philippines,1692192,https://ror.org/039e2r604,,,,,
,,Grace Christian College*en,active,education,,Grace Christian College*en,GCC*en,https://www.gcc.edu.ph,,gcc.edu.ph,1950,,,,,,,Q5591031,Q5591031,Quezon City,Philippines,1692192,https://ror.org/035pwwf56,,,,,
,,Diliman College*en,active,education,Diliman Computer Technology Institute*en,Diliman College*en,,http://www.thedilimancollege.edu.ph,,thedilimancollege.edu.ph,1998,,,,,,,,,Quezon City,Philippines,1692192,https://ror.org/0560t5566,,,,,
,,Asian Institute of Computer Studies-Quezon City*en,active,education,,Asian Institute of Computer Studies-Quezon City*en,AICS*en,https://www.aics.edu.ph,,aics.edu.ph,1996,,,,,,,,,Quezon City,Philippines,1692192,https://ror.org/02w8mf014,,,,,
,,Recoletos School of Theology*en,active,education,,Recoletos School of Theology*en,RST*en,https://rst.edu.ph,,rst.edu.ph,1985,,,,,,,,,Quezon City,Philippines,1692192,https://ror.org/04x10rn03,,,https://ror.org/00d25af97,,
,,NBS College*en,active,education,,NBS College*en,,https://www.nbscollege.edu.ph,,nbscollege.edu.ph,,,,,,,,,,Quezon City,Philippines,1692192,https://ror.org/00shsqx41,,,,,
,,NU Fairview*en,active,education,,NU Fairview*en,,https://national-u.edu.ph/nu-fairview,,,2019,,,,,,,,,Quezon City,Philippines,1692192,https://ror.org/03jsc8w92,https://ror.org/000a8qk84,,,,
,,"Eulogio ""Amang"" Rodriguez Institute of Science and Technology*en",active,education,,"Eulogio ""Amang"" Rodriguez Institute of Science and Technology*en",EARIST*en,https://earist.edu.ph,,earist.edu.ph,1945,,,,,,,Q5409452,Q5409452,Manila,Philippines,1701668,https://ror.org/051qed261,,,,,
,,Marikina Polytechnic College*en,active,education,,Marikina Polytechnic College*en,MPC*en,https://mpc.edu.ph,,mpc.edu.ph,1947,,,,,0000 0004 0462 2691,0000 0004 0462 2691,Q12969549,Q12969549,Marikina City,Philippines,1700925,https://ror.org/03948xt86,,,,,
,,Polytechnic University of the Philippines-Parañaque Campus*en,active,education,PUP Parañaque Campus*en;PUP Parañaque*en,Polytechnic University of the Philippines-Parañaque Campus*en,,https://www.pup.edu.ph/paranaque/,,,2011,,,,,,,,,Paranaque City,Philippines,1694781,https://ror.org/03saq2750,https://ror.org/00e7vmq69,,,,
,,Polytechnic University of the Philippines-Taguig*en,active,education,,Polytechnic University of the Philippines-Taguig*en,PUPT*en,https://www.pup.edu.ph/taguig/,,,1992,,,,,,,,,Taguig,Philippines,1684308,https://ror.org/03cv69298,https://ror.org/00e7vmq69,,,,
,,National Aviation Academy of the Philippines*en,active,education,Philippine State College of Aeronautics*en; Philippine Air Force College of Aeronautics*en; Basa Air Base Community College*en,National Aviation Academy of the Philippines*en; Pambansang Akademiyang Abyasyon ng Pilipinas*tl,NAAP*en; PhilSCA*en,http://naap.edu.ph,,naap.edu.ph,1969,,,,,,,Q7185256,Q7185256,Pasay,Philippines,1694611,https://ror.org/02dyfrr85,,,,,
,,Philippine Military Academy*en,active,education,,Philippine Military Academy*en,PMA*en,https://www.pma.edu.ph,,pma.edu.ph,1936,,,,,0000 0001 0289 6451,0000 0001 0289 6451,,,Baguio City,Philippines,1728930,https://ror.org/05fbq2n60,,,,,
,,Divine Word College of Bangued*en,active,education,Colegio del Sagrado Corazon*es,Divine Word College of Bangued*en,DWCB*en,https://dwcbsims.com,,dwcbsims.com,1920,,,,,,,,,Bangued,Philippines,1727214,https://ror.org/04bpv7916,,,,,
,,Pines City Colleges*en,active,education,,Pines City Colleges*en,PCC*en,http://www.pcc.edu.ph,,pcc.edu.ph,,,,,,,,,,Baguio City,Philippines,1728930,https://ror.org/02bm5ya85,,,,,
,,Easter College*en,active,education,Easter School*en,Easter College*en,,http://www.eastercollege.ph,,eastercollege.ph,1906,,,,,0000 0004 0545 5362,0000 0004 0545 5362,Q12963149,Q12963149,Baguio City,Philippines,1728930,https://ror.org/03xfsw747,,,,,
,,STI College Baguio*en,active,education,STI College-Baguio*en,STI College Baguio*en,,https://www.sti.edu/campuses/baguio,,sti.edu,,,,,,,,,,Baguio City,Philippines,1728930,https://ror.org/0188cg986,,,,,
,,Asia Pacific Theological Seminary*en,active,education,Theological Foundation for Asia*en;Far East Advanced School of Theology*en,Asia Pacific Theological Seminary*en,APTS*en,http://www.apts.edu,,apts.edu,1964,,,,,,,Q24938019,Q24938019,Baguio City,Philippines,1728930,https://ror.org/02xr5m676,,,,,
,,Philippine Baptist Theological Seminary*en,active,education,,Philippine Baptist Theological Seminary*en,PBTS*en,https://pbts.edu.ph,,pbts.edu.ph,1952,,,,,,,,,Baguio City,Philippines,1728930,https://ror.org/01ad7ea58,,,,,
,,St. Louis College of Bulanao*en,active,education,,St. Louis College of Bulanao*en; Saint Louis College of Bulanao*en,SLCB*en,https://slcb.edu.ph,,slcb.edu.ph,1967,,,,,,,,,Tabuk,Philippines,1684803,https://ror.org/01r755118,,,,,
,,"Saint Tonis College, Inc.*en",active,education,Saint Tonis College*en; Kalinga Christian Learning Center*en,"Saint Tonis College, Inc.*en",STCI*en,https://stci.edu.ph,,stci.edu.ph,1968,,,,,,,,,Tabuk,Philippines,1684803,https://ror.org/017pjbn41,,,,,
,,Cordillera Career Development College*en,active,education,,Cordillera Career Development College*en,CCDC*en,https://ccdc.edu.ph,,ccdc.edu.ph,1993,,,,,,,,,La Trinidad,Philippines,1707123,https://ror.org/04940t978,,,,,
,,King's College of the Philippines*en,active,education,King's College of the Philippines-Benguet*en,King's College of the Philippines*en,KCP*en,http://www.kcp.edu.ph,,kcp.edu.ph,,,,,,,,,,La Trinidad,Philippines,1707123,https://ror.org/04mqh9h51,,,,,
,,Benguet State University-Bokod Campus*en,active,education,,Benguet State University-Bokod Campus*en,,https://bsu.edu.ph/bokod-campus/,,,,,,,,,,,,Bokod,Philippines,1724378,https://ror.org/018tfkv36,https://ror.org/037wmkw40,,,,
,,Mountain Province State University*en,active,education,Mountain Province State Polytechnic College*en,Mountain Province State University*en,MPSU*en,https://mpsu.edu.ph,,mpsu.edu.ph,1969,,,,,,,Q6925177,Q6925177,Bontoc,Philippines,1723983,https://ror.org/059hw1r60,,,,,
,,Apayao State College*en,active,education,Apayao Institute of Science and Technology*en,Apayao State College*en,ASC*en,https://www.asc.edu.ph,,asc.edu.ph,1967,,,,,,,Q3656405,Q3656405,Conner,Philippines,1716933,https://ror.org/02sfzyk77,,,,,
,,University of Abra*en,active,education,Abra State Institute of Sciences and Technology*en; Abra State Institute of Science and Technology*en,University of Abra*en,ASIST*en,https://asist.edu.ph,,asist.edu.ph,1908,,,,,,,Q3578272,Q3578272,Lagangilang,Philippines,1708151,https://ror.org/05x2njz20,,,,,
,,Mountain Province State University-Tadian*en,active,education,Mountain Province State Polytechnic College-Tadian*en,Mountain Province State University-Tadian*en,MPSU-Tadian*en,https://mpsu.edu.ph,,mpsu.edu.ph,1992,,,,,,,,,Tadian,Philippines,1684672,https://ror.org/03d1fcc04,,,,,
,,Saint Michael College-Cantilan*en,active,education,,Saint Michael College-Cantilan*en,,http://www.smccantilan.edu.ph,,smccantilan.edu.ph,,,,,,,,,,Cantilan,Philippines,1718866,https://ror.org/05ffh4440,,,,,
,,Agusan del Sur College*en,active,education,Southern Agusan Institute*en; Southern Agusan College*en,Agusan del Sur College*en,ADSCO*en,https://www.agusandelsurcollege.com,,agusandelsurcollege.com,1966,,,,,,,Q4694610,Q4694610,Bayugan,Philippines,1725684,https://ror.org/027nhtf91,,,,,
,,Andres Soriano Colleges of Bislig*en,active,education,"South East Pacific Institute*en;Andres Soriano Institute*en;Andres Soriano Junior College*en;Andres Soriano Colleges, Incorporated*en;Andres Soriano College*en",Andres Soriano Colleges of Bislig*en,ASCB*en,https://asc-bislig.com,,asc-bislig.com,1952,,,,,,,,,Bislig,Philippines,1724767,https://ror.org/04s244m46,,,,,
,,Southern Technological Institute of the Philippines*en,active,education,,Southern Technological Institute of the Philippines*en,,,,,,,,,,,,,,Bislig,Philippines,1724767,https://ror.org/01vt89a93,,,,,
,,De La Salle John Bosco College*en,active,education,,De La Salle John Bosco College*en,DLSJBC*en,http://www.dlsjbc.edu.ph,,dlsjbc.edu.ph,1963,,,,,,,Q5244530,Q5244530,Bislig,Philippines,1724767,https://ror.org/04bye4z60,,,,,
,,Agusan Colleges*en,active,education,Agusan Colleges Inc.*en,Agusan Colleges*en,ACI*en,https://aci.edu.ph,,aci.edu.ph,1951,,,,,,,,,Butuan,Philippines,1722186,https://ror.org/00cv5v751,,,,,
,,Asian College Foundation*en,active,education,,Asian College Foundation*en,ACF*en,https://www.acf.edu.ph,,acf.edu.ph,1991,,,,,,,,,Butuan,Philippines,1722186,https://ror.org/04b2cpj93,,,,,
,,Butuan Doctors' College*en,active,education,,Butuan Doctors' College*en,BDC*en,https://www.butuandoctorscollege.edu.ph,,butuandoctorscollege.edu.ph,1975,,,,,,,,,Butuan,Philippines,1722186,https://ror.org/010228769,,,,,
,,Saint Joseph Institute of Technology*en,active,education,,Saint Joseph Institute of Technology*en,SJIT*en,https://www.sjit.edu.ph,,sjit.edu.ph,,,,,,,,,,Butuan,Philippines,1722186,https://ror.org/006s6xy16,,,,,
,,ACLC College of Butuan City*en,active,education,ACLC College of Butuan*en;ACLC College of Butuan Inc.*en,ACLC College of Butuan City*en,,http://www.aclc.edu.ph,,aclc.edu.ph,,,,,,,,,,Butuan,Philippines,1722186,https://ror.org/05d4ph249,,,,,
,,Merchant Marine Academy of Caraga*en,active,education,,Merchant Marine Academy of Caraga*en,,https://mmacibutuan.edu.ph,,mmacibutuan.edu.ph,,,,,,,,,,Butuan,Philippines,1722186,https://ror.org/002cm1187,,,,,
,,Surigao Education Center*en,active,education,,Surigao Education Center*en,SEC*en,https://sec.edu.ph,,sec.edu.ph,1978,,,,,,,,,Surigao City,Philippines,1685218,https://ror.org/00tqxy860,,,,,
,,STI College Surigao*en,active,education,STI College-Surigao*en,STI College Surigao*en,,https://www.sti.edu/campuses/surigao,,,,,,,,,,,,Surigao City,Philippines,1685218,https://ror.org/0145x5m11,,,,,
,,Saint Theresa College of Tandag*en,active,education,"Saint Theresa College of Tandag, Inc.*en",Saint Theresa College of Tandag*en,STC*en,http://www.stctandag.edu.ph,,stctandag.edu.ph,1916,,,,,,,,,Tandag,Philippines,1683302,https://ror.org/0008yks76,,,,,
,,Siargao Island Institute of Technology*en,active,education,,Siargao Island Institute of Technology*en,SIIT*en,http://www.siit.edu.ph,,siit.edu.ph,1995,,,,,,,,,Dapa,Philippines,1715617,https://ror.org/02dj52913,,,,,
,,St. Francis Xavier College*en,active,education,"St. Francis Xavier College, Inc.*en;Saint Francis Xavier College*en",St. Francis Xavier College*en,SFXC*en,https://www.sfxc.edu.ph,,sfxc.edu.ph,1991,,,,,,,,,San Francisco,Philippines,1690019,https://ror.org/02jvy8175,,,,,
,,San Francisco Colleges*en,active,education,,San Francisco Colleges*en,SFC*en,https://www.sanfranciscocolleges.edu.ph,,sanfranciscocolleges.edu.ph,1977,,,,,,,,,San Francisco,Philippines,1690019,https://ror.org/023rgy245,,,,,
,,Southway College of Technology*en,active,education,,,SOCOTECH*en,http://www.socotech.edu.ph,,socotech.edu.ph,,,,,,,,,,San Francisco,Philippines,1690019,https://ror.org/05h2swt98,,,,,
,,North Eastern Mindanao State University-Cagwait*en,active,education,NEMSU-Cagwait*en,North Eastern Mindanao State University-Cagwait*en,,https://www.nemsu.edu.ph,,,,,,,,,,,,Cagwait,Philippines,1720907,https://ror.org/048akcb38,https://ror.org/043jfav91,,,,
,,North Eastern Mindanao State University-Cantilan*en,active,education,NEMSU-Cantilan*en; North Eastern Mindanao State University - Cantilan Campus*en,,,,,,2000,,,,,,,,,Cantilan,Philippines,1718866,https://ror.org/05xa5xf96,https://ror.org/043jfav91,,,,
,,North Eastern Mindanao State University-Bislig Campus*en,active,education,NEMSU-Bislig Campus*en; University of Southeastern Philippines-Bislig Campus*en,North Eastern Mindanao State University-Bislig Campus*en,,https://www.nemsu.edu.ph?#bislig-campus,,,1996,,,,,,,,,Bislig,Philippines,1724767,https://ror.org/04r8crx55,https://ror.org/043jfav91,,,,
,,Surigao del Norte State University-Del Carmen*en,active,education,Surigao State College of Technology-Del Carmen*en; Surigao State College of Technology-Del Carmen Campus*en,Surigao del Norte State University-Del Carmen*en,,,,,2013,,,,,,,,,Del Carmen,Philippines,1715212,https://ror.org/0168cjq82,https://ror.org/046wt2614,,,,
,,North Eastern Mindanao State University-Lianga*en,active,education,NEMSU-Lianga*en,North Eastern Mindanao State University-Lianga*en,,https://www.nemsu.edu.ph,,,1992,,,,,,,,,Lianga,Philippines,1706781,https://ror.org/05fj4fn37,https://ror.org/043jfav91,,,,
,,Philippine Normal University-Mindanao*en,active,education,PNU Mindanao*en,Philippine Normal University-Mindanao*en,,http://www.pnumindanao.com,,pnumindanao.com,1968,,,,,,,,,Prosperidad,Philippines,1692747,https://ror.org/00rsv6819,https://ror.org/03d5rbb25,,,,
,,North Eastern Mindanao State University-San Miguel*en,active,education,NEMSU-San Miguel Campus*en,North Eastern Mindanao State University-San Miguel*en,,https://www.nemsu.edu.ph,,,,,,,,,,,,San Miguel,Philippines,1689018,https://ror.org/002b6b956,https://ror.org/043jfav91,,,,
,,North Eastern Mindanao State University-Tagbina*en,active,education,North Eastern Mindanao State University-Tagbina Campus*en,North Eastern Mindanao State University-Tagbina*en,NEMSU-TC*en,https://nemsu-tagbina.edu.ph,,nemsu-tagbina.edu.ph,,,,,,,,,,Tagbina,Philippines,1684491,https://ror.org/04kvd0y12,https://ror.org/043jfav91,,,,
,,Divine Word College of Calapan*en,active,education,Mindoro Junior College*en,Divine Word College of Calapan*en,DWCC*en,https://dwcc.edu.ph,,dwcc.edu.ph,1946,,,,,,,Q5284147,Q5284147,Calapan,Philippines,1720561,https://ror.org/0544n1p06,,,,,
,,John Paul College*en,active,education,,John Paul College*en,JPC*en,https://johnpaulcollegeroxas.weebly.com,,johnpaulcollegeroxas.weebly.com,1998,,,,,,,,,Roxas,Philippines,1691442,https://ror.org/01scraz17,,,,,
,,Divine Word College of San Jose*en,active,education,,Divine Word College of San Jose*en,DWCSJ*en,https://dwcsj.edu.ph,,dwcsj.edu.ph,1945,,,,,,,Q5284151,Q5284151,San Jose,Philippines,1689510,https://ror.org/02trd8b68,,,,,
,,Marinduque State University*en,active,education,Marinduque State College*en,Marinduque State University*en,MarSU*en,https://marsu.edu.ph,,marsu.edu.ph,1952,,,,,,,,,Boac,Philippines,1724576,https://ror.org/05x5x2418,,,,,
,,Mindoro State University-Bongabong Campus*en,active,education,MinSU-Bongabong Campus*en; Bongabong College of Fisheries*en,Mindoro State University-Bongabong Campus*en,,https://minsu.edu.ph,,minsu.edu.ph,1964,,,,,,,,,Bongabong,Philippines,1724102,https://ror.org/017ny0b02,,,,,
,,Palawan State University-Brooke's Point*en,active,education,Palawan State University - Brooke's Point Campus*en,Palawan State University-Brooke's Point*en,,,,,,,,,,,,,,Brooke's Point,Philippines,1723763,https://ror.org/003bmv335,https://ror.org/05x5g1486,,,,
,,Romblon State University-Cajidiocan Campus*en,active,education,,Romblon State University-Cajidiocan Campus*en,,http://rsu.edu.ph/campus?slug=cajidiocan-campus,,,,,,,,,,,,Cajidiocan,Philippines,1720823,https://ror.org/025nxej05,https://ror.org/04dn9wj23,,,,
,,Mindoro State University-Calapan City Campus*en,active,education,,Mindoro State University-Calapan City Campus*en,,,,,1961,,,,,,,,,Calapan,Philippines,1720561,https://ror.org/01kh33973,,,,,
,,Western Philippines University-Puerto Princesa*en,active,education,Western Philippines University-Puerto Princesa Campus*en;Puerto Princesa City Campus*en,Western Philippines University-Puerto Princesa*en,,http://wpu.edu.ph/home/puerto-princesa-city-campus/,,,,,,,,,,,,Puerto Princesa,Philippines,1692685,https://ror.org/01cfyp322,https://ror.org/02gpy8g87,,,,
,,Palawan State University-Coron*en,active,education,,Palawan State University-Coron*en,,,,,,,,,,,,,,Coron,Philippines,1716834,https://ror.org/00fh2gr75,https://ror.org/05x5g1486,,,,
,,Palawan State University-Cuyo*en,active,education,,Palawan State University-Cuyo*en,,,,,,,,,,,,,,Cuyo,Philippines,1716397,https://ror.org/05nn9hc86,https://ror.org/05x5g1486,,,,
,,Marinduque State University-Gasan Campus*en,active,education,Marinduque State College-Gasan Campus*en,Marinduque State University-Gasan Campus*en,,https://marsu.edu.ph,,,1992,,,,,,,,,Gasan,Philippines,1713154,https://ror.org/04ny63d65,,,,,
,,Western Philippines University-Quezon*en,active,education,Quezon Campus*en,Western Philippines University-Quezon*en,,http://wpu.edu.ph/home/quezon-campus/,,,,,,,,,,,,Quezon,Philippines,1692211,https://ror.org/03ssdea58,https://ror.org/02gpy8g87,,,,
,,Palawan State University-Roxas*en,active,education,Palawan State University - Roxas Campus*en,Palawan State University-Roxas*en,,https://psu.palawan.edu.ph/roxas-campus/,,,1984,,,,,,,,,Roxas,Philippines,1691446,https://ror.org/022nqs029,https://ror.org/05x5g1486,,,,
,,Romblon State University-San Agustin Campus*en,active,education,San Agustin Campus*en,Romblon State University-San Agustin Campus*en,,https://rsu.edu.ph/campus?slug=san-agustin-campus,,,,,,,,,,,,San Agustin,Philippines,1690514,https://ror.org/04rncnw78,https://ror.org/04dn9wj23,,,,
,,Romblon State University-San Fernando Campus*en,active,education,RSU San Fernando Campus*en,Romblon State University-San Fernando Campus*en; San Fernando Campus*en,,https://www.rsu.edu.ph/campus?slug=san-fernando-campus,,,,,,,,,,,,San Fernando,Philippines,1690046,https://ror.org/026s7bs57,https://ror.org/04dn9wj23,,,,
,,Occidental Mindoro State College-Murtha Campus*en,active,education,,Occidental Mindoro State College-Murtha Campus*en,,,,,,,,,,,,,,San Jose,Philippines,1689510,https://ror.org/03yfyaf50,https://ror.org/05akxm467,,,,
,,Palawan State University-San Vicente*en,active,education,San Vicente Campus*en,Palawan State University-San Vicente*en,,http://www.psu.palawan.edu.ph,,,,,,,,,,,,San Vicente,Philippines,1687474,https://ror.org/04px17264,https://ror.org/05x5g1486,,,,
,,Palawan State University-Sofronio Española*en,active,education,,Palawan State University-Sofronio Española*en,,,,,,,,,,,,,,Sofronio Española,Philippines,11778299,https://ror.org/012nhzt50,https://ror.org/05x5g1486,,,,
,,Mindoro State University*en,active,education,Mindoro State University-Main Campus*en; Mindoro State College of Agriculture and Technology*en,Mindoro State University*en,MinSU*en,https://minsu.edu.ph,,minsu.edu.ph,1951,,,,,,,Q6863886,Q6863886,Victoria,Philippines,1680019,https://ror.org/02f5gqh12,,,,,
,,Bacolod City College*en,active,education,,Bacolod City College*en,BCC*en,https://www.bacolodcitycollege.edu.ph,,bacolodcitycollege.edu.ph,1997,,,,,,,,,Bacolod City,Philippines,1729564,https://ror.org/04aq0e616,,,,,
,,La Carlota City College*en,active,education,,La Carlota City College*en,LCCC*en,https://lacarlotacitycollege.edu.ph,,lacarlotacitycollege.edu.ph,1966,,,,,,,,,La Carlota,Philippines,1708226,https://ror.org/00h67hp97,,,,,
,,Colegio San Agustin – Bacolod*en,active,education,Colegio San Agustin-Bacolod*en,Colegio San Agustin – Bacolod*en,CSA-B*en;CSAB*en,https://www.csab.edu.ph,,csab.edu.ph,1962,,,,,,,,,Bacolod City,Philippines,1729564,https://ror.org/02xbj9w04,,,,,
,,John B. Lacson Colleges Foundation-Bacolod*en,active,education,JBLCF-Bacolod*en,John B. Lacson Colleges Foundation-Bacolod*en,JBLCF*en,https://www.jblfmu.edu.ph/academics/our-campuses/jblcf-bacolod-campus,,,1974,,,,,,,,,Bacolod City,Philippines,1729564,https://ror.org/04879xd52,https://ror.org/01fr0xp26,,,,
,,La Consolacion College Bacolod*en,active,education,La Consolacion College-Bacolod*en,La Consolacion College Bacolod*en,LCCB*en,https://lcc.edu.ph,,lccbonline.edu.ph,1919,,,,,,,,,Bacolod City,Philippines,1729564,https://ror.org/05682d529,,,,,
,,VMA Global College*en,active,education,Visayan Maritime Academy*en,VMA Global College*en,VMA*en,http://www.vma.edu.ph,,vma.edu.ph,1973,,,,,,,,,Bacolod City,Philippines,1729564,https://ror.org/01jw97229,,,,,
,,Asian College of Science and Technology-Dumaguete*en,active,education,Asian College*en; Asian College Dumaguete*en,Asian College of Science and Technology-Dumaguete*en,ACSAT*en,https://www.asiancollege.edu.ph,,asiancollege.edu.ph,1991,,,,,,,,,Dumaguete,Philippines,1714201,https://ror.org/02b2jm713,,,,,
,,Colegio de Santa Catalina de Alejandria*es,active,education,,Colegio de Santa Catalina de Alejandria*es,COSCA*es,https://cosca.edu.ph,,cosca.edu.ph,,,,,,,,,,Dumaguete,Philippines,1714201,https://ror.org/03r2qx654,,,,,
,,Fellowship Baptist College*en,active,education,Fellowship Baptist College of Kabankalan*en; Fellowship Baptist Academy*en,Fellowship Baptist College*en,FBC*en,http://www.fbc.edu.ph,,fbc.edu.ph,1954,,,,,,,Q55639707,Q55639707,Kabankalan,Philippines,1709968,https://ror.org/0271e1b66,,,,,
,,Kabankalan Catholic College*en,active,education,"Kabankalan Catholic College, Inc.*en",Kabankalan Catholic College*en,KCC*en,https://kcc.edu.ph,,kcc.edu.ph,1927,,,,,,,,,Kabankalan,Philippines,1709968,https://ror.org/01dv1ex26,,,,,
,,"Colegio de Santa Rita de San Carlos, Inc.*es",active,education,"Colegio de Santa Rita - San Carlos, Inc.*es","Colegio de Santa Rita de San Carlos, Inc.*es",CSR*es,https://csr-scc.edu.ph,,csr-scc.edu.ph,1933,,,,,,,,,San Carlos,Philippines,1690219,https://ror.org/028bnqf46,,,,,
,,Silay Institute*en,active,education,"Silay Institute, Inc.*en",Silay Institute*en,,https://www.silayinstitute.edu.ph,,silayinstitute.edu.ph,1925,,,,,,,Q7514271,Q7514271,Silay,Philippines,1686501,https://ror.org/013cdef16,,,,,
,,Colegio de Sta. Ana de Victorias*es,active,education,,Colegio de Sta. Ana de Victorias*es,,,,,,,,,,,,,,Victorias City,Philippines,1680007,https://ror.org/05m921e83,,,,,
,,Saint Francis College-Guihulngan*en,active,education,"Saint Francis College Guihulngan, Negros Oriental Incorporated*en","Saint Francis College-Guihulngan*en; Saint Francis College, Guihulngan, Negros Oriental, Incorporated*en",,https://saintfranciscollegeguihulngan.weebly.com,,saintfranciscollegeguihulngan.weebly.com,1962,,,,,,,,,Guihulngan City,Philippines,1712520,https://ror.org/00bte1m44,,,,,
,,Southland College of Kabankalan City*en,active,education,Southland College*en,Southland College of Kabankalan City*en,,https://www.southlandcollege.edu.ph,,southlandcollege.edu.ph,2009,,,,,,,Q7570856,Q7570856,Kabankalan,Philippines,1709968,https://ror.org/02rbzy033,,,,,
,,Central Philippine Adventist College*en,active,education,,Central Philippine Adventist College*en,CPAC*en,https://cpac.edu.ph,,cpac.edu.ph,1981,,,,,,,Q5061642,Q5061642,Murcia,Philippines,1699060,https://ror.org/01vh37z61,,,,,
,,Villaflores College*en,active,education,,Villaflores College*en; Kolehiyo sa Villaflores,,http://www.villaflorescollege.info,,villaflorescollege.info,1952,,,,,,,Q122291210,Q122291210,Tanjay,Philippines,1683088,https://ror.org/02fvfgz52,,,,,
,,Central Philippines State University-Cauayan Campus*en,active,education,CPSU-Cauayan Campus*en,Central Philippines State University-Cauayan Campus*en,,https://cpsu.edu.ph/content/71,,,1999,,,,,,,,,Cauayan,Philippines,1717738,https://ror.org/002cvza23,https://ror.org/059ty5v23,,,,
,,Negros Oriental State University-Bayawan*en,active,education,Bayawan-Sta. Catalina Campus*en,Negros Oriental State University-Bayawan*en,NORSU-BSC*en,https://norsu.edu.ph/65,,,1947,,,,,,,,,Bayawan,Philippines,1725804,https://ror.org/01bcqew56,https://ror.org/016t28114,,,,
,,State University of Northern Negros-Escalante*en,active,education,Northern Negros State College of Science and Technology-Escalante*en; SUNN Escalante Campus*en,State University of Northern Negros-Escalante*en,,https://sunn.edu.ph,,sunn.edu.ph,,,,,,,,,,Escalante,Philippines,1713818,https://ror.org/01zh8w651,,,,,
,,Central Philippines State University-Hinigaran Campus*en,active,education,CPSU-Hinigaran Campus*en;CPSU Hinigaran Campus*en,Central Philippines State University-Hinigaran Campus*en,,https://cpsu.edu.ph/content/72,,,2011,,,,,,,,,Hinigaran,Philippines,1711621,https://ror.org/008t7s152,https://ror.org/059ty5v23,,,,
,,State University of Northern Negros*en,active,education,Northern Negros State College of Science and Technology*en,State University of Northern Negros*en,NONESCOST*en;SUNN*en,https://sunn.edu.ph,,sunn.edu.ph,1998,,,,,0000 0004 4654 9701,0000 0004 4654 9701,,,Sagay,Philippines,1691150,https://ror.org/016w4zj61,,,https://ror.org/013xphc70,,
,,Central Philippines State University - San Carlos Campus*en,active,education,,Central Philippines State University - San Carlos Campus*en,,https://cpsu.edu.ph/content/78,,,,,,,,,,,,San Carlos,Philippines,1690219,https://ror.org/03m6geg73,https://ror.org/059ty5v23,,,,
,,Carlos Hilado Memorial State University-Alijis*en,active,education,,Carlos Hilado Memorial State University-Alijis*en,,https://chmsu.edu.ph/alijis/,,,1983,,,,,,,,,Bacolod City,Philippines,1729564,https://ror.org/01p3ehp75,https://ror.org/028yaa073,,,,
,,Technological University of the Philippines Visayas*en,active,education,TUP Visayas*en;Technological University of the Philippines-Visayas*en,Technological University of the Philippines Visayas*en,TUPV*en,http://www.tupvisayas.edu.ph,,tupvisayas.edu.ph,1977,,,,,,,,,Talisay,Philippines,1683877,https://ror.org/00hhhjp42,https://ror.org/00v4vjb95,,,,
,,Negros Oriental State University-Guihulngan*en,active,education,NORSU Guihulngan Campus*en,Negros Oriental State University-Guihulngan*en,,https://norsu.edu.ph/66,,,1957,,,,,,,,,Guihulngan,Philippines,1712520,https://ror.org/01rwzy654,https://ror.org/016t28114,,,,
,,Central Philippines State University-Ilog Campus*en,active,education,,Central Philippines State University-Ilog Campus*en,CPSU-Ilog*en,,,,2002,,,,,,,,,Ilog,Philippines,1711030,https://ror.org/00dce4q22,https://ror.org/059ty5v23,,,,
,,Siquijor State College*en,active,education,,Siquijor State College*en,,http://www.siquijorstate.edu.ph,,siquijorstate.edu.ph,1920,,,,,,,Q7525882,Q7525882,Larena,Philippines,1707223,https://ror.org/01mpfa064,,,,,
,,Central Philippines State University-Moises Padilla Campus*en,active,education,,Central Philippines State University-Moises Padilla Campus*en,,https://cpsu.edu.ph/content/76,,,2007,,,,,,,,,Moises Padilla,Philippines,1699418,https://ror.org/00s4ybe17,https://ror.org/059ty5v23,,,,
,,Negros Oriental State University-Siaton Campus*en,active,education,Siaton Community College*en; NORSU Siaton Campus*en,Negros Oriental State University-Siaton Campus*en,SCC*en,https://norsu.edu.ph/69,,,1977,,,,,,,,,Siaton,Philippines,1686868,https://ror.org/05g0esq50,https://ror.org/016t28114,,,,
,,Cagayan Valley Medical Center*en,active,healthcare,,Cagayan Valley Medical Center*en,CVMC*en,https://cvmc.doh.gov.ph/,,cvmc.doh.gov.ph,1945,,,,,,,Q30644798,Q30644798,Tuguegarao City,Philippines,1680932,https://ror.org/01rq84a77,,,,,
,,Bicol Medical Center*en,active,healthcare,Bicol Regional Training and Teaching Hospital*en;Camarines Sur Provincial Hospital*en,Bicol Medical Center*en,BMC*en,https://bmc.doh.gov.ph,,bmc.doh.gov.ph,1933,,,,,,,,,Naga,Philippines,1698829,https://ror.org/01qa98b08,,,,,
,,Baguio General Hospital and Medical Center*en,active,healthcare,Baguio General Hospital*en,Baguio General Hospital and Medical Center*en,BGHMC*en,http://bghmc.doh.gov.ph/,,bghmc.doh.gov.ph,1902,,,,,,,Q60787332,Q60787332,Baguio City,Philippines,1728930,https://ror.org/02nj94n60,https://ror.org/03zn9nd89,,,,
,,Veterans Memorial Medical Center*en,active,healthcare,Veterans Memorial Hospital*en,Veterans Memorial Medical Center*en,VMMC*en,https://vmmc.gov.ph,,vmmc.gov.ph,1955,,,,,,,Q7923649,Q7923649,Quezon City,Philippines,1692192,https://ror.org/048v8qe24,,,,,
,,Cotabato Regional and Medical Center*en,active,healthcare,,Cotabato Regional and Medical Center*en,CRMC*en,https://crmc.doh.gov.ph/,,crmc.doh.gov.ph,1916,,,,,,,Q48800592,Q48800592,Cotabato City,Philippines,1716771,https://ror.org/00a9dbs77,,,,,
,,Amang Rodriguez Memorial Medical Center*en,active,healthcare,,Amang Rodriguez Memorial Medical Center*en,ARMMC*en,https://armmc.doh.gov.ph,,armmc.doh.gov.ph,1966,,,,,,,,,Marikina,Philippines,1700925,https://ror.org/021vn6191,https://ror.org/03zn9nd89,,,,
,,Chong Hua Hospital*en,active,healthcare,,Chong Hua Hospital*en,,https://chonghua.com.ph,,chonghua.com.ph,1909,,,,,,,Q5104599,Q5104599,Cebu City,Philippines,1717512,https://ror.org/028gg6s12,,,,,
,,Gov. Celestino Gallares Memorial Medical Center*en,active,healthcare,Gov. Celestino Gallares Memorial Hospital*en,Gov. Celestino Gallares Memorial Medical Center*en,GCGMMC*en;GCGMH*en,https://www.gcgmh.gov.ph/,,gcgmh.gov.ph,1929,,,,,,,Q118868611,Q118868611,Tagbilaran,Philippines,1684497,https://ror.org/05pmb4g53,,,,,
,,Medical Center Manila*en,active,healthcare,,Medical Center Manila*en; ManilaMed*en,,https://manilamed.net.ph,,manilamed.net.ph,1967,,,,,,,Q6806286,Q6806286,Manila,Philippines,1701668,https://ror.org/00zeg0323,,,,,
,,Jose B. Lingad Memorial General Hospital*en,active,healthcare,Jose B. Lingad Memorial Regional Hospital*en,Jose B. Lingad Memorial General Hospital*en,,https://jblmgh.doh.gov.ph,,jblmgh.doh.gov.ph,,,,,,,,,,San Fernando City,Philippines,1690039,https://ror.org/046qgbn67,,,https://ror.org/03zn9nd89,,
,,"San Pedro Hospital of Davao City, Inc.*en",active,healthcare,,"San Pedro Hospital of Davao City, Inc.*en",,https://sanpedrohospitaldavao.com,,sanpedrohospitaldavao.com,1948,,,,,,,,,Davao City,Philippines,1715348,https://ror.org/01c3wff43,,,https://ror.org/03dw6jp83,,
,,Cardinal Santos Medical Center*en,active,healthcare,,Cardinal Santos Medical Center*en,CSMC*en,https://www.cardinalsantos.com.ph,,cardinalsantos.com.ph,1974,,,,,,,Q18397118,Q18397118,San Juan,Philippines,1689286,https://ror.org/04q9ae819,,,,,
,,Mary Mediatrix Medical Center*en,active,healthcare,,Mary Mediatrix Medical Center*en,MMMC*en,https://mediatrixmed.com.ph,,mediatrixmed.com.ph,1958,,,,,,,,,Lipa City,Philippines,1706090,https://ror.org/02hqzts49,,,,,
,,Eastern Visayas Medical Center*en,active,healthcare,,Eastern Visayas Medical Center*en,EVMC*en,https://evrmc.doh.gov.ph,,,1966,,,,,,,,,Tacloban City,Philippines,1684712,https://ror.org/01a25xp58,,,,,
,,Zamboanga City Medical Center*en,active,healthcare,,Zamboanga City Medical Center*en,ZCMC*en,https://zcmc.doh.gov.ph,,zcmc.doh.gov.ph,1918,,,,,,,Q118868581,Q118868581,Zamboanga City,Philippines,1679432,https://ror.org/01ry07a08,https://ror.org/03zn9nd89,,,,
,,Philippine Children's Medical Center*en,active,healthcare,Lungsod ng Kabataan*tl,Philippine Children's Medical Center*en,PCMC*en,https://pcmc.gov.ph,,pcmc.gov.ph,1979,,,,,,,Q31810116,Q31810116,Quezon City,Philippines,1692192,https://ror.org/04s3x0a53,https://ror.org/03zn9nd89,,https://ror.org/050rdvn58; https://ror.org/04h783r90; https://ror.org/05k4a7g87,,
,,Mariano Marcos Memorial Hospital and Medical Center*en,active,healthcare,,Mariano Marcos Memorial Hospital and Medical Center*en,MMMH&MC*en,https://mmmhmc.doh.gov.ph,,mmmhmc.doh.gov.ph,1968,,,,,,,,,Batac City,Philippines,1726339,https://ror.org/027wx4z07,,,,,
,,National Children's Hospital*en,active,healthcare,,National Children's Hospital*en,NCH*en,https://nch.doh.gov.ph,,nch.doh.gov.ph,1945,,,,,,,,,Quezon City,Philippines,1692192,https://ror.org/058vv9y91,https://ror.org/03zn9nd89,,,,
,,Tondo Medical Center*en,active,healthcare,,Tondo Medical Center*en,,https://www.tmc.doh.gov.ph,,tmc.doh.gov.ph,1971,,,,,,,Q7820805,Q7820805,Manila,Philippines,1701668,https://ror.org/02ytxss09,https://ror.org/03zn9nd89,,,,
,,Corazon Locsin Montelibano Memorial Regional Hospital*en,active,healthcare,,Corazon Locsin Montelibano Memorial Regional Hospital*en,CLMMRH*en,https://clmmrh.doh.gov.ph,,clmmrh.doh.gov.ph,1926,,,,,,,Q56897622,Q56897622,Bacolod City,Philippines,1729564,https://ror.org/04n21ny09,https://ror.org/03zn9nd89,,,,
,,Ospital ng Makati*tl,active,healthcare,,Ospital ng Makati*tl,OsMak*tl,https://www.ospitalngmakati.com,,ospitalngmakati.com,1988,,,,,,,Q120798696,Q120798696,Makati City,Philippines,1703417,https://ror.org/03rfbt484,,,,,
,,Dr. Jose Fabella Memorial Hospital*en,active,healthcare,,Dr. Jose Fabella Memorial Hospital*en,,https://fabella.doh.gov.ph,,fabella.doh.gov.ph,1920,,,,,,,,,Manila,Philippines,1701668,https://ror.org/01x0t0608,,,,,
,,De Los Santos Medical Center*en,active,healthcare,,De Los Santos Medical Center*en,DLSMC*en,https://www.delossantosmed.ph,,delossantosmed.ph,1949,,,,,0000 0004 6004 956X,0000 0004 6004 956X,Q23926480,Q23926480,Quezon City,Philippines,1692192,https://ror.org/05et4ys05,,,,,
,,National Center for Mental Health*en,active,healthcare,,National Center for Mental Health*en; Pambansang Sentro ng Pangkaisipang Kalusugan*tl,NCMH*en,https://ncmh.gov.ph,,ncmh.gov.ph,1925,,,,,,,,,Mandaluyong,Philippines,1701966,https://ror.org/0409n0n53,https://ror.org/03zn9nd89,,,,
,,Batangas Medical Center*en,active,healthcare,Batangas Regional Hospital*en,Batangas Medical Center*en,,https://batmc.doh.gov.ph,,batmc.doh.gov.ph,,,,,,,,,,Batangas City,Philippines,1726280,https://ror.org/04b07g940,https://ror.org/03zn9nd89,,,,
,,Dr. Paulino J. Garcia Memorial Research and Medical Center*en,active,healthcare,,Dr. Paulino J. Garcia Memorial Research and Medical Center*en,,https://drpjgmrmc.doh.gov.ph,,drpjgmrmc.doh.gov.ph,1971,,,,,,,,,Cabanatuan City,Philippines,1721906,https://ror.org/03r32fc83,https://ror.org/03zn9nd89,,,,
,,Capitol Medical Center*en,active,healthcare,"Capitol Medical Center, Inc.*en",Capitol Medical Center*en,,https://capitolmedical.com.ph,,capitolmedical.com.ph,1970,,,,,,,Q16256501,Q16256501,Quezon City,Philippines,1692192,https://ror.org/03yw3se03,,,,,
,,Brokenshire Medical Center*en,active,healthcare,Brokenshire Memorial Hospital*en,Brokenshire Medical Center*en,BMC*en,https://www.brokenshiremed.com,,brokenshiremed.com;brokenshire.org,1908,,,,,,,,,Davao City,Philippines,1715348,https://ror.org/03gapwk73,,,,,
,,Davao Regional Medical Center*en,active,healthcare,,Davao Regional Medical Center*en,DRMC*en,http://drmc.doh.gov.ph,,drmc.doh.gov.ph,1969,,,,,,,Q104851140,Q104851140,Tagum,Philippines,1684269,https://ror.org/04b365477,,,,,
,,Cebu South Medical Center*en,active,healthcare,,Cebu South Medical Center*en,CSMC*en,https://csmc.doh.gov.ph,,csmc.doh.gov.ph,1994,,,,,,,,,Talisay City,Philippines,1683881,https://ror.org/01xxxjb24,,,,,
,,Western Visayas Medical Center*en,active,healthcare,,Western Visayas Medical Center*en,WVMC*en,https://wvmc.doh.gov.ph,,wvmc.doh.gov.ph,,,,,,,,,,Iloilo City,Philippines,1711005,https://ror.org/0480hck89,,,,,
,,Amai Pakpak Medical Center*en,active,healthcare,,Amai Pakpak Medical Center*en,APMC*en,http://apmc.doh.gov.ph,,apmc.doh.gov.ph,1903,,,,,,,Q30645166,Q30645166,Marawi City,Philippines,1701053,https://ror.org/00n2xrx14,https://ror.org/03zn9nd89,,,,
,,Vicente Sotto Memorial Medical Center*en,active,healthcare,,Vicente Sotto Memorial Medical Center*en,VSMMC*en,https://vsmmc.doh.gov.ph,,vsmmc.doh.gov.ph,1913,,,,,,,,,Cebu City,Philippines,1717512,https://ror.org/00q3ebb78,https://ror.org/03zn9nd89,,,,
,,Metal Industry Research and Development Center*en,active,facility,Metals Industry Research and Development Center*en,Metal Industry Research and Development Center*en,MIRDC*en,https://mirdc.dost.gov.ph,,mirdc.dost.gov.ph,1966,100015409,100015409,,,,,Q31811497,Q31811497,Taguig,Philippines,1684308,https://ror.org/00hsjqc56,https://ror.org/05tgxx705,,,,
,,Philippine Textile Research Institute*en,active,facility,,Philippine Textile Research Institute*en,PTRI*en,https://ptri.dost.gov.ph,,ptri.dost.gov.ph,1967,,,,,,,Q31811510,Q31811510,Taguig,Philippines,1684308,https://ror.org/020shr088,https://ror.org/05tgxx705,,,,
,,Philippine Institute of Volcanology and Seismology*en,active,government,,Philippine Institute of Volcanology and Seismology*en,PHIVOLCS*en,https://www.phivolcs.dost.gov.ph,,phivolcs.dost.gov.ph,1952,,,,,,,,,Quezon City,Philippines,1692192,https://ror.org/05kstvw68,https://ror.org/05tgxx705,,,,
,,Science Education Institute*en,active,government,,Science Education Institute*en,SEI*en;DOST-SEI*en,https://sei.dost.gov.ph,,sei.dost.gov.ph,1987,,,,,,,Q31811511,Q31811511,Taguig,Philippines,1684308,https://ror.org/0240hay17,https://ror.org/05tgxx705,,,,
,,Technology Application and Promotion Institute*en,active,government,,Technology Application and Promotion Institute*en,TAPI*en,http://www.tapi.dost.gov.ph,,tapi.dost.gov.ph,1987,,,,,,,Q31811512,Q31811512,Taguig,Philippines,1684308,https://ror.org/034tb2638,https://ror.org/05tgxx705,,,,
,,National Academy of Science and Technology*en,active,government,"National Academy of Science and Technology, Philippines*en",National Academy of Science and Technology*en,NAST*en,https://www.nast.dost.gov.ph,,nast.dost.gov.ph,1976,,,,,,,,,Taguig,Philippines,1684308,https://ror.org/00x68cv87,https://ror.org/05tgxx705,,,,
