Issue # from Github,Issue URL,Issue title from Github,Name of org in Record ID,Record ID,Related ID,Name of org in Related ID,Relationship of Related ID to Record ID,Current location of Related ID
31937,https://github.com/ror-community/ror-updates/issues/31937,"Add a new organization to ROR: 
 
BIOGRAPHS: Graphes Biologiques",BIOGRAPHS: Graphes Biologiques,https://ror.org/00g9sbp71,https://ror.org/04040yw90,Centre Inria de l'Université de Rennes,Parent,Production
31937,https://github.com/ror-community/ror-updates/issues/31937,"Add a new organization to ROR: 
 
BIOGRAPHS: Graphes Biologiques",Centre Inria de l'Université de Rennes,https://ror.org/04040yw90,https://ror.org/00g9sbp71,BIOGRAPHS: Graphes Biologiques,Child,Release
36525,https://github.com/ror-community/ror-updates/issues/36525,Modify the information in an existing ROR record: https://ror.org/011xg1225,Montpellier Interdisciplinary center on Sustainable Agri-food systems: social and nutritional sciences,https://ror.org/011xg1225,https://ror.org/015q23935,Institut de Recherche pour le Développement,Delete,Production
36525,https://github.com/ror-community/ror-updates/issues/36525,Modify the information in an existing ROR record: https://ror.org/011xg1225,Institut de Recherche pour le Développement,https://ror.org/015q23935,https://ror.org/011xg1225,Montpellier Interdisciplinary center on Sustainable Agri-food systems: social and nutritional sciences,Delete,Release
36525,https://github.com/ror-community/ror-updates/issues/36525,Modify the information in an existing ROR record: https://ror.org/011xg1225,Montpellier Interdisciplinary center on Sustainable Agri-food systems: social and nutritional sciences,https://ror.org/011xg1225,https://ror.org/05q3vnk25,Institut de Recherche pour le Développement,Parent,Production
36525,https://github.com/ror-community/ror-updates/issues/36525,Modify the information in an existing ROR record: https://ror.org/011xg1225,Institut de Recherche pour le Développement,https://ror.org/05q3vnk25,https://ror.org/011xg1225,Montpellier Interdisciplinary center on Sustainable Agri-food systems: social and nutritional sciences,Child,Release
37377,https://github.com/ror-community/ror-updates/issues/37377,Add a new organization to ROR: Laboratoire Méditerranéen de Sociologie*fr,Laboratoire Méditerranéen de Sociologie,https://ror.org/03q62kv28,https://ror.org/02feahw73,Centre National de la Recherche Scientifique,Parent,Production
37377,https://github.com/ror-community/ror-updates/issues/37377,Add a new organization to ROR: Laboratoire Méditerranéen de Sociologie*fr,Centre National de la Recherche Scientifique,https://ror.org/02feahw73,https://ror.org/03q62kv28,Laboratoire Méditerranéen de Sociologie,Child,Release
37377,https://github.com/ror-community/ror-updates/issues/37377,Add a new organization to ROR: Laboratoire Méditerranéen de Sociologie*fr,Laboratoire Méditerranéen de Sociologie,https://ror.org/03q62kv28,https://ror.org/00064jq14,"Centre Méditerranéen de Sociologie, de Science Politique et d'Histoire",Successor,Production
37377,https://github.com/ror-community/ror-updates/issues/37377,Add a new organization to ROR: Laboratoire Méditerranéen de Sociologie*fr,"Centre Méditerranéen de Sociologie, de Science Politique et d'Histoire",https://ror.org/00064jq14,https://ror.org/03q62kv28,Laboratoire Méditerranéen de Sociologie,Predecessor,Release
38009,https://github.com/ror-community/ror-updates/issues/38009,Add a new organization to ROR: Guttman Community College,Guttman Community College,https://ror.org/04nq4b349,https://ror.org/00453a208,City University of New York,Parent,Production
38009,https://github.com/ror-community/ror-updates/issues/38009,Add a new organization to ROR: Guttman Community College,City University of New York,https://ror.org/00453a208,https://ror.org/04nq4b349,Guttman Community College,Child,Release
37994,https://github.com/ror-community/ror-updates/issues/37994,"Add a new organization to ROR: 
 
Government Engineering College Thrissur",Government Engineering College Thrissur,https://ror.org/00rtgqb20,https://ror.org/04yn30r61,APJ Abdul Kalam Technological University,Related,Production
37994,https://github.com/ror-community/ror-updates/issues/37994,"Add a new organization to ROR: 
 
Government Engineering College Thrissur",APJ Abdul Kalam Technological University,https://ror.org/04yn30r61,https://ror.org/00rtgqb20,Government Engineering College Thrissur,Related,Release
38082,https://github.com/ror-community/ror-updates/issues/38082,Add a new organization to ROR: Beihai Hospital of Chinese Medici*en,Beihai Hospital of Chinese Medicine,https://ror.org/00t35h066,https://ror.org/024v0gx67,Guangxi University of Chinese Medicine,Related,Production
38082,https://github.com/ror-community/ror-updates/issues/38082,Add a new organization to ROR: Beihai Hospital of Chinese Medici*en,Guangxi University of Chinese Medicine,https://ror.org/024v0gx67,https://ror.org/00t35h066,Beihai Hospital of Chinese Medicine,Related,Release
38061,https://github.com/ror-community/ror-updates/issues/38061,"Add a new organization to ROR: 
 
Kunthavai Naacchiyaar Government Arts College for Women Autonomous",Kunthavai Naacchiyaar Government Arts College for Women (Autonomous),https://ror.org/03qkkkw10,https://ror.org/02w7vnb60,Bharathidasan University,Related,Production
38061,https://github.com/ror-community/ror-updates/issues/38061,"Add a new organization to ROR: 
 
Kunthavai Naacchiyaar Government Arts College for Women Autonomous",Bharathidasan University,https://ror.org/02w7vnb60,https://ror.org/03qkkkw10,Kunthavai Naacchiyaar Government Arts College for Women (Autonomous),Related,Release
37820,https://github.com/ror-community/ror-updates/issues/37820,Add a new organization to ROR: Sinopec Petroleum Engineering Technology Research Institute,SINOPEC Petroleum Engineering Technology Research Institute (China),https://ror.org/00f59ra89,https://ror.org/0161q6d74,Sinopec (China),Parent,Production
37820,https://github.com/ror-community/ror-updates/issues/37820,Add a new organization to ROR: Sinopec Petroleum Engineering Technology Research Institute,Sinopec (China),https://ror.org/0161q6d74,https://ror.org/00f59ra89,SINOPEC Petroleum Engineering Technology Research Institute (China),Child,Release
37818,https://github.com/ror-community/ror-updates/issues/37818,"Add a new organization to ROR: CRSC Research & Design Institute Group Co., Ltd.",CRSC Research & Design Institute Group (China),https://ror.org/05ep1j920,https://ror.org/00v85ww51,China Railway Signal & Communication (China),Parent,Production
37818,https://github.com/ror-community/ror-updates/issues/37818,"Add a new organization to ROR: CRSC Research & Design Institute Group Co., Ltd.",China Railway Signal & Communication (China),https://ror.org/00v85ww51,https://ror.org/05ep1j920,CRSC Research & Design Institute Group (China),Child,Release
37817,https://github.com/ror-community/ror-updates/issues/37817,"Add a new organization to ROR: CRRC Qingdao Sifang Rolling Stock Research Institute Co., Ltd.",CRRC Qingdao Sifang Rolling Stock Research Institute (China),https://ror.org/00gxezc73,https://ror.org/033g21894,CRRC (China),Parent,Production
37817,https://github.com/ror-community/ror-updates/issues/37817,"Add a new organization to ROR: CRRC Qingdao Sifang Rolling Stock Research Institute Co., Ltd.",CRRC (China),https://ror.org/033g21894,https://ror.org/00gxezc73,CRRC Qingdao Sifang Rolling Stock Research Institute (China),Child,Release
37288,https://github.com/ror-community/ror-updates/issues/37288,Add a new organization to ROR: Biologie des interactions neurones/glie,Biologie des Interactions Neurones/Glie,https://ror.org/0135ryh97,https://ror.org/02vjkv261,Inserm,Parent,Production
37288,https://github.com/ror-community/ror-updates/issues/37288,Add a new organization to ROR: Biologie des interactions neurones/glie,Inserm,https://ror.org/02vjkv261,https://ror.org/0135ryh97,Biologie des Interactions Neurones/Glie,Child,Release
37288,https://github.com/ror-community/ror-updates/issues/37288,Add a new organization to ROR: Biologie des interactions neurones/glie,Biologie des Interactions Neurones/Glie,https://ror.org/0135ryh97,https://ror.org/02feahw73,Centre National de la Recherche Scientifique,Parent,Production
37288,https://github.com/ror-community/ror-updates/issues/37288,Add a new organization to ROR: Biologie des interactions neurones/glie,Centre National de la Recherche Scientifique,https://ror.org/02feahw73,https://ror.org/0135ryh97,Biologie des Interactions Neurones/Glie,Child,Release
37288,https://github.com/ror-community/ror-updates/issues/37288,Add a new organization to ROR: Biologie des interactions neurones/glie,Biologie des Interactions Neurones/Glie,https://ror.org/0135ryh97,https://ror.org/01yvrd251,Université Pierre-et-Marie-Curie,Parent,Production
37288,https://github.com/ror-community/ror-updates/issues/37288,Add a new organization to ROR: Biologie des interactions neurones/glie,Université Pierre-et-Marie-Curie,https://ror.org/01yvrd251,https://ror.org/0135ryh97,Biologie des Interactions Neurones/Glie,Child,Release
37289,https://github.com/ror-community/ror-updates/issues/37289,Add a new organization to ROR: Génétique épidémiologique et moléculaire des pathologies cardio-vasculaires,Génétique épidémiologique et moléculaire des pathologies cardiovasculaires,https://ror.org/05fvgyg64,https://ror.org/02vjkv261,Inserm,Parent,Production
37289,https://github.com/ror-community/ror-updates/issues/37289,Add a new organization to ROR: Génétique épidémiologique et moléculaire des pathologies cardio-vasculaires,Inserm,https://ror.org/02vjkv261,https://ror.org/05fvgyg64,Génétique épidémiologique et moléculaire des pathologies cardiovasculaires,Child,Release
37289,https://github.com/ror-community/ror-updates/issues/37289,Add a new organization to ROR: Génétique épidémiologique et moléculaire des pathologies cardio-vasculaires,Génétique épidémiologique et moléculaire des pathologies cardiovasculaires,https://ror.org/05fvgyg64,https://ror.org/01yvrd251,Université Pierre-et-Marie-Curie,Parent,Production
37289,https://github.com/ror-community/ror-updates/issues/37289,Add a new organization to ROR: Génétique épidémiologique et moléculaire des pathologies cardio-vasculaires,Université Pierre-et-Marie-Curie,https://ror.org/01yvrd251,https://ror.org/05fvgyg64,Génétique épidémiologique et moléculaire des pathologies cardiovasculaires,Child,Release
37294,https://github.com/ror-community/ror-updates/issues/37294,Add a new organization to ROR: Cytosquelette et développement,Cytosquelette et Développement,https://ror.org/04a2vep86,https://ror.org/02vjkv261,Inserm,Parent,Production
37294,https://github.com/ror-community/ror-updates/issues/37294,Add a new organization to ROR: Cytosquelette et développement,Inserm,https://ror.org/02vjkv261,https://ror.org/04a2vep86,Cytosquelette et Développement,Child,Release
37294,https://github.com/ror-community/ror-updates/issues/37294,Add a new organization to ROR: Cytosquelette et développement,Cytosquelette et Développement,https://ror.org/04a2vep86,https://ror.org/02feahw73,Centre National de la Recherche Scientifique,Parent,Production
37294,https://github.com/ror-community/ror-updates/issues/37294,Add a new organization to ROR: Cytosquelette et développement,Centre National de la Recherche Scientifique,https://ror.org/02feahw73,https://ror.org/04a2vep86,Cytosquelette et Développement,Child,Release
37294,https://github.com/ror-community/ror-updates/issues/37294,Add a new organization to ROR: Cytosquelette et développement,Cytosquelette et Développement,https://ror.org/04a2vep86,https://ror.org/01yvrd251,Université Pierre-et-Marie-Curie,Parent,Production
37294,https://github.com/ror-community/ror-updates/issues/37294,Add a new organization to ROR: Cytosquelette et développement,Université Pierre-et-Marie-Curie,https://ror.org/01yvrd251,https://ror.org/04a2vep86,Cytosquelette et Développement,Child,Release
38025,https://github.com/ror-community/ror-updates/issues/38025,"Add a new organization to ROR: 
 
National Agency for Scientific Research and Innovation",National Agency for Scientific Research and Innovation,https://ror.org/05pzdvf58,https://ror.org/04ydcpm48,"Ministry of Education, Sports and Youth",Parent,Production
38025,https://github.com/ror-community/ror-updates/issues/38025,"Add a new organization to ROR: 
 
National Agency for Scientific Research and Innovation","Ministry of Education, Sports and Youth",https://ror.org/04ydcpm48,https://ror.org/05pzdvf58,National Agency for Scientific Research and Innovation,Child,Release
37808,https://github.com/ror-community/ror-updates/issues/37808,Add a new organization to ROR: National Fire Research Institute,National Fire Research Institute,https://ror.org/00cbeb547,https://ror.org/02fhmtn03,National Fire Agency,Parent,Production
37808,https://github.com/ror-community/ror-updates/issues/37808,Add a new organization to ROR: National Fire Research Institute,National Fire Agency,https://ror.org/02fhmtn03,https://ror.org/00cbeb547,National Fire Research Institute,Child,Release
37807,https://github.com/ror-community/ror-updates/issues/37807,Add a new organization to ROR: CNPC Tubular Goods Research Institute,CNPC Tubular Goods Research Institute (China),https://ror.org/02cmpxr83,https://ror.org/05269d038,China National Petroleum Corporation (China),Parent,Production
37807,https://github.com/ror-community/ror-updates/issues/37807,Add a new organization to ROR: CNPC Tubular Goods Research Institute,China National Petroleum Corporation (China),https://ror.org/05269d038,https://ror.org/02cmpxr83,CNPC Tubular Goods Research Institute (China),Child,Release
37806,https://github.com/ror-community/ror-updates/issues/37806,Add a new organization to ROR: Shanghai Institute of Immunology,Shanghai Institute of Immunology,https://ror.org/00xmwa107,https://ror.org/0220qvk04,Shanghai Jiao Tong University,Parent,Production
37806,https://github.com/ror-community/ror-updates/issues/37806,Add a new organization to ROR: Shanghai Institute of Immunology,Shanghai Jiao Tong University,https://ror.org/0220qvk04,https://ror.org/00xmwa107,Shanghai Institute of Immunology,Child,Release
37805,https://github.com/ror-community/ror-updates/issues/37805,Add a new organization to ROR: Lanzhou Institute of Biological Products,Lanzhou Institute of Biological Products (China),https://ror.org/035dm6k56,https://ror.org/01y20q665,China National Biotechnology (China),Parent,Production
37805,https://github.com/ror-community/ror-updates/issues/37805,Add a new organization to ROR: Lanzhou Institute of Biological Products,China National Biotechnology (China),https://ror.org/01y20q665,https://ror.org/035dm6k56,Lanzhou Institute of Biological Products (China),Child,Release
37802,https://github.com/ror-community/ror-updates/issues/37802,"Add a new organization to ROR: Institute of Biomedical Engineering, Chinese Academy of Medical Sciences","Institute of Biomedical Engineering, Chinese Academy of Medical Sciences",https://ror.org/01vagp983,https://ror.org/02drdmm93,Chinese Academy of Medical Sciences & Peking Union Medical College,Parent,Production
37802,https://github.com/ror-community/ror-updates/issues/37802,"Add a new organization to ROR: Institute of Biomedical Engineering, Chinese Academy of Medical Sciences",Chinese Academy of Medical Sciences & Peking Union Medical College,https://ror.org/02drdmm93,https://ror.org/01vagp983,"Institute of Biomedical Engineering, Chinese Academy of Medical Sciences",Child,Release
37801,https://github.com/ror-community/ror-updates/issues/37801,Add a new organization to ROR: Suzhou Science and Technology Town Hospital,Suzhou Science and Technology Town Hospital,https://ror.org/01wcs0854,https://ror.org/059gcgy73,Nanjing Medical University,Related,Production
37801,https://github.com/ror-community/ror-updates/issues/37801,Add a new organization to ROR: Suzhou Science and Technology Town Hospital,Nanjing Medical University,https://ror.org/059gcgy73,https://ror.org/01wcs0854,Suzhou Science and Technology Town Hospital,Related,Release
37800,https://github.com/ror-community/ror-updates/issues/37800,"Add a new organization to ROR: Zhengzhou Research Institute for Abrasives & Grinding Co., Ltd.",Zhengzhou Research Institute for Abrasives & Grinding (China),https://ror.org/05dxj4973,https://ror.org/04wd74742,Sinomach (China),Parent,Production
37800,https://github.com/ror-community/ror-updates/issues/37800,"Add a new organization to ROR: Zhengzhou Research Institute for Abrasives & Grinding Co., Ltd.",Sinomach (China),https://ror.org/04wd74742,https://ror.org/05dxj4973,Zhengzhou Research Institute for Abrasives & Grinding (China),Child,Release
37799,https://github.com/ror-community/ror-updates/issues/37799,Add a new organization to ROR: Nanjing First Hospital,Nanjing First Hospital,https://ror.org/02hw73q19,https://ror.org/059gcgy73,Nanjing Medical University,Related,Production
37799,https://github.com/ror-community/ror-updates/issues/37799,Add a new organization to ROR: Nanjing First Hospital,Nanjing Medical University,https://ror.org/059gcgy73,https://ror.org/02hw73q19,Nanjing First Hospital,Related,Release
37795,https://github.com/ror-community/ror-updates/issues/37795,"Add a new organization to ROR: CISDI Group Co., Ltd.",CISDI Group (China),https://ror.org/02tetyt18,https://ror.org/05k6zrs81,Metallurgical Corporation of China (China),Parent,Production
37795,https://github.com/ror-community/ror-updates/issues/37795,"Add a new organization to ROR: CISDI Group Co., Ltd.",Metallurgical Corporation of China (China),https://ror.org/05k6zrs81,https://ror.org/02tetyt18,CISDI Group (China),Child,Release
37793,https://github.com/ror-community/ror-updates/issues/37793,Add a new organization to ROR: Shanghai Nuclear Engineering Research and Design Institute,Shanghai Nuclear Engineering Research and Design Institute (China),https://ror.org/004te6z45,https://ror.org/02182rz34,State Power Investment Corporation (China),Parent,Production
37793,https://github.com/ror-community/ror-updates/issues/37793,Add a new organization to ROR: Shanghai Nuclear Engineering Research and Design Institute,State Power Investment Corporation (China),https://ror.org/02182rz34,https://ror.org/004te6z45,Shanghai Nuclear Engineering Research and Design Institute (China),Child,Release
37791,https://github.com/ror-community/ror-updates/issues/37791,Add a new organization to ROR: Instituto de Tecnologia Química e Biológica António Xavier,Instituto de Tecnologia Química e Biológica António Xavier,https://ror.org/05qd25g49,https://ror.org/02xankh89,Universidade Nova de Lisboa,Parent,Production
37791,https://github.com/ror-community/ror-updates/issues/37791,Add a new organization to ROR: Instituto de Tecnologia Química e Biológica António Xavier,Universidade Nova de Lisboa,https://ror.org/02xankh89,https://ror.org/05qd25g49,Instituto de Tecnologia Química e Biológica António Xavier,Child,Release
37791,https://github.com/ror-community/ror-updates/issues/37791,Add a new organization to ROR: Instituto de Tecnologia Química e Biológica António Xavier,Instituto de Tecnologia Química e Biológica António Xavier,https://ror.org/05qd25g49,https://ror.org/03b4k4y74,Molecular Structural and Cellular Microbiology,Child,Production
37791,https://github.com/ror-community/ror-updates/issues/37791,Add a new organization to ROR: Instituto de Tecnologia Química e Biológica António Xavier,Molecular Structural and Cellular Microbiology,https://ror.org/03b4k4y74,https://ror.org/05qd25g49,Instituto de Tecnologia Química e Biológica António Xavier,Parent,Release
37790,https://github.com/ror-community/ror-updates/issues/37790,Add a new organization to ROR: Institut für Virologie und Immunologie,Institut für Virologie und Immunologie,https://ror.org/05p45f608,https://ror.org/01hwpsz06,Federal Food Safety and Veterinary Office,Parent,Production
37790,https://github.com/ror-community/ror-updates/issues/37790,Add a new organization to ROR: Institut für Virologie und Immunologie,Federal Food Safety and Veterinary Office,https://ror.org/01hwpsz06,https://ror.org/05p45f608,Institut für Virologie und Immunologie,Child,Release
37789,https://github.com/ror-community/ror-updates/issues/37789,Add a new organization to ROR: Fushun Research Institute of Petroleum and Petrochemicals,Fushun Research Institute of Petroleum and Petrochemicals (China),https://ror.org/014pxnb02,https://ror.org/0161q6d74,Sinopec (China),Parent,Production
37789,https://github.com/ror-community/ror-updates/issues/37789,Add a new organization to ROR: Fushun Research Institute of Petroleum and Petrochemicals,Sinopec (China),https://ror.org/0161q6d74,https://ror.org/014pxnb02,Fushun Research Institute of Petroleum and Petrochemicals (China),Child,Release
37788,https://github.com/ror-community/ror-updates/issues/37788,Add a new organization to ROR: AVIC Manufacturing Technology Institute,AVIC Manufacturing Technology Institute (China),https://ror.org/02va0n961,https://ror.org/02wq41p38,Aviation Industry Corporation of China (China),Parent,Production
37788,https://github.com/ror-community/ror-updates/issues/37788,Add a new organization to ROR: AVIC Manufacturing Technology Institute,Aviation Industry Corporation of China (China),https://ror.org/02wq41p38,https://ror.org/02va0n961,AVIC Manufacturing Technology Institute (China),Child,Release
38375,https://github.com/ror-community/ror-updates/issues/38375,Add a new organization to ROR: University of Toronto Scarborough,University of Toronto Scarborough,https://ror.org/05k33q843,https://ror.org/03dbr7087,University of Toronto,Parent,Production
38375,https://github.com/ror-community/ror-updates/issues/38375,Add a new organization to ROR: University of Toronto Scarborough,University of Toronto,https://ror.org/03dbr7087,https://ror.org/05k33q843,University of Toronto Scarborough,Child,Release
34123,https://github.com/ror-community/ror-updates/issues/34123,"Modify the information in an existing ROR record: 
Latin American University of Science and Technology https://ror.org/05vr9w866
",Latin American University of Science and Technology,https://ror.org/05vr9w866,https://ror.org/03grmx823,Universidad Interamericana de Panamá,Successor,Production
38385,https://github.com/ror-community/ror-updates/issues/38385,Modify the information in an existing ROR record: Firmenich (Switzerland) - https://ror.org/04d9v0a44,Firmenich (Switzerland),https://ror.org/04d9v0a44,https://ror.org/01c00kj47,DSM-Firmenich AG (Switzerland),Successor,Production
38385,https://github.com/ror-community/ror-updates/issues/38385,Modify the information in an existing ROR record: Firmenich (Switzerland) - https://ror.org/04d9v0a44,DSM-Firmenich AG (Switzerland),https://ror.org/01c00kj47,https://ror.org/04d9v0a44,Firmenich (Switzerland),Predecessor,Release
34075,https://github.com/ror-community/ror-updates/issues/34075,"Modify the information in an existing ROR record: 
ISMAT https://ror.org/00jkkm943
",ISMAT,https://ror.org/00jkkm943,https://ror.org/03fyevk41,Grupo Lusófona (Portugal),Parent,Production
34075,https://github.com/ror-community/ror-updates/issues/34075,"Modify the information in an existing ROR record: 
ISMAT https://ror.org/00jkkm943
",Grupo Lusófona (Portugal),https://ror.org/03fyevk41,https://ror.org/00jkkm943,ISMAT,Child,Release
34073,https://github.com/ror-community/ror-updates/issues/34073,"Modify the information in an existing ROR record: 
ISMAT https://ror.org/00jkkm943
",ISMAT,https://ror.org/00jkkm943,https://ror.org/00jkkm943,Instituto Superior Manuel Teixeira Gomes,Error,Production
34073,https://github.com/ror-community/ror-updates/issues/34073,"Modify the information in an existing ROR record: 
ISMAT https://ror.org/00jkkm943
",Instituto Superior Manuel Teixeira Gomes,https://ror.org/00jkkm943,https://ror.org/00jkkm943,ISMAT,Error,Release
34080,https://github.com/ror-community/ror-updates/issues/34080,"Modify the information in an existing ROR record: 
ISLA https://ror.org/01g2xkw11
",ISLA,https://ror.org/01g2xkw11,https://ror.org/03fyevk41,Grupo Lusófona (Portugal),Parent,Production
34080,https://github.com/ror-community/ror-updates/issues/34080,"Modify the information in an existing ROR record: 
ISLA https://ror.org/01g2xkw11
",Grupo Lusófona (Portugal),https://ror.org/03fyevk41,https://ror.org/01g2xkw11,ISLA,Child,Release
34140,https://github.com/ror-community/ror-updates/issues/34140,"Modify the information in an existing ROR record: 
International University Institute https://ror.org/03pqf0084
",International University Institute,https://ror.org/03pqf0084,https://ror.org/042aqky30,Technische Universität Dresden,Parent,Production
34140,https://github.com/ror-community/ror-updates/issues/34140,"Modify the information in an existing ROR record: 
International University Institute https://ror.org/03pqf0084
",Technische Universität Dresden,https://ror.org/042aqky30,https://ror.org/03pqf0084,International University Institute,Child,Release
38355,https://github.com/ror-community/ror-updates/issues/38355,Add a new organization to ROR: Madras Christian College,Madras Christian College,https://ror.org/01nbfne03,https://ror.org/04jmt9361,University of Madras,Related,Production
38355,https://github.com/ror-community/ror-updates/issues/38355,Add a new organization to ROR: Madras Christian College,University of Madras,https://ror.org/04jmt9361,https://ror.org/01nbfne03,Madras Christian College,Related,Release
34391,https://github.com/ror-community/ror-updates/issues/34391,"Modify the information in an existing ROR record: 
Southern Institute of Technology https://ror.org/02scvmk68
",Southern Institute of Technology,https://ror.org/02scvmk68,https://ror.org/00tsqex91,Te Pūkenga,Delete,Production
34391,https://github.com/ror-community/ror-updates/issues/34391,"Modify the information in an existing ROR record: 
Southern Institute of Technology https://ror.org/02scvmk68
",Te Pūkenga,https://ror.org/00tsqex91,https://ror.org/02scvmk68,Southern Institute of Technology,Delete,Release
37295,https://github.com/ror-community/ror-updates/issues/37295,Add a new organization to ROR: Neuropsychopharmacologie,Neuropsychopharmacologie,https://ror.org/00rbjnk24,https://ror.org/02vjkv261,Inserm,Parent,Production
37295,https://github.com/ror-community/ror-updates/issues/37295,Add a new organization to ROR: Neuropsychopharmacologie,Inserm,https://ror.org/02vjkv261,https://ror.org/00rbjnk24,Neuropsychopharmacologie,Child,Release
37295,https://github.com/ror-community/ror-updates/issues/37295,Add a new organization to ROR: Neuropsychopharmacologie,Neuropsychopharmacologie,https://ror.org/00rbjnk24,https://ror.org/02feahw73,Centre National de la Recherche Scientifique,Parent,Production
37295,https://github.com/ror-community/ror-updates/issues/37295,Add a new organization to ROR: Neuropsychopharmacologie,Centre National de la Recherche Scientifique,https://ror.org/02feahw73,https://ror.org/00rbjnk24,Neuropsychopharmacologie,Child,Release
37295,https://github.com/ror-community/ror-updates/issues/37295,Add a new organization to ROR: Neuropsychopharmacologie,Neuropsychopharmacologie,https://ror.org/00rbjnk24,https://ror.org/01yvrd251,Université Pierre-et-Marie-Curie,Parent,Production
37295,https://github.com/ror-community/ror-updates/issues/37295,Add a new organization to ROR: Neuropsychopharmacologie,Université Pierre-et-Marie-Curie,https://ror.org/01yvrd251,https://ror.org/00rbjnk24,Neuropsychopharmacologie,Child,Release
37296,https://github.com/ror-community/ror-updates/issues/37296,Add a new organization to ROR: Immuno-Biologie Cellulaire et Moléculaire des Infections Parasitaires,Immuno-biologie cellulaire et moléculaire des infections parasitaires,https://ror.org/01besfn56,https://ror.org/02vjkv261,Inserm,Parent,Production
37296,https://github.com/ror-community/ror-updates/issues/37296,Add a new organization to ROR: Immuno-Biologie Cellulaire et Moléculaire des Infections Parasitaires,Inserm,https://ror.org/02vjkv261,https://ror.org/01besfn56,Immuno-biologie cellulaire et moléculaire des infections parasitaires,Child,Release
37296,https://github.com/ror-community/ror-updates/issues/37296,Add a new organization to ROR: Immuno-Biologie Cellulaire et Moléculaire des Infections Parasitaires,Immuno-biologie cellulaire et moléculaire des infections parasitaires,https://ror.org/01besfn56,https://ror.org/02feahw73,Centre National de la Recherche Scientifique,Parent,Production
37296,https://github.com/ror-community/ror-updates/issues/37296,Add a new organization to ROR: Immuno-Biologie Cellulaire et Moléculaire des Infections Parasitaires,Centre National de la Recherche Scientifique,https://ror.org/02feahw73,https://ror.org/01besfn56,Immuno-biologie cellulaire et moléculaire des infections parasitaires,Child,Release
37296,https://github.com/ror-community/ror-updates/issues/37296,Add a new organization to ROR: Immuno-Biologie Cellulaire et Moléculaire des Infections Parasitaires,Immuno-biologie cellulaire et moléculaire des infections parasitaires,https://ror.org/01besfn56,https://ror.org/01yvrd251,Université Pierre-et-Marie-Curie,Parent,Production
37296,https://github.com/ror-community/ror-updates/issues/37296,Add a new organization to ROR: Immuno-Biologie Cellulaire et Moléculaire des Infections Parasitaires,Université Pierre-et-Marie-Curie,https://ror.org/01yvrd251,https://ror.org/01besfn56,Immuno-biologie cellulaire et moléculaire des infections parasitaires,Child,Release
37298,https://github.com/ror-community/ror-updates/issues/37298,Add a new organization to ROR: Laboratoire d'immunologie cellulaire et tissulaire,Laboratoire d'Immunologie Cellulaire et Tissulaire,https://ror.org/01zek2y46,https://ror.org/02vjkv261,Inserm,Parent,Production
37298,https://github.com/ror-community/ror-updates/issues/37298,Add a new organization to ROR: Laboratoire d'immunologie cellulaire et tissulaire,Inserm,https://ror.org/02vjkv261,https://ror.org/01zek2y46,Laboratoire d'Immunologie Cellulaire et Tissulaire,Child,Release
37298,https://github.com/ror-community/ror-updates/issues/37298,Add a new organization to ROR: Laboratoire d'immunologie cellulaire et tissulaire,Laboratoire d'Immunologie Cellulaire et Tissulaire,https://ror.org/01zek2y46,https://ror.org/02feahw73,Centre National de la Recherche Scientifique,Parent,Production
37298,https://github.com/ror-community/ror-updates/issues/37298,Add a new organization to ROR: Laboratoire d'immunologie cellulaire et tissulaire,Centre National de la Recherche Scientifique,https://ror.org/02feahw73,https://ror.org/01zek2y46,Laboratoire d'Immunologie Cellulaire et Tissulaire,Child,Release
37298,https://github.com/ror-community/ror-updates/issues/37298,Add a new organization to ROR: Laboratoire d'immunologie cellulaire et tissulaire,Laboratoire d'Immunologie Cellulaire et Tissulaire,https://ror.org/01zek2y46,https://ror.org/01yvrd251,Université Pierre-et-Marie-Curie,Parent,Production
37298,https://github.com/ror-community/ror-updates/issues/37298,Add a new organization to ROR: Laboratoire d'immunologie cellulaire et tissulaire,Université Pierre-et-Marie-Curie,https://ror.org/01yvrd251,https://ror.org/01zek2y46,Laboratoire d'Immunologie Cellulaire et Tissulaire,Child,Release
37300,https://github.com/ror-community/ror-updates/issues/37300,Add a new organization to ROR: biologie et physiologie des interractions neurorespiratoires et cardiopulmonaires,Biologie et physiologie des interactions neuro-respiratoires et cardio-pulmonaires,https://ror.org/005jgdc14,https://ror.org/01yvrd251,Université Pierre-et-Marie-Curie,Parent,Production
37300,https://github.com/ror-community/ror-updates/issues/37300,Add a new organization to ROR: biologie et physiologie des interractions neurorespiratoires et cardiopulmonaires,Université Pierre-et-Marie-Curie,https://ror.org/01yvrd251,https://ror.org/005jgdc14,Biologie et physiologie des interactions neuro-respiratoires et cardio-pulmonaires,Child,Release
37301,https://github.com/ror-community/ror-updates/issues/37301,"Add a new organization to ROR: Cœur, muscle et vaisseaux","Cœur, Muscle et Vaisseaux",https://ror.org/04ga7x239,https://ror.org/01yvrd251,Université Pierre-et-Marie-Curie,Parent,Production
37301,https://github.com/ror-community/ror-updates/issues/37301,"Add a new organization to ROR: Cœur, muscle et vaisseaux",Université Pierre-et-Marie-Curie,https://ror.org/01yvrd251,https://ror.org/04ga7x239,"Cœur, Muscle et Vaisseaux",Child,Release
38421,https://github.com/ror-community/ror-updates/issues/38421,Add a new organization to ROR: Anusandhan National Research Foundation*en,Anusandhan National Research Foundation,https://ror.org/00d4e4338,https://ror.org/03ffdsr55,Science and Engineering Research Board,Predecessor,Production
38421,https://github.com/ror-community/ror-updates/issues/38421,Add a new organization to ROR: Anusandhan National Research Foundation*en,Science and Engineering Research Board,https://ror.org/03ffdsr55,https://ror.org/00d4e4338,Anusandhan National Research Foundation,Successor,Release
38477,https://github.com/ror-community/ror-updates/issues/38477,"Modify the information in an existing ROR record: Nippon Paint Co., Ltd. (Japan) - https://ror.org/037v7q628","Nippon Paint Co., Ltd. (Japan)",https://ror.org/037v7q628,https://ror.org/01t782854,Nippon Paint (Japan),Successor,Production
37315,https://github.com/ror-community/ror-updates/issues/37315,Add a new organization to ROR: Laboratoire d'imagerie fonctionnelle,Laboratoire d'Imagerie Fonctionnelle,https://ror.org/05by8rt06,https://ror.org/02vjkv261,Inserm,Parent,Production
37315,https://github.com/ror-community/ror-updates/issues/37315,Add a new organization to ROR: Laboratoire d'imagerie fonctionnelle,Inserm,https://ror.org/02vjkv261,https://ror.org/05by8rt06,Laboratoire d'Imagerie Fonctionnelle,Child,Release
37315,https://github.com/ror-community/ror-updates/issues/37315,Add a new organization to ROR: Laboratoire d'imagerie fonctionnelle,Laboratoire d'Imagerie Fonctionnelle,https://ror.org/05by8rt06,https://ror.org/01yvrd251,Université Pierre-et-Marie-Curie,Parent,Production
37315,https://github.com/ror-community/ror-updates/issues/37315,Add a new organization to ROR: Laboratoire d'imagerie fonctionnelle,Université Pierre-et-Marie-Curie,https://ror.org/01yvrd251,https://ror.org/05by8rt06,Laboratoire d'Imagerie Fonctionnelle,Child,Release
38478,https://github.com/ror-community/ror-updates/issues/38478,"Modify the information in an existing ROR record: IHI Shibaura Machinery Co., Ltd. (Japan) - https://ror.org/00kr2xk21","IHI Shibaura Machinery Co., Ltd. (Japan)",https://ror.org/00kr2xk21,https://ror.org/01t25gb81,IHI Agri-Tech Corporation (Japan),Successor,Production
38480,https://github.com/ror-community/ror-updates/issues/38480,Modify the information in an existing ROR record: AIR Water Inc. (Japan) - https://ror.org/03sv4qz18,AIR Water Inc. (Japan),https://ror.org/03sv4qz18,https://ror.org/02faq6h04,Air Water (Japan),Successor,Production
37314,https://github.com/ror-community/ror-updates/issues/37314,"Add a new organization to ROR: Dyslipidémies, inflammation et arthérosclérose dans les maladies métaboliques","Unité Dyslipidémies, Inflammation et athérosclérose dans les maladies métaboliques",https://ror.org/04c7bv566,https://ror.org/02vjkv261,Inserm,Parent,Production
37314,https://github.com/ror-community/ror-updates/issues/37314,"Add a new organization to ROR: Dyslipidémies, inflammation et arthérosclérose dans les maladies métaboliques",Inserm,https://ror.org/02vjkv261,https://ror.org/04c7bv566,"Unité Dyslipidémies, Inflammation et athérosclérose dans les maladies métaboliques",Child,Release
37314,https://github.com/ror-community/ror-updates/issues/37314,"Add a new organization to ROR: Dyslipidémies, inflammation et arthérosclérose dans les maladies métaboliques","Unité Dyslipidémies, Inflammation et athérosclérose dans les maladies métaboliques",https://ror.org/04c7bv566,https://ror.org/01yvrd251,Université Pierre-et-Marie-Curie,Parent,Production
37314,https://github.com/ror-community/ror-updates/issues/37314,"Add a new organization to ROR: Dyslipidémies, inflammation et arthérosclérose dans les maladies métaboliques",Université Pierre-et-Marie-Curie,https://ror.org/01yvrd251,https://ror.org/04c7bv566,"Unité Dyslipidémies, Inflammation et athérosclérose dans les maladies métaboliques",Child,Release
37313,https://github.com/ror-community/ror-updates/issues/37313,Add a new organization to ROR: Modélisation mathématique et statistique en biologie et médecine,Modélisation mathématique et statistique en biologie et médecine,https://ror.org/01s4pm109,https://ror.org/01yvrd251,Université Pierre-et-Marie-Curie,Parent,Production
37313,https://github.com/ror-community/ror-updates/issues/37313,Add a new organization to ROR: Modélisation mathématique et statistique en biologie et médecine,Université Pierre-et-Marie-Curie,https://ror.org/01yvrd251,https://ror.org/01s4pm109,Modélisation mathématique et statistique en biologie et médecine,Child,Release
37313,https://github.com/ror-community/ror-updates/issues/37313,Add a new organization to ROR: Modélisation mathématique et statistique en biologie et médecine,Modélisation mathématique et statistique en biologie et médecine,https://ror.org/01s4pm109,https://ror.org/02n7qrg46,Université Paris Diderot,Parent,Production
37313,https://github.com/ror-community/ror-updates/issues/37313,Add a new organization to ROR: Modélisation mathématique et statistique en biologie et médecine,Université Paris Diderot,https://ror.org/02n7qrg46,https://ror.org/01s4pm109,Modélisation mathématique et statistique en biologie et médecine,Child,Release
37313,https://github.com/ror-community/ror-updates/issues/37313,Add a new organization to ROR: Modélisation mathématique et statistique en biologie et médecine,Modélisation mathématique et statistique en biologie et médecine,https://ror.org/01s4pm109,https://ror.org/02vjkv261,Inserm,Parent,Production
37313,https://github.com/ror-community/ror-updates/issues/37313,Add a new organization to ROR: Modélisation mathématique et statistique en biologie et médecine,Inserm,https://ror.org/02vjkv261,https://ror.org/01s4pm109,Modélisation mathématique et statistique en biologie et médecine,Child,Release
37312,https://github.com/ror-community/ror-updates/issues/37312,Add a new organization to ROR: Néphrologie normale et pathologique,Unité de Recherches de Néphrologie normale et pathologique,https://ror.org/05j7j2760,https://ror.org/02vjkv261,Inserm,Parent,Production
37312,https://github.com/ror-community/ror-updates/issues/37312,Add a new organization to ROR: Néphrologie normale et pathologique,Inserm,https://ror.org/02vjkv261,https://ror.org/05j7j2760,Unité de Recherches de Néphrologie normale et pathologique,Child,Release
37312,https://github.com/ror-community/ror-updates/issues/37312,Add a new organization to ROR: Néphrologie normale et pathologique,Unité de Recherches de Néphrologie normale et pathologique,https://ror.org/05j7j2760,https://ror.org/01yvrd251,Université Pierre-et-Marie-Curie,Parent,Production
37312,https://github.com/ror-community/ror-updates/issues/37312,Add a new organization to ROR: Néphrologie normale et pathologique,Université Pierre-et-Marie-Curie,https://ror.org/01yvrd251,https://ror.org/05j7j2760,Unité de Recherches de Néphrologie normale et pathologique,Child,Release
37311,https://github.com/ror-community/ror-updates/issues/37311,Add a new organization to ROR: Peptides neurodigestifs et diabète,Unité de Recherches sur les Peptides Neurodigestifs et le Diabète,https://ror.org/00ag6p996,https://ror.org/02vjkv261,Inserm,Parent,Production
37311,https://github.com/ror-community/ror-updates/issues/37311,Add a new organization to ROR: Peptides neurodigestifs et diabète,Inserm,https://ror.org/02vjkv261,https://ror.org/00ag6p996,Unité de Recherches sur les Peptides Neurodigestifs et le Diabète,Child,Release
37311,https://github.com/ror-community/ror-updates/issues/37311,Add a new organization to ROR: Peptides neurodigestifs et diabète,Unité de Recherches sur les Peptides Neurodigestifs et le Diabète,https://ror.org/00ag6p996,https://ror.org/01yvrd251,Université Pierre-et-Marie-Curie,Parent,Production
37311,https://github.com/ror-community/ror-updates/issues/37311,Add a new organization to ROR: Peptides neurodigestifs et diabète,Université Pierre-et-Marie-Curie,https://ror.org/01yvrd251,https://ror.org/00ag6p996,Unité de Recherches sur les Peptides Neurodigestifs et le Diabète,Child,Release
37309,https://github.com/ror-community/ror-updates/issues/37309,Add a new organization to ROR: Pathologie vasculaire et endocrinologie rénale,Pathologie vasculaire et endocrinologie rénale,https://ror.org/055zxve06,https://ror.org/01yvrd251,Université Pierre-et-Marie-Curie,Parent,Production
37309,https://github.com/ror-community/ror-updates/issues/37309,Add a new organization to ROR: Pathologie vasculaire et endocrinologie rénale,Université Pierre-et-Marie-Curie,https://ror.org/01yvrd251,https://ror.org/055zxve06,Pathologie vasculaire et endocrinologie rénale,Child,Release
37309,https://github.com/ror-community/ror-updates/issues/37309,Add a new organization to ROR: Pathologie vasculaire et endocrinologie rénale,Pathologie vasculaire et endocrinologie rénale,https://ror.org/055zxve06,https://ror.org/04ex24z53,Collège de France,Parent,Production
37309,https://github.com/ror-community/ror-updates/issues/37309,Add a new organization to ROR: Pathologie vasculaire et endocrinologie rénale,Collège de France,https://ror.org/04ex24z53,https://ror.org/055zxve06,Pathologie vasculaire et endocrinologie rénale,Child,Release
37309,https://github.com/ror-community/ror-updates/issues/37309,Add a new organization to ROR: Pathologie vasculaire et endocrinologie rénale,Pathologie vasculaire et endocrinologie rénale,https://ror.org/055zxve06,https://ror.org/02vjkv261,Inserm,Parent,Production
37309,https://github.com/ror-community/ror-updates/issues/37309,Add a new organization to ROR: Pathologie vasculaire et endocrinologie rénale,Inserm,https://ror.org/02vjkv261,https://ror.org/055zxve06,Pathologie vasculaire et endocrinologie rénale,Child,Release
37309,https://github.com/ror-community/ror-updates/issues/37309,Add a new organization to ROR: Pathologie vasculaire et endocrinologie rénale,Pathologie vasculaire et endocrinologie rénale,https://ror.org/055zxve06,https://ror.org/02feahw73,Centre National de la Recherche Scientifique,Parent,Production
37309,https://github.com/ror-community/ror-updates/issues/37309,Add a new organization to ROR: Pathologie vasculaire et endocrinologie rénale,Centre National de la Recherche Scientifique,https://ror.org/02feahw73,https://ror.org/055zxve06,Pathologie vasculaire et endocrinologie rénale,Child,Release
38486,https://github.com/ror-community/ror-updates/issues/38486,Modify the information in an existing ROR record: Ambis Corporation. (Japan) - https://ror.org/059kwsq98,Ambis Corporation. (Japan),https://ror.org/059kwsq98,https://ror.org/00mqz3v51,"Advanced Medical Biological Science Institute Co., Ltd. (Japan)",Successor,Production
37307,https://github.com/ror-community/ror-updates/issues/37307,Add a new organization to ROR: Immuno-pathologie et immunologie expérimentale,Centre d'Immuno-Pathologie et d'Immunologie Expérimentale,https://ror.org/02g4fty66,https://ror.org/02vjkv261,Inserm,Parent,Production
37307,https://github.com/ror-community/ror-updates/issues/37307,Add a new organization to ROR: Immuno-pathologie et immunologie expérimentale,Inserm,https://ror.org/02vjkv261,https://ror.org/02g4fty66,Centre d'Immuno-Pathologie et d'Immunologie Expérimentale,Child,Release
37306,https://github.com/ror-community/ror-updates/issues/37306,Add a new organization to ROR: Imagerie médicale quantitative,Imagerie médicale quantitative,https://ror.org/037p57k27,https://ror.org/02vjkv261,Inserm,Parent,Production
37306,https://github.com/ror-community/ror-updates/issues/37306,Add a new organization to ROR: Imagerie médicale quantitative,Inserm,https://ror.org/02vjkv261,https://ror.org/037p57k27,Imagerie médicale quantitative,Child,Release
37306,https://github.com/ror-community/ror-updates/issues/37306,Add a new organization to ROR: Imagerie médicale quantitative,Imagerie médicale quantitative,https://ror.org/037p57k27,https://ror.org/01yvrd251,Université Pierre-et-Marie-Curie,Parent,Production
37306,https://github.com/ror-community/ror-updates/issues/37306,Add a new organization to ROR: Imagerie médicale quantitative,Université Pierre-et-Marie-Curie,https://ror.org/01yvrd251,https://ror.org/037p57k27,Imagerie médicale quantitative,Child,Release
38489,https://github.com/ror-community/ror-updates/issues/38489,Modify the information in an existing ROR record: Utah Department of Human Services - https://ror.org/03t9z1b27,Utah Department of Human Services,https://ror.org/03t9z1b27,https://ror.org/04f3anj10,Utah Department of Health and Human Services,Successor,Production
38489,https://github.com/ror-community/ror-updates/issues/38489,Modify the information in an existing ROR record: Utah Department of Human Services - https://ror.org/03t9z1b27,Utah Department of Health and Human Services,https://ror.org/04f3anj10,https://ror.org/03t9z1b27,Utah Department of Human Services,Predecessor,Release
38488,https://github.com/ror-community/ror-updates/issues/38488,Modify the information in an existing ROR record: Utah Department of Health - https://ror.org/034de1n65,Utah Department of Health,https://ror.org/034de1n65,https://ror.org/04f3anj10,Utah Department of Health and Human Services,Successor,Production
38488,https://github.com/ror-community/ror-updates/issues/38488,Modify the information in an existing ROR record: Utah Department of Health - https://ror.org/034de1n65,Utah Department of Health and Human Services,https://ror.org/04f3anj10,https://ror.org/034de1n65,Utah Department of Health,Predecessor,Release
38490,https://github.com/ror-community/ror-updates/issues/38490,Modify the information in an existing ROR record: Novozymes (Denmark) - https://ror.org/03ejz0s07,Novozymes (Denmark),https://ror.org/03ejz0s07,https://ror.org/02vm0w635,Novonesis (Denmark),Successor,Production
38490,https://github.com/ror-community/ror-updates/issues/38490,Modify the information in an existing ROR record: Novozymes (Denmark) - https://ror.org/03ejz0s07,Novonesis (Denmark),https://ror.org/02vm0w635,https://ror.org/03ejz0s07,Novozymes (Denmark),Predecessor,Release
38490,https://github.com/ror-community/ror-updates/issues/38490,Modify the information in an existing ROR record: Novozymes (Denmark) - https://ror.org/03ejz0s07,Novozymes (Denmark),https://ror.org/03ejz0s07,https://ror.org/04sfxgz72,Novo Holdings (Denmark),Delete,Production
38490,https://github.com/ror-community/ror-updates/issues/38490,Modify the information in an existing ROR record: Novozymes (Denmark) - https://ror.org/03ejz0s07,Novo Holdings (Denmark),https://ror.org/04sfxgz72,https://ror.org/03ejz0s07,Novozymes (Denmark),Delete,Release
38490,https://github.com/ror-community/ror-updates/issues/38490,Modify the information in an existing ROR record: Novozymes (Denmark) - https://ror.org/03ejz0s07,Novozymes (Denmark),https://ror.org/03ejz0s07,https://ror.org/02t0nms65,Novozymes (Canada),Delete,Production
38490,https://github.com/ror-community/ror-updates/issues/38490,Modify the information in an existing ROR record: Novozymes (Denmark) - https://ror.org/03ejz0s07,Novozymes (Canada),https://ror.org/02t0nms65,https://ror.org/03ejz0s07,Novozymes (Denmark),Delete,Release
38490,https://github.com/ror-community/ror-updates/issues/38490,Modify the information in an existing ROR record: Novozymes (Denmark) - https://ror.org/03ejz0s07,Novozymes (Denmark),https://ror.org/03ejz0s07,https://ror.org/00nat9r59,Novozymes (United Kingdom),Delete,Production
38490,https://github.com/ror-community/ror-updates/issues/38490,Modify the information in an existing ROR record: Novozymes (Denmark) - https://ror.org/03ejz0s07,Novozymes (United Kingdom),https://ror.org/00nat9r59,https://ror.org/03ejz0s07,Novozymes (Denmark),Delete,Release
38490,https://github.com/ror-community/ror-updates/issues/38490,Modify the information in an existing ROR record: Novozymes (Denmark) - https://ror.org/03ejz0s07,Novozymes (Denmark),https://ror.org/03ejz0s07,https://ror.org/03qkhyr66,Novozymes (United States),Delete,Production
38490,https://github.com/ror-community/ror-updates/issues/38490,Modify the information in an existing ROR record: Novozymes (Denmark) - https://ror.org/03ejz0s07,Novozymes (United States),https://ror.org/03qkhyr66,https://ror.org/03ejz0s07,Novozymes (Denmark),Delete,Release
38491,https://github.com/ror-community/ror-updates/issues/38491,Modify the information in an existing ROR record: Chr. Hansen (Denmark) - https://ror.org/01mv6bt66,Chr. Hansen (Denmark),https://ror.org/01mv6bt66,https://ror.org/02vm0w635,Novonesis (Denmark),Successor,Production
38491,https://github.com/ror-community/ror-updates/issues/38491,Modify the information in an existing ROR record: Chr. Hansen (Denmark) - https://ror.org/01mv6bt66,Novonesis (Denmark),https://ror.org/02vm0w635,https://ror.org/01mv6bt66,Chr. Hansen (Denmark),Predecessor,Release
38492,https://github.com/ror-community/ror-updates/issues/38492,Modify the information in an existing ROR record: Novonesis (Denmark) - https://ror.org/02vm0w635,Novonesis (Denmark),https://ror.org/02vm0w635,https://ror.org/04sfxgz72,Novo Holdings (Denmark),Parent,Production
38492,https://github.com/ror-community/ror-updates/issues/38492,Modify the information in an existing ROR record: Novonesis (Denmark) - https://ror.org/02vm0w635,Novo Holdings (Denmark),https://ror.org/04sfxgz72,https://ror.org/02vm0w635,Novonesis (Denmark),Child,Release
38492,https://github.com/ror-community/ror-updates/issues/38492,Modify the information in an existing ROR record: Novonesis (Denmark) - https://ror.org/02vm0w635,Novonesis (Denmark),https://ror.org/02vm0w635,https://ror.org/02t0nms65,Novozymes (Canada),Child,Production
38492,https://github.com/ror-community/ror-updates/issues/38492,Modify the information in an existing ROR record: Novonesis (Denmark) - https://ror.org/02vm0w635,Novozymes (Canada),https://ror.org/02t0nms65,https://ror.org/02vm0w635,Novonesis (Denmark),Parent,Release
38492,https://github.com/ror-community/ror-updates/issues/38492,Modify the information in an existing ROR record: Novonesis (Denmark) - https://ror.org/02vm0w635,Novonesis (Denmark),https://ror.org/02vm0w635,https://ror.org/00nat9r59,Novozymes (United Kingdom),Child,Production
38492,https://github.com/ror-community/ror-updates/issues/38492,Modify the information in an existing ROR record: Novonesis (Denmark) - https://ror.org/02vm0w635,Novozymes (United Kingdom),https://ror.org/00nat9r59,https://ror.org/02vm0w635,Novonesis (Denmark),Parent,Release
38492,https://github.com/ror-community/ror-updates/issues/38492,Modify the information in an existing ROR record: Novonesis (Denmark) - https://ror.org/02vm0w635,Novonesis (Denmark),https://ror.org/02vm0w635,https://ror.org/03qkhyr66,Novozymes (United States),Child,Production
38492,https://github.com/ror-community/ror-updates/issues/38492,Modify the information in an existing ROR record: Novonesis (Denmark) - https://ror.org/02vm0w635,Novozymes (United States),https://ror.org/03qkhyr66,https://ror.org/02vm0w635,Novonesis (Denmark),Parent,Release
38493,https://github.com/ror-community/ror-updates/issues/38493,Add a new organization to ROR: Novozymes Japan Ltd. (Japan),Novozymes Japan Ltd. (Japan),https://ror.org/032vcz886,https://ror.org/02vm0w635,Novonesis (Denmark),Parent,Production
38493,https://github.com/ror-community/ror-updates/issues/38493,Add a new organization to ROR: Novozymes Japan Ltd. (Japan),Novonesis (Denmark),https://ror.org/02vm0w635,https://ror.org/032vcz886,Novozymes Japan Ltd. (Japan),Child,Release
38033,https://github.com/ror-community/ror-updates/issues/38033,"Add a new organization to ROR: 
 
Lipotype GmbH",Lipotype (Germany),https://ror.org/01whvgq68,https://ror.org/05b8d3w18,Max Planck Institute of Molecular Cell Biology and Genetics,Related,Production
38033,https://github.com/ror-community/ror-updates/issues/38033,"Add a new organization to ROR: 
 
Lipotype GmbH",Max Planck Institute of Molecular Cell Biology and Genetics,https://ror.org/05b8d3w18,https://ror.org/01whvgq68,Lipotype (Germany),Related,Release
38495,https://github.com/ror-community/ror-updates/issues/38495,Modify the information in an existing ROR record: Duoc UC (Chile) - https://ror.org/045g2r693,Duoc UC (Chile),https://ror.org/045g2r693,https://ror.org/037zh7469,Departamento Universitario Obrero Campesino,Successor,Production
37980,https://github.com/ror-community/ror-updates/issues/37980,"Add a new organization to ROR: 
 
Institute of Microbiology Academy of Sciences of the Republic of Uzbekistan",Institute of Microbiology Academy of Sciences of the Republic of Uzbekistan,https://ror.org/050fx3e81,https://ror.org/01xgfaw76,Academy of Sciences Republic of Uzbekistan,Parent,Production
37980,https://github.com/ror-community/ror-updates/issues/37980,"Add a new organization to ROR: 
 
Institute of Microbiology Academy of Sciences of the Republic of Uzbekistan",Academy of Sciences Republic of Uzbekistan,https://ror.org/01xgfaw76,https://ror.org/050fx3e81,Institute of Microbiology Academy of Sciences of the Republic of Uzbekistan,Child,Release
37903,https://github.com/ror-community/ror-updates/issues/37903,"Add a new organization to ROR: 
 
Institute of Pulse Processes and Technologies of the National Academy of Sciences of Ukraine",Institute of Pulse Processes and Technologies of the National Academy of Sciences of Ukraine,https://ror.org/026gs5604,https://ror.org/00je4t102,National Academy of Sciences of Ukraine,Parent,Production
37903,https://github.com/ror-community/ror-updates/issues/37903,"Add a new organization to ROR: 
 
Institute of Pulse Processes and Technologies of the National Academy of Sciences of Ukraine",National Academy of Sciences of Ukraine,https://ror.org/00je4t102,https://ror.org/026gs5604,Institute of Pulse Processes and Technologies of the National Academy of Sciences of Ukraine,Child,Release
37898,https://github.com/ror-community/ror-updates/issues/37898,Add a new organization to ROR: Haleon (United States),Haleon (United States),https://ror.org/00vne8y45,https://ror.org/05bzv7q78,Haleon (United Kingdom),Parent,Production
37898,https://github.com/ror-community/ror-updates/issues/37898,Add a new organization to ROR: Haleon (United States),Haleon (United Kingdom),https://ror.org/05bzv7q78,https://ror.org/00vne8y45,Haleon (United States),Child,Release
38498,https://github.com/ror-community/ror-updates/issues/38498,Modify the information in an existing ROR record: State Key Laboratory of Separation Membranes and Membrane Processes - https://ror.org/03hpkvm21,State Key Laboratory of Separation Membranes and Membrane Processes,https://ror.org/03hpkvm21,https://ror.org/05gd0sr10,State Key Laboratory of Advanced Separation Membrane Materials,Successor,Production
38498,https://github.com/ror-community/ror-updates/issues/38498,Modify the information in an existing ROR record: State Key Laboratory of Separation Membranes and Membrane Processes - https://ror.org/03hpkvm21,State Key Laboratory of Advanced Separation Membrane Materials,https://ror.org/05gd0sr10,https://ror.org/03hpkvm21,State Key Laboratory of Separation Membranes and Membrane Processes,Predecessor,Release
37825,https://github.com/ror-community/ror-updates/issues/37825,Add a new organization to ROR: National Engineering and Technology Research Center for Preservation of Agricultural Products,National Engineering and Technology Research Center for Preservation of Agricultural Products,https://ror.org/01q71yc94,https://ror.org/0516wpz95,Tianjin Academy of Agricultural Sciences,Parent,Production
37825,https://github.com/ror-community/ror-updates/issues/37825,Add a new organization to ROR: National Engineering and Technology Research Center for Preservation of Agricultural Products,Tianjin Academy of Agricultural Sciences,https://ror.org/0516wpz95,https://ror.org/01q71yc94,National Engineering and Technology Research Center for Preservation of Agricultural Products,Child,Release
38502,https://github.com/ror-community/ror-updates/issues/38502,Modify the information in an existing ROR record: Finnish Transport Infrastructure Agency - https://ror.org/04g0qhv21,Finnish Transport Infrastructure Agency,https://ror.org/04g0qhv21,https://ror.org/00hef7f20,Finnish Transport Agency,Successor,Production
37821,https://github.com/ror-community/ror-updates/issues/37821,"Add a new organization to ROR: Central Research Institute of Building and Construction Co., Ltd.",Central Research Institute of Building and Construction (China),https://ror.org/01crbbm32,https://ror.org/05k6zrs81,Metallurgical Corporation of China (China),Parent,Production
37821,https://github.com/ror-community/ror-updates/issues/37821,"Add a new organization to ROR: Central Research Institute of Building and Construction Co., Ltd.",Metallurgical Corporation of China (China),https://ror.org/05k6zrs81,https://ror.org/01crbbm32,Central Research Institute of Building and Construction (China),Child,Release
37305,https://github.com/ror-community/ror-updates/issues/37305,Add a new organization to ROR: Douleur et Stress,Douleurs et Stress,https://ror.org/02qmb1n96,https://ror.org/02vjkv261,Inserm,Parent,Production
37305,https://github.com/ror-community/ror-updates/issues/37305,Add a new organization to ROR: Douleur et Stress,Inserm,https://ror.org/02vjkv261,https://ror.org/02qmb1n96,Douleurs et Stress,Child,Release
37305,https://github.com/ror-community/ror-updates/issues/37305,Add a new organization to ROR: Douleur et Stress,Douleurs et Stress,https://ror.org/02qmb1n96,https://ror.org/01yvrd251,Université Pierre-et-Marie-Curie,Parent,Production
37305,https://github.com/ror-community/ror-updates/issues/37305,Add a new organization to ROR: Douleur et Stress,Université Pierre-et-Marie-Curie,https://ror.org/01yvrd251,https://ror.org/02qmb1n96,Douleurs et Stress,Child,Release
37303,https://github.com/ror-community/ror-updates/issues/37303,"Add a new organization to ROR: Génétique, pharmacologie et physiopathologie des maladies cardiovasculaires","Génétique, pharmacologie et physiopathologie des maladies cardiovasculaires",https://ror.org/05aey2r42,https://ror.org/02vjkv261,Inserm,Parent,Production
37303,https://github.com/ror-community/ror-updates/issues/37303,"Add a new organization to ROR: Génétique, pharmacologie et physiopathologie des maladies cardiovasculaires",Inserm,https://ror.org/02vjkv261,https://ror.org/05aey2r42,"Génétique, pharmacologie et physiopathologie des maladies cardiovasculaires",Child,Release
37303,https://github.com/ror-community/ror-updates/issues/37303,"Add a new organization to ROR: Génétique, pharmacologie et physiopathologie des maladies cardiovasculaires","Génétique, pharmacologie et physiopathologie des maladies cardiovasculaires",https://ror.org/05aey2r42,https://ror.org/02feahw73,Centre National de la Recherche Scientifique,Parent,Production
37303,https://github.com/ror-community/ror-updates/issues/37303,"Add a new organization to ROR: Génétique, pharmacologie et physiopathologie des maladies cardiovasculaires",Centre National de la Recherche Scientifique,https://ror.org/02feahw73,https://ror.org/05aey2r42,"Génétique, pharmacologie et physiopathologie des maladies cardiovasculaires",Child,Release
37303,https://github.com/ror-community/ror-updates/issues/37303,"Add a new organization to ROR: Génétique, pharmacologie et physiopathologie des maladies cardiovasculaires","Génétique, pharmacologie et physiopathologie des maladies cardiovasculaires",https://ror.org/05aey2r42,https://ror.org/01yvrd251,Université Pierre-et-Marie-Curie,Parent,Production
37303,https://github.com/ror-community/ror-updates/issues/37303,"Add a new organization to ROR: Génétique, pharmacologie et physiopathologie des maladies cardiovasculaires",Université Pierre-et-Marie-Curie,https://ror.org/01yvrd251,https://ror.org/05aey2r42,"Génétique, pharmacologie et physiopathologie des maladies cardiovasculaires",Child,Release
37303,https://github.com/ror-community/ror-updates/issues/37303,"Add a new organization to ROR: Génétique, pharmacologie et physiopathologie des maladies cardiovasculaires","Génétique, pharmacologie et physiopathologie des maladies cardiovasculaires",https://ror.org/05aey2r42,https://ror.org/050c3pq49,Fondation pour l’innovation en Cadiométabolisme et Nutrition,Successor,Production
37303,https://github.com/ror-community/ror-updates/issues/37303,"Add a new organization to ROR: Génétique, pharmacologie et physiopathologie des maladies cardiovasculaires",Fondation pour l’innovation en Cadiométabolisme et Nutrition,https://ror.org/050c3pq49,https://ror.org/05aey2r42,"Génétique, pharmacologie et physiopathologie des maladies cardiovasculaires",Predecessor,Release
38514,https://github.com/ror-community/ror-updates/issues/38514,Modify the information in an existing ROR record: Humane World for Animals International - https://ror.org/012p7nr71,Humane World for Animals International,https://ror.org/012p7nr71,https://ror.org/006a84f66,Humane Society of the United States,Successor,Production
38514,https://github.com/ror-community/ror-updates/issues/38514,Modify the information in an existing ROR record: Humane World for Animals International - https://ror.org/012p7nr71,Humane Society of the United States,https://ror.org/006a84f66,https://ror.org/012p7nr71,Humane World for Animals International,Predecessor,Release
38211,https://github.com/ror-community/ror-updates/issues/38211,Add a new organization to ROR: M.N. College,M. N. College,https://ror.org/05yc4d086,https://ror.org/049sxg896,Hemchandracharya North Gujarat University,Related,Production
38211,https://github.com/ror-community/ror-updates/issues/38211,Add a new organization to ROR: M.N. College,Hemchandracharya North Gujarat University,https://ror.org/049sxg896,https://ror.org/05yc4d086,M. N. College,Related,Release
38517,https://github.com/ror-community/ror-updates/issues/38517,Add a new organization to ROR: Centre Régional de Coordination des Dépistages des Cancers des Hauts-de-France (France),Centre Régional de Coordination des Dépistages des Cancers des Hauts-de-France,https://ror.org/05btagd79,https://ror.org/009wnqp40,Agence Régionale de Santé Hauts-de-France,Related,Production
38517,https://github.com/ror-community/ror-updates/issues/38517,Add a new organization to ROR: Centre Régional de Coordination des Dépistages des Cancers des Hauts-de-France (France),Agence Régionale de Santé Hauts-de-France,https://ror.org/009wnqp40,https://ror.org/05btagd79,Centre Régional de Coordination des Dépistages des Cancers des Hauts-de-France,Related,Release
38504,https://github.com/ror-community/ror-updates/issues/38504,Add a new organization to ROR: Gitarattan International Business School,Gitarattan International Business School,https://ror.org/03c4jj904,https://ror.org/034q1za58,Guru Gobind Singh Indraprastha University,Related,Production
38504,https://github.com/ror-community/ror-updates/issues/38504,Add a new organization to ROR: Gitarattan International Business School,Guru Gobind Singh Indraprastha University,https://ror.org/034q1za58,https://ror.org/03c4jj904,Gitarattan International Business School,Related,Release
38500,https://github.com/ror-community/ror-updates/issues/38500,"Add a new organization to ROR: 
 
Surendranath Evening College",Surendranath Evening College,https://ror.org/00zttxv75,https://ror.org/01e7v7w47,University of Calcutta,Related,Production
38500,https://github.com/ror-community/ror-updates/issues/38500,"Add a new organization to ROR: 
 
Surendranath Evening College",University of Calcutta,https://ror.org/01e7v7w47,https://ror.org/00zttxv75,Surendranath Evening College,Related,Release
38432,https://github.com/ror-community/ror-updates/issues/38432,Modify the information in an existing ROR record: https://ror.org/019df2r84,Structure et Dynamique des Langues,https://ror.org/019df2r84,https://ror.org/05q3vnk25,Institut de Recherche pour le Développement,Parent,Production
38432,https://github.com/ror-community/ror-updates/issues/38432,Modify the information in an existing ROR record: https://ror.org/019df2r84,Institut de Recherche pour le Développement,https://ror.org/05q3vnk25,https://ror.org/019df2r84,Structure et Dynamique des Langues,Child,Release
38431,https://github.com/ror-community/ror-updates/issues/38431,Modify the information in an existing ROR record: https://ror.org/00ss0a232,AMURE - Centre de droit et d'économie de la mer,https://ror.org/00ss0a232,https://ror.org/05q3vnk25,Institut de Recherche pour le Développement,Parent,Production
38431,https://github.com/ror-community/ror-updates/issues/38431,Modify the information in an existing ROR record: https://ror.org/00ss0a232,Institut de Recherche pour le Développement,https://ror.org/05q3vnk25,https://ror.org/00ss0a232,AMURE - Centre de droit et d'économie de la mer,Child,Release
38430,https://github.com/ror-community/ror-updates/issues/38430,Modify the information in an existing ROR record: https://ror.org/026exgg05,Laboratoire d’Economie de Dauphine,https://ror.org/026exgg05,https://ror.org/05q3vnk25,Institut de Recherche pour le Développement,Parent,Production
38430,https://github.com/ror-community/ror-updates/issues/38430,Modify the information in an existing ROR record: https://ror.org/026exgg05,Institut de Recherche pour le Développement,https://ror.org/05q3vnk25,https://ror.org/026exgg05,Laboratoire d’Economie de Dauphine,Child,Release
38429,https://github.com/ror-community/ror-updates/issues/38429,Modify the information in an existing ROR record: https://ror.org/03v2c3v44,Centre de Recherche sur la Biodiversité et l'Environnement,https://ror.org/03v2c3v44,https://ror.org/032qezt74,Institut de Recherche pour le Développement,Parent,Production
38429,https://github.com/ror-community/ror-updates/issues/38429,Modify the information in an existing ROR record: https://ror.org/03v2c3v44,Institut de Recherche pour le Développement,https://ror.org/032qezt74,https://ror.org/03v2c3v44,Centre de Recherche sur la Biodiversité et l'Environnement,Child,Release
38429,https://github.com/ror-community/ror-updates/issues/38429,Modify the information in an existing ROR record: https://ror.org/03v2c3v44,Centre de Recherche sur la Biodiversité et l'Environnement,https://ror.org/03v2c3v44,https://ror.org/05q3vnk25,Institut de Recherche pour le Développement,Parent,Production
38429,https://github.com/ror-community/ror-updates/issues/38429,Modify the information in an existing ROR record: https://ror.org/03v2c3v44,Institut de Recherche pour le Développement,https://ror.org/05q3vnk25,https://ror.org/03v2c3v44,Centre de Recherche sur la Biodiversité et l'Environnement,Child,Release
38428,https://github.com/ror-community/ror-updates/issues/38428,Modify the information in an existing ROR record: https://ror.org/05k07f122,Instituto Franco-Argentino sobre Estudios de Clima y sus Impactos,https://ror.org/05k07f122,https://ror.org/015q23935,Institut de Recherche pour le Développement,Delete,Production
38428,https://github.com/ror-community/ror-updates/issues/38428,Modify the information in an existing ROR record: https://ror.org/05k07f122,Institut de Recherche pour le Développement,https://ror.org/015q23935,https://ror.org/05k07f122,Instituto Franco-Argentino sobre Estudios de Clima y sus Impactos,Delete,Release
38428,https://github.com/ror-community/ror-updates/issues/38428,Modify the information in an existing ROR record: https://ror.org/05k07f122,Instituto Franco-Argentino sobre Estudios de Clima y sus Impactos,https://ror.org/05k07f122,https://ror.org/05q3vnk25,Institut de Recherche pour le Développement,Parent,Production
38428,https://github.com/ror-community/ror-updates/issues/38428,Modify the information in an existing ROR record: https://ror.org/05k07f122,Institut de Recherche pour le Développement,https://ror.org/05q3vnk25,https://ror.org/05k07f122,Instituto Franco-Argentino sobre Estudios de Clima y sus Impactos,Child,Release
38043,https://github.com/ror-community/ror-updates/issues/38043,Modify the information in an existing ROR record: https://ror.org/0518tra10,UAR Data Terra,https://ror.org/0518tra10,https://ror.org/05q3vnk25,Institut de Recherche pour le Développement,Delete,Production
38043,https://github.com/ror-community/ror-updates/issues/38043,Modify the information in an existing ROR record: https://ror.org/0518tra10,Institut de Recherche pour le Développement,https://ror.org/05q3vnk25,https://ror.org/0518tra10,UAR Data Terra,Delete,Release
38043,https://github.com/ror-community/ror-updates/issues/38043,Modify the information in an existing ROR record: https://ror.org/0518tra10,UAR Data Terra,https://ror.org/0518tra10,https://ror.org/05q3vnk25,Institut de Recherche pour le Développement,Parent,Production
38043,https://github.com/ror-community/ror-updates/issues/38043,Modify the information in an existing ROR record: https://ror.org/0518tra10,Institut de Recherche pour le Développement,https://ror.org/05q3vnk25,https://ror.org/0518tra10,UAR Data Terra,Child,Release
34506,https://github.com/ror-community/ror-updates/issues/34506,"Modify the information in an existing ROR record: 
Gouvernement du Québec https://ror.org/05waa5295
",Gouvernement du Québec,https://ror.org/05waa5295,https://ror.org/00bhh3q35,"Ministry of Education, Recreation and Sports",Child,Production
34506,https://github.com/ror-community/ror-updates/issues/34506,"Modify the information in an existing ROR record: 
Gouvernement du Québec https://ror.org/05waa5295
","Ministry of Education, Recreation and Sports",https://ror.org/00bhh3q35,https://ror.org/05waa5295,Gouvernement du Québec,Parent,Release
38521,https://github.com/ror-community/ror-updates/issues/38521,Add a new organization to ROR: Ministère de l’Enseignement supérieur (Québec) (Canada),Ministère de l’Enseignement supérieur,https://ror.org/01eh3yh69,https://ror.org/05waa5295,Gouvernement du Québec,Parent,Production
38521,https://github.com/ror-community/ror-updates/issues/38521,Add a new organization to ROR: Ministère de l’Enseignement supérieur (Québec) (Canada),Gouvernement du Québec,https://ror.org/05waa5295,https://ror.org/01eh3yh69,Ministère de l’Enseignement supérieur,Child,Release
34857,https://github.com/ror-community/ror-updates/issues/34857,Modify the information in an existing ROR record: Vehicle Technologies Office - https://ror.org/00f93gc02,Vehicle Technologies Office,https://ror.org/00f93gc02,https://ror.org/02xznz413,Office of Energy Efficiency and Renewable Energy,Delete,Production
34857,https://github.com/ror-community/ror-updates/issues/34857,Modify the information in an existing ROR record: Vehicle Technologies Office - https://ror.org/00f93gc02,Office of Energy Efficiency and Renewable Energy,https://ror.org/02xznz413,https://ror.org/00f93gc02,Vehicle Technologies Office,Delete,Release
34857,https://github.com/ror-community/ror-updates/issues/34857,Modify the information in an existing ROR record: Vehicle Technologies Office - https://ror.org/00f93gc02,Vehicle Technologies Office,https://ror.org/00f93gc02,https://ror.org/042wdrh47,Transportation Technologies Office,Parent,Production
34857,https://github.com/ror-community/ror-updates/issues/34857,Modify the information in an existing ROR record: Vehicle Technologies Office - https://ror.org/00f93gc02,Transportation Technologies Office,https://ror.org/042wdrh47,https://ror.org/00f93gc02,Vehicle Technologies Office,Child,Release
34856,https://github.com/ror-community/ror-updates/issues/34856,Modify the information in an existing ROR record: Hydrogen and Fuel Cell Technologies Office - https://ror.org/05csy5p27,Hydrogen and Fuel Cell Technologies Office,https://ror.org/05csy5p27,https://ror.org/02xznz413,Office of Energy Efficiency and Renewable Energy,Delete,Production
34856,https://github.com/ror-community/ror-updates/issues/34856,Modify the information in an existing ROR record: Hydrogen and Fuel Cell Technologies Office - https://ror.org/05csy5p27,Office of Energy Efficiency and Renewable Energy,https://ror.org/02xznz413,https://ror.org/05csy5p27,Hydrogen and Fuel Cell Technologies Office,Delete,Release
34856,https://github.com/ror-community/ror-updates/issues/34856,Modify the information in an existing ROR record: Hydrogen and Fuel Cell Technologies Office - https://ror.org/05csy5p27,Hydrogen and Fuel Cell Technologies Office,https://ror.org/05csy5p27,https://ror.org/018ts6k76,Alternative Fuels and Feedstocks Office,Parent,Production
34856,https://github.com/ror-community/ror-updates/issues/34856,Modify the information in an existing ROR record: Hydrogen and Fuel Cell Technologies Office - https://ror.org/05csy5p27,Alternative Fuels and Feedstocks Office,https://ror.org/018ts6k76,https://ror.org/05csy5p27,Hydrogen and Fuel Cell Technologies Office,Child,Release
34868,https://github.com/ror-community/ror-updates/issues/34868,Modify the information in an existing ROR record: Nuclear Energy University Program - https://ror.org/00qywr187,Nuclear Energy University Program,https://ror.org/00qywr187,https://ror.org/00ty2a548,Idaho National Laboratory,Parent,Production
34868,https://github.com/ror-community/ror-updates/issues/34868,Modify the information in an existing ROR record: Nuclear Energy University Program - https://ror.org/00qywr187,Idaho National Laboratory,https://ror.org/00ty2a548,https://ror.org/00qywr187,Nuclear Energy University Program,Child,Release
34844,https://github.com/ror-community/ror-updates/issues/34844,Modify the information in an existing ROR record: National Energy Technology Laboratory - https://ror.org/01x26mz03,National Energy Technology Laboratory,https://ror.org/01x26mz03,https://ror.org/03ery9d53,Office of Fossil Energy,Delete,Production
34844,https://github.com/ror-community/ror-updates/issues/34844,Modify the information in an existing ROR record: National Energy Technology Laboratory - https://ror.org/01x26mz03,Office of Fossil Energy,https://ror.org/03ery9d53,https://ror.org/01x26mz03,National Energy Technology Laboratory,Delete,Release
34844,https://github.com/ror-community/ror-updates/issues/34844,Modify the information in an existing ROR record: National Energy Technology Laboratory - https://ror.org/01x26mz03,National Energy Technology Laboratory,https://ror.org/01x26mz03,https://ror.org/05vc7s830,Hydrocarbons and Geothermal Office,Parent,Production
34844,https://github.com/ror-community/ror-updates/issues/34844,Modify the information in an existing ROR record: National Energy Technology Laboratory - https://ror.org/01x26mz03,Hydrocarbons and Geothermal Office,https://ror.org/05vc7s830,https://ror.org/01x26mz03,National Energy Technology Laboratory,Child,Release
34601,https://github.com/ror-community/ror-updates/issues/34601,"Modify the information in an existing ROR record: 
D.F. Chebotarev Institute of Gerontology https://ror.org/038mdqs58
",D.F. Chebotarev Institute of Gerontology,https://ror.org/038mdqs58,https://ror.org/00je4t102,National Academy of Sciences of Ukraine,Delete,Production
34601,https://github.com/ror-community/ror-updates/issues/34601,"Modify the information in an existing ROR record: 
D.F. Chebotarev Institute of Gerontology https://ror.org/038mdqs58
",National Academy of Sciences of Ukraine,https://ror.org/00je4t102,https://ror.org/038mdqs58,D.F. Chebotarev Institute of Gerontology,Delete,Release
34601,https://github.com/ror-community/ror-updates/issues/34601,"Modify the information in an existing ROR record: 
D.F. Chebotarev Institute of Gerontology https://ror.org/038mdqs58
",D.F. Chebotarev Institute of Gerontology,https://ror.org/038mdqs58,https://ror.org/042dnf796,National Academy of Medical Sciences of Ukraine,Parent,Production
34601,https://github.com/ror-community/ror-updates/issues/34601,"Modify the information in an existing ROR record: 
D.F. Chebotarev Institute of Gerontology https://ror.org/038mdqs58
",National Academy of Medical Sciences of Ukraine,https://ror.org/042dnf796,https://ror.org/038mdqs58,D.F. Chebotarev Institute of Gerontology,Child,Release
34631,https://github.com/ror-community/ror-updates/issues/34631,"Modify the information in an existing ROR record: 
Herzzentrum Dresden Universitaetsklinik https://ror.org/01jx86h05
",Herzzentrum Dresden Universitaetsklinik,https://ror.org/01jx86h05,https://ror.org/01b4gqk18,Sana Klinikum,Parent,Production
34631,https://github.com/ror-community/ror-updates/issues/34631,"Modify the information in an existing ROR record: 
Herzzentrum Dresden Universitaetsklinik https://ror.org/01jx86h05
",Sana Klinikum,https://ror.org/01b4gqk18,https://ror.org/01jx86h05,Herzzentrum Dresden Universitaetsklinik,Child,Release
34631,https://github.com/ror-community/ror-updates/issues/34631,"Modify the information in an existing ROR record: 
Herzzentrum Dresden Universitaetsklinik https://ror.org/01jx86h05
",Herzzentrum Dresden Universitaetsklinik,https://ror.org/01jx86h05,https://ror.org/042aqky30,Technische Universität Dresden,Delete,Production
34631,https://github.com/ror-community/ror-updates/issues/34631,"Modify the information in an existing ROR record: 
Herzzentrum Dresden Universitaetsklinik https://ror.org/01jx86h05
",Technische Universität Dresden,https://ror.org/042aqky30,https://ror.org/01jx86h05,Herzzentrum Dresden Universitaetsklinik,Delete,Release
34631,https://github.com/ror-community/ror-updates/issues/34631,"Modify the information in an existing ROR record: 
Herzzentrum Dresden Universitaetsklinik https://ror.org/01jx86h05
",Herzzentrum Dresden Universitaetsklinik,https://ror.org/01jx86h05,https://ror.org/042aqky30,Technische Universität Dresden,Related,Production
34631,https://github.com/ror-community/ror-updates/issues/34631,"Modify the information in an existing ROR record: 
Herzzentrum Dresden Universitaetsklinik https://ror.org/01jx86h05
",Technische Universität Dresden,https://ror.org/042aqky30,https://ror.org/01jx86h05,Herzzentrum Dresden Universitaetsklinik,Related,Release
34631,https://github.com/ror-community/ror-updates/issues/34631,"Modify the information in an existing ROR record: 
Herzzentrum Dresden Universitaetsklinik https://ror.org/01jx86h05
",Herzzentrum Dresden Universitaetsklinik,https://ror.org/01jx86h05,https://ror.org/04za5zm41,University Hospital Carl Gustav Carus,Related,Production
34631,https://github.com/ror-community/ror-updates/issues/34631,"Modify the information in an existing ROR record: 
Herzzentrum Dresden Universitaetsklinik https://ror.org/01jx86h05
",University Hospital Carl Gustav Carus,https://ror.org/04za5zm41,https://ror.org/01jx86h05,Herzzentrum Dresden Universitaetsklinik,Related,Release
38525,https://github.com/ror-community/ror-updates/issues/38525,Modify the information in an existing ROR record: Diplomatic Academy of MGIMO of the Russian Ministry of Foreign Affairs - https://ror.org/04cfhgb79,Diplomatic Academy of MGIMO of the Russian Ministry of Foreign Affairs,https://ror.org/04cfhgb79,https://ror.org/04zn7jb34,Moscow State Institute of International Relations,Parent,Production
38525,https://github.com/ror-community/ror-updates/issues/38525,Modify the information in an existing ROR record: Diplomatic Academy of MGIMO of the Russian Ministry of Foreign Affairs - https://ror.org/04cfhgb79,Moscow State Institute of International Relations,https://ror.org/04zn7jb34,https://ror.org/04cfhgb79,Diplomatic Academy of MGIMO of the Russian Ministry of Foreign Affairs,Child,Release
34989,https://github.com/ror-community/ror-updates/issues/34989,Modify the information in an existing ROR record: Centre d’Investigation Clinique Innovation Technologique de Nancy,Centre d’Investigation Clinique Innovation Technologique de Nancy,https://ror.org/01bpj7k68,https://ror.org/04vfs2w97,Université de Lorraine,Related,Production
34989,https://github.com/ror-community/ror-updates/issues/34989,Modify the information in an existing ROR record: Centre d’Investigation Clinique Innovation Technologique de Nancy,Université de Lorraine,https://ror.org/04vfs2w97,https://ror.org/01bpj7k68,Centre d’Investigation Clinique Innovation Technologique de Nancy,Related,Release
34984,https://github.com/ror-community/ror-updates/issues/34984,Modify the information in an existing ROR record: Centre d'Investigation Clinique Pierre Drouin,Centre d'Investigation Clinique Pierre Drouin,https://ror.org/04ghtjd11,https://ror.org/04vfs2w97,Université de Lorraine,Delete,Production
34984,https://github.com/ror-community/ror-updates/issues/34984,Modify the information in an existing ROR record: Centre d'Investigation Clinique Pierre Drouin,Université de Lorraine,https://ror.org/04vfs2w97,https://ror.org/04ghtjd11,Centre d'Investigation Clinique Pierre Drouin,Delete,Release
34984,https://github.com/ror-community/ror-updates/issues/34984,Modify the information in an existing ROR record: Centre d'Investigation Clinique Pierre Drouin,Centre d'Investigation Clinique Pierre Drouin,https://ror.org/04ghtjd11,https://ror.org/04vfs2w97,Université de Lorraine,Related,Production
34984,https://github.com/ror-community/ror-updates/issues/34984,Modify the information in an existing ROR record: Centre d'Investigation Clinique Pierre Drouin,Université de Lorraine,https://ror.org/04vfs2w97,https://ror.org/04ghtjd11,Centre d'Investigation Clinique Pierre Drouin,Related,Release
34985,https://github.com/ror-community/ror-updates/issues/34985,Modify the information in an existing ROR record: Georgia Tech-CNRS Laboratory,Georgia Tech-CNRS Laboratory,https://ror.org/00avmbz91,https://ror.org/04vfs2w97,Université de Lorraine,Delete,Production
34985,https://github.com/ror-community/ror-updates/issues/34985,Modify the information in an existing ROR record: Georgia Tech-CNRS Laboratory,Université de Lorraine,https://ror.org/04vfs2w97,https://ror.org/00avmbz91,Georgia Tech-CNRS Laboratory,Delete,Release
34985,https://github.com/ror-community/ror-updates/issues/34985,Modify the information in an existing ROR record: Georgia Tech-CNRS Laboratory,Georgia Tech-CNRS Laboratory,https://ror.org/00avmbz91,https://ror.org/04vfs2w97,Université de Lorraine,Related,Production
34985,https://github.com/ror-community/ror-updates/issues/34985,Modify the information in an existing ROR record: Georgia Tech-CNRS Laboratory,Université de Lorraine,https://ror.org/04vfs2w97,https://ror.org/00avmbz91,Georgia Tech-CNRS Laboratory,Related,Release
38528,https://github.com/ror-community/ror-updates/issues/38528,Modify the information in an existing ROR record: International YMCA University of Applied Sciences - https://ror.org/05dbw7b97,International YMCA University of Applied Sciences,https://ror.org/05dbw7b97,https://ror.org/04w23p232,Evangelische Hochschule Darmstadt,Successor,Production
38530,https://github.com/ror-community/ror-updates/issues/38530,Modify the information in an existing ROR record: Institute of Geography Named after Academician Hasan Aliyev - https://ror.org/00erpmf75,Institute of Geography Named after Academician Hasan Aliyev,https://ror.org/00erpmf75,https://ror.org/006m4q736,Azerbaijan National Academy of Sciences,Delete,Production
38530,https://github.com/ror-community/ror-updates/issues/38530,Modify the information in an existing ROR record: Institute of Geography Named after Academician Hasan Aliyev - https://ror.org/00erpmf75,Azerbaijan National Academy of Sciences,https://ror.org/006m4q736,https://ror.org/00erpmf75,Institute of Geography Named after Academician Hasan Aliyev,Delete,Release
38530,https://github.com/ror-community/ror-updates/issues/38530,Modify the information in an existing ROR record: Institute of Geography Named after Academician Hasan Aliyev - https://ror.org/00erpmf75,Institute of Geography Named after Academician Hasan Aliyev,https://ror.org/00erpmf75,https://ror.org/00erpmf75,Institute of Geography Named after Academician Hasan Aliyev,Successor,Production
38533,https://github.com/ror-community/ror-updates/issues/38533,Modify the information in an existing ROR record: Climate Adaptation Science Centers - https://ror.org/023czga33,Climate Adaptation Science Centers,https://ror.org/023czga33,https://ror.org/009hmnr85,Southeast Climate Adaptation Science Center,Child,Production
38533,https://github.com/ror-community/ror-updates/issues/38533,Modify the information in an existing ROR record: Climate Adaptation Science Centers - https://ror.org/023czga33,Southeast Climate Adaptation Science Center,https://ror.org/009hmnr85,https://ror.org/023czga33,Climate Adaptation Science Centers,Parent,Release
38533,https://github.com/ror-community/ror-updates/issues/38533,Modify the information in an existing ROR record: Climate Adaptation Science Centers - https://ror.org/023czga33,Climate Adaptation Science Centers,https://ror.org/023czga33,https://ror.org/0592ymg36,Southwest Climate Adaptation Science Center,Child,Production
38533,https://github.com/ror-community/ror-updates/issues/38533,Modify the information in an existing ROR record: Climate Adaptation Science Centers - https://ror.org/023czga33,Southwest Climate Adaptation Science Center,https://ror.org/0592ymg36,https://ror.org/023czga33,Climate Adaptation Science Centers,Parent,Release
38533,https://github.com/ror-community/ror-updates/issues/38533,Modify the information in an existing ROR record: Climate Adaptation Science Centers - https://ror.org/023czga33,Climate Adaptation Science Centers,https://ror.org/023czga33,https://ror.org/05066y189,South Central Climate Adaptation Science Center,Child,Production
38533,https://github.com/ror-community/ror-updates/issues/38533,Modify the information in an existing ROR record: Climate Adaptation Science Centers - https://ror.org/023czga33,South Central Climate Adaptation Science Center,https://ror.org/05066y189,https://ror.org/023czga33,Climate Adaptation Science Centers,Parent,Release
38533,https://github.com/ror-community/ror-updates/issues/38533,Modify the information in an existing ROR record: Climate Adaptation Science Centers - https://ror.org/023czga33,Climate Adaptation Science Centers,https://ror.org/023czga33,https://ror.org/00ctmtz16,North Central Climate Adaptation Science Center,Child,Production
38533,https://github.com/ror-community/ror-updates/issues/38533,Modify the information in an existing ROR record: Climate Adaptation Science Centers - https://ror.org/023czga33,North Central Climate Adaptation Science Center,https://ror.org/00ctmtz16,https://ror.org/023czga33,Climate Adaptation Science Centers,Parent,Release
38533,https://github.com/ror-community/ror-updates/issues/38533,Modify the information in an existing ROR record: Climate Adaptation Science Centers - https://ror.org/023czga33,Climate Adaptation Science Centers,https://ror.org/023czga33,https://ror.org/034ywsh12,Northeast Climate Science Center,Child,Production
38533,https://github.com/ror-community/ror-updates/issues/38533,Modify the information in an existing ROR record: Climate Adaptation Science Centers - https://ror.org/023czga33,Northeast Climate Science Center,https://ror.org/034ywsh12,https://ror.org/023czga33,Climate Adaptation Science Centers,Parent,Release
38539,https://github.com/ror-community/ror-updates/issues/38539,Modify the information in an existing ROR record: Northeast Climate Adaptation Science Center - https://ror.org/034ywsh12,Northeast Climate Adaptation Science Center,https://ror.org/034ywsh12,https://ror.org/0072zz521,University of Massachusetts Amherst,Parent,Production
38539,https://github.com/ror-community/ror-updates/issues/38539,Modify the information in an existing ROR record: Northeast Climate Adaptation Science Center - https://ror.org/034ywsh12,University of Massachusetts Amherst,https://ror.org/0072zz521,https://ror.org/034ywsh12,Northeast Climate Adaptation Science Center,Child,Release
38539,https://github.com/ror-community/ror-updates/issues/38539,Modify the information in an existing ROR record: Northeast Climate Adaptation Science Center - https://ror.org/034ywsh12,Northeast Climate Adaptation Science Center,https://ror.org/034ywsh12,https://ror.org/03v0pmy70,United States Department of the Interior,Delete,Production
38539,https://github.com/ror-community/ror-updates/issues/38539,Modify the information in an existing ROR record: Northeast Climate Adaptation Science Center - https://ror.org/034ywsh12,United States Department of the Interior,https://ror.org/03v0pmy70,https://ror.org/034ywsh12,Northeast Climate Adaptation Science Center,Delete,Release
38545,https://github.com/ror-community/ror-updates/issues/38545,Modify the information in an existing ROR record: Kashim Ibrahim University (Nigeria) - https://ror.org/02qtfp923,Kashim Ibrahim University (Nigeria),https://ror.org/02qtfp923,https://ror.org/024ygae04,Borno State University,Successor,Production
35051,https://github.com/ror-community/ror-updates/issues/35051,"Modify the information in an existing ROR record: 
University of Indianapolis https://ror.org/052133d12
",University of Indianapolis,https://ror.org/052133d12,https://ror.org/05rbkcx47,Indiana University Hospital,Delete,Production
35051,https://github.com/ror-community/ror-updates/issues/35051,"Modify the information in an existing ROR record: 
University of Indianapolis https://ror.org/052133d12
",Indiana University Hospital,https://ror.org/05rbkcx47,https://ror.org/052133d12,University of Indianapolis,Delete,Release
35011,https://github.com/ror-community/ror-updates/issues/35011,Modify the information in an existing ROR record: Zone Atelier Moselle,Zone Atelier Moselle,https://ror.org/016vxbe23,https://ror.org/04vfs2w97,Université de Lorraine,Delete,Production
35011,https://github.com/ror-community/ror-updates/issues/35011,Modify the information in an existing ROR record: Zone Atelier Moselle,Université de Lorraine,https://ror.org/04vfs2w97,https://ror.org/016vxbe23,Zone Atelier Moselle,Delete,Release
35011,https://github.com/ror-community/ror-updates/issues/35011,Modify the information in an existing ROR record: Zone Atelier Moselle,Zone Atelier Moselle,https://ror.org/016vxbe23,https://ror.org/04vfs2w97,Université de Lorraine,Related,Production
35011,https://github.com/ror-community/ror-updates/issues/35011,Modify the information in an existing ROR record: Zone Atelier Moselle,Université de Lorraine,https://ror.org/04vfs2w97,https://ror.org/016vxbe23,Zone Atelier Moselle,Related,Release
38547,https://github.com/ror-community/ror-updates/issues/38547,Add a new organization to ROR: Vinmec Healthcare System (Vietnam),Vinmec Healthcare System,https://ror.org/012rvtf75,https://ror.org/03j51tb87,Vingroup (Vietnam),Parent,Production
38547,https://github.com/ror-community/ror-updates/issues/38547,Add a new organization to ROR: Vinmec Healthcare System (Vietnam),Vingroup (Vietnam),https://ror.org/03j51tb87,https://ror.org/012rvtf75,Vinmec Healthcare System,Child,Release
38547,https://github.com/ror-community/ror-updates/issues/38547,Add a new organization to ROR: Vinmec Healthcare System (Vietnam),Vinmec Healthcare System,https://ror.org/012rvtf75,https://ror.org/01q2pxs68,Vinmec International Hospital,Child,Production
38547,https://github.com/ror-community/ror-updates/issues/38547,Add a new organization to ROR: Vinmec Healthcare System (Vietnam),Vinmec International Hospital,https://ror.org/01q2pxs68,https://ror.org/012rvtf75,Vinmec Healthcare System,Parent,Release
38548,https://github.com/ror-community/ror-updates/issues/38548,Add a new organization to ROR: Vinmec Central Park International Hospital (Vietnam),Vinmec Central Park International Hospital,https://ror.org/040yf9s22,https://ror.org/012rvtf75,Vinmec Healthcare System,Parent,Release
38548,https://github.com/ror-community/ror-updates/issues/38548,Add a new organization to ROR: Vinmec Central Park International Hospital (Vietnam),Vinmec Healthcare System,https://ror.org/012rvtf75,https://ror.org/040yf9s22,Vinmec Central Park International Hospital,Child,Release
38549,https://github.com/ror-community/ror-updates/issues/38549,Add a new organization to ROR: Vinmec Smart City Hospital (Vietnam),Vinmec Smart City Hospital,https://ror.org/00kaqd172,https://ror.org/012rvtf75,Vinmec Healthcare System,Parent,Release
38549,https://github.com/ror-community/ror-updates/issues/38549,Add a new organization to ROR: Vinmec Smart City Hospital (Vietnam),Vinmec Healthcare System,https://ror.org/012rvtf75,https://ror.org/00kaqd172,Vinmec Smart City Hospital,Child,Release
38550,https://github.com/ror-community/ror-updates/issues/38550,Add a new organization to ROR: Vinmec Da Nang Hospital (Vietnam),Vinmec Da Nang Hospital,https://ror.org/03f0wef32,https://ror.org/012rvtf75,Vinmec Healthcare System,Parent,Release
38550,https://github.com/ror-community/ror-updates/issues/38550,Add a new organization to ROR: Vinmec Da Nang Hospital (Vietnam),Vinmec Healthcare System,https://ror.org/012rvtf75,https://ror.org/03f0wef32,Vinmec Da Nang Hospital,Child,Release
38551,https://github.com/ror-community/ror-updates/issues/38551,Add a new organization to ROR: Vinmec Hai Phong Hospital (Vietnam),Vinmec Hai Phong Hospital,https://ror.org/02qpsxt83,https://ror.org/012rvtf75,Vinmec Healthcare System,Parent,Release
38551,https://github.com/ror-community/ror-updates/issues/38551,Add a new organization to ROR: Vinmec Hai Phong Hospital (Vietnam),Vinmec Healthcare System,https://ror.org/012rvtf75,https://ror.org/02qpsxt83,Vinmec Hai Phong Hospital,Child,Release
38552,https://github.com/ror-community/ror-updates/issues/38552,Add a new organization to ROR: Vinmec Ha Long Hospital (Vietnam),Vinmec Ha Long Hospital,https://ror.org/02n9haa63,https://ror.org/012rvtf75,Vinmec Healthcare System,Parent,Release
38552,https://github.com/ror-community/ror-updates/issues/38552,Add a new organization to ROR: Vinmec Ha Long Hospital (Vietnam),Vinmec Healthcare System,https://ror.org/012rvtf75,https://ror.org/02n9haa63,Vinmec Ha Long Hospital,Child,Release
38554,https://github.com/ror-community/ror-updates/issues/38554,Add a new organization to ROR: Vinmec Phu Quoc Hospital (Vietnam),Vinmec Phu Quoc Hospital,https://ror.org/0440xhm62,https://ror.org/012rvtf75,Vinmec Healthcare System,Parent,Release
38554,https://github.com/ror-community/ror-updates/issues/38554,Add a new organization to ROR: Vinmec Phu Quoc Hospital (Vietnam),Vinmec Healthcare System,https://ror.org/012rvtf75,https://ror.org/0440xhm62,Vinmec Phu Quoc Hospital,Child,Release
38555,https://github.com/ror-community/ror-updates/issues/38555,Add a new organization to ROR: Vinmec Can Tho Hospital (Vietnam),Vinmec Can Tho Hospital,https://ror.org/04scb9p33,https://ror.org/012rvtf75,Vinmec Healthcare System,Parent,Release
38555,https://github.com/ror-community/ror-updates/issues/38555,Add a new organization to ROR: Vinmec Can Tho Hospital (Vietnam),Vinmec Healthcare System,https://ror.org/012rvtf75,https://ror.org/04scb9p33,Vinmec Can Tho Hospital,Child,Release
38556,https://github.com/ror-community/ror-updates/issues/38556,Add a new organization to ROR: Vinmec Hi-Tech Center (Vietnam),Vinmec Hi-Tech Center,https://ror.org/03refhz68,https://ror.org/012rvtf75,Vinmec Healthcare System,Parent,Release
38556,https://github.com/ror-community/ror-updates/issues/38556,Add a new organization to ROR: Vinmec Hi-Tech Center (Vietnam),Vinmec Healthcare System,https://ror.org/012rvtf75,https://ror.org/03refhz68,Vinmec Hi-Tech Center,Child,Release
38557,https://github.com/ror-community/ror-updates/issues/38557,Add a new organization to ROR: Vinmec Research Institute of Stem Cell and Gene Technology (Vietnam),Vinmec Research Institute of Stem Cell and Gene Technology,https://ror.org/00nn14q45,https://ror.org/052dmdr17,VinUniversity,Parent,Production
38557,https://github.com/ror-community/ror-updates/issues/38557,Add a new organization to ROR: Vinmec Research Institute of Stem Cell and Gene Technology (Vietnam),VinUniversity,https://ror.org/052dmdr17,https://ror.org/00nn14q45,Vinmec Research Institute of Stem Cell and Gene Technology,Child,Release
38557,https://github.com/ror-community/ror-updates/issues/38557,Add a new organization to ROR: Vinmec Research Institute of Stem Cell and Gene Technology (Vietnam),Vinmec Research Institute of Stem Cell and Gene Technology,https://ror.org/00nn14q45,https://ror.org/012rvtf75,Vinmec Healthcare System,Related,Release
38557,https://github.com/ror-community/ror-updates/issues/38557,Add a new organization to ROR: Vinmec Research Institute of Stem Cell and Gene Technology (Vietnam),Vinmec Healthcare System,https://ror.org/012rvtf75,https://ror.org/00nn14q45,Vinmec Research Institute of Stem Cell and Gene Technology,Related,Release
38558,https://github.com/ror-community/ror-updates/issues/38558,Add a new organization to ROR: Vinmec - VinUni Institute of Immunology (Vietnam),Vinmec - VinUni Institute of Immunology,https://ror.org/043rh7g24,https://ror.org/052dmdr17,VinUniversity,Parent,Production
38558,https://github.com/ror-community/ror-updates/issues/38558,Add a new organization to ROR: Vinmec - VinUni Institute of Immunology (Vietnam),VinUniversity,https://ror.org/052dmdr17,https://ror.org/043rh7g24,Vinmec - VinUni Institute of Immunology,Child,Release
38558,https://github.com/ror-community/ror-updates/issues/38558,Add a new organization to ROR: Vinmec - VinUni Institute of Immunology (Vietnam),Vinmec - VinUni Institute of Immunology,https://ror.org/043rh7g24,https://ror.org/012rvtf75,Vinmec Healthcare System,Related,Release
38558,https://github.com/ror-community/ror-updates/issues/38558,Add a new organization to ROR: Vinmec - VinUni Institute of Immunology (Vietnam),Vinmec Healthcare System,https://ror.org/012rvtf75,https://ror.org/043rh7g24,Vinmec - VinUni Institute of Immunology,Related,Release
38560,https://github.com/ror-community/ror-updates/issues/38560,Add a new organization to ROR: Centre de recherche de Santé Québec Chaudière-Appalaches (Canada),Centre de recherche de Santé Québec Chaudière-Appalaches,https://ror.org/00phrqw66,https://ror.org/05ghbjx71,Centre intégré de santé et de services sociaux de Chaudière-Appalaches,Parent,Production
38560,https://github.com/ror-community/ror-updates/issues/38560,Add a new organization to ROR: Centre de recherche de Santé Québec Chaudière-Appalaches (Canada),Centre intégré de santé et de services sociaux de Chaudière-Appalaches,https://ror.org/05ghbjx71,https://ror.org/00phrqw66,Centre de recherche de Santé Québec Chaudière-Appalaches,Child,Release
37317,https://github.com/ror-community/ror-updates/issues/37317,Add a new organization to ROR: Instrumentation et dynamisme cardiovasculaire,Instrumentation et Dynamique Cardiovasculaire,https://ror.org/051thq917,https://ror.org/02vjkv261,Inserm,Parent,Production
37317,https://github.com/ror-community/ror-updates/issues/37317,Add a new organization to ROR: Instrumentation et dynamisme cardiovasculaire,Inserm,https://ror.org/02vjkv261,https://ror.org/051thq917,Instrumentation et Dynamique Cardiovasculaire,Child,Release
37317,https://github.com/ror-community/ror-updates/issues/37317,Add a new organization to ROR: Instrumentation et dynamisme cardiovasculaire,Instrumentation et Dynamique Cardiovasculaire,https://ror.org/051thq917,https://ror.org/01yvrd251,Université Pierre-et-Marie-Curie,Parent,Production
37317,https://github.com/ror-community/ror-updates/issues/37317,Add a new organization to ROR: Instrumentation et dynamisme cardiovasculaire,Université Pierre-et-Marie-Curie,https://ror.org/01yvrd251,https://ror.org/051thq917,Instrumentation et Dynamique Cardiovasculaire,Child,Release
37316,https://github.com/ror-community/ror-updates/issues/37316,"Add a new organization to ROR: Génétique, Physiopathologie & Pharmacologie du remodelage cardiovasculaire","Physiopathologie, génétique et pharmacologie du remodelage cardiovasculaire",https://ror.org/022ndka61,https://ror.org/02vjkv261,Inserm,Parent,Production
37316,https://github.com/ror-community/ror-updates/issues/37316,"Add a new organization to ROR: Génétique, Physiopathologie & Pharmacologie du remodelage cardiovasculaire",Inserm,https://ror.org/02vjkv261,https://ror.org/022ndka61,"Physiopathologie, génétique et pharmacologie du remodelage cardiovasculaire",Child,Release
37316,https://github.com/ror-community/ror-updates/issues/37316,"Add a new organization to ROR: Génétique, Physiopathologie & Pharmacologie du remodelage cardiovasculaire","Physiopathologie, génétique et pharmacologie du remodelage cardiovasculaire",https://ror.org/022ndka61,https://ror.org/02feahw73,Centre National de la Recherche Scientifique,Parent,Production
37316,https://github.com/ror-community/ror-updates/issues/37316,"Add a new organization to ROR: Génétique, Physiopathologie & Pharmacologie du remodelage cardiovasculaire",Centre National de la Recherche Scientifique,https://ror.org/02feahw73,https://ror.org/022ndka61,"Physiopathologie, génétique et pharmacologie du remodelage cardiovasculaire",Child,Release
37316,https://github.com/ror-community/ror-updates/issues/37316,"Add a new organization to ROR: Génétique, Physiopathologie & Pharmacologie du remodelage cardiovasculaire","Physiopathologie, génétique et pharmacologie du remodelage cardiovasculaire",https://ror.org/022ndka61,https://ror.org/01yvrd251,Université Pierre-et-Marie-Curie,Parent,Production
37316,https://github.com/ror-community/ror-updates/issues/37316,"Add a new organization to ROR: Génétique, Physiopathologie & Pharmacologie du remodelage cardiovasculaire",Université Pierre-et-Marie-Curie,https://ror.org/01yvrd251,https://ror.org/022ndka61,"Physiopathologie, génétique et pharmacologie du remodelage cardiovasculaire",Child,Release
37302,https://github.com/ror-community/ror-updates/issues/37302,Add a new organization to ROR: Lipoprotéines et athérogénèse,Lipoprotéines et Athérogénèse,https://ror.org/0039f7920,https://ror.org/02vjkv261,Inserm,Parent,Production
37302,https://github.com/ror-community/ror-updates/issues/37302,Add a new organization to ROR: Lipoprotéines et athérogénèse,Inserm,https://ror.org/02vjkv261,https://ror.org/0039f7920,Lipoprotéines et Athérogénèse,Child,Release
37302,https://github.com/ror-community/ror-updates/issues/37302,Add a new organization to ROR: Lipoprotéines et athérogénèse,Lipoprotéines et Athérogénèse,https://ror.org/0039f7920,https://ror.org/01yvrd251,Université Pierre-et-Marie-Curie,Parent,Production
37302,https://github.com/ror-community/ror-updates/issues/37302,Add a new organization to ROR: Lipoprotéines et athérogénèse,Université Pierre-et-Marie-Curie,https://ror.org/01yvrd251,https://ror.org/0039f7920,Lipoprotéines et Athérogénèse,Child,Release
37344,https://github.com/ror-community/ror-updates/issues/37344,"Add a new organization to ROR: 
 
Palace of Versailles",Centre de recherche du château de Versailles,https://ror.org/059ykk176,https://ror.org/017rnyz40,Ministère de la Culture,Related,Production
37344,https://github.com/ror-community/ror-updates/issues/37344,"Add a new organization to ROR: 
 
Palace of Versailles",Ministère de la Culture,https://ror.org/017rnyz40,https://ror.org/059ykk176,Centre de recherche du château de Versailles,Related,Release
38336,https://github.com/ror-community/ror-updates/issues/38336,Add a new organization to ROR: Pub Kamrup College,Pub Kamrup College,https://ror.org/01d65cx85,https://ror.org/01ppj9r51,Gauhati University,Related,Production
38336,https://github.com/ror-community/ror-updates/issues/38336,Add a new organization to ROR: Pub Kamrup College,Gauhati University,https://ror.org/01ppj9r51,https://ror.org/01d65cx85,Pub Kamrup College,Related,Release
38546,https://github.com/ror-community/ror-updates/issues/38546,Add a new organization to ROR: M.N. College & Research Institute,M.N. College & Research Institute,https://ror.org/02z8cy010,https://ror.org/04sjvrk20,Maharaja Ganga Singh University,Related,Production
38546,https://github.com/ror-community/ror-updates/issues/38546,Add a new organization to ROR: M.N. College & Research Institute,Maharaja Ganga Singh University,https://ror.org/04sjvrk20,https://ror.org/02z8cy010,M.N. College & Research Institute,Related,Release
37354,https://github.com/ror-community/ror-updates/issues/37354,Add a new organization to ROR: Jeddah Regional Laboratory,Jeddah Regional Laboratory,https://ror.org/0312jvv49,https://ror.org/03sbrg850,Jeddah First Health Cluster,Parent,Production
37354,https://github.com/ror-community/ror-updates/issues/37354,Add a new organization to ROR: Jeddah Regional Laboratory,Jeddah First Health Cluster,https://ror.org/03sbrg850,https://ror.org/0312jvv49,Jeddah Regional Laboratory,Child,Release
38341,https://github.com/ror-community/ror-updates/issues/38341,Add a new organization to ROR: Syamaprasad College,Syamaprasad College,https://ror.org/04x013993,https://ror.org/01e7v7w47,University of Calcutta,Related,Production
38341,https://github.com/ror-community/ror-updates/issues/38341,Add a new organization to ROR: Syamaprasad College,University of Calcutta,https://ror.org/01e7v7w47,https://ror.org/04x013993,Syamaprasad College,Related,Release
38084,https://github.com/ror-community/ror-updates/issues/38084,Add a new organization to ROR: Laboratoire Solomon Lefschetz *fr,Laboratoire Solomon Lefschetz,https://ror.org/03ehd6q68,https://ror.org/02feahw73,Centre National de la Recherche Scientifique,Parent,Production
38084,https://github.com/ror-community/ror-updates/issues/38084,Add a new organization to ROR: Laboratoire Solomon Lefschetz *fr,Centre National de la Recherche Scientifique,https://ror.org/02feahw73,https://ror.org/03ehd6q68,Laboratoire Solomon Lefschetz,Child,Release
38084,https://github.com/ror-community/ror-updates/issues/38084,Add a new organization to ROR: Laboratoire Solomon Lefschetz *fr,Laboratoire Solomon Lefschetz,https://ror.org/03ehd6q68,https://ror.org/01tmp8f25,Universidad Nacional Autónoma de México,Parent,Production
38084,https://github.com/ror-community/ror-updates/issues/38084,Add a new organization to ROR: Laboratoire Solomon Lefschetz *fr,Universidad Nacional Autónoma de México,https://ror.org/01tmp8f25,https://ror.org/03ehd6q68,Laboratoire Solomon Lefschetz,Child,Release
38085,https://github.com/ror-community/ror-updates/issues/38085,Add a new organization to ROR: CNRS Helmholtz Dark Matter Laboratory *en,CNRS Helmholtz Dark Matter Lab,https://ror.org/01ewmse47,https://ror.org/02feahw73,Centre National de la Recherche Scientifique,Parent,Production
38085,https://github.com/ror-community/ror-updates/issues/38085,Add a new organization to ROR: CNRS Helmholtz Dark Matter Laboratory *en,Centre National de la Recherche Scientifique,https://ror.org/02feahw73,https://ror.org/01ewmse47,CNRS Helmholtz Dark Matter Lab,Child,Release
38085,https://github.com/ror-community/ror-updates/issues/38085,Add a new organization to ROR: CNRS Helmholtz Dark Matter Laboratory *en,CNRS Helmholtz Dark Matter Lab,https://ror.org/01ewmse47,https://ror.org/0281dp749,Helmholtz Association of German Research Centres,Parent,Production
38085,https://github.com/ror-community/ror-updates/issues/38085,Add a new organization to ROR: CNRS Helmholtz Dark Matter Laboratory *en,Helmholtz Association of German Research Centres,https://ror.org/0281dp749,https://ror.org/01ewmse47,CNRS Helmholtz Dark Matter Lab,Child,Release
38086,https://github.com/ror-community/ror-updates/issues/38086,Add a new organization to ROR: Abraham de Moivre *en,Abraham de Moivre,https://ror.org/04ed89255,https://ror.org/02feahw73,Centre National de la Recherche Scientifique,Parent,Production
38086,https://github.com/ror-community/ror-updates/issues/38086,Add a new organization to ROR: Abraham de Moivre *en,Centre National de la Recherche Scientifique,https://ror.org/02feahw73,https://ror.org/04ed89255,Abraham de Moivre,Child,Release
38086,https://github.com/ror-community/ror-updates/issues/38086,Add a new organization to ROR: Abraham de Moivre *en,Abraham de Moivre,https://ror.org/04ed89255,https://ror.org/041kmwe10,Imperial College London,Parent,Production
38086,https://github.com/ror-community/ror-updates/issues/38086,Add a new organization to ROR: Abraham de Moivre *en,Imperial College London,https://ror.org/041kmwe10,https://ror.org/04ed89255,Abraham de Moivre,Child,Release
38087,https://github.com/ror-community/ror-updates/issues/38087,Add a new organization to ROR: Centre Pierre Binetruy *fr,Centre Pierre Binétruy,https://ror.org/03sbwar27,https://ror.org/02feahw73,Centre National de la Recherche Scientifique,Parent,Production
38087,https://github.com/ror-community/ror-updates/issues/38087,Add a new organization to ROR: Centre Pierre Binetruy *fr,Centre National de la Recherche Scientifique,https://ror.org/02feahw73,https://ror.org/03sbwar27,Centre Pierre Binétruy,Child,Release
38087,https://github.com/ror-community/ror-updates/issues/38087,Add a new organization to ROR: Centre Pierre Binetruy *fr,Centre Pierre Binétruy,https://ror.org/03sbwar27,https://ror.org/01an7q238,"University of California, Berkeley",Parent,Production
38087,https://github.com/ror-community/ror-updates/issues/38087,Add a new organization to ROR: Centre Pierre Binetruy *fr,"University of California, Berkeley",https://ror.org/01an7q238,https://ror.org/03sbwar27,Centre Pierre Binétruy,Child,Release
38088,https://github.com/ror-community/ror-updates/issues/38088,Add a new organization to ROR: Reconciling Ecological and Human Adaptations for a Biosphere-based Sustainability *en,Reconciling Ecological and Human Adaptations for a Biosphere-based Sustainability,https://ror.org/02za4qn83,https://ror.org/02feahw73,Centre National de la Recherche Scientifique,Parent,Production
38088,https://github.com/ror-community/ror-updates/issues/38088,Add a new organization to ROR: Reconciling Ecological and Human Adaptations for a Biosphere-based Sustainability *en,Centre National de la Recherche Scientifique,https://ror.org/02feahw73,https://ror.org/02za4qn83,Reconciling Ecological and Human Adaptations for a Biosphere-based Sustainability,Child,Release
38088,https://github.com/ror-community/ror-updates/issues/38088,Add a new organization to ROR: Reconciling Ecological and Human Adaptations for a Biosphere-based Sustainability *en,Reconciling Ecological and Human Adaptations for a Biosphere-based Sustainability,https://ror.org/02za4qn83,https://ror.org/03r1jm528,Nelson Mandela University,Parent,Production
38088,https://github.com/ror-community/ror-updates/issues/38088,Add a new organization to ROR: Reconciling Ecological and Human Adaptations for a Biosphere-based Sustainability *en,Nelson Mandela University,https://ror.org/03r1jm528,https://ror.org/02za4qn83,Reconciling Ecological and Human Adaptations for a Biosphere-based Sustainability,Child,Release
38089,https://github.com/ror-community/ror-updates/issues/38089,Add a new organization to ROR: FrenCh austRalian labOratory for humanS/autonomouS agents teamING *en,French–Australian Laboratory for Human / Autonomous Agents Teaming,https://ror.org/045j5wx38,https://ror.org/02feahw73,Centre National de la Recherche Scientifique,Parent,Production
38089,https://github.com/ror-community/ror-updates/issues/38089,Add a new organization to ROR: FrenCh austRalian labOratory for humanS/autonomouS agents teamING *en,Centre National de la Recherche Scientifique,https://ror.org/02feahw73,https://ror.org/045j5wx38,French–Australian Laboratory for Human / Autonomous Agents Teaming,Child,Release
38089,https://github.com/ror-community/ror-updates/issues/38089,Add a new organization to ROR: FrenCh austRalian labOratory for humanS/autonomouS agents teamING *en,French–Australian Laboratory for Human / Autonomous Agents Teaming,https://ror.org/045j5wx38,https://ror.org/030hj3061,IMT Atlantique,Parent,Production
38089,https://github.com/ror-community/ror-updates/issues/38089,Add a new organization to ROR: FrenCh austRalian labOratory for humanS/autonomouS agents teamING *en,IMT Atlantique,https://ror.org/030hj3061,https://ror.org/045j5wx38,French–Australian Laboratory for Human / Autonomous Agents Teaming,Child,Release
38089,https://github.com/ror-community/ror-updates/issues/38089,Add a new organization to ROR: FrenCh austRalian labOratory for humanS/autonomouS agents teamING *en,French–Australian Laboratory for Human / Autonomous Agents Teaming,https://ror.org/045j5wx38,https://ror.org/03rks9355,Naval Group (France),Parent,Production
38089,https://github.com/ror-community/ror-updates/issues/38089,Add a new organization to ROR: FrenCh austRalian labOratory for humanS/autonomouS agents teamING *en,Naval Group (France),https://ror.org/03rks9355,https://ror.org/045j5wx38,French–Australian Laboratory for Human / Autonomous Agents Teaming,Child,Release
38089,https://github.com/ror-community/ror-updates/issues/38089,Add a new organization to ROR: FrenCh austRalian labOratory for humanS/autonomouS agents teamING *en,French–Australian Laboratory for Human / Autonomous Agents Teaming,https://ror.org/045j5wx38,https://ror.org/01kpzv902,Flinders University,Parent,Production
38089,https://github.com/ror-community/ror-updates/issues/38089,Add a new organization to ROR: FrenCh austRalian labOratory for humanS/autonomouS agents teamING *en,Flinders University,https://ror.org/01kpzv902,https://ror.org/045j5wx38,French–Australian Laboratory for Human / Autonomous Agents Teaming,Child,Release
38089,https://github.com/ror-community/ror-updates/issues/38089,Add a new organization to ROR: FrenCh austRalian labOratory for humanS/autonomouS agents teamING *en,French–Australian Laboratory for Human / Autonomous Agents Teaming,https://ror.org/045j5wx38,https://ror.org/028g18b61,Adelaide University,Parent,Production
38089,https://github.com/ror-community/ror-updates/issues/38089,Add a new organization to ROR: FrenCh austRalian labOratory for humanS/autonomouS agents teamING *en,Adelaide University,https://ror.org/028g18b61,https://ror.org/045j5wx38,French–Australian Laboratory for Human / Autonomous Agents Teaming,Child,Release
38090,https://github.com/ror-community/ror-updates/issues/38090,"Add a new organization to ROR: International Laboratory for Astrophysics, Neutrino and Cosmology Experiments *en","International Laboratory for Astrophysics, Neutrino and Cosmology Experiments",https://ror.org/019pnrt02,https://ror.org/02feahw73,Centre National de la Recherche Scientifique,Parent,Production
38090,https://github.com/ror-community/ror-updates/issues/38090,"Add a new organization to ROR: International Laboratory for Astrophysics, Neutrino and Cosmology Experiments *en",Centre National de la Recherche Scientifique,https://ror.org/02feahw73,https://ror.org/019pnrt02,"International Laboratory for Astrophysics, Neutrino and Cosmology Experiments",Child,Release
38090,https://github.com/ror-community/ror-updates/issues/38090,"Add a new organization to ROR: International Laboratory for Astrophysics, Neutrino and Cosmology Experiments *en","International Laboratory for Astrophysics, Neutrino and Cosmology Experiments",https://ror.org/019pnrt02,https://ror.org/057zh3y96,The University of Tokyo,Parent,Production
38090,https://github.com/ror-community/ror-updates/issues/38090,"Add a new organization to ROR: International Laboratory for Astrophysics, Neutrino and Cosmology Experiments *en",The University of Tokyo,https://ror.org/057zh3y96,https://ror.org/019pnrt02,"International Laboratory for Astrophysics, Neutrino and Cosmology Experiments",Child,Release
38091,https://github.com/ror-community/ror-updates/issues/38091,Add a new organization to ROR: Dynamical Control of Materials *en,Dynamical Control of Materials,https://ror.org/05jdygk67,https://ror.org/02feahw73,Centre National de la Recherche Scientifique,Parent,Production
38091,https://github.com/ror-community/ror-updates/issues/38091,Add a new organization to ROR: Dynamical Control of Materials *en,Centre National de la Recherche Scientifique,https://ror.org/02feahw73,https://ror.org/05jdygk67,Dynamical Control of Materials,Child,Release
38091,https://github.com/ror-community/ror-updates/issues/38091,Add a new organization to ROR: Dynamical Control of Materials *en,Dynamical Control of Materials,https://ror.org/05jdygk67,https://ror.org/057zh3y96,The University of Tokyo,Parent,Production
38091,https://github.com/ror-community/ror-updates/issues/38091,Add a new organization to ROR: Dynamical Control of Materials *en,The University of Tokyo,https://ror.org/057zh3y96,https://ror.org/05jdygk67,Dynamical Control of Materials,Child,Release
38091,https://github.com/ror-community/ror-updates/issues/38091,Add a new organization to ROR: Dynamical Control of Materials *en,Dynamical Control of Materials,https://ror.org/05jdygk67,https://ror.org/015m7wh34,Université de Rennes,Parent,Production
38091,https://github.com/ror-community/ror-updates/issues/38091,Add a new organization to ROR: Dynamical Control of Materials *en,Université de Rennes,https://ror.org/015m7wh34,https://ror.org/05jdygk67,Dynamical Control of Materials,Child,Release
38092,https://github.com/ror-community/ror-updates/issues/38092,Add a new organization to ROR: Japanese - French lAboratory for Semiconductor physics and Technology *en,Japanese - French lAboratory for Semiconductor physics and Technology,https://ror.org/05tsgbh27,https://ror.org/02feahw73,Centre National de la Recherche Scientifique,Parent,Production
38092,https://github.com/ror-community/ror-updates/issues/38092,Add a new organization to ROR: Japanese - French lAboratory for Semiconductor physics and Technology *en,Centre National de la Recherche Scientifique,https://ror.org/02feahw73,https://ror.org/05tsgbh27,Japanese - French lAboratory for Semiconductor physics and Technology,Child,Release
38092,https://github.com/ror-community/ror-updates/issues/38092,Add a new organization to ROR: Japanese - French lAboratory for Semiconductor physics and Technology *en,Japanese - French lAboratory for Semiconductor physics and Technology,https://ror.org/05tsgbh27,https://ror.org/02956yf07,University of Tsukuba,Parent,Production
38092,https://github.com/ror-community/ror-updates/issues/38092,Add a new organization to ROR: Japanese - French lAboratory for Semiconductor physics and Technology *en,University of Tsukuba,https://ror.org/02956yf07,https://ror.org/05tsgbh27,Japanese - French lAboratory for Semiconductor physics and Technology,Child,Release
38092,https://github.com/ror-community/ror-updates/issues/38092,Add a new organization to ROR: Japanese - French lAboratory for Semiconductor physics and Technology *en,Japanese - French lAboratory for Semiconductor physics and Technology,https://ror.org/05tsgbh27,https://ror.org/02rx3b187,Université Grenoble Alpes,Parent,Production
38092,https://github.com/ror-community/ror-updates/issues/38092,Add a new organization to ROR: Japanese - French lAboratory for Semiconductor physics and Technology *en,Université Grenoble Alpes,https://ror.org/02rx3b187,https://ror.org/05tsgbh27,Japanese - French lAboratory for Semiconductor physics and Technology,Child,Release
38093,https://github.com/ror-community/ror-updates/issues/38093,Add a new organization to ROR: Laboratoire Frontières Quantiques *fr,Laboratoire Frontières Quantiques,https://ror.org/04pz21y17,https://ror.org/02feahw73,Centre National de la Recherche Scientifique,Parent,Production
38093,https://github.com/ror-community/ror-updates/issues/38093,Add a new organization to ROR: Laboratoire Frontières Quantiques *fr,Centre National de la Recherche Scientifique,https://ror.org/02feahw73,https://ror.org/04pz21y17,Laboratoire Frontières Quantiques,Child,Release
38093,https://github.com/ror-community/ror-updates/issues/38093,Add a new organization to ROR: Laboratoire Frontières Quantiques *fr,Laboratoire Frontières Quantiques,https://ror.org/04pz21y17,https://ror.org/00kybxq39,Université de Sherbrooke,Parent,Production
38093,https://github.com/ror-community/ror-updates/issues/38093,Add a new organization to ROR: Laboratoire Frontières Quantiques *fr,Université de Sherbrooke,https://ror.org/00kybxq39,https://ror.org/04pz21y17,Laboratoire Frontières Quantiques,Child,Release
38094,https://github.com/ror-community/ror-updates/issues/38094,Add a new organization to ROR: France-Vietnam in Mathematics and its Applications *en,France-Vietnam in Mathematics and its Applications,https://ror.org/04fm3x669,https://ror.org/02feahw73,Centre National de la Recherche Scientifique,Parent,Production
38094,https://github.com/ror-community/ror-updates/issues/38094,Add a new organization to ROR: France-Vietnam in Mathematics and its Applications *en,Centre National de la Recherche Scientifique,https://ror.org/02feahw73,https://ror.org/04fm3x669,France-Vietnam in Mathematics and its Applications,Child,Release
38094,https://github.com/ror-community/ror-updates/issues/38094,Add a new organization to ROR: France-Vietnam in Mathematics and its Applications *en,France-Vietnam in Mathematics and its Applications,https://ror.org/04fm3x669,https://ror.org/00jn6x547,Vietnam Institute for Advanced Study in Mathematics,Parent,Production
38094,https://github.com/ror-community/ror-updates/issues/38094,Add a new organization to ROR: France-Vietnam in Mathematics and its Applications *en,Vietnam Institute for Advanced Study in Mathematics,https://ror.org/00jn6x547,https://ror.org/04fm3x669,France-Vietnam in Mathematics and its Applications,Child,Release
38094,https://github.com/ror-community/ror-updates/issues/38094,Add a new organization to ROR: France-Vietnam in Mathematics and its Applications *en,France-Vietnam in Mathematics and its Applications,https://ror.org/04fm3x669,https://ror.org/02wsd5p50,Vietnam Academy of Science and Technology,Parent,Production
38094,https://github.com/ror-community/ror-updates/issues/38094,Add a new organization to ROR: France-Vietnam in Mathematics and its Applications *en,Vietnam Academy of Science and Technology,https://ror.org/02wsd5p50,https://ror.org/04fm3x669,France-Vietnam in Mathematics and its Applications,Child,Release
38095,https://github.com/ror-community/ror-updates/issues/38095,Add a new organization to ROR: Laboratoire Ypatia des Sciences Mathématiques *fr,Laboratoire Ypatia des Sciences Mathématiques,https://ror.org/00ktnrx23,https://ror.org/02feahw73,Centre National de la Recherche Scientifique,Parent,Production
38095,https://github.com/ror-community/ror-updates/issues/38095,Add a new organization to ROR: Laboratoire Ypatia des Sciences Mathématiques *fr,Centre National de la Recherche Scientifique,https://ror.org/02feahw73,https://ror.org/00ktnrx23,Laboratoire Ypatia des Sciences Mathématiques,Child,Release
38095,https://github.com/ror-community/ror-updates/issues/38095,Add a new organization to ROR: Laboratoire Ypatia des Sciences Mathématiques *fr,Laboratoire Ypatia des Sciences Mathématiques,https://ror.org/00ktnrx23,https://ror.org/01vx64p53,Istituto Nazionale di Alta Matematica Francesco Severi,Parent,Production
38095,https://github.com/ror-community/ror-updates/issues/38095,Add a new organization to ROR: Laboratoire Ypatia des Sciences Mathématiques *fr,Istituto Nazionale di Alta Matematica Francesco Severi,https://ror.org/01vx64p53,https://ror.org/00ktnrx23,Laboratoire Ypatia des Sciences Mathématiques,Child,Release
38096,https://github.com/ror-community/ror-updates/issues/38096,Add a new organization to ROR: Toshiko Yuasa Laboratory *en,Toshiko Yuasa Laboratory,https://ror.org/05hd5sq58,https://ror.org/02feahw73,Centre National de la Recherche Scientifique,Parent,Production
38096,https://github.com/ror-community/ror-updates/issues/38096,Add a new organization to ROR: Toshiko Yuasa Laboratory *en,Centre National de la Recherche Scientifique,https://ror.org/02feahw73,https://ror.org/05hd5sq58,Toshiko Yuasa Laboratory,Child,Release
38096,https://github.com/ror-community/ror-updates/issues/38096,Add a new organization to ROR: Toshiko Yuasa Laboratory *en,Toshiko Yuasa Laboratory,https://ror.org/05hd5sq58,https://ror.org/01g5y5k24,High Energy Accelerator Research Organization,Parent,Production
38096,https://github.com/ror-community/ror-updates/issues/38096,Add a new organization to ROR: Toshiko Yuasa Laboratory *en,High Energy Accelerator Research Organization,https://ror.org/01g5y5k24,https://ror.org/05hd5sq58,Toshiko Yuasa Laboratory,Child,Release
38097,https://github.com/ror-community/ror-updates/issues/38097,Add a new organization to ROR: Nuclear Physics and Astrophysics *en,International Research Laboratory for Nuclear Physics and Nuclear Astrophysics,https://ror.org/02cf0dh84,https://ror.org/02feahw73,Centre National de la Recherche Scientifique,Parent,Production
38097,https://github.com/ror-community/ror-updates/issues/38097,Add a new organization to ROR: Nuclear Physics and Astrophysics *en,Centre National de la Recherche Scientifique,https://ror.org/02feahw73,https://ror.org/02cf0dh84,International Research Laboratory for Nuclear Physics and Nuclear Astrophysics,Child,Release
38097,https://github.com/ror-community/ror-updates/issues/38097,Add a new organization to ROR: Nuclear Physics and Astrophysics *en,International Research Laboratory for Nuclear Physics and Nuclear Astrophysics,https://ror.org/02cf0dh84,https://ror.org/05hs6h993,Michigan State University,Parent,Production
38097,https://github.com/ror-community/ror-updates/issues/38097,Add a new organization to ROR: Nuclear Physics and Astrophysics *en,Michigan State University,https://ror.org/05hs6h993,https://ror.org/02cf0dh84,International Research Laboratory for Nuclear Physics and Nuclear Astrophysics,Child,Release
38098,https://github.com/ror-community/ror-updates/issues/38098,Add a new organization to ROR: French-Japanese Laboratory of Mathematics and their Interactions *en,French-Japanese Laboratory of Mathematics and its Interactions,https://ror.org/02dag7450,https://ror.org/02feahw73,Centre National de la Recherche Scientifique,Parent,Production
38098,https://github.com/ror-community/ror-updates/issues/38098,Add a new organization to ROR: French-Japanese Laboratory of Mathematics and their Interactions *en,Centre National de la Recherche Scientifique,https://ror.org/02feahw73,https://ror.org/02dag7450,French-Japanese Laboratory of Mathematics and its Interactions,Child,Release
38098,https://github.com/ror-community/ror-updates/issues/38098,Add a new organization to ROR: French-Japanese Laboratory of Mathematics and their Interactions *en,French-Japanese Laboratory of Mathematics and its Interactions,https://ror.org/02dag7450,https://ror.org/057zh3y96,The University of Tokyo,Parent,Production
38098,https://github.com/ror-community/ror-updates/issues/38098,Add a new organization to ROR: French-Japanese Laboratory of Mathematics and their Interactions *en,The University of Tokyo,https://ror.org/057zh3y96,https://ror.org/02dag7450,French-Japanese Laboratory of Mathematics and its Interactions,Child,Release
38099,https://github.com/ror-community/ror-updates/issues/38099,Add a new organization to ROR: Humanités et sciences sociales *fr,UChicago-CNRS HumanitiesPlus International Research Laboratory,https://ror.org/05b03ta22,https://ror.org/02feahw73,Centre National de la Recherche Scientifique,Parent,Production
38099,https://github.com/ror-community/ror-updates/issues/38099,Add a new organization to ROR: Humanités et sciences sociales *fr,Centre National de la Recherche Scientifique,https://ror.org/02feahw73,https://ror.org/05b03ta22,UChicago-CNRS HumanitiesPlus International Research Laboratory,Child,Release
38099,https://github.com/ror-community/ror-updates/issues/38099,Add a new organization to ROR: Humanités et sciences sociales *fr,UChicago-CNRS HumanitiesPlus International Research Laboratory,https://ror.org/05b03ta22,https://ror.org/024mw5h28,University of Chicago,Parent,Production
38099,https://github.com/ror-community/ror-updates/issues/38099,Add a new organization to ROR: Humanités et sciences sociales *fr,University of Chicago,https://ror.org/024mw5h28,https://ror.org/05b03ta22,UChicago-CNRS HumanitiesPlus International Research Laboratory,Child,Release
38100,https://github.com/ror-community/ror-updates/issues/38100,Add a new organization to ROR: Institut Franco-Argentin de Dynamique des Fluides pour l'Environnement *fr,Institut Franco-Argentin de Dynamique des Fluides pour l'Environnement,https://ror.org/02y47v716,https://ror.org/02feahw73,Centre National de la Recherche Scientifique,Parent,Production
38100,https://github.com/ror-community/ror-updates/issues/38100,Add a new organization to ROR: Institut Franco-Argentin de Dynamique des Fluides pour l'Environnement *fr,Centre National de la Recherche Scientifique,https://ror.org/02feahw73,https://ror.org/02y47v716,Institut Franco-Argentin de Dynamique des Fluides pour l'Environnement,Child,Release
38100,https://github.com/ror-community/ror-updates/issues/38100,Add a new organization to ROR: Institut Franco-Argentin de Dynamique des Fluides pour l'Environnement *fr,Institut Franco-Argentin de Dynamique des Fluides pour l'Environnement,https://ror.org/02y47v716,https://ror.org/03cqe8w59,Consejo Nacional de Investigaciones Científicas y Técnicas,Parent,Production
38100,https://github.com/ror-community/ror-updates/issues/38100,Add a new organization to ROR: Institut Franco-Argentin de Dynamique des Fluides pour l'Environnement *fr,Consejo Nacional de Investigaciones Científicas y Técnicas,https://ror.org/03cqe8w59,https://ror.org/02y47v716,Institut Franco-Argentin de Dynamique des Fluides pour l'Environnement,Child,Release
38100,https://github.com/ror-community/ror-updates/issues/38100,Add a new organization to ROR: Institut Franco-Argentin de Dynamique des Fluides pour l'Environnement *fr,Institut Franco-Argentin de Dynamique des Fluides pour l'Environnement,https://ror.org/02y47v716,https://ror.org/0081fs513,Universidad de Buenos Aires,Parent,Production
38100,https://github.com/ror-community/ror-updates/issues/38100,Add a new organization to ROR: Institut Franco-Argentin de Dynamique des Fluides pour l'Environnement *fr,Universidad de Buenos Aires,https://ror.org/0081fs513,https://ror.org/02y47v716,Institut Franco-Argentin de Dynamique des Fluides pour l'Environnement,Child,Release
38101,https://github.com/ror-community/ror-updates/issues/38101,Add a new organization to ROR: Eco-Evo-Devo of Coral Reef Fishes Life Cycle *en,Eco-Evo-Devo of Coral Reef Fishes Life Cycle,https://ror.org/05nbvxz77,https://ror.org/02feahw73,Centre National de la Recherche Scientifique,Parent,Production
38101,https://github.com/ror-community/ror-updates/issues/38101,Add a new organization to ROR: Eco-Evo-Devo of Coral Reef Fishes Life Cycle *en,Centre National de la Recherche Scientifique,https://ror.org/02feahw73,https://ror.org/05nbvxz77,Eco-Evo-Devo of Coral Reef Fishes Life Cycle,Child,Release
38101,https://github.com/ror-community/ror-updates/issues/38101,Add a new organization to ROR: Eco-Evo-Devo of Coral Reef Fishes Life Cycle *en,Eco-Evo-Devo of Coral Reef Fishes Life Cycle,https://ror.org/05nbvxz77,https://ror.org/02qg15b79,Okinawa Institute of Science and Technology Graduate University,Parent,Production
38101,https://github.com/ror-community/ror-updates/issues/38101,Add a new organization to ROR: Eco-Evo-Devo of Coral Reef Fishes Life Cycle *en,Okinawa Institute of Science and Technology Graduate University,https://ror.org/02qg15b79,https://ror.org/05nbvxz77,Eco-Evo-Devo of Coral Reef Fishes Life Cycle,Child,Release
38102,https://github.com/ror-community/ror-updates/issues/38102,Add a new organization to ROR: Regulation of host responses and immune health *en,IRL Immunology: Regulation of host responses and immune health,https://ror.org/04hjcs712,https://ror.org/02feahw73,Centre National de la Recherche Scientifique,Parent,Production
38102,https://github.com/ror-community/ror-updates/issues/38102,Add a new organization to ROR: Regulation of host responses and immune health *en,Centre National de la Recherche Scientifique,https://ror.org/02feahw73,https://ror.org/04hjcs712,IRL Immunology: Regulation of host responses and immune health,Child,Release
38102,https://github.com/ror-community/ror-updates/issues/38102,Add a new organization to ROR: Regulation of host responses and immune health *en,IRL Immunology: Regulation of host responses and immune health,https://ror.org/04hjcs712,https://ror.org/036rp1748,Universidade de São Paulo,Parent,Production
38102,https://github.com/ror-community/ror-updates/issues/38102,Add a new organization to ROR: Regulation of host responses and immune health *en,Universidade de São Paulo,https://ror.org/036rp1748,https://ror.org/04hjcs712,IRL Immunology: Regulation of host responses and immune health,Child,Release
38104,https://github.com/ror-community/ror-updates/issues/38104,Add a new organization to ROR: Particle Physics and Cosmology *en,International Research Laboratory in Particle Physics and Cosmology,https://ror.org/006fw3050,https://ror.org/02feahw73,Centre National de la Recherche Scientifique,Parent,Production
38104,https://github.com/ror-community/ror-updates/issues/38104,Add a new organization to ROR: Particle Physics and Cosmology *en,Centre National de la Recherche Scientifique,https://ror.org/02feahw73,https://ror.org/006fw3050,International Research Laboratory in Particle Physics and Cosmology,Child,Release
38104,https://github.com/ror-community/ror-updates/issues/38104,Add a new organization to ROR: Particle Physics and Cosmology *en,International Research Laboratory in Particle Physics and Cosmology,https://ror.org/006fw3050,https://ror.org/024mw5h28,University of Chicago,Parent,Production
38104,https://github.com/ror-community/ror-updates/issues/38104,Add a new organization to ROR: Particle Physics and Cosmology *en,University of Chicago,https://ror.org/024mw5h28,https://ror.org/006fw3050,International Research Laboratory in Particle Physics and Cosmology,Child,Release
38105,https://github.com/ror-community/ror-updates/issues/38105,Add a new organization to ROR: France Australia Mathematical Sciences and Interactions *en,France Australia Mathematical Sciences and Interactions International Research Lab,https://ror.org/00t8fsp16,https://ror.org/02feahw73,Centre National de la Recherche Scientifique,Parent,Production
38105,https://github.com/ror-community/ror-updates/issues/38105,Add a new organization to ROR: France Australia Mathematical Sciences and Interactions *en,Centre National de la Recherche Scientifique,https://ror.org/02feahw73,https://ror.org/00t8fsp16,France Australia Mathematical Sciences and Interactions International Research Lab,Child,Release
38105,https://github.com/ror-community/ror-updates/issues/38105,Add a new organization to ROR: France Australia Mathematical Sciences and Interactions *en,France Australia Mathematical Sciences and Interactions International Research Lab,https://ror.org/00t8fsp16,https://ror.org/019wvm592,Australian National University,Parent,Production
38105,https://github.com/ror-community/ror-updates/issues/38105,Add a new organization to ROR: France Australia Mathematical Sciences and Interactions *en,Australian National University,https://ror.org/019wvm592,https://ror.org/00t8fsp16,France Australia Mathematical Sciences and Interactions International Research Lab,Child,Release
38106,https://github.com/ror-community/ror-updates/issues/38106,Add a new organization to ROR: Archaeozoological Center for the Study of Central Asia *en,Archaeozoological Center for the Study of Central Asia,https://ror.org/04vkw0685,https://ror.org/02feahw73,Centre National de la Recherche Scientifique,Parent,Production
38106,https://github.com/ror-community/ror-updates/issues/38106,Add a new organization to ROR: Archaeozoological Center for the Study of Central Asia *en,Centre National de la Recherche Scientifique,https://ror.org/02feahw73,https://ror.org/04vkw0685,Archaeozoological Center for the Study of Central Asia,Child,Release
38106,https://github.com/ror-community/ror-updates/issues/38106,Add a new organization to ROR: Archaeozoological Center for the Study of Central Asia *en,Archaeozoological Center for the Study of Central Asia,https://ror.org/04vkw0685,https://ror.org/03q0vrn42,Al-Farabi Kazakh National University,Parent,Production
38106,https://github.com/ror-community/ror-updates/issues/38106,Add a new organization to ROR: Archaeozoological Center for the Study of Central Asia *en,Al-Farabi Kazakh National University,https://ror.org/03q0vrn42,https://ror.org/04vkw0685,Archaeozoological Center for the Study of Central Asia,Child,Release
38108,https://github.com/ror-community/ror-updates/issues/38108,Add a new organization to ROR: Ayrton-Blériot Engineering Lab *en,Ayrton- Blériot Engineering Laboratory,https://ror.org/056v5ya86,https://ror.org/02feahw73,Centre National de la Recherche Scientifique,Parent,Production
38108,https://github.com/ror-community/ror-updates/issues/38108,Add a new organization to ROR: Ayrton-Blériot Engineering Lab *en,Centre National de la Recherche Scientifique,https://ror.org/02feahw73,https://ror.org/056v5ya86,Ayrton- Blériot Engineering Laboratory,Child,Release
38108,https://github.com/ror-community/ror-updates/issues/38108,Add a new organization to ROR: Ayrton-Blériot Engineering Lab *en,Ayrton- Blériot Engineering Laboratory,https://ror.org/056v5ya86,https://ror.org/041kmwe10,Imperial College London,Parent,Production
38108,https://github.com/ror-community/ror-updates/issues/38108,Add a new organization to ROR: Ayrton-Blériot Engineering Lab *en,Imperial College London,https://ror.org/041kmwe10,https://ror.org/056v5ya86,Ayrton- Blériot Engineering Laboratory,Child,Release
38109,https://github.com/ror-community/ror-updates/issues/38109,Add a new organization to ROR: Marine Eutrophication Lab *en,IRL Marine Eutrophication Lab,https://ror.org/04bze1z14,https://ror.org/02feahw73,Centre National de la Recherche Scientifique,Parent,Production
38109,https://github.com/ror-community/ror-updates/issues/38109,Add a new organization to ROR: Marine Eutrophication Lab *en,Centre National de la Recherche Scientifique,https://ror.org/02feahw73,https://ror.org/04bze1z14,IRL Marine Eutrophication Lab,Child,Release
38109,https://github.com/ror-community/ror-updates/issues/38109,Add a new organization to ROR: Marine Eutrophication Lab *en,IRL Marine Eutrophication Lab,https://ror.org/04bze1z14,https://ror.org/0198v2949,Universidade do Estado do Rio de Janeiro,Parent,Production
38109,https://github.com/ror-community/ror-updates/issues/38109,Add a new organization to ROR: Marine Eutrophication Lab *en,Universidade do Estado do Rio de Janeiro,https://ror.org/0198v2949,https://ror.org/04bze1z14,IRL Marine Eutrophication Lab,Child,Release
38109,https://github.com/ror-community/ror-updates/issues/38109,Add a new organization to ROR: Marine Eutrophication Lab *en,IRL Marine Eutrophication Lab,https://ror.org/04bze1z14,https://ror.org/02rjhbb08,Universidade Federal Fluminense,Parent,Production
38109,https://github.com/ror-community/ror-updates/issues/38109,Add a new organization to ROR: Marine Eutrophication Lab *en,Universidade Federal Fluminense,https://ror.org/02rjhbb08,https://ror.org/04bze1z14,IRL Marine Eutrophication Lab,Child,Release
38111,https://github.com/ror-community/ror-updates/issues/38111,Add a new organization to ROR: CNRS - EuXFEL *en,International Research Laboratory CNRS-EuXFEL,https://ror.org/03zv5dv41,https://ror.org/02feahw73,Centre National de la Recherche Scientifique,Parent,Production
38111,https://github.com/ror-community/ror-updates/issues/38111,Add a new organization to ROR: CNRS - EuXFEL *en,Centre National de la Recherche Scientifique,https://ror.org/02feahw73,https://ror.org/03zv5dv41,International Research Laboratory CNRS-EuXFEL,Child,Release
38111,https://github.com/ror-community/ror-updates/issues/38111,Add a new organization to ROR: CNRS - EuXFEL *en,International Research Laboratory CNRS-EuXFEL,https://ror.org/03zv5dv41,https://ror.org/01wp2jz98,European X-Ray Free-Electron Laser,Parent,Production
38111,https://github.com/ror-community/ror-updates/issues/38111,Add a new organization to ROR: CNRS - EuXFEL *en,European X-Ray Free-Electron Laser,https://ror.org/01wp2jz98,https://ror.org/03zv5dv41,International Research Laboratory CNRS-EuXFEL,Child,Release
38112,https://github.com/ror-community/ror-updates/issues/38112,"Add a new organization to ROR: Plasticity, Heterogeneity and Tumor Microenvironment *en",PHANTOM Lab,https://ror.org/056waww50,https://ror.org/02feahw73,Centre National de la Recherche Scientifique,Parent,Production
38112,https://github.com/ror-community/ror-updates/issues/38112,"Add a new organization to ROR: Plasticity, Heterogeneity and Tumor Microenvironment *en",Centre National de la Recherche Scientifique,https://ror.org/02feahw73,https://ror.org/056waww50,PHANTOM Lab,Child,Release
38112,https://github.com/ror-community/ror-updates/issues/38112,"Add a new organization to ROR: Plasticity, Heterogeneity and Tumor Microenvironment *en",PHANTOM Lab,https://ror.org/056waww50,https://ror.org/01ej9dk98,The University of Melbourne,Parent,Production
38112,https://github.com/ror-community/ror-updates/issues/38112,"Add a new organization to ROR: Plasticity, Heterogeneity and Tumor Microenvironment *en",The University of Melbourne,https://ror.org/01ej9dk98,https://ror.org/056waww50,PHANTOM Lab,Child,Release
38114,https://github.com/ror-community/ror-updates/issues/38114,Add a new organization to ROR: Organic PHotonics and ELectronics International lAboratory *en,Organic Photonics and Electronics International Laboratory,https://ror.org/025xynk85,https://ror.org/02feahw73,Centre National de la Recherche Scientifique,Parent,Production
38114,https://github.com/ror-community/ror-updates/issues/38114,Add a new organization to ROR: Organic PHotonics and ELectronics International lAboratory *en,Centre National de la Recherche Scientifique,https://ror.org/02feahw73,https://ror.org/025xynk85,Organic Photonics and Electronics International Laboratory,Child,Release
38114,https://github.com/ror-community/ror-updates/issues/38114,Add a new organization to ROR: Organic PHotonics and ELectronics International lAboratory *en,Organic Photonics and Electronics International Laboratory,https://ror.org/025xynk85,https://ror.org/00p4k0j84,Kyushu University,Parent,Production
38114,https://github.com/ror-community/ror-updates/issues/38114,Add a new organization to ROR: Organic PHotonics and ELectronics International lAboratory *en,Kyushu University,https://ror.org/00p4k0j84,https://ror.org/025xynk85,Organic Photonics and Electronics International Laboratory,Child,Release
38115,https://github.com/ror-community/ror-updates/issues/38115,Add a new organization to ROR: Multiscale Metabolism “Antoine Lavoisier” *en,"""Antoine Lavoisier"" Multiscale Metabolism International Research Laboratory",https://ror.org/05yp6fj56,https://ror.org/02feahw73,Centre National de la Recherche Scientifique,Parent,Production
38115,https://github.com/ror-community/ror-updates/issues/38115,Add a new organization to ROR: Multiscale Metabolism “Antoine Lavoisier” *en,Centre National de la Recherche Scientifique,https://ror.org/02feahw73,https://ror.org/05yp6fj56,"""Antoine Lavoisier"" Multiscale Metabolism International Research Laboratory",Child,Release
38115,https://github.com/ror-community/ror-updates/issues/38115,Add a new organization to ROR: Multiscale Metabolism “Antoine Lavoisier” *en,"""Antoine Lavoisier"" Multiscale Metabolism International Research Laboratory",https://ror.org/05yp6fj56,https://ror.org/041kmwe10,Imperial College London,Parent,Production
38115,https://github.com/ror-community/ror-updates/issues/38115,Add a new organization to ROR: Multiscale Metabolism “Antoine Lavoisier” *en,Imperial College London,https://ror.org/041kmwe10,https://ror.org/05yp6fj56,"""Antoine Lavoisier"" Multiscale Metabolism International Research Laboratory",Child,Release
38567,https://github.com/ror-community/ror-updates/issues/38567,"Add a new organization to ROR: 
 
PES Modern Law College Pune ",Modern Law College,https://ror.org/03283m725,https://ror.org/044g6d731,Savitribai Phule Pune University,Related,Production
38567,https://github.com/ror-community/ror-updates/issues/38567,"Add a new organization to ROR: 
 
PES Modern Law College Pune ",Savitribai Phule Pune University,https://ror.org/044g6d731,https://ror.org/03283m725,Modern Law College,Related,Release
38116,https://github.com/ror-community/ror-updates/issues/38116,Add a new organization to ROR: Multidisciplinary International Research for Advancing Innovation in Glycosciences *en,Multidisciplinary International Research for Advancing Innovation in Glycosciences,https://ror.org/0227akg64,https://ror.org/02feahw73,Centre National de la Recherche Scientifique,Parent,Production
38116,https://github.com/ror-community/ror-updates/issues/38116,Add a new organization to ROR: Multidisciplinary International Research for Advancing Innovation in Glycosciences *en,Centre National de la Recherche Scientifique,https://ror.org/02feahw73,https://ror.org/0227akg64,Multidisciplinary International Research for Advancing Innovation in Glycosciences,Child,Release
38116,https://github.com/ror-community/ror-updates/issues/38116,Add a new organization to ROR: Multidisciplinary International Research for Advancing Innovation in Glycosciences *en,Multidisciplinary International Research for Advancing Innovation in Glycosciences,https://ror.org/0227akg64,https://ror.org/024exxj48,Gifu University,Parent,Production
38116,https://github.com/ror-community/ror-updates/issues/38116,Add a new organization to ROR: Multidisciplinary International Research for Advancing Innovation in Glycosciences *en,Gifu University,https://ror.org/024exxj48,https://ror.org/0227akg64,Multidisciplinary International Research for Advancing Innovation in Glycosciences,Child,Release
38116,https://github.com/ror-community/ror-updates/issues/38116,Add a new organization to ROR: Multidisciplinary International Research for Advancing Innovation in Glycosciences *en,Multidisciplinary International Research for Advancing Innovation in Glycosciences,https://ror.org/0227akg64,https://ror.org/04chrp450,Nagoya University,Parent,Production
38116,https://github.com/ror-community/ror-updates/issues/38116,Add a new organization to ROR: Multidisciplinary International Research for Advancing Innovation in Glycosciences *en,Nagoya University,https://ror.org/04chrp450,https://ror.org/0227akg64,Multidisciplinary International Research for Advancing Innovation in Glycosciences,Child,Release
38122,https://github.com/ror-community/ror-updates/issues/38122,Add a new organization to ROR: Joint Robotics Laboratory *en,CNRS-AIST JRL (Joint Robotics Laboratory),https://ror.org/014tfys28,https://ror.org/02feahw73,Centre National de la Recherche Scientifique,Parent,Production
38122,https://github.com/ror-community/ror-updates/issues/38122,Add a new organization to ROR: Joint Robotics Laboratory *en,Centre National de la Recherche Scientifique,https://ror.org/02feahw73,https://ror.org/014tfys28,CNRS-AIST JRL (Joint Robotics Laboratory),Child,Release
38122,https://github.com/ror-community/ror-updates/issues/38122,Add a new organization to ROR: Joint Robotics Laboratory *en,CNRS-AIST JRL (Joint Robotics Laboratory),https://ror.org/014tfys28,https://ror.org/01703db54,National Institute of Advanced Industrial Science and Technology,Parent,Production
38122,https://github.com/ror-community/ror-updates/issues/38122,Add a new organization to ROR: Joint Robotics Laboratory *en,National Institute of Advanced Industrial Science and Technology,https://ror.org/01703db54,https://ror.org/014tfys28,CNRS-AIST JRL (Joint Robotics Laboratory),Child,Release
38123,https://github.com/ror-community/ror-updates/issues/38123,Add a new organization to ROR: CNRS International - NTU - Thales Research Alliance *en,CNRS International - NTU - Thales Research Alliance,https://ror.org/05hqw3605,https://ror.org/02feahw73,Centre National de la Recherche Scientifique,Parent,Production
38123,https://github.com/ror-community/ror-updates/issues/38123,Add a new organization to ROR: CNRS International - NTU - Thales Research Alliance *en,Centre National de la Recherche Scientifique,https://ror.org/02feahw73,https://ror.org/05hqw3605,CNRS International - NTU - Thales Research Alliance,Child,Release
38123,https://github.com/ror-community/ror-updates/issues/38123,Add a new organization to ROR: CNRS International - NTU - Thales Research Alliance *en,CNRS International - NTU - Thales Research Alliance,https://ror.org/05hqw3605,https://ror.org/04emwm605,Thales (France),Parent,Production
38123,https://github.com/ror-community/ror-updates/issues/38123,Add a new organization to ROR: CNRS International - NTU - Thales Research Alliance *en,Thales (France),https://ror.org/04emwm605,https://ror.org/05hqw3605,CNRS International - NTU - Thales Research Alliance,Child,Release
38123,https://github.com/ror-community/ror-updates/issues/38123,Add a new organization to ROR: CNRS International - NTU - Thales Research Alliance *en,CNRS International - NTU - Thales Research Alliance,https://ror.org/05hqw3605,https://ror.org/0203c2755,Nanyang Institute of Technology,Parent,Production
38123,https://github.com/ror-community/ror-updates/issues/38123,Add a new organization to ROR: CNRS International - NTU - Thales Research Alliance *en,Nanyang Institute of Technology,https://ror.org/0203c2755,https://ror.org/05hqw3605,CNRS International - NTU - Thales Research Alliance,Child,Release
38124,https://github.com/ror-community/ror-updates/issues/38124,Add a new organization to ROR: Centre de recherches mathématiques *fr,CRM-CNRS International Research Laboratory,https://ror.org/05xkvkc24,https://ror.org/02feahw73,Centre National de la Recherche Scientifique,Parent,Production
38124,https://github.com/ror-community/ror-updates/issues/38124,Add a new organization to ROR: Centre de recherches mathématiques *fr,Centre National de la Recherche Scientifique,https://ror.org/02feahw73,https://ror.org/05xkvkc24,CRM-CNRS International Research Laboratory,Child,Release
38124,https://github.com/ror-community/ror-updates/issues/38124,Add a new organization to ROR: Centre de recherches mathématiques *fr,CRM-CNRS International Research Laboratory,https://ror.org/05xkvkc24,https://ror.org/03czdsq06,Centre de recherches mathématiques,Parent,Production
38124,https://github.com/ror-community/ror-updates/issues/38124,Add a new organization to ROR: Centre de recherches mathématiques *fr,Centre de recherches mathématiques,https://ror.org/03czdsq06,https://ror.org/05xkvkc24,CRM-CNRS International Research Laboratory,Child,Release
38591,https://github.com/ror-community/ror-updates/issues/38591,Modify the information in an existing ROR record: Centre de recherches mathématiques - https://ror.org/03czdsq06,Centre de recherches mathématiques,https://ror.org/03czdsq06,https://ror.org/0161xgx34,Université de Montréal,Parent,Production
38591,https://github.com/ror-community/ror-updates/issues/38591,Modify the information in an existing ROR record: Centre de recherches mathématiques - https://ror.org/03czdsq06,Université de Montréal,https://ror.org/0161xgx34,https://ror.org/03czdsq06,Centre de recherches mathématiques,Child,Release
38125,https://github.com/ror-community/ror-updates/issues/38125,Add a new organization to ROR: Eco-Efficient Products & Processes Laboratory *en,Eco-Efficient Products & Processes Laboratory,https://ror.org/03y7cd739,https://ror.org/02feahw73,Centre National de la Recherche Scientifique,Parent,Production
38125,https://github.com/ror-community/ror-updates/issues/38125,Add a new organization to ROR: Eco-Efficient Products & Processes Laboratory *en,Centre National de la Recherche Scientifique,https://ror.org/02feahw73,https://ror.org/03y7cd739,Eco-Efficient Products & Processes Laboratory,Child,Release
38126,https://github.com/ror-community/ror-updates/issues/38126,Add a new organization to ROR: Bridging Mechanobiology and Medicine *en,Bridging Mechanobiology and Medicine,https://ror.org/05w0js807,https://ror.org/02feahw73,Centre National de la Recherche Scientifique,Parent,Production
38126,https://github.com/ror-community/ror-updates/issues/38126,Add a new organization to ROR: Bridging Mechanobiology and Medicine *en,Centre National de la Recherche Scientifique,https://ror.org/02feahw73,https://ror.org/05w0js807,Bridging Mechanobiology and Medicine,Child,Release
38126,https://github.com/ror-community/ror-updates/issues/38126,Add a new organization to ROR: Bridging Mechanobiology and Medicine *en,Bridging Mechanobiology and Medicine,https://ror.org/05w0js807,https://ror.org/01tgyzw49,National University of Singapore,Parent,Production
38126,https://github.com/ror-community/ror-updates/issues/38126,Add a new organization to ROR: Bridging Mechanobiology and Medicine *en,National University of Singapore,https://ror.org/01tgyzw49,https://ror.org/05w0js807,Bridging Mechanobiology and Medicine,Child,Release
38127,https://github.com/ror-community/ror-updates/issues/38127,Add a new organization to ROR: French-American Center for Theoretical Science *en,French-American Center for Theoretical Science,https://ror.org/02whbg892,https://ror.org/02feahw73,Centre National de la Recherche Scientifique,Parent,Production
38127,https://github.com/ror-community/ror-updates/issues/38127,Add a new organization to ROR: French-American Center for Theoretical Science *en,Centre National de la Recherche Scientifique,https://ror.org/02feahw73,https://ror.org/02whbg892,French-American Center for Theoretical Science,Child,Release
38127,https://github.com/ror-community/ror-updates/issues/38127,Add a new organization to ROR: French-American Center for Theoretical Science *en,French-American Center for Theoretical Science,https://ror.org/02whbg892,https://ror.org/02t274463,"University of California, Santa Barbara",Parent,Production
38127,https://github.com/ror-community/ror-updates/issues/38127,Add a new organization to ROR: French-American Center for Theoretical Science *en,"University of California, Santa Barbara",https://ror.org/02t274463,https://ror.org/02whbg892,French-American Center for Theoretical Science,Child,Release
38592,https://github.com/ror-community/ror-updates/issues/38592,Modify the information in an existing ROR record: Fédération des Sciences Chimiques de Marseille - https://ror.org/028evyr89,Fédération des Sciences Chimiques de Marseille,https://ror.org/028evyr89,https://ror.org/02feahw73,Centre National de la Recherche Scientifique,Parent,Production
38592,https://github.com/ror-community/ror-updates/issues/38592,Modify the information in an existing ROR record: Fédération des Sciences Chimiques de Marseille - https://ror.org/028evyr89,Centre National de la Recherche Scientifique,https://ror.org/02feahw73,https://ror.org/028evyr89,Fédération des Sciences Chimiques de Marseille,Child,Release
38592,https://github.com/ror-community/ror-updates/issues/38592,Modify the information in an existing ROR record: Fédération des Sciences Chimiques de Marseille - https://ror.org/028evyr89,Fédération des Sciences Chimiques de Marseille,https://ror.org/028evyr89,https://ror.org/040baw385,Centrale Marseille,Parent,Production
38592,https://github.com/ror-community/ror-updates/issues/38592,Modify the information in an existing ROR record: Fédération des Sciences Chimiques de Marseille - https://ror.org/028evyr89,Centrale Marseille,https://ror.org/040baw385,https://ror.org/028evyr89,Fédération des Sciences Chimiques de Marseille,Child,Release
38129,https://github.com/ror-community/ror-updates/issues/38129,Add a new organization to ROR: Ecole de Physique des Houches *fr,Ecole de Physique des Houches,https://ror.org/01kwqya70,https://ror.org/02feahw73,Centre National de la Recherche Scientifique,Parent,Production
38129,https://github.com/ror-community/ror-updates/issues/38129,Add a new organization to ROR: Ecole de Physique des Houches *fr,Centre National de la Recherche Scientifique,https://ror.org/02feahw73,https://ror.org/01kwqya70,Ecole de Physique des Houches,Child,Release
38129,https://github.com/ror-community/ror-updates/issues/38129,Add a new organization to ROR: Ecole de Physique des Houches *fr,Ecole de Physique des Houches,https://ror.org/01kwqya70,https://ror.org/00jjx8s55,Commissariat à l'Énergie Atomique et aux Énergies Alternatives,Parent,Production
38129,https://github.com/ror-community/ror-updates/issues/38129,Add a new organization to ROR: Ecole de Physique des Houches *fr,Commissariat à l'Énergie Atomique et aux Énergies Alternatives,https://ror.org/00jjx8s55,https://ror.org/01kwqya70,Ecole de Physique des Houches,Child,Release
38129,https://github.com/ror-community/ror-updates/issues/38129,Add a new organization to ROR: Ecole de Physique des Houches *fr,Ecole de Physique des Houches,https://ror.org/01kwqya70,https://ror.org/04zmssz18,École Normale Supérieure de Lyon,Parent,Production
38129,https://github.com/ror-community/ror-updates/issues/38129,Add a new organization to ROR: Ecole de Physique des Houches *fr,École Normale Supérieure de Lyon,https://ror.org/04zmssz18,https://ror.org/01kwqya70,Ecole de Physique des Houches,Child,Release
38129,https://github.com/ror-community/ror-updates/issues/38129,Add a new organization to ROR: Ecole de Physique des Houches *fr,Ecole de Physique des Houches,https://ror.org/01kwqya70,https://ror.org/02rx3b187,Université Grenoble Alpes,Parent,Production
38129,https://github.com/ror-community/ror-updates/issues/38129,Add a new organization to ROR: Ecole de Physique des Houches *fr,Université Grenoble Alpes,https://ror.org/02rx3b187,https://ror.org/01kwqya70,Ecole de Physique des Houches,Child,Release
38131,https://github.com/ror-community/ror-updates/issues/38131,Add a new organization to ROR: Maison des Sciences Humaines de Bordeaux *fr,Maison des Sciences Humaines de Bordeaux,https://ror.org/02367vp80,https://ror.org/02feahw73,Centre National de la Recherche Scientifique,Parent,Production
38131,https://github.com/ror-community/ror-updates/issues/38131,Add a new organization to ROR: Maison des Sciences Humaines de Bordeaux *fr,Centre National de la Recherche Scientifique,https://ror.org/02feahw73,https://ror.org/02367vp80,Maison des Sciences Humaines de Bordeaux,Child,Release
38131,https://github.com/ror-community/ror-updates/issues/38131,Add a new organization to ROR: Maison des Sciences Humaines de Bordeaux *fr,Maison des Sciences Humaines de Bordeaux,https://ror.org/02367vp80,https://ror.org/03pbgwk21,Université Bordeaux Montaigne,Parent,Production
38131,https://github.com/ror-community/ror-updates/issues/38131,Add a new organization to ROR: Maison des Sciences Humaines de Bordeaux *fr,Université Bordeaux Montaigne,https://ror.org/03pbgwk21,https://ror.org/02367vp80,Maison des Sciences Humaines de Bordeaux,Child,Release
38131,https://github.com/ror-community/ror-updates/issues/38131,Add a new organization to ROR: Maison des Sciences Humaines de Bordeaux *fr,Maison des Sciences Humaines de Bordeaux,https://ror.org/02367vp80,https://ror.org/057qpr032,Université de Bordeaux,Parent,Production
38131,https://github.com/ror-community/ror-updates/issues/38131,Add a new organization to ROR: Maison des Sciences Humaines de Bordeaux *fr,Université de Bordeaux,https://ror.org/057qpr032,https://ror.org/02367vp80,Maison des Sciences Humaines de Bordeaux,Child,Release
38131,https://github.com/ror-community/ror-updates/issues/38131,Add a new organization to ROR: Maison des Sciences Humaines de Bordeaux *fr,Maison des Sciences Humaines de Bordeaux,https://ror.org/02367vp80,https://ror.org/054qv7y42,Institut Polytechnique de Bordeaux,Parent,Production
38131,https://github.com/ror-community/ror-updates/issues/38131,Add a new organization to ROR: Maison des Sciences Humaines de Bordeaux *fr,Institut Polytechnique de Bordeaux,https://ror.org/054qv7y42,https://ror.org/02367vp80,Maison des Sciences Humaines de Bordeaux,Child,Release
38131,https://github.com/ror-community/ror-updates/issues/38131,Add a new organization to ROR: Maison des Sciences Humaines de Bordeaux *fr,Maison des Sciences Humaines de Bordeaux,https://ror.org/02367vp80,https://ror.org/01b5nw197,Sciences Po Bordeaux,Parent,Production
38131,https://github.com/ror-community/ror-updates/issues/38131,Add a new organization to ROR: Maison des Sciences Humaines de Bordeaux *fr,Sciences Po Bordeaux,https://ror.org/01b5nw197,https://ror.org/02367vp80,Maison des Sciences Humaines de Bordeaux,Child,Release
38132,https://github.com/ror-community/ror-updates/issues/38132,Add a new organization to ROR: Certification agency for scientific code and data *en,Certification Agency for Scientific Code and Data,https://ror.org/03e0npy80,https://ror.org/02feahw73,Centre National de la Recherche Scientifique,Parent,Production
38132,https://github.com/ror-community/ror-updates/issues/38132,Add a new organization to ROR: Certification agency for scientific code and data *en,Centre National de la Recherche Scientifique,https://ror.org/02feahw73,https://ror.org/03e0npy80,Certification Agency for Scientific Code and Data,Child,Release
38132,https://github.com/ror-community/ror-updates/issues/38132,Add a new organization to ROR: Certification agency for scientific code and data *en,Certification Agency for Scientific Code and Data,https://ror.org/03e0npy80,https://ror.org/0423jsj19,HEC Paris,Parent,Production
38132,https://github.com/ror-community/ror-updates/issues/38132,Add a new organization to ROR: Certification agency for scientific code and data *en,HEC Paris,https://ror.org/0423jsj19,https://ror.org/03e0npy80,Certification Agency for Scientific Code and Data,Child,Release
38135,https://github.com/ror-community/ror-updates/issues/38135,Add a new organization to ROR: Spectrométrie de Masse pour la Biologie *fr,Spectrométrie de Masse pour la Biologie,https://ror.org/00ce3q175,https://ror.org/02feahw73,Centre National de la Recherche Scientifique,Parent,Production
38135,https://github.com/ror-community/ror-updates/issues/38135,Add a new organization to ROR: Spectrométrie de Masse pour la Biologie *fr,Centre National de la Recherche Scientifique,https://ror.org/02feahw73,https://ror.org/00ce3q175,Spectrométrie de Masse pour la Biologie,Child,Release
38135,https://github.com/ror-community/ror-updates/issues/38135,Add a new organization to ROR: Spectrométrie de Masse pour la Biologie *fr,Spectrométrie de Masse pour la Biologie,https://ror.org/00ce3q175,https://ror.org/0495fxg12,Institut Pasteur,Parent,Production
38135,https://github.com/ror-community/ror-updates/issues/38135,Add a new organization to ROR: Spectrométrie de Masse pour la Biologie *fr,Institut Pasteur,https://ror.org/0495fxg12,https://ror.org/00ce3q175,Spectrométrie de Masse pour la Biologie,Child,Release
38138,https://github.com/ror-community/ror-updates/issues/38138,Add a new organization to ROR: Laboratoire Sous-marin Provence Méditerranée *fr,Laboratoire Sous-marin Provence Méditerranée,https://ror.org/04tfpst48,https://ror.org/02feahw73,Centre National de la Recherche Scientifique,Parent,Production
38138,https://github.com/ror-community/ror-updates/issues/38138,Add a new organization to ROR: Laboratoire Sous-marin Provence Méditerranée *fr,Centre National de la Recherche Scientifique,https://ror.org/02feahw73,https://ror.org/04tfpst48,Laboratoire Sous-marin Provence Méditerranée,Child,Release
38141,https://github.com/ror-community/ror-updates/issues/38141,Add a new organization to ROR: Biologie & Santé *fr,Biologie & Santé,https://ror.org/00q2etq03,https://ror.org/02feahw73,Centre National de la Recherche Scientifique,Parent,Production
38141,https://github.com/ror-community/ror-updates/issues/38141,Add a new organization to ROR: Biologie & Santé *fr,Centre National de la Recherche Scientifique,https://ror.org/02feahw73,https://ror.org/00q2etq03,Biologie & Santé,Child,Release
38141,https://github.com/ror-community/ror-updates/issues/38141,Add a new organization to ROR: Biologie & Santé *fr,Biologie & Santé,https://ror.org/00q2etq03,https://ror.org/04xhy8q59,Université de Poitiers,Parent,Production
38141,https://github.com/ror-community/ror-updates/issues/38141,Add a new organization to ROR: Biologie & Santé *fr,Université de Poitiers,https://ror.org/04xhy8q59,https://ror.org/00q2etq03,Biologie & Santé,Child,Release
38142,https://github.com/ror-community/ror-updates/issues/38142,"Add a new organization to ROR: Fédération de chimie ""Le Bel"" *fr","Fédération de chimie ""Le Bel""",https://ror.org/04h31be76,https://ror.org/02feahw73,Centre National de la Recherche Scientifique,Parent,Production
38142,https://github.com/ror-community/ror-updates/issues/38142,"Add a new organization to ROR: Fédération de chimie ""Le Bel"" *fr",Centre National de la Recherche Scientifique,https://ror.org/02feahw73,https://ror.org/04h31be76,"Fédération de chimie ""Le Bel""",Child,Release
38142,https://github.com/ror-community/ror-updates/issues/38142,"Add a new organization to ROR: Fédération de chimie ""Le Bel"" *fr","Fédération de chimie ""Le Bel""",https://ror.org/04h31be76,https://ror.org/00pg6eq24,Université de Strasbourg,Parent,Production
38142,https://github.com/ror-community/ror-updates/issues/38142,"Add a new organization to ROR: Fédération de chimie ""Le Bel"" *fr",Université de Strasbourg,https://ror.org/00pg6eq24,https://ror.org/04h31be76,"Fédération de chimie ""Le Bel""",Child,Release
38596,https://github.com/ror-community/ror-updates/issues/38596,Modify the information in an existing ROR record: HIPE Human Lab - https://ror.org/032nvjr84,HIPE Human Lab,https://ror.org/032nvjr84,https://ror.org/02feahw73,Centre National de la Recherche Scientifique,Parent,Production
38596,https://github.com/ror-community/ror-updates/issues/38596,Modify the information in an existing ROR record: HIPE Human Lab - https://ror.org/032nvjr84,Centre National de la Recherche Scientifique,https://ror.org/02feahw73,https://ror.org/032nvjr84,HIPE Human Lab,Child,Release
38596,https://github.com/ror-community/ror-updates/issues/38596,Modify the information in an existing ROR record: HIPE Human Lab - https://ror.org/032nvjr84,HIPE Human Lab,https://ror.org/032nvjr84,https://ror.org/04s3t1g37,Institut Paoli-Calmettes,Parent,Production
38596,https://github.com/ror-community/ror-updates/issues/38596,Modify the information in an existing ROR record: HIPE Human Lab - https://ror.org/032nvjr84,Institut Paoli-Calmettes,https://ror.org/04s3t1g37,https://ror.org/032nvjr84,HIPE Human Lab,Child,Release
38596,https://github.com/ror-community/ror-updates/issues/38596,Modify the information in an existing ROR record: HIPE Human Lab - https://ror.org/032nvjr84,HIPE Human Lab,https://ror.org/032nvjr84,https://ror.org/02m9kbe37,Université de Toulon,Parent,Production
38596,https://github.com/ror-community/ror-updates/issues/38596,Modify the information in an existing ROR record: HIPE Human Lab - https://ror.org/032nvjr84,Université de Toulon,https://ror.org/02m9kbe37,https://ror.org/032nvjr84,HIPE Human Lab,Child,Release
38144,https://github.com/ror-community/ror-updates/issues/38144,Add a new organization to ROR: Bordeaux Proteome *fr,Bordeaux Proteome,https://ror.org/01j6g3e92,https://ror.org/02feahw73,Centre National de la Recherche Scientifique,Parent,Production
38144,https://github.com/ror-community/ror-updates/issues/38144,Add a new organization to ROR: Bordeaux Proteome *fr,Centre National de la Recherche Scientifique,https://ror.org/02feahw73,https://ror.org/01j6g3e92,Bordeaux Proteome,Child,Release
38144,https://github.com/ror-community/ror-updates/issues/38144,Add a new organization to ROR: Bordeaux Proteome *fr,Bordeaux Proteome,https://ror.org/01j6g3e92,https://ror.org/057qpr032,Université de Bordeaux,Parent,Production
38144,https://github.com/ror-community/ror-updates/issues/38144,Add a new organization to ROR: Bordeaux Proteome *fr,Université de Bordeaux,https://ror.org/057qpr032,https://ror.org/01j6g3e92,Bordeaux Proteome,Child,Release
38145,https://github.com/ror-community/ror-updates/issues/38145,Add a new organization to ROR: Proteomics French Infrastructure Core *en,Proteomics French Infrastructure Core,https://ror.org/045cb9c35,https://ror.org/02feahw73,Centre National de la Recherche Scientifique,Parent,Production
38145,https://github.com/ror-community/ror-updates/issues/38145,Add a new organization to ROR: Proteomics French Infrastructure Core *en,Centre National de la Recherche Scientifique,https://ror.org/02feahw73,https://ror.org/045cb9c35,Proteomics French Infrastructure Core,Child,Release
38145,https://github.com/ror-community/ror-updates/issues/38145,Add a new organization to ROR: Proteomics French Infrastructure Core *en,Proteomics French Infrastructure Core,https://ror.org/045cb9c35,https://ror.org/00jjx8s55,Commissariat à l'Énergie Atomique et aux Énergies Alternatives,Parent,Production
38145,https://github.com/ror-community/ror-updates/issues/38145,Add a new organization to ROR: Proteomics French Infrastructure Core *en,Commissariat à l'Énergie Atomique et aux Énergies Alternatives,https://ror.org/00jjx8s55,https://ror.org/045cb9c35,Proteomics French Infrastructure Core,Child,Release
38147,https://github.com/ror-community/ror-updates/issues/38147,Add a new organization to ROR: Biologie Structurale Intégrée *fr,Biologie Structurale Intégrée,https://ror.org/02byta628,https://ror.org/02feahw73,Centre National de la Recherche Scientifique,Parent,Production
38147,https://github.com/ror-community/ror-updates/issues/38147,Add a new organization to ROR: Biologie Structurale Intégrée *fr,Centre National de la Recherche Scientifique,https://ror.org/02feahw73,https://ror.org/02byta628,Biologie Structurale Intégrée,Child,Release
38147,https://github.com/ror-community/ror-updates/issues/38147,Add a new organization to ROR: Biologie Structurale Intégrée *fr,Biologie Structurale Intégrée,https://ror.org/02byta628,https://ror.org/00pg6eq24,Université de Strasbourg,Parent,Production
38147,https://github.com/ror-community/ror-updates/issues/38147,Add a new organization to ROR: Biologie Structurale Intégrée *fr,Université de Strasbourg,https://ror.org/00pg6eq24,https://ror.org/02byta628,Biologie Structurale Intégrée,Child,Release
38147,https://github.com/ror-community/ror-updates/issues/38147,Add a new organization to ROR: Biologie Structurale Intégrée *fr,Biologie Structurale Intégrée,https://ror.org/02byta628,https://ror.org/02vjkv261,Inserm,Parent,Production
38147,https://github.com/ror-community/ror-updates/issues/38147,Add a new organization to ROR: Biologie Structurale Intégrée *fr,Inserm,https://ror.org/02vjkv261,https://ror.org/02byta628,Biologie Structurale Intégrée,Child,Release
38149,https://github.com/ror-community/ror-updates/issues/38149,Add a new organization to ROR: Institut NeuroMyoGène - Appui à la recherche *fr,Institut NeuroMyoGène - Appui à la recherche,https://ror.org/00chx4h32,https://ror.org/02feahw73,Centre National de la Recherche Scientifique,Parent,Production
38149,https://github.com/ror-community/ror-updates/issues/38149,Add a new organization to ROR: Institut NeuroMyoGène - Appui à la recherche *fr,Centre National de la Recherche Scientifique,https://ror.org/02feahw73,https://ror.org/00chx4h32,Institut NeuroMyoGène - Appui à la recherche,Child,Release
38149,https://github.com/ror-community/ror-updates/issues/38149,Add a new organization to ROR: Institut NeuroMyoGène - Appui à la recherche *fr,Institut NeuroMyoGène - Appui à la recherche,https://ror.org/00chx4h32,https://ror.org/02vjkv261,Inserm,Parent,Production
38149,https://github.com/ror-community/ror-updates/issues/38149,Add a new organization to ROR: Institut NeuroMyoGène - Appui à la recherche *fr,Inserm,https://ror.org/02vjkv261,https://ror.org/00chx4h32,Institut NeuroMyoGène - Appui à la recherche,Child,Release
38149,https://github.com/ror-community/ror-updates/issues/38149,Add a new organization to ROR: Institut NeuroMyoGène - Appui à la recherche *fr,Institut NeuroMyoGène - Appui à la recherche,https://ror.org/00chx4h32,https://ror.org/029brtt94,Lyon 1 Université,Parent,Production
38149,https://github.com/ror-community/ror-updates/issues/38149,Add a new organization to ROR: Institut NeuroMyoGène - Appui à la recherche *fr,Lyon 1 Université,https://ror.org/029brtt94,https://ror.org/00chx4h32,Institut NeuroMyoGène - Appui à la recherche,Child,Release
38150,https://github.com/ror-community/ror-updates/issues/38150,Add a new organization to ROR: EMBRC France *fr,EMBRC France,https://ror.org/01fcytj56,https://ror.org/02feahw73,Centre National de la Recherche Scientifique,Parent,Production
38150,https://github.com/ror-community/ror-updates/issues/38150,Add a new organization to ROR: EMBRC France *fr,Centre National de la Recherche Scientifique,https://ror.org/02feahw73,https://ror.org/01fcytj56,EMBRC France,Child,Release
38150,https://github.com/ror-community/ror-updates/issues/38150,Add a new organization to ROR: EMBRC France *fr,EMBRC France,https://ror.org/01fcytj56,https://ror.org/02en5vm52,Sorbonne Université,Parent,Production
38150,https://github.com/ror-community/ror-updates/issues/38150,Add a new organization to ROR: EMBRC France *fr,Sorbonne Université,https://ror.org/02en5vm52,https://ror.org/01fcytj56,EMBRC France,Child,Release
38152,https://github.com/ror-community/ror-updates/issues/38152,Add a new organization to ROR: POUCHET *fr,POUCHET,https://ror.org/04dbvn785,https://ror.org/02feahw73,Centre National de la Recherche Scientifique,Parent,Production
38152,https://github.com/ror-community/ror-updates/issues/38152,Add a new organization to ROR: POUCHET *fr,Centre National de la Recherche Scientifique,https://ror.org/02feahw73,https://ror.org/04dbvn785,POUCHET,Child,Release
38576,https://github.com/ror-community/ror-updates/issues/38576,"Add a new organization to ROR: 
 
United College of Physical Therapy",United College of Physical Therapy,https://ror.org/040q8tj40,https://ror.org/05bbbc791,University of Karachi,Related,Production
38576,https://github.com/ror-community/ror-updates/issues/38576,"Add a new organization to ROR: 
 
United College of Physical Therapy",University of Karachi,https://ror.org/05bbbc791,https://ror.org/040q8tj40,United College of Physical Therapy,Related,Release
38154,https://github.com/ror-community/ror-updates/issues/38154,Add a new organization to ROR: Institut d'études de l'Islam et des sociétés du monde musulman *fr,Institut d'études de l'Islam et des sociétés du monde musulman,https://ror.org/03w68tv40,https://ror.org/02feahw73,Centre National de la Recherche Scientifique,Parent,Production
38154,https://github.com/ror-community/ror-updates/issues/38154,Add a new organization to ROR: Institut d'études de l'Islam et des sociétés du monde musulman *fr,Centre National de la Recherche Scientifique,https://ror.org/02feahw73,https://ror.org/03w68tv40,Institut d'études de l'Islam et des sociétés du monde musulman,Child,Release
38154,https://github.com/ror-community/ror-updates/issues/38154,Add a new organization to ROR: Institut d'études de l'Islam et des sociétés du monde musulman *fr,Institut d'études de l'Islam et des sociétés du monde musulman,https://ror.org/03w68tv40,https://ror.org/02d9dg697,École des hautes études en sciences sociales,Parent,Production
38154,https://github.com/ror-community/ror-updates/issues/38154,Add a new organization to ROR: Institut d'études de l'Islam et des sociétés du monde musulman *fr,École des hautes études en sciences sociales,https://ror.org/02d9dg697,https://ror.org/03w68tv40,Institut d'études de l'Islam et des sociétés du monde musulman,Child,Release
38155,https://github.com/ror-community/ror-updates/issues/38155,Modify the information in an existing ROR record: Progedo - https://ror.org/01esk6458,Progedo,https://ror.org/01esk6458,https://ror.org/02feahw73,Centre National de la Recherche Scientifique,Delete,Production
38155,https://github.com/ror-community/ror-updates/issues/38155,Modify the information in an existing ROR record: Progedo - https://ror.org/01esk6458,Centre National de la Recherche Scientifique,https://ror.org/02feahw73,https://ror.org/01esk6458,Progedo,Delete,Release
38155,https://github.com/ror-community/ror-updates/issues/38155,Modify the information in an existing ROR record: Progedo - https://ror.org/01esk6458,Progedo,https://ror.org/01esk6458,https://ror.org/02feahw73,Centre National de la Recherche Scientifique,Parent,Production
38155,https://github.com/ror-community/ror-updates/issues/38155,Modify the information in an existing ROR record: Progedo - https://ror.org/01esk6458,Centre National de la Recherche Scientifique,https://ror.org/02feahw73,https://ror.org/01esk6458,Progedo,Child,Release
38157,https://github.com/ror-community/ror-updates/issues/38157,Add a new organization to ROR: Unité support de ChemBioFrance et de la Chimiothèque nationale *fr,Unité support de ChemBioFrance et de la Chimiothèque nationale,https://ror.org/0021cmf87,https://ror.org/02feahw73,Centre National de la Recherche Scientifique,Parent,Production
38157,https://github.com/ror-community/ror-updates/issues/38157,Add a new organization to ROR: Unité support de ChemBioFrance et de la Chimiothèque nationale *fr,Centre National de la Recherche Scientifique,https://ror.org/02feahw73,https://ror.org/0021cmf87,Unité support de ChemBioFrance et de la Chimiothèque nationale,Child,Release
38158,https://github.com/ror-community/ror-updates/issues/38158,"Add a new organization to ROR: L'information visuelle et textuelle en histoire de l'art : nouveaux terrains, corpus, outils *fr","INVISU l'Information visuelle et textuelle en histoire de l'art, nouveaux terrains, corpus, outils",https://ror.org/0460r8887,https://ror.org/02feahw73,Centre National de la Recherche Scientifique,Parent,Production
38158,https://github.com/ror-community/ror-updates/issues/38158,"Add a new organization to ROR: L'information visuelle et textuelle en histoire de l'art : nouveaux terrains, corpus, outils *fr",Centre National de la Recherche Scientifique,https://ror.org/02feahw73,https://ror.org/0460r8887,"INVISU l'Information visuelle et textuelle en histoire de l'art, nouveaux terrains, corpus, outils",Child,Release
38158,https://github.com/ror-community/ror-updates/issues/38158,"Add a new organization to ROR: L'information visuelle et textuelle en histoire de l'art : nouveaux terrains, corpus, outils *fr","INVISU l'Information visuelle et textuelle en histoire de l'art, nouveaux terrains, corpus, outils",https://ror.org/0460r8887,https://ror.org/045cwqj90,Institut national d'histoire de l'art,Parent,Production
38158,https://github.com/ror-community/ror-updates/issues/38158,"Add a new organization to ROR: L'information visuelle et textuelle en histoire de l'art : nouveaux terrains, corpus, outils *fr",Institut national d'histoire de l'art,https://ror.org/045cwqj90,https://ror.org/0460r8887,"INVISU l'Information visuelle et textuelle en histoire de l'art, nouveaux terrains, corpus, outils",Child,Release
38159,https://github.com/ror-community/ror-updates/issues/38159,Add a new organization to ROR: Centre Jean Bérard *fr,Centre Jean Bérard,https://ror.org/02gpc9s67,https://ror.org/02feahw73,Centre National de la Recherche Scientifique,Parent,Production
38159,https://github.com/ror-community/ror-updates/issues/38159,Add a new organization to ROR: Centre Jean Bérard *fr,Centre National de la Recherche Scientifique,https://ror.org/02feahw73,https://ror.org/02gpc9s67,Centre Jean Bérard,Child,Release
38159,https://github.com/ror-community/ror-updates/issues/38159,Add a new organization to ROR: Centre Jean Bérard *fr,Centre Jean Bérard,https://ror.org/02gpc9s67,https://ror.org/049b5m346,École Française de Rome,Parent,Production
38159,https://github.com/ror-community/ror-updates/issues/38159,Add a new organization to ROR: Centre Jean Bérard *fr,École Française de Rome,https://ror.org/049b5m346,https://ror.org/02gpc9s67,Centre Jean Bérard,Child,Release
38160,https://github.com/ror-community/ror-updates/issues/38160,Add a new organization to ROR: Centre Francais de Recherche de la Peninsule Arabique *fr,Centre Francais de Recherche de la Peninsule Arabique,https://ror.org/04c4cx438,https://ror.org/02feahw73,Centre National de la Recherche Scientifique,Parent,Production
38160,https://github.com/ror-community/ror-updates/issues/38160,Add a new organization to ROR: Centre Francais de Recherche de la Peninsule Arabique *fr,Centre National de la Recherche Scientifique,https://ror.org/02feahw73,https://ror.org/04c4cx438,Centre Francais de Recherche de la Peninsule Arabique,Child,Release
38160,https://github.com/ror-community/ror-updates/issues/38160,Add a new organization to ROR: Centre Francais de Recherche de la Peninsule Arabique *fr,Centre Francais de Recherche de la Peninsule Arabique,https://ror.org/04c4cx438,https://ror.org/00dfd1509,Ministère de l'Europe et des Affaires étrangères,Parent,Production
38160,https://github.com/ror-community/ror-updates/issues/38160,Add a new organization to ROR: Centre Francais de Recherche de la Peninsule Arabique *fr,Ministère de l'Europe et des Affaires étrangères,https://ror.org/00dfd1509,https://ror.org/04c4cx438,Centre Francais de Recherche de la Peninsule Arabique,Child,Release
38161,https://github.com/ror-community/ror-updates/issues/38161,Add a new organization to ROR: Ecotron européen de Montpellier *fr,Ecotron européen de Montpellier,https://ror.org/01qf53q12,https://ror.org/02feahw73,Centre National de la Recherche Scientifique,Parent,Production
38161,https://github.com/ror-community/ror-updates/issues/38161,Add a new organization to ROR: Ecotron européen de Montpellier *fr,Centre National de la Recherche Scientifique,https://ror.org/02feahw73,https://ror.org/01qf53q12,Ecotron européen de Montpellier,Child,Release
38162,https://github.com/ror-community/ror-updates/issues/38162,Add a new organization to ROR: Laboratoire Neutrino de Champagne Ardenne *fr,Laboratoire Neutrino de Champagne Ardenne,https://ror.org/04xkrrm97,https://ror.org/02feahw73,Centre National de la Recherche Scientifique,Parent,Production
38162,https://github.com/ror-community/ror-updates/issues/38162,Add a new organization to ROR: Laboratoire Neutrino de Champagne Ardenne *fr,Centre National de la Recherche Scientifique,https://ror.org/02feahw73,https://ror.org/04xkrrm97,Laboratoire Neutrino de Champagne Ardenne,Child,Release
38164,https://github.com/ror-community/ror-updates/issues/38164,Modify the information in an existing ROR record: Jardin du Lautaret - https://ror.org/03sv9dy74,Jardin du Lautaret,https://ror.org/03sv9dy74,https://ror.org/02feahw73,Centre National de la Recherche Scientifique,Parent,Production
38164,https://github.com/ror-community/ror-updates/issues/38164,Modify the information in an existing ROR record: Jardin du Lautaret - https://ror.org/03sv9dy74,Centre National de la Recherche Scientifique,https://ror.org/02feahw73,https://ror.org/03sv9dy74,Jardin du Lautaret,Child,Release
38164,https://github.com/ror-community/ror-updates/issues/38164,Modify the information in an existing ROR record: Jardin du Lautaret - https://ror.org/03sv9dy74,Jardin du Lautaret,https://ror.org/03sv9dy74,https://ror.org/02rx3b187,Université Grenoble Alpes,Parent,Production
38164,https://github.com/ror-community/ror-updates/issues/38164,Modify the information in an existing ROR record: Jardin du Lautaret - https://ror.org/03sv9dy74,Université Grenoble Alpes,https://ror.org/02rx3b187,https://ror.org/03sv9dy74,Jardin du Lautaret,Child,Release
38165,https://github.com/ror-community/ror-updates/issues/38165,Add a new organization to ROR: Institut Européen de données financières *fr,Institut Européen de données financières,https://ror.org/028cb4970,https://ror.org/02feahw73,Centre National de la Recherche Scientifique,Parent,Production
38165,https://github.com/ror-community/ror-updates/issues/38165,Add a new organization to ROR: Institut Européen de données financières *fr,Centre National de la Recherche Scientifique,https://ror.org/02feahw73,https://ror.org/028cb4970,Institut Européen de données financières,Child,Release
38165,https://github.com/ror-community/ror-updates/issues/38165,Add a new organization to ROR: Institut Européen de données financières *fr,Institut Européen de données financières,https://ror.org/028cb4970,https://ror.org/02dga6j42,École Supérieure des Sciences Économiques et Commerciales,Parent,Production
38165,https://github.com/ror-community/ror-updates/issues/38165,Add a new organization to ROR: Institut Européen de données financières *fr,École Supérieure des Sciences Économiques et Commerciales,https://ror.org/02dga6j42,https://ror.org/028cb4970,Institut Européen de données financières,Child,Release
38166,https://github.com/ror-community/ror-updates/issues/38166,Add a new organization to ROR: IRMaGe *fr,IRMaGe,https://ror.org/02qewgm43,https://ror.org/02feahw73,Centre National de la Recherche Scientifique,Parent,Production
38166,https://github.com/ror-community/ror-updates/issues/38166,Add a new organization to ROR: IRMaGe *fr,Centre National de la Recherche Scientifique,https://ror.org/02feahw73,https://ror.org/02qewgm43,IRMaGe,Child,Release
38166,https://github.com/ror-community/ror-updates/issues/38166,Add a new organization to ROR: IRMaGe *fr,IRMaGe,https://ror.org/02qewgm43,https://ror.org/02vjkv261,Inserm,Parent,Production
38166,https://github.com/ror-community/ror-updates/issues/38166,Add a new organization to ROR: IRMaGe *fr,Inserm,https://ror.org/02vjkv261,https://ror.org/02qewgm43,IRMaGe,Child,Release
38166,https://github.com/ror-community/ror-updates/issues/38166,Add a new organization to ROR: IRMaGe *fr,IRMaGe,https://ror.org/02qewgm43,https://ror.org/02rx3b187,Université Grenoble Alpes,Parent,Production
38166,https://github.com/ror-community/ror-updates/issues/38166,Add a new organization to ROR: IRMaGe *fr,Université Grenoble Alpes,https://ror.org/02rx3b187,https://ror.org/02qewgm43,IRMaGe,Child,Release
38166,https://github.com/ror-community/ror-updates/issues/38166,Add a new organization to ROR: IRMaGe *fr,IRMaGe,https://ror.org/02qewgm43,https://ror.org/041rhpw39,Centre Hospitalier Universitaire de Grenoble,Parent,Production
38166,https://github.com/ror-community/ror-updates/issues/38166,Add a new organization to ROR: IRMaGe *fr,Centre Hospitalier Universitaire de Grenoble,https://ror.org/041rhpw39,https://ror.org/02qewgm43,IRMaGe,Child,Release
38167,https://github.com/ror-community/ror-updates/issues/38167,Add a new organization to ROR: Jeunes équipes de l'Institut de Physique du Collège de France *fr,Jeunes équipes de l'Institut de Physique du Collège de France,https://ror.org/04ygzgn33,https://ror.org/02feahw73,Centre National de la Recherche Scientifique,Parent,Production
38167,https://github.com/ror-community/ror-updates/issues/38167,Add a new organization to ROR: Jeunes équipes de l'Institut de Physique du Collège de France *fr,Centre National de la Recherche Scientifique,https://ror.org/02feahw73,https://ror.org/04ygzgn33,Jeunes équipes de l'Institut de Physique du Collège de France,Child,Release
38167,https://github.com/ror-community/ror-updates/issues/38167,Add a new organization to ROR: Jeunes équipes de l'Institut de Physique du Collège de France *fr,Jeunes équipes de l'Institut de Physique du Collège de France,https://ror.org/04ygzgn33,https://ror.org/04ex24z53,Collège de France,Parent,Production
38167,https://github.com/ror-community/ror-updates/issues/38167,Add a new organization to ROR: Jeunes équipes de l'Institut de Physique du Collège de France *fr,Collège de France,https://ror.org/04ex24z53,https://ror.org/04ygzgn33,Jeunes équipes de l'Institut de Physique du Collège de France,Child,Release
38168,https://github.com/ror-community/ror-updates/issues/38168,Add a new organization to ROR: Gestion de l'Institut Carnot ICEEL de Nancy *fr,Gestion de l'Institut Carnot ICEEL de Nancy,https://ror.org/04r4y4h43,https://ror.org/02feahw73,Centre National de la Recherche Scientifique,Parent,Production
38168,https://github.com/ror-community/ror-updates/issues/38168,Add a new organization to ROR: Gestion de l'Institut Carnot ICEEL de Nancy *fr,Centre National de la Recherche Scientifique,https://ror.org/02feahw73,https://ror.org/04r4y4h43,Gestion de l'Institut Carnot ICEEL de Nancy,Child,Release
38168,https://github.com/ror-community/ror-updates/issues/38168,Add a new organization to ROR: Gestion de l'Institut Carnot ICEEL de Nancy *fr,Gestion de l'Institut Carnot ICEEL de Nancy,https://ror.org/04r4y4h43,https://ror.org/04vfs2w97,Université de Lorraine,Parent,Production
38168,https://github.com/ror-community/ror-updates/issues/38168,Add a new organization to ROR: Gestion de l'Institut Carnot ICEEL de Nancy *fr,Université de Lorraine,https://ror.org/04vfs2w97,https://ror.org/04r4y4h43,Gestion de l'Institut Carnot ICEEL de Nancy,Child,Release
38172,https://github.com/ror-community/ror-updates/issues/38172,Add a new organization to ROR: Biocentre Lunaret Montpellier *fr,Biocentre Lunaret Montpellier,https://ror.org/015pynk89,https://ror.org/02feahw73,Centre National de la Recherche Scientifique,Parent,Production
38172,https://github.com/ror-community/ror-updates/issues/38172,Add a new organization to ROR: Biocentre Lunaret Montpellier *fr,Centre National de la Recherche Scientifique,https://ror.org/02feahw73,https://ror.org/015pynk89,Biocentre Lunaret Montpellier,Child,Release
38172,https://github.com/ror-community/ror-updates/issues/38172,Add a new organization to ROR: Biocentre Lunaret Montpellier *fr,Biocentre Lunaret Montpellier,https://ror.org/015pynk89,https://ror.org/051escj72,Université de Montpellier,Parent,Production
38172,https://github.com/ror-community/ror-updates/issues/38172,Add a new organization to ROR: Biocentre Lunaret Montpellier *fr,Université de Montpellier,https://ror.org/051escj72,https://ror.org/015pynk89,Biocentre Lunaret Montpellier,Child,Release
38173,https://github.com/ror-community/ror-updates/issues/38173,Add a new organization to ROR: Cellule de Coordination Documentaire nationale pour les Mathématiques *fr,MathDoc,https://ror.org/05vcv0p21,https://ror.org/02feahw73,Centre National de la Recherche Scientifique,Parent,Production
38173,https://github.com/ror-community/ror-updates/issues/38173,Add a new organization to ROR: Cellule de Coordination Documentaire nationale pour les Mathématiques *fr,Centre National de la Recherche Scientifique,https://ror.org/02feahw73,https://ror.org/05vcv0p21,MathDoc,Child,Release
38173,https://github.com/ror-community/ror-updates/issues/38173,Add a new organization to ROR: Cellule de Coordination Documentaire nationale pour les Mathématiques *fr,MathDoc,https://ror.org/05vcv0p21,https://ror.org/02rx3b187,Université Grenoble Alpes,Parent,Production
38173,https://github.com/ror-community/ror-updates/issues/38173,Add a new organization to ROR: Cellule de Coordination Documentaire nationale pour les Mathématiques *fr,Université Grenoble Alpes,https://ror.org/02rx3b187,https://ror.org/05vcv0p21,MathDoc,Child,Release
38174,https://github.com/ror-community/ror-updates/issues/38174,Add a new organization to ROR: Station de primatologie - ROUSSET *fr,Station de primatologie,https://ror.org/03k590w54,https://ror.org/02feahw73,Centre National de la Recherche Scientifique,Parent,Production
38174,https://github.com/ror-community/ror-updates/issues/38174,Add a new organization to ROR: Station de primatologie - ROUSSET *fr,Centre National de la Recherche Scientifique,https://ror.org/02feahw73,https://ror.org/03k590w54,Station de primatologie,Child,Release
38175,https://github.com/ror-community/ror-updates/issues/38175,Add a new organization to ROR: Biologie cellulaire physiologique et pathologique *fr,Biologie cellulaire physiologique et pathologique,https://ror.org/0267nwx23,https://ror.org/02feahw73,Centre National de la Recherche Scientifique,Parent,Production
38175,https://github.com/ror-community/ror-updates/issues/38175,Add a new organization to ROR: Biologie cellulaire physiologique et pathologique *fr,Centre National de la Recherche Scientifique,https://ror.org/02feahw73,https://ror.org/0267nwx23,Biologie cellulaire physiologique et pathologique,Child,Release
38175,https://github.com/ror-community/ror-updates/issues/38175,Add a new organization to ROR: Biologie cellulaire physiologique et pathologique *fr,Biologie cellulaire physiologique et pathologique,https://ror.org/0267nwx23,https://ror.org/0495fxg12,Institut Pasteur,Parent,Production
38175,https://github.com/ror-community/ror-updates/issues/38175,Add a new organization to ROR: Biologie cellulaire physiologique et pathologique *fr,Institut Pasteur,https://ror.org/0495fxg12,https://ror.org/0267nwx23,Biologie cellulaire physiologique et pathologique,Child,Release
38177,https://github.com/ror-community/ror-updates/issues/38177,Add a new organization to ROR: Microbiologie Intégrative et Moléculaire *fr,Microbiologie Intégrative et Moléculaire,https://ror.org/03n7nc412,https://ror.org/02feahw73,Centre National de la Recherche Scientifique,Parent,Production
38177,https://github.com/ror-community/ror-updates/issues/38177,Add a new organization to ROR: Microbiologie Intégrative et Moléculaire *fr,Centre National de la Recherche Scientifique,https://ror.org/02feahw73,https://ror.org/03n7nc412,Microbiologie Intégrative et Moléculaire,Child,Release
38177,https://github.com/ror-community/ror-updates/issues/38177,Add a new organization to ROR: Microbiologie Intégrative et Moléculaire *fr,Microbiologie Intégrative et Moléculaire,https://ror.org/03n7nc412,https://ror.org/0495fxg12,Institut Pasteur,Parent,Production
38177,https://github.com/ror-community/ror-updates/issues/38177,Add a new organization to ROR: Microbiologie Intégrative et Moléculaire *fr,Institut Pasteur,https://ror.org/0495fxg12,https://ror.org/03n7nc412,Microbiologie Intégrative et Moléculaire,Child,Release
38177,https://github.com/ror-community/ror-updates/issues/38177,Add a new organization to ROR: Microbiologie Intégrative et Moléculaire *fr,Microbiologie Intégrative et Moléculaire,https://ror.org/03n7nc412,https://ror.org/02vjkv261,Inserm,Parent,Production
38177,https://github.com/ror-community/ror-updates/issues/38177,Add a new organization to ROR: Microbiologie Intégrative et Moléculaire *fr,Inserm,https://ror.org/02vjkv261,https://ror.org/03n7nc412,Microbiologie Intégrative et Moléculaire,Child,Release
38179,https://github.com/ror-community/ror-updates/issues/38179,"Modify the information in an existing ROR record: Centre Méditerranéen de Sociologie, de Science Politique et d'Histoire - https://ror.org/00064jq14","Centre Méditerranéen de Sociologie, de Science Politique et d'Histoire",https://ror.org/00064jq14,https://ror.org/02feahw73,Centre National de la Recherche Scientifique,Parent,Production
38179,https://github.com/ror-community/ror-updates/issues/38179,"Modify the information in an existing ROR record: Centre Méditerranéen de Sociologie, de Science Politique et d'Histoire - https://ror.org/00064jq14",Centre National de la Recherche Scientifique,https://ror.org/02feahw73,https://ror.org/00064jq14,"Centre Méditerranéen de Sociologie, de Science Politique et d'Histoire",Child,Release
38179,https://github.com/ror-community/ror-updates/issues/38179,"Modify the information in an existing ROR record: Centre Méditerranéen de Sociologie, de Science Politique et d'Histoire - https://ror.org/00064jq14","Centre Méditerranéen de Sociologie, de Science Politique et d'Histoire",https://ror.org/00064jq14,https://ror.org/0406m4x33,Sciences Po Aix,Parent,Production
38179,https://github.com/ror-community/ror-updates/issues/38179,"Modify the information in an existing ROR record: Centre Méditerranéen de Sociologie, de Science Politique et d'Histoire - https://ror.org/00064jq14",Sciences Po Aix,https://ror.org/0406m4x33,https://ror.org/00064jq14,"Centre Méditerranéen de Sociologie, de Science Politique et d'Histoire",Child,Release
38183,https://github.com/ror-community/ror-updates/issues/38183,Add a new organization to ROR: Centre d'étude des mouvements sociaux *fr,Centre d'étude des mouvements sociaux,https://ror.org/00th7ry27,https://ror.org/02feahw73,Centre National de la Recherche Scientifique,Parent,Production
38183,https://github.com/ror-community/ror-updates/issues/38183,Add a new organization to ROR: Centre d'étude des mouvements sociaux *fr,Centre National de la Recherche Scientifique,https://ror.org/02feahw73,https://ror.org/00th7ry27,Centre d'étude des mouvements sociaux,Child,Release
38183,https://github.com/ror-community/ror-updates/issues/38183,Add a new organization to ROR: Centre d'étude des mouvements sociaux *fr,Centre d'étude des mouvements sociaux,https://ror.org/00th7ry27,https://ror.org/02d9dg697,École des hautes études en sciences sociales,Parent,Production
38183,https://github.com/ror-community/ror-updates/issues/38183,Add a new organization to ROR: Centre d'étude des mouvements sociaux *fr,École des hautes études en sciences sociales,https://ror.org/02d9dg697,https://ror.org/00th7ry27,Centre d'étude des mouvements sociaux,Child,Release
38183,https://github.com/ror-community/ror-updates/issues/38183,Add a new organization to ROR: Centre d'étude des mouvements sociaux *fr,Centre d'étude des mouvements sociaux,https://ror.org/00th7ry27,https://ror.org/02vjkv261,Inserm,Parent,Production
38183,https://github.com/ror-community/ror-updates/issues/38183,Add a new organization to ROR: Centre d'étude des mouvements sociaux *fr,Inserm,https://ror.org/02vjkv261,https://ror.org/00th7ry27,Centre d'étude des mouvements sociaux,Child,Release
38184,https://github.com/ror-community/ror-updates/issues/38184,Add a new organization to ROR: Institute of Chemistry for Life and Health Sciences *en,Institute of Chemistry for Life and Health Sciences,https://ror.org/01jh4dv79,https://ror.org/02feahw73,Centre National de la Recherche Scientifique,Parent,Production
38184,https://github.com/ror-community/ror-updates/issues/38184,Add a new organization to ROR: Institute of Chemistry for Life and Health Sciences *en,Centre National de la Recherche Scientifique,https://ror.org/02feahw73,https://ror.org/01jh4dv79,Institute of Chemistry for Life and Health Sciences,Child,Release
38184,https://github.com/ror-community/ror-updates/issues/38184,Add a new organization to ROR: Institute of Chemistry for Life and Health Sciences *en,Institute of Chemistry for Life and Health Sciences,https://ror.org/01jh4dv79,https://ror.org/05q65zh81,Chimie ParisTech,Parent,Production
38184,https://github.com/ror-community/ror-updates/issues/38184,Add a new organization to ROR: Institute of Chemistry for Life and Health Sciences *en,Chimie ParisTech,https://ror.org/05q65zh81,https://ror.org/01jh4dv79,Institute of Chemistry for Life and Health Sciences,Child,Release
38185,https://github.com/ror-community/ror-updates/issues/38185,Add a new organization to ROR: Centre de Recherche en Informatique de Lens *fr,Centre de Recherche en Informatique de Lens,https://ror.org/03072md54,https://ror.org/02feahw73,Centre National de la Recherche Scientifique,Parent,Production
38185,https://github.com/ror-community/ror-updates/issues/38185,Add a new organization to ROR: Centre de Recherche en Informatique de Lens *fr,Centre National de la Recherche Scientifique,https://ror.org/02feahw73,https://ror.org/03072md54,Centre de Recherche en Informatique de Lens,Child,Release
38185,https://github.com/ror-community/ror-updates/issues/38185,Add a new organization to ROR: Centre de Recherche en Informatique de Lens *fr,Centre de Recherche en Informatique de Lens,https://ror.org/03072md54,https://ror.org/053x9s498,Université d'Artois,Parent,Production
38185,https://github.com/ror-community/ror-updates/issues/38185,Add a new organization to ROR: Centre de Recherche en Informatique de Lens *fr,Université d'Artois,https://ror.org/053x9s498,https://ror.org/03072md54,Centre de Recherche en Informatique de Lens,Child,Release
38186,https://github.com/ror-community/ror-updates/issues/38186,Add a new organization to ROR: Centre Jean Pépin *fr,Centre Jean Pépin,https://ror.org/03prs1d32,https://ror.org/02feahw73,Centre National de la Recherche Scientifique,Parent,Production
38186,https://github.com/ror-community/ror-updates/issues/38186,Add a new organization to ROR: Centre Jean Pépin *fr,Centre National de la Recherche Scientifique,https://ror.org/02feahw73,https://ror.org/03prs1d32,Centre Jean Pépin,Child,Release
38186,https://github.com/ror-community/ror-updates/issues/38186,Add a new organization to ROR: Centre Jean Pépin *fr,Centre Jean Pépin,https://ror.org/03prs1d32,https://ror.org/05a0dhs15,École Normale Supérieure - PSL,Parent,Production
38186,https://github.com/ror-community/ror-updates/issues/38186,Add a new organization to ROR: Centre Jean Pépin *fr,École Normale Supérieure - PSL,https://ror.org/05a0dhs15,https://ror.org/03prs1d32,Centre Jean Pépin,Child,Release
38187,https://github.com/ror-community/ror-updates/issues/38187,"Add a new organization to ROR: République des savoirs : Lettres, Sciences, Philosophie *fr","République des savoirs : Lettres, Sciences, Philosophie",https://ror.org/057zr6d83,https://ror.org/02feahw73,Centre National de la Recherche Scientifique,Parent,Production
38187,https://github.com/ror-community/ror-updates/issues/38187,"Add a new organization to ROR: République des savoirs : Lettres, Sciences, Philosophie *fr",Centre National de la Recherche Scientifique,https://ror.org/02feahw73,https://ror.org/057zr6d83,"République des savoirs : Lettres, Sciences, Philosophie",Child,Release
38187,https://github.com/ror-community/ror-updates/issues/38187,"Add a new organization to ROR: République des savoirs : Lettres, Sciences, Philosophie *fr","République des savoirs : Lettres, Sciences, Philosophie",https://ror.org/057zr6d83,https://ror.org/04ex24z53,Collège de France,Parent,Production
38187,https://github.com/ror-community/ror-updates/issues/38187,"Add a new organization to ROR: République des savoirs : Lettres, Sciences, Philosophie *fr",Collège de France,https://ror.org/04ex24z53,https://ror.org/057zr6d83,"République des savoirs : Lettres, Sciences, Philosophie",Child,Release
38187,https://github.com/ror-community/ror-updates/issues/38187,"Add a new organization to ROR: République des savoirs : Lettres, Sciences, Philosophie *fr","République des savoirs : Lettres, Sciences, Philosophie",https://ror.org/057zr6d83,https://ror.org/05a0dhs15,École Normale Supérieure - PSL,Parent,Production
38187,https://github.com/ror-community/ror-updates/issues/38187,"Add a new organization to ROR: République des savoirs : Lettres, Sciences, Philosophie *fr",École Normale Supérieure - PSL,https://ror.org/05a0dhs15,https://ror.org/057zr6d83,"République des savoirs : Lettres, Sciences, Philosophie",Child,Release
38188,https://github.com/ror-community/ror-updates/issues/38188,Add a new organization to ROR: Institut de l'Audition *fr,Institut de l'Audition,https://ror.org/01pmy1x13,https://ror.org/02feahw73,Centre National de la Recherche Scientifique,Parent,Production
38188,https://github.com/ror-community/ror-updates/issues/38188,Add a new organization to ROR: Institut de l'Audition *fr,Centre National de la Recherche Scientifique,https://ror.org/02feahw73,https://ror.org/01pmy1x13,Institut de l'Audition,Child,Release
38188,https://github.com/ror-community/ror-updates/issues/38188,Add a new organization to ROR: Institut de l'Audition *fr,Institut de l'Audition,https://ror.org/01pmy1x13,https://ror.org/02vjkv261,Inserm,Parent,Production
38188,https://github.com/ror-community/ror-updates/issues/38188,Add a new organization to ROR: Institut de l'Audition *fr,Inserm,https://ror.org/02vjkv261,https://ror.org/01pmy1x13,Institut de l'Audition,Child,Release
38188,https://github.com/ror-community/ror-updates/issues/38188,Add a new organization to ROR: Institut de l'Audition *fr,Institut de l'Audition,https://ror.org/01pmy1x13,https://ror.org/0495fxg12,Institut Pasteur,Parent,Production
38188,https://github.com/ror-community/ror-updates/issues/38188,Add a new organization to ROR: Institut de l'Audition *fr,Institut Pasteur,https://ror.org/0495fxg12,https://ror.org/01pmy1x13,Institut de l'Audition,Child,Release
38189,https://github.com/ror-community/ror-updates/issues/38189,Add a new organization to ROR: Sciences économiques - Sciences Po *fr,Département d'économie de Sciences Po,https://ror.org/00fejzc88,https://ror.org/02feahw73,Centre National de la Recherche Scientifique,Parent,Production
38189,https://github.com/ror-community/ror-updates/issues/38189,Add a new organization to ROR: Sciences économiques - Sciences Po *fr,Centre National de la Recherche Scientifique,https://ror.org/02feahw73,https://ror.org/00fejzc88,Département d'économie de Sciences Po,Child,Release
38189,https://github.com/ror-community/ror-updates/issues/38189,Add a new organization to ROR: Sciences économiques - Sciences Po *fr,Département d'économie de Sciences Po,https://ror.org/00fejzc88,https://ror.org/05fe7ax82,Institut d'Etudes Politiques de Paris,Parent,Production
38189,https://github.com/ror-community/ror-updates/issues/38189,Add a new organization to ROR: Sciences économiques - Sciences Po *fr,Institut d'Etudes Politiques de Paris,https://ror.org/05fe7ax82,https://ror.org/00fejzc88,Département d'économie de Sciences Po,Child,Release
38192,https://github.com/ror-community/ror-updates/issues/38192,Add a new organization to ROR: Centre Internet et Société *fr,Centre Internet et Société,https://ror.org/04dtt9t18,https://ror.org/02feahw73,Centre National de la Recherche Scientifique,Parent,Production
38192,https://github.com/ror-community/ror-updates/issues/38192,Add a new organization to ROR: Centre Internet et Société *fr,Centre National de la Recherche Scientifique,https://ror.org/02feahw73,https://ror.org/04dtt9t18,Centre Internet et Société,Child,Release
38193,https://github.com/ror-community/ror-updates/issues/38193,"Add a new organization to ROR: Données de recherche pour l'Histoire Naturelle, l'Ecologie et l'Environnement *fr","Données de recherche pour l'Histoire Naturelle, l'Ecologie et l'Environnement",https://ror.org/00k1kr151,https://ror.org/02feahw73,Centre National de la Recherche Scientifique,Parent,Production
38193,https://github.com/ror-community/ror-updates/issues/38193,"Add a new organization to ROR: Données de recherche pour l'Histoire Naturelle, l'Ecologie et l'Environnement *fr",Centre National de la Recherche Scientifique,https://ror.org/02feahw73,https://ror.org/00k1kr151,"Données de recherche pour l'Histoire Naturelle, l'Ecologie et l'Environnement",Child,Release
38193,https://github.com/ror-community/ror-updates/issues/38193,"Add a new organization to ROR: Données de recherche pour l'Histoire Naturelle, l'Ecologie et l'Environnement *fr","Données de recherche pour l'Histoire Naturelle, l'Ecologie et l'Environnement",https://ror.org/00k1kr151,https://ror.org/03wkt5x30,Muséum national d'Histoire naturelle,Parent,Production
38193,https://github.com/ror-community/ror-updates/issues/38193,"Add a new organization to ROR: Données de recherche pour l'Histoire Naturelle, l'Ecologie et l'Environnement *fr",Muséum national d'Histoire naturelle,https://ror.org/03wkt5x30,https://ror.org/00k1kr151,"Données de recherche pour l'Histoire Naturelle, l'Ecologie et l'Environnement",Child,Release
38301,https://github.com/ror-community/ror-updates/issues/38301,Add a new organization to ROR: Karimganj College,Karimganj College,https://ror.org/02be90m23,https://ror.org/0535c1v66,Assam University,Related,Production
38301,https://github.com/ror-community/ror-updates/issues/38301,Add a new organization to ROR: Karimganj College,Assam University,https://ror.org/0535c1v66,https://ror.org/02be90m23,Karimganj College,Related,Release
37268,https://github.com/ror-community/ror-updates/issues/37268,Add a new organization to ROR: CIC Paris-est,CIC Paris-est,https://ror.org/010r52a77,https://ror.org/02vjkv261,Inserm,Parent,Production
37268,https://github.com/ror-community/ror-updates/issues/37268,Add a new organization to ROR: CIC Paris-est,Inserm,https://ror.org/02vjkv261,https://ror.org/010r52a77,CIC Paris-est,Child,Release
37268,https://github.com/ror-community/ror-updates/issues/37268,Add a new organization to ROR: CIC Paris-est,CIC Paris-est,https://ror.org/010r52a77,https://ror.org/02en5vm52,Sorbonne Université,Parent,Production
37268,https://github.com/ror-community/ror-updates/issues/37268,Add a new organization to ROR: CIC Paris-est,Sorbonne Université,https://ror.org/02en5vm52,https://ror.org/010r52a77,CIC Paris-est,Child,Release
37269,https://github.com/ror-community/ror-updates/issues/37269,Add a new organization to ROR: CIC Pitié neurosciences,CIC Pitié Neurosciences,https://ror.org/04sjcj852,https://ror.org/02vjkv261,Inserm,Parent,Production
37269,https://github.com/ror-community/ror-updates/issues/37269,Add a new organization to ROR: CIC Pitié neurosciences,Inserm,https://ror.org/02vjkv261,https://ror.org/04sjcj852,CIC Pitié Neurosciences,Child,Release
37269,https://github.com/ror-community/ror-updates/issues/37269,Add a new organization to ROR: CIC Pitié neurosciences,CIC Pitié Neurosciences,https://ror.org/04sjcj852,https://ror.org/02en5vm52,Sorbonne Université,Parent,Production
37269,https://github.com/ror-community/ror-updates/issues/37269,Add a new organization to ROR: CIC Pitié neurosciences,Sorbonne Université,https://ror.org/02en5vm52,https://ror.org/04sjcj852,CIC Pitié Neurosciences,Child,Release
38351,https://github.com/ror-community/ror-updates/issues/38351,Add a new organization to ROR: Raja Balwant Singh College,Raja Balwant Singh College,https://ror.org/002xt8z47,https://ror.org/00k4ab982,Dr. Bhim Rao Ambedkar University,Related,Production
38351,https://github.com/ror-community/ror-updates/issues/38351,Add a new organization to ROR: Raja Balwant Singh College,Dr. Bhim Rao Ambedkar University,https://ror.org/00k4ab982,https://ror.org/002xt8z47,Raja Balwant Singh College,Related,Release
38351,https://github.com/ror-community/ror-updates/issues/38351,Add a new organization to ROR: Raja Balwant Singh College,Raja Balwant Singh College,https://ror.org/002xt8z47,https://ror.org/04yn30r61,APJ Abdul Kalam Technological University,Related,Production
38351,https://github.com/ror-community/ror-updates/issues/38351,Add a new organization to ROR: Raja Balwant Singh College,APJ Abdul Kalam Technological University,https://ror.org/04yn30r61,https://ror.org/002xt8z47,Raja Balwant Singh College,Related,Release
38313,https://github.com/ror-community/ror-updates/issues/38313,Add a new organization to ROR: Bhimabhoi College,Bhimabhoi College,https://ror.org/053s76878,https://ror.org/04s222234,Sambalpur University,Related,Production
38313,https://github.com/ror-community/ror-updates/issues/38313,Add a new organization to ROR: Bhimabhoi College,Sambalpur University,https://ror.org/04s222234,https://ror.org/053s76878,Bhimabhoi College,Related,Release
38319,https://github.com/ror-community/ror-updates/issues/38319,Add a new organization to ROR: Kamla Nehru Institute of Technology,Kamla Nehru Institute of Technology,https://ror.org/04fv68152,https://ror.org/03h56sg55,Dr. A.P.J. Abdul Kalam Technical University,Related,Production
38319,https://github.com/ror-community/ror-updates/issues/38319,Add a new organization to ROR: Kamla Nehru Institute of Technology,Dr. A.P.J. Abdul Kalam Technical University,https://ror.org/03h56sg55,https://ror.org/04fv68152,Kamla Nehru Institute of Technology,Related,Release
38117,https://github.com/ror-community/ror-updates/issues/38117,"Add a new organization to ROR: Climat, Modélisation, Agroécologie *fr","Climat, Modélisation, Agroécologie",https://ror.org/01seztb37,https://ror.org/02feahw73,Centre National de la Recherche Scientifique,Parent,Production
38117,https://github.com/ror-community/ror-updates/issues/38117,"Add a new organization to ROR: Climat, Modélisation, Agroécologie *fr",Centre National de la Recherche Scientifique,https://ror.org/02feahw73,https://ror.org/01seztb37,"Climat, Modélisation, Agroécologie",Child,Release
38117,https://github.com/ror-community/ror-updates/issues/38117,"Add a new organization to ROR: Climat, Modélisation, Agroécologie *fr","Climat, Modélisation, Agroécologie",https://ror.org/01seztb37,https://ror.org/03j13xx78,Bioeconomy Science Institute,Parent,Production
38117,https://github.com/ror-community/ror-updates/issues/38117,"Add a new organization to ROR: Climat, Modélisation, Agroécologie *fr",Bioeconomy Science Institute,https://ror.org/03j13xx78,https://ror.org/01seztb37,"Climat, Modélisation, Agroécologie",Child,Release
38118,https://github.com/ror-community/ror-updates/issues/38118,Add a new organization to ROR: Jean-Christophe Yoccoz *fr,IRL Jean Christophe Yoccoz,https://ror.org/044f35z92,https://ror.org/02feahw73,Centre National de la Recherche Scientifique,Parent,Production
38118,https://github.com/ror-community/ror-updates/issues/38118,Add a new organization to ROR: Jean-Christophe Yoccoz *fr,Centre National de la Recherche Scientifique,https://ror.org/02feahw73,https://ror.org/044f35z92,IRL Jean Christophe Yoccoz,Child,Release
38118,https://github.com/ror-community/ror-updates/issues/38118,Add a new organization to ROR: Jean-Christophe Yoccoz *fr,IRL Jean Christophe Yoccoz,https://ror.org/044f35z92,https://ror.org/028caqe42,Instituto Nacional de Matemática Pura e Aplicada,Parent,Production
38118,https://github.com/ror-community/ror-updates/issues/38118,Add a new organization to ROR: Jean-Christophe Yoccoz *fr,Instituto Nacional de Matemática Pura e Aplicada,https://ror.org/028caqe42,https://ror.org/044f35z92,IRL Jean Christophe Yoccoz,Child,Release
38120,https://github.com/ror-community/ror-updates/issues/38120,Add a new organization to ROR: Interdisciplinary and Global Environmental Studies *en,Interdisciplinary and Global Environmental Studies,https://ror.org/0302kbs89,https://ror.org/02feahw73,Centre National de la Recherche Scientifique,Parent,Production
38120,https://github.com/ror-community/ror-updates/issues/38120,Add a new organization to ROR: Interdisciplinary and Global Environmental Studies *en,Centre National de la Recherche Scientifique,https://ror.org/02feahw73,https://ror.org/0302kbs89,Interdisciplinary and Global Environmental Studies,Child,Release
38120,https://github.com/ror-community/ror-updates/issues/38120,Add a new organization to ROR: Interdisciplinary and Global Environmental Studies *en,Interdisciplinary and Global Environmental Studies,https://ror.org/0302kbs89,https://ror.org/03m2x1q45,University of Arizona,Parent,Production
38120,https://github.com/ror-community/ror-updates/issues/38120,Add a new organization to ROR: Interdisciplinary and Global Environmental Studies *en,University of Arizona,https://ror.org/03m2x1q45,https://ror.org/0302kbs89,Interdisciplinary and Global Environmental Studies,Child,Release
38120,https://github.com/ror-community/ror-updates/issues/38120,Add a new organization to ROR: Interdisciplinary and Global Environmental Studies *en,Interdisciplinary and Global Environmental Studies,https://ror.org/0302kbs89,https://ror.org/05a0dhs15,École Normale Supérieure - PSL,Parent,Production
38120,https://github.com/ror-community/ror-updates/issues/38120,Add a new organization to ROR: Interdisciplinary and Global Environmental Studies *en,École Normale Supérieure - PSL,https://ror.org/05a0dhs15,https://ror.org/0302kbs89,Interdisciplinary and Global Environmental Studies,Child,Release
38136,https://github.com/ror-community/ror-updates/issues/38136,Add a new organization to ROR: High-tech Research infrastructures for Life Sciences *en,High-tech Research infrastructures for Life Sciences,https://ror.org/03x11qg43,https://ror.org/02feahw73,Centre National de la Recherche Scientifique,Parent,Production
38136,https://github.com/ror-community/ror-updates/issues/38136,Add a new organization to ROR: High-tech Research infrastructures for Life Sciences *en,Centre National de la Recherche Scientifique,https://ror.org/02feahw73,https://ror.org/03x11qg43,High-tech Research infrastructures for Life Sciences,Child,Release
38136,https://github.com/ror-community/ror-updates/issues/38136,Add a new organization to ROR: High-tech Research infrastructures for Life Sciences *en,High-tech Research infrastructures for Life Sciences,https://ror.org/03x11qg43,https://ror.org/02vjkv261,Inserm,Parent,Production
38136,https://github.com/ror-community/ror-updates/issues/38136,Add a new organization to ROR: High-tech Research infrastructures for Life Sciences *en,Inserm,https://ror.org/02vjkv261,https://ror.org/03x11qg43,High-tech Research infrastructures for Life Sciences,Child,Release
38136,https://github.com/ror-community/ror-updates/issues/38136,Add a new organization to ROR: High-tech Research infrastructures for Life Sciences *en,High-tech Research infrastructures for Life Sciences,https://ror.org/03x11qg43,https://ror.org/03nhjew95,Université de Rouen Normandie,Parent,Production
38136,https://github.com/ror-community/ror-updates/issues/38136,Add a new organization to ROR: High-tech Research infrastructures for Life Sciences *en,Université de Rouen Normandie,https://ror.org/03nhjew95,https://ror.org/03x11qg43,High-tech Research infrastructures for Life Sciences,Child,Release
38651,https://github.com/ror-community/ror-updates/issues/38651,Add a new organization to ROR: Guru Nanak Institute of Pharmaceutical Science and Technology (India),Guru Nanak Institute of Pharmaceutical Science and Technology,https://ror.org/01cpekb55,https://ror.org/030tcae29,"Maulana Abul Kalam Azad University of Technology, West Bengal",Related,Production
38651,https://github.com/ror-community/ror-updates/issues/38651,Add a new organization to ROR: Guru Nanak Institute of Pharmaceutical Science and Technology (India),"Maulana Abul Kalam Azad University of Technology, West Bengal",https://ror.org/030tcae29,https://ror.org/01cpekb55,Guru Nanak Institute of Pharmaceutical Science and Technology,Related,Release
38639,https://github.com/ror-community/ror-updates/issues/38639,Add a new organization to ROR: Katmai National Park and Preserve,Katmai National Park and Preserve,https://ror.org/04w7dgj83,https://ror.org/044zqqy65,National Park Service,Parent,Production
38639,https://github.com/ror-community/ror-updates/issues/38639,Add a new organization to ROR: Katmai National Park and Preserve,National Park Service,https://ror.org/044zqqy65,https://ror.org/04w7dgj83,Katmai National Park and Preserve,Child,Release
38654,https://github.com/ror-community/ror-updates/issues/38654,Modify the information in an existing ROR record: Uni Research (Norway) - https://ror.org/016tr2j79,Uni Research (Norway),https://ror.org/016tr2j79,https://ror.org/02gagpf75,NORCE Research AS,Successor,Production
38654,https://github.com/ror-community/ror-updates/issues/38654,Modify the information in an existing ROR record: Uni Research (Norway) - https://ror.org/016tr2j79,NORCE Research AS,https://ror.org/02gagpf75,https://ror.org/016tr2j79,Uni Research (Norway),Predecessor,Release
38655,https://github.com/ror-community/ror-updates/issues/38655,Modify the information in an existing ROR record: Norwegian Centre for Violence and Traumatic Stress Studies - https://ror.org/01p618c36,Norwegian Centre for Violence and Traumatic Stress Studies,https://ror.org/01p618c36,https://ror.org/01xtthb56,University of Oslo,Parent,Production
38655,https://github.com/ror-community/ror-updates/issues/38655,Modify the information in an existing ROR record: Norwegian Centre for Violence and Traumatic Stress Studies - https://ror.org/01p618c36,University of Oslo,https://ror.org/01xtthb56,https://ror.org/01p618c36,Norwegian Centre for Violence and Traumatic Stress Studies,Child,Release
38656,https://github.com/ror-community/ror-updates/issues/38656,Modify the information in an existing ROR record: GenØk - https://ror.org/027arfy53,GenØk,https://ror.org/027arfy53,https://ror.org/00wge5k78,UiT The Arctic University of Norway,Related,Production
38656,https://github.com/ror-community/ror-updates/issues/38656,Modify the information in an existing ROR record: GenØk - https://ror.org/027arfy53,UiT The Arctic University of Norway,https://ror.org/00wge5k78,https://ror.org/027arfy53,GenØk,Related,Release
38656,https://github.com/ror-community/ror-updates/issues/38656,Modify the information in an existing ROR record: GenØk - https://ror.org/027arfy53,GenØk,https://ror.org/027arfy53,https://ror.org/03zga2b32,University of Bergen,Related,Production
38656,https://github.com/ror-community/ror-updates/issues/38656,Modify the information in an existing ROR record: GenØk - https://ror.org/027arfy53,University of Bergen,https://ror.org/03zga2b32,https://ror.org/027arfy53,GenØk,Related,Release
38657,https://github.com/ror-community/ror-updates/issues/38657,Modify the information in an existing ROR record: Scottish Universities Environmental Research Centre - https://ror.org/05jfq2w07,Scottish Universities Environmental Research Centre,https://ror.org/05jfq2w07,https://ror.org/01nrxwf90,University of Edinburgh,Parent,Production
38657,https://github.com/ror-community/ror-updates/issues/38657,Modify the information in an existing ROR record: Scottish Universities Environmental Research Centre - https://ror.org/05jfq2w07,University of Edinburgh,https://ror.org/01nrxwf90,https://ror.org/05jfq2w07,Scottish Universities Environmental Research Centre,Child,Release
38658,https://github.com/ror-community/ror-updates/issues/38658,Modify the information in an existing ROR record: Polymer Competence Center Leoben (Austria) - https://ror.org/02j8sxk20,Polymer Competence Center Leoben (Austria),https://ror.org/02j8sxk20,https://ror.org/00d7xrm67,Graz University of Technology,Related,Production
38658,https://github.com/ror-community/ror-updates/issues/38658,Modify the information in an existing ROR record: Polymer Competence Center Leoben (Austria) - https://ror.org/02j8sxk20,Graz University of Technology,https://ror.org/00d7xrm67,https://ror.org/02j8sxk20,Polymer Competence Center Leoben (Austria),Related,Release
38658,https://github.com/ror-community/ror-updates/issues/38658,Modify the information in an existing ROR record: Polymer Competence Center Leoben (Austria) - https://ror.org/02j8sxk20,Polymer Competence Center Leoben (Austria),https://ror.org/02j8sxk20,https://ror.org/02fhfw393,Montanuniversität Leoben,Related,Production
38658,https://github.com/ror-community/ror-updates/issues/38658,Modify the information in an existing ROR record: Polymer Competence Center Leoben (Austria) - https://ror.org/02j8sxk20,Montanuniversität Leoben,https://ror.org/02fhfw393,https://ror.org/02j8sxk20,Polymer Competence Center Leoben (Austria),Related,Release
38659,https://github.com/ror-community/ror-updates/issues/38659,Modify the information in an existing ROR record: Max Perutz Labs - https://ror.org/05cz70a34,Max Perutz Labs,https://ror.org/05cz70a34,https://ror.org/03prydq77,University of Vienna,Parent,Production
38659,https://github.com/ror-community/ror-updates/issues/38659,Modify the information in an existing ROR record: Max Perutz Labs - https://ror.org/05cz70a34,University of Vienna,https://ror.org/03prydq77,https://ror.org/05cz70a34,Max Perutz Labs,Child,Release
38660,https://github.com/ror-community/ror-updates/issues/38660,Modify the information in an existing ROR record: Research Center Pharmaceutical Engineering (Austria) - https://ror.org/03dafx737,Research Center Pharmaceutical Engineering (Austria),https://ror.org/03dafx737,https://ror.org/00d7xrm67,Graz University of Technology,Parent,Production
38660,https://github.com/ror-community/ror-updates/issues/38660,Modify the information in an existing ROR record: Research Center Pharmaceutical Engineering (Austria) - https://ror.org/03dafx737,Graz University of Technology,https://ror.org/00d7xrm67,https://ror.org/03dafx737,Research Center Pharmaceutical Engineering (Austria),Child,Release
38660,https://github.com/ror-community/ror-updates/issues/38660,Modify the information in an existing ROR record: Research Center Pharmaceutical Engineering (Austria) - https://ror.org/03dafx737,Research Center Pharmaceutical Engineering (Austria),https://ror.org/03dafx737,https://ror.org/01faaaf77,University of Graz,Parent,Production
38660,https://github.com/ror-community/ror-updates/issues/38660,Modify the information in an existing ROR record: Research Center Pharmaceutical Engineering (Austria) - https://ror.org/03dafx737,University of Graz,https://ror.org/01faaaf77,https://ror.org/03dafx737,Research Center Pharmaceutical Engineering (Austria),Child,Release
38660,https://github.com/ror-community/ror-updates/issues/38660,Modify the information in an existing ROR record: Research Center Pharmaceutical Engineering (Austria) - https://ror.org/03dafx737,Research Center Pharmaceutical Engineering (Austria),https://ror.org/03dafx737,https://ror.org/049bdss47,Joanneum Research,Parent,Production
38660,https://github.com/ror-community/ror-updates/issues/38660,Modify the information in an existing ROR record: Research Center Pharmaceutical Engineering (Austria) - https://ror.org/03dafx737,Joanneum Research,https://ror.org/049bdss47,https://ror.org/03dafx737,Research Center Pharmaceutical Engineering (Austria),Child,Release
38661,https://github.com/ror-community/ror-updates/issues/38661,Modify the information in an existing ROR record: Austrian Centre of Industrial Biotechnology (Austria) - https://ror.org/03dm7dd93,Austrian Centre of Industrial Biotechnology (Austria),https://ror.org/03dm7dd93,https://ror.org/00d7xrm67,Graz University of Technology,Parent,Production
38661,https://github.com/ror-community/ror-updates/issues/38661,Modify the information in an existing ROR record: Austrian Centre of Industrial Biotechnology (Austria) - https://ror.org/03dm7dd93,Graz University of Technology,https://ror.org/00d7xrm67,https://ror.org/03dm7dd93,Austrian Centre of Industrial Biotechnology (Austria),Child,Release
38661,https://github.com/ror-community/ror-updates/issues/38661,Modify the information in an existing ROR record: Austrian Centre of Industrial Biotechnology (Austria) - https://ror.org/03dm7dd93,Austrian Centre of Industrial Biotechnology (Austria),https://ror.org/03dm7dd93,https://ror.org/01faaaf77,University of Graz,Parent,Production
38661,https://github.com/ror-community/ror-updates/issues/38661,Modify the information in an existing ROR record: Austrian Centre of Industrial Biotechnology (Austria) - https://ror.org/03dm7dd93,University of Graz,https://ror.org/01faaaf77,https://ror.org/03dm7dd93,Austrian Centre of Industrial Biotechnology (Austria),Child,Release
38661,https://github.com/ror-community/ror-updates/issues/38661,Modify the information in an existing ROR record: Austrian Centre of Industrial Biotechnology (Austria) - https://ror.org/03dm7dd93,Austrian Centre of Industrial Biotechnology (Austria),https://ror.org/03dm7dd93,https://ror.org/054pv6659,Universität Innsbruck,Parent,Production
38661,https://github.com/ror-community/ror-updates/issues/38661,Modify the information in an existing ROR record: Austrian Centre of Industrial Biotechnology (Austria) - https://ror.org/03dm7dd93,Universität Innsbruck,https://ror.org/054pv6659,https://ror.org/03dm7dd93,Austrian Centre of Industrial Biotechnology (Austria),Child,Release
38661,https://github.com/ror-community/ror-updates/issues/38661,Modify the information in an existing ROR record: Austrian Centre of Industrial Biotechnology (Austria) - https://ror.org/03dm7dd93,Austrian Centre of Industrial Biotechnology (Austria),https://ror.org/03dm7dd93,https://ror.org/057ff4y42,BOKU University,Parent,Production
38661,https://github.com/ror-community/ror-updates/issues/38661,Modify the information in an existing ROR record: Austrian Centre of Industrial Biotechnology (Austria) - https://ror.org/03dm7dd93,BOKU University,https://ror.org/057ff4y42,https://ror.org/03dm7dd93,Austrian Centre of Industrial Biotechnology (Austria),Child,Release
38661,https://github.com/ror-community/ror-updates/issues/38661,Modify the information in an existing ROR record: Austrian Centre of Industrial Biotechnology (Austria) - https://ror.org/03dm7dd93,Austrian Centre of Industrial Biotechnology (Austria),https://ror.org/03dm7dd93,https://ror.org/049bdss47,Joanneum Research,Parent,Production
38661,https://github.com/ror-community/ror-updates/issues/38661,Modify the information in an existing ROR record: Austrian Centre of Industrial Biotechnology (Austria) - https://ror.org/03dm7dd93,Joanneum Research,https://ror.org/049bdss47,https://ror.org/03dm7dd93,Austrian Centre of Industrial Biotechnology (Austria),Child,Release
38662,https://github.com/ror-community/ror-updates/issues/38662,Modify the information in an existing ROR record: Biocant - https://ror.org/004s94c80,Biocant,https://ror.org/004s94c80,https://ror.org/00nt41z93,University of Aveiro,Related,Production
38662,https://github.com/ror-community/ror-updates/issues/38662,Modify the information in an existing ROR record: Biocant - https://ror.org/004s94c80,University of Aveiro,https://ror.org/00nt41z93,https://ror.org/004s94c80,Biocant,Related,Release
38662,https://github.com/ror-community/ror-updates/issues/38662,Modify the information in an existing ROR record: Biocant - https://ror.org/004s94c80,Biocant,https://ror.org/004s94c80,https://ror.org/04z8k9a98,University of Coimbra,Related,Production
38662,https://github.com/ror-community/ror-updates/issues/38662,Modify the information in an existing ROR record: Biocant - https://ror.org/004s94c80,University of Coimbra,https://ror.org/04z8k9a98,https://ror.org/004s94c80,Biocant,Related,Release
38663,https://github.com/ror-community/ror-updates/issues/38663,Modify the information in an existing ROR record: Center for Experimental and Clinical Infection Research - https://ror.org/04bya8j72,Center for Experimental and Clinical Infection Research,https://ror.org/04bya8j72,https://ror.org/00f2yqf98,Medizinische Hochschule Hannover,Parent,Production
38663,https://github.com/ror-community/ror-updates/issues/38663,Modify the information in an existing ROR record: Center for Experimental and Clinical Infection Research - https://ror.org/04bya8j72,Medizinische Hochschule Hannover,https://ror.org/00f2yqf98,https://ror.org/04bya8j72,Center for Experimental and Clinical Infection Research,Child,Release
38663,https://github.com/ror-community/ror-updates/issues/38663,Modify the information in an existing ROR record: Center for Experimental and Clinical Infection Research - https://ror.org/04bya8j72,Center for Experimental and Clinical Infection Research,https://ror.org/04bya8j72,https://ror.org/03d0p2685,Helmholtz Centre for Infection Research,Parent,Production
38663,https://github.com/ror-community/ror-updates/issues/38663,Modify the information in an existing ROR record: Center for Experimental and Clinical Infection Research - https://ror.org/04bya8j72,Helmholtz Centre for Infection Research,https://ror.org/03d0p2685,https://ror.org/04bya8j72,Center for Experimental and Clinical Infection Research,Child,Release
38664,https://github.com/ror-community/ror-updates/issues/38664,Modify the information in an existing ROR record: European Institute for Energy Research - https://ror.org/04d5k5771,European Institute for Energy Research,https://ror.org/04d5k5771,https://ror.org/04t3en479,Karlsruhe Institute of Technology,Parent,Production
38664,https://github.com/ror-community/ror-updates/issues/38664,Modify the information in an existing ROR record: European Institute for Energy Research - https://ror.org/04d5k5771,Karlsruhe Institute of Technology,https://ror.org/04t3en479,https://ror.org/04d5k5771,European Institute for Energy Research,Child,Release
38664,https://github.com/ror-community/ror-updates/issues/38664,Modify the information in an existing ROR record: European Institute for Energy Research - https://ror.org/04d5k5771,European Institute for Energy Research,https://ror.org/04d5k5771,https://ror.org/03wb8xz10,Électricité de France (France),Parent,Production
38664,https://github.com/ror-community/ror-updates/issues/38664,Modify the information in an existing ROR record: European Institute for Energy Research - https://ror.org/04d5k5771,Électricité de France (France),https://ror.org/03wb8xz10,https://ror.org/04d5k5771,European Institute for Energy Research,Child,Release
38665,https://github.com/ror-community/ror-updates/issues/38665,Modify the information in an existing ROR record: European Neuroscience Institute Göttingen - https://ror.org/029w5ya68,European Neuroscience Institute Göttingen,https://ror.org/029w5ya68,https://ror.org/021ft0n22,Universitätsmedizin Göttingen,Parent,Production
38665,https://github.com/ror-community/ror-updates/issues/38665,Modify the information in an existing ROR record: European Neuroscience Institute Göttingen - https://ror.org/029w5ya68,Universitätsmedizin Göttingen,https://ror.org/021ft0n22,https://ror.org/029w5ya68,European Neuroscience Institute Göttingen,Child,Release
38665,https://github.com/ror-community/ror-updates/issues/38665,Modify the information in an existing ROR record: European Neuroscience Institute Göttingen - https://ror.org/029w5ya68,European Neuroscience Institute Göttingen,https://ror.org/029w5ya68,https://ror.org/01hhn8329,Max Planck Society,Parent,Production
38665,https://github.com/ror-community/ror-updates/issues/38665,Modify the information in an existing ROR record: European Neuroscience Institute Göttingen - https://ror.org/029w5ya68,Max Planck Society,https://ror.org/01hhn8329,https://ror.org/029w5ya68,European Neuroscience Institute Göttingen,Child,Release
38666,https://github.com/ror-community/ror-updates/issues/38666,Modify the information in an existing ROR record: Aichi Cancer Center - https://ror.org/03kfmm080,Aichi Cancer Center,https://ror.org/03kfmm080,https://ror.org/04wn7wc95,Nagoya City University,Related,Production
38666,https://github.com/ror-community/ror-updates/issues/38666,Modify the information in an existing ROR record: Aichi Cancer Center - https://ror.org/03kfmm080,Nagoya City University,https://ror.org/04wn7wc95,https://ror.org/03kfmm080,Aichi Cancer Center,Related,Release
38667,https://github.com/ror-community/ror-updates/issues/38667,Modify the information in an existing ROR record: RTI International - https://ror.org/052tfza37,RTI International,https://ror.org/052tfza37,https://ror.org/00py81415,Duke University,Parent,Production
38667,https://github.com/ror-community/ror-updates/issues/38667,Modify the information in an existing ROR record: RTI International - https://ror.org/052tfza37,Duke University,https://ror.org/00py81415,https://ror.org/052tfza37,RTI International,Child,Release
38667,https://github.com/ror-community/ror-updates/issues/38667,Modify the information in an existing ROR record: RTI International - https://ror.org/052tfza37,RTI International,https://ror.org/052tfza37,https://ror.org/04tj63d06,North Carolina State University,Parent,Production
38667,https://github.com/ror-community/ror-updates/issues/38667,Modify the information in an existing ROR record: RTI International - https://ror.org/052tfza37,North Carolina State University,https://ror.org/04tj63d06,https://ror.org/052tfza37,RTI International,Child,Release
38668,https://github.com/ror-community/ror-updates/issues/38668,Modify the information in an existing ROR record: La Jolla Institute for Immunology - https://ror.org/05vkpd318,La Jolla Institute for Immunology,https://ror.org/05vkpd318,https://ror.org/03aw5sn18,University of California San Diego Medical Center,Related,Production
38668,https://github.com/ror-community/ror-updates/issues/38668,Modify the information in an existing ROR record: La Jolla Institute for Immunology - https://ror.org/05vkpd318,University of California San Diego Medical Center,https://ror.org/03aw5sn18,https://ror.org/05vkpd318,La Jolla Institute for Immunology,Related,Release
38669,https://github.com/ror-community/ror-updates/issues/38669,Modify the information in an existing ROR record: Regenstrief Institute - https://ror.org/05f2ywb48,Regenstrief Institute,https://ror.org/05f2ywb48,https://ror.org/01aaptx40,Indiana University Health,Related,Production
38669,https://github.com/ror-community/ror-updates/issues/38669,Modify the information in an existing ROR record: Regenstrief Institute - https://ror.org/05f2ywb48,Indiana University Health,https://ror.org/01aaptx40,https://ror.org/05f2ywb48,Regenstrief Institute,Related,Release
38670,https://github.com/ror-community/ror-updates/issues/38670,Modify the information in an existing ROR record: Triangle Universities Nuclear Laboratory - https://ror.org/00ax83b61,Triangle Universities Nuclear Laboratory,https://ror.org/00ax83b61,https://ror.org/00py81415,Duke University,Parent,Production
38670,https://github.com/ror-community/ror-updates/issues/38670,Modify the information in an existing ROR record: Triangle Universities Nuclear Laboratory - https://ror.org/00ax83b61,Duke University,https://ror.org/00py81415,https://ror.org/00ax83b61,Triangle Universities Nuclear Laboratory,Child,Release
38670,https://github.com/ror-community/ror-updates/issues/38670,Modify the information in an existing ROR record: Triangle Universities Nuclear Laboratory - https://ror.org/00ax83b61,Triangle Universities Nuclear Laboratory,https://ror.org/00ax83b61,https://ror.org/0130frc33,University of North Carolina at Chapel Hill,Parent,Production
38670,https://github.com/ror-community/ror-updates/issues/38670,Modify the information in an existing ROR record: Triangle Universities Nuclear Laboratory - https://ror.org/00ax83b61,University of North Carolina at Chapel Hill,https://ror.org/0130frc33,https://ror.org/00ax83b61,Triangle Universities Nuclear Laboratory,Child,Release
38670,https://github.com/ror-community/ror-updates/issues/38670,Modify the information in an existing ROR record: Triangle Universities Nuclear Laboratory - https://ror.org/00ax83b61,Triangle Universities Nuclear Laboratory,https://ror.org/00ax83b61,https://ror.org/051r3tx83,North Carolina Central University,Parent,Production
38670,https://github.com/ror-community/ror-updates/issues/38670,Modify the information in an existing ROR record: Triangle Universities Nuclear Laboratory - https://ror.org/00ax83b61,North Carolina Central University,https://ror.org/051r3tx83,https://ror.org/00ax83b61,Triangle Universities Nuclear Laboratory,Child,Release
38670,https://github.com/ror-community/ror-updates/issues/38670,Modify the information in an existing ROR record: Triangle Universities Nuclear Laboratory - https://ror.org/00ax83b61,Triangle Universities Nuclear Laboratory,https://ror.org/00ax83b61,https://ror.org/04tj63d06,North Carolina State University,Parent,Production
38670,https://github.com/ror-community/ror-updates/issues/38670,Modify the information in an existing ROR record: Triangle Universities Nuclear Laboratory - https://ror.org/00ax83b61,North Carolina State University,https://ror.org/04tj63d06,https://ror.org/00ax83b61,Triangle Universities Nuclear Laboratory,Child,Release
38671,https://github.com/ror-community/ror-updates/issues/38671,Modify the information in an existing ROR record: Ohio Aerospace Institute - https://ror.org/02e36tk84,Ohio Aerospace Institute,https://ror.org/02e36tk84,https://ror.org/059fqnc42,Glenn Research Center,Parent,Production
38671,https://github.com/ror-community/ror-updates/issues/38671,Modify the information in an existing ROR record: Ohio Aerospace Institute - https://ror.org/02e36tk84,Glenn Research Center,https://ror.org/059fqnc42,https://ror.org/02e36tk84,Ohio Aerospace Institute,Child,Release
38671,https://github.com/ror-community/ror-updates/issues/38671,Modify the information in an existing ROR record: Ohio Aerospace Institute - https://ror.org/02e36tk84,Ohio Aerospace Institute,https://ror.org/02e36tk84,https://ror.org/02e2egq70,United States Air Force Research Laboratory,Parent,Production
38671,https://github.com/ror-community/ror-updates/issues/38671,Modify the information in an existing ROR record: Ohio Aerospace Institute - https://ror.org/02e36tk84,United States Air Force Research Laboratory,https://ror.org/02e2egq70,https://ror.org/02e36tk84,Ohio Aerospace Institute,Child,Release
38672,https://github.com/ror-community/ror-updates/issues/38672,Modify the information in an existing ROR record: Beijing Proteome Research Center - https://ror.org/05pp5b412,Beijing Proteome Research Center,https://ror.org/05pp5b412,https://ror.org/03k3bq214,National Center of Biomedical Analysis,Related,Production
38672,https://github.com/ror-community/ror-updates/issues/38672,Modify the information in an existing ROR record: Beijing Proteome Research Center - https://ror.org/05pp5b412,National Center of Biomedical Analysis,https://ror.org/03k3bq214,https://ror.org/05pp5b412,Beijing Proteome Research Center,Related,Release
38672,https://github.com/ror-community/ror-updates/issues/38672,Modify the information in an existing ROR record: Beijing Proteome Research Center - https://ror.org/05pp5b412,Beijing Proteome Research Center,https://ror.org/05pp5b412,https://ror.org/034t30j35,Chinese Academy of Sciences,Related,Production
38672,https://github.com/ror-community/ror-updates/issues/38672,Modify the information in an existing ROR record: Beijing Proteome Research Center - https://ror.org/05pp5b412,Chinese Academy of Sciences,https://ror.org/034t30j35,https://ror.org/05pp5b412,Beijing Proteome Research Center,Related,Release
38672,https://github.com/ror-community/ror-updates/issues/38672,Modify the information in an existing ROR record: Beijing Proteome Research Center - https://ror.org/05pp5b412,Beijing Proteome Research Center,https://ror.org/05pp5b412,https://ror.org/02drdmm93,Chinese Academy of Medical Sciences & Peking Union Medical College,Related,Production
38672,https://github.com/ror-community/ror-updates/issues/38672,Modify the information in an existing ROR record: Beijing Proteome Research Center - https://ror.org/05pp5b412,Chinese Academy of Medical Sciences & Peking Union Medical College,https://ror.org/02drdmm93,https://ror.org/05pp5b412,Beijing Proteome Research Center,Related,Release
38672,https://github.com/ror-community/ror-updates/issues/38672,Modify the information in an existing ROR record: Beijing Proteome Research Center - https://ror.org/05pp5b412,Beijing Proteome Research Center,https://ror.org/05pp5b412,https://ror.org/03cve4549,Tsinghua University,Related,Production
38672,https://github.com/ror-community/ror-updates/issues/38672,Modify the information in an existing ROR record: Beijing Proteome Research Center - https://ror.org/05pp5b412,Tsinghua University,https://ror.org/03cve4549,https://ror.org/05pp5b412,Beijing Proteome Research Center,Related,Release
38672,https://github.com/ror-community/ror-updates/issues/38672,Modify the information in an existing ROR record: Beijing Proteome Research Center - https://ror.org/05pp5b412,Beijing Proteome Research Center,https://ror.org/05pp5b412,https://ror.org/02v51f717,Peking University,Related,Production
38672,https://github.com/ror-community/ror-updates/issues/38672,Modify the information in an existing ROR record: Beijing Proteome Research Center - https://ror.org/05pp5b412,Peking University,https://ror.org/02v51f717,https://ror.org/05pp5b412,Beijing Proteome Research Center,Related,Release
38673,https://github.com/ror-community/ror-updates/issues/38673,Modify the information in an existing ROR record: Sheba Medical Center - https://ror.org/020rzx487,Sheba Medical Center,https://ror.org/020rzx487,https://ror.org/0316ej306,Weizmann Institute of Science,Related,Production
38673,https://github.com/ror-community/ror-updates/issues/38673,Modify the information in an existing ROR record: Sheba Medical Center - https://ror.org/020rzx487,Weizmann Institute of Science,https://ror.org/0316ej306,https://ror.org/020rzx487,Sheba Medical Center,Related,Release
38673,https://github.com/ror-community/ror-updates/issues/38673,Modify the information in an existing ROR record: Sheba Medical Center - https://ror.org/020rzx487,Sheba Medical Center,https://ror.org/020rzx487,https://ror.org/03kgsv495,Bar-Ilan University,Related,Production
38673,https://github.com/ror-community/ror-updates/issues/38673,Modify the information in an existing ROR record: Sheba Medical Center - https://ror.org/020rzx487,Bar-Ilan University,https://ror.org/03kgsv495,https://ror.org/020rzx487,Sheba Medical Center,Related,Release
38674,https://github.com/ror-community/ror-updates/issues/38674,Modify the information in an existing ROR record: Estonian Biocentre - https://ror.org/04xsf1c37,Estonian Biocentre,https://ror.org/04xsf1c37,https://ror.org/03z77qz90,University of Tartu,Parent,Production
38674,https://github.com/ror-community/ror-updates/issues/38674,Modify the information in an existing ROR record: Estonian Biocentre - https://ror.org/04xsf1c37,University of Tartu,https://ror.org/03z77qz90,https://ror.org/04xsf1c37,Estonian Biocentre,Child,Release
38675,https://github.com/ror-community/ror-updates/issues/38675,Modify the information in an existing ROR record: National Institute for Nanotechnology - https://ror.org/05c0g2426,National Institute for Nanotechnology,https://ror.org/05c0g2426,https://ror.org/0160cpw27,University of Alberta,Parent,Production
38675,https://github.com/ror-community/ror-updates/issues/38675,Modify the information in an existing ROR record: National Institute for Nanotechnology - https://ror.org/05c0g2426,University of Alberta,https://ror.org/0160cpw27,https://ror.org/05c0g2426,National Institute for Nanotechnology,Child,Release
38676,https://github.com/ror-community/ror-updates/issues/38676,Modify the information in an existing ROR record: National University Health System - https://ror.org/05tjjsh18,National University Health System,https://ror.org/05tjjsh18,https://ror.org/01tgyzw49,National University of Singapore,Parent,Production
38676,https://github.com/ror-community/ror-updates/issues/38676,Modify the information in an existing ROR record: National University Health System - https://ror.org/05tjjsh18,National University of Singapore,https://ror.org/01tgyzw49,https://ror.org/05tjjsh18,National University Health System,Child,Release
38677,https://github.com/ror-community/ror-updates/issues/38677,Modify the information in an existing ROR record: École Nationale Supérieure des Mines de Nancy - https://ror.org/02rzzjk74,École Nationale Supérieure des Mines de Nancy,https://ror.org/02rzzjk74,https://ror.org/04vfs2w97,Université de Lorraine,Related,Production
38677,https://github.com/ror-community/ror-updates/issues/38677,Modify the information in an existing ROR record: École Nationale Supérieure des Mines de Nancy - https://ror.org/02rzzjk74,Université de Lorraine,https://ror.org/04vfs2w97,https://ror.org/02rzzjk74,École Nationale Supérieure des Mines de Nancy,Related,Release
38678,https://github.com/ror-community/ror-updates/issues/38678,Modify the information in an existing ROR record: Chesterfield Royal Hospital NHS Foundation Trust - https://ror.org/02h9b8h17,Chesterfield Royal Hospital NHS Foundation Trust,https://ror.org/02h9b8h17,https://ror.org/04h699437,University of Leicester,Related,Production
38678,https://github.com/ror-community/ror-updates/issues/38678,Modify the information in an existing ROR record: Chesterfield Royal Hospital NHS Foundation Trust - https://ror.org/02h9b8h17,University of Leicester,https://ror.org/04h699437,https://ror.org/02h9b8h17,Chesterfield Royal Hospital NHS Foundation Trust,Related,Release
38679,https://github.com/ror-community/ror-updates/issues/38679,Modify the information in an existing ROR record: Bolton NHS Foundation Trust - https://ror.org/03y9bvk93,Bolton NHS Foundation Trust,https://ror.org/03y9bvk93,https://ror.org/027m9bs27,University of Manchester,Related,Production
38679,https://github.com/ror-community/ror-updates/issues/38679,Modify the information in an existing ROR record: Bolton NHS Foundation Trust - https://ror.org/03y9bvk93,University of Manchester,https://ror.org/027m9bs27,https://ror.org/03y9bvk93,Bolton NHS Foundation Trust,Related,Release
38680,https://github.com/ror-community/ror-updates/issues/38680,Modify the information in an existing ROR record: Korea Institute for Advanced Study - https://ror.org/041hz9568,Korea Institute for Advanced Study,https://ror.org/041hz9568,https://ror.org/05apxxy63,Korea Advanced Institute of Science and Technology,Related,Production
38680,https://github.com/ror-community/ror-updates/issues/38680,Modify the information in an existing ROR record: Korea Institute for Advanced Study - https://ror.org/041hz9568,Korea Advanced Institute of Science and Technology,https://ror.org/05apxxy63,https://ror.org/041hz9568,Korea Institute for Advanced Study,Related,Release
38681,https://github.com/ror-community/ror-updates/issues/38681,Modify the information in an existing ROR record: The University of Western Australia - https://ror.org/047272k79,The University of Western Australia,https://ror.org/047272k79,https://ror.org/027p0bm56,Fiona Stanley Hospital,Related,Production
38681,https://github.com/ror-community/ror-updates/issues/38681,Modify the information in an existing ROR record: The University of Western Australia - https://ror.org/047272k79,Fiona Stanley Hospital,https://ror.org/027p0bm56,https://ror.org/047272k79,The University of Western Australia,Related,Release
38681,https://github.com/ror-community/ror-updates/issues/38681,Modify the information in an existing ROR record: The University of Western Australia - https://ror.org/047272k79,The University of Western Australia,https://ror.org/047272k79,https://ror.org/0071a2k97,Queen Elizabeth II Medical Centre,Related,Production
38681,https://github.com/ror-community/ror-updates/issues/38681,Modify the information in an existing ROR record: The University of Western Australia - https://ror.org/047272k79,Queen Elizabeth II Medical Centre,https://ror.org/0071a2k97,https://ror.org/047272k79,The University of Western Australia,Related,Release
38682,https://github.com/ror-community/ror-updates/issues/38682,Modify the information in an existing ROR record: Zhejiang Cancer Hospital - https://ror.org/0144s0951,Zhejiang Cancer Hospital,https://ror.org/0144s0951,https://ror.org/04epb4p87,Zhejiang Chinese Medical University,Related,Production
38682,https://github.com/ror-community/ror-updates/issues/38682,Modify the information in an existing ROR record: Zhejiang Cancer Hospital - https://ror.org/0144s0951,Zhejiang Chinese Medical University,https://ror.org/04epb4p87,https://ror.org/0144s0951,Zhejiang Cancer Hospital,Related,Release
38683,https://github.com/ror-community/ror-updates/issues/38683,Modify the information in an existing ROR record: Linyi People's Hospital - https://ror.org/011r8ce56,Linyi People's Hospital,https://ror.org/011r8ce56,https://ror.org/0207yh398,Shandong University,Related,Production
38683,https://github.com/ror-community/ror-updates/issues/38683,Modify the information in an existing ROR record: Linyi People's Hospital - https://ror.org/011r8ce56,Shandong University,https://ror.org/0207yh398,https://ror.org/011r8ce56,Linyi People's Hospital,Related,Release
38684,https://github.com/ror-community/ror-updates/issues/38684,Modify the information in an existing ROR record: Menzies School of Health Research - https://ror.org/006mbby82,Menzies School of Health Research,https://ror.org/006mbby82,https://ror.org/048zcaj52,Charles Darwin University,Parent,Production
38684,https://github.com/ror-community/ror-updates/issues/38684,Modify the information in an existing ROR record: Menzies School of Health Research - https://ror.org/006mbby82,Charles Darwin University,https://ror.org/048zcaj52,https://ror.org/006mbby82,Menzies School of Health Research,Child,Release
38685,https://github.com/ror-community/ror-updates/issues/38685,Modify the information in an existing ROR record: Hospital Regional de Talca - https://ror.org/04yzyns28,Hospital Regional de Talca,https://ror.org/04yzyns28,https://ror.org/01s4gpq44,University of Talca,Related,Production
38685,https://github.com/ror-community/ror-updates/issues/38685,Modify the information in an existing ROR record: Hospital Regional de Talca - https://ror.org/04yzyns28,University of Talca,https://ror.org/01s4gpq44,https://ror.org/04yzyns28,Hospital Regional de Talca,Related,Release
38686,https://github.com/ror-community/ror-updates/issues/38686,Modify the information in an existing ROR record: Western Sydney University - https://ror.org/03t52dk35,Western Sydney University,https://ror.org/03t52dk35,https://ror.org/04xx5ce35,Fairfield Hospital,Related,Production
38686,https://github.com/ror-community/ror-updates/issues/38686,Modify the information in an existing ROR record: Western Sydney University - https://ror.org/03t52dk35,Fairfield Hospital,https://ror.org/04xx5ce35,https://ror.org/03t52dk35,Western Sydney University,Related,Release
38686,https://github.com/ror-community/ror-updates/issues/38686,Modify the information in an existing ROR record: Western Sydney University - https://ror.org/03t52dk35,Western Sydney University,https://ror.org/03t52dk35,https://ror.org/004kvma63,Lismore Base Hospital,Related,Production
38686,https://github.com/ror-community/ror-updates/issues/38686,Modify the information in an existing ROR record: Western Sydney University - https://ror.org/03t52dk35,Lismore Base Hospital,https://ror.org/004kvma63,https://ror.org/03t52dk35,Western Sydney University,Related,Release
38687,https://github.com/ror-community/ror-updates/issues/38687,Modify the information in an existing ROR record: Monash University Malaysia - https://ror.org/00yncr324,Monash University Malaysia,https://ror.org/00yncr324,https://ror.org/02bfwt286,Monash University,Parent,Production
38687,https://github.com/ror-community/ror-updates/issues/38687,Modify the information in an existing ROR record: Monash University Malaysia - https://ror.org/00yncr324,Monash University,https://ror.org/02bfwt286,https://ror.org/00yncr324,Monash University Malaysia,Child,Release
38688,https://github.com/ror-community/ror-updates/issues/38688,Modify the information in an existing ROR record: Izmir Atatürk Eğitim ve Araştırma Hastanesi - https://ror.org/03max4q92,Izmir Atatürk Eğitim ve Araştırma Hastanesi,https://ror.org/03max4q92,https://ror.org/024nx4843,Izmir Kâtip Çelebi University,Parent,Production
38688,https://github.com/ror-community/ror-updates/issues/38688,Modify the information in an existing ROR record: Izmir Atatürk Eğitim ve Araştırma Hastanesi - https://ror.org/03max4q92,Izmir Kâtip Çelebi University,https://ror.org/024nx4843,https://ror.org/03max4q92,Izmir Atatürk Eğitim ve Araştırma Hastanesi,Child,Release
38689,https://github.com/ror-community/ror-updates/issues/38689,Modify the information in an existing ROR record: SRM Dental College - https://ror.org/01bd1sf38,SRM Dental College,https://ror.org/01bd1sf38,https://ror.org/050113w36,SRM Institute of Science and Technology,Parent,Production
38689,https://github.com/ror-community/ror-updates/issues/38689,Modify the information in an existing ROR record: SRM Dental College - https://ror.org/01bd1sf38,SRM Institute of Science and Technology,https://ror.org/050113w36,https://ror.org/01bd1sf38,SRM Dental College,Child,Release
38690,https://github.com/ror-community/ror-updates/issues/38690,Modify the information in an existing ROR record: Qinghai University Affiliated Hospital - https://ror.org/000j1tr86,Qinghai University Affiliated Hospital,https://ror.org/000j1tr86,https://ror.org/05h33bt13,Qinghai University,Related,Production
38690,https://github.com/ror-community/ror-updates/issues/38690,Modify the information in an existing ROR record: Qinghai University Affiliated Hospital - https://ror.org/000j1tr86,Qinghai University,https://ror.org/05h33bt13,https://ror.org/000j1tr86,Qinghai University Affiliated Hospital,Related,Release
38691,https://github.com/ror-community/ror-updates/issues/38691,Modify the information in an existing ROR record: Zhejiang Provincial People's Hospital - https://ror.org/03k14e164,Zhejiang Provincial People's Hospital,https://ror.org/03k14e164,https://ror.org/05gpas306,Hangzhou Medical College,Related,Production
38691,https://github.com/ror-community/ror-updates/issues/38691,Modify the information in an existing ROR record: Zhejiang Provincial People's Hospital - https://ror.org/03k14e164,Hangzhou Medical College,https://ror.org/05gpas306,https://ror.org/03k14e164,Zhejiang Provincial People's Hospital,Related,Release
38692,https://github.com/ror-community/ror-updates/issues/38692,Modify the information in an existing ROR record: Chengdu University of Traditional Chinese Medicine - https://ror.org/00pcrz470,Chengdu University of Traditional Chinese Medicine,https://ror.org/00pcrz470,https://ror.org/011kf5918,Mianyang Institute of Traditional Chinese Medicine,Related,Production
38692,https://github.com/ror-community/ror-updates/issues/38692,Modify the information in an existing ROR record: Chengdu University of Traditional Chinese Medicine - https://ror.org/00pcrz470,Mianyang Institute of Traditional Chinese Medicine,https://ror.org/011kf5918,https://ror.org/00pcrz470,Chengdu University of Traditional Chinese Medicine,Related,Release
38692,https://github.com/ror-community/ror-updates/issues/38692,Modify the information in an existing ROR record: Chengdu University of Traditional Chinese Medicine - https://ror.org/00pcrz470,Chengdu University of Traditional Chinese Medicine,https://ror.org/00pcrz470,https://ror.org/03q33dp04,Sichuan Provincial Hospital of Traditional Chinese Medicine,Related,Production
38692,https://github.com/ror-community/ror-updates/issues/38692,Modify the information in an existing ROR record: Chengdu University of Traditional Chinese Medicine - https://ror.org/00pcrz470,Sichuan Provincial Hospital of Traditional Chinese Medicine,https://ror.org/03q33dp04,https://ror.org/00pcrz470,Chengdu University of Traditional Chinese Medicine,Related,Release
38693,https://github.com/ror-community/ror-updates/issues/38693,Modify the information in an existing ROR record: Jining First People's Hospital - https://ror.org/04gs6v336,Jining First People's Hospital,https://ror.org/04gs6v336,https://ror.org/03zn9gq54,Jining Medical University,Related,Production
38693,https://github.com/ror-community/ror-updates/issues/38693,Modify the information in an existing ROR record: Jining First People's Hospital - https://ror.org/04gs6v336,Jining Medical University,https://ror.org/03zn9gq54,https://ror.org/04gs6v336,Jining First People's Hospital,Related,Release
38694,https://github.com/ror-community/ror-updates/issues/38694,Modify the information in an existing ROR record: First Affiliated Hospital of Liaoning Medical University - https://ror.org/00yx0s761,First Affiliated Hospital of Liaoning Medical University,https://ror.org/00yx0s761,https://ror.org/02yd1yr68,Jinzhou Medical University,Related,Production
38694,https://github.com/ror-community/ror-updates/issues/38694,Modify the information in an existing ROR record: First Affiliated Hospital of Liaoning Medical University - https://ror.org/00yx0s761,Jinzhou Medical University,https://ror.org/02yd1yr68,https://ror.org/00yx0s761,First Affiliated Hospital of Liaoning Medical University,Related,Release
38695,https://github.com/ror-community/ror-updates/issues/38695,Modify the information in an existing ROR record: SKEMA Business School - https://ror.org/036h8vg94,SKEMA Business School,https://ror.org/036h8vg94,https://ror.org/019tgvf94,Université Côte d'Azur,Related,Production
38695,https://github.com/ror-community/ror-updates/issues/38695,Modify the information in an existing ROR record: SKEMA Business School - https://ror.org/036h8vg94,Université Côte d'Azur,https://ror.org/019tgvf94,https://ror.org/036h8vg94,SKEMA Business School,Related,Release
38696,https://github.com/ror-community/ror-updates/issues/38696,Modify the information in an existing ROR record: Carilion Clinic - https://ror.org/02rsjh069,Carilion Clinic,https://ror.org/02rsjh069,https://ror.org/02smfhw86,Virginia Tech,Parent,Production
38696,https://github.com/ror-community/ror-updates/issues/38696,Modify the information in an existing ROR record: Carilion Clinic - https://ror.org/02rsjh069,Virginia Tech,https://ror.org/02smfhw86,https://ror.org/02rsjh069,Carilion Clinic,Child,Release
38697,https://github.com/ror-community/ror-updates/issues/38697,Modify the information in an existing ROR record: Institut de Cancérologie de l'Ouest - https://ror.org/01m6as704,Institut de Cancérologie de l'Ouest,https://ror.org/01m6as704,https://ror.org/04yrqp957,Université d'Angers,Related,Production
38697,https://github.com/ror-community/ror-updates/issues/38697,Modify the information in an existing ROR record: Institut de Cancérologie de l'Ouest - https://ror.org/01m6as704,Université d'Angers,https://ror.org/04yrqp957,https://ror.org/01m6as704,Institut de Cancérologie de l'Ouest,Related,Release
38698,https://github.com/ror-community/ror-updates/issues/38698,Modify the information in an existing ROR record: Institut Bergonié - https://ror.org/02yw1f353,Institut Bergonié,https://ror.org/02yw1f353,https://ror.org/057qpr032,Université de Bordeaux,Related,Production
38698,https://github.com/ror-community/ror-updates/issues/38698,Modify the information in an existing ROR record: Institut Bergonié - https://ror.org/02yw1f353,Université de Bordeaux,https://ror.org/057qpr032,https://ror.org/02yw1f353,Institut Bergonié,Related,Release
38699,https://github.com/ror-community/ror-updates/issues/38699,Modify the information in an existing ROR record: Institut Jean Godinot - https://ror.org/05qjz5228,Institut Jean Godinot,https://ror.org/05qjz5228,https://ror.org/03hypw319,Université de Reims Champagne-Ardenne,Related,Production
38699,https://github.com/ror-community/ror-updates/issues/38699,Modify the information in an existing ROR record: Institut Jean Godinot - https://ror.org/05qjz5228,Université de Reims Champagne-Ardenne,https://ror.org/03hypw319,https://ror.org/05qjz5228,Institut Jean Godinot,Related,Release
38700,https://github.com/ror-community/ror-updates/issues/38700,Modify the information in an existing ROR record: Centre Hospitalier Régional de Metz-Thionville - https://ror.org/02d741577,Centre Hospitalier Régional de Metz-Thionville,https://ror.org/02d741577,https://ror.org/04vfs2w97,Université de Lorraine,Related,Production
38700,https://github.com/ror-community/ror-updates/issues/38700,Modify the information in an existing ROR record: Centre Hospitalier Régional de Metz-Thionville - https://ror.org/02d741577,Université de Lorraine,https://ror.org/04vfs2w97,https://ror.org/02d741577,Centre Hospitalier Régional de Metz-Thionville,Related,Release
38701,https://github.com/ror-community/ror-updates/issues/38701,Modify the information in an existing ROR record: Coombe Women & Infants University Hospital - https://ror.org/00bx71042,Coombe Women & Infants University Hospital,https://ror.org/00bx71042,https://ror.org/05m7pjf47,University College Dublin,Related,Production
38701,https://github.com/ror-community/ror-updates/issues/38701,Modify the information in an existing ROR record: Coombe Women & Infants University Hospital - https://ror.org/00bx71042,University College Dublin,https://ror.org/05m7pjf47,https://ror.org/00bx71042,Coombe Women & Infants University Hospital,Related,Release
38702,https://github.com/ror-community/ror-updates/issues/38702,Modify the information in an existing ROR record: Azienda Socio Sanitaria Territoriale Grande Ospedale Metropolitano Niguarda - https://ror.org/00htrxv69,Azienda Socio Sanitaria Territoriale Grande Ospedale Metropolitano Niguarda,https://ror.org/00htrxv69,https://ror.org/00wjc7c48,University of Milan,Related,Production
38702,https://github.com/ror-community/ror-updates/issues/38702,Modify the information in an existing ROR record: Azienda Socio Sanitaria Territoriale Grande Ospedale Metropolitano Niguarda - https://ror.org/00htrxv69,University of Milan,https://ror.org/00wjc7c48,https://ror.org/00htrxv69,Azienda Socio Sanitaria Territoriale Grande Ospedale Metropolitano Niguarda,Related,Release
38703,https://github.com/ror-community/ror-updates/issues/38703,Modify the information in an existing ROR record: Azienda Ospedaliero-Universitaria Cagliari - https://ror.org/034qxt397,Azienda Ospedaliero-Universitaria Cagliari,https://ror.org/034qxt397,https://ror.org/003109y17,University of Cagliari,Related,Production
38703,https://github.com/ror-community/ror-updates/issues/38703,Modify the information in an existing ROR record: Azienda Ospedaliero-Universitaria Cagliari - https://ror.org/034qxt397,University of Cagliari,https://ror.org/003109y17,https://ror.org/034qxt397,Azienda Ospedaliero-Universitaria Cagliari,Related,Release
38704,https://github.com/ror-community/ror-updates/issues/38704,Modify the information in an existing ROR record: Ospedali Riuniti di Foggia - https://ror.org/00g0x9d29,Ospedali Riuniti di Foggia,https://ror.org/00g0x9d29,https://ror.org/01xtv3204,University of Foggia,Related,Production
38704,https://github.com/ror-community/ror-updates/issues/38704,Modify the information in an existing ROR record: Ospedali Riuniti di Foggia - https://ror.org/00g0x9d29,University of Foggia,https://ror.org/01xtv3204,https://ror.org/00g0x9d29,Ospedali Riuniti di Foggia,Related,Release
38705,https://github.com/ror-community/ror-updates/issues/38705,Modify the information in an existing ROR record: Ospedali Riuniti San Giovanni di Dio e Ruggi d'Aragona - https://ror.org/04etf9p48,Ospedali Riuniti San Giovanni di Dio e Ruggi d'Aragona,https://ror.org/04etf9p48,https://ror.org/0192m2k53,University of Salerno,Related,Production
38705,https://github.com/ror-community/ror-updates/issues/38705,Modify the information in an existing ROR record: Ospedali Riuniti San Giovanni di Dio e Ruggi d'Aragona - https://ror.org/04etf9p48,University of Salerno,https://ror.org/0192m2k53,https://ror.org/04etf9p48,Ospedali Riuniti San Giovanni di Dio e Ruggi d'Aragona,Related,Release
38706,https://github.com/ror-community/ror-updates/issues/38706,Modify the information in an existing ROR record: Institut Universitaire Kurt Bösch - https://ror.org/027mjht27,Institut Universitaire Kurt Bösch,https://ror.org/027mjht27,https://ror.org/019whta54,University of Lausanne,Parent,Production
38706,https://github.com/ror-community/ror-updates/issues/38706,Modify the information in an existing ROR record: Institut Universitaire Kurt Bösch - https://ror.org/027mjht27,University of Lausanne,https://ror.org/019whta54,https://ror.org/027mjht27,Institut Universitaire Kurt Bösch,Child,Release
38706,https://github.com/ror-community/ror-updates/issues/38706,Modify the information in an existing ROR record: Institut Universitaire Kurt Bösch - https://ror.org/027mjht27,Institut Universitaire Kurt Bösch,https://ror.org/027mjht27,https://ror.org/01swzsf04,University of Geneva,Parent,Production
38706,https://github.com/ror-community/ror-updates/issues/38706,Modify the information in an existing ROR record: Institut Universitaire Kurt Bösch - https://ror.org/027mjht27,University of Geneva,https://ror.org/01swzsf04,https://ror.org/027mjht27,Institut Universitaire Kurt Bösch,Child,Release
38707,https://github.com/ror-community/ror-updates/issues/38707,Modify the information in an existing ROR record: International University Institute - https://ror.org/03pqf0084,International University Institute,https://ror.org/03pqf0084,https://ror.org/042aqky30,Technische Universität Dresden,Parent,Production
38707,https://github.com/ror-community/ror-updates/issues/38707,Modify the information in an existing ROR record: International University Institute - https://ror.org/03pqf0084,Technische Universität Dresden,https://ror.org/042aqky30,https://ror.org/03pqf0084,International University Institute,Child,Release
38708,https://github.com/ror-community/ror-updates/issues/38708,Modify the information in an existing ROR record: Center for Economic Research and Graduate Education – Economics Institute - https://ror.org/0362ttz08,Center for Economic Research and Graduate Education – Economics Institute,https://ror.org/0362ttz08,https://ror.org/024d6js02,Charles University,Parent,Production
38708,https://github.com/ror-community/ror-updates/issues/38708,Modify the information in an existing ROR record: Center for Economic Research and Graduate Education – Economics Institute - https://ror.org/0362ttz08,Charles University,https://ror.org/024d6js02,https://ror.org/0362ttz08,Center for Economic Research and Graduate Education – Economics Institute,Child,Release
38708,https://github.com/ror-community/ror-updates/issues/38708,Modify the information in an existing ROR record: Center for Economic Research and Graduate Education – Economics Institute - https://ror.org/0362ttz08,Center for Economic Research and Graduate Education – Economics Institute,https://ror.org/0362ttz08,https://ror.org/053avzc18,Czech Academy of Sciences,Parent,Production
38708,https://github.com/ror-community/ror-updates/issues/38708,Modify the information in an existing ROR record: Center for Economic Research and Graduate Education – Economics Institute - https://ror.org/0362ttz08,Czech Academy of Sciences,https://ror.org/053avzc18,https://ror.org/0362ttz08,Center for Economic Research and Graduate Education – Economics Institute,Child,Release
38709,https://github.com/ror-community/ror-updates/issues/38709,Modify the information in an existing ROR record: Oldenburger Institut für Informatik - https://ror.org/003sav189,Oldenburger Institut für Informatik,https://ror.org/003sav189,https://ror.org/033n9gh91,Carl von Ossietzky Universität Oldenburg,Parent,Production
38709,https://github.com/ror-community/ror-updates/issues/38709,Modify the information in an existing ROR record: Oldenburger Institut für Informatik - https://ror.org/003sav189,Carl von Ossietzky Universität Oldenburg,https://ror.org/033n9gh91,https://ror.org/003sav189,Oldenburger Institut für Informatik,Child,Release
38710,https://github.com/ror-community/ror-updates/issues/38710,Modify the information in an existing ROR record: Danish National Institute of Public Health - https://ror.org/012bzsw43,Danish National Institute of Public Health,https://ror.org/012bzsw43,https://ror.org/03yrrjy16,University of Southern Denmark,Parent,Production
38710,https://github.com/ror-community/ror-updates/issues/38710,Modify the information in an existing ROR record: Danish National Institute of Public Health - https://ror.org/012bzsw43,University of Southern Denmark,https://ror.org/03yrrjy16,https://ror.org/012bzsw43,Danish National Institute of Public Health,Child,Release
38711,https://github.com/ror-community/ror-updates/issues/38711,Modify the information in an existing ROR record: International Center for Numerical Methods in Engineering - https://ror.org/03ej8a714,International Center for Numerical Methods in Engineering,https://ror.org/03ej8a714,https://ror.org/05sd8tv96,Barcelona Supercomputing Center,Parent,Production
38711,https://github.com/ror-community/ror-updates/issues/38711,Modify the information in an existing ROR record: International Center for Numerical Methods in Engineering - https://ror.org/03ej8a714,Barcelona Supercomputing Center,https://ror.org/05sd8tv96,https://ror.org/03ej8a714,International Center for Numerical Methods in Engineering,Child,Release
38712,https://github.com/ror-community/ror-updates/issues/38712,Modify the information in an existing ROR record: Ecole d'Ingénieurs de PURPAN - https://ror.org/008bwpw24,Ecole d'Ingénieurs de PURPAN,https://ror.org/008bwpw24,https://ror.org/033p9g875,Institut National Polytechnique de Toulouse,Parent,Production
38712,https://github.com/ror-community/ror-updates/issues/38712,Modify the information in an existing ROR record: Ecole d'Ingénieurs de PURPAN - https://ror.org/008bwpw24,Institut National Polytechnique de Toulouse,https://ror.org/033p9g875,https://ror.org/008bwpw24,Ecole d'Ingénieurs de PURPAN,Child,Release
38713,https://github.com/ror-community/ror-updates/issues/38713,Modify the information in an existing ROR record: École Nationale Supérieure de Chimie de Montpellier - https://ror.org/03sgyqj04,École Nationale Supérieure de Chimie de Montpellier,https://ror.org/03sgyqj04,https://ror.org/051escj72,Université de Montpellier,Parent,Production
38713,https://github.com/ror-community/ror-updates/issues/38713,Modify the information in an existing ROR record: École Nationale Supérieure de Chimie de Montpellier - https://ror.org/03sgyqj04,Université de Montpellier,https://ror.org/051escj72,https://ror.org/03sgyqj04,École Nationale Supérieure de Chimie de Montpellier,Child,Release
38714,https://github.com/ror-community/ror-updates/issues/38714,Modify the information in an existing ROR record: École Nationale Supérieure d'Architecture de Grenoble - https://ror.org/01yxtfe92,École Nationale Supérieure d'Architecture de Grenoble,https://ror.org/01yxtfe92,https://ror.org/02rx3b187,Université Grenoble Alpes,Parent,Production
38714,https://github.com/ror-community/ror-updates/issues/38714,Modify the information in an existing ROR record: École Nationale Supérieure d'Architecture de Grenoble - https://ror.org/01yxtfe92,Université Grenoble Alpes,https://ror.org/02rx3b187,https://ror.org/01yxtfe92,École Nationale Supérieure d'Architecture de Grenoble,Child,Release
38715,https://github.com/ror-community/ror-updates/issues/38715,Modify the information in an existing ROR record: École Supérieure des Beaux-Arts de Nantes Métropole - https://ror.org/00xd6tp42,École Supérieure des Beaux-Arts de Nantes Métropole,https://ror.org/00xd6tp42,https://ror.org/03gnr7b55,Nantes Université,Parent,Production
38715,https://github.com/ror-community/ror-updates/issues/38715,Modify the information in an existing ROR record: École Supérieure des Beaux-Arts de Nantes Métropole - https://ror.org/00xd6tp42,Nantes Université,https://ror.org/03gnr7b55,https://ror.org/00xd6tp42,École Supérieure des Beaux-Arts de Nantes Métropole,Child,Release
38716,https://github.com/ror-community/ror-updates/issues/38716,Modify the information in an existing ROR record: Collège de France - https://ror.org/04ex24z53,Collège de France,https://ror.org/04ex24z53,https://ror.org/013cjyk83,Université Paris Sciences et Lettres,Related,Production
38716,https://github.com/ror-community/ror-updates/issues/38716,Modify the information in an existing ROR record: Collège de France - https://ror.org/04ex24z53,Université Paris Sciences et Lettres,https://ror.org/013cjyk83,https://ror.org/04ex24z53,Collège de France,Related,Release
38717,https://github.com/ror-community/ror-updates/issues/38717,Modify the information in an existing ROR record: Institut des Hautes Études Scientifiques - https://ror.org/05d5m2r55,Institut des Hautes Études Scientifiques,https://ror.org/05d5m2r55,https://ror.org/03xjwb503,Université Paris-Saclay,Parent,Production
38717,https://github.com/ror-community/ror-updates/issues/38717,Modify the information in an existing ROR record: Institut des Hautes Études Scientifiques - https://ror.org/05d5m2r55,Université Paris-Saclay,https://ror.org/03xjwb503,https://ror.org/05d5m2r55,Institut des Hautes Études Scientifiques,Child,Release
38718,https://github.com/ror-community/ror-updates/issues/38718,Modify the information in an existing ROR record: Institut de la Vision - https://ror.org/000zhpw23,Institut de la Vision,https://ror.org/000zhpw23,https://ror.org/02vjkv261,Inserm,Parent,Production
38718,https://github.com/ror-community/ror-updates/issues/38718,Modify the information in an existing ROR record: Institut de la Vision - https://ror.org/000zhpw23,Inserm,https://ror.org/02vjkv261,https://ror.org/000zhpw23,Institut de la Vision,Child,Release
38719,https://github.com/ror-community/ror-updates/issues/38719,Modify the information in an existing ROR record: École Nationale Supérieure d'Architecture de Strasbourg - https://ror.org/02btqjz37,École Nationale Supérieure d'Architecture de Strasbourg,https://ror.org/02btqjz37,https://ror.org/00pg6eq24,Université de Strasbourg,Parent,Production
38719,https://github.com/ror-community/ror-updates/issues/38719,Modify the information in an existing ROR record: École Nationale Supérieure d'Architecture de Strasbourg - https://ror.org/02btqjz37,Université de Strasbourg,https://ror.org/00pg6eq24,https://ror.org/02btqjz37,École Nationale Supérieure d'Architecture de Strasbourg,Child,Release
38720,https://github.com/ror-community/ror-updates/issues/38720,Modify the information in an existing ROR record: École des Ingénieurs de la Ville de Paris - https://ror.org/038k8pw28,École des Ingénieurs de la Ville de Paris,https://ror.org/038k8pw28,https://ror.org/03x42jk29,Université Gustave Eiffel,Parent,Production
38720,https://github.com/ror-community/ror-updates/issues/38720,Modify the information in an existing ROR record: École des Ingénieurs de la Ville de Paris - https://ror.org/038k8pw28,Université Gustave Eiffel,https://ror.org/03x42jk29,https://ror.org/038k8pw28,École des Ingénieurs de la Ville de Paris,Child,Release
38721,https://github.com/ror-community/ror-updates/issues/38721,Modify the information in an existing ROR record: École Nationale Supérieure d’Architecture Paris-Malaquais - https://ror.org/05hca2307,École Nationale Supérieure d’Architecture Paris-Malaquais,https://ror.org/05hca2307,https://ror.org/013cjyk83,Université Paris Sciences et Lettres,Parent,Production
38721,https://github.com/ror-community/ror-updates/issues/38721,Modify the information in an existing ROR record: École Nationale Supérieure d’Architecture Paris-Malaquais - https://ror.org/05hca2307,Université Paris Sciences et Lettres,https://ror.org/013cjyk83,https://ror.org/05hca2307,École Nationale Supérieure d’Architecture Paris-Malaquais,Child,Release
38721,https://github.com/ror-community/ror-updates/issues/38721,Modify the information in an existing ROR record: École Nationale Supérieure d’Architecture Paris-Malaquais - https://ror.org/05hca2307,École Nationale Supérieure d’Architecture Paris-Malaquais,https://ror.org/05hca2307,https://ror.org/0268ecp52,Paris-Est Sup,Related,Production
38721,https://github.com/ror-community/ror-updates/issues/38721,Modify the information in an existing ROR record: École Nationale Supérieure d’Architecture Paris-Malaquais - https://ror.org/05hca2307,Paris-Est Sup,https://ror.org/0268ecp52,https://ror.org/05hca2307,École Nationale Supérieure d’Architecture Paris-Malaquais,Related,Release
38722,https://github.com/ror-community/ror-updates/issues/38722,Modify the information in an existing ROR record: École Nationale Supérieure des Arts Décoratifs - https://ror.org/05xsxn838,École Nationale Supérieure des Arts Décoratifs,https://ror.org/05xsxn838,https://ror.org/013cjyk83,Université Paris Sciences et Lettres,Related,Production
38722,https://github.com/ror-community/ror-updates/issues/38722,Modify the information in an existing ROR record: École Nationale Supérieure des Arts Décoratifs - https://ror.org/05xsxn838,Université Paris Sciences et Lettres,https://ror.org/013cjyk83,https://ror.org/05xsxn838,École Nationale Supérieure des Arts Décoratifs,Related,Release
38723,https://github.com/ror-community/ror-updates/issues/38723,Modify the information in an existing ROR record: Conservatoire national supérieur de musique et de danse de Paris - https://ror.org/030h5jp79,Conservatoire national supérieur de musique et de danse de Paris,https://ror.org/030h5jp79,https://ror.org/013cjyk83,Université Paris Sciences et Lettres,Related,Production
38723,https://github.com/ror-community/ror-updates/issues/38723,Modify the information in an existing ROR record: Conservatoire national supérieur de musique et de danse de Paris - https://ror.org/030h5jp79,Université Paris Sciences et Lettres,https://ror.org/013cjyk83,https://ror.org/030h5jp79,Conservatoire national supérieur de musique et de danse de Paris,Related,Release
38724,https://github.com/ror-community/ror-updates/issues/38724,Modify the information in an existing ROR record: Institut Supérieur d'Électronique de Paris - https://ror.org/00yw34h52,Institut Supérieur d'Électronique de Paris,https://ror.org/00yw34h52,https://ror.org/043a7rc44,Institut catholique de paris,Related,Production
38724,https://github.com/ror-community/ror-updates/issues/38724,Modify the information in an existing ROR record: Institut Supérieur d'Électronique de Paris - https://ror.org/00yw34h52,Institut catholique de paris,https://ror.org/043a7rc44,https://ror.org/00yw34h52,Institut Supérieur d'Électronique de Paris,Related,Release
38725,https://github.com/ror-community/ror-updates/issues/38725,Modify the information in an existing ROR record: École Nationale Supérieure des Beaux-Arts - https://ror.org/01cdn3r29,École Nationale Supérieure des Beaux-Arts,https://ror.org/01cdn3r29,https://ror.org/013cjyk83,Université Paris Sciences et Lettres,Related,Production
38725,https://github.com/ror-community/ror-updates/issues/38725,Modify the information in an existing ROR record: École Nationale Supérieure des Beaux-Arts - https://ror.org/01cdn3r29,Université Paris Sciences et Lettres,https://ror.org/013cjyk83,https://ror.org/01cdn3r29,École Nationale Supérieure des Beaux-Arts,Related,Release
38726,https://github.com/ror-community/ror-updates/issues/38726,Modify the information in an existing ROR record: Ziekenhuis Oost-Limburg - https://ror.org/04fg7az81,Ziekenhuis Oost-Limburg,https://ror.org/04fg7az81,https://ror.org/04nbhqj75,Hasselt University,Related,Production
38726,https://github.com/ror-community/ror-updates/issues/38726,Modify the information in an existing ROR record: Ziekenhuis Oost-Limburg - https://ror.org/04fg7az81,Hasselt University,https://ror.org/04nbhqj75,https://ror.org/04fg7az81,Ziekenhuis Oost-Limburg,Related,Release
38727,https://github.com/ror-community/ror-updates/issues/38727,Modify the information in an existing ROR record: Berlin Brandenburg Institute of Advanced Biodiversity Research - https://ror.org/02ewzby52,Berlin Brandenburg Institute of Advanced Biodiversity Research,https://ror.org/02ewzby52,https://ror.org/046ak2485,Freie Universität Berlin,Parent,Production
38727,https://github.com/ror-community/ror-updates/issues/38727,Modify the information in an existing ROR record: Berlin Brandenburg Institute of Advanced Biodiversity Research - https://ror.org/02ewzby52,Freie Universität Berlin,https://ror.org/046ak2485,https://ror.org/02ewzby52,Berlin Brandenburg Institute of Advanced Biodiversity Research,Child,Release
38728,https://github.com/ror-community/ror-updates/issues/38728,Modify the information in an existing ROR record: Centro Hospitalar do Porto - https://ror.org/04dwpyh46,Centro Hospitalar do Porto,https://ror.org/04dwpyh46,https://ror.org/043pwc612,Universidade do Porto,Related,Production
38728,https://github.com/ror-community/ror-updates/issues/38728,Modify the information in an existing ROR record: Centro Hospitalar do Porto - https://ror.org/04dwpyh46,Universidade do Porto,https://ror.org/043pwc612,https://ror.org/04dwpyh46,Centro Hospitalar do Porto,Related,Release
38729,https://github.com/ror-community/ror-updates/issues/38729,Modify the information in an existing ROR record: École Nationale Supérieure d'Architecture de Versailles - https://ror.org/02ptn8z56,École Nationale Supérieure d'Architecture de Versailles,https://ror.org/02ptn8z56,https://ror.org/03xjwb503,Université Paris-Saclay,Related,Production
38729,https://github.com/ror-community/ror-updates/issues/38729,Modify the information in an existing ROR record: École Nationale Supérieure d'Architecture de Versailles - https://ror.org/02ptn8z56,Université Paris-Saclay,https://ror.org/03xjwb503,https://ror.org/02ptn8z56,École Nationale Supérieure d'Architecture de Versailles,Related,Release
38730,https://github.com/ror-community/ror-updates/issues/38730,Modify the information in an existing ROR record: École Spéciale des Travaux Publics - https://ror.org/04nwg1t42,École Spéciale des Travaux Publics,https://ror.org/04nwg1t42,https://ror.org/0268ecp52,Paris-Est Sup,Related,Production
38730,https://github.com/ror-community/ror-updates/issues/38730,Modify the information in an existing ROR record: École Spéciale des Travaux Publics - https://ror.org/04nwg1t42,Paris-Est Sup,https://ror.org/0268ecp52,https://ror.org/04nwg1t42,École Spéciale des Travaux Publics,Related,Release
38731,https://github.com/ror-community/ror-updates/issues/38731,Modify the information in an existing ROR record: École Nationale Vétérinaire de Toulouse - https://ror.org/03m3gzv89,École Nationale Vétérinaire de Toulouse,https://ror.org/03m3gzv89,https://ror.org/033p9g875,Institut National Polytechnique de Toulouse,Parent,Production
38731,https://github.com/ror-community/ror-updates/issues/38731,Modify the information in an existing ROR record: École Nationale Vétérinaire de Toulouse - https://ror.org/03m3gzv89,Institut National Polytechnique de Toulouse,https://ror.org/033p9g875,https://ror.org/03m3gzv89,École Nationale Vétérinaire de Toulouse,Child,Release
38732,https://github.com/ror-community/ror-updates/issues/38732,Modify the information in an existing ROR record: Sciences Po Grenoble - https://ror.org/03c7zyj82,Sciences Po Grenoble,https://ror.org/03c7zyj82,https://ror.org/02rx3b187,Université Grenoble Alpes,Parent,Production
38732,https://github.com/ror-community/ror-updates/issues/38732,Modify the information in an existing ROR record: Sciences Po Grenoble - https://ror.org/03c7zyj82,Université Grenoble Alpes,https://ror.org/02rx3b187,https://ror.org/03c7zyj82,Sciences Po Grenoble,Child,Release
38733,https://github.com/ror-community/ror-updates/issues/38733,Modify the information in an existing ROR record: Sciences Po Aix - https://ror.org/0406m4x33,Sciences Po Aix,https://ror.org/0406m4x33,https://ror.org/035xkbk20,Aix-Marseille Université,Related,Production
38733,https://github.com/ror-community/ror-updates/issues/38733,Modify the information in an existing ROR record: Sciences Po Aix - https://ror.org/0406m4x33,Aix-Marseille Université,https://ror.org/035xkbk20,https://ror.org/0406m4x33,Sciences Po Aix,Related,Release
38734,https://github.com/ror-community/ror-updates/issues/38734,Modify the information in an existing ROR record: Sciences Po Lille - https://ror.org/05dm31p35,Sciences Po Lille,https://ror.org/05dm31p35,https://ror.org/02kzqn938,Université de Lille,Parent,Production
38734,https://github.com/ror-community/ror-updates/issues/38734,Modify the information in an existing ROR record: Sciences Po Lille - https://ror.org/05dm31p35,Université de Lille,https://ror.org/02kzqn938,https://ror.org/05dm31p35,Sciences Po Lille,Child,Release
38735,https://github.com/ror-community/ror-updates/issues/38735,Modify the information in an existing ROR record: Institut national supérieur de formation et de recherche pour l'éducation inclusive - https://ror.org/021v2ka51,Institut national supérieur de formation et de recherche pour l'éducation inclusive,https://ror.org/021v2ka51,https://ror.org/03b4d6f26,Université Paris Lumières,Related,Production
38735,https://github.com/ror-community/ror-updates/issues/38735,Modify the information in an existing ROR record: Institut national supérieur de formation et de recherche pour l'éducation inclusive - https://ror.org/021v2ka51,Université Paris Lumières,https://ror.org/03b4d6f26,https://ror.org/021v2ka51,Institut national supérieur de formation et de recherche pour l'éducation inclusive,Related,Release
38736,https://github.com/ror-community/ror-updates/issues/38736,Modify the information in an existing ROR record: École Française d'Extrême-Orient - https://ror.org/00fmnpw63,École Française d'Extrême-Orient,https://ror.org/00fmnpw63,https://ror.org/013cjyk83,Université Paris Sciences et Lettres,Related,Production
38736,https://github.com/ror-community/ror-updates/issues/38736,Modify the information in an existing ROR record: École Française d'Extrême-Orient - https://ror.org/00fmnpw63,Université Paris Sciences et Lettres,https://ror.org/013cjyk83,https://ror.org/00fmnpw63,École Française d'Extrême-Orient,Related,Release
38737,https://github.com/ror-community/ror-updates/issues/38737,Modify the information in an existing ROR record: All Hallows College - https://ror.org/0450swy91,All Hallows College,https://ror.org/0450swy91,https://ror.org/04a1a1e81,Dublin City University,Successor,Production
38737,https://github.com/ror-community/ror-updates/issues/38737,Modify the information in an existing ROR record: All Hallows College - https://ror.org/0450swy91,Dublin City University,https://ror.org/04a1a1e81,https://ror.org/0450swy91,All Hallows College,Predecessor,Release
38738,https://github.com/ror-community/ror-updates/issues/38738,Modify the information in an existing ROR record: Cancer Research UK Manchester Institute - https://ror.org/037405c78,Cancer Research UK Manchester Institute,https://ror.org/037405c78,https://ror.org/027m9bs27,University of Manchester,Parent,Production
38738,https://github.com/ror-community/ror-updates/issues/38738,Modify the information in an existing ROR record: Cancer Research UK Manchester Institute - https://ror.org/037405c78,University of Manchester,https://ror.org/027m9bs27,https://ror.org/037405c78,Cancer Research UK Manchester Institute,Child,Release
38739,https://github.com/ror-community/ror-updates/issues/38739,Modify the information in an existing ROR record: Martin University Hospital - https://ror.org/05xpx5s03,Martin University Hospital,https://ror.org/05xpx5s03,https://ror.org/0587ef340,Comenius University Bratislava,Parent,Production
38739,https://github.com/ror-community/ror-updates/issues/38739,Modify the information in an existing ROR record: Martin University Hospital - https://ror.org/05xpx5s03,Comenius University Bratislava,https://ror.org/0587ef340,https://ror.org/05xpx5s03,Martin University Hospital,Child,Release
38740,https://github.com/ror-community/ror-updates/issues/38740,Modify the information in an existing ROR record: Jessa Hospital - https://ror.org/00qkhxq50,Jessa Hospital,https://ror.org/00qkhxq50,https://ror.org/04nbhqj75,Hasselt University,Related,Production
38740,https://github.com/ror-community/ror-updates/issues/38740,Modify the information in an existing ROR record: Jessa Hospital - https://ror.org/00qkhxq50,Hasselt University,https://ror.org/04nbhqj75,https://ror.org/00qkhxq50,Jessa Hospital,Related,Release
38741,https://github.com/ror-community/ror-updates/issues/38741,Modify the information in an existing ROR record: University Specialized Hospital for Active Treatment of Endocrinology - https://ror.org/019bv8923,University Specialized Hospital for Active Treatment of Endocrinology,https://ror.org/019bv8923,https://ror.org/01n9zy652,Medical University of Sofia,Related,Production
38741,https://github.com/ror-community/ror-updates/issues/38741,Modify the information in an existing ROR record: University Specialized Hospital for Active Treatment of Endocrinology - https://ror.org/019bv8923,Medical University of Sofia,https://ror.org/01n9zy652,https://ror.org/019bv8923,University Specialized Hospital for Active Treatment of Endocrinology,Related,Release
38742,https://github.com/ror-community/ror-updates/issues/38742,Modify the information in an existing ROR record: BG Klinikum Bergmannstrost Halle - https://ror.org/042g9vq32,BG Klinikum Bergmannstrost Halle,https://ror.org/042g9vq32,https://ror.org/05gqaka33,Martin Luther University Halle-Wittenberg,Related,Production
38742,https://github.com/ror-community/ror-updates/issues/38742,Modify the information in an existing ROR record: BG Klinikum Bergmannstrost Halle - https://ror.org/042g9vq32,Martin Luther University Halle-Wittenberg,https://ror.org/05gqaka33,https://ror.org/042g9vq32,BG Klinikum Bergmannstrost Halle,Related,Release
38743,https://github.com/ror-community/ror-updates/issues/38743,Modify the information in an existing ROR record: Institut d'Investigació en Ciències de la Salut Germans Trias i Pujol - https://ror.org/03bzdww12,Institut d'Investigació en Ciències de la Salut Germans Trias i Pujol,https://ror.org/03bzdww12,https://ror.org/04wxdxa47,Hospital Universitari Germans Trias i Pujol,Related,Production
38743,https://github.com/ror-community/ror-updates/issues/38743,Modify the information in an existing ROR record: Institut d'Investigació en Ciències de la Salut Germans Trias i Pujol - https://ror.org/03bzdww12,Hospital Universitari Germans Trias i Pujol,https://ror.org/04wxdxa47,https://ror.org/03bzdww12,Institut d'Investigació en Ciències de la Salut Germans Trias i Pujol,Related,Release
38744,https://github.com/ror-community/ror-updates/issues/38744,Modify the information in an existing ROR record: Meyer Children's Hospital - https://ror.org/01n2xwm51,Meyer Children's Hospital,https://ror.org/01n2xwm51,https://ror.org/04jr1s763,University of Florence,Related,Production
38744,https://github.com/ror-community/ror-updates/issues/38744,Modify the information in an existing ROR record: Meyer Children's Hospital - https://ror.org/01n2xwm51,University of Florence,https://ror.org/04jr1s763,https://ror.org/01n2xwm51,Meyer Children's Hospital,Related,Release
38745,https://github.com/ror-community/ror-updates/issues/38745,Modify the information in an existing ROR record: Faculty of Design - https://ror.org/04bw0hg47,Faculty of Design,https://ror.org/04bw0hg47,https://ror.org/05xefg082,University of Primorska,Related,Production
38745,https://github.com/ror-community/ror-updates/issues/38745,Modify the information in an existing ROR record: Faculty of Design - https://ror.org/04bw0hg47,University of Primorska,https://ror.org/05xefg082,https://ror.org/04bw0hg47,Faculty of Design,Related,Release
38746,https://github.com/ror-community/ror-updates/issues/38746,Modify the information in an existing ROR record: Kocaeli Üniversitesi Araştırma ve Uygulama Hastanesi - https://ror.org/00pzh0w90,Kocaeli Üniversitesi Araştırma ve Uygulama Hastanesi,https://ror.org/00pzh0w90,https://ror.org/0411seq30,Kocaeli Üniversitesi,Parent,Production
38746,https://github.com/ror-community/ror-updates/issues/38746,Modify the information in an existing ROR record: Kocaeli Üniversitesi Araştırma ve Uygulama Hastanesi - https://ror.org/00pzh0w90,Kocaeli Üniversitesi,https://ror.org/0411seq30,https://ror.org/00pzh0w90,Kocaeli Üniversitesi Araştırma ve Uygulama Hastanesi,Child,Release
38747,https://github.com/ror-community/ror-updates/issues/38747,Modify the information in an existing ROR record: Sakarya Eğitim ve Araştırma Hastanesi - https://ror.org/02h67ht97,Sakarya Eğitim ve Araştırma Hastanesi,https://ror.org/02h67ht97,https://ror.org/04ttnw109,Sakarya University,Parent,Production
38747,https://github.com/ror-community/ror-updates/issues/38747,Modify the information in an existing ROR record: Sakarya Eğitim ve Araştırma Hastanesi - https://ror.org/02h67ht97,Sakarya University,https://ror.org/04ttnw109,https://ror.org/02h67ht97,Sakarya Eğitim ve Araştırma Hastanesi,Child,Release
38748,https://github.com/ror-community/ror-updates/issues/38748,Modify the information in an existing ROR record: Sağlık Bilimleri Üniversitesi - https://ror.org/03k7bde87,Sağlık Bilimleri Üniversitesi,https://ror.org/03k7bde87,https://ror.org/02h67ht97,Sakarya Eğitim ve Araştırma Hastanesi,Related,Production
38748,https://github.com/ror-community/ror-updates/issues/38748,Modify the information in an existing ROR record: Sağlık Bilimleri Üniversitesi - https://ror.org/03k7bde87,Sakarya Eğitim ve Araştırma Hastanesi,https://ror.org/02h67ht97,https://ror.org/03k7bde87,Sağlık Bilimleri Üniversitesi,Related,Release
38749,https://github.com/ror-community/ror-updates/issues/38749,Modify the information in an existing ROR record: Dışkapı Yıldırım Beyazıt Eğitim ve Araştırma Hastanesi - https://ror.org/04bghze60,Dışkapı Yıldırım Beyazıt Eğitim ve Araştırma Hastanesi,https://ror.org/04bghze60,https://ror.org/03k7bde87,Sağlık Bilimleri Üniversitesi,Related,Production
38749,https://github.com/ror-community/ror-updates/issues/38749,Modify the information in an existing ROR record: Dışkapı Yıldırım Beyazıt Eğitim ve Araştırma Hastanesi - https://ror.org/04bghze60,Sağlık Bilimleri Üniversitesi,https://ror.org/03k7bde87,https://ror.org/04bghze60,Dışkapı Yıldırım Beyazıt Eğitim ve Araştırma Hastanesi,Related,Release
38750,https://github.com/ror-community/ror-updates/issues/38750,Modify the information in an existing ROR record: Stavanger University Hospital - https://ror.org/04zn72g03,Stavanger University Hospital,https://ror.org/04zn72g03,https://ror.org/03zga2b32,University of Bergen,Related,Production
38750,https://github.com/ror-community/ror-updates/issues/38750,Modify the information in an existing ROR record: Stavanger University Hospital - https://ror.org/04zn72g03,University of Bergen,https://ror.org/03zga2b32,https://ror.org/04zn72g03,Stavanger University Hospital,Related,Release
38751,https://github.com/ror-community/ror-updates/issues/38751,Modify the information in an existing ROR record: Antalya Eğitim ve Araştırma Hastanesi - https://ror.org/01ppcnz44,Antalya Eğitim ve Araştırma Hastanesi,https://ror.org/01ppcnz44,https://ror.org/03k7bde87,Sağlık Bilimleri Üniversitesi,Related,Production
38751,https://github.com/ror-community/ror-updates/issues/38751,Modify the information in an existing ROR record: Antalya Eğitim ve Araştırma Hastanesi - https://ror.org/01ppcnz44,Sağlık Bilimleri Üniversitesi,https://ror.org/03k7bde87,https://ror.org/01ppcnz44,Antalya Eğitim ve Araştırma Hastanesi,Related,Release
38752,https://github.com/ror-community/ror-updates/issues/38752,Modify the information in an existing ROR record: Nordsjællands Hospital - https://ror.org/016nge880,Nordsjællands Hospital,https://ror.org/016nge880,https://ror.org/05bpbnx46,Copenhagen University Hospital,Parent,Production
38752,https://github.com/ror-community/ror-updates/issues/38752,Modify the information in an existing ROR record: Nordsjællands Hospital - https://ror.org/016nge880,Copenhagen University Hospital,https://ror.org/05bpbnx46,https://ror.org/016nge880,Nordsjællands Hospital,Child,Release
38753,https://github.com/ror-community/ror-updates/issues/38753,Modify the information in an existing ROR record: University Hospital Kralovske Vinohrady - https://ror.org/04sg4ka71,University Hospital Kralovske Vinohrady,https://ror.org/04sg4ka71,https://ror.org/024d6js02,Charles University,Related,Production
38753,https://github.com/ror-community/ror-updates/issues/38753,Modify the information in an existing ROR record: University Hospital Kralovske Vinohrady - https://ror.org/04sg4ka71,Charles University,https://ror.org/024d6js02,https://ror.org/04sg4ka71,University Hospital Kralovske Vinohrady,Related,Release
38754,https://github.com/ror-community/ror-updates/issues/38754,Modify the information in an existing ROR record: Nanchong Central Hospital - https://ror.org/05n50qc07,Nanchong Central Hospital,https://ror.org/05n50qc07,https://ror.org/05k3sdc46,North Sichuan Medical University,Related,Production
38754,https://github.com/ror-community/ror-updates/issues/38754,Modify the information in an existing ROR record: Nanchong Central Hospital - https://ror.org/05n50qc07,North Sichuan Medical University,https://ror.org/05k3sdc46,https://ror.org/05n50qc07,Nanchong Central Hospital,Related,Release
38755,https://github.com/ror-community/ror-updates/issues/38755,Modify the information in an existing ROR record: Sichuan Mianyang 404 Hospital - https://ror.org/01nwt2j78,Sichuan Mianyang 404 Hospital,https://ror.org/01nwt2j78,https://ror.org/05k3sdc46,North Sichuan Medical University,Related,Production
38755,https://github.com/ror-community/ror-updates/issues/38755,Modify the information in an existing ROR record: Sichuan Mianyang 404 Hospital - https://ror.org/01nwt2j78,North Sichuan Medical University,https://ror.org/05k3sdc46,https://ror.org/01nwt2j78,Sichuan Mianyang 404 Hospital,Related,Release
38756,https://github.com/ror-community/ror-updates/issues/38756,Modify the information in an existing ROR record: Thiagarajar College of Engineering - https://ror.org/01rgfv364,Thiagarajar College of Engineering,https://ror.org/01rgfv364,https://ror.org/01qhf1r47,"Anna University, Chennai",Related,Production
38756,https://github.com/ror-community/ror-updates/issues/38756,Modify the information in an existing ROR record: Thiagarajar College of Engineering - https://ror.org/01rgfv364,"Anna University, Chennai",https://ror.org/01qhf1r47,https://ror.org/01rgfv364,Thiagarajar College of Engineering,Related,Release
38757,https://github.com/ror-community/ror-updates/issues/38757,Modify the information in an existing ROR record: Corporació Sanitària Parc Taulí - https://ror.org/02pg81z63,Corporació Sanitària Parc Taulí,https://ror.org/02pg81z63,https://ror.org/052g8jq94,Universitat Autònoma de Barcelona,Related,Production
38757,https://github.com/ror-community/ror-updates/issues/38757,Modify the information in an existing ROR record: Corporació Sanitària Parc Taulí - https://ror.org/02pg81z63,Universitat Autònoma de Barcelona,https://ror.org/052g8jq94,https://ror.org/02pg81z63,Corporació Sanitària Parc Taulí,Related,Release
38758,https://github.com/ror-community/ror-updates/issues/38758,Modify the information in an existing ROR record: Institut Supérieur des Matériaux du Mans - https://ror.org/001s4x714,Institut Supérieur des Matériaux du Mans,https://ror.org/001s4x714,https://ror.org/04f87d812,Centre d'Etudes Superieures Industrielles,Parent,Production
38758,https://github.com/ror-community/ror-updates/issues/38758,Modify the information in an existing ROR record: Institut Supérieur des Matériaux du Mans - https://ror.org/001s4x714,Centre d'Etudes Superieures Industrielles,https://ror.org/04f87d812,https://ror.org/001s4x714,Institut Supérieur des Matériaux du Mans,Child,Release
38759,https://github.com/ror-community/ror-updates/issues/38759,Modify the information in an existing ROR record: École Nationale de la Météorologie - https://ror.org/01bn93e28,École Nationale de la Météorologie,https://ror.org/01bn93e28,https://ror.org/033p9g875,Institut National Polytechnique de Toulouse,Parent,Production
38759,https://github.com/ror-community/ror-updates/issues/38759,Modify the information in an existing ROR record: École Nationale de la Météorologie - https://ror.org/01bn93e28,Institut National Polytechnique de Toulouse,https://ror.org/033p9g875,https://ror.org/01bn93e28,École Nationale de la Météorologie,Child,Release
38760,https://github.com/ror-community/ror-updates/issues/38760,Modify the information in an existing ROR record: Albert Einstein College of Medicine - https://ror.org/05cf8a891,Albert Einstein College of Medicine,https://ror.org/05cf8a891,https://ror.org/045x93337,Yeshiva University,Related,Production
38760,https://github.com/ror-community/ror-updates/issues/38760,Modify the information in an existing ROR record: Albert Einstein College of Medicine - https://ror.org/05cf8a891,Yeshiva University,https://ror.org/045x93337,https://ror.org/05cf8a891,Albert Einstein College of Medicine,Related,Release
38761,https://github.com/ror-community/ror-updates/issues/38761,Modify the information in an existing ROR record: Woolcock Institute of Medical Research - https://ror.org/04hy0x592,Woolcock Institute of Medical Research,https://ror.org/04hy0x592,https://ror.org/0384j8v12,The University of Sydney,Related,Production
38761,https://github.com/ror-community/ror-updates/issues/38761,Modify the information in an existing ROR record: Woolcock Institute of Medical Research - https://ror.org/04hy0x592,The University of Sydney,https://ror.org/0384j8v12,https://ror.org/04hy0x592,Woolcock Institute of Medical Research,Related,Release
38762,https://github.com/ror-community/ror-updates/issues/38762,Modify the information in an existing ROR record: Goddard Institute for Space Studies - https://ror.org/01cyfxe35,Goddard Institute for Space Studies,https://ror.org/01cyfxe35,https://ror.org/00hj8s172,Columbia University,Parent,Production
38762,https://github.com/ror-community/ror-updates/issues/38762,Modify the information in an existing ROR record: Goddard Institute for Space Studies - https://ror.org/01cyfxe35,Columbia University,https://ror.org/00hj8s172,https://ror.org/01cyfxe35,Goddard Institute for Space Studies,Child,Release
38763,https://github.com/ror-community/ror-updates/issues/38763,Modify the information in an existing ROR record: Atrium Medisch Centrum Parkstad - https://ror.org/0367sye10,Atrium Medisch Centrum Parkstad,https://ror.org/0367sye10,https://ror.org/03bfc4534,Zuyderland Medisch Centrum,Successor,Production
38763,https://github.com/ror-community/ror-updates/issues/38763,Modify the information in an existing ROR record: Atrium Medisch Centrum Parkstad - https://ror.org/0367sye10,Zuyderland Medisch Centrum,https://ror.org/03bfc4534,https://ror.org/0367sye10,Atrium Medisch Centrum Parkstad,Predecessor,Release
38764,https://github.com/ror-community/ror-updates/issues/38764,Modify the information in an existing ROR record: Natural History Museum Aarhus - https://ror.org/0166x0j30,Natural History Museum Aarhus,https://ror.org/0166x0j30,https://ror.org/01aj84f44,Aarhus University,Parent,Production
38764,https://github.com/ror-community/ror-updates/issues/38764,Modify the information in an existing ROR record: Natural History Museum Aarhus - https://ror.org/0166x0j30,Aarhus University,https://ror.org/01aj84f44,https://ror.org/0166x0j30,Natural History Museum Aarhus,Child,Release
38337,https://github.com/ror-community/ror-updates/issues/38337,Add a new organization to ROR: Kandi Raj College,Kandi Raj College,https://ror.org/02n6aq690,https://ror.org/03v783k16,University of Kalyani,Related,Production
38337,https://github.com/ror-community/ror-updates/issues/38337,Add a new organization to ROR: Kandi Raj College,University of Kalyani,https://ror.org/03v783k16,https://ror.org/02n6aq690,Kandi Raj College,Related,Release
38334,https://github.com/ror-community/ror-updates/issues/38334,Add a new organization to ROR: Ministry of Statistics and Programme Implementation,Ministry of Statistics and Programme Implementation,https://ror.org/04n6b7815,https://ror.org/036h6g940,Government of India,Parent,Production
38334,https://github.com/ror-community/ror-updates/issues/38334,Add a new organization to ROR: Ministry of Statistics and Programme Implementation,Government of India,https://ror.org/036h6g940,https://ror.org/04n6b7815,Ministry of Statistics and Programme Implementation,Child,Release
38333,https://github.com/ror-community/ror-updates/issues/38333,Add a new organization to ROR: St. John's College,"St. John's College, Agra",https://ror.org/017nrxj12,https://ror.org/00k4ab982,Dr. Bhim Rao Ambedkar University,Related,Production
38333,https://github.com/ror-community/ror-updates/issues/38333,Add a new organization to ROR: St. John's College,Dr. Bhim Rao Ambedkar University,https://ror.org/00k4ab982,https://ror.org/017nrxj12,"St. John's College, Agra",Related,Release
38331,https://github.com/ror-community/ror-updates/issues/38331,Add a new organization to ROR: Alagappa Government Arts College,Alagappa Government Arts College,https://ror.org/050mpye57,https://ror.org/04ec9cc06,Alagappa University,Related,Production
38331,https://github.com/ror-community/ror-updates/issues/38331,Add a new organization to ROR: Alagappa Government Arts College,Alagappa University,https://ror.org/04ec9cc06,https://ror.org/050mpye57,Alagappa Government Arts College,Related,Release
38107,https://github.com/ror-community/ror-updates/issues/38107,Add a new organization to ROR: Mondes en transition *fr,IRL Mondes en Transition,https://ror.org/04ryz2j19,https://ror.org/02feahw73,Centre National de la Recherche Scientifique,Parent,Production
38107,https://github.com/ror-community/ror-updates/issues/38107,Add a new organization to ROR: Mondes en transition *fr,Centre National de la Recherche Scientifique,https://ror.org/02feahw73,https://ror.org/04ryz2j19,IRL Mondes en Transition,Child,Release
38107,https://github.com/ror-community/ror-updates/issues/38107,Add a new organization to ROR: Mondes en transition *fr,IRL Mondes en Transition,https://ror.org/04ryz2j19,https://ror.org/036rp1748,Universidade de São Paulo,Parent,Production
38107,https://github.com/ror-community/ror-updates/issues/38107,Add a new organization to ROR: Mondes en transition *fr,Universidade de São Paulo,https://ror.org/036rp1748,https://ror.org/04ryz2j19,IRL Mondes en Transition,Child,Release
38121,https://github.com/ror-community/ror-updates/issues/38121,"Add a new organization to ROR: Environnement, Santé, Sociétés *fr","Laboratoire de Recherche International Environnement, Santé & Sociétés",https://ror.org/00xx4m805,https://ror.org/02feahw73,Centre National de la Recherche Scientifique,Parent,Production
38121,https://github.com/ror-community/ror-updates/issues/38121,"Add a new organization to ROR: Environnement, Santé, Sociétés *fr",Centre National de la Recherche Scientifique,https://ror.org/02feahw73,https://ror.org/00xx4m805,"Laboratoire de Recherche International Environnement, Santé & Sociétés",Child,Release
38121,https://github.com/ror-community/ror-updates/issues/38121,"Add a new organization to ROR: Environnement, Santé, Sociétés *fr","Laboratoire de Recherche International Environnement, Santé & Sociétés",https://ror.org/00xx4m805,https://ror.org/04je6yw13,Cheikh Anta Diop University,Parent,Production
38121,https://github.com/ror-community/ror-updates/issues/38121,"Add a new organization to ROR: Environnement, Santé, Sociétés *fr",Cheikh Anta Diop University,https://ror.org/04je6yw13,https://ror.org/00xx4m805,"Laboratoire de Recherche International Environnement, Santé & Sociétés",Child,Release
38121,https://github.com/ror-community/ror-updates/issues/38121,"Add a new organization to ROR: Environnement, Santé, Sociétés *fr","Laboratoire de Recherche International Environnement, Santé & Sociétés",https://ror.org/00xx4m805,https://ror.org/02s6w8y22,University of Bamako,Parent,Production
38121,https://github.com/ror-community/ror-updates/issues/38121,"Add a new organization to ROR: Environnement, Santé, Sociétés *fr",University of Bamako,https://ror.org/02s6w8y22,https://ror.org/00xx4m805,"Laboratoire de Recherche International Environnement, Santé & Sociétés",Child,Release
38121,https://github.com/ror-community/ror-updates/issues/38121,"Add a new organization to ROR: Environnement, Santé, Sociétés *fr","Laboratoire de Recherche International Environnement, Santé & Sociétés",https://ror.org/00xx4m805,https://ror.org/01jp0tk64,Université Gaston Berger,Parent,Production
38121,https://github.com/ror-community/ror-updates/issues/38121,"Add a new organization to ROR: Environnement, Santé, Sociétés *fr",Université Gaston Berger,https://ror.org/01jp0tk64,https://ror.org/00xx4m805,"Laboratoire de Recherche International Environnement, Santé & Sociétés",Child,Release
38806,https://github.com/ror-community/ror-updates/issues/38806,Add a new organization to ROR: Ankara Eğitim ve Araştırma Hastanesi (Türkiye),Ankara Eğitim ve Araştırma Hastanesi,https://ror.org/027wtj018,https://ror.org/00pkvys92,Ministry of Health,Parent,Production
38806,https://github.com/ror-community/ror-updates/issues/38806,Add a new organization to ROR: Ankara Eğitim ve Araştırma Hastanesi (Türkiye),Ministry of Health,https://ror.org/00pkvys92,https://ror.org/027wtj018,Ankara Eğitim ve Araştırma Hastanesi,Child,Release
38806,https://github.com/ror-community/ror-updates/issues/38806,Add a new organization to ROR: Ankara Eğitim ve Araştırma Hastanesi (Türkiye),Ankara Eğitim ve Araştırma Hastanesi,https://ror.org/027wtj018,https://ror.org/03k7bde87,Sağlık Bilimleri Üniversitesi,Related,Production
38806,https://github.com/ror-community/ror-updates/issues/38806,Add a new organization to ROR: Ankara Eğitim ve Araştırma Hastanesi (Türkiye),Sağlık Bilimleri Üniversitesi,https://ror.org/03k7bde87,https://ror.org/027wtj018,Ankara Eğitim ve Araştırma Hastanesi,Related,Release
35574,https://github.com/ror-community/ror-updates/issues/35574,"Modify the information in an existing ROR record: 
Groupe Hospitalier de l'Institut Catholique de Lille https://ror.org/03wr2ty35
",Groupe Hospitalier de l'Institut Catholique de Lille,https://ror.org/03wr2ty35,https://ror.org/025s1b152,Université Catholique de Lille,Parent,Production
35574,https://github.com/ror-community/ror-updates/issues/35574,"Modify the information in an existing ROR record: 
Groupe Hospitalier de l'Institut Catholique de Lille https://ror.org/03wr2ty35
",Université Catholique de Lille,https://ror.org/025s1b152,https://ror.org/03wr2ty35,Groupe Hospitalier de l'Institut Catholique de Lille,Child,Release
38812,https://github.com/ror-community/ror-updates/issues/38812,Add a new organization to ROR: Musée cantonal de géologie (Switzerland),Musée cantonal de géologie,https://ror.org/04e3n2221,https://ror.org/044s8gt42,Musée cantonal de zoologie de Lausanne,Successor,Production
38812,https://github.com/ror-community/ror-updates/issues/38812,Add a new organization to ROR: Musée cantonal de géologie (Switzerland),Musée cantonal de zoologie de Lausanne,https://ror.org/044s8gt42,https://ror.org/04e3n2221,Musée cantonal de géologie,Predecessor,Release
38813,https://github.com/ror-community/ror-updates/issues/38813,Add a new organization to ROR: Musée et Jardins botaniques cantonaux (Switzerland),Musée et Jardins botaniques cantonaux,https://ror.org/039dkqy33,https://ror.org/044s8gt42,Musée cantonal de zoologie de Lausanne,Successor,Production
38813,https://github.com/ror-community/ror-updates/issues/38813,Add a new organization to ROR: Musée et Jardins botaniques cantonaux (Switzerland),Musée cantonal de zoologie de Lausanne,https://ror.org/044s8gt42,https://ror.org/039dkqy33,Musée et Jardins botaniques cantonaux,Predecessor,Release
35548,https://github.com/ror-community/ror-updates/issues/35548,Modify the information in an existing ROR record: AIT Austrian Institute of Technology GmbH - https://ror.org/04knbh022,AIT Austrian Institute of Technology GmbH,https://ror.org/04knbh022,https://ror.org/04c2kcw65,Seibersdorf Laboratories (Austria),Child,Production
35548,https://github.com/ror-community/ror-updates/issues/35548,Modify the information in an existing ROR record: AIT Austrian Institute of Technology GmbH - https://ror.org/04knbh022,Seibersdorf Laboratories (Austria),https://ror.org/04c2kcw65,https://ror.org/04knbh022,AIT Austrian Institute of Technology GmbH,Parent,Release
35548,https://github.com/ror-community/ror-updates/issues/35548,Modify the information in an existing ROR record: AIT Austrian Institute of Technology GmbH - https://ror.org/04knbh022,AIT Austrian Institute of Technology GmbH,https://ror.org/04knbh022,https://ror.org/043rjaw23,Profactor (Austria),Child,Production
35548,https://github.com/ror-community/ror-updates/issues/35548,Modify the information in an existing ROR record: AIT Austrian Institute of Technology GmbH - https://ror.org/04knbh022,Profactor (Austria),https://ror.org/043rjaw23,https://ror.org/04knbh022,AIT Austrian Institute of Technology GmbH,Parent,Release
38816,https://github.com/ror-community/ror-updates/issues/38816,Add a new organization to ROR: Nuclear Engineering Seibersdorf GmbH (Austria),Nuclear Engineering Seibersdorf GmbH (Austria),https://ror.org/059wvry45,https://ror.org/04knbh022,Austrian Institute of Technology,Parent,Production
38816,https://github.com/ror-community/ror-updates/issues/38816,Add a new organization to ROR: Nuclear Engineering Seibersdorf GmbH (Austria),Austrian Institute of Technology,https://ror.org/04knbh022,https://ror.org/059wvry45,Nuclear Engineering Seibersdorf GmbH (Austria),Child,Release
38817,https://github.com/ror-community/ror-updates/issues/38817,Add a new organization to ROR: LKR Leichtmetallkompetenzzentrum Ranshofen GmbH (Austria),LKR Leichtmetallkompetenzzentrum Ranshofen GmbH,https://ror.org/015x49p02,https://ror.org/04knbh022,Austrian Institute of Technology,Parent,Production
38817,https://github.com/ror-community/ror-updates/issues/38817,Add a new organization to ROR: LKR Leichtmetallkompetenzzentrum Ranshofen GmbH (Austria),Austrian Institute of Technology,https://ror.org/04knbh022,https://ror.org/015x49p02,LKR Leichtmetallkompetenzzentrum Ranshofen GmbH,Child,Release
38818,https://github.com/ror-community/ror-updates/issues/38818,Add a new organization to ROR: Digital Factory Vorarlberg GmbH (Austria),Digital Factory Vorarlberg GmbH,https://ror.org/00jz46m67,https://ror.org/04knbh022,Austrian Institute of Technology,Parent,Production
38818,https://github.com/ror-community/ror-updates/issues/38818,Add a new organization to ROR: Digital Factory Vorarlberg GmbH (Austria),Austrian Institute of Technology,https://ror.org/04knbh022,https://ror.org/00jz46m67,Digital Factory Vorarlberg GmbH,Child,Release
38818,https://github.com/ror-community/ror-updates/issues/38818,Add a new organization to ROR: Digital Factory Vorarlberg GmbH (Austria),Digital Factory Vorarlberg GmbH,https://ror.org/00jz46m67,https://ror.org/031wyx077,Vorarlberg University of Applied Sciences,Related,Production
38818,https://github.com/ror-community/ror-updates/issues/38818,Add a new organization to ROR: Digital Factory Vorarlberg GmbH (Austria),Vorarlberg University of Applied Sciences,https://ror.org/031wyx077,https://ror.org/00jz46m67,Digital Factory Vorarlberg GmbH,Related,Release
38819,https://github.com/ror-community/ror-updates/issues/38819,Add a new organization to ROR: AI Factory Austria AI:AT (Austria),AI Factory Austria AI:AT,https://ror.org/05aa07r35,https://ror.org/04knbh022,Austrian Institute of Technology,Related,Production
38819,https://github.com/ror-community/ror-updates/issues/38819,Add a new organization to ROR: AI Factory Austria AI:AT (Austria),Austrian Institute of Technology,https://ror.org/04knbh022,https://ror.org/05aa07r35,AI Factory Austria AI:AT,Related,Release
38820,https://github.com/ror-community/ror-updates/issues/38820,Add a new organization to ROR: ARC Seibersdorf research GmbH (Austria),ARC Seibersdorf research GmbH,https://ror.org/011r26a64,https://ror.org/04knbh022,Austrian Institute of Technology,Successor,Production
38820,https://github.com/ror-community/ror-updates/issues/38820,Add a new organization to ROR: ARC Seibersdorf research GmbH (Austria),Austrian Institute of Technology,https://ror.org/04knbh022,https://ror.org/011r26a64,ARC Seibersdorf research GmbH,Predecessor,Release
38821,https://github.com/ror-community/ror-updates/issues/38821,Add a new organization to ROR: Österreichisches Forschungs- und Prüfzentrum Arsenal Gesellschaft m.b.H. (Austria),Österreichisches Forschungs- und Prüfzentrum Arsenal Gesellschaft m.b.H.,https://ror.org/00m05kj57,https://ror.org/04knbh022,Austrian Institute of Technology,Successor,Production
38821,https://github.com/ror-community/ror-updates/issues/38821,Add a new organization to ROR: Österreichisches Forschungs- und Prüfzentrum Arsenal Gesellschaft m.b.H. (Austria),Austrian Institute of Technology,https://ror.org/04knbh022,https://ror.org/00m05kj57,Österreichisches Forschungs- und Prüfzentrum Arsenal Gesellschaft m.b.H.,Predecessor,Release
38827,https://github.com/ror-community/ror-updates/issues/38827,Add a new organization to ROR: VNU University of Medicine and Pharmacy (Vietnam),VNU University of Medicine and Pharmacy,https://ror.org/01k6wgm65,https://ror.org/02jmfj006,"Vietnam National University, Hanoi",Parent,Production
38827,https://github.com/ror-community/ror-updates/issues/38827,Add a new organization to ROR: VNU University of Medicine and Pharmacy (Vietnam),"Vietnam National University, Hanoi",https://ror.org/02jmfj006,https://ror.org/01k6wgm65,VNU University of Medicine and Pharmacy,Child,Release
38830,https://github.com/ror-community/ror-updates/issues/38830,Add a new organization to ROR: VNU University of Engineering and Technology (Vietnam),VNU University of Engineering and Technology,https://ror.org/019sx5d52,https://ror.org/02jmfj006,"Vietnam National University, Hanoi",Parent,Production
38830,https://github.com/ror-community/ror-updates/issues/38830,Add a new organization to ROR: VNU University of Engineering and Technology (Vietnam),"Vietnam National University, Hanoi",https://ror.org/02jmfj006,https://ror.org/019sx5d52,VNU University of Engineering and Technology,Child,Release
38829,https://github.com/ror-community/ror-updates/issues/38829,Add a new organization to ROR: VNU University of Law (Vietnam),VNU University of Law,https://ror.org/04z6cm680,https://ror.org/02jmfj006,"Vietnam National University, Hanoi",Parent,Production
38829,https://github.com/ror-community/ror-updates/issues/38829,Add a new organization to ROR: VNU University of Law (Vietnam),"Vietnam National University, Hanoi",https://ror.org/02jmfj006,https://ror.org/04z6cm680,VNU University of Law,Child,Release
38828,https://github.com/ror-community/ror-updates/issues/38828,Add a new organization to ROR: VNU International School (Vietnam),VNU International School,https://ror.org/05n473c60,https://ror.org/02jmfj006,"Vietnam National University, Hanoi",Parent,Production
38828,https://github.com/ror-community/ror-updates/issues/38828,Add a new organization to ROR: VNU International School (Vietnam),"Vietnam National University, Hanoi",https://ror.org/02jmfj006,https://ror.org/05n473c60,VNU International School,Child,Release
38826,https://github.com/ror-community/ror-updates/issues/38826,Add a new organization to ROR: VNU Vietnam Japan University (Vietnam),VNU Vietnam Japan University,https://ror.org/056kdz329,https://ror.org/02jmfj006,"Vietnam National University, Hanoi",Parent,Production
38826,https://github.com/ror-community/ror-updates/issues/38826,Add a new organization to ROR: VNU Vietnam Japan University (Vietnam),"Vietnam National University, Hanoi",https://ror.org/02jmfj006,https://ror.org/056kdz329,VNU Vietnam Japan University,Child,Release
38825,https://github.com/ror-community/ror-updates/issues/38825,Add a new organization to ROR: VNU University of Economics and Business (Vietnam),VNU University of Economics and Business,https://ror.org/00wdqh079,https://ror.org/02jmfj006,"Vietnam National University, Hanoi",Parent,Production
38825,https://github.com/ror-community/ror-updates/issues/38825,Add a new organization to ROR: VNU University of Economics and Business (Vietnam),"Vietnam National University, Hanoi",https://ror.org/02jmfj006,https://ror.org/00wdqh079,VNU University of Economics and Business,Child,Release
35847,https://github.com/ror-community/ror-updates/issues/35847,"Modify the information in an existing ROR record: 
London Metropolitan University https://ror.org/00ae33288
",London Metropolitan University,https://ror.org/00ae33288,https://ror.org/042nfvn15,Newham College,Delete,Production
35847,https://github.com/ror-community/ror-updates/issues/35847,"Modify the information in an existing ROR record: 
London Metropolitan University https://ror.org/00ae33288
",Newham College,https://ror.org/042nfvn15,https://ror.org/00ae33288,London Metropolitan University,Delete,Release
35731,https://github.com/ror-community/ror-updates/issues/35731,"Modify the information in an existing ROR record: 
 Laboratoire d'Informatique et d'Automatique pour les Systèmes https://ror.org/02b5vq778
",Laboratoire d'Informatique et d'Automatique pour les Systèmes,https://ror.org/02b5vq778,https://ror.org/04jx68594,École Nationale Supérieure de Mécanique et d'Aérotechnique,Parent,Production
35731,https://github.com/ror-community/ror-updates/issues/35731,"Modify the information in an existing ROR record: 
 Laboratoire d'Informatique et d'Automatique pour les Systèmes https://ror.org/02b5vq778
",École Nationale Supérieure de Mécanique et d'Aérotechnique,https://ror.org/04jx68594,https://ror.org/02b5vq778,Laboratoire d'Informatique et d'Automatique pour les Systèmes,Child,Release
38786,https://github.com/ror-community/ror-updates/issues/38786,Add a new organization to ROR: Jeppiaar Institute of Technology,Jeppiaar Institute of Technology,https://ror.org/02ygb0883,https://ror.org/01qhf1r47,"Anna University, Chennai",Related,Production
38786,https://github.com/ror-community/ror-updates/issues/38786,Add a new organization to ROR: Jeppiaar Institute of Technology,"Anna University, Chennai",https://ror.org/01qhf1r47,https://ror.org/02ygb0883,Jeppiaar Institute of Technology,Related,Release
38767,https://github.com/ror-community/ror-updates/issues/38767,"Add a new organization to ROR: 
 
Dayananda Sagar Academy of Technology and Management ",Dayananda Sagar Academy of Technology and Management,https://ror.org/01nbw1e11,https://ror.org/00ha14p11,Visvesvaraya Technological University,Related,Production
38767,https://github.com/ror-community/ror-updates/issues/38767,"Add a new organization to ROR: 
 
Dayananda Sagar Academy of Technology and Management ",Visvesvaraya Technological University,https://ror.org/00ha14p11,https://ror.org/01nbw1e11,Dayananda Sagar Academy of Technology and Management,Related,Release
38841,https://github.com/ror-community/ror-updates/issues/38841,"Add a new organization to ROR: Universidad Panamericana, campus Ciudad de México (Mexico)","Universidad Panamericana, campus Ciudad de México",https://ror.org/02z7c6320,https://ror.org/01n1q0h77,Universidad Panamericana,Parent,Production
38841,https://github.com/ror-community/ror-updates/issues/38841,"Add a new organization to ROR: Universidad Panamericana, campus Ciudad de México (Mexico)",Universidad Panamericana,https://ror.org/01n1q0h77,https://ror.org/02z7c6320,"Universidad Panamericana, campus Ciudad de México",Child,Release
38840,https://github.com/ror-community/ror-updates/issues/38840,"Add a new organization to ROR: Universidad Panamericana, campus Guadalajara (Mexico)","Universidad Panamericana, campus Guadalajara",https://ror.org/02y5g8263,https://ror.org/01n1q0h77,Universidad Panamericana,Parent,Production
38840,https://github.com/ror-community/ror-updates/issues/38840,"Add a new organization to ROR: Universidad Panamericana, campus Guadalajara (Mexico)",Universidad Panamericana,https://ror.org/01n1q0h77,https://ror.org/02y5g8263,"Universidad Panamericana, campus Guadalajara",Child,Release
38839,https://github.com/ror-community/ror-updates/issues/38839,"Add a new organization to ROR: Universidad Panamericana, campus Aguascalientes (Mexico)","Universidad Panamericana, campus Aguascalientes",https://ror.org/005tekc97,https://ror.org/01n1q0h77,Universidad Panamericana,Parent,Production
38839,https://github.com/ror-community/ror-updates/issues/38839,"Add a new organization to ROR: Universidad Panamericana, campus Aguascalientes (Mexico)",Universidad Panamericana,https://ror.org/01n1q0h77,https://ror.org/005tekc97,"Universidad Panamericana, campus Aguascalientes",Child,Release
37276,https://github.com/ror-community/ror-updates/issues/37276,Add a new organization to ROR: UMS Imagerie et cytométrie,UMS Imagerie et cytométrie,https://ror.org/00d485341,https://ror.org/02en5vm52,Sorbonne Université,Parent,Production
37276,https://github.com/ror-community/ror-updates/issues/37276,Add a new organization to ROR: UMS Imagerie et cytométrie,Sorbonne Université,https://ror.org/02en5vm52,https://ror.org/00d485341,UMS Imagerie et cytométrie,Child,Release
37276,https://github.com/ror-community/ror-updates/issues/37276,Add a new organization to ROR: UMS Imagerie et cytométrie,UMS Imagerie et cytométrie,https://ror.org/00d485341,https://ror.org/03p2d3k93,Production et analyse de données en sciences de la vie et en santé,Successor,Production
37276,https://github.com/ror-community/ror-updates/issues/37276,Add a new organization to ROR: UMS Imagerie et cytométrie,Production et analyse de données en sciences de la vie et en santé,https://ror.org/03p2d3k93,https://ror.org/00d485341,UMS Imagerie et cytométrie,Predecessor,Release
36076,https://github.com/ror-community/ror-updates/issues/36076,"Modify the information in an existing ROR record: 
École Normale Supérieure de Lyon https://ror.org/04zmssz18
",École Normale Supérieure de Lyon,https://ror.org/04zmssz18,https://ror.org/01m0z6m03,École normale supérieure de Fontenay-Saint-Cloud,Predecessor,Production
36076,https://github.com/ror-community/ror-updates/issues/36076,"Modify the information in an existing ROR record: 
École Normale Supérieure de Lyon https://ror.org/04zmssz18
",École normale supérieure de Fontenay-Saint-Cloud,https://ror.org/01m0z6m03,https://ror.org/04zmssz18,École Normale Supérieure de Lyon,Successor,Release
37277,https://github.com/ror-community/ror-updates/issues/37277,Add a new organization to ROR: Ums omique,UMS Omique,https://ror.org/05w4xxx31,https://ror.org/02vjkv261,Inserm,Parent,Production
37277,https://github.com/ror-community/ror-updates/issues/37277,Add a new organization to ROR: Ums omique,Inserm,https://ror.org/02vjkv261,https://ror.org/05w4xxx31,UMS Omique,Child,Release
37277,https://github.com/ror-community/ror-updates/issues/37277,Add a new organization to ROR: Ums omique,UMS Omique,https://ror.org/05w4xxx31,https://ror.org/02en5vm52,Sorbonne Université,Parent,Production
37277,https://github.com/ror-community/ror-updates/issues/37277,Add a new organization to ROR: Ums omique,Sorbonne Université,https://ror.org/02en5vm52,https://ror.org/05w4xxx31,UMS Omique,Child,Release
37277,https://github.com/ror-community/ror-updates/issues/37277,Add a new organization to ROR: Ums omique,UMS Omique,https://ror.org/05w4xxx31,https://ror.org/03p2d3k93,Production et analyse de données en sciences de la vie et en santé,Successor,Production
37277,https://github.com/ror-community/ror-updates/issues/37277,Add a new organization to ROR: Ums omique,Production et analyse de données en sciences de la vie et en santé,https://ror.org/03p2d3k93,https://ror.org/05w4xxx31,UMS Omique,Predecessor,Release
38349,https://github.com/ror-community/ror-updates/issues/38349,Add a new organization to ROR: Abhedananda Mahavidyalaya,Abhedananda Mahavidyalaya,https://ror.org/01nzw7j18,https://ror.org/05cyd8v32,University of Burdwan,Related,Production
38349,https://github.com/ror-community/ror-updates/issues/38349,Add a new organization to ROR: Abhedananda Mahavidyalaya,University of Burdwan,https://ror.org/05cyd8v32,https://ror.org/01nzw7j18,Abhedananda Mahavidyalaya,Related,Release
38847,https://github.com/ror-community/ror-updates/issues/38847,Add a new organization to ROR: Complejo Asistencial Universitario de León (Spain),Complejo Asistencial Universitario de León,https://ror.org/02ezdtk74,https://ror.org/04jg27733,Gerencia Regional de Salud de Castilla y León (Sacyl),Parent,Production
38847,https://github.com/ror-community/ror-updates/issues/38847,Add a new organization to ROR: Complejo Asistencial Universitario de León (Spain),Gerencia Regional de Salud de Castilla y León (Sacyl),https://ror.org/04jg27733,https://ror.org/02ezdtk74,Complejo Asistencial Universitario de León,Child,Release
38847,https://github.com/ror-community/ror-updates/issues/38847,Add a new organization to ROR: Complejo Asistencial Universitario de León (Spain),Complejo Asistencial Universitario de León,https://ror.org/02ezdtk74,https://ror.org/05gn84d31,Hospital de León,Child,Production
38847,https://github.com/ror-community/ror-updates/issues/38847,Add a new organization to ROR: Complejo Asistencial Universitario de León (Spain),Hospital de León,https://ror.org/05gn84d31,https://ror.org/02ezdtk74,Complejo Asistencial Universitario de León,Parent,Release
38847,https://github.com/ror-community/ror-updates/issues/38847,Add a new organization to ROR: Complejo Asistencial Universitario de León (Spain),Complejo Asistencial Universitario de León,https://ror.org/02ezdtk74,https://ror.org/04drn4e72,Hospital Monte San Isidro,Child,Release
38847,https://github.com/ror-community/ror-updates/issues/38847,Add a new organization to ROR: Complejo Asistencial Universitario de León (Spain),Hospital Monte San Isidro,https://ror.org/04drn4e72,https://ror.org/02ezdtk74,Complejo Asistencial Universitario de León,Parent,Release
38847,https://github.com/ror-community/ror-updates/issues/38847,Add a new organization to ROR: Complejo Asistencial Universitario de León (Spain),Complejo Asistencial Universitario de León,https://ror.org/02ezdtk74,https://ror.org/02y6nf290,Hospital Santa Isabel,Child,Release
38847,https://github.com/ror-community/ror-updates/issues/38847,Add a new organization to ROR: Complejo Asistencial Universitario de León (Spain),Hospital Santa Isabel,https://ror.org/02y6nf290,https://ror.org/02ezdtk74,Complejo Asistencial Universitario de León,Parent,Release
38843,https://github.com/ror-community/ror-updates/issues/38843,"Add a new organization to ROR: Rajamangala University of Technology Isan, Khon Kaen Campus (Thailand)","Rajamangala University of Technology Isan, Khon Kaen Campus",https://ror.org/03pzv5517,https://ror.org/04a2rz655,Rajamangala University of Technology Isan,Parent,Production
38843,https://github.com/ror-community/ror-updates/issues/38843,"Add a new organization to ROR: Rajamangala University of Technology Isan, Khon Kaen Campus (Thailand)",Rajamangala University of Technology Isan,https://ror.org/04a2rz655,https://ror.org/03pzv5517,"Rajamangala University of Technology Isan, Khon Kaen Campus",Child,Release
38844,https://github.com/ror-community/ror-updates/issues/38844,"Add a new organization to ROR: Rajamangala University of Technology Isan, Sakon Nakhon Campus (Thailand)","Rajamangala University of Technology Isan, Sakon Nakhon Campus",https://ror.org/03xt0wj02,https://ror.org/04a2rz655,Rajamangala University of Technology Isan,Parent,Production
38844,https://github.com/ror-community/ror-updates/issues/38844,"Add a new organization to ROR: Rajamangala University of Technology Isan, Sakon Nakhon Campus (Thailand)",Rajamangala University of Technology Isan,https://ror.org/04a2rz655,https://ror.org/03xt0wj02,"Rajamangala University of Technology Isan, Sakon Nakhon Campus",Child,Release
38845,https://github.com/ror-community/ror-updates/issues/38845,"Add a new organization to ROR: Rajamangala University of Technology Isan, Surin Campus (Thailand)","Rajamangala University of Technology Isan, Surin Campus",https://ror.org/00dy7ey80,https://ror.org/04a2rz655,Rajamangala University of Technology Isan,Parent,Production
38845,https://github.com/ror-community/ror-updates/issues/38845,"Add a new organization to ROR: Rajamangala University of Technology Isan, Surin Campus (Thailand)",Rajamangala University of Technology Isan,https://ror.org/04a2rz655,https://ror.org/00dy7ey80,"Rajamangala University of Technology Isan, Surin Campus",Child,Release
35976,https://github.com/ror-community/ror-updates/issues/35976,Add a new organization to ROR: Instituto Tecnológico de Aeronáutica - Campus de Fortaleza (Brazil),Instituto Tecnológico de Aeronáutica - Campus de Fortaleza,https://ror.org/00qa51v13,https://ror.org/05vh67662,Instituto Tecnológico de Aeronáutica,Parent,Production
35976,https://github.com/ror-community/ror-updates/issues/35976,Add a new organization to ROR: Instituto Tecnológico de Aeronáutica - Campus de Fortaleza (Brazil),Instituto Tecnológico de Aeronáutica,https://ror.org/05vh67662,https://ror.org/00qa51v13,Instituto Tecnológico de Aeronáutica - Campus de Fortaleza,Child,Release
38345,https://github.com/ror-community/ror-updates/issues/38345,Add a new organization to ROR: Centre for Development of Imaging Technology,Centre for Development of Imaging Technology,https://ror.org/03dwsh562,https://ror.org/00r96e843,Government of Kerala,Parent,Production
38345,https://github.com/ror-community/ror-updates/issues/38345,Add a new organization to ROR: Centre for Development of Imaging Technology,Government of Kerala,https://ror.org/00r96e843,https://ror.org/03dwsh562,Centre for Development of Imaging Technology,Child,Release
38344,https://github.com/ror-community/ror-updates/issues/38344,Add a new organization to ROR: Gaya College,Gaya College,https://ror.org/05811g668,https://ror.org/01a3w2x24,Magadh University,Related,Production
38344,https://github.com/ror-community/ror-updates/issues/38344,Add a new organization to ROR: Gaya College,Magadh University,https://ror.org/01a3w2x24,https://ror.org/05811g668,Gaya College,Related,Release
38329,https://github.com/ror-community/ror-updates/issues/38329,Add a new organization to ROR: Nalbari College,Nalbari College,https://ror.org/03cyth041,https://ror.org/01ppj9r51,Gauhati University,Related,Production
38329,https://github.com/ror-community/ror-updates/issues/38329,Add a new organization to ROR: Nalbari College,Gauhati University,https://ror.org/01ppj9r51,https://ror.org/03cyth041,Nalbari College,Related,Release
35064,https://github.com/ror-community/ror-updates/issues/35064,Add a new organization to ROR: Sri Raaja Raajan College of Engineering and Technology,Sri Raaja Raajan College of Engineering and Technology,https://ror.org/00x0wf196,https://ror.org/01qhf1r47,"Anna University, Chennai",Related,Production
35064,https://github.com/ror-community/ror-updates/issues/35064,Add a new organization to ROR: Sri Raaja Raajan College of Engineering and Technology,"Anna University, Chennai",https://ror.org/01qhf1r47,https://ror.org/00x0wf196,Sri Raaja Raajan College of Engineering and Technology,Related,Release
38328,https://github.com/ror-community/ror-updates/issues/38328,Add a new organization to ROR: Government Teachers' Training College,"Government Teachers' Training College, Malda",https://ror.org/03exgjw33,https://ror.org/00pyh2y32,University of Gour Banga,Related,Production
38328,https://github.com/ror-community/ror-updates/issues/38328,Add a new organization to ROR: Government Teachers' Training College,University of Gour Banga,https://ror.org/00pyh2y32,https://ror.org/03exgjw33,"Government Teachers' Training College, Malda",Related,Release
38858,https://github.com/ror-community/ror-updates/issues/38858,Add a new organization to ROR: MRC/UVRI & LSHTM Uganda Research Unit (Uganda),MRC/UVRI & LSHTM Uganda Research Unit,https://ror.org/02qzk8434,https://ror.org/00a0jsq62,London School of Hygiene & Tropical Medicine,Parent,Production
38858,https://github.com/ror-community/ror-updates/issues/38858,Add a new organization to ROR: MRC/UVRI & LSHTM Uganda Research Unit (Uganda),London School of Hygiene & Tropical Medicine,https://ror.org/00a0jsq62,https://ror.org/02qzk8434,MRC/UVRI & LSHTM Uganda Research Unit,Child,Release
38858,https://github.com/ror-community/ror-updates/issues/38858,Add a new organization to ROR: MRC/UVRI & LSHTM Uganda Research Unit (Uganda),MRC/UVRI & LSHTM Uganda Research Unit,https://ror.org/02qzk8434,https://ror.org/03x94j517,Medical Research Council,Parent,Production
38858,https://github.com/ror-community/ror-updates/issues/38858,Add a new organization to ROR: MRC/UVRI & LSHTM Uganda Research Unit (Uganda),Medical Research Council,https://ror.org/03x94j517,https://ror.org/02qzk8434,MRC/UVRI & LSHTM Uganda Research Unit,Child,Release
38858,https://github.com/ror-community/ror-updates/issues/38858,Add a new organization to ROR: MRC/UVRI & LSHTM Uganda Research Unit (Uganda),MRC/UVRI & LSHTM Uganda Research Unit,https://ror.org/02qzk8434,https://ror.org/04509n826,Uganda Virus Research Institute,Related,Production
38858,https://github.com/ror-community/ror-updates/issues/38858,Add a new organization to ROR: MRC/UVRI & LSHTM Uganda Research Unit (Uganda),Uganda Virus Research Institute,https://ror.org/04509n826,https://ror.org/02qzk8434,MRC/UVRI & LSHTM Uganda Research Unit,Related,Release
38859,https://github.com/ror-community/ror-updates/issues/38859,Modify the information in an existing ROR record: Malawi Epidemiology and Intervention Research Unit - https://ror.org/045z18t19,Malawi Epidemiology and Intervention Research Unit,https://ror.org/045z18t19,https://ror.org/0357r2107,Ministry of Health,Delete,Production
38859,https://github.com/ror-community/ror-updates/issues/38859,Modify the information in an existing ROR record: Malawi Epidemiology and Intervention Research Unit - https://ror.org/045z18t19,Ministry of Health,https://ror.org/0357r2107,https://ror.org/045z18t19,Malawi Epidemiology and Intervention Research Unit,Delete,Release
38859,https://github.com/ror-community/ror-updates/issues/38859,Modify the information in an existing ROR record: Malawi Epidemiology and Intervention Research Unit - https://ror.org/045z18t19,Malawi Epidemiology and Intervention Research Unit,https://ror.org/045z18t19,https://ror.org/0357r2107,Ministry of Health,Related,Production
38859,https://github.com/ror-community/ror-updates/issues/38859,Modify the information in an existing ROR record: Malawi Epidemiology and Intervention Research Unit - https://ror.org/045z18t19,Ministry of Health,https://ror.org/0357r2107,https://ror.org/045z18t19,Malawi Epidemiology and Intervention Research Unit,Related,Release
38859,https://github.com/ror-community/ror-updates/issues/38859,Modify the information in an existing ROR record: Malawi Epidemiology and Intervention Research Unit - https://ror.org/045z18t19,Malawi Epidemiology and Intervention Research Unit,https://ror.org/045z18t19,https://ror.org/00vtgdb53,University of Glasgow,Delete,Production
38859,https://github.com/ror-community/ror-updates/issues/38859,Modify the information in an existing ROR record: Malawi Epidemiology and Intervention Research Unit - https://ror.org/045z18t19,University of Glasgow,https://ror.org/00vtgdb53,https://ror.org/045z18t19,Malawi Epidemiology and Intervention Research Unit,Delete,Release
38859,https://github.com/ror-community/ror-updates/issues/38859,Modify the information in an existing ROR record: Malawi Epidemiology and Intervention Research Unit - https://ror.org/045z18t19,Malawi Epidemiology and Intervention Research Unit,https://ror.org/045z18t19,https://ror.org/00vtgdb53,University of Glasgow,Related,Production
38859,https://github.com/ror-community/ror-updates/issues/38859,Modify the information in an existing ROR record: Malawi Epidemiology and Intervention Research Unit - https://ror.org/045z18t19,University of Glasgow,https://ror.org/00vtgdb53,https://ror.org/045z18t19,Malawi Epidemiology and Intervention Research Unit,Related,Release
38859,https://github.com/ror-community/ror-updates/issues/38859,Modify the information in an existing ROR record: Malawi Epidemiology and Intervention Research Unit - https://ror.org/045z18t19,Malawi Epidemiology and Intervention Research Unit,https://ror.org/045z18t19,https://ror.org/04vtx5s55,University of Malawi,Delete,Production
38859,https://github.com/ror-community/ror-updates/issues/38859,Modify the information in an existing ROR record: Malawi Epidemiology and Intervention Research Unit - https://ror.org/045z18t19,University of Malawi,https://ror.org/04vtx5s55,https://ror.org/045z18t19,Malawi Epidemiology and Intervention Research Unit,Delete,Release
38859,https://github.com/ror-community/ror-updates/issues/38859,Modify the information in an existing ROR record: Malawi Epidemiology and Intervention Research Unit - https://ror.org/045z18t19,Malawi Epidemiology and Intervention Research Unit,https://ror.org/045z18t19,https://ror.org/00khnq787,Kamuzu University of Health Sciences,Related,Production
38859,https://github.com/ror-community/ror-updates/issues/38859,Modify the information in an existing ROR record: Malawi Epidemiology and Intervention Research Unit - https://ror.org/045z18t19,Kamuzu University of Health Sciences,https://ror.org/00khnq787,https://ror.org/045z18t19,Malawi Epidemiology and Intervention Research Unit,Related,Release
35892,https://github.com/ror-community/ror-updates/issues/35892,"Modify the information in an existing ROR record: 
London School of Hygiene & Tropical Medicine https://ror.org/00a0jsq62
",London School of Hygiene & Tropical Medicine,https://ror.org/00a0jsq62,https://ror.org/045z18t19,Malawi Epidemiology and Intervention Research Unit,Delete,Production
35892,https://github.com/ror-community/ror-updates/issues/35892,"Modify the information in an existing ROR record: 
London School of Hygiene & Tropical Medicine https://ror.org/00a0jsq62
",Malawi Epidemiology and Intervention Research Unit,https://ror.org/045z18t19,https://ror.org/00a0jsq62,London School of Hygiene & Tropical Medicine,Delete,Release
38863,https://github.com/ror-community/ror-updates/issues/38863,Add a new organization to ROR: FBK Center for Digital Industry (Italy),FBK Center for Digital Industry,https://ror.org/03ndxg996,https://ror.org/01j33xk10,Fondazione Bruno Kessler,Parent,Production
38863,https://github.com/ror-community/ror-updates/issues/38863,Add a new organization to ROR: FBK Center for Digital Industry (Italy),Fondazione Bruno Kessler,https://ror.org/01j33xk10,https://ror.org/03ndxg996,FBK Center for Digital Industry,Child,Release
38864,https://github.com/ror-community/ror-updates/issues/38864,Add a new organization to ROR: FBK Center for Digital Society (Italy),FBK Center for Digital Society,https://ror.org/04495fg81,https://ror.org/01j33xk10,Fondazione Bruno Kessler,Parent,Production
38864,https://github.com/ror-community/ror-updates/issues/38864,Add a new organization to ROR: FBK Center for Digital Society (Italy),Fondazione Bruno Kessler,https://ror.org/01j33xk10,https://ror.org/04495fg81,FBK Center for Digital Society,Child,Release
38865,https://github.com/ror-community/ror-updates/issues/38865,Add a new organization to ROR: FBK Center for Cybersecurity (Italy),FBK Center for Cybersecurity,https://ror.org/03jxfq309,https://ror.org/01j33xk10,Fondazione Bruno Kessler,Parent,Production
38865,https://github.com/ror-community/ror-updates/issues/38865,Add a new organization to ROR: FBK Center for Cybersecurity (Italy),Fondazione Bruno Kessler,https://ror.org/01j33xk10,https://ror.org/03jxfq309,FBK Center for Cybersecurity,Child,Release
38866,https://github.com/ror-community/ror-updates/issues/38866,Add a new organization to ROR: FBK Center for Digital Health & Wellbeing (Italy),FBK Center for Digital Health & Wellbeing,https://ror.org/03ht84z23,https://ror.org/01j33xk10,Fondazione Bruno Kessler,Parent,Production
38866,https://github.com/ror-community/ror-updates/issues/38866,Add a new organization to ROR: FBK Center for Digital Health & Wellbeing (Italy),Fondazione Bruno Kessler,https://ror.org/01j33xk10,https://ror.org/03ht84z23,FBK Center for Digital Health & Wellbeing,Child,Release
38867,https://github.com/ror-community/ror-updates/issues/38867,Add a new organization to ROR: FBK Center for Health Emergencies (Italy),FBK Center for Health Emergencies,https://ror.org/040f2g624,https://ror.org/01j33xk10,Fondazione Bruno Kessler,Parent,Production
38867,https://github.com/ror-community/ror-updates/issues/38867,Add a new organization to ROR: FBK Center for Health Emergencies (Italy),Fondazione Bruno Kessler,https://ror.org/01j33xk10,https://ror.org/040f2g624,FBK Center for Health Emergencies,Child,Release
38868,https://github.com/ror-community/ror-updates/issues/38868,Add a new organization to ROR: FBK Center for Sensors & Devices (Italy),FBK Center for Sensors & Devices,https://ror.org/017hcdj75,https://ror.org/01j33xk10,Fondazione Bruno Kessler,Parent,Production
38868,https://github.com/ror-community/ror-updates/issues/38868,Add a new organization to ROR: FBK Center for Sensors & Devices (Italy),Fondazione Bruno Kessler,https://ror.org/01j33xk10,https://ror.org/017hcdj75,FBK Center for Sensors & Devices,Child,Release
38869,https://github.com/ror-community/ror-updates/issues/38869,Add a new organization to ROR: FBK Center for Sustainable Energy (Italy),FBK Center for Sustainable Energy,https://ror.org/01v3nxw09,https://ror.org/01j33xk10,Fondazione Bruno Kessler,Parent,Production
38869,https://github.com/ror-community/ror-updates/issues/38869,Add a new organization to ROR: FBK Center for Sustainable Energy (Italy),Fondazione Bruno Kessler,https://ror.org/01j33xk10,https://ror.org/01v3nxw09,FBK Center for Sustainable Energy,Child,Release
38870,https://github.com/ror-community/ror-updates/issues/38870,Add a new organization to ROR: FBK Center for Information and Communication Technology (Italy),FBK Center for Information and Communication Technology,https://ror.org/04g3ak044,https://ror.org/01j33xk10,Fondazione Bruno Kessler,Parent,Production
38870,https://github.com/ror-community/ror-updates/issues/38870,Add a new organization to ROR: FBK Center for Information and Communication Technology (Italy),Fondazione Bruno Kessler,https://ror.org/01j33xk10,https://ror.org/04g3ak044,FBK Center for Information and Communication Technology,Child,Release
38870,https://github.com/ror-community/ror-updates/issues/38870,Add a new organization to ROR: FBK Center for Information and Communication Technology (Italy),FBK Center for Information and Communication Technology,https://ror.org/04g3ak044,https://ror.org/03ndxg996,FBK Center for Digital Industry,Successor,Release
38870,https://github.com/ror-community/ror-updates/issues/38870,Add a new organization to ROR: FBK Center for Information and Communication Technology (Italy),FBK Center for Digital Industry,https://ror.org/03ndxg996,https://ror.org/04g3ak044,FBK Center for Information and Communication Technology,Predecessor,Release
38870,https://github.com/ror-community/ror-updates/issues/38870,Add a new organization to ROR: FBK Center for Information and Communication Technology (Italy),FBK Center for Information and Communication Technology,https://ror.org/04g3ak044,https://ror.org/04495fg81,FBK Center for Digital Society,Successor,Release
38870,https://github.com/ror-community/ror-updates/issues/38870,Add a new organization to ROR: FBK Center for Information and Communication Technology (Italy),FBK Center for Digital Society,https://ror.org/04495fg81,https://ror.org/04g3ak044,FBK Center for Information and Communication Technology,Predecessor,Release
38870,https://github.com/ror-community/ror-updates/issues/38870,Add a new organization to ROR: FBK Center for Information and Communication Technology (Italy),FBK Center for Information and Communication Technology,https://ror.org/04g3ak044,https://ror.org/03jxfq309,FBK Center for Cybersecurity,Successor,Release
38870,https://github.com/ror-community/ror-updates/issues/38870,Add a new organization to ROR: FBK Center for Information and Communication Technology (Italy),FBK Center for Cybersecurity,https://ror.org/03jxfq309,https://ror.org/04g3ak044,FBK Center for Information and Communication Technology,Predecessor,Release
38870,https://github.com/ror-community/ror-updates/issues/38870,Add a new organization to ROR: FBK Center for Information and Communication Technology (Italy),FBK Center for Information and Communication Technology,https://ror.org/04g3ak044,https://ror.org/03ht84z23,FBK Center for Digital Health & Wellbeing,Successor,Release
38870,https://github.com/ror-community/ror-updates/issues/38870,Add a new organization to ROR: FBK Center for Information and Communication Technology (Italy),FBK Center for Digital Health & Wellbeing,https://ror.org/03ht84z23,https://ror.org/04g3ak044,FBK Center for Information and Communication Technology,Predecessor,Release
38870,https://github.com/ror-community/ror-updates/issues/38870,Add a new organization to ROR: FBK Center for Information and Communication Technology (Italy),FBK Center for Information and Communication Technology,https://ror.org/04g3ak044,https://ror.org/040f2g624,FBK Center for Health Emergencies,Successor,Release
38870,https://github.com/ror-community/ror-updates/issues/38870,Add a new organization to ROR: FBK Center for Information and Communication Technology (Italy),FBK Center for Health Emergencies,https://ror.org/040f2g624,https://ror.org/04g3ak044,FBK Center for Information and Communication Technology,Predecessor,Release
38880,https://github.com/ror-community/ror-updates/issues/38880,"Add a new organization to ROR: 
 
Mother Terasa College of Pharmacy",Mother Terasa College of Pharmacy,https://ror.org/035ksdr47,https://ror.org/00b3mhg89,Tamil Nadu Dr. M.G.R. Medical University,Related,Production
38880,https://github.com/ror-community/ror-updates/issues/38880,"Add a new organization to ROR: 
 
Mother Terasa College of Pharmacy",Tamil Nadu Dr. M.G.R. Medical University,https://ror.org/00b3mhg89,https://ror.org/035ksdr47,Mother Terasa College of Pharmacy,Related,Release
38284,https://github.com/ror-community/ror-updates/issues/38284,Add a new organization to ROR: Suri Vidyasagar College,Suri Vidyasagar College,https://ror.org/002m9tv17,https://ror.org/05cyd8v32,University of Burdwan,Related,Production
38284,https://github.com/ror-community/ror-updates/issues/38284,Add a new organization to ROR: Suri Vidyasagar College,University of Burdwan,https://ror.org/05cyd8v32,https://ror.org/002m9tv17,Suri Vidyasagar College,Related,Release
38283,https://github.com/ror-community/ror-updates/issues/38283,Add a new organization to ROR: Babasaheb Naik College of Engineering,"Babasaheb Naik College of Engineering, Pusad",https://ror.org/012yrn537,https://ror.org/05s8p6g93,Sant Gadge Baba Amravati University,Related,Production
38283,https://github.com/ror-community/ror-updates/issues/38283,Add a new organization to ROR: Babasaheb Naik College of Engineering,Sant Gadge Baba Amravati University,https://ror.org/05s8p6g93,https://ror.org/012yrn537,"Babasaheb Naik College of Engineering, Pusad",Related,Release
38353,https://github.com/ror-community/ror-updates/issues/38353,Add a new organization to ROR: Maharaja Surajmal Institute of Technology,Maharaja Surajmal Institute of Technology,https://ror.org/02d3prq18,https://ror.org/034q1za58,Guru Gobind Singh Indraprastha University,Related,Production
38353,https://github.com/ror-community/ror-updates/issues/38353,Add a new organization to ROR: Maharaja Surajmal Institute of Technology,Guru Gobind Singh Indraprastha University,https://ror.org/034q1za58,https://ror.org/02d3prq18,Maharaja Surajmal Institute of Technology,Related,Release
38278,https://github.com/ror-community/ror-updates/issues/38278,Add a new organization to ROR: Taki Government College,Taki Government College,https://ror.org/04vqxqg35,https://ror.org/04qs5en05,West Bengal State University,Related,Production
38278,https://github.com/ror-community/ror-updates/issues/38278,Add a new organization to ROR: Taki Government College,West Bengal State University,https://ror.org/04qs5en05,https://ror.org/04vqxqg35,Taki Government College,Related,Release
38274,https://github.com/ror-community/ror-updates/issues/38274,Add a new organization to ROR: Ranaghat College,Ranaghat College,https://ror.org/049ab6j28,https://ror.org/03v783k16,University of Kalyani,Related,Production
38274,https://github.com/ror-community/ror-updates/issues/38274,Add a new organization to ROR: Ranaghat College,University of Kalyani,https://ror.org/03v783k16,https://ror.org/049ab6j28,Ranaghat College,Related,Release
38273,https://github.com/ror-community/ror-updates/issues/38273,Add a new organization to ROR: Gopikabai Sitaram Gawande Mahavidyalaya,Gopikabai Sitaram Gawande Mahavidyalaya,https://ror.org/04se85107,https://ror.org/05s8p6g93,Sant Gadge Baba Amravati University,Related,Production
38273,https://github.com/ror-community/ror-updates/issues/38273,Add a new organization to ROR: Gopikabai Sitaram Gawande Mahavidyalaya,Sant Gadge Baba Amravati University,https://ror.org/05s8p6g93,https://ror.org/04se85107,Gopikabai Sitaram Gawande Mahavidyalaya,Related,Release
38272,https://github.com/ror-community/ror-updates/issues/38272,Add a new organization to ROR: Acharya Jagadish Chandra Bose College,Acharya Jagadish Chandra Bose College,https://ror.org/039vqsj82,https://ror.org/01e7v7w47,University of Calcutta,Related,Production
38272,https://github.com/ror-community/ror-updates/issues/38272,Add a new organization to ROR: Acharya Jagadish Chandra Bose College,University of Calcutta,https://ror.org/01e7v7w47,https://ror.org/039vqsj82,Acharya Jagadish Chandra Bose College,Related,Release
38269,https://github.com/ror-community/ror-updates/issues/38269,Add a new organization to ROR: Science College (Autonomous),Science College (Autonomous),https://ror.org/00w98f254,https://ror.org/03m3xkg41,Berhampur University,Related,Production
38269,https://github.com/ror-community/ror-updates/issues/38269,Add a new organization to ROR: Science College (Autonomous),Berhampur University,https://ror.org/03m3xkg41,https://ror.org/00w98f254,Science College (Autonomous),Related,Release
38268,https://github.com/ror-community/ror-updates/issues/38268,Add a new organization to ROR: Sri Guru Gobind Singh College,Sri Guru Gobind Singh College,https://ror.org/018ewc945,https://ror.org/04p2sbk06,Panjab University,Related,Production
38268,https://github.com/ror-community/ror-updates/issues/38268,Add a new organization to ROR: Sri Guru Gobind Singh College,Panjab University,https://ror.org/04p2sbk06,https://ror.org/018ewc945,Sri Guru Gobind Singh College,Related,Release
38265,https://github.com/ror-community/ror-updates/issues/38265,Add a new organization to ROR: College of Engineering & Management,College of Engineering & Management Kapurthala,https://ror.org/04n918173,https://ror.org/025kz2973,Punjab Technical University,Related,Production
38265,https://github.com/ror-community/ror-updates/issues/38265,Add a new organization to ROR: College of Engineering & Management,Punjab Technical University,https://ror.org/025kz2973,https://ror.org/04n918173,College of Engineering & Management Kapurthala,Related,Release
38263,https://github.com/ror-community/ror-updates/issues/38263,Add a new organization to ROR: Trident Academy of Technology,Trident Academy of Technology,https://ror.org/03kckg173,https://ror.org/03vqjtg68,Biju Patnaik University of Technology,Related,Production
38263,https://github.com/ror-community/ror-updates/issues/38263,Add a new organization to ROR: Trident Academy of Technology,Biju Patnaik University of Technology,https://ror.org/03vqjtg68,https://ror.org/03kckg173,Trident Academy of Technology,Related,Release
38262,https://github.com/ror-community/ror-updates/issues/38262,Add a new organization to ROR: Krupajal Engineering College,Krupajal Engineering College,https://ror.org/013g69242,https://ror.org/03vqjtg68,Biju Patnaik University of Technology,Related,Production
38262,https://github.com/ror-community/ror-updates/issues/38262,Add a new organization to ROR: Krupajal Engineering College,Biju Patnaik University of Technology,https://ror.org/03vqjtg68,https://ror.org/013g69242,Krupajal Engineering College,Related,Release
38917,https://github.com/ror-community/ror-updates/issues/38917,"Add a new organization to ROR: Universidad Indoamérica, Sede Quito (Ecuador)","Universidad Indoamérica, Sede Quito",https://ror.org/0376zhq90,https://ror.org/02nn67a65,Universidad Indoamérica,Parent,Production
38917,https://github.com/ror-community/ror-updates/issues/38917,"Add a new organization to ROR: Universidad Indoamérica, Sede Quito (Ecuador)",Universidad Indoamérica,https://ror.org/02nn67a65,https://ror.org/0376zhq90,"Universidad Indoamérica, Sede Quito",Child,Release
38918,https://github.com/ror-community/ror-updates/issues/38918,"Add a new organization to ROR: Universidad Indoamérica, Sede Latacunga (Ecuador)","Universidad Indoamérica, Sede Latacunga",https://ror.org/05183x376,https://ror.org/02nn67a65,Universidad Indoamérica,Parent,Production
38918,https://github.com/ror-community/ror-updates/issues/38918,"Add a new organization to ROR: Universidad Indoamérica, Sede Latacunga (Ecuador)",Universidad Indoamérica,https://ror.org/02nn67a65,https://ror.org/05183x376,"Universidad Indoamérica, Sede Latacunga",Child,Release
36338,https://github.com/ror-community/ror-updates/issues/36338,"Modify the information in an existing ROR record: 
University of Saskatchewan https://ror.org/010x8gc63
",University of Saskatchewan,https://ror.org/010x8gc63,https://ror.org/001bvc968,Canadian Light Source (Canada),Child,Production
36338,https://github.com/ror-community/ror-updates/issues/36338,"Modify the information in an existing ROR record: 
University of Saskatchewan https://ror.org/010x8gc63
",Canadian Light Source (Canada),https://ror.org/001bvc968,https://ror.org/010x8gc63,University of Saskatchewan,Parent,Release
36338,https://github.com/ror-community/ror-updates/issues/36338,"Modify the information in an existing ROR record: 
University of Saskatchewan https://ror.org/010x8gc63
",University of Saskatchewan,https://ror.org/010x8gc63,https://ror.org/028n22487,Global Water Futures Observatories,Delete,Production
36338,https://github.com/ror-community/ror-updates/issues/36338,"Modify the information in an existing ROR record: 
University of Saskatchewan https://ror.org/010x8gc63
",Global Water Futures Observatories,https://ror.org/028n22487,https://ror.org/010x8gc63,University of Saskatchewan,Delete,Release
36338,https://github.com/ror-community/ror-updates/issues/36338,"Modify the information in an existing ROR record: 
University of Saskatchewan https://ror.org/010x8gc63
",University of Saskatchewan,https://ror.org/010x8gc63,https://ror.org/028n22487,Global Water Futures Observatories,Related,Production
36338,https://github.com/ror-community/ror-updates/issues/36338,"Modify the information in an existing ROR record: 
University of Saskatchewan https://ror.org/010x8gc63
",Global Water Futures Observatories,https://ror.org/028n22487,https://ror.org/010x8gc63,University of Saskatchewan,Related,Release
36338,https://github.com/ror-community/ror-updates/issues/36338,"Modify the information in an existing ROR record: 
University of Saskatchewan https://ror.org/010x8gc63
",University of Saskatchewan,https://ror.org/010x8gc63,https://ror.org/05997db74,Global Institute for Water Security,Delete,Production
36338,https://github.com/ror-community/ror-updates/issues/36338,"Modify the information in an existing ROR record: 
University of Saskatchewan https://ror.org/010x8gc63
",Global Institute for Water Security,https://ror.org/05997db74,https://ror.org/010x8gc63,University of Saskatchewan,Delete,Release
36338,https://github.com/ror-community/ror-updates/issues/36338,"Modify the information in an existing ROR record: 
University of Saskatchewan https://ror.org/010x8gc63
",University of Saskatchewan,https://ror.org/010x8gc63,https://ror.org/05997db74,Global Institute for Water Security,Child,Production
36338,https://github.com/ror-community/ror-updates/issues/36338,"Modify the information in an existing ROR record: 
University of Saskatchewan https://ror.org/010x8gc63
",Global Institute for Water Security,https://ror.org/05997db74,https://ror.org/010x8gc63,University of Saskatchewan,Parent,Release
36338,https://github.com/ror-community/ror-updates/issues/36338,"Modify the information in an existing ROR record: 
University of Saskatchewan https://ror.org/010x8gc63
",University of Saskatchewan,https://ror.org/010x8gc63,https://ror.org/01sjjfh02,Horizon College and Seminary,Delete,Production
36338,https://github.com/ror-community/ror-updates/issues/36338,"Modify the information in an existing ROR record: 
University of Saskatchewan https://ror.org/010x8gc63
",Horizon College and Seminary,https://ror.org/01sjjfh02,https://ror.org/010x8gc63,University of Saskatchewan,Delete,Release
36338,https://github.com/ror-community/ror-updates/issues/36338,"Modify the information in an existing ROR record: 
University of Saskatchewan https://ror.org/010x8gc63
",University of Saskatchewan,https://ror.org/010x8gc63,https://ror.org/01sjjfh02,Horizon College and Seminary,Related,Production
36338,https://github.com/ror-community/ror-updates/issues/36338,"Modify the information in an existing ROR record: 
University of Saskatchewan https://ror.org/010x8gc63
",Horizon College and Seminary,https://ror.org/01sjjfh02,https://ror.org/010x8gc63,University of Saskatchewan,Related,Release
36375,https://github.com/ror-community/ror-updates/issues/36375,Modify the information in an existing ROR record: Oxford University Press (United Kingdom) - https://ror.org/0336mm561,Oxford University Press (United Kingdom),https://ror.org/0336mm561,https://ror.org/0572q5a45,Karger Publishers (Switzerland),Child,Production
36375,https://github.com/ror-community/ror-updates/issues/36375,Modify the information in an existing ROR record: Oxford University Press (United Kingdom) - https://ror.org/0336mm561,Karger Publishers (Switzerland),https://ror.org/0572q5a45,https://ror.org/0336mm561,Oxford University Press (United Kingdom),Parent,Release
36396,https://github.com/ror-community/ror-updates/issues/36396,"Modify the information in an existing ROR record: 
Maison des sciences de l'homme https://ror.org/022y5bk62
",Maison des sciences de l'homme,https://ror.org/022y5bk62,https://ror.org/03gnr7b55,Nantes Université,Parent,Production
36396,https://github.com/ror-community/ror-updates/issues/36396,"Modify the information in an existing ROR record: 
Maison des sciences de l'homme https://ror.org/022y5bk62
",Nantes Université,https://ror.org/03gnr7b55,https://ror.org/022y5bk62,Maison des sciences de l'homme,Child,Release
36396,https://github.com/ror-community/ror-updates/issues/36396,"Modify the information in an existing ROR record: 
Maison des sciences de l'homme https://ror.org/022y5bk62
",Maison des sciences de l'homme,https://ror.org/022y5bk62,https://ror.org/04yrqp957,Université d'Angers,Parent,Production
36396,https://github.com/ror-community/ror-updates/issues/36396,"Modify the information in an existing ROR record: 
Maison des sciences de l'homme https://ror.org/022y5bk62
",Université d'Angers,https://ror.org/04yrqp957,https://ror.org/022y5bk62,Maison des sciences de l'homme,Child,Release
36396,https://github.com/ror-community/ror-updates/issues/36396,"Modify the information in an existing ROR record: 
Maison des sciences de l'homme https://ror.org/022y5bk62
",Maison des sciences de l'homme,https://ror.org/022y5bk62,https://ror.org/01mtcc283,Le Mans Université,Parent,Production
36396,https://github.com/ror-community/ror-updates/issues/36396,"Modify the information in an existing ROR record: 
Maison des sciences de l'homme https://ror.org/022y5bk62
",Le Mans Université,https://ror.org/01mtcc283,https://ror.org/022y5bk62,Maison des sciences de l'homme,Child,Release
36438,https://github.com/ror-community/ror-updates/issues/36438,"Modify the information in an existing ROR record: 
Maastricht University https://ror.org/02jz4aj89
",Maastricht University,https://ror.org/02jz4aj89,https://ror.org/053zwxr79,United Nations University – Maastricht Economic and Social Research Institute on Innovation and Technology,Child,Production
36438,https://github.com/ror-community/ror-updates/issues/36438,"Modify the information in an existing ROR record: 
Maastricht University https://ror.org/02jz4aj89
",United Nations University – Maastricht Economic and Social Research Institute on Innovation and Technology,https://ror.org/053zwxr79,https://ror.org/02jz4aj89,Maastricht University,Parent,Release
36438,https://github.com/ror-community/ror-updates/issues/36438,"Modify the information in an existing ROR record: 
Maastricht University https://ror.org/02jz4aj89
",Maastricht University,https://ror.org/02jz4aj89,https://ror.org/01930wn69,Care and Public Health Research Institute,Child,Production
36438,https://github.com/ror-community/ror-updates/issues/36438,"Modify the information in an existing ROR record: 
Maastricht University https://ror.org/02jz4aj89
",Care and Public Health Research Institute,https://ror.org/01930wn69,https://ror.org/02jz4aj89,Maastricht University,Parent,Release
36438,https://github.com/ror-community/ror-updates/issues/36438,"Modify the information in an existing ROR record: 
Maastricht University https://ror.org/02jz4aj89
",Maastricht University,https://ror.org/02jz4aj89,https://ror.org/04zb8fk81,Maastricht School of Management,Child,Production
36438,https://github.com/ror-community/ror-updates/issues/36438,"Modify the information in an existing ROR record: 
Maastricht University https://ror.org/02jz4aj89
",Maastricht School of Management,https://ror.org/04zb8fk81,https://ror.org/02jz4aj89,Maastricht University,Parent,Release
36498,https://github.com/ror-community/ror-updates/issues/36498,"Modify the information in an existing ROR record: 
Institute of Science Tokyo https://ror.org/05dqf9946
",Institute of Science Tokyo,https://ror.org/05dqf9946,https://ror.org/0112mx960,Tokyo Institute of Technology,Delete,Production
36498,https://github.com/ror-community/ror-updates/issues/36498,"Modify the information in an existing ROR record: 
Institute of Science Tokyo https://ror.org/05dqf9946
",Tokyo Institute of Technology,https://ror.org/0112mx960,https://ror.org/05dqf9946,Institute of Science Tokyo,Delete,Release
36498,https://github.com/ror-community/ror-updates/issues/36498,"Modify the information in an existing ROR record: 
Institute of Science Tokyo https://ror.org/05dqf9946
",Institute of Science Tokyo,https://ror.org/05dqf9946,https://ror.org/051k3eh31,Tokyo Medical and Dental University,Delete,Production
36498,https://github.com/ror-community/ror-updates/issues/36498,"Modify the information in an existing ROR record: 
Institute of Science Tokyo https://ror.org/05dqf9946
",Tokyo Medical and Dental University,https://ror.org/051k3eh31,https://ror.org/05dqf9946,Institute of Science Tokyo,Delete,Release
36498,https://github.com/ror-community/ror-updates/issues/36498,"Modify the information in an existing ROR record: 
Institute of Science Tokyo https://ror.org/05dqf9946
",Institute of Science Tokyo,https://ror.org/05dqf9946,https://ror.org/0112mx960,Tokyo Institute of Technology,Predecessor,Production
36498,https://github.com/ror-community/ror-updates/issues/36498,"Modify the information in an existing ROR record: 
Institute of Science Tokyo https://ror.org/05dqf9946
",Tokyo Institute of Technology,https://ror.org/0112mx960,https://ror.org/05dqf9946,Institute of Science Tokyo,Successor,Release
36498,https://github.com/ror-community/ror-updates/issues/36498,"Modify the information in an existing ROR record: 
Institute of Science Tokyo https://ror.org/05dqf9946
",Institute of Science Tokyo,https://ror.org/05dqf9946,https://ror.org/051k3eh31,Tokyo Medical and Dental University,Predecessor,Production
36498,https://github.com/ror-community/ror-updates/issues/36498,"Modify the information in an existing ROR record: 
Institute of Science Tokyo https://ror.org/05dqf9946
",Tokyo Medical and Dental University,https://ror.org/051k3eh31,https://ror.org/05dqf9946,Institute of Science Tokyo,Successor,Release
38921,https://github.com/ror-community/ror-updates/issues/38921,Modify the information in an existing ROR record: Earth-Life Science Institute - https://ror.org/031dp5151,Earth-Life Science Institute,https://ror.org/031dp5151,https://ror.org/0112mx960,Tokyo Institute of Technology,Delete,Production
38921,https://github.com/ror-community/ror-updates/issues/38921,Modify the information in an existing ROR record: Earth-Life Science Institute - https://ror.org/031dp5151,Tokyo Institute of Technology,https://ror.org/0112mx960,https://ror.org/031dp5151,Earth-Life Science Institute,Delete,Release
38921,https://github.com/ror-community/ror-updates/issues/38921,Modify the information in an existing ROR record: Earth-Life Science Institute - https://ror.org/031dp5151,Earth-Life Science Institute,https://ror.org/031dp5151,https://ror.org/05dqf9946,Institute of Science Tokyo,Parent,Production
38921,https://github.com/ror-community/ror-updates/issues/38921,Modify the information in an existing ROR record: Earth-Life Science Institute - https://ror.org/031dp5151,Institute of Science Tokyo,https://ror.org/05dqf9946,https://ror.org/031dp5151,Earth-Life Science Institute,Child,Release
38923,https://github.com/ror-community/ror-updates/issues/38923,Modify the information in an existing ROR record: Tokyo Medical and Dental University Hospital - https://ror.org/058548196,Tokyo Medical and Dental University Hospital,https://ror.org/058548196,https://ror.org/051k3eh31,Tokyo Medical and Dental University,Delete,Production
38923,https://github.com/ror-community/ror-updates/issues/38923,Modify the information in an existing ROR record: Tokyo Medical and Dental University Hospital - https://ror.org/058548196,Tokyo Medical and Dental University,https://ror.org/051k3eh31,https://ror.org/058548196,Tokyo Medical and Dental University Hospital,Delete,Release
38923,https://github.com/ror-community/ror-updates/issues/38923,Modify the information in an existing ROR record: Tokyo Medical and Dental University Hospital - https://ror.org/058548196,Tokyo Medical and Dental University Hospital,https://ror.org/058548196,https://ror.org/05dqf9946,Institute of Science Tokyo,Parent,Production
38923,https://github.com/ror-community/ror-updates/issues/38923,Modify the information in an existing ROR record: Tokyo Medical and Dental University Hospital - https://ror.org/058548196,Institute of Science Tokyo,https://ror.org/05dqf9946,https://ror.org/058548196,Tokyo Medical and Dental University Hospital,Child,Release
36507,https://github.com/ror-community/ror-updates/issues/36507,"Modify the information in an existing ROR record: 
OSUG https://ror.org/03vte9x46
",Observatoire des Sciences de l'Univers de Grenoble,https://ror.org/03vte9x46,https://ror.org/015q23935,Institut de Recherche pour le Développement,Delete,Production
36507,https://github.com/ror-community/ror-updates/issues/36507,"Modify the information in an existing ROR record: 
OSUG https://ror.org/03vte9x46
",Institut de Recherche pour le Développement,https://ror.org/015q23935,https://ror.org/03vte9x46,Observatoire des Sciences de l'Univers de Grenoble,Delete,Release
36507,https://github.com/ror-community/ror-updates/issues/36507,"Modify the information in an existing ROR record: 
OSUG https://ror.org/03vte9x46
",Observatoire des Sciences de l'Univers de Grenoble,https://ror.org/03vte9x46,https://ror.org/05q3vnk25,Institut de Recherche pour le Développement,Parent,Production
36507,https://github.com/ror-community/ror-updates/issues/36507,"Modify the information in an existing ROR record: 
OSUG https://ror.org/03vte9x46
",Institut de Recherche pour le Développement,https://ror.org/05q3vnk25,https://ror.org/03vte9x46,Observatoire des Sciences de l'Univers de Grenoble,Child,Release
36507,https://github.com/ror-community/ror-updates/issues/36507,"Modify the information in an existing ROR record: 
OSUG https://ror.org/03vte9x46
",Observatoire des Sciences de l'Univers de Grenoble,https://ror.org/03vte9x46,https://ror.org/0233st365,Météo-France,Parent,Production
36507,https://github.com/ror-community/ror-updates/issues/36507,"Modify the information in an existing ROR record: 
OSUG https://ror.org/03vte9x46
",Météo-France,https://ror.org/0233st365,https://ror.org/03vte9x46,Observatoire des Sciences de l'Univers de Grenoble,Child,Release
36507,https://github.com/ror-community/ror-updates/issues/36507,"Modify the information in an existing ROR record: 
OSUG https://ror.org/03vte9x46
",Observatoire des Sciences de l'Univers de Grenoble,https://ror.org/03vte9x46,https://ror.org/01cf2sz15,Institut des Sciences de la Terre,Child,Production
36507,https://github.com/ror-community/ror-updates/issues/36507,"Modify the information in an existing ROR record: 
OSUG https://ror.org/03vte9x46
",Institut des Sciences de la Terre,https://ror.org/01cf2sz15,https://ror.org/03vte9x46,Observatoire des Sciences de l'Univers de Grenoble,Parent,Release
36507,https://github.com/ror-community/ror-updates/issues/36507,"Modify the information in an existing ROR record: 
OSUG https://ror.org/03vte9x46
",Observatoire des Sciences de l'Univers de Grenoble,https://ror.org/03vte9x46,https://ror.org/01wwcfa26,Institut des Géosciences de l'Environnement,Child,Production
36507,https://github.com/ror-community/ror-updates/issues/36507,"Modify the information in an existing ROR record: 
OSUG https://ror.org/03vte9x46
",Institut des Géosciences de l'Environnement,https://ror.org/01wwcfa26,https://ror.org/03vte9x46,Observatoire des Sciences de l'Univers de Grenoble,Parent,Release
36507,https://github.com/ror-community/ror-updates/issues/36507,"Modify the information in an existing ROR record: 
OSUG https://ror.org/03vte9x46
",Observatoire des Sciences de l'Univers de Grenoble,https://ror.org/03vte9x46,https://ror.org/02rmwrd87,"Laboratoire Environnements, Dynamiques et Territoires de Montagne",Child,Production
36507,https://github.com/ror-community/ror-updates/issues/36507,"Modify the information in an existing ROR record: 
OSUG https://ror.org/03vte9x46
","Laboratoire Environnements, Dynamiques et Territoires de Montagne",https://ror.org/02rmwrd87,https://ror.org/03vte9x46,Observatoire des Sciences de l'Univers de Grenoble,Parent,Release
36507,https://github.com/ror-community/ror-updates/issues/36507,"Modify the information in an existing ROR record: 
OSUG https://ror.org/03vte9x46
",Observatoire des Sciences de l'Univers de Grenoble,https://ror.org/03vte9x46,https://ror.org/03x1z2w73,Laboratoire d'Écologie Alpine,Child,Production
36507,https://github.com/ror-community/ror-updates/issues/36507,"Modify the information in an existing ROR record: 
OSUG https://ror.org/03vte9x46
",Laboratoire d'Écologie Alpine,https://ror.org/03x1z2w73,https://ror.org/03vte9x46,Observatoire des Sciences de l'Univers de Grenoble,Parent,Release
36507,https://github.com/ror-community/ror-updates/issues/36507,"Modify the information in an existing ROR record: 
OSUG https://ror.org/03vte9x46
",Observatoire des Sciences de l'Univers de Grenoble,https://ror.org/03vte9x46,https://ror.org/037vdeb02,Centre Alpin de Recherche sur les Réseaux Trophiques et les Ecosystèmes Limniques,Child,Production
36507,https://github.com/ror-community/ror-updates/issues/36507,"Modify the information in an existing ROR record: 
OSUG https://ror.org/03vte9x46
",Centre Alpin de Recherche sur les Réseaux Trophiques et les Ecosystèmes Limniques,https://ror.org/037vdeb02,https://ror.org/03vte9x46,Observatoire des Sciences de l'Univers de Grenoble,Parent,Release
36507,https://github.com/ror-community/ror-updates/issues/36507,"Modify the information in an existing ROR record: 
OSUG https://ror.org/03vte9x46
",Observatoire des Sciences de l'Univers de Grenoble,https://ror.org/03vte9x46,https://ror.org/01a0ez112,Laboratoire des écosystèmes et sociétés en montagne,Child,Production
36507,https://github.com/ror-community/ror-updates/issues/36507,"Modify the information in an existing ROR record: 
OSUG https://ror.org/03vte9x46
",Laboratoire des écosystèmes et sociétés en montagne,https://ror.org/01a0ez112,https://ror.org/03vte9x46,Observatoire des Sciences de l'Univers de Grenoble,Parent,Release
36507,https://github.com/ror-community/ror-updates/issues/36507,"Modify the information in an existing ROR record: 
OSUG https://ror.org/03vte9x46
",Observatoire des Sciences de l'Univers de Grenoble,https://ror.org/03vte9x46,https://ror.org/043pfpy19,Laboratoire des Écoulements Géophysiques et Industriels,Child,Production
36507,https://github.com/ror-community/ror-updates/issues/36507,"Modify the information in an existing ROR record: 
OSUG https://ror.org/03vte9x46
",Laboratoire des Écoulements Géophysiques et Industriels,https://ror.org/043pfpy19,https://ror.org/03vte9x46,Observatoire des Sciences de l'Univers de Grenoble,Parent,Release
36507,https://github.com/ror-community/ror-updates/issues/36507,"Modify the information in an existing ROR record: 
OSUG https://ror.org/03vte9x46
",Observatoire des Sciences de l'Univers de Grenoble,https://ror.org/03vte9x46,https://ror.org/03sv9dy74,Jardin du Lautaret,Delete,Production
36507,https://github.com/ror-community/ror-updates/issues/36507,"Modify the information in an existing ROR record: 
OSUG https://ror.org/03vte9x46
",Jardin du Lautaret,https://ror.org/03sv9dy74,https://ror.org/03vte9x46,Observatoire des Sciences de l'Univers de Grenoble,Delete,Release
36507,https://github.com/ror-community/ror-updates/issues/36507,"Modify the information in an existing ROR record: 
OSUG https://ror.org/03vte9x46
",Observatoire des Sciences de l'Univers de Grenoble,https://ror.org/03vte9x46,https://ror.org/03sv9dy74,Jardin du Lautaret,Child,Production
36507,https://github.com/ror-community/ror-updates/issues/36507,"Modify the information in an existing ROR record: 
OSUG https://ror.org/03vte9x46
",Jardin du Lautaret,https://ror.org/03sv9dy74,https://ror.org/03vte9x46,Observatoire des Sciences de l'Univers de Grenoble,Parent,Release
36674,https://github.com/ror-community/ror-updates/issues/36674,"Modify the information in an existing ROR record: 
LS2N / Nantes Université https://ror.org/02snf8m58
",LS2N / Nantes Université,https://ror.org/02snf8m58,https://ror.org/02kvxyf05,Institut national de recherche en sciences et technologies du numérique,Delete,Production
36674,https://github.com/ror-community/ror-updates/issues/36674,"Modify the information in an existing ROR record: 
LS2N / Nantes Université https://ror.org/02snf8m58
",Institut national de recherche en sciences et technologies du numérique,https://ror.org/02kvxyf05,https://ror.org/02snf8m58,LS2N / Nantes Université,Delete,Release
36674,https://github.com/ror-community/ror-updates/issues/36674,"Modify the information in an existing ROR record: 
LS2N / Nantes Université https://ror.org/02snf8m58
",LS2N / Nantes Université,https://ror.org/02snf8m58,https://ror.org/02kvxyf05,Institut national de recherche en sciences et technologies du numérique,Related,Production
36674,https://github.com/ror-community/ror-updates/issues/36674,"Modify the information in an existing ROR record: 
LS2N / Nantes Université https://ror.org/02snf8m58
",Institut national de recherche en sciences et technologies du numérique,https://ror.org/02kvxyf05,https://ror.org/02snf8m58,LS2N / Nantes Université,Related,Release
38926,https://github.com/ror-community/ror-updates/issues/38926,Add a new organization to ROR: Institut de recherche en communications et cybernétique de Nantes (France),Institut de recherche en communications et cybernétique de Nantes,https://ror.org/057tpx975,https://ror.org/02feahw73,Centre National de la Recherche Scientifique,Parent,Production
38926,https://github.com/ror-community/ror-updates/issues/38926,Add a new organization to ROR: Institut de recherche en communications et cybernétique de Nantes (France),Centre National de la Recherche Scientifique,https://ror.org/02feahw73,https://ror.org/057tpx975,Institut de recherche en communications et cybernétique de Nantes,Child,Release
38926,https://github.com/ror-community/ror-updates/issues/38926,Add a new organization to ROR: Institut de recherche en communications et cybernétique de Nantes (France),Institut de recherche en communications et cybernétique de Nantes,https://ror.org/057tpx975,https://ror.org/03gnr7b55,Nantes Université,Parent,Production
38926,https://github.com/ror-community/ror-updates/issues/38926,Add a new organization to ROR: Institut de recherche en communications et cybernétique de Nantes (France),Nantes Université,https://ror.org/03gnr7b55,https://ror.org/057tpx975,Institut de recherche en communications et cybernétique de Nantes,Child,Release
38926,https://github.com/ror-community/ror-updates/issues/38926,Add a new organization to ROR: Institut de recherche en communications et cybernétique de Nantes (France),Institut de recherche en communications et cybernétique de Nantes,https://ror.org/057tpx975,https://ror.org/03nh7d505,École Centrale de Nantes,Parent,Production
38926,https://github.com/ror-community/ror-updates/issues/38926,Add a new organization to ROR: Institut de recherche en communications et cybernétique de Nantes (France),École Centrale de Nantes,https://ror.org/03nh7d505,https://ror.org/057tpx975,Institut de recherche en communications et cybernétique de Nantes,Child,Release
38926,https://github.com/ror-community/ror-updates/issues/38926,Add a new organization to ROR: Institut de recherche en communications et cybernétique de Nantes (France),Institut de recherche en communications et cybernétique de Nantes,https://ror.org/057tpx975,https://ror.org/05gzmxp80,École nationale supérieure des Mines de Nantes,Parent,Production
38926,https://github.com/ror-community/ror-updates/issues/38926,Add a new organization to ROR: Institut de recherche en communications et cybernétique de Nantes (France),École nationale supérieure des Mines de Nantes,https://ror.org/05gzmxp80,https://ror.org/057tpx975,Institut de recherche en communications et cybernétique de Nantes,Child,Release
38926,https://github.com/ror-community/ror-updates/issues/38926,Add a new organization to ROR: Institut de recherche en communications et cybernétique de Nantes (France),Institut de recherche en communications et cybernétique de Nantes,https://ror.org/057tpx975,https://ror.org/02snf8m58,Laboratoire des Sciences du Numérique de Nantes,Successor,Production
38926,https://github.com/ror-community/ror-updates/issues/38926,Add a new organization to ROR: Institut de recherche en communications et cybernétique de Nantes (France),Laboratoire des Sciences du Numérique de Nantes,https://ror.org/02snf8m58,https://ror.org/057tpx975,Institut de recherche en communications et cybernétique de Nantes,Predecessor,Release
36566,https://github.com/ror-community/ror-updates/issues/36566,Modify the information in an existing ROR record: Comisión Nacional de Investigación Científica y Tecnológica - https://ror.org/02ap3w078,Comisión Nacional de Investigación Científica y Tecnológica,https://ror.org/02ap3w078,https://ror.org/00m0k5p91,Centro Científico Tecnológico de Valparaíso,Delete,Production
36566,https://github.com/ror-community/ror-updates/issues/36566,Modify the information in an existing ROR record: Comisión Nacional de Investigación Científica y Tecnológica - https://ror.org/02ap3w078,Centro Científico Tecnológico de Valparaíso,https://ror.org/00m0k5p91,https://ror.org/02ap3w078,Comisión Nacional de Investigación Científica y Tecnológica,Delete,Release
36566,https://github.com/ror-community/ror-updates/issues/36566,Modify the information in an existing ROR record: Comisión Nacional de Investigación Científica y Tecnológica - https://ror.org/02ap3w078,Comisión Nacional de Investigación Científica y Tecnológica,https://ror.org/02ap3w078,https://ror.org/03tvpbp09,"Ministry of Science, Technology, Knowledge and Innovation",Successor,Production
36566,https://github.com/ror-community/ror-updates/issues/36566,Modify the information in an existing ROR record: Comisión Nacional de Investigación Científica y Tecnológica - https://ror.org/02ap3w078,"Ministry of Science, Technology, Knowledge and Innovation",https://ror.org/03tvpbp09,https://ror.org/02ap3w078,Comisión Nacional de Investigación Científica y Tecnológica,Predecessor,Release
38932,https://github.com/ror-community/ror-updates/issues/38932,Modify the information in an existing ROR record: Fondo Nacional de Desarrollo Científico y Tecnológico - https://ror.org/016nafs32,Fondo Nacional de Desarrollo Científico y Tecnológico,https://ror.org/016nafs32,https://ror.org/018f7hf93,Ministry of Education,Delete,Production
38932,https://github.com/ror-community/ror-updates/issues/38932,Modify the information in an existing ROR record: Fondo Nacional de Desarrollo Científico y Tecnológico - https://ror.org/016nafs32,Ministry of Education,https://ror.org/018f7hf93,https://ror.org/016nafs32,Fondo Nacional de Desarrollo Científico y Tecnológico,Delete,Release
38928,https://github.com/ror-community/ror-updates/issues/38928,Add a new organization to ROR: Agencia Nacional de Investigación y Desarrollo (Chile),Agencia Nacional de Investigación y Desarrollo,https://ror.org/05btm5233,https://ror.org/016nafs32,Fondo Nacional de Desarrollo Científico y Tecnológico,Child,Production
38928,https://github.com/ror-community/ror-updates/issues/38928,Add a new organization to ROR: Agencia Nacional de Investigación y Desarrollo (Chile),Fondo Nacional de Desarrollo Científico y Tecnológico,https://ror.org/016nafs32,https://ror.org/05btm5233,Agencia Nacional de Investigación y Desarrollo,Parent,Release
38928,https://github.com/ror-community/ror-updates/issues/38928,Add a new organization to ROR: Agencia Nacional de Investigación y Desarrollo (Chile),Agencia Nacional de Investigación y Desarrollo,https://ror.org/05btm5233,https://ror.org/03tvpbp09,"Ministry of Science, Technology, Knowledge and Innovation",Parent,Production
38928,https://github.com/ror-community/ror-updates/issues/38928,Add a new organization to ROR: Agencia Nacional de Investigación y Desarrollo (Chile),"Ministry of Science, Technology, Knowledge and Innovation",https://ror.org/03tvpbp09,https://ror.org/05btm5233,Agencia Nacional de Investigación y Desarrollo,Child,Release
38928,https://github.com/ror-community/ror-updates/issues/38928,Add a new organization to ROR: Agencia Nacional de Investigación y Desarrollo (Chile),Agencia Nacional de Investigación y Desarrollo,https://ror.org/05btm5233,https://ror.org/02ap3w078,Agencia Nacional de Investigación y Desarrollo,Predecessor,Production
38928,https://github.com/ror-community/ror-updates/issues/38928,Add a new organization to ROR: Agencia Nacional de Investigación y Desarrollo (Chile),Agencia Nacional de Investigación y Desarrollo,https://ror.org/02ap3w078,https://ror.org/05btm5233,Agencia Nacional de Investigación y Desarrollo,Successor,Release
36516,https://github.com/ror-community/ror-updates/issues/36516,"Modify the information in an existing ROR record: 
Institut Català de la Salut https://ror.org/04wkdwp52
",Institut Català de la Salut,https://ror.org/04wkdwp52,https://ror.org/03ba28x55,Vall d'Hebron Hospital Universitari,Child,Production
36516,https://github.com/ror-community/ror-updates/issues/36516,"Modify the information in an existing ROR record: 
Institut Català de la Salut https://ror.org/04wkdwp52
",Vall d'Hebron Hospital Universitari,https://ror.org/03ba28x55,https://ror.org/04wkdwp52,Institut Català de la Salut,Parent,Release
36516,https://github.com/ror-community/ror-updates/issues/36516,"Modify the information in an existing ROR record: 
Institut Català de la Salut https://ror.org/04wkdwp52
",Institut Català de la Salut,https://ror.org/04wkdwp52,https://ror.org/05s4b1t72,Hospital Universitari Joan XXIII de Tarragona,Child,Production
36516,https://github.com/ror-community/ror-updates/issues/36516,"Modify the information in an existing ROR record: 
Institut Català de la Salut https://ror.org/04wkdwp52
",Hospital Universitari Joan XXIII de Tarragona,https://ror.org/05s4b1t72,https://ror.org/04wkdwp52,Institut Català de la Salut,Parent,Release
38335,https://github.com/ror-community/ror-updates/issues/38335,Add a new organization to ROR: Fazl Ali College,Fazl Ali College,https://ror.org/05sf9j891,https://ror.org/05n97pt16,Nagaland University,Related,Production
38335,https://github.com/ror-community/ror-updates/issues/38335,Add a new organization to ROR: Fazl Ali College,Nagaland University,https://ror.org/05n97pt16,https://ror.org/05sf9j891,Fazl Ali College,Related,Release
36543,https://github.com/ror-community/ror-updates/issues/36543,"Modify the information in an existing ROR record: 
Facultad Latinoamericana de Ciencias Argentina https://ror.org/00xp3z794
",Facultad Latinoamericana de Ciencias Sociales Sede Argentina,https://ror.org/00xp3z794,https://ror.org/02rz0r794,Facultad Latinoamericana de Ciencias Ecuador,Delete,Production
36543,https://github.com/ror-community/ror-updates/issues/36543,"Modify the information in an existing ROR record: 
Facultad Latinoamericana de Ciencias Argentina https://ror.org/00xp3z794
",Facultad Latinoamericana de Ciencias Ecuador,https://ror.org/02rz0r794,https://ror.org/00xp3z794,Facultad Latinoamericana de Ciencias Sociales Sede Argentina,Delete,Release
36846,https://github.com/ror-community/ror-updates/issues/36846,"Modify the information in an existing ROR record: 
University of New Orleans https://ror.org/034mtvk83
",LSU New Orleans,https://ror.org/034mtvk83,https://ror.org/02sqt9870,University of Louisiana System,Delete,Production
36846,https://github.com/ror-community/ror-updates/issues/36846,"Modify the information in an existing ROR record: 
University of New Orleans https://ror.org/034mtvk83
",University of Louisiana System,https://ror.org/02sqt9870,https://ror.org/034mtvk83,LSU New Orleans,Delete,Release
36846,https://github.com/ror-community/ror-updates/issues/36846,"Modify the information in an existing ROR record: 
University of New Orleans https://ror.org/034mtvk83
",LSU New Orleans,https://ror.org/034mtvk83,https://ror.org/022gnbj15,Louisiana State University System,Parent,Production
36846,https://github.com/ror-community/ror-updates/issues/36846,"Modify the information in an existing ROR record: 
University of New Orleans https://ror.org/034mtvk83
",Louisiana State University System,https://ror.org/022gnbj15,https://ror.org/034mtvk83,LSU New Orleans,Child,Release
36958,https://github.com/ror-community/ror-updates/issues/36958,"Modify the information in an existing ROR record: 
Middlesex University https://ror.org/01rv4p989
",Middlesex University,https://ror.org/01rv4p989,https://ror.org/04r2x0j90,Middlesex University Dubai,Child,Production
36958,https://github.com/ror-community/ror-updates/issues/36958,"Modify the information in an existing ROR record: 
Middlesex University https://ror.org/01rv4p989
",Middlesex University Dubai,https://ror.org/04r2x0j90,https://ror.org/01rv4p989,Middlesex University,Parent,Release
36958,https://github.com/ror-community/ror-updates/issues/36958,"Modify the information in an existing ROR record: 
Middlesex University https://ror.org/01rv4p989
",Middlesex University,https://ror.org/01rv4p989,https://ror.org/0531tjg57,Middlesex University,Child,Production
36958,https://github.com/ror-community/ror-updates/issues/36958,"Modify the information in an existing ROR record: 
Middlesex University https://ror.org/01rv4p989
",Middlesex University,https://ror.org/0531tjg57,https://ror.org/01rv4p989,Middlesex University,Parent,Release
36946,https://github.com/ror-community/ror-updates/issues/36946,"Modify the information in an existing ROR record: 
Paris Centre for Quantum Technologies https://ror.org/00adasd53
",Paris Centre for Quantum Technologies,https://ror.org/00adasd53,https://ror.org/013cjyk83,Université Paris Sciences et Lettres,Parent,Production
36946,https://github.com/ror-community/ror-updates/issues/36946,"Modify the information in an existing ROR record: 
Paris Centre for Quantum Technologies https://ror.org/00adasd53
",Université Paris Sciences et Lettres,https://ror.org/013cjyk83,https://ror.org/00adasd53,Paris Centre for Quantum Technologies,Child,Release
36946,https://github.com/ror-community/ror-updates/issues/36946,"Modify the information in an existing ROR record: 
Paris Centre for Quantum Technologies https://ror.org/00adasd53
",Paris Centre for Quantum Technologies,https://ror.org/00adasd53,https://ror.org/05f82e368,Université Paris Cité,Parent,Production
36946,https://github.com/ror-community/ror-updates/issues/36946,"Modify the information in an existing ROR record: 
Paris Centre for Quantum Technologies https://ror.org/00adasd53
",Université Paris Cité,https://ror.org/05f82e368,https://ror.org/00adasd53,Paris Centre for Quantum Technologies,Child,Release
36946,https://github.com/ror-community/ror-updates/issues/36946,"Modify the information in an existing ROR record: 
Paris Centre for Quantum Technologies https://ror.org/00adasd53
",Paris Centre for Quantum Technologies,https://ror.org/00adasd53,https://ror.org/02kvxyf05,Institut national de recherche en sciences et technologies du numérique,Parent,Production
36946,https://github.com/ror-community/ror-updates/issues/36946,"Modify the information in an existing ROR record: 
Paris Centre for Quantum Technologies https://ror.org/00adasd53
",Institut national de recherche en sciences et technologies du numérique,https://ror.org/02kvxyf05,https://ror.org/00adasd53,Paris Centre for Quantum Technologies,Child,Release
39012,https://github.com/ror-community/ror-updates/issues/39012,"Add a new organization to ROR: Mehran University of Engineering & Technology Shaheed Zulfiqar Ali Bhutto Campus, Khairpur Mir's (Pakistan)","Mehran University of Engineering & Technology Shaheed Zulfiqar Ali Bhutto Campus, Khairpur Mir's",https://ror.org/05663a838,https://ror.org/0575ttm03,Mehran University of Engineering and Technology,Parent,Production
39012,https://github.com/ror-community/ror-updates/issues/39012,"Add a new organization to ROR: Mehran University of Engineering & Technology Shaheed Zulfiqar Ali Bhutto Campus, Khairpur Mir's (Pakistan)",Mehran University of Engineering and Technology,https://ror.org/0575ttm03,https://ror.org/05663a838,"Mehran University of Engineering & Technology Shaheed Zulfiqar Ali Bhutto Campus, Khairpur Mir's",Child,Release
38315,https://github.com/ror-community/ror-updates/issues/38315,Add a new organization to ROR: Keshava Deva Malaviya Institute of Petroleum Exploration,Keshava Deva Malaviya Institute of Petroleum Exploration,https://ror.org/01jd88552,https://ror.org/01j8exy17,Oil and Natural Gas Corporation (India),Parent,Production
38315,https://github.com/ror-community/ror-updates/issues/38315,Add a new organization to ROR: Keshava Deva Malaviya Institute of Petroleum Exploration,Oil and Natural Gas Corporation (India),https://ror.org/01j8exy17,https://ror.org/01jd88552,Keshava Deva Malaviya Institute of Petroleum Exploration,Child,Release
38311,https://github.com/ror-community/ror-updates/issues/38311,Add a new organization to ROR: Sarojini Naidu College for Women,Sarojini Naidu College for Women,https://ror.org/043fzv054,https://ror.org/04qs5en05,West Bengal State University,Related,Production
38311,https://github.com/ror-community/ror-updates/issues/38311,Add a new organization to ROR: Sarojini Naidu College for Women,West Bengal State University,https://ror.org/04qs5en05,https://ror.org/043fzv054,Sarojini Naidu College for Women,Related,Release
38303,https://github.com/ror-community/ror-updates/issues/38303,Add a new organization to ROR: Bolpur College,Bolpur College,https://ror.org/01pt2er51,https://ror.org/05cyd8v32,University of Burdwan,Related,Production
38303,https://github.com/ror-community/ror-updates/issues/38303,Add a new organization to ROR: Bolpur College,University of Burdwan,https://ror.org/05cyd8v32,https://ror.org/01pt2er51,Bolpur College,Related,Release
38297,https://github.com/ror-community/ror-updates/issues/38297,Add a new organization to ROR: Assam Engineering Institute,Assam Engineering Institute,https://ror.org/038qf9x64,https://ror.org/00xcd7y72,All India Council for Technical Education,Related,Production
38297,https://github.com/ror-community/ror-updates/issues/38297,Add a new organization to ROR: Assam Engineering Institute,All India Council for Technical Education,https://ror.org/00xcd7y72,https://ror.org/038qf9x64,Assam Engineering Institute,Related,Release
38991,https://github.com/ror-community/ror-updates/issues/38991,"Add a new organization to ROR: 
 
Canadian Institute of Ecology and Evolution",Canadian Institute of Ecology and Evolution,https://ror.org/0003dxr51,https://ror.org/03rmrcq20,University of British Columbia,Related,Production
38991,https://github.com/ror-community/ror-updates/issues/38991,"Add a new organization to ROR: 
 
Canadian Institute of Ecology and Evolution",University of British Columbia,https://ror.org/03rmrcq20,https://ror.org/0003dxr51,Canadian Institute of Ecology and Evolution,Related,Release
37380,https://github.com/ror-community/ror-updates/issues/37380,Modify the information in an existing ROR record: Laboratoire de Neurosciences Intégratives et Adaptatives - https://ror.org/021f6nx58,Laboratoire de Neurosciences Intégratives et Adaptatives,https://ror.org/021f6nx58,https://ror.org/02dg3n954,Laboratoire de Neurosciences Cognitives,Successor,Production
37380,https://github.com/ror-community/ror-updates/issues/37380,Modify the information in an existing ROR record: Laboratoire de Neurosciences Intégratives et Adaptatives - https://ror.org/021f6nx58,Laboratoire de Neurosciences Cognitives,https://ror.org/02dg3n954,https://ror.org/021f6nx58,Laboratoire de Neurosciences Intégratives et Adaptatives,Predecessor,Release
37379,https://github.com/ror-community/ror-updates/issues/37379,Modify the information in an existing ROR record: Laboratoire d’Informatique Fondamentale de Marseille - https://ror.org/022my8t07,Laboratoire d’Informatique Fondamentale de Marseille,https://ror.org/022my8t07,https://ror.org/0257sgk90,Laboratoire d’Informatique et Systèmes,Successor,Production
37379,https://github.com/ror-community/ror-updates/issues/37379,Modify the information in an existing ROR record: Laboratoire d’Informatique Fondamentale de Marseille - https://ror.org/022my8t07,Laboratoire d’Informatique et Systèmes,https://ror.org/0257sgk90,https://ror.org/022my8t07,Laboratoire d’Informatique Fondamentale de Marseille,Predecessor,Release
37174,https://github.com/ror-community/ror-updates/issues/37174,"Modify the information in an existing ROR record: 
Institut National Polytechnique de Toulouse https://ror.org/033p9g875
",Institut National Polytechnique de Toulouse,https://ror.org/033p9g875,https://ror.org/01zgcd031,TéSA,Delete,Production
37174,https://github.com/ror-community/ror-updates/issues/37174,"Modify the information in an existing ROR record: 
Institut National Polytechnique de Toulouse https://ror.org/033p9g875
",TéSA,https://ror.org/01zgcd031,https://ror.org/033p9g875,Institut National Polytechnique de Toulouse,Delete,Release
39055,https://github.com/ror-community/ror-updates/issues/39055,"Add a new organization to ROR: State Institution ""Ukrainian Center of Maternity and Childhood of the National Academy of Medical Sciences of Ukraine"" (Ukraine)","State Institution ""Ukrainian Center of Maternity and Childhood of the National Academy of Medical Sciences of Ukraine""",https://ror.org/02z838x98,https://ror.org/042dnf796,National Academy of Medical Sciences of Ukraine,Parent,Production
39055,https://github.com/ror-community/ror-updates/issues/39055,"Add a new organization to ROR: State Institution ""Ukrainian Center of Maternity and Childhood of the National Academy of Medical Sciences of Ukraine"" (Ukraine)",National Academy of Medical Sciences of Ukraine,https://ror.org/042dnf796,https://ror.org/02z838x98,"State Institution ""Ukrainian Center of Maternity and Childhood of the National Academy of Medical Sciences of Ukraine""",Child,Release
39055,https://github.com/ror-community/ror-updates/issues/39055,"Add a new organization to ROR: State Institution ""Ukrainian Center of Maternity and Childhood of the National Academy of Medical Sciences of Ukraine"" (Ukraine)","State Institution ""Ukrainian Center of Maternity and Childhood of the National Academy of Medical Sciences of Ukraine""",https://ror.org/02z838x98,https://ror.org/00gtb4z22,"Institute of Pediatrics, Obstetrics, and Gynecology named after acad. O.M. Lukyanova of the National Academy of Medical Sciences of Ukraine",Predecessor,Production
39055,https://github.com/ror-community/ror-updates/issues/39055,"Add a new organization to ROR: State Institution ""Ukrainian Center of Maternity and Childhood of the National Academy of Medical Sciences of Ukraine"" (Ukraine)","Institute of Pediatrics, Obstetrics, and Gynecology named after acad. O.M. Lukyanova of the National Academy of Medical Sciences of Ukraine",https://ror.org/00gtb4z22,https://ror.org/02z838x98,"State Institution ""Ukrainian Center of Maternity and Childhood of the National Academy of Medical Sciences of Ukraine""",Successor,Release
39055,https://github.com/ror-community/ror-updates/issues/39055,"Add a new organization to ROR: State Institution ""Ukrainian Center of Maternity and Childhood of the National Academy of Medical Sciences of Ukraine"" (Ukraine)","State Institution ""Ukrainian Center of Maternity and Childhood of the National Academy of Medical Sciences of Ukraine""",https://ror.org/02z838x98,https://ror.org/04ts03910,Institute of Nuclear Medicine and Diagnostic Radiology of the National Academy of Medical Sciences of Ukraine,Predecessor,Release
39055,https://github.com/ror-community/ror-updates/issues/39055,"Add a new organization to ROR: State Institution ""Ukrainian Center of Maternity and Childhood of the National Academy of Medical Sciences of Ukraine"" (Ukraine)",Institute of Nuclear Medicine and Diagnostic Radiology of the National Academy of Medical Sciences of Ukraine,https://ror.org/04ts03910,https://ror.org/02z838x98,"State Institution ""Ukrainian Center of Maternity and Childhood of the National Academy of Medical Sciences of Ukraine""",Successor,Release
39054,https://github.com/ror-community/ror-updates/issues/39054,Add a new organization to ROR: Institute of Nuclear Medicine and Diagnostic Radiology of the National Academy of Medical Sciences of Ukraine (Ukraine),Institute of Nuclear Medicine and Diagnostic Radiology of the National Academy of Medical Sciences of Ukraine,https://ror.org/04ts03910,https://ror.org/042dnf796,National Academy of Medical Sciences of Ukraine,Parent,Production
39054,https://github.com/ror-community/ror-updates/issues/39054,Add a new organization to ROR: Institute of Nuclear Medicine and Diagnostic Radiology of the National Academy of Medical Sciences of Ukraine (Ukraine),National Academy of Medical Sciences of Ukraine,https://ror.org/042dnf796,https://ror.org/04ts03910,Institute of Nuclear Medicine and Diagnostic Radiology of the National Academy of Medical Sciences of Ukraine,Child,Release
38257,https://github.com/ror-community/ror-updates/issues/38257,Add a new organization to ROR: All India Jat Heroes' Memorial College,All India Jat Heroes' Memorial College,https://ror.org/03m63aj35,https://ror.org/03kaab451,Maharshi Dayanand University,Related,Production
38257,https://github.com/ror-community/ror-updates/issues/38257,Add a new organization to ROR: All India Jat Heroes' Memorial College,Maharshi Dayanand University,https://ror.org/03kaab451,https://ror.org/03m63aj35,All India Jat Heroes' Memorial College,Related,Release
38275,https://github.com/ror-community/ror-updates/issues/38275,Add a new organization to ROR: Alphonsa College,Alphonsa College,https://ror.org/027cqnt50,https://ror.org/00h4spn88,Mahatma Gandhi University,Related,Production
38275,https://github.com/ror-community/ror-updates/issues/38275,Add a new organization to ROR: Alphonsa College,Mahatma Gandhi University,https://ror.org/00h4spn88,https://ror.org/027cqnt50,Alphonsa College,Related,Release
39065,https://github.com/ror-community/ror-updates/issues/39065,"Add a new organization to ROR: 
 
SERENDIPITY: Sécurité et Résilience dans les réseaux sans fil avancés",SERENDIPITY: Sécurité et Résilience dans les réseaux sans fil avancés,https://ror.org/0571cbc27,https://ror.org/04eej9726,Centre Inria de l'Université de Lille,Parent,Production
39065,https://github.com/ror-community/ror-updates/issues/39065,"Add a new organization to ROR: 
 
SERENDIPITY: Sécurité et Résilience dans les réseaux sans fil avancés",Centre Inria de l'Université de Lille,https://ror.org/04eej9726,https://ror.org/0571cbc27,SERENDIPITY: Sécurité et Résilience dans les réseaux sans fil avancés,Child,Release
39065,https://github.com/ror-community/ror-updates/issues/39065,"Add a new organization to ROR: 
 
SERENDIPITY: Sécurité et Résilience dans les réseaux sans fil avancés",SERENDIPITY: Sécurité et Résilience dans les réseaux sans fil avancés,https://ror.org/0571cbc27,https://ror.org/01q2bn656,"Laboratoire Instrumentation, Simulation et Informatique Scientifique",Parent,Production
39065,https://github.com/ror-community/ror-updates/issues/39065,"Add a new organization to ROR: 
 
SERENDIPITY: Sécurité et Résilience dans les réseaux sans fil avancés","Laboratoire Instrumentation, Simulation et Informatique Scientifique",https://ror.org/01q2bn656,https://ror.org/0571cbc27,SERENDIPITY: Sécurité et Résilience dans les réseaux sans fil avancés,Child,Release
39065,https://github.com/ror-community/ror-updates/issues/39065,"Add a new organization to ROR: 
 
SERENDIPITY: Sécurité et Résilience dans les réseaux sans fil avancés",SERENDIPITY: Sécurité et Résilience dans les réseaux sans fil avancés,https://ror.org/0571cbc27,https://ror.org/03x42jk29,Université Gustave Eiffel,Parent,Production
39065,https://github.com/ror-community/ror-updates/issues/39065,"Add a new organization to ROR: 
 
SERENDIPITY: Sécurité et Résilience dans les réseaux sans fil avancés",Université Gustave Eiffel,https://ror.org/03x42jk29,https://ror.org/0571cbc27,SERENDIPITY: Sécurité et Résilience dans les réseaux sans fil avancés,Child,Release
32560,https://github.com/ror-community/ror-updates/issues/32560,"Add a new organization to ROR: 
 
PHIQUS: Problèmes de calcul quantique, de calcul distribué et de simulation en théorie de l'information quantique","PHIQUS: Problèmes de calcul quantique, de calcul distribué et de simulation en théorie de l'information quantique",https://ror.org/04dhkqs04,https://ror.org/026839t73,Centre Inria de l'Institut Polytechnique de Paris,Parent,Production
32560,https://github.com/ror-community/ror-updates/issues/32560,"Add a new organization to ROR: 
 
PHIQUS: Problèmes de calcul quantique, de calcul distribué et de simulation en théorie de l'information quantique",Centre Inria de l'Institut Polytechnique de Paris,https://ror.org/026839t73,https://ror.org/04dhkqs04,"PHIQUS: Problèmes de calcul quantique, de calcul distribué et de simulation en théorie de l'information quantique",Child,Release
38317,https://github.com/ror-community/ror-updates/issues/38317,Add a new organization to ROR: Maharajas College,"Maharaja's College, Ernakulam",https://ror.org/01tzqrc94,https://ror.org/00h4spn88,Mahatma Gandhi University,Related,Production
38317,https://github.com/ror-community/ror-updates/issues/38317,Add a new organization to ROR: Maharajas College,Mahatma Gandhi University,https://ror.org/00h4spn88,https://ror.org/01tzqrc94,"Maharaja's College, Ernakulam",Related,Release
38290,https://github.com/ror-community/ror-updates/issues/38290,Add a new organization to ROR: Camellia Institute of Technology,Camellia Institute of Technology,https://ror.org/03wk3rb46,https://ror.org/030tcae29,"Maulana Abul Kalam Azad University of Technology, West Bengal",Related,Production
38290,https://github.com/ror-community/ror-updates/issues/38290,Add a new organization to ROR: Camellia Institute of Technology,"Maulana Abul Kalam Azad University of Technology, West Bengal",https://ror.org/030tcae29,https://ror.org/03wk3rb46,Camellia Institute of Technology,Related,Release
38288,https://github.com/ror-community/ror-updates/issues/38288,Add a new organization to ROR: Basirhat College,Basirhat College,https://ror.org/03wn79m46,https://ror.org/04qs5en05,West Bengal State University,Related,Production
38288,https://github.com/ror-community/ror-updates/issues/38288,Add a new organization to ROR: Basirhat College,West Bengal State University,https://ror.org/04qs5en05,https://ror.org/03wn79m46,Basirhat College,Related,Release
38287,https://github.com/ror-community/ror-updates/issues/38287,Add a new organization to ROR: Banwarilal Bhalotia College,Banwarilal Bhalotia College,https://ror.org/046mwc547,https://ror.org/02qy8xv65,Kazi Nazrul University,Related,Production
38287,https://github.com/ror-community/ror-updates/issues/38287,Add a new organization to ROR: Banwarilal Bhalotia College,Kazi Nazrul University,https://ror.org/02qy8xv65,https://ror.org/046mwc547,Banwarilal Bhalotia College,Related,Release
38259,https://github.com/ror-community/ror-updates/issues/38259,Add a new organization to ROR: Seethalakshmi Ramaswami College,Seethalakshmi Ramaswami College,https://ror.org/024k0v412,https://ror.org/02w7vnb60,Bharathidasan University,Related,Production
38259,https://github.com/ror-community/ror-updates/issues/38259,Add a new organization to ROR: Seethalakshmi Ramaswami College,Bharathidasan University,https://ror.org/02w7vnb60,https://ror.org/024k0v412,Seethalakshmi Ramaswami College,Related,Release
38258,https://github.com/ror-community/ror-updates/issues/38258,Add a new organization to ROR: Raja Peary Mohan College,Raja Peary Mohan College,https://ror.org/05v8bvh14,https://ror.org/01e7v7w47,University of Calcutta,Related,Production
38258,https://github.com/ror-community/ror-updates/issues/38258,Add a new organization to ROR: Raja Peary Mohan College,University of Calcutta,https://ror.org/01e7v7w47,https://ror.org/05v8bvh14,Raja Peary Mohan College,Related,Release
37386,https://github.com/ror-community/ror-updates/issues/37386,Modify the information in an existing ROR record: Centre Interdisciplinaire de Nanoscience de Marseille - https://ror.org/0550dmh35,Centre Interdisciplinaire de Nanoscience de Marseille,https://ror.org/0550dmh35,https://ror.org/035xkbk20,Aix-Marseille Université,Parent,Production
37386,https://github.com/ror-community/ror-updates/issues/37386,Modify the information in an existing ROR record: Centre Interdisciplinaire de Nanoscience de Marseille - https://ror.org/0550dmh35,Aix-Marseille Université,https://ror.org/035xkbk20,https://ror.org/0550dmh35,Centre Interdisciplinaire de Nanoscience de Marseille,Child,Release
37385,https://github.com/ror-community/ror-updates/issues/37385,Modify the information in an existing ROR record: Centre d'Etudes et de Recherche en Gestion d'Aix-Marseille - https://ror.org/02gam0808,Centre d'Etudes et de Recherche en Gestion d'Aix-Marseille,https://ror.org/02gam0808,https://ror.org/035xkbk20,Aix-Marseille Université,Parent,Production
37385,https://github.com/ror-community/ror-updates/issues/37385,Modify the information in an existing ROR record: Centre d'Etudes et de Recherche en Gestion d'Aix-Marseille - https://ror.org/02gam0808,Aix-Marseille Université,https://ror.org/035xkbk20,https://ror.org/02gam0808,Centre d'Etudes et de Recherche en Gestion d'Aix-Marseille,Child,Release
37383,https://github.com/ror-community/ror-updates/issues/37383,Modify the information in an existing ROR record: Institut de Microbiologie de la Méditerranée - https://ror.org/012t91r40,Institut de Microbiologie de la Méditerranée,https://ror.org/012t91r40,https://ror.org/035xkbk20,Aix-Marseille Université,Parent,Production
37383,https://github.com/ror-community/ror-updates/issues/37383,Modify the information in an existing ROR record: Institut de Microbiologie de la Méditerranée - https://ror.org/012t91r40,Aix-Marseille Université,https://ror.org/035xkbk20,https://ror.org/012t91r40,Institut de Microbiologie de la Méditerranée,Child,Release
37382,https://github.com/ror-community/ror-updates/issues/37382,Modify the information in an existing ROR record: Unité de Recherche sur les Maladies Infectieuses et Tropicales Emergentes - https://ror.org/01ws78v34,Unité de Recherche sur les Maladies Infectieuses et Tropicales Emergentes,https://ror.org/01ws78v34,https://ror.org/03anav932,Risques Infectieux Tropicaux Microorganismes EmergentS,Successor,Production
37382,https://github.com/ror-community/ror-updates/issues/37382,Modify the information in an existing ROR record: Unité de Recherche sur les Maladies Infectieuses et Tropicales Emergentes - https://ror.org/01ws78v34,Risques Infectieux Tropicaux Microorganismes EmergentS,https://ror.org/03anav932,https://ror.org/01ws78v34,Unité de Recherche sur les Maladies Infectieuses et Tropicales Emergentes,Predecessor,Release
37382,https://github.com/ror-community/ror-updates/issues/37382,Modify the information in an existing ROR record: Unité de Recherche sur les Maladies Infectieuses et Tropicales Emergentes - https://ror.org/01ws78v34,Unité de Recherche sur les Maladies Infectieuses et Tropicales Emergentes,https://ror.org/01ws78v34,https://ror.org/01hcfhk13,Microbes Evolution Phylogénie et Infections,Successor,Production
37382,https://github.com/ror-community/ror-updates/issues/37382,Modify the information in an existing ROR record: Unité de Recherche sur les Maladies Infectieuses et Tropicales Emergentes - https://ror.org/01ws78v34,Microbes Evolution Phylogénie et Infections,https://ror.org/01hcfhk13,https://ror.org/01ws78v34,Unité de Recherche sur les Maladies Infectieuses et Tropicales Emergentes,Predecessor,Release
37361,https://github.com/ror-community/ror-updates/issues/37361,Add a new organization to ROR: Centre d'exploration fonctionnelle scientifique,Centre d'exploration fonctionnelle scientifique,https://ror.org/01wcfdt81,https://ror.org/035xkbk20,Aix-Marseille Université,Parent,Production
37361,https://github.com/ror-community/ror-updates/issues/37361,Add a new organization to ROR: Centre d'exploration fonctionnelle scientifique,Aix-Marseille Université,https://ror.org/035xkbk20,https://ror.org/01wcfdt81,Centre d'exploration fonctionnelle scientifique,Child,Release
37370,https://github.com/ror-community/ror-updates/issues/37370,Add a new organization to ROR: Multi-ingénierie pour les systèmes vivants,Multi-ingénierie pour les systèmes vivants,https://ror.org/01wnf2q80,https://ror.org/035xkbk20,Aix-Marseille Université,Parent,Production
37370,https://github.com/ror-community/ror-updates/issues/37370,Add a new organization to ROR: Multi-ingénierie pour les systèmes vivants,Aix-Marseille Université,https://ror.org/035xkbk20,https://ror.org/01wnf2q80,Multi-ingénierie pour les systèmes vivants,Child,Release
37409,https://github.com/ror-community/ror-updates/issues/37409,Modify the information in an existing ROR record: Laboratoire d’Informatique et Systèmes - https://ror.org/0257sgk90,Laboratoire d’Informatique et Systèmes,https://ror.org/0257sgk90,https://ror.org/02m9kbe37,Université de Toulon,Parent,Production
37409,https://github.com/ror-community/ror-updates/issues/37409,Modify the information in an existing ROR record: Laboratoire d’Informatique et Systèmes - https://ror.org/0257sgk90,Université de Toulon,https://ror.org/02m9kbe37,https://ror.org/0257sgk90,Laboratoire d’Informatique et Systèmes,Child,Release
38235,https://github.com/ror-community/ror-updates/issues/38235,Add a new organization to ROR: Netaji Subhash Engineering College,Netaji Subhash Engineering College,https://ror.org/00efj4b39,https://ror.org/030tcae29,"Maulana Abul Kalam Azad University of Technology, West Bengal",Related,Production
38235,https://github.com/ror-community/ror-updates/issues/38235,Add a new organization to ROR: Netaji Subhash Engineering College,"Maulana Abul Kalam Azad University of Technology, West Bengal",https://ror.org/030tcae29,https://ror.org/00efj4b39,Netaji Subhash Engineering College,Related,Release
37397,https://github.com/ror-community/ror-updates/issues/37397,Modify the information in an existing ROR record: Génétique Médicale & Génomique Fonctionelle - https://ror.org/04fc8dp24,Génétique Médicale & Génomique Fonctionelle,https://ror.org/04fc8dp24,https://ror.org/01e4wd589,Centre de Génétique Médicale de Marseille,Successor,Production
37397,https://github.com/ror-community/ror-updates/issues/37397,Modify the information in an existing ROR record: Génétique Médicale & Génomique Fonctionelle - https://ror.org/04fc8dp24,Centre de Génétique Médicale de Marseille,https://ror.org/01e4wd589,https://ror.org/04fc8dp24,Génétique Médicale & Génomique Fonctionelle,Predecessor,Release
37421,https://github.com/ror-community/ror-updates/issues/37421,Modify the information in an existing ROR record: Aix-Marseille Sciences Economiques - https://ror.org/02ek9wp67,Aix-Marseille Sciences Economiques,https://ror.org/02ek9wp67,https://ror.org/02ek9wp67,Aix-Marseille Sciences Economiques,Delete,Production
37421,https://github.com/ror-community/ror-updates/issues/37421,Modify the information in an existing ROR record: Aix-Marseille Sciences Economiques - https://ror.org/02ek9wp67,Aix-Marseille Sciences Economiques,https://ror.org/02ek9wp67,https://ror.org/02ek9wp67,Aix-Marseille Sciences Economiques,Delete,Release
37427,https://github.com/ror-community/ror-updates/issues/37427,"Modify the information in an existing ROR record: Institut des Matériaux, de Microélectronique et des Nanosciences de Provence - https://ror.org/0238zyh04","Institut des Matériaux, de Microélectronique et des Nanosciences de Provence",https://ror.org/0238zyh04,https://ror.org/017h2rd72,Institut Supérieur de l'Électronique et du Numérique,Delete,Production
37427,https://github.com/ror-community/ror-updates/issues/37427,"Modify the information in an existing ROR record: Institut des Matériaux, de Microélectronique et des Nanosciences de Provence - https://ror.org/0238zyh04",Institut Supérieur de l'Électronique et du Numérique,https://ror.org/017h2rd72,https://ror.org/0238zyh04,"Institut des Matériaux, de Microélectronique et des Nanosciences de Provence",Delete,Release
37427,https://github.com/ror-community/ror-updates/issues/37427,"Modify the information in an existing ROR record: Institut des Matériaux, de Microélectronique et des Nanosciences de Provence - https://ror.org/0238zyh04","Institut des Matériaux, de Microélectronique et des Nanosciences de Provence",https://ror.org/0238zyh04,https://ror.org/017h2rd72,Institut Supérieur de l'Électronique et du Numérique,Related,Production
37427,https://github.com/ror-community/ror-updates/issues/37427,"Modify the information in an existing ROR record: Institut des Matériaux, de Microélectronique et des Nanosciences de Provence - https://ror.org/0238zyh04",Institut Supérieur de l'Électronique et du Numérique,https://ror.org/017h2rd72,https://ror.org/0238zyh04,"Institut des Matériaux, de Microélectronique et des Nanosciences de Provence",Related,Release
37430,https://github.com/ror-community/ror-updates/issues/37430,Modify the information in an existing ROR record: Institut de Neurosciences des Systèmes - https://ror.org/019kqby73,Institut de Neurosciences des Systèmes,https://ror.org/019kqby73,https://ror.org/002cp4060,Assistance Publique Hôpitaux de Marseille,Delete,Production
37430,https://github.com/ror-community/ror-updates/issues/37430,Modify the information in an existing ROR record: Institut de Neurosciences des Systèmes - https://ror.org/019kqby73,Assistance Publique Hôpitaux de Marseille,https://ror.org/002cp4060,https://ror.org/019kqby73,Institut de Neurosciences des Systèmes,Delete,Release
37434,https://github.com/ror-community/ror-updates/issues/37434,Modify the information in an existing ROR record: Institut de Recherche sur l'Architecture Antique - https://ror.org/03r0cdk24,Institut de Recherche sur l'Architecture Antique,https://ror.org/03r0cdk24,https://ror.org/04andmq85,Institut National de Recherches Archéologiques Préventives,Delete,Production
37434,https://github.com/ror-community/ror-updates/issues/37434,Modify the information in an existing ROR record: Institut de Recherche sur l'Architecture Antique - https://ror.org/03r0cdk24,Institut National de Recherches Archéologiques Préventives,https://ror.org/04andmq85,https://ror.org/03r0cdk24,Institut de Recherche sur l'Architecture Antique,Delete,Release
37434,https://github.com/ror-community/ror-updates/issues/37434,Modify the information in an existing ROR record: Institut de Recherche sur l'Architecture Antique - https://ror.org/03r0cdk24,Institut de Recherche sur l'Architecture Antique,https://ror.org/03r0cdk24,https://ror.org/04andmq85,Institut National de Recherches Archéologiques Préventives,Related,Production
37434,https://github.com/ror-community/ror-updates/issues/37434,Modify the information in an existing ROR record: Institut de Recherche sur l'Architecture Antique - https://ror.org/03r0cdk24,Institut National de Recherches Archéologiques Préventives,https://ror.org/04andmq85,https://ror.org/03r0cdk24,Institut de Recherche sur l'Architecture Antique,Related,Release
37440,https://github.com/ror-community/ror-updates/issues/37440,Modify the information in an existing ROR record: Sorbonne Paris Cité - https://ror.org/001z21q04,Sorbonne Paris Cité,https://ror.org/001z21q04,https://ror.org/05f82e368,Université Paris Cité,Successor,Production
37440,https://github.com/ror-community/ror-updates/issues/37440,Modify the information in an existing ROR record: Sorbonne Paris Cité - https://ror.org/001z21q04,Université Paris Cité,https://ror.org/05f82e368,https://ror.org/001z21q04,Sorbonne Paris Cité,Predecessor,Release
37442,https://github.com/ror-community/ror-updates/issues/37442,Modify the information in an existing ROR record: Laboratoire pour l'Utilisation des Lasers Intenses - https://ror.org/002ty1h48,Laboratoire pour l'Utilisation des Lasers Intenses,https://ror.org/002ty1h48,https://ror.org/042tfbd02,Institut Polytechnique de Paris,Related,Production
37442,https://github.com/ror-community/ror-updates/issues/37442,Modify the information in an existing ROR record: Laboratoire pour l'Utilisation des Lasers Intenses - https://ror.org/002ty1h48,Institut Polytechnique de Paris,https://ror.org/042tfbd02,https://ror.org/002ty1h48,Laboratoire pour l'Utilisation des Lasers Intenses,Related,Release
37444,https://github.com/ror-community/ror-updates/issues/37444,Modify the information in an existing ROR record: Centre Hospitalier Universitaire de La Réunion - https://ror.org/004dan487,Centre Hospitalier Universitaire de La Réunion,https://ror.org/004dan487,https://ror.org/005ypkf75,University of Reunion Island,Related,Production
37444,https://github.com/ror-community/ror-updates/issues/37444,Modify the information in an existing ROR record: Centre Hospitalier Universitaire de La Réunion - https://ror.org/004dan487,University of Reunion Island,https://ror.org/005ypkf75,https://ror.org/004dan487,Centre Hospitalier Universitaire de La Réunion,Related,Release
37446,https://github.com/ror-community/ror-updates/issues/37446,Modify the information in an existing ROR record: Laboratoire de Recherche sur les Cultures Anglophones - https://ror.org/0057kwj95,Laboratoire de Recherche sur les Cultures Anglophones,https://ror.org/0057kwj95,https://ror.org/01x2ksr57,"Europe Etats-Unis Empires-Post-Empires, Cultures, Histoire, Littératures, Longue durée et Sciences Sociales",Successor,Production
37446,https://github.com/ror-community/ror-updates/issues/37446,Modify the information in an existing ROR record: Laboratoire de Recherche sur les Cultures Anglophones - https://ror.org/0057kwj95,"Europe Etats-Unis Empires-Post-Empires, Cultures, Histoire, Littératures, Longue durée et Sciences Sociales",https://ror.org/01x2ksr57,https://ror.org/0057kwj95,Laboratoire de Recherche sur les Cultures Anglophones,Predecessor,Release
37448,https://github.com/ror-community/ror-updates/issues/37448,Modify the information in an existing ROR record: Łukasiewicz Research Network - Institute of Electrical Drives & Machines KOMEL - https://ror.org/0086rk289,Łukasiewicz Research Network - Institute of Electrical Drives & Machines KOMEL,https://ror.org/0086rk289,https://ror.org/01fbjr446,Instytut Metalurgii Żelaza im. Stanisława Staszica,Successor,Production
37448,https://github.com/ror-community/ror-updates/issues/37448,Modify the information in an existing ROR record: Łukasiewicz Research Network - Institute of Electrical Drives & Machines KOMEL - https://ror.org/0086rk289,Instytut Metalurgii Żelaza im. Stanisława Staszica,https://ror.org/01fbjr446,https://ror.org/0086rk289,Łukasiewicz Research Network - Institute of Electrical Drives & Machines KOMEL,Predecessor,Release
38352,https://github.com/ror-community/ror-updates/issues/38352,Add a new organization to ROR: Raja Shri Krishna Dutt PG College,Raja Shri Krishna Dutt PG College,https://ror.org/01ej7em32,https://ror.org/0560jvm78,Veer Bahadur Singh Purvanchal University,Parent,Production
38352,https://github.com/ror-community/ror-updates/issues/38352,Add a new organization to ROR: Raja Shri Krishna Dutt PG College,Veer Bahadur Singh Purvanchal University,https://ror.org/0560jvm78,https://ror.org/01ej7em32,Raja Shri Krishna Dutt PG College,Child,Release
38176,https://github.com/ror-community/ror-updates/issues/38176,Add a new organization to ROR: Laboratoire de mathématiques *fr,Le LAMA,https://ror.org/02b1pky17,https://ror.org/02feahw73,Centre National de la Recherche Scientifique,Parent,Production
38176,https://github.com/ror-community/ror-updates/issues/38176,Add a new organization to ROR: Laboratoire de mathématiques *fr,Centre National de la Recherche Scientifique,https://ror.org/02feahw73,https://ror.org/02b1pky17,Le LAMA,Child,Release
38176,https://github.com/ror-community/ror-updates/issues/38176,Add a new organization to ROR: Laboratoire de mathématiques *fr,Le LAMA,https://ror.org/02b1pky17,https://ror.org/04gqg1a07,Université Savoie Mont Blanc,Parent,Production
38176,https://github.com/ror-community/ror-updates/issues/38176,Add a new organization to ROR: Laboratoire de mathématiques *fr,Université Savoie Mont Blanc,https://ror.org/04gqg1a07,https://ror.org/02b1pky17,Le LAMA,Child,Release
38350,https://github.com/ror-community/ror-updates/issues/38350,"Add a new organization to ROR: St. Xavier's College, Thumba",St. Xavier's College,https://ror.org/00e61c408,https://ror.org/05tqa9940,University of Kerala,Related,Production
38350,https://github.com/ror-community/ror-updates/issues/38350,"Add a new organization to ROR: St. Xavier's College, Thumba",University of Kerala,https://ror.org/05tqa9940,https://ror.org/00e61c408,St. Xavier's College,Related,Release
38326,https://github.com/ror-community/ror-updates/issues/38326,Add a new organization to ROR: Swarnandhra College of Engineering and Technology,Swarnandhra College of Engineering and Technology,https://ror.org/05h95sj51,https://ror.org/05s9t8c95,"Jawaharlal Nehru Technological University, Kakinada",Related,Production
38326,https://github.com/ror-community/ror-updates/issues/38326,Add a new organization to ROR: Swarnandhra College of Engineering and Technology,"Jawaharlal Nehru Technological University, Kakinada",https://ror.org/05s9t8c95,https://ror.org/05h95sj51,Swarnandhra College of Engineering and Technology,Related,Release
38323,https://github.com/ror-community/ror-updates/issues/38323,Add a new organization to ROR: D.B.S. (P.G.) College,"D.B.S. (P.G.) College, Dehradun",https://ror.org/04vyy1h32,https://ror.org/00mvp1q86,Hemwati Nandan Bahuguna Garhwal University,Related,Production
38323,https://github.com/ror-community/ror-updates/issues/38323,Add a new organization to ROR: D.B.S. (P.G.) College,Hemwati Nandan Bahuguna Garhwal University,https://ror.org/00mvp1q86,https://ror.org/04vyy1h32,"D.B.S. (P.G.) College, Dehradun",Related,Release
38318,https://github.com/ror-community/ror-updates/issues/38318,Add a new organization to ROR: Santipur College,Santipur College,https://ror.org/00ejxcf64,https://ror.org/03v783k16,University of Kalyani,Related,Production
38318,https://github.com/ror-community/ror-updates/issues/38318,Add a new organization to ROR: Santipur College,University of Kalyani,https://ror.org/03v783k16,https://ror.org/00ejxcf64,Santipur College,Related,Release
38156,https://github.com/ror-community/ror-updates/issues/38156,Add a new organization to ROR: Unité support aux Études Aréales *fr,Unité Support aux Études Aréales,https://ror.org/0440jde15,https://ror.org/02feahw73,Centre National de la Recherche Scientifique,Parent,Production
38156,https://github.com/ror-community/ror-updates/issues/38156,Add a new organization to ROR: Unité support aux Études Aréales *fr,Centre National de la Recherche Scientifique,https://ror.org/02feahw73,https://ror.org/0440jde15,Unité Support aux Études Aréales,Child,Release
38153,https://github.com/ror-community/ror-updates/issues/38153,Add a new organization to ROR: Documentation et Publications de l'Institut des Civilisations du Collège de France *fr,Documentation et Publications de l'Institut des Civilisations du Collège de France,https://ror.org/04qeymm26,https://ror.org/02feahw73,Centre National de la Recherche Scientifique,Parent,Production
38153,https://github.com/ror-community/ror-updates/issues/38153,Add a new organization to ROR: Documentation et Publications de l'Institut des Civilisations du Collège de France *fr,Centre National de la Recherche Scientifique,https://ror.org/02feahw73,https://ror.org/04qeymm26,Documentation et Publications de l'Institut des Civilisations du Collège de France,Child,Release
38153,https://github.com/ror-community/ror-updates/issues/38153,Add a new organization to ROR: Documentation et Publications de l'Institut des Civilisations du Collège de France *fr,Documentation et Publications de l'Institut des Civilisations du Collège de France,https://ror.org/04qeymm26,https://ror.org/04ex24z53,Collège de France,Parent,Production
38153,https://github.com/ror-community/ror-updates/issues/38153,Add a new organization to ROR: Documentation et Publications de l'Institut des Civilisations du Collège de France *fr,Collège de France,https://ror.org/04ex24z53,https://ror.org/04qeymm26,Documentation et Publications de l'Institut des Civilisations du Collège de France,Child,Release
38249,https://github.com/ror-community/ror-updates/issues/38249,Add a new organization to ROR: Priyadarshini College of Engineering,Priyadarshini College of Engineering,https://ror.org/050zc5n91,https://ror.org/04esgv207,Rashtrasant Tukadoji Maharaj Nagpur University,Related,Production
38249,https://github.com/ror-community/ror-updates/issues/38249,Add a new organization to ROR: Priyadarshini College of Engineering,Rashtrasant Tukadoji Maharaj Nagpur University,https://ror.org/04esgv207,https://ror.org/050zc5n91,Priyadarshini College of Engineering,Related,Release
38243,https://github.com/ror-community/ror-updates/issues/38243,Add a new organization to ROR: Vijaygarh Jyotish Ray College,Vijaygarh Jyotish Ray College,https://ror.org/04fmtyq76,https://ror.org/01e7v7w47,University of Calcutta,Related,Production
38243,https://github.com/ror-community/ror-updates/issues/38243,Add a new organization to ROR: Vijaygarh Jyotish Ray College,University of Calcutta,https://ror.org/01e7v7w47,https://ror.org/04fmtyq76,Vijaygarh Jyotish Ray College,Related,Release
38151,https://github.com/ror-community/ror-updates/issues/38151,Add a new organization to ROR: Appui à la Recherche et à la DIffusion des Savoirs *fr,Appui à la Recherche et Diffusion des Savoirs,https://ror.org/048n6dm93,https://ror.org/02feahw73,Centre National de la Recherche Scientifique,Parent,Production
38151,https://github.com/ror-community/ror-updates/issues/38151,Add a new organization to ROR: Appui à la Recherche et à la DIffusion des Savoirs *fr,Centre National de la Recherche Scientifique,https://ror.org/02feahw73,https://ror.org/048n6dm93,Appui à la Recherche et Diffusion des Savoirs,Child,Release
38146,https://github.com/ror-community/ror-updates/issues/38146,Add a new organization to ROR: Spectrométrie de Masse Biologique et Protéomique *fr,Spectrométrie de Masse Biologique et Protéomique,https://ror.org/0452tds37,https://ror.org/02feahw73,Centre National de la Recherche Scientifique,Parent,Production
38146,https://github.com/ror-community/ror-updates/issues/38146,Add a new organization to ROR: Spectrométrie de Masse Biologique et Protéomique *fr,Centre National de la Recherche Scientifique,https://ror.org/02feahw73,https://ror.org/0452tds37,Spectrométrie de Masse Biologique et Protéomique,Child,Release
38146,https://github.com/ror-community/ror-updates/issues/38146,Add a new organization to ROR: Spectrométrie de Masse Biologique et Protéomique *fr,Spectrométrie de Masse Biologique et Protéomique,https://ror.org/0452tds37,https://ror.org/03zx86w41,ESPCI Paris,Parent,Production
38146,https://github.com/ror-community/ror-updates/issues/38146,Add a new organization to ROR: Spectrométrie de Masse Biologique et Protéomique *fr,ESPCI Paris,https://ror.org/03zx86w41,https://ror.org/0452tds37,Spectrométrie de Masse Biologique et Protéomique,Child,Release
38103,https://github.com/ror-community/ror-updates/issues/38103,Add a new organization to ROR: Institut franco-uruguayen de mathématiques et leurs interactions *fr,Institut Franco-Uruguayen des Mathématiques et Interactions,https://ror.org/018qmp118,https://ror.org/02feahw73,Centre National de la Recherche Scientifique,Parent,Production
38103,https://github.com/ror-community/ror-updates/issues/38103,Add a new organization to ROR: Institut franco-uruguayen de mathématiques et leurs interactions *fr,Centre National de la Recherche Scientifique,https://ror.org/02feahw73,https://ror.org/018qmp118,Institut Franco-Uruguayen des Mathématiques et Interactions,Child,Release
38103,https://github.com/ror-community/ror-updates/issues/38103,Add a new organization to ROR: Institut franco-uruguayen de mathématiques et leurs interactions *fr,Institut Franco-Uruguayen des Mathématiques et Interactions,https://ror.org/018qmp118,https://ror.org/00ysy1705,Ministerio de Educación y Cultura,Parent,Production
38103,https://github.com/ror-community/ror-updates/issues/38103,Add a new organization to ROR: Institut franco-uruguayen de mathématiques et leurs interactions *fr,Ministerio de Educación y Cultura,https://ror.org/00ysy1705,https://ror.org/018qmp118,Institut Franco-Uruguayen des Mathématiques et Interactions,Child,Release
38103,https://github.com/ror-community/ror-updates/issues/38103,Add a new organization to ROR: Institut franco-uruguayen de mathématiques et leurs interactions *fr,Institut Franco-Uruguayen des Mathématiques et Interactions,https://ror.org/018qmp118,https://ror.org/030bbe882,Universidad de la República de Uruguay,Parent,Production
38103,https://github.com/ror-community/ror-updates/issues/38103,Add a new organization to ROR: Institut franco-uruguayen de mathématiques et leurs interactions *fr,Universidad de la República de Uruguay,https://ror.org/030bbe882,https://ror.org/018qmp118,Institut Franco-Uruguayen des Mathématiques et Interactions,Child,Release
38242,https://github.com/ror-community/ror-updates/issues/38242,Add a new organization to ROR: Government College of Engineering and Leather Technology,Government College of Engineering and Leather Technology,https://ror.org/046wv3y72,https://ror.org/030tcae29,"Maulana Abul Kalam Azad University of Technology, West Bengal",Related,Production
38242,https://github.com/ror-community/ror-updates/issues/38242,Add a new organization to ROR: Government College of Engineering and Leather Technology,"Maulana Abul Kalam Azad University of Technology, West Bengal",https://ror.org/030tcae29,https://ror.org/046wv3y72,Government College of Engineering and Leather Technology,Related,Release
38524,https://github.com/ror-community/ror-updates/issues/38524,"Add a new organization to ROR: 
 
ROCKWOOL Foundation Berlin",Rockwool Foundation Berlin,https://ror.org/055nbb565,https://ror.org/00c1h4g48,Rockwool Foundation,Parent,Production
38524,https://github.com/ror-community/ror-updates/issues/38524,"Add a new organization to ROR: 
 
ROCKWOOL Foundation Berlin",Rockwool Foundation,https://ror.org/00c1h4g48,https://ror.org/055nbb565,Rockwool Foundation Berlin,Child,Release
38519,https://github.com/ror-community/ror-updates/issues/38519,"Add a new organization to ROR: 
 
Institute for Molecular Bioscience",Institute for Molecular Bioscience,https://ror.org/018kjjj71,https://ror.org/00rqy9422,The University of Queensland,Parent,Production
38519,https://github.com/ror-community/ror-updates/issues/38519,"Add a new organization to ROR: 
 
Institute for Molecular Bioscience",The University of Queensland,https://ror.org/00rqy9422,https://ror.org/018kjjj71,Institute for Molecular Bioscience,Child,Release
38393,https://github.com/ror-community/ror-updates/issues/38393,"Add a new organization to ROR: 
 
Fakultät Verkehrswissen­schaften ""Friedrich List""","Fakultät Verkehrswissen­schaften ""Friedrich List""",,https://ror.org/042aqky30,Technische Universität Dresden,Parent,Production
38393,https://github.com/ror-community/ror-updates/issues/38393,"Add a new organization to ROR: 
 
Fakultät Verkehrswissen­schaften ""Friedrich List""",Technische Universität Dresden,https://ror.org/042aqky30,,"Fakultät Verkehrswissen­schaften ""Friedrich List""",Child,Release
39151,https://github.com/ror-community/ror-updates/issues/39151,Add a new organization to ROR: Fundación IVI (Spain),Fundación IVI,https://ror.org/0288f4f61,https://ror.org/00gs35582,Valencian Infertility Institute,Related,Production
39151,https://github.com/ror-community/ror-updates/issues/39151,Add a new organization to ROR: Fundación IVI (Spain),Valencian Infertility Institute,https://ror.org/00gs35582,https://ror.org/0288f4f61,Fundación IVI,Related,Release
39150,https://github.com/ror-community/ror-updates/issues/39150,Add a new organization to ROR: Institut Strauss (France),Institut Strauss,https://ror.org/03k1y0r37,https://ror.org/008fdbn61,Institut de Cancérologie Strasbourg,Predecessor,Production
39150,https://github.com/ror-community/ror-updates/issues/39150,Add a new organization to ROR: Institut Strauss (France),Institut de Cancérologie Strasbourg,https://ror.org/008fdbn61,https://ror.org/03k1y0r37,Institut Strauss,Successor,Release
37283,https://github.com/ror-community/ror-updates/issues/37283,"Add a new organization to ROR: 
 
CARE School of Architecture",CARE School of Architecture,https://ror.org/0013fv846,https://ror.org/01qhf1r47,"Anna University, Chennai",Parent,Production
37283,https://github.com/ror-community/ror-updates/issues/37283,"Add a new organization to ROR: 
 
CARE School of Architecture","Anna University, Chennai",https://ror.org/01qhf1r47,https://ror.org/0013fv846,CARE School of Architecture,Child,Release
38261,https://github.com/ror-community/ror-updates/issues/38261,Add a new organization to ROR: Bapurao Deshmukh College of Engineering,"Bapurao Deshmukh College of Engineering, Sevagram",https://ror.org/01s63xz10,https://ror.org/04esgv207,Rashtrasant Tukadoji Maharaj Nagpur University,Related,Production
38261,https://github.com/ror-community/ror-updates/issues/38261,Add a new organization to ROR: Bapurao Deshmukh College of Engineering,Rashtrasant Tukadoji Maharaj Nagpur University,https://ror.org/04esgv207,https://ror.org/01s63xz10,"Bapurao Deshmukh College of Engineering, Sevagram",Related,Release
38281,https://github.com/ror-community/ror-updates/issues/38281,Add a new organization to ROR: Dr. B.C. Roy Engineering College,Dr. B.C. Roy Engineering College,https://ror.org/0543htw25,https://ror.org/030tcae29,"Maulana Abul Kalam Azad University of Technology, West Bengal",Related,Production
38281,https://github.com/ror-community/ror-updates/issues/38281,Add a new organization to ROR: Dr. B.C. Roy Engineering College,"Maulana Abul Kalam Azad University of Technology, West Bengal",https://ror.org/030tcae29,https://ror.org/0543htw25,Dr. B.C. Roy Engineering College,Related,Release
38484,https://github.com/ror-community/ror-updates/issues/38484,"Modify the information in an existing ROR record: Seisa Gear,ltd. (Japan) - https://ror.org/046yr3w90","Seisa Gear,ltd. (Japan)",https://ror.org/046yr3w90,https://ror.org/034w8b465,"Sumitomo Heavy Industries Gearbox Co., Ltd. (Japan)",Successor,Production
38873,https://github.com/ror-community/ror-updates/issues/38873,Modify the information in an existing ROR record: FBK CREATE-NET Research Center - https://ror.org/04jyxq429,FBK CREATE-NET Research Center,https://ror.org/04jyxq429,https://ror.org/04g3ak044,FBK Center for Information and Communication Technology,Successor,Release
38873,https://github.com/ror-community/ror-updates/issues/38873,Modify the information in an existing ROR record: FBK CREATE-NET Research Center - https://ror.org/04jyxq429,FBK Center for Information and Communication Technology,https://ror.org/04g3ak044,https://ror.org/04jyxq429,FBK CREATE-NET Research Center,Predecessor,Release
38872,https://github.com/ror-community/ror-updates/issues/38872,Add a new organization to ROR: Istituto per la Ricerca Scientifica e Tecnologica (Italy),Istituto per la Ricerca Scientifica e Tecnologica,https://ror.org/04vrpj005,https://ror.org/04g3ak044,FBK Center for Information and Communication Technology,Successor,Release
38872,https://github.com/ror-community/ror-updates/issues/38872,Add a new organization to ROR: Istituto per la Ricerca Scientifica e Tecnologica (Italy),FBK Center for Information and Communication Technology,https://ror.org/04g3ak044,https://ror.org/04vrpj005,Istituto per la Ricerca Scientifica e Tecnologica,Predecessor,Release
38872,https://github.com/ror-community/ror-updates/issues/38872,Add a new organization to ROR: Istituto per la Ricerca Scientifica e Tecnologica (Italy),Istituto per la Ricerca Scientifica e Tecnologica,https://ror.org/04vrpj005,https://ror.org/05167te60,FBK Center for Materials and Microsystems,Successor,Release
38872,https://github.com/ror-community/ror-updates/issues/38872,Add a new organization to ROR: Istituto per la Ricerca Scientifica e Tecnologica (Italy),FBK Center for Materials and Microsystems,https://ror.org/05167te60,https://ror.org/04vrpj005,Istituto per la Ricerca Scientifica e Tecnologica,Predecessor,Release
38871,https://github.com/ror-community/ror-updates/issues/38871,Add a new organization to ROR: FBK Center for Materials and Microsystems (Italy),FBK Center for Materials and Microsystems,https://ror.org/05167te60,https://ror.org/01j33xk10,Fondazione Bruno Kessler,Parent,Production
38871,https://github.com/ror-community/ror-updates/issues/38871,Add a new organization to ROR: FBK Center for Materials and Microsystems (Italy),Fondazione Bruno Kessler,https://ror.org/01j33xk10,https://ror.org/05167te60,FBK Center for Materials and Microsystems,Child,Release
38811,https://github.com/ror-community/ror-updates/issues/38811,Add a new organization to ROR: Groupement Hospitalier Intercommunal du Vexin (France),Groupement Hospitalier Intercommunal du Vexin,https://ror.org/024magd57,https://ror.org/05jm9mh74,Centre Hospitalier René-Dubos,Successor,Production
38811,https://github.com/ror-community/ror-updates/issues/38811,Add a new organization to ROR: Groupement Hospitalier Intercommunal du Vexin (France),Centre Hospitalier René-Dubos,https://ror.org/05jm9mh74,https://ror.org/024magd57,Groupement Hospitalier Intercommunal du Vexin,Predecessor,Release
38810,https://github.com/ror-community/ror-updates/issues/38810,Add a new organization to ROR: Groupe Hospitalier Carnelle Portes de l’Oise (France),Groupe Hospitalier Carnelle Portes de l’Oise,https://ror.org/01sbec417,https://ror.org/05jm9mh74,Centre Hospitalier René-Dubos,Successor,Production
38810,https://github.com/ror-community/ror-updates/issues/38810,Add a new organization to ROR: Groupe Hospitalier Carnelle Portes de l’Oise (France),Centre Hospitalier René-Dubos,https://ror.org/05jm9mh74,https://ror.org/01sbec417,Groupe Hospitalier Carnelle Portes de l’Oise,Predecessor,Release
38808,https://github.com/ror-community/ror-updates/issues/38808,Add a new organization to ROR: “Tribhuvan” Sahkari University (India),“Tribhuvan” Sahkari University,https://ror.org/026tkwd63,https://ror.org/03e096643,Institute of Rural Management Anand,Child,Production
38808,https://github.com/ror-community/ror-updates/issues/38808,Add a new organization to ROR: “Tribhuvan” Sahkari University (India),Institute of Rural Management Anand,https://ror.org/03e096643,https://ror.org/026tkwd63,“Tribhuvan” Sahkari University,Parent,Release
38805,https://github.com/ror-community/ror-updates/issues/38805,Modify the information in an existing ROR record: Zekai Tahir Burak Kadın Sağlığı Eğitim ve Araştırma Hastanesi - https://ror.org/026qp7597,Zekai Tahir Burak Kadın Sağlığı Eğitim ve Araştırma Hastanesi,https://ror.org/026qp7597,https://ror.org/033fqnp11,Ankara Bilkent City Hospital,Successor,Production
38805,https://github.com/ror-community/ror-updates/issues/38805,Modify the information in an existing ROR record: Zekai Tahir Burak Kadın Sağlığı Eğitim ve Araştırma Hastanesi - https://ror.org/026qp7597,Ankara Bilkent City Hospital,https://ror.org/033fqnp11,https://ror.org/026qp7597,Zekai Tahir Burak Kadın Sağlığı Eğitim ve Araştırma Hastanesi,Predecessor,Release
38799,https://github.com/ror-community/ror-updates/issues/38799,Modify the information in an existing ROR record: Touro Infirmary Foundation - https://ror.org/03s2y3a28,Touro Infirmary Foundation,https://ror.org/03s2y3a28,https://ror.org/01evc1434,Touro Infirmary,Related,Release
38799,https://github.com/ror-community/ror-updates/issues/38799,Modify the information in an existing ROR record: Touro Infirmary Foundation - https://ror.org/03s2y3a28,Touro Infirmary,https://ror.org/01evc1434,https://ror.org/03s2y3a28,Touro Infirmary Foundation,Related,Release
38794,https://github.com/ror-community/ror-updates/issues/38794,Add a new organization to ROR: Touro Infirmary (United States),Touro Infirmary,https://ror.org/01evc1434,https://ror.org/03s2y3a28,Touro Infirmary Foundation,Related,Production
38794,https://github.com/ror-community/ror-updates/issues/38794,Add a new organization to ROR: Touro Infirmary (United States),Touro Infirmary Foundation,https://ror.org/03s2y3a28,https://ror.org/01evc1434,Touro Infirmary,Related,Release
38553,https://github.com/ror-community/ror-updates/issues/38553,Add a new organization to ROR: Vinmec Nha Trang Hospital (Vietnam),Vinmec Nha Trang Hospital,https://ror.org/00vd9q916,https://ror.org/012rvtf75,Vinmec Healthcare System,Parent,Release
38553,https://github.com/ror-community/ror-updates/issues/38553,Add a new organization to ROR: Vinmec Nha Trang Hospital (Vietnam),Vinmec Healthcare System,https://ror.org/012rvtf75,https://ror.org/00vd9q916,Vinmec Nha Trang Hospital,Child,Release
38537,https://github.com/ror-community/ror-updates/issues/38537,Add a new organization to ROR: Pacific Islands Climate Adaptation Science Center (United States),Pacific Islands Climate Adaptation Science Center,https://ror.org/01pvaba12,https://ror.org/023czga33,Climate Adaptation Science Centers,Parent,Production
38537,https://github.com/ror-community/ror-updates/issues/38537,Add a new organization to ROR: Pacific Islands Climate Adaptation Science Center (United States),Climate Adaptation Science Centers,https://ror.org/023czga33,https://ror.org/01pvaba12,Pacific Islands Climate Adaptation Science Center,Child,Release
38537,https://github.com/ror-community/ror-updates/issues/38537,Add a new organization to ROR: Pacific Islands Climate Adaptation Science Center (United States),Pacific Islands Climate Adaptation Science Center,https://ror.org/01pvaba12,https://ror.org/01wspgy28,University of Hawaiʻi at Mānoa,Parent,Production
38537,https://github.com/ror-community/ror-updates/issues/38537,Add a new organization to ROR: Pacific Islands Climate Adaptation Science Center (United States),University of Hawaiʻi at Mānoa,https://ror.org/01wspgy28,https://ror.org/01pvaba12,Pacific Islands Climate Adaptation Science Center,Child,Release
38536,https://github.com/ror-community/ror-updates/issues/38536,Add a new organization to ROR: Northwest Climate Adaptation Science Center (United States),Northwest Climate Adaptation Science Center,https://ror.org/00ykw3513,https://ror.org/023czga33,Climate Adaptation Science Centers,Parent,Production
38536,https://github.com/ror-community/ror-updates/issues/38536,Add a new organization to ROR: Northwest Climate Adaptation Science Center (United States),Climate Adaptation Science Centers,https://ror.org/023czga33,https://ror.org/00ykw3513,Northwest Climate Adaptation Science Center,Child,Release
38536,https://github.com/ror-community/ror-updates/issues/38536,Add a new organization to ROR: Northwest Climate Adaptation Science Center (United States),Northwest Climate Adaptation Science Center,https://ror.org/00ykw3513,https://ror.org/00cvxb145,University of Washington,Parent,Production
38536,https://github.com/ror-community/ror-updates/issues/38536,Add a new organization to ROR: Northwest Climate Adaptation Science Center (United States),University of Washington,https://ror.org/00cvxb145,https://ror.org/00ykw3513,Northwest Climate Adaptation Science Center,Child,Release
38535,https://github.com/ror-community/ror-updates/issues/38535,Add a new organization to ROR: Midwest Climate Adaptation Science Center (United States),Midwest Climate Adaptation Science Center,https://ror.org/05y7zy988,https://ror.org/023czga33,Climate Adaptation Science Centers,Parent,Production
38535,https://github.com/ror-community/ror-updates/issues/38535,Add a new organization to ROR: Midwest Climate Adaptation Science Center (United States),Climate Adaptation Science Centers,https://ror.org/023czga33,https://ror.org/05y7zy988,Midwest Climate Adaptation Science Center,Child,Release
38535,https://github.com/ror-community/ror-updates/issues/38535,Add a new organization to ROR: Midwest Climate Adaptation Science Center (United States),Midwest Climate Adaptation Science Center,https://ror.org/05y7zy988,https://ror.org/017zqws13,University of Minnesota,Parent,Production
38535,https://github.com/ror-community/ror-updates/issues/38535,Add a new organization to ROR: Midwest Climate Adaptation Science Center (United States),University of Minnesota,https://ror.org/017zqws13,https://ror.org/05y7zy988,Midwest Climate Adaptation Science Center,Child,Release
38534,https://github.com/ror-community/ror-updates/issues/38534,Add a new organization to ROR: National Climate Adaptation Science Center (United States),National Climate Adaptation Science Center,https://ror.org/03j1nq444,https://ror.org/023czga33,Climate Adaptation Science Centers,Parent,Production
38534,https://github.com/ror-community/ror-updates/issues/38534,Add a new organization to ROR: National Climate Adaptation Science Center (United States),Climate Adaptation Science Centers,https://ror.org/023czga33,https://ror.org/03j1nq444,National Climate Adaptation Science Center,Child,Release
39147,https://github.com/ror-community/ror-updates/issues/39147,Add a new organization to ROR: Vidyalankar School of Information Technology,Vidyalankar School of Information Technology,https://ror.org/0029s4b58,https://ror.org/032hdk172,University of Mumbai,Related,Production
39147,https://github.com/ror-community/ror-updates/issues/39147,Add a new organization to ROR: Vidyalankar School of Information Technology,University of Mumbai,https://ror.org/032hdk172,https://ror.org/0029s4b58,Vidyalankar School of Information Technology,Related,Release
39148,https://github.com/ror-community/ror-updates/issues/39148,Add a new organization to ROR: Vidyalankar Institute of Technology,Vidyalankar Institute of Technology,https://ror.org/013ntfy98,https://ror.org/032hdk172,University of Mumbai,Related,Production
39148,https://github.com/ror-community/ror-updates/issues/39148,Add a new organization to ROR: Vidyalankar Institute of Technology,University of Mumbai,https://ror.org/032hdk172,https://ror.org/013ntfy98,Vidyalankar Institute of Technology,Related,Release
37374,https://github.com/ror-community/ror-updates/issues/37374,"Add a new organization to ROR: Perceptions, Représentations, Image, Son, Musique","Perception, Représentations, Image, Son, Musique",https://ror.org/04f5x2z86,https://ror.org/035xkbk20,Aix-Marseille Université,Parent,Production
37374,https://github.com/ror-community/ror-updates/issues/37374,"Add a new organization to ROR: Perceptions, Représentations, Image, Son, Musique",Aix-Marseille Université,https://ror.org/035xkbk20,https://ror.org/04f5x2z86,"Perception, Représentations, Image, Son, Musique",Child,Release
37374,https://github.com/ror-community/ror-updates/issues/37374,"Add a new organization to ROR: Perceptions, Représentations, Image, Son, Musique","Perception, Représentations, Image, Son, Musique",https://ror.org/04f5x2z86,https://ror.org/02feahw73,Centre National de la Recherche Scientifique,Parent,Production
37374,https://github.com/ror-community/ror-updates/issues/37374,"Add a new organization to ROR: Perceptions, Représentations, Image, Son, Musique",Centre National de la Recherche Scientifique,https://ror.org/02feahw73,https://ror.org/04f5x2z86,"Perception, Représentations, Image, Son, Musique",Child,Release
37374,https://github.com/ror-community/ror-updates/issues/37374,"Add a new organization to ROR: Perceptions, Représentations, Image, Son, Musique","Perception, Représentations, Image, Son, Musique",https://ror.org/04f5x2z86,https://ror.org/017rnyz40,Ministère de la Culture,Related,Production
37374,https://github.com/ror-community/ror-updates/issues/37374,"Add a new organization to ROR: Perceptions, Représentations, Image, Son, Musique",Ministère de la Culture,https://ror.org/017rnyz40,https://ror.org/04f5x2z86,"Perception, Représentations, Image, Son, Musique",Related,Release
37722,https://github.com/ror-community/ror-updates/issues/37722,Add a new organization to ROR: Shenzhen Institute of Advanced Electronic Materials,Shenzhen Institute of Advanced Electronic Materials,https://ror.org/05465wm23,https://ror.org/04gh4er46,Shenzhen Institutes of Advanced Technology,Parent,Production
37722,https://github.com/ror-community/ror-updates/issues/37722,Add a new organization to ROR: Shenzhen Institute of Advanced Electronic Materials,Shenzhen Institutes of Advanced Technology,https://ror.org/04gh4er46,https://ror.org/05465wm23,Shenzhen Institute of Advanced Electronic Materials,Child,Release
38241,https://github.com/ror-community/ror-updates/issues/38241,Add a new organization to ROR: Bijoy Krishna Girls' College,Bijoy Krishna Girls' College,https://ror.org/01q9d3110,https://ror.org/01e7v7w47,University of Calcutta,Related,Production
38241,https://github.com/ror-community/ror-updates/issues/38241,Add a new organization to ROR: Bijoy Krishna Girls' College,University of Calcutta,https://ror.org/01e7v7w47,https://ror.org/01q9d3110,Bijoy Krishna Girls' College,Related,Release
37723,https://github.com/ror-community/ror-updates/issues/37723,"Add a new organization to ROR: Institute of Eco-environmental and Soil Sciences, Guangdong Academy of Sciences","Institute of Eco-environmental and Soil Sciences, Guangdong Academy of Sciences",https://ror.org/023rw3q48,https://ror.org/01g9hkj35,Guangdong Academy of Sciences,Parent,Production
37723,https://github.com/ror-community/ror-updates/issues/37723,"Add a new organization to ROR: Institute of Eco-environmental and Soil Sciences, Guangdong Academy of Sciences",Guangdong Academy of Sciences,https://ror.org/01g9hkj35,https://ror.org/023rw3q48,"Institute of Eco-environmental and Soil Sciences, Guangdong Academy of Sciences",Child,Release
38239,https://github.com/ror-community/ror-updates/issues/38239,Add a new organization to ROR: Pandit Deendayal Upadhyaya Adarsha Mahavidyalaya,Pandit Deendayal Upadhyaya Adarsha Mahavidyalaya,https://ror.org/05n1rcs24,https://ror.org/0535c1v66,Assam University,Related,Production
38239,https://github.com/ror-community/ror-updates/issues/38239,Add a new organization to ROR: Pandit Deendayal Upadhyaya Adarsha Mahavidyalaya,Assam University,https://ror.org/0535c1v66,https://ror.org/05n1rcs24,Pandit Deendayal Upadhyaya Adarsha Mahavidyalaya,Related,Release
38238,https://github.com/ror-community/ror-updates/issues/38238,"Add a new organization to ROR: Post Graduate Government College, Sector 11","Post Graduate Government College, Sector 11, Chandigarh",https://ror.org/053e6vr07,https://ror.org/04p2sbk06,Panjab University,Related,Production
38238,https://github.com/ror-community/ror-updates/issues/38238,"Add a new organization to ROR: Post Graduate Government College, Sector 11",Panjab University,https://ror.org/04p2sbk06,https://ror.org/053e6vr07,"Post Graduate Government College, Sector 11, Chandigarh",Related,Release
37725,https://github.com/ror-community/ror-updates/issues/37725,Add a new organization to ROR: Research Institute of Nuclear Power Operation,Research Institute of Nuclear Power Operation,https://ror.org/032m2a070,https://ror.org/01d5ymp84,China National Nuclear Corporation,Parent,Production
37725,https://github.com/ror-community/ror-updates/issues/37725,Add a new organization to ROR: Research Institute of Nuclear Power Operation,China National Nuclear Corporation,https://ror.org/01d5ymp84,https://ror.org/032m2a070,Research Institute of Nuclear Power Operation,Child,Release
38237,https://github.com/ror-community/ror-updates/issues/38237,Add a new organization to ROR: University College of Engineering and Technology,University College of Engineering and Technology,https://ror.org/04vxck926,https://ror.org/04se5tt51,Bikaner Technical University,Parent,Production
38237,https://github.com/ror-community/ror-updates/issues/38237,Add a new organization to ROR: University College of Engineering and Technology,Bikaner Technical University,https://ror.org/04se5tt51,https://ror.org/04vxck926,University College of Engineering and Technology,Child,Release
38236,https://github.com/ror-community/ror-updates/issues/38236,Add a new organization to ROR: Brahmananda Keshab Chandra College,Brahmananda Keshab Chandra College,https://ror.org/03xd28271,https://ror.org/04qs5en05,West Bengal State University,Related,Production
38236,https://github.com/ror-community/ror-updates/issues/38236,Add a new organization to ROR: Brahmananda Keshab Chandra College,West Bengal State University,https://ror.org/04qs5en05,https://ror.org/03xd28271,Brahmananda Keshab Chandra College,Related,Release
38234,https://github.com/ror-community/ror-updates/issues/38234,Add a new organization to ROR: Bhairab Ganguly College,Bhairab Ganguly College,https://ror.org/03m8ag427,https://ror.org/04qs5en05,West Bengal State University,Related,Production
38234,https://github.com/ror-community/ror-updates/issues/38234,Add a new organization to ROR: Bhairab Ganguly College,West Bengal State University,https://ror.org/04qs5en05,https://ror.org/03m8ag427,Bhairab Ganguly College,Related,Release
38232,https://github.com/ror-community/ror-updates/issues/38232,Add a new organization to ROR: Jawaharlal Nehru College,Jawaharlal Nehru College,https://ror.org/010mp4b16,https://ror.org/01ppj9r51,Gauhati University,Related,Production
38232,https://github.com/ror-community/ror-updates/issues/38232,Add a new organization to ROR: Jawaharlal Nehru College,Gauhati University,https://ror.org/01ppj9r51,https://ror.org/010mp4b16,Jawaharlal Nehru College,Related,Release
37394,https://github.com/ror-community/ror-updates/issues/37394,Modify the information in an existing ROR record: Risques Infectieux Tropicaux Microorganismes EmergentS - https://ror.org/03anav932,Risques Infectieux Tropicaux Microorganismes EmergentS,https://ror.org/03anav932,https://ror.org/05q3vnk25,Institut de Recherche pour le Développement,Parent,Production
37394,https://github.com/ror-community/ror-updates/issues/37394,Modify the information in an existing ROR record: Risques Infectieux Tropicaux Microorganismes EmergentS - https://ror.org/03anav932,Institut de Recherche pour le Développement,https://ror.org/05q3vnk25,https://ror.org/03anav932,Risques Infectieux Tropicaux Microorganismes EmergentS,Child,Release
37734,https://github.com/ror-community/ror-updates/issues/37734,Add a new organization to ROR: 713th Research Institute of China State Shipbuilding Corporation,713th Research Institute of China State Shipbuilding Corporation (China),https://ror.org/018e85a74,https://ror.org/0410k9915,China Shipbuilding Industry Corporation (China),Parent,Production
37734,https://github.com/ror-community/ror-updates/issues/37734,Add a new organization to ROR: 713th Research Institute of China State Shipbuilding Corporation,China Shipbuilding Industry Corporation (China),https://ror.org/0410k9915,https://ror.org/018e85a74,713th Research Institute of China State Shipbuilding Corporation (China),Child,Release
37743,https://github.com/ror-community/ror-updates/issues/37743,Add a new organization to ROR: Shenyang Research Institute of Chemical Industry,Shenyang Research Institute of Chemical Industry (China),https://ror.org/02mrwdh61,https://ror.org/03x8vck69,Sinochem Group (China),Parent,Production
37743,https://github.com/ror-community/ror-updates/issues/37743,Add a new organization to ROR: Shenyang Research Institute of Chemical Industry,Sinochem Group (China),https://ror.org/03x8vck69,https://ror.org/02mrwdh61,Shenyang Research Institute of Chemical Industry (China),Child,Release
37744,https://github.com/ror-community/ror-updates/issues/37744,Add a new organization to ROR: Hospital for Reproductive Medicine Affiliated to Shandong University,Hospital for Reproductive Medicine Affiliated to Shandong University,https://ror.org/0168ksk34,https://ror.org/0207yh398,Shandong University,Related,Production
37744,https://github.com/ror-community/ror-updates/issues/37744,Add a new organization to ROR: Hospital for Reproductive Medicine Affiliated to Shandong University,Shandong University,https://ror.org/0207yh398,https://ror.org/0168ksk34,Hospital for Reproductive Medicine Affiliated to Shandong University,Related,Release
37746,https://github.com/ror-community/ror-updates/issues/37746,Add a new organization to ROR: Nantong Textile & Silk Industrial Technology Research Institute,Nantong Textile & Silk Industrial Technology Research Institute,https://ror.org/027bneg52,https://ror.org/05t8y2r12,Soochow University,Parent,Production
37746,https://github.com/ror-community/ror-updates/issues/37746,Add a new organization to ROR: Nantong Textile & Silk Industrial Technology Research Institute,Soochow University,https://ror.org/05t8y2r12,https://ror.org/027bneg52,Nantong Textile & Silk Industrial Technology Research Institute,Child,Release
37747,https://github.com/ror-community/ror-updates/issues/37747,Add a new organization to ROR: Global Energy Interconnection Research Institute,Global Energy Interconnection Research Institute (China),https://ror.org/01b0zhs64,https://ror.org/05twwhs70,State Grid Corporation of China (China),Parent,Production
37747,https://github.com/ror-community/ror-updates/issues/37747,Add a new organization to ROR: Global Energy Interconnection Research Institute,State Grid Corporation of China (China),https://ror.org/05twwhs70,https://ror.org/01b0zhs64,Global Energy Interconnection Research Institute (China),Child,Release
37750,https://github.com/ror-community/ror-updates/issues/37750,Add a new organization to ROR: CCTEG Chongqing Research Institute,CCTEG Chongqing Research Institute (China),https://ror.org/01w6g9j03,https://ror.org/045d9gj14,China Coal Technology and Engineering Group Corp (China),Parent,Production
37750,https://github.com/ror-community/ror-updates/issues/37750,Add a new organization to ROR: CCTEG Chongqing Research Institute,China Coal Technology and Engineering Group Corp (China),https://ror.org/045d9gj14,https://ror.org/01w6g9j03,CCTEG Chongqing Research Institute (China),Child,Release
37752,https://github.com/ror-community/ror-updates/issues/37752,"Add a new organization to ROR: Hunan Research Institute of Chemical Industry Co., Ltd.","Hunan Research Institute of Chemical Industry Co., Ltd. (China)",https://ror.org/015anzp27,https://ror.org/026h9r553,Hunan Haili Chemical Industry (China),Parent,Production
37752,https://github.com/ror-community/ror-updates/issues/37752,"Add a new organization to ROR: Hunan Research Institute of Chemical Industry Co., Ltd.",Hunan Haili Chemical Industry (China),https://ror.org/026h9r553,https://ror.org/015anzp27,"Hunan Research Institute of Chemical Industry Co., Ltd. (China)",Child,Release
37754,https://github.com/ror-community/ror-updates/issues/37754,Add a new organization to ROR: National Agency for Automobile and Land Transport Technology,National Agency for Automobile and Land Transport Technology,https://ror.org/01rwkgw75,https://ror.org/05nsenn51,National Traffic Safety and Environment Laboratory,Related,Production
37754,https://github.com/ror-community/ror-updates/issues/37754,Add a new organization to ROR: National Agency for Automobile and Land Transport Technology,National Traffic Safety and Environment Laboratory,https://ror.org/05nsenn51,https://ror.org/01rwkgw75,National Agency for Automobile and Land Transport Technology,Related,Release
37756,https://github.com/ror-community/ror-updates/issues/37756,Add a new organization to ROR: SINOPEC Geophysical Research Institute,SINOPEC Geophysical Research Institute (China),https://ror.org/02chsfe33,https://ror.org/0161q6d74,Sinopec (China),Parent,Production
37756,https://github.com/ror-community/ror-updates/issues/37756,Add a new organization to ROR: SINOPEC Geophysical Research Institute,Sinopec (China),https://ror.org/0161q6d74,https://ror.org/02chsfe33,SINOPEC Geophysical Research Institute (China),Child,Release
37757,https://github.com/ror-community/ror-updates/issues/37757,"Add a new organization to ROR: China Energy Engineering Group Guangdong Electric Power Design Institute Co., Ltd.","China Energy Engineering Group Guangdong Electric Power Design Institute Co., Ltd. (China)",https://ror.org/052hdh182,https://ror.org/01nvzzy80,China Energy Engineering Corporation (China),Parent,Production
37757,https://github.com/ror-community/ror-updates/issues/37757,"Add a new organization to ROR: China Energy Engineering Group Guangdong Electric Power Design Institute Co., Ltd.",China Energy Engineering Corporation (China),https://ror.org/01nvzzy80,https://ror.org/052hdh182,"China Energy Engineering Group Guangdong Electric Power Design Institute Co., Ltd. (China)",Child,Release
37758,https://github.com/ror-community/ror-updates/issues/37758,"Add a new organization to ROR: China Electronics Engineering Design Institute Co., Ltd.","China Electronics Engineering Design Institute Co., Ltd. (China)",https://ror.org/01kqhmx26,https://ror.org/030mq9680,State Development & Investment Corporation (China),Parent,Production
37758,https://github.com/ror-community/ror-updates/issues/37758,"Add a new organization to ROR: China Electronics Engineering Design Institute Co., Ltd.",State Development & Investment Corporation (China),https://ror.org/030mq9680,https://ror.org/01kqhmx26,"China Electronics Engineering Design Institute Co., Ltd. (China)",Child,Release
37760,https://github.com/ror-community/ror-updates/issues/37760,Add a new organization to ROR: China Academy of Electronics and Information Technology,China Academy of Electronics and Information Technology,https://ror.org/03n1t1z47,https://ror.org/0098hst83,China Electronics Technology Group Corporation,Parent,Production
37760,https://github.com/ror-community/ror-updates/issues/37760,Add a new organization to ROR: China Academy of Electronics and Information Technology,China Electronics Technology Group Corporation,https://ror.org/0098hst83,https://ror.org/03n1t1z47,China Academy of Electronics and Information Technology,Child,Release
34042,https://github.com/ror-community/ror-updates/issues/34042,"Add a new organization to ROR: 
 
Fraunhofer Institute for Machine Tools and Forming Technology Dresden",Fraunhofer Institute for Machine Tools and Forming Technology Dresden,https://ror.org/038es9179,https://ror.org/026taa863,Fraunhofer Institute for Machine Tools and Forming Technology,Parent,Production
34042,https://github.com/ror-community/ror-updates/issues/34042,"Add a new organization to ROR: 
 
Fraunhofer Institute for Machine Tools and Forming Technology Dresden",Fraunhofer Institute for Machine Tools and Forming Technology,https://ror.org/026taa863,https://ror.org/038es9179,Fraunhofer Institute for Machine Tools and Forming Technology Dresden,Child,Release
38497,https://github.com/ror-community/ror-updates/issues/38497,Add a new organization to ROR: State Key Laboratory of Hollow Fiber Membrane Materials and Processes (China),State Key Laboratory of Hollow Fiber Membrane Materials and Processes,https://ror.org/02040ft69,https://ror.org/00xsr9m91,Tiangong University,Parent,Production
38497,https://github.com/ror-community/ror-updates/issues/38497,Add a new organization to ROR: State Key Laboratory of Hollow Fiber Membrane Materials and Processes (China),Tiangong University,https://ror.org/00xsr9m91,https://ror.org/02040ft69,State Key Laboratory of Hollow Fiber Membrane Materials and Processes,Child,Release
