Issue # from Github,Issue URL,Issue title from Github,Name of org in Record ID,Record ID,Related ID,Name of org in Related ID,Relationship of Related ID to Record ID,Current location of Related ID
35081,https://github.com/ror-community/ror-updates/issues/35081,Modify the information in an existing ROR record: Thai Nguyen University of Information and Communication Technology metadata,Thai Nguyen University of Information and Communication Technology,https://ror.org/04gv3mr75,https://ror.org/02128gy91,Thai Nguyen University,Delete,Production
35081,https://github.com/ror-community/ror-updates/issues/35081,Modify the information in an existing ROR record: Thai Nguyen University of Information and Communication Technology metadata,Thai Nguyen University,https://ror.org/02128gy91,https://ror.org/04gv3mr75,Thai Nguyen University of Information and Communication Technology,Delete,Release
37196,https://github.com/ror-community/ror-updates/issues/37196,"Add a new organization to ROR: 
 
Verein für Nationales Hochleistungsrechnen (NHR) e.V.",Verein für Nationales Hochleistungsrechnen – NHR-Verein e.V.,https://ror.org/033mrbb45,https://ror.org/00cd95c65,Gesellschaft für wissenschaftliche Datenverarbeitung mbH Göttingen,Related,Production
37196,https://github.com/ror-community/ror-updates/issues/37196,"Add a new organization to ROR: 
 
Verein für Nationales Hochleistungsrechnen (NHR) e.V.",Gesellschaft für wissenschaftliche Datenverarbeitung mbH Göttingen,https://ror.org/00cd95c65,https://ror.org/033mrbb45,Verein für Nationales Hochleistungsrechnen – NHR-Verein e.V.,Related,Release
37196,https://github.com/ror-community/ror-updates/issues/37196,"Add a new organization to ROR: 
 
Verein für Nationales Hochleistungsrechnen (NHR) e.V.",Verein für Nationales Hochleistungsrechnen – NHR-Verein e.V.,https://ror.org/033mrbb45,https://ror.org/01y9bpm73,University of Göttingen,Related,Production
37196,https://github.com/ror-community/ror-updates/issues/37196,"Add a new organization to ROR: 
 
Verein für Nationales Hochleistungsrechnen (NHR) e.V.",University of Göttingen,https://ror.org/01y9bpm73,https://ror.org/033mrbb45,Verein für Nationales Hochleistungsrechnen – NHR-Verein e.V.,Related,Release
37196,https://github.com/ror-community/ror-updates/issues/37196,"Add a new organization to ROR: 
 
Verein für Nationales Hochleistungsrechnen (NHR) e.V.",Verein für Nationales Hochleistungsrechnen – NHR-Verein e.V.,https://ror.org/033mrbb45,https://ror.org/042aqky30,Technische Universität Dresden,Related,Production
37196,https://github.com/ror-community/ror-updates/issues/37196,"Add a new organization to ROR: 
 
Verein für Nationales Hochleistungsrechnen (NHR) e.V.",Technische Universität Dresden,https://ror.org/042aqky30,https://ror.org/033mrbb45,Verein für Nationales Hochleistungsrechnen – NHR-Verein e.V.,Related,Release
37196,https://github.com/ror-community/ror-updates/issues/37196,"Add a new organization to ROR: 
 
Verein für Nationales Hochleistungsrechnen (NHR) e.V.",Verein für Nationales Hochleistungsrechnen – NHR-Verein e.V.,https://ror.org/033mrbb45,https://ror.org/00f7hpc57,Friedrich-Alexander-Universität Erlangen-Nürnberg,Related,Production
37196,https://github.com/ror-community/ror-updates/issues/37196,"Add a new organization to ROR: 
 
Verein für Nationales Hochleistungsrechnen (NHR) e.V.",Friedrich-Alexander-Universität Erlangen-Nürnberg,https://ror.org/00f7hpc57,https://ror.org/033mrbb45,Verein für Nationales Hochleistungsrechnen – NHR-Verein e.V.,Related,Release
37196,https://github.com/ror-community/ror-updates/issues/37196,"Add a new organization to ROR: 
 
Verein für Nationales Hochleistungsrechnen (NHR) e.V.",Verein für Nationales Hochleistungsrechnen – NHR-Verein e.V.,https://ror.org/033mrbb45,https://ror.org/04t3en479,Karlsruhe Institute of Technology,Related,Production
37196,https://github.com/ror-community/ror-updates/issues/37196,"Add a new organization to ROR: 
 
Verein für Nationales Hochleistungsrechnen (NHR) e.V.",Karlsruhe Institute of Technology,https://ror.org/04t3en479,https://ror.org/033mrbb45,Verein für Nationales Hochleistungsrechnen – NHR-Verein e.V.,Related,Release
37196,https://github.com/ror-community/ror-updates/issues/37196,"Add a new organization to ROR: 
 
Verein für Nationales Hochleistungsrechnen (NHR) e.V.",Verein für Nationales Hochleistungsrechnen – NHR-Verein e.V.,https://ror.org/033mrbb45,https://ror.org/04xfq0f34,RWTH Aachen University,Related,Production
37196,https://github.com/ror-community/ror-updates/issues/37196,"Add a new organization to ROR: 
 
Verein für Nationales Hochleistungsrechnen (NHR) e.V.",RWTH Aachen University,https://ror.org/04xfq0f34,https://ror.org/033mrbb45,Verein für Nationales Hochleistungsrechnen – NHR-Verein e.V.,Related,Release
37196,https://github.com/ror-community/ror-updates/issues/37196,"Add a new organization to ROR: 
 
Verein für Nationales Hochleistungsrechnen (NHR) e.V.",Verein für Nationales Hochleistungsrechnen – NHR-Verein e.V.,https://ror.org/033mrbb45,https://ror.org/058kzsd48,Paderborn University,Related,Production
37196,https://github.com/ror-community/ror-updates/issues/37196,"Add a new organization to ROR: 
 
Verein für Nationales Hochleistungsrechnen (NHR) e.V.",Paderborn University,https://ror.org/058kzsd48,https://ror.org/033mrbb45,Verein für Nationales Hochleistungsrechnen – NHR-Verein e.V.,Related,Release
37196,https://github.com/ror-community/ror-updates/issues/37196,"Add a new organization to ROR: 
 
Verein für Nationales Hochleistungsrechnen (NHR) e.V.",Verein für Nationales Hochleistungsrechnen – NHR-Verein e.V.,https://ror.org/033mrbb45,https://ror.org/04cvxnb49,Goethe University Frankfurt,Related,Production
37196,https://github.com/ror-community/ror-updates/issues/37196,"Add a new organization to ROR: 
 
Verein für Nationales Hochleistungsrechnen (NHR) e.V.",Goethe University Frankfurt,https://ror.org/04cvxnb49,https://ror.org/033mrbb45,Verein für Nationales Hochleistungsrechnen – NHR-Verein e.V.,Related,Release
37196,https://github.com/ror-community/ror-updates/issues/37196,"Add a new organization to ROR: 
 
Verein für Nationales Hochleistungsrechnen (NHR) e.V.",Verein für Nationales Hochleistungsrechnen – NHR-Verein e.V.,https://ror.org/033mrbb45,https://ror.org/023b0x485,Johannes Gutenberg University Mainz,Related,Production
37196,https://github.com/ror-community/ror-updates/issues/37196,"Add a new organization to ROR: 
 
Verein für Nationales Hochleistungsrechnen (NHR) e.V.",Johannes Gutenberg University Mainz,https://ror.org/023b0x485,https://ror.org/033mrbb45,Verein für Nationales Hochleistungsrechnen – NHR-Verein e.V.,Related,Release
37196,https://github.com/ror-community/ror-updates/issues/37196,"Add a new organization to ROR: 
 
Verein für Nationales Hochleistungsrechnen (NHR) e.V.",Verein für Nationales Hochleistungsrechnen – NHR-Verein e.V.,https://ror.org/033mrbb45,https://ror.org/02eva5865,Zuse Institute Berlin,Related,Production
37196,https://github.com/ror-community/ror-updates/issues/37196,"Add a new organization to ROR: 
 
Verein für Nationales Hochleistungsrechnen (NHR) e.V.",Zuse Institute Berlin,https://ror.org/02eva5865,https://ror.org/033mrbb45,Verein für Nationales Hochleistungsrechnen – NHR-Verein e.V.,Related,Release
37196,https://github.com/ror-community/ror-updates/issues/37196,"Add a new organization to ROR: 
 
Verein für Nationales Hochleistungsrechnen (NHR) e.V.",Verein für Nationales Hochleistungsrechnen – NHR-Verein e.V.,https://ror.org/033mrbb45,https://ror.org/05n911h24,Technische Universität Darmstadt,Related,Production
37196,https://github.com/ror-community/ror-updates/issues/37196,"Add a new organization to ROR: 
 
Verein für Nationales Hochleistungsrechnen (NHR) e.V.",Technische Universität Darmstadt,https://ror.org/05n911h24,https://ror.org/033mrbb45,Verein für Nationales Hochleistungsrechnen – NHR-Verein e.V.,Related,Release
37196,https://github.com/ror-community/ror-updates/issues/37196,"Add a new organization to ROR: 
 
Verein für Nationales Hochleistungsrechnen (NHR) e.V.",Verein für Nationales Hochleistungsrechnen – NHR-Verein e.V.,https://ror.org/033mrbb45,https://ror.org/01qrts582,Rheinland-Pfälzische Technische Universität Kaiserslautern-Landau,Related,Production
37196,https://github.com/ror-community/ror-updates/issues/37196,"Add a new organization to ROR: 
 
Verein für Nationales Hochleistungsrechnen (NHR) e.V.",Rheinland-Pfälzische Technische Universität Kaiserslautern-Landau,https://ror.org/01qrts582,https://ror.org/033mrbb45,Verein für Nationales Hochleistungsrechnen – NHR-Verein e.V.,Related,Release
37196,https://github.com/ror-community/ror-updates/issues/37196,"Add a new organization to ROR: 
 
Verein für Nationales Hochleistungsrechnen (NHR) e.V.",Verein für Nationales Hochleistungsrechnen – NHR-Verein e.V.,https://ror.org/033mrbb45,https://ror.org/01jdpyv68,Saarland University,Related,Production
37196,https://github.com/ror-community/ror-updates/issues/37196,"Add a new organization to ROR: 
 
Verein für Nationales Hochleistungsrechnen (NHR) e.V.",Saarland University,https://ror.org/01jdpyv68,https://ror.org/033mrbb45,Verein für Nationales Hochleistungsrechnen – NHR-Verein e.V.,Related,Release
37196,https://github.com/ror-community/ror-updates/issues/37196,"Add a new organization to ROR: 
 
Verein für Nationales Hochleistungsrechnen (NHR) e.V.",Verein für Nationales Hochleistungsrechnen – NHR-Verein e.V.,https://ror.org/033mrbb45,https://ror.org/037vpsd04,Berlin University Alliance,Related,Production
37196,https://github.com/ror-community/ror-updates/issues/37196,"Add a new organization to ROR: 
 
Verein für Nationales Hochleistungsrechnen (NHR) e.V.",Berlin University Alliance,https://ror.org/037vpsd04,https://ror.org/033mrbb45,Verein für Nationales Hochleistungsrechnen – NHR-Verein e.V.,Related,Release
37762,https://github.com/ror-community/ror-updates/issues/37762,Add a new organization to ROR: Astredhor Institut des professionnels du végétal,ASTREDHOR - Institut des professionnels du végétal,https://ror.org/01batn426,https://ror.org/00ygxqz19,Acta les instituts techniques agricoles,Related,Production
37762,https://github.com/ror-community/ror-updates/issues/37762,Add a new organization to ROR: Astredhor Institut des professionnels du végétal,Acta les instituts techniques agricoles,https://ror.org/00ygxqz19,https://ror.org/01batn426,ASTREDHOR - Institut des professionnels du végétal,Related,Release
37761,https://github.com/ror-community/ror-updates/issues/37761,Add a new organization to ROR: Southwest Technology and Engineering Research Institute,Southwest Technology and Engineering Research Institute (China),https://ror.org/03jenrn17,https://ror.org/04n0f2b96,China South Industries Group (China),Parent,Production
37761,https://github.com/ror-community/ror-updates/issues/37761,Add a new organization to ROR: Southwest Technology and Engineering Research Institute,China South Industries Group (China),https://ror.org/04n0f2b96,https://ror.org/03jenrn17,Southwest Technology and Engineering Research Institute (China),Child,Release
37764,https://github.com/ror-community/ror-updates/issues/37764,Add a new organization to ROR: Institute of Spacecraft System Engineering,Institute of Spacecraft System Engineering,https://ror.org/01x6ceq41,https://ror.org/025397a59,China Academy of Space Technology,Parent,Production
37764,https://github.com/ror-community/ror-updates/issues/37764,Add a new organization to ROR: Institute of Spacecraft System Engineering,China Academy of Space Technology,https://ror.org/025397a59,https://ror.org/01x6ceq41,Institute of Spacecraft System Engineering,Child,Release
37765,https://github.com/ror-community/ror-updates/issues/37765,Add a new organization to ROR: Parc Científic de Barcelona,Parc Científic de Barcelona,https://ror.org/03z3b5m17,https://ror.org/021018s57,Universitat de Barcelona,Parent,Production
37765,https://github.com/ror-community/ror-updates/issues/37765,Add a new organization to ROR: Parc Científic de Barcelona,Universitat de Barcelona,https://ror.org/021018s57,https://ror.org/03z3b5m17,Parc Científic de Barcelona,Child,Release
37766,https://github.com/ror-community/ror-updates/issues/37766,Add a new organization to ROR: Fondazione Italiana Sclerosi Multipla,Fondazione Italiana Sclerosi Multipla,https://ror.org/0038e6251,https://ror.org/006z1y950,Associazione Italiana Sclerosi Multipla,Related,Production
37766,https://github.com/ror-community/ror-updates/issues/37766,Add a new organization to ROR: Fondazione Italiana Sclerosi Multipla,Associazione Italiana Sclerosi Multipla,https://ror.org/006z1y950,https://ror.org/0038e6251,Fondazione Italiana Sclerosi Multipla,Related,Release
37768,https://github.com/ror-community/ror-updates/issues/37768,Add a new organization to ROR: Research Institute of Synthetic Crystals,"Sinoma Synthetic Crystals Co., Ltd. (China)",https://ror.org/03977ps18,https://ror.org/05ve6g218,China National Building Materials Group (China),Parent,Production
37768,https://github.com/ror-community/ror-updates/issues/37768,Add a new organization to ROR: Research Institute of Synthetic Crystals,China National Building Materials Group (China),https://ror.org/05ve6g218,https://ror.org/03977ps18,"Sinoma Synthetic Crystals Co., Ltd. (China)",Child,Release
37771,https://github.com/ror-community/ror-updates/issues/37771,"Add a new organization to ROR: Northwest Electric Power Design Institute Co., Ltd.","Northwest Electric Power Design Institute Co., Ltd. (China)",https://ror.org/02p3vn858,https://ror.org/04t59qd02,China Power Engineering Consulting Group (China),Parent,Production
37771,https://github.com/ror-community/ror-updates/issues/37771,"Add a new organization to ROR: Northwest Electric Power Design Institute Co., Ltd.",China Power Engineering Consulting Group (China),https://ror.org/04t59qd02,https://ror.org/02p3vn858,"Northwest Electric Power Design Institute Co., Ltd. (China)",Child,Release
37777,https://github.com/ror-community/ror-updates/issues/37777,Add a new organization to ROR: Azienda sanitaria universitaria Giuliano Isontina,Azienda sanitaria universitaria Giuliano Isontina,https://ror.org/0025bcv33,https://ror.org/05g7qp006,Azienda Sanitaria Universitaria Integrata di Trieste,Predecessor,Production
37777,https://github.com/ror-community/ror-updates/issues/37777,Add a new organization to ROR: Azienda sanitaria universitaria Giuliano Isontina,Azienda Sanitaria Universitaria Integrata di Trieste,https://ror.org/05g7qp006,https://ror.org/0025bcv33,Azienda sanitaria universitaria Giuliano Isontina,Successor,Release
38424,https://github.com/ror-community/ror-updates/issues/38424,"Modify the information in an existing ROR record: 
Bureau de Recherches Géologiques et Minières https://ror.org/05hnb7x64
",Bureau de Recherches Géologiques et Minières,https://ror.org/05hnb7x64,https://ror.org/02t2hg116,Institut des Sciences de la Terre d'Orléans,Delete,Production
38424,https://github.com/ror-community/ror-updates/issues/38424,"Modify the information in an existing ROR record: 
Bureau de Recherches Géologiques et Minières https://ror.org/05hnb7x64
",Institut des Sciences de la Terre d'Orléans,https://ror.org/02t2hg116,https://ror.org/05hnb7x64,Bureau de Recherches Géologiques et Minières,Delete,Release
38424,https://github.com/ror-community/ror-updates/issues/38424,"Modify the information in an existing ROR record: 
Bureau de Recherches Géologiques et Minières https://ror.org/05hnb7x64
",Bureau de Recherches Géologiques et Minières,https://ror.org/05hnb7x64,https://ror.org/020g0rw41,"Gestion de l'Eau, Acteurs, Usages",Delete,Production
38424,https://github.com/ror-community/ror-updates/issues/38424,"Modify the information in an existing ROR record: 
Bureau de Recherches Géologiques et Minières https://ror.org/05hnb7x64
","Gestion de l'Eau, Acteurs, Usages",https://ror.org/020g0rw41,https://ror.org/05hnb7x64,Bureau de Recherches Géologiques et Minières,Delete,Release
38424,https://github.com/ror-community/ror-updates/issues/38424,"Modify the information in an existing ROR record: 
Bureau de Recherches Géologiques et Minières https://ror.org/05hnb7x64
",Bureau de Recherches Géologiques et Minières,https://ror.org/05hnb7x64,https://ror.org/050x42563,"Microscopies, imageries et ressources analytiques en région Centre-Val de Loire",Delete,Production
38424,https://github.com/ror-community/ror-updates/issues/38424,"Modify the information in an existing ROR record: 
Bureau de Recherches Géologiques et Minières https://ror.org/05hnb7x64
","Microscopies, imageries et ressources analytiques en région Centre-Val de Loire",https://ror.org/050x42563,https://ror.org/05hnb7x64,Bureau de Recherches Géologiques et Minières,Delete,Release
38424,https://github.com/ror-community/ror-updates/issues/38424,"Modify the information in an existing ROR record: 
Bureau de Recherches Géologiques et Minières https://ror.org/05hnb7x64
",Bureau de Recherches Géologiques et Minières,https://ror.org/05hnb7x64,https://ror.org/02t2hg116,Institut des Sciences de la Terre d'Orléans,Child,Production
38424,https://github.com/ror-community/ror-updates/issues/38424,"Modify the information in an existing ROR record: 
Bureau de Recherches Géologiques et Minières https://ror.org/05hnb7x64
",Institut des Sciences de la Terre d'Orléans,https://ror.org/02t2hg116,https://ror.org/05hnb7x64,Bureau de Recherches Géologiques et Minières,Parent,Release
38424,https://github.com/ror-community/ror-updates/issues/38424,"Modify the information in an existing ROR record: 
Bureau de Recherches Géologiques et Minières https://ror.org/05hnb7x64
",Bureau de Recherches Géologiques et Minières,https://ror.org/05hnb7x64,https://ror.org/020g0rw41,"Gestion de l'Eau, Acteurs, Usages",Child,Production
38424,https://github.com/ror-community/ror-updates/issues/38424,"Modify the information in an existing ROR record: 
Bureau de Recherches Géologiques et Minières https://ror.org/05hnb7x64
","Gestion de l'Eau, Acteurs, Usages",https://ror.org/020g0rw41,https://ror.org/05hnb7x64,Bureau de Recherches Géologiques et Minières,Parent,Release
38424,https://github.com/ror-community/ror-updates/issues/38424,"Modify the information in an existing ROR record: 
Bureau de Recherches Géologiques et Minières https://ror.org/05hnb7x64
",Bureau de Recherches Géologiques et Minières,https://ror.org/05hnb7x64,https://ror.org/050x42563,"Microscopies, imageries et ressources analytiques en région Centre-Val de Loire",Child,Production
38424,https://github.com/ror-community/ror-updates/issues/38424,"Modify the information in an existing ROR record: 
Bureau de Recherches Géologiques et Minières https://ror.org/05hnb7x64
","Microscopies, imageries et ressources analytiques en région Centre-Val de Loire",https://ror.org/050x42563,https://ror.org/05hnb7x64,Bureau de Recherches Géologiques et Minières,Parent,Release
38231,https://github.com/ror-community/ror-updates/issues/38231,Add a new organization to ROR: Samrat Prithviraj Chauhan Degree College,Samrat Prithviraj Chauhan Degree College,https://ror.org/05bn7jz49,https://ror.org/01hzdv945,Chaudhary Charan Singh University,Related,Production
38231,https://github.com/ror-community/ror-updates/issues/38231,Add a new organization to ROR: Samrat Prithviraj Chauhan Degree College,Chaudhary Charan Singh University,https://ror.org/01hzdv945,https://ror.org/05bn7jz49,Samrat Prithviraj Chauhan Degree College,Related,Release
38230,https://github.com/ror-community/ror-updates/issues/38230,Add a new organization to ROR: Saroj Mohan Institute of Technology,Saroj Mohan Institute of Technology,https://ror.org/05aa66977,https://ror.org/03zx8g717,Techno India Group (India),Related,Production
38230,https://github.com/ror-community/ror-updates/issues/38230,Add a new organization to ROR: Saroj Mohan Institute of Technology,Techno India Group (India),https://ror.org/03zx8g717,https://ror.org/05aa66977,Saroj Mohan Institute of Technology,Related,Release
38230,https://github.com/ror-community/ror-updates/issues/38230,Add a new organization to ROR: Saroj Mohan Institute of Technology,Saroj Mohan Institute of Technology,https://ror.org/05aa66977,https://ror.org/030tcae29,"Maulana Abul Kalam Azad University of Technology, West Bengal",Related,Production
38230,https://github.com/ror-community/ror-updates/issues/38230,Add a new organization to ROR: Saroj Mohan Institute of Technology,"Maulana Abul Kalam Azad University of Technology, West Bengal",https://ror.org/030tcae29,https://ror.org/05aa66977,Saroj Mohan Institute of Technology,Related,Release
38228,https://github.com/ror-community/ror-updates/issues/38228,Add a new organization to ROR: Seth Anandram Jaipuria College,Seth Anandram Jaipuria College,https://ror.org/03cs11s44,https://ror.org/01e7v7w47,University of Calcutta,Related,Production
38228,https://github.com/ror-community/ror-updates/issues/38228,Add a new organization to ROR: Seth Anandram Jaipuria College,University of Calcutta,https://ror.org/01e7v7w47,https://ror.org/03cs11s44,Seth Anandram Jaipuria College,Related,Release
38227,https://github.com/ror-community/ror-updates/issues/38227,Add a new organization to ROR: Raniganj Girls' College,Raniganj Girls' College,https://ror.org/01bd06y39,https://ror.org/02qy8xv65,Kazi Nazrul University,Related,Production
38227,https://github.com/ror-community/ror-updates/issues/38227,Add a new organization to ROR: Raniganj Girls' College,Kazi Nazrul University,https://ror.org/02qy8xv65,https://ror.org/01bd06y39,Raniganj Girls' College,Related,Release
38226,https://github.com/ror-community/ror-updates/issues/38226,Add a new organization to ROR: LDRP Institute of Technology and Research,LDRP Institute of Technology and Research,https://ror.org/01dwkp848,https://ror.org/05edrtk54,Kadi Sarva Vishwavidyalaya,Related,Production
38226,https://github.com/ror-community/ror-updates/issues/38226,Add a new organization to ROR: LDRP Institute of Technology and Research,Kadi Sarva Vishwavidyalaya,https://ror.org/05edrtk54,https://ror.org/01dwkp848,LDRP Institute of Technology and Research,Related,Release
38225,https://github.com/ror-community/ror-updates/issues/38225,Add a new organization to ROR: Presidency College,Presidency College,https://ror.org/04kfbh280,https://ror.org/04jmt9361,University of Madras,Related,Production
38225,https://github.com/ror-community/ror-updates/issues/38225,Add a new organization to ROR: Presidency College,University of Madras,https://ror.org/04jmt9361,https://ror.org/04kfbh280,Presidency College,Related,Release
38224,https://github.com/ror-community/ror-updates/issues/38224,"Add a new organization to ROR: Engineering College, Ajmer","Engineering College, Ajmer",https://ror.org/027kkz582,https://ror.org/04se5tt51,Bikaner Technical University,Related,Production
38224,https://github.com/ror-community/ror-updates/issues/38224,"Add a new organization to ROR: Engineering College, Ajmer",Bikaner Technical University,https://ror.org/04se5tt51,https://ror.org/027kkz582,"Engineering College, Ajmer",Related,Release
38221,https://github.com/ror-community/ror-updates/issues/38221,Add a new organization to ROR: Sundargarh Engineering College,Sundargarh Engineering College,https://ror.org/00kzfe760,https://ror.org/03vqjtg68,Biju Patnaik University of Technology,Related,Production
38221,https://github.com/ror-community/ror-updates/issues/38221,Add a new organization to ROR: Sundargarh Engineering College,Biju Patnaik University of Technology,https://ror.org/03vqjtg68,https://ror.org/00kzfe760,Sundargarh Engineering College,Related,Release
38219,https://github.com/ror-community/ror-updates/issues/38219,Add a new organization to ROR: St. Xavier's College,St. Xavier's College,https://ror.org/05b3mjp05,https://ror.org/032hdk172,University of Mumbai,Related,Production
38219,https://github.com/ror-community/ror-updates/issues/38219,Add a new organization to ROR: St. Xavier's College,University of Mumbai,https://ror.org/032hdk172,https://ror.org/05b3mjp05,St. Xavier's College,Related,Release
37399,https://github.com/ror-community/ror-updates/issues/37399,Modify the information in an existing ROR record: Microbes Evolution Phylogénie et Infections - https://ror.org/01hcfhk13,Microbes Evolution Phylogénie et Infections,https://ror.org/01hcfhk13,https://ror.org/003vg9w96,"Institut National de Recherche pour l'Agriculture, l'Alimentation et l'Environnement",Related,Production
37399,https://github.com/ror-community/ror-updates/issues/37399,Modify the information in an existing ROR record: Microbes Evolution Phylogénie et Infections - https://ror.org/01hcfhk13,"Institut National de Recherche pour l'Agriculture, l'Alimentation et l'Environnement",https://ror.org/003vg9w96,https://ror.org/01hcfhk13,Microbes Evolution Phylogénie et Infections,Related,Release
37399,https://github.com/ror-community/ror-updates/issues/37399,Modify the information in an existing ROR record: Microbes Evolution Phylogénie et Infections - https://ror.org/01hcfhk13,Microbes Evolution Phylogénie et Infections,https://ror.org/01hcfhk13,https://ror.org/02vjkv261,Inserm,Related,Production
37399,https://github.com/ror-community/ror-updates/issues/37399,Modify the information in an existing ROR record: Microbes Evolution Phylogénie et Infections - https://ror.org/01hcfhk13,Inserm,https://ror.org/02vjkv261,https://ror.org/01hcfhk13,Microbes Evolution Phylogénie et Infections,Related,Release
37419,https://github.com/ror-community/ror-updates/issues/37419,Modify the information in an existing ROR record: Droit International Comparé et Européen - https://ror.org/04pwzyv45,Droit International Comparé et Européen,https://ror.org/04pwzyv45,https://ror.org/01frn9647,Université de Pau et des Pays de l'Adour,Related,Production
37419,https://github.com/ror-community/ror-updates/issues/37419,Modify the information in an existing ROR record: Droit International Comparé et Européen - https://ror.org/04pwzyv45,Université de Pau et des Pays de l'Adour,https://ror.org/01frn9647,https://ror.org/04pwzyv45,Droit International Comparé et Européen,Related,Release
37390,https://github.com/ror-community/ror-updates/issues/37390,Modify the information in an existing ROR record: Biologie Végétale et de Microbiologie Environnementales - https://ror.org/01ceg4t15,Biologie Végétale et de Microbiologie Environnementales,https://ror.org/01ceg4t15,https://ror.org/005yfhm28,Institut de Biosciences et biotechnologies d'Aix-Marseille,Successor,Production
37390,https://github.com/ror-community/ror-updates/issues/37390,Modify the information in an existing ROR record: Biologie Végétale et de Microbiologie Environnementales - https://ror.org/01ceg4t15,Institut de Biosciences et biotechnologies d'Aix-Marseille,https://ror.org/005yfhm28,https://ror.org/01ceg4t15,Biologie Végétale et de Microbiologie Environnementales,Predecessor,Release
37391,https://github.com/ror-community/ror-updates/issues/37391,Modify the information in an existing ROR record: Unité d'Appui et de Recherche Pythéas - https://ror.org/03r5d5c48,Unité d'Appui et de Recherche Pythéas,https://ror.org/03r5d5c48,https://ror.org/035xkbk20,Aix-Marseille Université,Parent,Production
37391,https://github.com/ror-community/ror-updates/issues/37391,Modify the information in an existing ROR record: Unité d'Appui et de Recherche Pythéas - https://ror.org/03r5d5c48,Aix-Marseille Université,https://ror.org/035xkbk20,https://ror.org/03r5d5c48,Unité d'Appui et de Recherche Pythéas,Child,Release
37391,https://github.com/ror-community/ror-updates/issues/37391,Modify the information in an existing ROR record: Unité d'Appui et de Recherche Pythéas - https://ror.org/03r5d5c48,Unité d'Appui et de Recherche Pythéas,https://ror.org/03r5d5c48,https://ror.org/05q3vnk25,Institut de Recherche pour le Développement,Parent,Production
37391,https://github.com/ror-community/ror-updates/issues/37391,Modify the information in an existing ROR record: Unité d'Appui et de Recherche Pythéas - https://ror.org/03r5d5c48,Institut de Recherche pour le Développement,https://ror.org/05q3vnk25,https://ror.org/03r5d5c48,Unité d'Appui et de Recherche Pythéas,Child,Release
37391,https://github.com/ror-community/ror-updates/issues/37391,Modify the information in an existing ROR record: Unité d'Appui et de Recherche Pythéas - https://ror.org/03r5d5c48,Unité d'Appui et de Recherche Pythéas,https://ror.org/03r5d5c48,https://ror.org/003vg9w96,"Institut National de Recherche pour l'Agriculture, l'Alimentation et l'Environnement",Parent,Production
37391,https://github.com/ror-community/ror-updates/issues/37391,Modify the information in an existing ROR record: Unité d'Appui et de Recherche Pythéas - https://ror.org/03r5d5c48,"Institut National de Recherche pour l'Agriculture, l'Alimentation et l'Environnement",https://ror.org/003vg9w96,https://ror.org/03r5d5c48,Unité d'Appui et de Recherche Pythéas,Child,Release
37384,https://github.com/ror-community/ror-updates/issues/37384,Modify the information in an existing ROR record: Unité Transdisciplinaire d'Orientation et de Prospective des Impacts environnementaux de la recherche en Ingénierie - https://ror.org/013h6a491,Unité Transdisciplinaire d'Orientation et de Prospective des Impacts environnementaux de la recherche en Ingénierie,https://ror.org/013h6a491,https://ror.org/035xkbk20,Aix-Marseille Université,Parent,Production
37384,https://github.com/ror-community/ror-updates/issues/37384,Modify the information in an existing ROR record: Unité Transdisciplinaire d'Orientation et de Prospective des Impacts environnementaux de la recherche en Ingénierie - https://ror.org/013h6a491,Aix-Marseille Université,https://ror.org/035xkbk20,https://ror.org/013h6a491,Unité Transdisciplinaire d'Orientation et de Prospective des Impacts environnementaux de la recherche en Ingénierie,Child,Release
37480,https://github.com/ror-community/ror-updates/issues/37480,Modify the information in an existing ROR record: Zoological Research Museum Alexander Koenig - https://ror.org/00wz4b049,Zoological Research Museum Alexander Koenig,https://ror.org/00wz4b049,https://ror.org/03k5bhd83,Leibniz Institute for the Analysis of Biodiversity Change,Delete,Production
37480,https://github.com/ror-community/ror-updates/issues/37480,Modify the information in an existing ROR record: Zoological Research Museum Alexander Koenig - https://ror.org/00wz4b049,Leibniz Institute for the Analysis of Biodiversity Change,https://ror.org/03k5bhd83,https://ror.org/00wz4b049,Zoological Research Museum Alexander Koenig,Delete,Release
37480,https://github.com/ror-community/ror-updates/issues/37480,Modify the information in an existing ROR record: Zoological Research Museum Alexander Koenig - https://ror.org/00wz4b049,Zoological Research Museum Alexander Koenig,https://ror.org/00wz4b049,https://ror.org/03k5bhd83,Leibniz Institute for the Analysis of Biodiversity Change,Successor,Production
37480,https://github.com/ror-community/ror-updates/issues/37480,Modify the information in an existing ROR record: Zoological Research Museum Alexander Koenig - https://ror.org/00wz4b049,Leibniz Institute for the Analysis of Biodiversity Change,https://ror.org/03k5bhd83,https://ror.org/00wz4b049,Zoological Research Museum Alexander Koenig,Predecessor,Release
37479,https://github.com/ror-community/ror-updates/issues/37479,Modify the information in an existing ROR record: Laboratoire Analyse et Modélisation pour la Biologie et l'Environnement - https://ror.org/00wwxk695,Laboratoire Analyse et Modélisation pour la Biologie et l'Environnement,https://ror.org/00wwxk695,https://ror.org/03xjwb503,Université Paris-Saclay,Parent,Production
37479,https://github.com/ror-community/ror-updates/issues/37479,Modify the information in an existing ROR record: Laboratoire Analyse et Modélisation pour la Biologie et l'Environnement - https://ror.org/00wwxk695,Université Paris-Saclay,https://ror.org/03xjwb503,https://ror.org/00wwxk695,Laboratoire Analyse et Modélisation pour la Biologie et l'Environnement,Child,Release
37478,https://github.com/ror-community/ror-updates/issues/37478,Modify the information in an existing ROR record: École Centrale Paris - https://ror.org/00v0y5771,École Centrale Paris,https://ror.org/00v0y5771,https://ror.org/03xjwb503,Université Paris-Saclay,Related,Production
37478,https://github.com/ror-community/ror-updates/issues/37478,Modify the information in an existing ROR record: École Centrale Paris - https://ror.org/00v0y5771,Université Paris-Saclay,https://ror.org/03xjwb503,https://ror.org/00v0y5771,École Centrale Paris,Related,Release
37477,https://github.com/ror-community/ror-updates/issues/37477,Modify the information in an existing ROR record: Azienda Ospedaliera Universitaria Integrata Verona - https://ror.org/00sm8k518,Azienda Ospedaliera Universitaria Integrata Verona,https://ror.org/00sm8k518,https://ror.org/039bp8j42,University of Verona,Related,Production
37477,https://github.com/ror-community/ror-updates/issues/37477,Modify the information in an existing ROR record: Azienda Ospedaliera Universitaria Integrata Verona - https://ror.org/00sm8k518,University of Verona,https://ror.org/039bp8j42,https://ror.org/00sm8k518,Azienda Ospedaliera Universitaria Integrata Verona,Related,Release
37476,https://github.com/ror-community/ror-updates/issues/37476,Modify the information in an existing ROR record: Hospital Universitario Dexeus - https://ror.org/00scfzf83,Hospital Universitario Dexeus,https://ror.org/00scfzf83,https://ror.org/052g8jq94,Universitat Autònoma de Barcelona,Related,Production
37476,https://github.com/ror-community/ror-updates/issues/37476,Modify the information in an existing ROR record: Hospital Universitario Dexeus - https://ror.org/00scfzf83,Universitat Autònoma de Barcelona,https://ror.org/052g8jq94,https://ror.org/00scfzf83,Hospital Universitario Dexeus,Related,Release
37472,https://github.com/ror-community/ror-updates/issues/37472,Modify the information in an existing ROR record: University Hospital Bratislava - https://ror.org/00pspca89,University Hospital Bratislava,https://ror.org/00pspca89,https://ror.org/0587ef340,Comenius University Bratislava,Related,Production
37472,https://github.com/ror-community/ror-updates/issues/37472,Modify the information in an existing ROR record: University Hospital Bratislava - https://ror.org/00pspca89,Comenius University Bratislava,https://ror.org/0587ef340,https://ror.org/00pspca89,University Hospital Bratislava,Related,Release
37471,https://github.com/ror-community/ror-updates/issues/37471,Modify the information in an existing ROR record: Azienda Universitaria Ospedaliera Consorziale - Policlinico Bari - https://ror.org/00pap0267,Azienda Universitaria Ospedaliera Consorziale - Policlinico Bari,https://ror.org/00pap0267,https://ror.org/027ynra39,University of Bari Aldo Moro,Related,Production
37471,https://github.com/ror-community/ror-updates/issues/37471,Modify the information in an existing ROR record: Azienda Universitaria Ospedaliera Consorziale - Policlinico Bari - https://ror.org/00pap0267,University of Bari Aldo Moro,https://ror.org/027ynra39,https://ror.org/00pap0267,Azienda Universitaria Ospedaliera Consorziale - Policlinico Bari,Related,Release
37469,https://github.com/ror-community/ror-updates/issues/37469,Modify the information in an existing ROR record: Supélec - https://ror.org/00n7gwn90,Supélec,https://ror.org/00n7gwn90,https://ror.org/03xjwb503,Université Paris-Saclay,Related,Production
37469,https://github.com/ror-community/ror-updates/issues/37469,Modify the information in an existing ROR record: Supélec - https://ror.org/00n7gwn90,Université Paris-Saclay,https://ror.org/03xjwb503,https://ror.org/00n7gwn90,Supélec,Related,Release
37467,https://github.com/ror-community/ror-updates/issues/37467,Modify the information in an existing ROR record: Anton Melik Geographical Institute - https://ror.org/00kj76376,Anton Melik Geographical Institute,https://ror.org/00kj76376,https://ror.org/04evj0n95,Slovenian Academy of Sciences and Arts,Related,Production
37467,https://github.com/ror-community/ror-updates/issues/37467,Modify the information in an existing ROR record: Anton Melik Geographical Institute - https://ror.org/00kj76376,Slovenian Academy of Sciences and Arts,https://ror.org/04evj0n95,https://ror.org/00kj76376,Anton Melik Geographical Institute,Related,Release
37466,https://github.com/ror-community/ror-updates/issues/37466,Modify the information in an existing ROR record: NIHR Birmingham Liver Biomedical Research Unit - https://ror.org/00k5pte35,NIHR Birmingham Liver Biomedical Research Unit,https://ror.org/00k5pte35,https://ror.org/05ccjmp23,NIHR Birmingham Biomedical Research Centre,Successor,Production
37466,https://github.com/ror-community/ror-updates/issues/37466,Modify the information in an existing ROR record: NIHR Birmingham Liver Biomedical Research Unit - https://ror.org/00k5pte35,NIHR Birmingham Biomedical Research Centre,https://ror.org/05ccjmp23,https://ror.org/00k5pte35,NIHR Birmingham Liver Biomedical Research Unit,Predecessor,Release
37465,https://github.com/ror-community/ror-updates/issues/37465,Modify the information in an existing ROR record: Centre Hospitalier Universitaire de Tours - https://ror.org/00jpq0w62,Centre Hospitalier Universitaire de Tours,https://ror.org/00jpq0w62,https://ror.org/02wwzvj46,Université de Tours,Related,Production
37465,https://github.com/ror-community/ror-updates/issues/37465,Modify the information in an existing ROR record: Centre Hospitalier Universitaire de Tours - https://ror.org/00jpq0w62,Université de Tours,https://ror.org/02wwzvj46,https://ror.org/00jpq0w62,Centre Hospitalier Universitaire de Tours,Related,Release
37463,https://github.com/ror-community/ror-updates/issues/37463,Modify the information in an existing ROR record: Hospital Clínico Universitario de Valencia - https://ror.org/00hpnj894,Hospital Clínico Universitario de Valencia,https://ror.org/00hpnj894,https://ror.org/043nxc105,Universitat de València,Related,Production
37463,https://github.com/ror-community/ror-updates/issues/37463,Modify the information in an existing ROR record: Hospital Clínico Universitario de Valencia - https://ror.org/00hpnj894,Universitat de València,https://ror.org/043nxc105,https://ror.org/00hpnj894,Hospital Clínico Universitario de Valencia,Related,Release
37462,https://github.com/ror-community/ror-updates/issues/37462,Modify the information in an existing ROR record: Pauls Stradiņš Clinical University Hospital - https://ror.org/00h1aq868,Pauls Stradiņš Clinical University Hospital,https://ror.org/00h1aq868,https://ror.org/03nadks56,Riga Stradiņš University,Related,Production
37462,https://github.com/ror-community/ror-updates/issues/37462,Modify the information in an existing ROR record: Pauls Stradiņš Clinical University Hospital - https://ror.org/00h1aq868,Riga Stradiņš University,https://ror.org/03nadks56,https://ror.org/00h1aq868,Pauls Stradiņš Clinical University Hospital,Related,Release
37459,https://github.com/ror-community/ror-updates/issues/37459,Modify the information in an existing ROR record: Leibniz-Institute for New Materials - https://ror.org/00g656d67,Leibniz-Institute for New Materials,https://ror.org/00g656d67,https://ror.org/01jdpyv68,Saarland University,Parent,Production
37459,https://github.com/ror-community/ror-updates/issues/37459,Modify the information in an existing ROR record: Leibniz-Institute for New Materials - https://ror.org/00g656d67,Saarland University,https://ror.org/01jdpyv68,https://ror.org/00g656d67,Leibniz-Institute for New Materials,Child,Release
37455,https://github.com/ror-community/ror-updates/issues/37455,Modify the information in an existing ROR record: Délégation Paris 7 - https://ror.org/00bw5n526,Délégation Paris 7,https://ror.org/00bw5n526,https://ror.org/00jyt4d57,L’Inserm dans Paris et l’Île-de-France Centre Nord,Successor,Production
37455,https://github.com/ror-community/ror-updates/issues/37455,Modify the information in an existing ROR record: Délégation Paris 7 - https://ror.org/00bw5n526,L’Inserm dans Paris et l’Île-de-France Centre Nord,https://ror.org/00jyt4d57,https://ror.org/00bw5n526,Délégation Paris 7,Predecessor,Release
37454,https://github.com/ror-community/ror-updates/issues/37454,"Modify the information in an existing ROR record: Institute of Acoustics and Sensors ""Orso Mario Corbino"" - https://ror.org/00brf2d87","Institute of Acoustics and Sensors ""Orso Mario Corbino""",https://ror.org/00brf2d87,https://ror.org/02qnx8e75,Institute of Marine Engineering,Successor,Production
37454,https://github.com/ror-community/ror-updates/issues/37454,"Modify the information in an existing ROR record: Institute of Acoustics and Sensors ""Orso Mario Corbino"" - https://ror.org/00brf2d87",Institute of Marine Engineering,https://ror.org/02qnx8e75,https://ror.org/00brf2d87,"Institute of Acoustics and Sensors ""Orso Mario Corbino""",Predecessor,Release
37453,https://github.com/ror-community/ror-updates/issues/37453,Modify the information in an existing ROR record: Institute of Botany of the Slovak Academy of Sciences - https://ror.org/00ayvpa66,Institute of Botany of the Slovak Academy of Sciences,https://ror.org/00ayvpa66,https://ror.org/0200wpa28,Plant Science and Biodiversity Centre of the Slovak Academy of Sciences,Successor,Production
37453,https://github.com/ror-community/ror-updates/issues/37453,Modify the information in an existing ROR record: Institute of Botany of the Slovak Academy of Sciences - https://ror.org/00ayvpa66,Plant Science and Biodiversity Centre of the Slovak Academy of Sciences,https://ror.org/0200wpa28,https://ror.org/00ayvpa66,Institute of Botany of the Slovak Academy of Sciences,Predecessor,Release
37450,https://github.com/ror-community/ror-updates/issues/37450,Modify the information in an existing ROR record: Institut de Cancérologie Strasbourg - https://ror.org/008fdbn61,Institut de Cancérologie Strasbourg,https://ror.org/008fdbn61,https://ror.org/04bckew43,Hôpitaux Universitaires de Strasbourg,Successor,Production
37450,https://github.com/ror-community/ror-updates/issues/37450,Modify the information in an existing ROR record: Institut de Cancérologie Strasbourg - https://ror.org/008fdbn61,Hôpitaux Universitaires de Strasbourg,https://ror.org/04bckew43,https://ror.org/008fdbn61,Institut de Cancérologie Strasbourg,Predecessor,Release
37511,https://github.com/ror-community/ror-updates/issues/37511,Modify the information in an existing ROR record: Centre Léon Bérard - https://ror.org/01cmnjq37,Centre Léon Bérard,https://ror.org/01cmnjq37,https://ror.org/029brtt94,Lyon 1 Université,Related,Production
37511,https://github.com/ror-community/ror-updates/issues/37511,Modify the information in an existing ROR record: Centre Léon Bérard - https://ror.org/01cmnjq37,Lyon 1 Université,https://ror.org/029brtt94,https://ror.org/01cmnjq37,Centre Léon Bérard,Related,Release
37507,https://github.com/ror-community/ror-updates/issues/37507,Modify the information in an existing ROR record: Institute of Experimental Endocrinology of the Slovak Academy of Sciences - https://ror.org/01a1nz002,Institute of Experimental Endocrinology of the Slovak Academy of Sciences,https://ror.org/01a1nz002,https://ror.org/02s3ds748,Biomedical Research Center of the Slovak Academy of Sciences,Parent,Production
37507,https://github.com/ror-community/ror-updates/issues/37507,Modify the information in an existing ROR record: Institute of Experimental Endocrinology of the Slovak Academy of Sciences - https://ror.org/01a1nz002,Biomedical Research Center of the Slovak Academy of Sciences,https://ror.org/02s3ds748,https://ror.org/01a1nz002,Institute of Experimental Endocrinology of the Slovak Academy of Sciences,Child,Release
37504,https://github.com/ror-community/ror-updates/issues/37504,"Modify the information in an existing ROR record: COMETE - Mobilités : Vieillissement, pathologie, santé - https://ror.org/018z38380","COMETE - Mobilités : Vieillissement, pathologie, santé",https://ror.org/018z38380,https://ror.org/051kpcy16,Université de Caen Normandie,Parent,Production
37504,https://github.com/ror-community/ror-updates/issues/37504,"Modify the information in an existing ROR record: COMETE - Mobilités : Vieillissement, pathologie, santé - https://ror.org/018z38380",Université de Caen Normandie,https://ror.org/051kpcy16,https://ror.org/018z38380,"COMETE - Mobilités : Vieillissement, pathologie, santé",Child,Release
37500,https://github.com/ror-community/ror-updates/issues/37500,Modify the information in an existing ROR record: Laboratoire des Solides Irradiés - https://ror.org/015x8rz21,Laboratoire des Solides Irradiés,https://ror.org/015x8rz21,https://ror.org/042tfbd02,Institut Polytechnique de Paris,Related,Production
37500,https://github.com/ror-community/ror-updates/issues/37500,Modify the information in an existing ROR record: Laboratoire des Solides Irradiés - https://ror.org/015x8rz21,Institut Polytechnique de Paris,https://ror.org/042tfbd02,https://ror.org/015x8rz21,Laboratoire des Solides Irradiés,Related,Release
37499,https://github.com/ror-community/ror-updates/issues/37499,Modify the information in an existing ROR record: Azienda Socio Sanitaria Territoriale degli Spedali Civili di Brescia - https://ror.org/015rhss58,Azienda Socio Sanitaria Territoriale degli Spedali Civili di Brescia,https://ror.org/015rhss58,https://ror.org/02q2d2610,University of Brescia,Related,Production
37499,https://github.com/ror-community/ror-updates/issues/37499,Modify the information in an existing ROR record: Azienda Socio Sanitaria Territoriale degli Spedali Civili di Brescia - https://ror.org/015rhss58,University of Brescia,https://ror.org/02q2d2610,https://ror.org/015rhss58,Azienda Socio Sanitaria Territoriale degli Spedali Civili di Brescia,Related,Release
37497,https://github.com/ror-community/ror-updates/issues/37497,Modify the information in an existing ROR record: NIHR Biomedical Research Centre at The Royal Marsden and the ICR - https://ror.org/014ktry78,NIHR Biomedical Research Centre at The Royal Marsden and the ICR,https://ror.org/014ktry78,https://ror.org/0008wzh48,Royal Marsden NHS Foundation Trust,Related,Production
37497,https://github.com/ror-community/ror-updates/issues/37497,Modify the information in an existing ROR record: NIHR Biomedical Research Centre at The Royal Marsden and the ICR - https://ror.org/014ktry78,Royal Marsden NHS Foundation Trust,https://ror.org/0008wzh48,https://ror.org/014ktry78,NIHR Biomedical Research Centre at The Royal Marsden and the ICR,Related,Release
37495,https://github.com/ror-community/ror-updates/issues/37495,Modify the information in an existing ROR record: Institute of Chemistry of Molecular Recognition - https://ror.org/0141vn777,Institute of Chemistry of Molecular Recognition,https://ror.org/0141vn777,https://ror.org/04r43k021,"Istituto di Scienze e Tecnologie Chimiche ""Giulio Natta""",Successor,Production
37495,https://github.com/ror-community/ror-updates/issues/37495,Modify the information in an existing ROR record: Institute of Chemistry of Molecular Recognition - https://ror.org/0141vn777,"Istituto di Scienze e Tecnologie Chimiche ""Giulio Natta""",https://ror.org/04r43k021,https://ror.org/0141vn777,Institute of Chemistry of Molecular Recognition,Predecessor,Release
37494,https://github.com/ror-community/ror-updates/issues/37494,Modify the information in an existing ROR record: Centre de Mathématiques Appliquées de l'École polytechnique - https://ror.org/012e1xn46,Centre de Mathématiques Appliquées de l'École polytechnique,https://ror.org/012e1xn46,https://ror.org/042tfbd02,Institut Polytechnique de Paris,Related,Production
37494,https://github.com/ror-community/ror-updates/issues/37494,Modify the information in an existing ROR record: Centre de Mathématiques Appliquées de l'École polytechnique - https://ror.org/012e1xn46,Institut Polytechnique de Paris,https://ror.org/042tfbd02,https://ror.org/012e1xn46,Centre de Mathématiques Appliquées de l'École polytechnique,Related,Release
37488,https://github.com/ror-community/ror-updates/issues/37488,Modify the information in an existing ROR record: Centre Hospitalier Universitaire Amiens-Picardie - https://ror.org/010567a58,Centre Hospitalier Universitaire Amiens-Picardie,https://ror.org/010567a58,https://ror.org/01gyxrk03,Université de Picardie Jules Verne,Related,Production
37488,https://github.com/ror-community/ror-updates/issues/37488,Modify the information in an existing ROR record: Centre Hospitalier Universitaire Amiens-Picardie - https://ror.org/010567a58,Université de Picardie Jules Verne,https://ror.org/01gyxrk03,https://ror.org/010567a58,Centre Hospitalier Universitaire Amiens-Picardie,Related,Release
37484,https://github.com/ror-community/ror-updates/issues/37484,Modify the information in an existing ROR record: École Nationale Supérieure de Céramique Industrielle - https://ror.org/00ysecr35,École Nationale Supérieure de Céramique Industrielle,https://ror.org/00ysecr35,https://ror.org/02cp04407,Université de Limoges,Related,Production
37484,https://github.com/ror-community/ror-updates/issues/37484,Modify the information in an existing ROR record: École Nationale Supérieure de Céramique Industrielle - https://ror.org/00ysecr35,Université de Limoges,https://ror.org/02cp04407,https://ror.org/00ysecr35,École Nationale Supérieure de Céramique Industrielle,Related,Release
37483,https://github.com/ror-community/ror-updates/issues/37483,Modify the information in an existing ROR record: Instituto de Fermentaciones Industriales - https://ror.org/00y518s84,Instituto de Fermentaciones Industriales,https://ror.org/00y518s84,https://ror.org/04dgb8y52,Instituto de Investigación en Ciencias de la Alimentación,Successor,Production
37483,https://github.com/ror-community/ror-updates/issues/37483,Modify the information in an existing ROR record: Instituto de Fermentaciones Industriales - https://ror.org/00y518s84,Instituto de Investigación en Ciencias de la Alimentación,https://ror.org/04dgb8y52,https://ror.org/00y518s84,Instituto de Fermentaciones Industriales,Predecessor,Release
37483,https://github.com/ror-community/ror-updates/issues/37483,Modify the information in an existing ROR record: Instituto de Fermentaciones Industriales - https://ror.org/00y518s84,Instituto de Fermentaciones Industriales,https://ror.org/00y518s84,https://ror.org/045yy3r21,Instituto de Ciencia y Tecnología de Alimentos y Nutrición,Successor,Production
37483,https://github.com/ror-community/ror-updates/issues/37483,Modify the information in an existing ROR record: Instituto de Fermentaciones Industriales - https://ror.org/00y518s84,Instituto de Ciencia y Tecnología de Alimentos y Nutrición,https://ror.org/045yy3r21,https://ror.org/00y518s84,Instituto de Fermentaciones Industriales,Predecessor,Release
37538,https://github.com/ror-community/ror-updates/issues/37538,Modify the information in an existing ROR record: Centre Hospitalier Universitaire de Nîmes - https://ror.org/0275ye937,Centre Hospitalier Universitaire de Nîmes,https://ror.org/0275ye937,https://ror.org/051escj72,Université de Montpellier,Related,Production
37538,https://github.com/ror-community/ror-updates/issues/37538,Modify the information in an existing ROR record: Centre Hospitalier Universitaire de Nîmes - https://ror.org/0275ye937,Université de Montpellier,https://ror.org/051escj72,https://ror.org/0275ye937,Centre Hospitalier Universitaire de Nîmes,Related,Release
37532,https://github.com/ror-community/ror-updates/issues/37532,Modify the information in an existing ROR record: NIHR Southampton Respiratory Biomedical Research Unit - https://ror.org/01yg3ff09,NIHR Southampton Respiratory Biomedical Research Unit,https://ror.org/01yg3ff09,https://ror.org/01qqpzg67,NIHR Southampton Biomedical Research Centre,Successor,Production
37532,https://github.com/ror-community/ror-updates/issues/37532,Modify the information in an existing ROR record: NIHR Southampton Respiratory Biomedical Research Unit - https://ror.org/01yg3ff09,NIHR Southampton Biomedical Research Centre,https://ror.org/01qqpzg67,https://ror.org/01yg3ff09,NIHR Southampton Respiratory Biomedical Research Unit,Predecessor,Release
37533,https://github.com/ror-community/ror-updates/issues/37533,Modify the information in an existing ROR record: Institute of Plant Genetics and Biotechnology of the Slovak Academy of Sciences - https://ror.org/01ywyw124,Institute of Plant Genetics and Biotechnology of the Slovak Academy of Sciences,https://ror.org/01ywyw124,https://ror.org/0200wpa28,Plant Science and Biodiversity Centre of the Slovak Academy of Sciences,Parent,Production
37533,https://github.com/ror-community/ror-updates/issues/37533,Modify the information in an existing ROR record: Institute of Plant Genetics and Biotechnology of the Slovak Academy of Sciences - https://ror.org/01ywyw124,Plant Science and Biodiversity Centre of the Slovak Academy of Sciences,https://ror.org/0200wpa28,https://ror.org/01ywyw124,Institute of Plant Genetics and Biotechnology of the Slovak Academy of Sciences,Child,Release
37533,https://github.com/ror-community/ror-updates/issues/37533,Modify the information in an existing ROR record: Institute of Plant Genetics and Biotechnology of the Slovak Academy of Sciences - https://ror.org/01ywyw124,Institute of Plant Genetics and Biotechnology of the Slovak Academy of Sciences,https://ror.org/01ywyw124,https://ror.org/03h7qq074,Slovak Academy of Sciences,Delete,Production
37533,https://github.com/ror-community/ror-updates/issues/37533,Modify the information in an existing ROR record: Institute of Plant Genetics and Biotechnology of the Slovak Academy of Sciences - https://ror.org/01ywyw124,Slovak Academy of Sciences,https://ror.org/03h7qq074,https://ror.org/01ywyw124,Institute of Plant Genetics and Biotechnology of the Slovak Academy of Sciences,Delete,Release
37779,https://github.com/ror-community/ror-updates/issues/37779,Add a new organization to ROR: Xi'an Institute of Space Radio Technology,Xi'an Institute of Space Radio Technology,https://ror.org/05nd9wg41,https://ror.org/025397a59,China Academy of Space Technology,Parent,Production
37779,https://github.com/ror-community/ror-updates/issues/37779,Add a new organization to ROR: Xi'an Institute of Space Radio Technology,China Academy of Space Technology,https://ror.org/025397a59,https://ror.org/05nd9wg41,Xi'an Institute of Space Radio Technology,Child,Release
37780,https://github.com/ror-community/ror-updates/issues/37780,"Add a new organization to ROR: Tianjin Cement Industry Design and Research Institute Co., Ltd.","Tianjin Cement Industry Design and Research Institute Co., Ltd. (China)",https://ror.org/033xaq225,https://ror.org/05ve6g218,China National Building Materials Group (China),Parent,Production
37780,https://github.com/ror-community/ror-updates/issues/37780,"Add a new organization to ROR: Tianjin Cement Industry Design and Research Institute Co., Ltd.",China National Building Materials Group (China),https://ror.org/05ve6g218,https://ror.org/033xaq225,"Tianjin Cement Industry Design and Research Institute Co., Ltd. (China)",Child,Release
37781,https://github.com/ror-community/ror-updates/issues/37781,Add a new organization to ROR: Luoyang Ship Material Research Institute,Luoyang Ship Material Research Institute,https://ror.org/04t14hh93,https://ror.org/0410k9915,China Shipbuilding Industry Corporation (China),Parent,Production
37781,https://github.com/ror-community/ror-updates/issues/37781,Add a new organization to ROR: Luoyang Ship Material Research Institute,China Shipbuilding Industry Corporation (China),https://ror.org/0410k9915,https://ror.org/04t14hh93,Luoyang Ship Material Research Institute,Child,Release
37528,https://github.com/ror-community/ror-updates/issues/37528,Modify the information in an existing ROR record: Centre Hospitalier Universitaire de Limoges - https://ror.org/01tc2d264,Centre Hospitalier Universitaire de Limoges,https://ror.org/01tc2d264,https://ror.org/02cp04407,Université de Limoges,Related,Production
37528,https://github.com/ror-community/ror-updates/issues/37528,Modify the information in an existing ROR record: Centre Hospitalier Universitaire de Limoges - https://ror.org/01tc2d264,Université de Limoges,https://ror.org/02cp04407,https://ror.org/01tc2d264,Centre Hospitalier Universitaire de Limoges,Related,Release
37783,https://github.com/ror-community/ror-updates/issues/37783,"Add a new organization to ROR: China Mobile Group Design Institute Co., Ltd.","China Mobile Group Design Institute Co., Ltd. (China)",https://ror.org/05vp29s52,https://ror.org/05gftfe97,China Mobile (China),Parent,Production
37783,https://github.com/ror-community/ror-updates/issues/37783,"Add a new organization to ROR: China Mobile Group Design Institute Co., Ltd.",China Mobile (China),https://ror.org/05gftfe97,https://ror.org/05vp29s52,"China Mobile Group Design Institute Co., Ltd. (China)",Child,Release
37786,https://github.com/ror-community/ror-updates/issues/37786,Add a new organization to ROR: The 28th Research Institute of China Electronics Technology Group Corporation,The 28th Research Institute of China Electronics Technology Group Corporation,https://ror.org/05355jx47,https://ror.org/0098hst83,China Electronics Technology Group Corporation,Parent,Production
37786,https://github.com/ror-community/ror-updates/issues/37786,Add a new organization to ROR: The 28th Research Institute of China Electronics Technology Group Corporation,China Electronics Technology Group Corporation,https://ror.org/0098hst83,https://ror.org/05355jx47,The 28th Research Institute of China Electronics Technology Group Corporation,Child,Release
37787,https://github.com/ror-community/ror-updates/issues/37787,Add a new organization to ROR: SINOPEC Exploration & Production Research Institute,SINOPEC Exploration & Production Research Institute,https://ror.org/03h1a0a57,https://ror.org/0161q6d74,Sinopec (China),Parent,Production
37787,https://github.com/ror-community/ror-updates/issues/37787,Add a new organization to ROR: SINOPEC Exploration & Production Research Institute,Sinopec (China),https://ror.org/0161q6d74,https://ror.org/03h1a0a57,SINOPEC Exploration & Production Research Institute,Child,Release
37526,https://github.com/ror-community/ror-updates/issues/37526,Modify the information in an existing ROR record: Hospital Universitario La Paz - https://ror.org/01s1q0w69,Hospital Universitario La Paz,https://ror.org/01s1q0w69,https://ror.org/01cby8j38,Universidad Autónoma de Madrid,Related,Production
37526,https://github.com/ror-community/ror-updates/issues/37526,Modify the information in an existing ROR record: Hospital Universitario La Paz - https://ror.org/01s1q0w69,Universidad Autónoma de Madrid,https://ror.org/01cby8j38,https://ror.org/01s1q0w69,Hospital Universitario La Paz,Related,Release
37523,https://github.com/ror-community/ror-updates/issues/37523,Modify the information in an existing ROR record: AHEPA University Hospital - https://ror.org/01q1jaw52,AHEPA University Hospital,https://ror.org/01q1jaw52,https://ror.org/02j61yw88,Aristotle University of Thessaloniki,Related,Production
37523,https://github.com/ror-community/ror-updates/issues/37523,Modify the information in an existing ROR record: AHEPA University Hospital - https://ror.org/01q1jaw52,Aristotle University of Thessaloniki,https://ror.org/02j61yw88,https://ror.org/01q1jaw52,AHEPA University Hospital,Related,Release
37520,https://github.com/ror-community/ror-updates/issues/37520,Modify the information in an existing ROR record: University Hospital Olomouc - https://ror.org/01jxtne23,University Hospital Olomouc,https://ror.org/01jxtne23,https://ror.org/04qxnmv42,Palacký University Olomouc,Related,Production
37520,https://github.com/ror-community/ror-updates/issues/37520,Modify the information in an existing ROR record: University Hospital Olomouc - https://ror.org/01jxtne23,Palacký University Olomouc,https://ror.org/04qxnmv42,https://ror.org/01jxtne23,University Hospital Olomouc,Related,Release
37518,https://github.com/ror-community/ror-updates/issues/37518,Modify the information in an existing ROR record: Centre Hospitalier Universitaire de Bordeaux - https://ror.org/01hq89f96,Centre Hospitalier Universitaire de Bordeaux,https://ror.org/01hq89f96,https://ror.org/057qpr032,Université de Bordeaux,Related,Production
37518,https://github.com/ror-community/ror-updates/issues/37518,Modify the information in an existing ROR record: Centre Hospitalier Universitaire de Bordeaux - https://ror.org/01hq89f96,Université de Bordeaux,https://ror.org/057qpr032,https://ror.org/01hq89f96,Centre Hospitalier Universitaire de Bordeaux,Related,Release
37515,https://github.com/ror-community/ror-updates/issues/37515,"Modify the information in an existing ROR record: NIHR Leicester-Loughborough Diet, Lifestyle and Physical Activity Biomedical Research Unit - https://ror.org/01fphh031","NIHR Leicester-Loughborough Diet, Lifestyle and Physical Activity Biomedical Research Unit",https://ror.org/01fphh031,https://ror.org/05xqxa525,NIHR Leicester Biomedical Research Centre,Successor,Production
37515,https://github.com/ror-community/ror-updates/issues/37515,"Modify the information in an existing ROR record: NIHR Leicester-Loughborough Diet, Lifestyle and Physical Activity Biomedical Research Unit - https://ror.org/01fphh031",NIHR Leicester Biomedical Research Centre,https://ror.org/05xqxa525,https://ror.org/01fphh031,"NIHR Leicester-Loughborough Diet, Lifestyle and Physical Activity Biomedical Research Unit",Predecessor,Release
37536,https://github.com/ror-community/ror-updates/issues/37536,Modify the information in an existing ROR record: HUN-REN Veterinary Medical Research Institute - https://ror.org/025m2a107,HUN-REN Veterinary Medical Research Institute,https://ror.org/025m2a107,https://ror.org/04w6pnc49,Hungarian Research Network,Parent,Production
37536,https://github.com/ror-community/ror-updates/issues/37536,Modify the information in an existing ROR record: HUN-REN Veterinary Medical Research Institute - https://ror.org/025m2a107,Hungarian Research Network,https://ror.org/04w6pnc49,https://ror.org/025m2a107,HUN-REN Veterinary Medical Research Institute,Child,Release
39487,https://github.com/ror-community/ror-updates/issues/39487,Modify the information in an existing ROR record: Istituto Clinico Sant'Ambrogio - https://ror.org/00r7hs904,Istituto Clinico Sant'Ambrogio,https://ror.org/00r7hs904,https://ror.org/01vyrje42,Istituto Ortopedico Galeazzi,Successor,Production
39487,https://github.com/ror-community/ror-updates/issues/39487,Modify the information in an existing ROR record: Istituto Clinico Sant'Ambrogio - https://ror.org/00r7hs904,Istituto Ortopedico Galeazzi,https://ror.org/01vyrje42,https://ror.org/00r7hs904,Istituto Clinico Sant'Ambrogio,Predecessor,Release
38055,https://github.com/ror-community/ror-updates/issues/38055,"Add a new organization to ROR: 
 
Mid-Atlantic Regional Association Coastal Ocean Observing System (MARACOOS) ",Mid-Atlantic Regional Association Coastal Ocean Observing System,https://ror.org/00qs4ap39,https://ror.org/01yvark48,NOAA Integrated Ocean Observing System,Related,Production
38055,https://github.com/ror-community/ror-updates/issues/38055,"Add a new organization to ROR: 
 
Mid-Atlantic Regional Association Coastal Ocean Observing System (MARACOOS) ",NOAA Integrated Ocean Observing System,https://ror.org/01yvark48,https://ror.org/00qs4ap39,Mid-Atlantic Regional Association Coastal Ocean Observing System,Related,Release
38055,https://github.com/ror-community/ror-updates/issues/38055,"Add a new organization to ROR: 
 
Mid-Atlantic Regional Association Coastal Ocean Observing System (MARACOOS) ",Mid-Atlantic Regional Association Coastal Ocean Observing System,https://ror.org/00qs4ap39,https://ror.org/01sbq1a82,University of Delaware,Related,Production
38055,https://github.com/ror-community/ror-updates/issues/38055,"Add a new organization to ROR: 
 
Mid-Atlantic Regional Association Coastal Ocean Observing System (MARACOOS) ",University of Delaware,https://ror.org/01sbq1a82,https://ror.org/00qs4ap39,Mid-Atlantic Regional Association Coastal Ocean Observing System,Related,Release
38055,https://github.com/ror-community/ror-updates/issues/38055,"Add a new organization to ROR: 
 
Mid-Atlantic Regional Association Coastal Ocean Observing System (MARACOOS) ",Mid-Atlantic Regional Association Coastal Ocean Observing System,https://ror.org/00qs4ap39,https://ror.org/03fk8t087,Tetra Tech (United States),Related,Production
38055,https://github.com/ror-community/ror-updates/issues/38055,"Add a new organization to ROR: 
 
Mid-Atlantic Regional Association Coastal Ocean Observing System (MARACOOS) ",Tetra Tech (United States),https://ror.org/03fk8t087,https://ror.org/00qs4ap39,Mid-Atlantic Regional Association Coastal Ocean Observing System,Related,Release
38055,https://github.com/ror-community/ror-updates/issues/38055,"Add a new organization to ROR: 
 
Mid-Atlantic Regional Association Coastal Ocean Observing System (MARACOOS) ",Mid-Atlantic Regional Association Coastal Ocean Observing System,https://ror.org/00qs4ap39,https://ror.org/05vt9qd57,"Rutgers, The State University of New Jersey",Related,Production
38055,https://github.com/ror-community/ror-updates/issues/38055,"Add a new organization to ROR: 
 
Mid-Atlantic Regional Association Coastal Ocean Observing System (MARACOOS) ","Rutgers, The State University of New Jersey",https://ror.org/05vt9qd57,https://ror.org/00qs4ap39,Mid-Atlantic Regional Association Coastal Ocean Observing System,Related,Release
38055,https://github.com/ror-community/ror-updates/issues/38055,"Add a new organization to ROR: 
 
Mid-Atlantic Regional Association Coastal Ocean Observing System (MARACOOS) ",Mid-Atlantic Regional Association Coastal Ocean Observing System,https://ror.org/00qs4ap39,https://ror.org/04eeqc889,Virginia Institute of Marine Science,Related,Production
38055,https://github.com/ror-community/ror-updates/issues/38055,"Add a new organization to ROR: 
 
Mid-Atlantic Regional Association Coastal Ocean Observing System (MARACOOS) ",Virginia Institute of Marine Science,https://ror.org/04eeqc889,https://ror.org/00qs4ap39,Mid-Atlantic Regional Association Coastal Ocean Observing System,Related,Release
38055,https://github.com/ror-community/ror-updates/issues/38055,"Add a new organization to ROR: 
 
Mid-Atlantic Regional Association Coastal Ocean Observing System (MARACOOS) ",Mid-Atlantic Regional Association Coastal Ocean Observing System,https://ror.org/00qs4ap39,https://ror.org/05qghxh33,Stony Brook University,Related,Production
38055,https://github.com/ror-community/ror-updates/issues/38055,"Add a new organization to ROR: 
 
Mid-Atlantic Regional Association Coastal Ocean Observing System (MARACOOS) ",Stony Brook University,https://ror.org/05qghxh33,https://ror.org/00qs4ap39,Mid-Atlantic Regional Association Coastal Ocean Observing System,Related,Release
38055,https://github.com/ror-community/ror-updates/issues/38055,"Add a new organization to ROR: 
 
Mid-Atlantic Regional Association Coastal Ocean Observing System (MARACOOS) ",Mid-Atlantic Regional Association Coastal Ocean Observing System,https://ror.org/00qs4ap39,https://ror.org/04dqdxm60,University of Maryland Center for Environmental Science,Related,Production
38055,https://github.com/ror-community/ror-updates/issues/38055,"Add a new organization to ROR: 
 
Mid-Atlantic Regional Association Coastal Ocean Observing System (MARACOOS) ",University of Maryland Center for Environmental Science,https://ror.org/04dqdxm60,https://ror.org/00qs4ap39,Mid-Atlantic Regional Association Coastal Ocean Observing System,Related,Release
38055,https://github.com/ror-community/ror-updates/issues/38055,"Add a new organization to ROR: 
 
Mid-Atlantic Regional Association Coastal Ocean Observing System (MARACOOS) ",Mid-Atlantic Regional Association Coastal Ocean Observing System,https://ror.org/00qs4ap39,https://ror.org/05ackpy69,Northeastern Regional Association of Coastal and Ocean Observing Systems (United States),Related,Production
38055,https://github.com/ror-community/ror-updates/issues/38055,"Add a new organization to ROR: 
 
Mid-Atlantic Regional Association Coastal Ocean Observing System (MARACOOS) ",Northeastern Regional Association of Coastal and Ocean Observing Systems (United States),https://ror.org/05ackpy69,https://ror.org/00qs4ap39,Mid-Atlantic Regional Association Coastal Ocean Observing System,Related,Release
37529,https://github.com/ror-community/ror-updates/issues/37529,Modify the information in an existing ROR record: Istituto Ortopedico Galeazzi - https://ror.org/01vyrje42,Istituto Ortopedico Galeazzi,https://ror.org/01vyrje42,https://ror.org/00r7hs904,Istituto Clinico Sant'Ambrogio,Predecessor,Production
37529,https://github.com/ror-community/ror-updates/issues/37529,Modify the information in an existing ROR record: Istituto Ortopedico Galeazzi - https://ror.org/01vyrje42,Istituto Clinico Sant'Ambrogio,https://ror.org/00r7hs904,https://ror.org/01vyrje42,Istituto Ortopedico Galeazzi,Successor,Release
38077,https://github.com/ror-community/ror-updates/issues/38077,Add a new organization to ROR: Scientific Technological Center of Organic and Pharmaceutical Chemistry (Armenia),Scientific Technological Center of Organic and Pharmaceutical Chemistry,https://ror.org/01mepsb32,https://ror.org/04mczx267,National Academy of Sciences of Armenia,Parent,Production
38077,https://github.com/ror-community/ror-updates/issues/38077,Add a new organization to ROR: Scientific Technological Center of Organic and Pharmaceutical Chemistry (Armenia),National Academy of Sciences of Armenia,https://ror.org/04mczx267,https://ror.org/01mepsb32,Scientific Technological Center of Organic and Pharmaceutical Chemistry,Child,Release
38077,https://github.com/ror-community/ror-updates/issues/38077,Add a new organization to ROR: Scientific Technological Center of Organic and Pharmaceutical Chemistry (Armenia),Scientific Technological Center of Organic and Pharmaceutical Chemistry,https://ror.org/01mepsb32,https://ror.org/00588h422,Institute of Fine Organic Chemistry of Scientific - Technological Center of Organic and Pharmaceutical Chemistry,Child,Production
38077,https://github.com/ror-community/ror-updates/issues/38077,Add a new organization to ROR: Scientific Technological Center of Organic and Pharmaceutical Chemistry (Armenia),Institute of Fine Organic Chemistry of Scientific - Technological Center of Organic and Pharmaceutical Chemistry,https://ror.org/00588h422,https://ror.org/01mepsb32,Scientific Technological Center of Organic and Pharmaceutical Chemistry,Parent,Release
38113,https://github.com/ror-community/ror-updates/issues/38113,Add a new organization to ROR: Chimpanzee and Monkey Protection for Intact Cultures *en,Chimpanzee and Monkey Protection for Intact Cultures,https://ror.org/00xv9ch22,https://ror.org/02feahw73,Centre National de la Recherche Scientifique,Parent,Production
38113,https://github.com/ror-community/ror-updates/issues/38113,Add a new organization to ROR: Chimpanzee and Monkey Protection for Intact Cultures *en,Centre National de la Recherche Scientifique,https://ror.org/02feahw73,https://ror.org/00xv9ch22,Chimpanzee and Monkey Protection for Intact Cultures,Child,Release
38113,https://github.com/ror-community/ror-updates/issues/38113,Add a new organization to ROR: Chimpanzee and Monkey Protection for Intact Cultures *en,Chimpanzee and Monkey Protection for Intact Cultures,https://ror.org/00xv9ch22,https://ror.org/03sttqc46,Swiss Centre for Scientific Research,Parent,Production
38113,https://github.com/ror-community/ror-updates/issues/38113,Add a new organization to ROR: Chimpanzee and Monkey Protection for Intact Cultures *en,Swiss Centre for Scientific Research,https://ror.org/03sttqc46,https://ror.org/00xv9ch22,Chimpanzee and Monkey Protection for Intact Cultures,Child,Release
38357,https://github.com/ror-community/ror-updates/issues/38357,"Add a new organization to ROR: Indian Centre for Space Physics, Malda","Indian Centre for Space Physics, Malda",https://ror.org/005jvjd77,https://ror.org/05v9n8905,Indian Centre for Space Physics,Parent,Production
38357,https://github.com/ror-community/ror-updates/issues/38357,"Add a new organization to ROR: Indian Centre for Space Physics, Malda",Indian Centre for Space Physics,https://ror.org/05v9n8905,https://ror.org/005jvjd77,"Indian Centre for Space Physics, Malda",Child,Release
38250,https://github.com/ror-community/ror-updates/issues/38250,Add a new organization to ROR: Central Drugs Laboratory,Central Drugs Laboratory,https://ror.org/05ra0yn09,https://ror.org/04pqetg36,Ministry of Health and Family Welfare,Parent,Production
38250,https://github.com/ror-community/ror-updates/issues/38250,Add a new organization to ROR: Central Drugs Laboratory,Ministry of Health and Family Welfare,https://ror.org/04pqetg36,https://ror.org/05ra0yn09,Central Drugs Laboratory,Child,Release
38245,https://github.com/ror-community/ror-updates/issues/38245,"Add a new organization to ROR: Indian Statistical Institute, Bangalore Centre","Indian Statistical Institute, Bangalore Centre",https://ror.org/02yqprq16,https://ror.org/00q2w1j53,Indian Statistical Institute,Parent,Production
38245,https://github.com/ror-community/ror-updates/issues/38245,"Add a new organization to ROR: Indian Statistical Institute, Bangalore Centre",Indian Statistical Institute,https://ror.org/00q2w1j53,https://ror.org/02yqprq16,"Indian Statistical Institute, Bangalore Centre",Child,Release
38222,https://github.com/ror-community/ror-updates/issues/38222,"Add a new organization to ROR: Indian Statistical Institute, Delhi Centre","Indian Statistical Institute, Delhi Centre",https://ror.org/01hntha05,https://ror.org/00q2w1j53,Indian Statistical Institute,Parent,Production
38222,https://github.com/ror-community/ror-updates/issues/38222,"Add a new organization to ROR: Indian Statistical Institute, Delhi Centre",Indian Statistical Institute,https://ror.org/00q2w1j53,https://ror.org/01hntha05,"Indian Statistical Institute, Delhi Centre",Child,Release
38204,https://github.com/ror-community/ror-updates/issues/38204,"Add a new organization to ROR: NJTU Membrane Application Institute Co., Ltd *en","NJTU Membrane Application Institute Co., Ltd (China)",https://ror.org/05bwmbm93,https://ror.org/03sd35x91,Nanjing Tech University,Parent,Production
38204,https://github.com/ror-community/ror-updates/issues/38204,"Add a new organization to ROR: NJTU Membrane Application Institute Co., Ltd *en",Nanjing Tech University,https://ror.org/03sd35x91,https://ror.org/05bwmbm93,"NJTU Membrane Application Institute Co., Ltd (China)",Child,Release
38140,https://github.com/ror-community/ror-updates/issues/38140,Add a new organization to ROR: Biofonderie de l'Alliance Sorbonne Université *fr,Biofonderie de l'Alliance Sorbonne Université,https://ror.org/00nk47r33,https://ror.org/02feahw73,Centre National de la Recherche Scientifique,Parent,Production
38140,https://github.com/ror-community/ror-updates/issues/38140,Add a new organization to ROR: Biofonderie de l'Alliance Sorbonne Université *fr,Centre National de la Recherche Scientifique,https://ror.org/02feahw73,https://ror.org/00nk47r33,Biofonderie de l'Alliance Sorbonne Université,Child,Release
38140,https://github.com/ror-community/ror-updates/issues/38140,Add a new organization to ROR: Biofonderie de l'Alliance Sorbonne Université *fr,Biofonderie de l'Alliance Sorbonne Université,https://ror.org/00nk47r33,https://ror.org/02vjkv261,Inserm,Parent,Production
38140,https://github.com/ror-community/ror-updates/issues/38140,Add a new organization to ROR: Biofonderie de l'Alliance Sorbonne Université *fr,Inserm,https://ror.org/02vjkv261,https://ror.org/00nk47r33,Biofonderie de l'Alliance Sorbonne Université,Child,Release
38140,https://github.com/ror-community/ror-updates/issues/38140,Add a new organization to ROR: Biofonderie de l'Alliance Sorbonne Université *fr,Biofonderie de l'Alliance Sorbonne Université,https://ror.org/00nk47r33,https://ror.org/02en5vm52,Sorbonne Université,Parent,Production
38140,https://github.com/ror-community/ror-updates/issues/38140,Add a new organization to ROR: Biofonderie de l'Alliance Sorbonne Université *fr,Sorbonne Université,https://ror.org/02en5vm52,https://ror.org/00nk47r33,Biofonderie de l'Alliance Sorbonne Université,Child,Release
38140,https://github.com/ror-community/ror-updates/issues/38140,Add a new organization to ROR: Biofonderie de l'Alliance Sorbonne Université *fr,Biofonderie de l'Alliance Sorbonne Université,https://ror.org/00nk47r33,https://ror.org/04y5kwa70,Université de Technologie de Compiègne,Parent,Production
38140,https://github.com/ror-community/ror-updates/issues/38140,Add a new organization to ROR: Biofonderie de l'Alliance Sorbonne Université *fr,Université de Technologie de Compiègne,https://ror.org/04y5kwa70,https://ror.org/00nk47r33,Biofonderie de l'Alliance Sorbonne Université,Child,Release
39455,https://github.com/ror-community/ror-updates/issues/39455,"Add a new organization to ROR: 
 
SAE University College",SAE University College,https://ror.org/02jagjt02,https://ror.org/01xw0xt75,Akademi Komunikasi SAE Indonesia,Related,Production
39455,https://github.com/ror-community/ror-updates/issues/39455,"Add a new organization to ROR: 
 
SAE University College",Akademi Komunikasi SAE Indonesia,https://ror.org/01xw0xt75,https://ror.org/02jagjt02,SAE University College,Related,Release
38163,https://github.com/ror-community/ror-updates/issues/38163,Add a new organization to ROR: Afrique au Sud du Sahara *fr,IFRA Nairobi / Institut français de recherche en Afrique,https://ror.org/004ddpj45,https://ror.org/02feahw73,Centre National de la Recherche Scientifique,Parent,Production
38163,https://github.com/ror-community/ror-updates/issues/38163,Add a new organization to ROR: Afrique au Sud du Sahara *fr,Centre National de la Recherche Scientifique,https://ror.org/02feahw73,https://ror.org/004ddpj45,IFRA Nairobi / Institut français de recherche en Afrique,Child,Release
38163,https://github.com/ror-community/ror-updates/issues/38163,Add a new organization to ROR: Afrique au Sud du Sahara *fr,IFRA Nairobi / Institut français de recherche en Afrique,https://ror.org/004ddpj45,https://ror.org/00dfd1509,Ministère de l'Europe et des Affaires étrangères,Parent,Production
38163,https://github.com/ror-community/ror-updates/issues/38163,Add a new organization to ROR: Afrique au Sud du Sahara *fr,Ministère de l'Europe et des Affaires étrangères,https://ror.org/00dfd1509,https://ror.org/004ddpj45,IFRA Nairobi / Institut français de recherche en Afrique,Child,Release
38163,https://github.com/ror-community/ror-updates/issues/38163,Add a new organization to ROR: Afrique au Sud du Sahara *fr,IFRA Nairobi / Institut français de recherche en Afrique,https://ror.org/004ddpj45,https://ror.org/04e3cb039,French Institute for Research in Africa,Child,Production
38163,https://github.com/ror-community/ror-updates/issues/38163,Add a new organization to ROR: Afrique au Sud du Sahara *fr,French Institute for Research in Africa,https://ror.org/04e3cb039,https://ror.org/004ddpj45,IFRA Nairobi / Institut français de recherche en Afrique,Parent,Release
38170,https://github.com/ror-community/ror-updates/issues/38170,Add a new organization to ROR: Unité mixte de service pour la plateforme technologique de l'IPGG *fr,Unité mixte de service pour la plateforme technologique de l'IPGG,https://ror.org/0054cp533,https://ror.org/00q8h6763,Institut Pierre-Gilles de Gennes pour la Microfluidique,Parent,Production
38170,https://github.com/ror-community/ror-updates/issues/38170,Add a new organization to ROR: Unité mixte de service pour la plateforme technologique de l'IPGG *fr,Institut Pierre-Gilles de Gennes pour la Microfluidique,https://ror.org/00q8h6763,https://ror.org/0054cp533,Unité mixte de service pour la plateforme technologique de l'IPGG,Child,Release
38171,https://github.com/ror-community/ror-updates/issues/38171,Add a new organization to ROR: Typage et Archivage d'Animaux Modèles *fr,Typage et Archivage d'Animaux Modèles,https://ror.org/004k8mp98,https://ror.org/02feahw73,Centre National de la Recherche Scientifique,Parent,Production
38171,https://github.com/ror-community/ror-updates/issues/38171,Add a new organization to ROR: Typage et Archivage d'Animaux Modèles *fr,Centre National de la Recherche Scientifique,https://ror.org/02feahw73,https://ror.org/004k8mp98,Typage et Archivage d'Animaux Modèles,Child,Release
38197,https://github.com/ror-community/ror-updates/issues/38197,"Add a new organization to ROR: 
 
Centro de Micro-Análisis de Materiales",Centro de Micro-Análisis de Materiales,https://ror.org/03egs4e35,https://ror.org/01cby8j38,Universidad Autónoma de Madrid,Parent,Production
38197,https://github.com/ror-community/ror-updates/issues/38197,"Add a new organization to ROR: 
 
Centro de Micro-Análisis de Materiales",Universidad Autónoma de Madrid,https://ror.org/01cby8j38,https://ror.org/03egs4e35,Centro de Micro-Análisis de Materiales,Child,Release
38597,https://github.com/ror-community/ror-updates/issues/38597,"Add a new organization to ROR: 
 
Doti Multiple Campus, Silgadhi, Doti",Doti Multiple Campus,https://ror.org/016s49d86,https://ror.org/02rg1r889,Tribhuvan University,Parent,Production
38597,https://github.com/ror-community/ror-updates/issues/38597,"Add a new organization to ROR: 
 
Doti Multiple Campus, Silgadhi, Doti",Tribhuvan University,https://ror.org/02rg1r889,https://ror.org/016s49d86,Doti Multiple Campus,Child,Release
38611,https://github.com/ror-community/ror-updates/issues/38611,"Add a new organization to ROR: 
 
KnetMiner Ltd",KnetMiner Ltd (United Kingdom),https://ror.org/01be03665,https://ror.org/0347fy350,Rothamsted Research,Parent,Production
38611,https://github.com/ror-community/ror-updates/issues/38611,"Add a new organization to ROR: 
 
KnetMiner Ltd",Rothamsted Research,https://ror.org/0347fy350,https://ror.org/01be03665,KnetMiner Ltd (United Kingdom),Child,Release
39440,https://github.com/ror-community/ror-updates/issues/39440,"Add a new organization to ROR: 
 
Swiss Centre for Applied Ecotoxicology",Swiss Centre for Applied Ecotoxicology,https://ror.org/04pfa1v97,https://ror.org/00pc48d59,Swiss Federal Institute of Aquatic Science and Technology,Parent,Production
39440,https://github.com/ror-community/ror-updates/issues/39440,"Add a new organization to ROR: 
 
Swiss Centre for Applied Ecotoxicology",Swiss Federal Institute of Aquatic Science and Technology,https://ror.org/00pc48d59,https://ror.org/04pfa1v97,Swiss Centre for Applied Ecotoxicology,Child,Release
39440,https://github.com/ror-community/ror-updates/issues/39440,"Add a new organization to ROR: 
 
Swiss Centre for Applied Ecotoxicology",Swiss Centre for Applied Ecotoxicology,https://ror.org/04pfa1v97,https://ror.org/02s376052,École Polytechnique Fédérale de Lausanne,Parent,Production
39440,https://github.com/ror-community/ror-updates/issues/39440,"Add a new organization to ROR: 
 
Swiss Centre for Applied Ecotoxicology",École Polytechnique Fédérale de Lausanne,https://ror.org/02s376052,https://ror.org/04pfa1v97,Swiss Centre for Applied Ecotoxicology,Child,Release
39264,https://github.com/ror-community/ror-updates/issues/39264,"Add a new organization to ROR: 
 
St. Mark's College",St. Mark's College,https://ror.org/00c6e8371,https://ror.org/03rmrcq20,University of British Columbia,Parent,Production
39264,https://github.com/ror-community/ror-updates/issues/39264,"Add a new organization to ROR: 
 
St. Mark's College",University of British Columbia,https://ror.org/03rmrcq20,https://ror.org/00c6e8371,St. Mark's College,Child,Release
37643,https://github.com/ror-community/ror-updates/issues/37643,Modify the information in an existing ROR record: Lovisenberg Diakonale Sykehus - https://ror.org/03ym7ve89,Lovisenberg Diakonale Sykehus,https://ror.org/03ym7ve89,https://ror.org/01xtthb56,University of Oslo,Related,Production
37643,https://github.com/ror-community/ror-updates/issues/37643,Modify the information in an existing ROR record: Lovisenberg Diakonale Sykehus - https://ror.org/03ym7ve89,University of Oslo,https://ror.org/01xtthb56,https://ror.org/03ym7ve89,Lovisenberg Diakonale Sykehus,Related,Release
37644,https://github.com/ror-community/ror-updates/issues/37644,Modify the information in an existing ROR record: Institute of Information Technologies - https://ror.org/03ypsgm65,Institute of Information Technologies,https://ror.org/03ypsgm65,https://ror.org/05fpsjc82,Institute of Information and Communication Technologies,Successor,Production
37644,https://github.com/ror-community/ror-updates/issues/37644,Modify the information in an existing ROR record: Institute of Information Technologies - https://ror.org/03ypsgm65,Institute of Information and Communication Technologies,https://ror.org/05fpsjc82,https://ror.org/03ypsgm65,Institute of Information Technologies,Predecessor,Release
37646,https://github.com/ror-community/ror-updates/issues/37646,Modify the information in an existing ROR record: Policlinico Tor Vergata - https://ror.org/03z475876,Policlinico Tor Vergata,https://ror.org/03z475876,https://ror.org/02p77k626,University of Rome Tor Vergata,Related,Production
37646,https://github.com/ror-community/ror-updates/issues/37646,Modify the information in an existing ROR record: Policlinico Tor Vergata - https://ror.org/03z475876,University of Rome Tor Vergata,https://ror.org/02p77k626,https://ror.org/03z475876,Policlinico Tor Vergata,Related,Release
37657,https://github.com/ror-community/ror-updates/issues/37657,Modify the information in an existing ROR record: Bezmialem Foundation University Medical Faculty Hospital - https://ror.org/049aadf12,Bezmialem Foundation University Medical Faculty Hospital,https://ror.org/049aadf12,https://ror.org/04z60tq39,Bezmiâlem Vakıf Üniversitesi,Parent,Production
37657,https://github.com/ror-community/ror-updates/issues/37657,Modify the information in an existing ROR record: Bezmialem Foundation University Medical Faculty Hospital - https://ror.org/049aadf12,Bezmiâlem Vakıf Üniversitesi,https://ror.org/04z60tq39,https://ror.org/049aadf12,Bezmialem Foundation University Medical Faculty Hospital,Child,Release
37658,https://github.com/ror-community/ror-updates/issues/37658,Modify the information in an existing ROR record: Laboratoire d'Informatique de l'École Polytechnique - https://ror.org/04afed728,Laboratoire d'Informatique de l'École Polytechnique,https://ror.org/04afed728,https://ror.org/042tfbd02,Institut Polytechnique de Paris,Related,Production
37658,https://github.com/ror-community/ror-updates/issues/37658,Modify the information in an existing ROR record: Laboratoire d'Informatique de l'École Polytechnique - https://ror.org/04afed728,Institut Polytechnique de Paris,https://ror.org/042tfbd02,https://ror.org/04afed728,Laboratoire d'Informatique de l'École Polytechnique,Related,Release
37660,https://github.com/ror-community/ror-updates/issues/37660,Modify the information in an existing ROR record: Azienda Ospedale - Università Padova - https://ror.org/04bhk6583,Azienda Ospedale - Università Padova,https://ror.org/04bhk6583,https://ror.org/00240q980,University of Padua,Related,Production
37660,https://github.com/ror-community/ror-updates/issues/37660,Modify the information in an existing ROR record: Azienda Ospedale - Università Padova - https://ror.org/04bhk6583,University of Padua,https://ror.org/00240q980,https://ror.org/04bhk6583,Azienda Ospedale - Università Padova,Related,Release
37665,https://github.com/ror-community/ror-updates/issues/37665,Modify the information in an existing ROR record: Ospedale Policlinico San Martino - https://ror.org/04d7es448,Ospedale Policlinico San Martino,https://ror.org/04d7es448,https://ror.org/0107c5v14,University of Genoa,Related,Production
37665,https://github.com/ror-community/ror-updates/issues/37665,Modify the information in an existing ROR record: Ospedale Policlinico San Martino - https://ror.org/04d7es448,University of Genoa,https://ror.org/0107c5v14,https://ror.org/04d7es448,Ospedale Policlinico San Martino,Related,Release
37666,https://github.com/ror-community/ror-updates/issues/37666,Modify the information in an existing ROR record: Centro Hospitalar do Porto - https://ror.org/04dwpyh46,Centro Hospitalar do Porto,https://ror.org/04dwpyh46,https://ror.org/056gkfq80,Unidade Local de Saúde de Santo António EPE,Successor,Production
37666,https://github.com/ror-community/ror-updates/issues/37666,Modify the information in an existing ROR record: Centro Hospitalar do Porto - https://ror.org/04dwpyh46,Unidade Local de Saúde de Santo António EPE,https://ror.org/056gkfq80,https://ror.org/04dwpyh46,Centro Hospitalar do Porto,Predecessor,Release
37667,https://github.com/ror-community/ror-updates/issues/37667,Modify the information in an existing ROR record: Centre Inria de l'Université de Lille - https://ror.org/04eej9726,Centre Inria de l'Université de Lille,https://ror.org/04eej9726,https://ror.org/02kzqn938,Université de Lille,Related,Production
37667,https://github.com/ror-community/ror-updates/issues/37667,Modify the information in an existing ROR record: Centre Inria de l'Université de Lille - https://ror.org/04eej9726,Université de Lille,https://ror.org/02kzqn938,https://ror.org/04eej9726,Centre Inria de l'Université de Lille,Related,Release
37669,https://github.com/ror-community/ror-updates/issues/37669,Modify the information in an existing ROR record: MRC Institute of Hearing Research - https://ror.org/04gycm791,MRC Institute of Hearing Research,https://ror.org/04gycm791,https://ror.org/01ee9ar58,University of Nottingham,Successor,Production
37669,https://github.com/ror-community/ror-updates/issues/37669,Modify the information in an existing ROR record: MRC Institute of Hearing Research - https://ror.org/04gycm791,University of Nottingham,https://ror.org/01ee9ar58,https://ror.org/04gycm791,MRC Institute of Hearing Research,Predecessor,Release
37603,https://github.com/ror-community/ror-updates/issues/37603,Modify the information in an existing ROR record: Centre Hospitalier Régional Universitaire de Brest - https://ror.org/03evbwn87,Centre Hospitalier Régional Universitaire de Brest,https://ror.org/03evbwn87,https://ror.org/0372th171,Université de Bretagne Occidentale,Related,Production
37603,https://github.com/ror-community/ror-updates/issues/37603,Modify the information in an existing ROR record: Centre Hospitalier Régional Universitaire de Brest - https://ror.org/03evbwn87,Université de Bretagne Occidentale,https://ror.org/0372th171,https://ror.org/03evbwn87,Centre Hospitalier Régional Universitaire de Brest,Related,Release
37604,https://github.com/ror-community/ror-updates/issues/37604,Modify the information in an existing ROR record: NIHR Nottingham Hearing Biomedical Research Unit - https://ror.org/03f5eqm42,NIHR Nottingham Hearing Biomedical Research Unit,https://ror.org/03f5eqm42,https://ror.org/046cr9566,Nottingham Biomedical Research Centre,Successor,Production
37604,https://github.com/ror-community/ror-updates/issues/37604,Modify the information in an existing ROR record: NIHR Nottingham Hearing Biomedical Research Unit - https://ror.org/03f5eqm42,Nottingham Biomedical Research Centre,https://ror.org/046cr9566,https://ror.org/03f5eqm42,NIHR Nottingham Hearing Biomedical Research Unit,Predecessor,Release
37605,https://github.com/ror-community/ror-updates/issues/37605,Modify the information in an existing ROR record: Centre Inria de l'Université de Lorraine - https://ror.org/03fcjvn64,Centre Inria de l'Université de Lorraine,https://ror.org/03fcjvn64,https://ror.org/04vfs2w97,Université de Lorraine,Related,Production
37605,https://github.com/ror-community/ror-updates/issues/37605,Modify the information in an existing ROR record: Centre Inria de l'Université de Lorraine - https://ror.org/03fcjvn64,Université de Lorraine,https://ror.org/04vfs2w97,https://ror.org/03fcjvn64,Centre Inria de l'Université de Lorraine,Related,Release
37606,https://github.com/ror-community/ror-updates/issues/37606,Modify the information in an existing ROR record: University General Hospital Attikon - https://ror.org/03gb7n667,University General Hospital Attikon,https://ror.org/03gb7n667,https://ror.org/04gnjpq42,National and Kapodistrian University of Athens,Related,Production
37606,https://github.com/ror-community/ror-updates/issues/37606,Modify the information in an existing ROR record: University General Hospital Attikon - https://ror.org/03gb7n667,National and Kapodistrian University of Athens,https://ror.org/04gnjpq42,https://ror.org/03gb7n667,University General Hospital Attikon,Related,Release
37607,https://github.com/ror-community/ror-updates/issues/37607,Modify the information in an existing ROR record: NIHR Bristol Cardiovascular Biomedical Research Unit - https://ror.org/03gna4510,NIHR Bristol Cardiovascular Biomedical Research Unit,https://ror.org/03gna4510,https://ror.org/02mtt1z51,NIHR Bristol Biomedical Research Centre,Successor,Production
37607,https://github.com/ror-community/ror-updates/issues/37607,Modify the information in an existing ROR record: NIHR Bristol Cardiovascular Biomedical Research Unit - https://ror.org/03gna4510,NIHR Bristol Biomedical Research Centre,https://ror.org/02mtt1z51,https://ror.org/03gna4510,NIHR Bristol Cardiovascular Biomedical Research Unit,Predecessor,Release
37607,https://github.com/ror-community/ror-updates/issues/37607,Modify the information in an existing ROR record: NIHR Bristol Cardiovascular Biomedical Research Unit - https://ror.org/03gna4510,NIHR Bristol Cardiovascular Biomedical Research Unit,https://ror.org/03gna4510,https://ror.org/04nm1cv11,University Hospitals Bristol NHS Foundation Trust,Delete,Production
37607,https://github.com/ror-community/ror-updates/issues/37607,Modify the information in an existing ROR record: NIHR Bristol Cardiovascular Biomedical Research Unit - https://ror.org/03gna4510,University Hospitals Bristol NHS Foundation Trust,https://ror.org/04nm1cv11,https://ror.org/03gna4510,NIHR Bristol Cardiovascular Biomedical Research Unit,Delete,Release
37608,https://github.com/ror-community/ror-updates/issues/37608,Modify the information in an existing ROR record: Spitalul Universitar de Urgenţă Militar Central Dr. Carol Davila - https://ror.org/03h2qaw95,Spitalul Universitar de Urgenţă Militar Central Dr. Carol Davila,https://ror.org/03h2qaw95,https://ror.org/04fm87419,Carol Davila University of Medicine and Pharmacy,Related,Production
37608,https://github.com/ror-community/ror-updates/issues/37608,Modify the information in an existing ROR record: Spitalul Universitar de Urgenţă Militar Central Dr. Carol Davila - https://ror.org/03h2qaw95,Carol Davila University of Medicine and Pharmacy,https://ror.org/04fm87419,https://ror.org/03h2qaw95,Spitalul Universitar de Urgenţă Militar Central Dr. Carol Davila,Related,Release
37620,https://github.com/ror-community/ror-updates/issues/37620,Modify the information in an existing ROR record: NIHR Leicester Cardiovascular Biomedical Research Unit - https://ror.org/03ke6rf22,NIHR Leicester Cardiovascular Biomedical Research Unit,https://ror.org/03ke6rf22,https://ror.org/05xqxa525,NIHR Leicester Biomedical Research Centre,Successor,Production
37620,https://github.com/ror-community/ror-updates/issues/37620,Modify the information in an existing ROR record: NIHR Leicester Cardiovascular Biomedical Research Unit - https://ror.org/03ke6rf22,NIHR Leicester Biomedical Research Centre,https://ror.org/05xqxa525,https://ror.org/03ke6rf22,NIHR Leicester Cardiovascular Biomedical Research Unit,Predecessor,Release
37621,https://github.com/ror-community/ror-updates/issues/37621,Modify the information in an existing ROR record: University Hospital Magdeburg - https://ror.org/03m04df46,University Hospital Magdeburg,https://ror.org/03m04df46,https://ror.org/00ggpsq73,Otto-von-Guericke-Universität Magdeburg,Related,Production
37621,https://github.com/ror-community/ror-updates/issues/37621,Modify the information in an existing ROR record: University Hospital Magdeburg - https://ror.org/03m04df46,Otto-von-Guericke-Universität Magdeburg,https://ror.org/00ggpsq73,https://ror.org/03m04df46,University Hospital Magdeburg,Related,Release
37624,https://github.com/ror-community/ror-updates/issues/37624,Modify the information in an existing ROR record: Institut de Biologie de l'École Normale Supérieure - https://ror.org/03mxktp47,Institut de Biologie de l'École Normale Supérieure,https://ror.org/03mxktp47,https://ror.org/013cjyk83,Université Paris Sciences et Lettres,Related,Production
37624,https://github.com/ror-community/ror-updates/issues/37624,Modify the information in an existing ROR record: Institut de Biologie de l'École Normale Supérieure - https://ror.org/03mxktp47,Université Paris Sciences et Lettres,https://ror.org/013cjyk83,https://ror.org/03mxktp47,Institut de Biologie de l'École Normale Supérieure,Related,Release
37626,https://github.com/ror-community/ror-updates/issues/37626,Modify the information in an existing ROR record: München Klinik - https://ror.org/03pfshj32,München Klinik,https://ror.org/03pfshj32,https://ror.org/05591te55,Ludwig-Maximilians-Universität München,Related,Production
37626,https://github.com/ror-community/ror-updates/issues/37626,Modify the information in an existing ROR record: München Klinik - https://ror.org/03pfshj32,Ludwig-Maximilians-Universität München,https://ror.org/05591te55,https://ror.org/03pfshj32,München Klinik,Related,Release
37630,https://github.com/ror-community/ror-updates/issues/37630,Modify the information in an existing ROR record: École Nationale Supérieure de l'Électronique et de ses Applications - https://ror.org/03qeacd72,École Nationale Supérieure de l'Électronique et de ses Applications,https://ror.org/03qeacd72,https://ror.org/043htjv09,CY Cergy Paris Université,Related,Production
37630,https://github.com/ror-community/ror-updates/issues/37630,Modify the information in an existing ROR record: École Nationale Supérieure de l'Électronique et de ses Applications - https://ror.org/03qeacd72,CY Cergy Paris Université,https://ror.org/043htjv09,https://ror.org/03qeacd72,École Nationale Supérieure de l'Électronique et de ses Applications,Related,Release
37633,https://github.com/ror-community/ror-updates/issues/37633,"Modify the information in an existing ROR record: Azienda Ospedaliera Universitaria Policlinico ""G. Martino"" - https://ror.org/03tf96d34","Azienda Ospedaliera Universitaria Policlinico ""G. Martino""",https://ror.org/03tf96d34,https://ror.org/05ctdxz19,University of Messina,Related,Production
37633,https://github.com/ror-community/ror-updates/issues/37633,"Modify the information in an existing ROR record: Azienda Ospedaliera Universitaria Policlinico ""G. Martino"" - https://ror.org/03tf96d34",University of Messina,https://ror.org/05ctdxz19,https://ror.org/03tf96d34,"Azienda Ospedaliera Universitaria Policlinico ""G. Martino""",Related,Release
37634,https://github.com/ror-community/ror-updates/issues/37634,Modify the information in an existing ROR record: Centre Inria de l'université de Bordeaux - https://ror.org/03tjcj052,Centre Inria de l'université de Bordeaux,https://ror.org/03tjcj052,https://ror.org/057qpr032,Université de Bordeaux,Related,Production
37634,https://github.com/ror-community/ror-updates/issues/37634,Modify the information in an existing ROR record: Centre Inria de l'université de Bordeaux - https://ror.org/03tjcj052,Université de Bordeaux,https://ror.org/057qpr032,https://ror.org/03tjcj052,Centre Inria de l'université de Bordeaux,Related,Release
37637,https://github.com/ror-community/ror-updates/issues/37637,Modify the information in an existing ROR record: Laboratoire AstroParticule et Cosmologie - https://ror.org/03tnjrr49,Laboratoire AstroParticule et Cosmologie,https://ror.org/03tnjrr49,https://ror.org/013cjyk83,Université Paris Sciences et Lettres,Related,Production
37637,https://github.com/ror-community/ror-updates/issues/37637,Modify the information in an existing ROR record: Laboratoire AstroParticule et Cosmologie - https://ror.org/03tnjrr49,Université Paris Sciences et Lettres,https://ror.org/013cjyk83,https://ror.org/03tnjrr49,Laboratoire AstroParticule et Cosmologie,Related,Release
37638,https://github.com/ror-community/ror-updates/issues/37638,Modify the information in an existing ROR record: Institut Pascal - https://ror.org/03vgfxd91,Institut Pascal,https://ror.org/03vgfxd91,https://ror.org/02tcf7a68,Centre Hospitalier Universitaire de Clermont-Ferrand,Parent,Production
37638,https://github.com/ror-community/ror-updates/issues/37638,Modify the information in an existing ROR record: Institut Pascal - https://ror.org/03vgfxd91,Centre Hospitalier Universitaire de Clermont-Ferrand,https://ror.org/02tcf7a68,https://ror.org/03vgfxd91,Institut Pascal,Child,Release
37638,https://github.com/ror-community/ror-updates/issues/37638,Modify the information in an existing ROR record: Institut Pascal - https://ror.org/03vgfxd91,Institut Pascal,https://ror.org/03vgfxd91,https://ror.org/001f39w38,Clermont Auvergne INP,Related,Production
37638,https://github.com/ror-community/ror-updates/issues/37638,Modify the information in an existing ROR record: Institut Pascal - https://ror.org/03vgfxd91,Clermont Auvergne INP,https://ror.org/001f39w38,https://ror.org/03vgfxd91,Institut Pascal,Related,Release
37641,https://github.com/ror-community/ror-updates/issues/37641,Modify the information in an existing ROR record: Istituto di Chimica Biomolecolare - https://ror.org/03wyf0g15,Istituto di Chimica Biomolecolare,https://ror.org/03wyf0g15,https://ror.org/04zaypm56,National Research Council,Parent,Production
37641,https://github.com/ror-community/ror-updates/issues/37641,Modify the information in an existing ROR record: Istituto di Chimica Biomolecolare - https://ror.org/03wyf0g15,National Research Council,https://ror.org/04zaypm56,https://ror.org/03wyf0g15,Istituto di Chimica Biomolecolare,Child,Release
39484,https://github.com/ror-community/ror-updates/issues/39484,"Add a new organization to ROR: 
 
Government Institute of Forensic Science ","Government Institute of Forensic Science, Nagpur",https://ror.org/01tsxcr11,https://ror.org/04esgv207,Rashtrasant Tukadoji Maharaj Nagpur University,Related,Production
39484,https://github.com/ror-community/ror-updates/issues/39484,"Add a new organization to ROR: 
 
Government Institute of Forensic Science ",Rashtrasant Tukadoji Maharaj Nagpur University,https://ror.org/04esgv207,https://ror.org/01tsxcr11,"Government Institute of Forensic Science, Nagpur",Related,Release
38652,https://github.com/ror-community/ror-updates/issues/38652,"Add a new organization to ROR: 
 
Department of Physical Chemistry of Fossil Fuels of the Institute of Physical-Organic Chemistry and Coal Chemistry named after L. M. Lytvynenko of the National Academy of Sciences of Ukraine",Department of Physical Chemistry of Fossil Fuels of the Institute of Physical-Organic Chemistry and Coal Chemistry named after L. M. Lytvynenko of the National Academy of Sciences of Ukraine,https://ror.org/05sjm1224,https://ror.org/00je4t102,National Academy of Sciences of Ukraine,Related,Production
38652,https://github.com/ror-community/ror-updates/issues/38652,"Add a new organization to ROR: 
 
Department of Physical Chemistry of Fossil Fuels of the Institute of Physical-Organic Chemistry and Coal Chemistry named after L. M. Lytvynenko of the National Academy of Sciences of Ukraine",National Academy of Sciences of Ukraine,https://ror.org/00je4t102,https://ror.org/05sjm1224,Department of Physical Chemistry of Fossil Fuels of the Institute of Physical-Organic Chemistry and Coal Chemistry named after L. M. Lytvynenko of the National Academy of Sciences of Ukraine,Related,Release
38895,https://github.com/ror-community/ror-updates/issues/38895,"Add a new organization to ROR: 
 
Princeton University Press",Princeton University Press,https://ror.org/05r5djh58,https://ror.org/00hx57361,Princeton University,Related,Production
38895,https://github.com/ror-community/ror-updates/issues/38895,"Add a new organization to ROR: 
 
Princeton University Press",Princeton University,https://ror.org/00hx57361,https://ror.org/05r5djh58,Princeton University Press,Related,Release
38954,https://github.com/ror-community/ror-updates/issues/38954,"Add a new organization to ROR: 
 
Uganda National Bureau of Standards",Uganda National Bureau of Standards,https://ror.org/00yc3j708,https://ror.org/04c4jf131,Government of Uganda,Parent,Production
38954,https://github.com/ror-community/ror-updates/issues/38954,"Add a new organization to ROR: 
 
Uganda National Bureau of Standards",Government of Uganda,https://ror.org/04c4jf131,https://ror.org/00yc3j708,Uganda National Bureau of Standards,Child,Release
38964,https://github.com/ror-community/ror-updates/issues/38964,"Add a new organization to ROR: 
 
Malawi Bureau of Standards",Malawi Bureau of Standards,https://ror.org/05pdvse20,https://ror.org/02b90d314,Malawi Government,Parent,Production
38964,https://github.com/ror-community/ror-updates/issues/38964,"Add a new organization to ROR: 
 
Malawi Bureau of Standards",Malawi Government,https://ror.org/02b90d314,https://ror.org/05pdvse20,Malawi Bureau of Standards,Child,Release
39134,https://github.com/ror-community/ror-updates/issues/39134,"Add a new organization to ROR: 
 
Catholic Institute of Sydney",Catholic Institute of Sydney,https://ror.org/05dcc9c26,https://ror.org/02stey378,The University of Notre Dame Australia,Related,Production
39134,https://github.com/ror-community/ror-updates/issues/39134,"Add a new organization to ROR: 
 
Catholic Institute of Sydney",The University of Notre Dame Australia,https://ror.org/02stey378,https://ror.org/05dcc9c26,Catholic Institute of Sydney,Related,Release
39212,https://github.com/ror-community/ror-updates/issues/39212,"Add a new organization to ROR: 
 
Entomology Research Museum",Entomology Research Museum,https://ror.org/01dp1g039,https://ror.org/03nawhv43,"University of California, Riverside",Parent,Production
39212,https://github.com/ror-community/ror-updates/issues/39212,"Add a new organization to ROR: 
 
Entomology Research Museum","University of California, Riverside",https://ror.org/03nawhv43,https://ror.org/01dp1g039,Entomology Research Museum,Child,Release
39374,https://github.com/ror-community/ror-updates/issues/39374,"Add a new organization to ROR: 
 
Alternative Earths Astrobiology Center",Alternative Earths Astrobiology Center,https://ror.org/04xrd8059,https://ror.org/03nawhv43,"University of California, Riverside",Parent,Production
39374,https://github.com/ror-community/ror-updates/issues/39374,"Add a new organization to ROR: 
 
Alternative Earths Astrobiology Center","University of California, Riverside",https://ror.org/03nawhv43,https://ror.org/04xrd8059,Alternative Earths Astrobiology Center,Child,Release
37699,https://github.com/ror-community/ror-updates/issues/37699,Modify the information in an existing ROR record: NIHR Birmingham Biomedical Research Centre - https://ror.org/05ccjmp23,NIHR Birmingham Biomedical Research Centre,https://ror.org/05ccjmp23,https://ror.org/014ja3n03,University Hospitals Birmingham NHS Foundation Trust,Related,Production
37699,https://github.com/ror-community/ror-updates/issues/37699,Modify the information in an existing ROR record: NIHR Birmingham Biomedical Research Centre - https://ror.org/05ccjmp23,University Hospitals Birmingham NHS Foundation Trust,https://ror.org/014ja3n03,https://ror.org/05ccjmp23,NIHR Birmingham Biomedical Research Centre,Related,Release
37699,https://github.com/ror-community/ror-updates/issues/37699,Modify the information in an existing ROR record: NIHR Birmingham Biomedical Research Centre - https://ror.org/05ccjmp23,NIHR Birmingham Biomedical Research Centre,https://ror.org/05ccjmp23,https://ror.org/03angcq70,University of Birmingham,Related,Production
37699,https://github.com/ror-community/ror-updates/issues/37699,Modify the information in an existing ROR record: NIHR Birmingham Biomedical Research Centre - https://ror.org/05ccjmp23,University of Birmingham,https://ror.org/03angcq70,https://ror.org/05ccjmp23,NIHR Birmingham Biomedical Research Centre,Related,Release
37698,https://github.com/ror-community/ror-updates/issues/37698,Modify the information in an existing ROR record: NIHR CRUK Experimental Cancer Medicine Centre - https://ror.org/05bfg0961,NIHR CRUK Experimental Cancer Medicine Centre,https://ror.org/05bfg0961,https://ror.org/011cztj49,Southampton General Hospital,Related,Production
37698,https://github.com/ror-community/ror-updates/issues/37698,Modify the information in an existing ROR record: NIHR CRUK Experimental Cancer Medicine Centre - https://ror.org/05bfg0961,Southampton General Hospital,https://ror.org/011cztj49,https://ror.org/05bfg0961,NIHR CRUK Experimental Cancer Medicine Centre,Related,Release
37696,https://github.com/ror-community/ror-updates/issues/37696,Modify the information in an existing ROR record: Hospital de Sant Pau - https://ror.org/059n1d175,Hospital de Sant Pau,https://ror.org/059n1d175,https://ror.org/052g8jq94,Universitat Autònoma de Barcelona,Related,Production
37696,https://github.com/ror-community/ror-updates/issues/37696,Modify the information in an existing ROR record: Hospital de Sant Pau - https://ror.org/059n1d175,Universitat Autònoma de Barcelona,https://ror.org/052g8jq94,https://ror.org/059n1d175,Hospital de Sant Pau,Related,Release
37694,https://github.com/ror-community/ror-updates/issues/37694,Modify the information in an existing ROR record: Institute of Experimental Pharmacology and Toxicology of the Slovak Academy of Sciences - https://ror.org/0588pbz68,Institute of Experimental Pharmacology and Toxicology of the Slovak Academy of Sciences,https://ror.org/0588pbz68,https://ror.org/0380mmw63,Centre of Experimental Medicine of the Slovak Academy of Sciences,Parent,Production
37694,https://github.com/ror-community/ror-updates/issues/37694,Modify the information in an existing ROR record: Institute of Experimental Pharmacology and Toxicology of the Slovak Academy of Sciences - https://ror.org/0588pbz68,Centre of Experimental Medicine of the Slovak Academy of Sciences,https://ror.org/0380mmw63,https://ror.org/0588pbz68,Institute of Experimental Pharmacology and Toxicology of the Slovak Academy of Sciences,Child,Release
37693,https://github.com/ror-community/ror-updates/issues/37693,Modify the information in an existing ROR record: Vall d'Hebron Institute of Oncology - https://ror.org/054xx3904,Vall d'Hebron Institute of Oncology,https://ror.org/054xx3904,https://ror.org/03ba28x55,Vall d'Hebron Hospital Universitari,Related,Production
37693,https://github.com/ror-community/ror-updates/issues/37693,Modify the information in an existing ROR record: Vall d'Hebron Institute of Oncology - https://ror.org/054xx3904,Vall d'Hebron Hospital Universitari,https://ror.org/03ba28x55,https://ror.org/054xx3904,Vall d'Hebron Institute of Oncology,Related,Release
37692,https://github.com/ror-community/ror-updates/issues/37692,Modify the information in an existing ROR record: Consorci Institut D'Investigacions Biomediques August Pi I Sunyer - https://ror.org/054vayn55,Consorci Institut D'Investigacions Biomediques August Pi I Sunyer,https://ror.org/054vayn55,https://ror.org/021018s57,Universitat de Barcelona,Related,Production
37692,https://github.com/ror-community/ror-updates/issues/37692,Modify the information in an existing ROR record: Consorci Institut D'Investigacions Biomediques August Pi I Sunyer - https://ror.org/054vayn55,Universitat de Barcelona,https://ror.org/021018s57,https://ror.org/054vayn55,Consorci Institut D'Investigacions Biomediques August Pi I Sunyer,Related,Release
37689,https://github.com/ror-community/ror-updates/issues/37689,Modify the information in an existing ROR record: Institut Photovoltaïque d’Île-de-France - https://ror.org/052jxdr90,Institut Photovoltaïque d’Île-de-France,https://ror.org/052jxdr90,https://ror.org/042tfbd02,Institut Polytechnique de Paris,Related,Production
37689,https://github.com/ror-community/ror-updates/issues/37689,Modify the information in an existing ROR record: Institut Photovoltaïque d’Île-de-France - https://ror.org/052jxdr90,Institut Polytechnique de Paris,https://ror.org/042tfbd02,https://ror.org/052jxdr90,Institut Photovoltaïque d’Île-de-France,Related,Release
37689,https://github.com/ror-community/ror-updates/issues/37689,Modify the information in an existing ROR record: Institut Photovoltaïque d’Île-de-France - https://ror.org/052jxdr90,Institut Photovoltaïque d’Île-de-France,https://ror.org/052jxdr90,https://ror.org/013cjyk83,Université Paris Sciences et Lettres,Related,Production
37689,https://github.com/ror-community/ror-updates/issues/37689,Modify the information in an existing ROR record: Institut Photovoltaïque d’Île-de-France - https://ror.org/052jxdr90,Université Paris Sciences et Lettres,https://ror.org/013cjyk83,https://ror.org/052jxdr90,Institut Photovoltaïque d’Île-de-France,Related,Release
37688,https://github.com/ror-community/ror-updates/issues/37688,Modify the information in an existing ROR record: Azienda Ospedaliero-Universitaria Policlinico - Vittorio Emanuele - https://ror.org/051tt6c85,Azienda Ospedaliero-Universitaria Policlinico - Vittorio Emanuele,https://ror.org/051tt6c85,https://ror.org/03a64bh57,University of Catania,Related,Production
37688,https://github.com/ror-community/ror-updates/issues/37688,Modify the information in an existing ROR record: Azienda Ospedaliero-Universitaria Policlinico - Vittorio Emanuele - https://ror.org/051tt6c85,University of Catania,https://ror.org/03a64bh57,https://ror.org/051tt6c85,Azienda Ospedaliero-Universitaria Policlinico - Vittorio Emanuele,Related,Release
37684,https://github.com/ror-community/ror-updates/issues/37684,Modify the information in an existing ROR record: Salzburger Landeskliniken - https://ror.org/0500kmp11,Salzburger Landeskliniken,https://ror.org/0500kmp11,https://ror.org/05gs8cd61,University of Salzburg,Related,Production
37684,https://github.com/ror-community/ror-updates/issues/37684,Modify the information in an existing ROR record: Salzburger Landeskliniken - https://ror.org/0500kmp11,University of Salzburg,https://ror.org/05gs8cd61,https://ror.org/0500kmp11,Salzburger Landeskliniken,Related,Release
37678,https://github.com/ror-community/ror-updates/issues/37678,Modify the information in an existing ROR record: University Hospital Hradec Králové - https://ror.org/04wckhb82,University Hospital Hradec Králové,https://ror.org/04wckhb82,https://ror.org/024d6js02,Charles University,Related,Production
37678,https://github.com/ror-community/ror-updates/issues/37678,Modify the information in an existing ROR record: University Hospital Hradec Králové - https://ror.org/04wckhb82,Charles University,https://ror.org/024d6js02,https://ror.org/04wckhb82,University Hospital Hradec Králové,Related,Release
37677,https://github.com/ror-community/ror-updates/issues/37677,Modify the information in an existing ROR record: Quadram Institute - https://ror.org/04td3ys19,Quadram Institute,https://ror.org/04td3ys19,https://ror.org/026k5mg93,University of East Anglia,Related,Production
37677,https://github.com/ror-community/ror-updates/issues/37677,Modify the information in an existing ROR record: Quadram Institute - https://ror.org/04td3ys19,University of East Anglia,https://ror.org/026k5mg93,https://ror.org/04td3ys19,Quadram Institute,Related,Release
37676,https://github.com/ror-community/ror-updates/issues/37676,Modify the information in an existing ROR record: Leibniz-Institute for Food Systems Biology at the Technical University of Munich - https://ror.org/04sy7nb49,Leibniz-Institute for Food Systems Biology at the Technical University of Munich,https://ror.org/04sy7nb49,https://ror.org/02kkvpp62,Technical University of Munich,Related,Production
37676,https://github.com/ror-community/ror-updates/issues/37676,Modify the information in an existing ROR record: Leibniz-Institute for Food Systems Biology at the Technical University of Munich - https://ror.org/04sy7nb49,Technical University of Munich,https://ror.org/02kkvpp62,https://ror.org/04sy7nb49,Leibniz-Institute for Food Systems Biology at the Technical University of Munich,Related,Release
37675,https://github.com/ror-community/ror-updates/issues/37675,Modify the information in an existing ROR record: Ev-K2-Cnr - https://ror.org/04s181d41,Ev-K2-Cnr,https://ror.org/04s181d41,https://ror.org/04zaypm56,National Research Council,Related,Production
37675,https://github.com/ror-community/ror-updates/issues/37675,Modify the information in an existing ROR record: Ev-K2-Cnr - https://ror.org/04s181d41,National Research Council,https://ror.org/04zaypm56,https://ror.org/04s181d41,Ev-K2-Cnr,Related,Release
39538,https://github.com/ror-community/ror-updates/issues/39538,Add a new organization to ROR: IMPA Tech (Brazil),IMPA Tech,https://ror.org/03zdxk043,https://ror.org/028caqe42,Instituto Nacional de Matemática Pura e Aplicada,Parent,Production
39538,https://github.com/ror-community/ror-updates/issues/39538,Add a new organization to ROR: IMPA Tech (Brazil),Instituto Nacional de Matemática Pura e Aplicada,https://ror.org/028caqe42,https://ror.org/03zdxk043,IMPA Tech,Child,Release
39547,https://github.com/ror-community/ror-updates/issues/39547,Modify the information in an existing ROR record: Institut National des Sciences Appliquées de Lyon - https://ror.org/050jn9y42,Institut National des Sciences Appliquées de Lyon,https://ror.org/050jn9y42,https://ror.org/00f3qdz64,"Géomécanique, Matériaux, Structures",Child,Production
39547,https://github.com/ror-community/ror-updates/issues/39547,Modify the information in an existing ROR record: Institut National des Sciences Appliquées de Lyon - https://ror.org/050jn9y42,"Géomécanique, Matériaux, Structures",https://ror.org/00f3qdz64,https://ror.org/050jn9y42,Institut National des Sciences Appliquées de Lyon,Parent,Release
39551,https://github.com/ror-community/ror-updates/issues/39551,Modify the information in an existing ROR record: Swedish Research Council for Sport Science - https://ror.org/053bwq229,Swedish Research Council for Sport Science,https://ror.org/053bwq229,https://ror.org/046hach49,Swedish School of Sport and Health Sciences,Parent,Production
39551,https://github.com/ror-community/ror-updates/issues/39551,Modify the information in an existing ROR record: Swedish Research Council for Sport Science - https://ror.org/053bwq229,Swedish School of Sport and Health Sciences,https://ror.org/046hach49,https://ror.org/053bwq229,Swedish Research Council for Sport Science,Child,Release
39575,https://github.com/ror-community/ror-updates/issues/39575,Modify the information in an existing ROR record: Allen Institute for Neural Dynamics - https://ror.org/04szwah67,Allen Institute for Neural Dynamics,https://ror.org/04szwah67,https://ror.org/03cpe7c52,Allen Institute,Delete,Production
39575,https://github.com/ror-community/ror-updates/issues/39575,Modify the information in an existing ROR record: Allen Institute for Neural Dynamics - https://ror.org/04szwah67,Allen Institute,https://ror.org/03cpe7c52,https://ror.org/04szwah67,Allen Institute for Neural Dynamics,Delete,Release
39575,https://github.com/ror-community/ror-updates/issues/39575,Modify the information in an existing ROR record: Allen Institute for Neural Dynamics - https://ror.org/04szwah67,Allen Institute for Neural Dynamics,https://ror.org/04szwah67,https://ror.org/03cpe7c52,Allen Institute,Successor,Production
39574,https://github.com/ror-community/ror-updates/issues/39574,Modify the information in an existing ROR record: Allen Institute for Immunology - https://ror.org/0154kn471,Allen Institute for Immunology,https://ror.org/0154kn471,https://ror.org/03cpe7c52,Allen Institute,Delete,Production
39574,https://github.com/ror-community/ror-updates/issues/39574,Modify the information in an existing ROR record: Allen Institute for Immunology - https://ror.org/0154kn471,Allen Institute,https://ror.org/03cpe7c52,https://ror.org/0154kn471,Allen Institute for Immunology,Delete,Release
39574,https://github.com/ror-community/ror-updates/issues/39574,Modify the information in an existing ROR record: Allen Institute for Immunology - https://ror.org/0154kn471,Allen Institute for Immunology,https://ror.org/0154kn471,https://ror.org/03cpe7c52,Allen Institute,Successor,Production
39573,https://github.com/ror-community/ror-updates/issues/39573,Modify the information in an existing ROR record: Allen Institute for Cell Science - https://ror.org/05kg6bp11,Allen Institute for Cell Science,https://ror.org/05kg6bp11,https://ror.org/03cpe7c52,Allen Institute,Delete,Production
39573,https://github.com/ror-community/ror-updates/issues/39573,Modify the information in an existing ROR record: Allen Institute for Cell Science - https://ror.org/05kg6bp11,Allen Institute,https://ror.org/03cpe7c52,https://ror.org/05kg6bp11,Allen Institute for Cell Science,Delete,Release
39573,https://github.com/ror-community/ror-updates/issues/39573,Modify the information in an existing ROR record: Allen Institute for Cell Science - https://ror.org/05kg6bp11,Allen Institute for Cell Science,https://ror.org/05kg6bp11,https://ror.org/03cpe7c52,Allen Institute,Successor,Production
39572,https://github.com/ror-community/ror-updates/issues/39572,Modify the information in an existing ROR record: Allen Institute for Brain Science - https://ror.org/00dcv1019,Allen Institute for Brain Science,https://ror.org/00dcv1019,https://ror.org/03cpe7c52,Allen Institute,Delete,Production
39572,https://github.com/ror-community/ror-updates/issues/39572,Modify the information in an existing ROR record: Allen Institute for Brain Science - https://ror.org/00dcv1019,Allen Institute,https://ror.org/03cpe7c52,https://ror.org/00dcv1019,Allen Institute for Brain Science,Delete,Release
39572,https://github.com/ror-community/ror-updates/issues/39572,Modify the information in an existing ROR record: Allen Institute for Brain Science - https://ror.org/00dcv1019,Allen Institute for Brain Science,https://ror.org/00dcv1019,https://ror.org/03cpe7c52,Allen Institute,Successor,Production
38790,https://github.com/ror-community/ror-updates/issues/38790,"Add a new organization to ROR: 
 
TECNOLOGICO NACIONAL DE MÉXICO / ITS DE COATZACOALCOS",Instituto Tecnológico Superior de Coatzacoalcos,https://ror.org/05xm6a985,https://ror.org/00davry38,Tecnológico Nacional de México,Parent,Production
38790,https://github.com/ror-community/ror-updates/issues/38790,"Add a new organization to ROR: 
 
TECNOLOGICO NACIONAL DE MÉXICO / ITS DE COATZACOALCOS",Tecnológico Nacional de México,https://ror.org/00davry38,https://ror.org/05xm6a985,Instituto Tecnológico Superior de Coatzacoalcos,Child,Release
38835,https://github.com/ror-community/ror-updates/issues/38835,"Add a new organization to ROR: 
 
Instituto de Humanidades y Ciencias Sociales",Instituto de Humanidades y Ciencias Sociales,https://ror.org/04z38va76,https://ror.org/03cqe8w59,Consejo Nacional de Investigaciones Científicas y Técnicas,Related,Production
38835,https://github.com/ror-community/ror-updates/issues/38835,"Add a new organization to ROR: 
 
Instituto de Humanidades y Ciencias Sociales",Consejo Nacional de Investigaciones Científicas y Técnicas,https://ror.org/03cqe8w59,https://ror.org/04z38va76,Instituto de Humanidades y Ciencias Sociales,Related,Release
38835,https://github.com/ror-community/ror-updates/issues/38835,"Add a new organization to ROR: 
 
Instituto de Humanidades y Ciencias Sociales",Instituto de Humanidades y Ciencias Sociales,https://ror.org/04z38va76,https://ror.org/055eqsb67,National University of Mar del Plata,Related,Production
38835,https://github.com/ror-community/ror-updates/issues/38835,"Add a new organization to ROR: 
 
Instituto de Humanidades y Ciencias Sociales",National University of Mar del Plata,https://ror.org/055eqsb67,https://ror.org/04z38va76,Instituto de Humanidades y Ciencias Sociales,Related,Release
38842,https://github.com/ror-community/ror-updates/issues/38842,"Add a new organization to ROR: 
 
NOVA Institute for Medical Systems Biology",NOVA Institute for Medical Systems Biology,https://ror.org/02xhb7d50,https://ror.org/02xankh89,Universidade Nova de Lisboa,Parent,Production
38842,https://github.com/ror-community/ror-updates/issues/38842,"Add a new organization to ROR: 
 
NOVA Institute for Medical Systems Biology",Universidade Nova de Lisboa,https://ror.org/02xankh89,https://ror.org/02xhb7d50,NOVA Institute for Medical Systems Biology,Child,Release
38842,https://github.com/ror-community/ror-updates/issues/38842,"Add a new organization to ROR: 
 
NOVA Institute for Medical Systems Biology",NOVA Institute for Medical Systems Biology,https://ror.org/02xhb7d50,https://ror.org/04p5ggc03,Max Delbrück Center,Parent,Production
38842,https://github.com/ror-community/ror-updates/issues/38842,"Add a new organization to ROR: 
 
NOVA Institute for Medical Systems Biology",Max Delbrück Center,https://ror.org/04p5ggc03,https://ror.org/02xhb7d50,NOVA Institute for Medical Systems Biology,Child,Release
38853,https://github.com/ror-community/ror-updates/issues/38853,"Add a new organization to ROR: 
 
UCSF Institute for Global Health Sciences",UCSF Institute for Global Health Sciences,https://ror.org/01402g791,https://ror.org/043mz5j54,"University of California, San Francisco",Parent,Production
38853,https://github.com/ror-community/ror-updates/issues/38853,"Add a new organization to ROR: 
 
UCSF Institute for Global Health Sciences","University of California, San Francisco",https://ror.org/043mz5j54,https://ror.org/01402g791,UCSF Institute for Global Health Sciences,Child,Release
39074,https://github.com/ror-community/ror-updates/issues/39074,Add a new organization to ROR: Muséum de Toulouse*fr,Muséum de Toulouse,https://ror.org/01zq1k742,https://ror.org/05amtr914,Récolnat,Related,Production
39074,https://github.com/ror-community/ror-updates/issues/39074,Add a new organization to ROR: Muséum de Toulouse*fr,Récolnat,https://ror.org/05amtr914,https://ror.org/01zq1k742,Muséum de Toulouse,Related,Release
39556,https://github.com/ror-community/ror-updates/issues/39556,Add a new organization to ROR: East West College of Pharmacy,East West College of Pharmacy,https://ror.org/03tfnrx97,https://ror.org/0157vkf66,Rajiv Gandhi University of Health Sciences,Related,Production
39556,https://github.com/ror-community/ror-updates/issues/39556,Add a new organization to ROR: East West College of Pharmacy,Rajiv Gandhi University of Health Sciences,https://ror.org/0157vkf66,https://ror.org/03tfnrx97,East West College of Pharmacy,Related,Release
39565,https://github.com/ror-community/ror-updates/issues/39565,Add a new organization to ROR: Army Medical College Bogura (Bangladesh),Army Medical College Bogura,https://ror.org/03d61e349,https://ror.org/01zphyp78,Bangladesh University of Professionals,Related,Production
39565,https://github.com/ror-community/ror-updates/issues/39565,Add a new organization to ROR: Army Medical College Bogura (Bangladesh),Bangladesh University of Professionals,https://ror.org/01zphyp78,https://ror.org/03d61e349,Army Medical College Bogura,Related,Release
35018,https://github.com/ror-community/ror-updates/issues/35018,"Add a new organization to ROR: 
 
L'Harmattan Open Access",L'Harmattan Open Access (Hungary),https://ror.org/017rny133,https://ror.org/03j2grq76,"L'Harmattan Publishing House, Budapest (Hungary)",Parent,Production
35018,https://github.com/ror-community/ror-updates/issues/35018,"Add a new organization to ROR: 
 
L'Harmattan Open Access","L'Harmattan Publishing House, Budapest (Hungary)",https://ror.org/03j2grq76,https://ror.org/017rny133,L'Harmattan Open Access (Hungary),Child,Release
38967,https://github.com/ror-community/ror-updates/issues/38967,"Add a new organization to ROR: 
 
Research and Education Advanced Network NZ (REANNZ)",Research and Education Advanced Network New Zealand,https://ror.org/04xv8q173,https://ror.org/04v3jxv31,Government of New Zealand,Parent,Production
38967,https://github.com/ror-community/ror-updates/issues/38967,"Add a new organization to ROR: 
 
Research and Education Advanced Network NZ (REANNZ)",Government of New Zealand,https://ror.org/04v3jxv31,https://ror.org/04xv8q173,Research and Education Advanced Network New Zealand,Child,Release
38889,https://github.com/ror-community/ror-updates/issues/38889,"Add a new organization to ROR: 
 
Oficina de las Naciones Unidas contra la Droga y el Delito (UNODC) para la Región Andina y el Cono Sur",Oficina de las Naciones Unidas contra la Droga y el Delito (UNODC) para la Región Andina y el Cono Sur,https://ror.org/00q7ja648,https://ror.org/04567sh69,United Nations Office on Drugs and Crime,Parent,Production
38889,https://github.com/ror-community/ror-updates/issues/38889,"Add a new organization to ROR: 
 
Oficina de las Naciones Unidas contra la Droga y el Delito (UNODC) para la Región Andina y el Cono Sur",United Nations Office on Drugs and Crime,https://ror.org/04567sh69,https://ror.org/00q7ja648,Oficina de las Naciones Unidas contra la Droga y el Delito (UNODC) para la Región Andina y el Cono Sur,Child,Release
39618,https://github.com/ror-community/ror-updates/issues/39618,Add a new organization to ROR: Cinnamara College,Cinnamara College,https://ror.org/01f37fk81,https://ror.org/045kfbt16,Dibrugarh University,Related,Production
39618,https://github.com/ror-community/ror-updates/issues/39618,Add a new organization to ROR: Cinnamara College,Dibrugarh University,https://ror.org/045kfbt16,https://ror.org/01f37fk81,Cinnamara College,Related,Release
39658,https://github.com/ror-community/ror-updates/issues/39658,"Add a new organization to ROR: 
 
Tanta Cancer Center",Tanta Cancer Center,https://ror.org/0221r9r57,https://ror.org/04f90ax67,Ministry of Health and Population,Parent,Production
39658,https://github.com/ror-community/ror-updates/issues/39658,"Add a new organization to ROR: 
 
Tanta Cancer Center",Ministry of Health and Population,https://ror.org/04f90ax67,https://ror.org/0221r9r57,Tanta Cancer Center,Child,Release
39640,https://github.com/ror-community/ror-updates/issues/39640,"Add a new organization to ROR: 
 
All India Institute of Medical Sciences, Bilaspur","All India Institute of Medical Sciences, Bilaspur",https://ror.org/02w2tgt96,https://ror.org/04pqetg36,Ministry of Health and Family Welfare,Parent,Production
39640,https://github.com/ror-community/ror-updates/issues/39640,"Add a new organization to ROR: 
 
All India Institute of Medical Sciences, Bilaspur",Ministry of Health and Family Welfare,https://ror.org/04pqetg36,https://ror.org/02w2tgt96,"All India Institute of Medical Sciences, Bilaspur",Child,Release
39640,https://github.com/ror-community/ror-updates/issues/39640,"Add a new organization to ROR: 
 
All India Institute of Medical Sciences, Bilaspur","All India Institute of Medical Sciences, Bilaspur",https://ror.org/02w2tgt96,https://ror.org/00t0ht588,"All India Institute of Medical Sciences, Deoghar",Related,Production
39640,https://github.com/ror-community/ror-updates/issues/39640,"Add a new organization to ROR: 
 
All India Institute of Medical Sciences, Bilaspur","All India Institute of Medical Sciences, Deoghar",https://ror.org/00t0ht588,https://ror.org/02w2tgt96,"All India Institute of Medical Sciences, Bilaspur",Related,Release
39640,https://github.com/ror-community/ror-updates/issues/39640,"Add a new organization to ROR: 
 
All India Institute of Medical Sciences, Bilaspur","All India Institute of Medical Sciences, Bilaspur",https://ror.org/02w2tgt96,https://ror.org/00q4j0f43,"All India Institute of Medical Sciences, Madurai",Related,Production
39640,https://github.com/ror-community/ror-updates/issues/39640,"Add a new organization to ROR: 
 
All India Institute of Medical Sciences, Bilaspur","All India Institute of Medical Sciences, Madurai",https://ror.org/00q4j0f43,https://ror.org/02w2tgt96,"All India Institute of Medical Sciences, Bilaspur",Related,Release
39640,https://github.com/ror-community/ror-updates/issues/39640,"Add a new organization to ROR: 
 
All India Institute of Medical Sciences, Bilaspur","All India Institute of Medical Sciences, Bilaspur",https://ror.org/02w2tgt96,https://ror.org/033dtky70,"All India Institute of Medical Sciences, Kalyani",Related,Production
39640,https://github.com/ror-community/ror-updates/issues/39640,"Add a new organization to ROR: 
 
All India Institute of Medical Sciences, Bilaspur","All India Institute of Medical Sciences, Kalyani",https://ror.org/033dtky70,https://ror.org/02w2tgt96,"All India Institute of Medical Sciences, Bilaspur",Related,Release
39615,https://github.com/ror-community/ror-updates/issues/39615,"Add a new organization to ROR: 
 
Winston Chung Global Energy Center",Winston Chung Global Energy Center,https://ror.org/004ct6736,https://ror.org/03nawhv43,"University of California, Riverside",Parent,Production
39615,https://github.com/ror-community/ror-updates/issues/39615,"Add a new organization to ROR: 
 
Winston Chung Global Energy Center","University of California, Riverside",https://ror.org/03nawhv43,https://ror.org/004ct6736,Winston Chung Global Energy Center,Child,Release
39517,https://github.com/ror-community/ror-updates/issues/39517,"Add a new organization to ROR: 
 
Instituto Oceanográfico de Venezuela",Instituto Oceanográfico de Venezuela,https://ror.org/02v75tb58,https://ror.org/03xygw105,Universidad de Oriente,Parent,Production
39517,https://github.com/ror-community/ror-updates/issues/39517,"Add a new organization to ROR: 
 
Instituto Oceanográfico de Venezuela",Universidad de Oriente,https://ror.org/03xygw105,https://ror.org/02v75tb58,Instituto Oceanográfico de Venezuela,Child,Release
39542,https://github.com/ror-community/ror-updates/issues/39542,"Add a new organization to ROR: 
 
Laboratoire Vibrations et Acoustique",Laboratoire Vibrations Acoustique,https://ror.org/00153bd30,https://ror.org/050jn9y42,Institut National des Sciences Appliquées de Lyon,Parent,Production
39542,https://github.com/ror-community/ror-updates/issues/39542,"Add a new organization to ROR: 
 
Laboratoire Vibrations et Acoustique",Institut National des Sciences Appliquées de Lyon,https://ror.org/050jn9y42,https://ror.org/00153bd30,Laboratoire Vibrations Acoustique,Child,Release
39328,https://github.com/ror-community/ror-updates/issues/39328,"Add a new organization to ROR: 
 
Center for Conservation Biology",Center for Conservation Biology,https://ror.org/02p74cb05,https://ror.org/03nawhv43,"University of California, Riverside",Parent,Production
39328,https://github.com/ror-community/ror-updates/issues/39328,"Add a new organization to ROR: 
 
Center for Conservation Biology","University of California, Riverside",https://ror.org/03nawhv43,https://ror.org/02p74cb05,Center for Conservation Biology,Child,Release
39030,https://github.com/ror-community/ror-updates/issues/39030,"Add a new organization to ROR: 
 
Center for Information Services and High Performance Computing",Center for Information Services and High Performance Computing,https://ror.org/003kzqz52,https://ror.org/04e72jx49,Center for Interdisciplinary Digital Sciences,Parent,Production
39030,https://github.com/ror-community/ror-updates/issues/39030,"Add a new organization to ROR: 
 
Center for Information Services and High Performance Computing",Center for Interdisciplinary Digital Sciences,https://ror.org/04e72jx49,https://ror.org/003kzqz52,Center for Information Services and High Performance Computing,Child,Release
39048,https://github.com/ror-community/ror-updates/issues/39048,"Add a new organization to ROR: 
 
Center for Molecular and Cellular Bioengineering",Center for Molecular and Cellular Bioengineering,https://ror.org/01y4jnr14,https://ror.org/042aqky30,Technische Universität Dresden,Parent,Production
39048,https://github.com/ror-community/ror-updates/issues/39048,"Add a new organization to ROR: 
 
Center for Molecular and Cellular Bioengineering",Technische Universität Dresden,https://ror.org/042aqky30,https://ror.org/01y4jnr14,Center for Molecular and Cellular Bioengineering,Child,Release
39048,https://github.com/ror-community/ror-updates/issues/39048,"Add a new organization to ROR: 
 
Center for Molecular and Cellular Bioengineering",Center for Molecular and Cellular Bioengineering,https://ror.org/01y4jnr14,https://ror.org/046b28292,Biotechnologisches Zentrum,Child,Production
39048,https://github.com/ror-community/ror-updates/issues/39048,"Add a new organization to ROR: 
 
Center for Molecular and Cellular Bioengineering",Biotechnologisches Zentrum,https://ror.org/046b28292,https://ror.org/01y4jnr14,Center for Molecular and Cellular Bioengineering,Parent,Release
39048,https://github.com/ror-community/ror-updates/issues/39048,"Add a new organization to ROR: 
 
Center for Molecular and Cellular Bioengineering",Center for Molecular and Cellular Bioengineering,https://ror.org/01y4jnr14,https://ror.org/05aa04p38,Center for Molecular Bioengineering,Child,Production
39048,https://github.com/ror-community/ror-updates/issues/39048,"Add a new organization to ROR: 
 
Center for Molecular and Cellular Bioengineering",Center for Molecular Bioengineering,https://ror.org/05aa04p38,https://ror.org/01y4jnr14,Center for Molecular and Cellular Bioengineering,Parent,Release
39048,https://github.com/ror-community/ror-updates/issues/39048,"Add a new organization to ROR: 
 
Center for Molecular and Cellular Bioengineering",Center for Molecular and Cellular Bioengineering,https://ror.org/01y4jnr14,https://ror.org/00490nx58,Center for Regenerative Therapies Dresden,Child,Production
39048,https://github.com/ror-community/ror-updates/issues/39048,"Add a new organization to ROR: 
 
Center for Molecular and Cellular Bioengineering",Center for Regenerative Therapies Dresden,https://ror.org/00490nx58,https://ror.org/01y4jnr14,Center for Molecular and Cellular Bioengineering,Parent,Release
39048,https://github.com/ror-community/ror-updates/issues/39048,"Add a new organization to ROR: 
 
Center for Molecular and Cellular Bioengineering",Center for Molecular and Cellular Bioengineering,https://ror.org/01y4jnr14,https://ror.org/025a7t810,DRESDEN-concept Genome Center,Child,Production
39048,https://github.com/ror-community/ror-updates/issues/39048,"Add a new organization to ROR: 
 
Center for Molecular and Cellular Bioengineering",DRESDEN-concept Genome Center,https://ror.org/025a7t810,https://ror.org/01y4jnr14,Center for Molecular and Cellular Bioengineering,Parent,Release
39049,https://github.com/ror-community/ror-updates/issues/39049,"Add a new organization to ROR: 
 
European Space Resources Innovation Centre (ESRIC)",European Space Resources Innovation Centre,https://ror.org/0151pre75,https://ror.org/01t178j62,Luxembourg Institute of Science and Technology,Parent,Production
39049,https://github.com/ror-community/ror-updates/issues/39049,"Add a new organization to ROR: 
 
European Space Resources Innovation Centre (ESRIC)",Luxembourg Institute of Science and Technology,https://ror.org/01t178j62,https://ror.org/0151pre75,European Space Resources Innovation Centre,Child,Release
39049,https://github.com/ror-community/ror-updates/issues/39049,"Add a new organization to ROR: 
 
European Space Resources Innovation Centre (ESRIC)",European Space Resources Innovation Centre,https://ror.org/0151pre75,https://ror.org/03wd9za21,European Space Agency,Parent,Production
39049,https://github.com/ror-community/ror-updates/issues/39049,"Add a new organization to ROR: 
 
European Space Resources Innovation Centre (ESRIC)",European Space Agency,https://ror.org/03wd9za21,https://ror.org/0151pre75,European Space Resources Innovation Centre,Child,Release
39063,https://github.com/ror-community/ror-updates/issues/39063,"Add a new organization to ROR: 
 
DELTA : Approches guidées par les données et sensibles à la dynamique conformationnelle pour les complexes macromoléculaires et leur conception",Approches guidées par les données et sensibles à la dynamique conformationnelle pour les complexes macromoléculaires et leur conception,https://ror.org/053w1hr11,https://ror.org/04vfs2w97,Université de Lorraine,Parent,Production
39063,https://github.com/ror-community/ror-updates/issues/39063,"Add a new organization to ROR: 
 
DELTA : Approches guidées par les données et sensibles à la dynamique conformationnelle pour les complexes macromoléculaires et leur conception",Université de Lorraine,https://ror.org/04vfs2w97,https://ror.org/053w1hr11,Approches guidées par les données et sensibles à la dynamique conformationnelle pour les complexes macromoléculaires et leur conception,Child,Release
39063,https://github.com/ror-community/ror-updates/issues/39063,"Add a new organization to ROR: 
 
DELTA : Approches guidées par les données et sensibles à la dynamique conformationnelle pour les complexes macromoléculaires et leur conception",Approches guidées par les données et sensibles à la dynamique conformationnelle pour les complexes macromoléculaires et leur conception,https://ror.org/053w1hr11,https://ror.org/03fcjvn64,Centre Inria de l'Université de Lorraine,Parent,Production
39063,https://github.com/ror-community/ror-updates/issues/39063,"Add a new organization to ROR: 
 
DELTA : Approches guidées par les données et sensibles à la dynamique conformationnelle pour les complexes macromoléculaires et leur conception",Centre Inria de l'Université de Lorraine,https://ror.org/03fcjvn64,https://ror.org/053w1hr11,Approches guidées par les données et sensibles à la dynamique conformationnelle pour les complexes macromoléculaires et leur conception,Child,Release
39080,https://github.com/ror-community/ror-updates/issues/39080,Add a new organization to ROR: Conservatoire botanique national des Pyrénées et de Midi-Pyrénées*fr,Conservatoire botanique national des Pyrénées et de Midi-Pyrénées,https://ror.org/03ykzjs82,https://ror.org/05amtr914,Récolnat,Related,Production
39080,https://github.com/ror-community/ror-updates/issues/39080,Add a new organization to ROR: Conservatoire botanique national des Pyrénées et de Midi-Pyrénées*fr,Récolnat,https://ror.org/05amtr914,https://ror.org/03ykzjs82,Conservatoire botanique national des Pyrénées et de Midi-Pyrénées,Related,Release
39082,https://github.com/ror-community/ror-updates/issues/39082,Add a new organization to ROR: Office de l'environnement de la Corse*fr,Office de l'environnement de la Corse,https://ror.org/02kvjz863,https://ror.org/05amtr914,Récolnat,Related,Production
39082,https://github.com/ror-community/ror-updates/issues/39082,Add a new organization to ROR: Office de l'environnement de la Corse*fr,Récolnat,https://ror.org/05amtr914,https://ror.org/02kvjz863,Office de l'environnement de la Corse,Related,Release
39122,https://github.com/ror-community/ror-updates/issues/39122,"Add a new organization to ROR: 
 
AMELEAS : Algorithmes, modèles, et évaluation pour les systèmes d’apprentissage","AMELEAS: Algorithmes, modèles, et évaluation pour les systèmes d’apprentissage",https://ror.org/054gg6w93,https://ror.org/01nzkaw91,Centre Inria d'Université Côte d'Azur,Parent,Production
39122,https://github.com/ror-community/ror-updates/issues/39122,"Add a new organization to ROR: 
 
AMELEAS : Algorithmes, modèles, et évaluation pour les systèmes d’apprentissage",Centre Inria d'Université Côte d'Azur,https://ror.org/01nzkaw91,https://ror.org/054gg6w93,"AMELEAS: Algorithmes, modèles, et évaluation pour les systèmes d’apprentissage",Child,Release
39124,https://github.com/ror-community/ror-updates/issues/39124,"Add a new organization to ROR: Federal College of Agriculture, Akure","Federal College of Agriculture, Akure",https://ror.org/01h79z592,https://ror.org/05r1jm831,Federal Ministry of Agriculture and Rural Development,Parent,Production
39124,https://github.com/ror-community/ror-updates/issues/39124,"Add a new organization to ROR: Federal College of Agriculture, Akure",Federal Ministry of Agriculture and Rural Development,https://ror.org/05r1jm831,https://ror.org/01h79z592,"Federal College of Agriculture, Akure",Child,Release
39124,https://github.com/ror-community/ror-updates/issues/39124,"Add a new organization to ROR: Federal College of Agriculture, Akure","Federal College of Agriculture, Akure",https://ror.org/01h79z592,https://ror.org/03wx2rr30,University of Ibadan,Related,Production
39124,https://github.com/ror-community/ror-updates/issues/39124,"Add a new organization to ROR: Federal College of Agriculture, Akure",University of Ibadan,https://ror.org/03wx2rr30,https://ror.org/01h79z592,"Federal College of Agriculture, Akure",Related,Release
39133,https://github.com/ror-community/ror-updates/issues/39133,"Add a new organization to ROR: 
 
Prefeitura Municipal de Parnamirim",Prefeitura Municipal de Parnamirim,https://ror.org/019q5a966,https://ror.org/04wn09761,Universidade Federal do Rio Grande do Norte,Related,Production
39133,https://github.com/ror-community/ror-updates/issues/39133,"Add a new organization to ROR: 
 
Prefeitura Municipal de Parnamirim",Universidade Federal do Rio Grande do Norte,https://ror.org/04wn09761,https://ror.org/019q5a966,Prefeitura Municipal de Parnamirim,Related,Release
39133,https://github.com/ror-community/ror-updates/issues/39133,"Add a new organization to ROR: 
 
Prefeitura Municipal de Parnamirim",Prefeitura Municipal de Parnamirim,https://ror.org/019q5a966,https://ror.org/05x2svh05,Universidade Federal Rural do Semi-Árido,Related,Production
39133,https://github.com/ror-community/ror-updates/issues/39133,"Add a new organization to ROR: 
 
Prefeitura Municipal de Parnamirim",Universidade Federal Rural do Semi-Árido,https://ror.org/05x2svh05,https://ror.org/019q5a966,Prefeitura Municipal de Parnamirim,Related,Release
39180,https://github.com/ror-community/ror-updates/issues/39180,"Add a new organization to ROR: 
 
Tanzania Veterinary Laboratory Agency",Tanzania Veterinary Laboratory Agency,https://ror.org/01vqrfz95,https://ror.org/0369jpd83,Ministry of Livestock and Fisheries,Parent,Production
39180,https://github.com/ror-community/ror-updates/issues/39180,"Add a new organization to ROR: 
 
Tanzania Veterinary Laboratory Agency",Ministry of Livestock and Fisheries,https://ror.org/0369jpd83,https://ror.org/01vqrfz95,Tanzania Veterinary Laboratory Agency,Child,Release
39668,https://github.com/ror-community/ror-updates/issues/39668,"Add a new organization to ROR: 
 
 Melmaruvathur Adhiparasakthi Institute of Medical Sciences and Research",Melmaruvathur Adhiparasakthi Institute of Medical Sciences and Research,https://ror.org/05hqses57,https://ror.org/00b3mhg89,Tamil Nadu Dr. M.G.R. Medical University,Related,Production
39668,https://github.com/ror-community/ror-updates/issues/39668,"Add a new organization to ROR: 
 
 Melmaruvathur Adhiparasakthi Institute of Medical Sciences and Research",Tamil Nadu Dr. M.G.R. Medical University,https://ror.org/00b3mhg89,https://ror.org/05hqses57,Melmaruvathur Adhiparasakthi Institute of Medical Sciences and Research,Related,Release
39365,https://github.com/ror-community/ror-updates/issues/39365,"Add a new organization to ROR: 
 
Center for Research Computing",Center for Research Computing,https://ror.org/010sw1x33,https://ror.org/008zs3103,Rice University,Parent,Production
39365,https://github.com/ror-community/ror-updates/issues/39365,"Add a new organization to ROR: 
 
Center for Research Computing",Rice University,https://ror.org/008zs3103,https://ror.org/010sw1x33,Center for Research Computing,Child,Release
39208,https://github.com/ror-community/ror-updates/issues/39208,"Add a new organization to ROR: 
 
K J Somaiya Institute of Management",K J Somaiya Institute of Management,https://ror.org/01x7cet86,https://ror.org/031chmq77,Somaiya Vidyavihar University,Parent,Production
39208,https://github.com/ror-community/ror-updates/issues/39208,"Add a new organization to ROR: 
 
K J Somaiya Institute of Management",Somaiya Vidyavihar University,https://ror.org/031chmq77,https://ror.org/01x7cet86,K J Somaiya Institute of Management,Child,Release
39351,https://github.com/ror-community/ror-updates/issues/39351,"Add a new organization to ROR: 
 
PLA National Defence University",PLA National Defence University,https://ror.org/02ak6qt26,https://ror.org/02q4yjc78,International College of Defence Studies,Child,Production
39351,https://github.com/ror-community/ror-updates/issues/39351,"Add a new organization to ROR: 
 
PLA National Defence University",International College of Defence Studies,https://ror.org/02q4yjc78,https://ror.org/02ak6qt26,PLA National Defence University,Parent,Release
39209,https://github.com/ror-community/ror-updates/issues/39209,"Add a new organization to ROR: 
 
 Citrus Research Center and Agricultural Experiment Station",Citrus Research Center and Agricultural Experiment Station,https://ror.org/013bk5x06,https://ror.org/03nawhv43,"University of California, Riverside",Parent,Production
39209,https://github.com/ror-community/ror-updates/issues/39209,"Add a new organization to ROR: 
 
 Citrus Research Center and Agricultural Experiment Station","University of California, Riverside",https://ror.org/03nawhv43,https://ror.org/013bk5x06,Citrus Research Center and Agricultural Experiment Station,Child,Release
39288,https://github.com/ror-community/ror-updates/issues/39288,"Add a new organization to ROR: 
 
Center for Robotics and Intelligent Systems",Center for Robotics and Intelligent Systems,https://ror.org/04sy07p69,https://ror.org/03nawhv43,"University of California, Riverside",Parent,Production
39288,https://github.com/ror-community/ror-updates/issues/39288,"Add a new organization to ROR: 
 
Center for Robotics and Intelligent Systems","University of California, Riverside",https://ror.org/03nawhv43,https://ror.org/04sy07p69,Center for Robotics and Intelligent Systems,Child,Release
39434,https://github.com/ror-community/ror-updates/issues/39434,"Add a new organization to ROR: 
 
CollEx-Persée",CollEx-Persée,https://ror.org/035k2fb31,https://ror.org/00cd48p72,Établissement public Campus Condorcet,Related,Production
39434,https://github.com/ror-community/ror-updates/issues/39434,"Add a new organization to ROR: 
 
CollEx-Persée",Établissement public Campus Condorcet,https://ror.org/00cd48p72,https://ror.org/035k2fb31,CollEx-Persée,Related,Release
39434,https://github.com/ror-community/ror-updates/issues/39434,"Add a new organization to ROR: 
 
CollEx-Persée",CollEx-Persée,https://ror.org/035k2fb31,https://ror.org/0200cc312,Persée,Related,Production
39434,https://github.com/ror-community/ror-updates/issues/39434,"Add a new organization to ROR: 
 
CollEx-Persée",Persée,https://ror.org/0200cc312,https://ror.org/035k2fb31,CollEx-Persée,Related,Release
39443,https://github.com/ror-community/ror-updates/issues/39443,"Add a new organization to ROR: 
 
Santé Québec",Santé Québec,https://ror.org/028t2bs12,https://ror.org/046r13h33,Ministère de la Santé et des Services Sociaux (Québec),Parent,Production
39443,https://github.com/ror-community/ror-updates/issues/39443,"Add a new organization to ROR: 
 
Santé Québec",Ministère de la Santé et des Services Sociaux (Québec),https://ror.org/046r13h33,https://ror.org/028t2bs12,Santé Québec,Child,Release
39443,https://github.com/ror-community/ror-updates/issues/39443,"Add a new organization to ROR: 
 
Santé Québec",Santé Québec,https://ror.org/028t2bs12,https://ror.org/03gf7z214,Institut universitaire de cardiologie et de pneumologie de Québec,Child,Production
39443,https://github.com/ror-community/ror-updates/issues/39443,"Add a new organization to ROR: 
 
Santé Québec",Institut universitaire de cardiologie et de pneumologie de Québec,https://ror.org/03gf7z214,https://ror.org/028t2bs12,Santé Québec,Parent,Release
39443,https://github.com/ror-community/ror-updates/issues/39443,"Add a new organization to ROR: 
 
Santé Québec",Santé Québec,https://ror.org/028t2bs12,https://ror.org/047xt4p04,Centre Intégré de Santé et de Services Sociaux du Bas-Saint-Laurent,Child,Production
39443,https://github.com/ror-community/ror-updates/issues/39443,"Add a new organization to ROR: 
 
Santé Québec",Centre Intégré de Santé et de Services Sociaux du Bas-Saint-Laurent,https://ror.org/047xt4p04,https://ror.org/028t2bs12,Santé Québec,Parent,Release
39443,https://github.com/ror-community/ror-updates/issues/39443,"Add a new organization to ROR: 
 
Santé Québec",Santé Québec,https://ror.org/028t2bs12,https://ror.org/00pamm417,Centre intégré universitaire de santé et de services sociaux de la Capitale-Nationale,Child,Production
39443,https://github.com/ror-community/ror-updates/issues/39443,"Add a new organization to ROR: 
 
Santé Québec",Centre intégré universitaire de santé et de services sociaux de la Capitale-Nationale,https://ror.org/00pamm417,https://ror.org/028t2bs12,Santé Québec,Parent,Release
39443,https://github.com/ror-community/ror-updates/issues/39443,"Add a new organization to ROR: 
 
Santé Québec",Santé Québec,https://ror.org/028t2bs12,https://ror.org/05qn5kv73,CHU de Québec-Université Laval,Child,Production
39443,https://github.com/ror-community/ror-updates/issues/39443,"Add a new organization to ROR: 
 
Santé Québec",CHU de Québec-Université Laval,https://ror.org/05qn5kv73,https://ror.org/028t2bs12,Santé Québec,Parent,Release
39443,https://github.com/ror-community/ror-updates/issues/39443,"Add a new organization to ROR: 
 
Santé Québec",Santé Québec,https://ror.org/028t2bs12,https://ror.org/03aes0d95,Centre Intégré de Santé et Services Sociaux de Chaudière-Appalache,Child,Production
39443,https://github.com/ror-community/ror-updates/issues/39443,"Add a new organization to ROR: 
 
Santé Québec",Centre Intégré de Santé et Services Sociaux de Chaudière-Appalache,https://ror.org/03aes0d95,https://ror.org/028t2bs12,Santé Québec,Parent,Release
39443,https://github.com/ror-community/ror-updates/issues/39443,"Add a new organization to ROR: 
 
Santé Québec",Santé Québec,https://ror.org/028t2bs12,https://ror.org/05ghbjx71,Centre intégré de santé et de services sociaux de Chaudière-Appalaches,Child,Production
39443,https://github.com/ror-community/ror-updates/issues/39443,"Add a new organization to ROR: 
 
Santé Québec",Centre intégré de santé et de services sociaux de Chaudière-Appalaches,https://ror.org/05ghbjx71,https://ror.org/028t2bs12,Santé Québec,Parent,Release
39443,https://github.com/ror-community/ror-updates/issues/39443,"Add a new organization to ROR: 
 
Santé Québec",Santé Québec,https://ror.org/028t2bs12,https://ror.org/00brnhb09,Centre intégré de santé et de services sociaux de la Côte-Nord,Child,Production
39443,https://github.com/ror-community/ror-updates/issues/39443,"Add a new organization to ROR: 
 
Santé Québec",Centre intégré de santé et de services sociaux de la Côte-Nord,https://ror.org/00brnhb09,https://ror.org/028t2bs12,Santé Québec,Parent,Release
39443,https://github.com/ror-community/ror-updates/issues/39443,"Add a new organization to ROR: 
 
Santé Québec",Santé Québec,https://ror.org/028t2bs12,https://ror.org/006a7pj43,Centre hospitalier universitaire de Québec,Child,Production
39443,https://github.com/ror-community/ror-updates/issues/39443,"Add a new organization to ROR: 
 
Santé Québec",Centre hospitalier universitaire de Québec,https://ror.org/006a7pj43,https://ror.org/028t2bs12,Santé Québec,Parent,Release
39443,https://github.com/ror-community/ror-updates/issues/39443,"Add a new organization to ROR: 
 
Santé Québec",Santé Québec,https://ror.org/028t2bs12,https://ror.org/020r51985,Centre Hospitalier Universitaire de Sherbrooke,Child,Production
39443,https://github.com/ror-community/ror-updates/issues/39443,"Add a new organization to ROR: 
 
Santé Québec",Centre Hospitalier Universitaire de Sherbrooke,https://ror.org/020r51985,https://ror.org/028t2bs12,Santé Québec,Parent,Release
39443,https://github.com/ror-community/ror-updates/issues/39443,"Add a new organization to ROR: 
 
Santé Québec",Santé Québec,https://ror.org/028t2bs12,https://ror.org/00j7hdq58,Centre hospitalier affilié universitaire de Québec,Child,Production
39443,https://github.com/ror-community/ror-updates/issues/39443,"Add a new organization to ROR: 
 
Santé Québec",Centre hospitalier affilié universitaire de Québec,https://ror.org/00j7hdq58,https://ror.org/028t2bs12,Santé Québec,Parent,Release
39443,https://github.com/ror-community/ror-updates/issues/39443,"Add a new organization to ROR: 
 
Santé Québec",Santé Québec,https://ror.org/028t2bs12,https://ror.org/01wpx1p02,Health and Social Services Centre University Institute of Geriatrics of Sherbrooke,Child,Production
39443,https://github.com/ror-community/ror-updates/issues/39443,"Add a new organization to ROR: 
 
Santé Québec",Health and Social Services Centre University Institute of Geriatrics of Sherbrooke,https://ror.org/01wpx1p02,https://ror.org/028t2bs12,Santé Québec,Parent,Release
39443,https://github.com/ror-community/ror-updates/issues/39443,"Add a new organization to ROR: 
 
Santé Québec",Santé Québec,https://ror.org/028t2bs12,https://ror.org/020hftj25,Centre Intégré de Santé et Services Sociaux de la Gaspésie,Child,Production
39443,https://github.com/ror-community/ror-updates/issues/39443,"Add a new organization to ROR: 
 
Santé Québec",Centre Intégré de Santé et Services Sociaux de la Gaspésie,https://ror.org/020hftj25,https://ror.org/028t2bs12,Santé Québec,Parent,Release
39443,https://github.com/ror-community/ror-updates/issues/39443,"Add a new organization to ROR: 
 
Santé Québec",Santé Québec,https://ror.org/028t2bs12,https://ror.org/02zap0h66,Centre intégré de santé et de services sociaux de Lanaudière,Child,Production
39443,https://github.com/ror-community/ror-updates/issues/39443,"Add a new organization to ROR: 
 
Santé Québec",Centre intégré de santé et de services sociaux de Lanaudière,https://ror.org/02zap0h66,https://ror.org/028t2bs12,Santé Québec,Parent,Release
39443,https://github.com/ror-community/ror-updates/issues/39443,"Add a new organization to ROR: 
 
Santé Québec",Santé Québec,https://ror.org/028t2bs12,https://ror.org/0442t6705,Centre Intégré de Santé et de Services Sociaux des Laurentides,Child,Production
39443,https://github.com/ror-community/ror-updates/issues/39443,"Add a new organization to ROR: 
 
Santé Québec",Centre Intégré de Santé et de Services Sociaux des Laurentides,https://ror.org/0442t6705,https://ror.org/028t2bs12,Santé Québec,Parent,Release
39443,https://github.com/ror-community/ror-updates/issues/39443,"Add a new organization to ROR: 
 
Santé Québec",Santé Québec,https://ror.org/028t2bs12,https://ror.org/02jvrpv13,Centre intégré universitaire de santé et de services sociaux de la Mauricie-et-du-Centre-du-Québec,Child,Production
39443,https://github.com/ror-community/ror-updates/issues/39443,"Add a new organization to ROR: 
 
Santé Québec",Centre intégré universitaire de santé et de services sociaux de la Mauricie-et-du-Centre-du-Québec,https://ror.org/02jvrpv13,https://ror.org/028t2bs12,Santé Québec,Parent,Release
39443,https://github.com/ror-community/ror-updates/issues/39443,"Add a new organization to ROR: 
 
Santé Québec",Santé Québec,https://ror.org/028t2bs12,https://ror.org/03q7kf412,Santé Montérégie,Child,Production
39443,https://github.com/ror-community/ror-updates/issues/39443,"Add a new organization to ROR: 
 
Santé Québec",Santé Montérégie,https://ror.org/03q7kf412,https://ror.org/028t2bs12,Santé Québec,Parent,Release
39443,https://github.com/ror-community/ror-updates/issues/39443,"Add a new organization to ROR: 
 
Santé Québec",Santé Québec,https://ror.org/028t2bs12,https://ror.org/04qekdn52,Centre intégré de santé et de services sociaux de la Montérégie-Centre,Child,Production
39443,https://github.com/ror-community/ror-updates/issues/39443,"Add a new organization to ROR: 
 
Santé Québec",Centre intégré de santé et de services sociaux de la Montérégie-Centre,https://ror.org/04qekdn52,https://ror.org/028t2bs12,Santé Québec,Parent,Release
39443,https://github.com/ror-community/ror-updates/issues/39443,"Add a new organization to ROR: 
 
Santé Québec",Santé Québec,https://ror.org/028t2bs12,https://ror.org/057c1ry34,Centre intégré de santé et de services sociaux de la Montérégie-Est,Child,Production
39443,https://github.com/ror-community/ror-updates/issues/39443,"Add a new organization to ROR: 
 
Santé Québec",Centre intégré de santé et de services sociaux de la Montérégie-Est,https://ror.org/057c1ry34,https://ror.org/028t2bs12,Santé Québec,Parent,Release
39443,https://github.com/ror-community/ror-updates/issues/39443,"Add a new organization to ROR: 
 
Santé Québec",Santé Québec,https://ror.org/028t2bs12,https://ror.org/05cmj5t40,Centre intégré de santé et de services sociaux de la Montérégie-Ouest,Child,Production
39443,https://github.com/ror-community/ror-updates/issues/39443,"Add a new organization to ROR: 
 
Santé Québec",Centre intégré de santé et de services sociaux de la Montérégie-Ouest,https://ror.org/05cmj5t40,https://ror.org/028t2bs12,Santé Québec,Parent,Release
39443,https://github.com/ror-community/ror-updates/issues/39443,"Add a new organization to ROR: 
 
Santé Québec",Santé Québec,https://ror.org/028t2bs12,https://ror.org/04mc33q52,Centre Intégré Universitaire de Santé et de Services Sociaux du Centre-Sud-de-l'Île-de-Montréal,Child,Production
39443,https://github.com/ror-community/ror-updates/issues/39443,"Add a new organization to ROR: 
 
Santé Québec",Centre Intégré Universitaire de Santé et de Services Sociaux du Centre-Sud-de-l'Île-de-Montréal,https://ror.org/04mc33q52,https://ror.org/028t2bs12,Santé Québec,Parent,Release
39443,https://github.com/ror-community/ror-updates/issues/39443,"Add a new organization to ROR: 
 
Santé Québec",Santé Québec,https://ror.org/028t2bs12,https://ror.org/0410a8y51,Centre Hospitalier de l’Université de Montréal,Child,Production
39443,https://github.com/ror-community/ror-updates/issues/39443,"Add a new organization to ROR: 
 
Santé Québec",Centre Hospitalier de l’Université de Montréal,https://ror.org/0410a8y51,https://ror.org/028t2bs12,Santé Québec,Parent,Release
39443,https://github.com/ror-community/ror-updates/issues/39443,"Add a new organization to ROR: 
 
Santé Québec",Santé Québec,https://ror.org/028t2bs12,https://ror.org/01gv74p78,Centre Hospitalier Universitaire Sainte-Justine,Child,Production
39443,https://github.com/ror-community/ror-updates/issues/39443,"Add a new organization to ROR: 
 
Santé Québec",Centre Hospitalier Universitaire Sainte-Justine,https://ror.org/01gv74p78,https://ror.org/028t2bs12,Santé Québec,Parent,Release
39443,https://github.com/ror-community/ror-updates/issues/39443,"Add a new organization to ROR: 
 
Santé Québec",Santé Québec,https://ror.org/028t2bs12,https://ror.org/04cpxjv19,McGill University Health Centre,Child,Production
39443,https://github.com/ror-community/ror-updates/issues/39443,"Add a new organization to ROR: 
 
Santé Québec",McGill University Health Centre,https://ror.org/04cpxjv19,https://ror.org/028t2bs12,Santé Québec,Parent,Release
39443,https://github.com/ror-community/ror-updates/issues/39443,"Add a new organization to ROR: 
 
Santé Québec",Santé Québec,https://ror.org/028t2bs12,https://ror.org/03qbtqz88,CIUSSS du Centre-Ouest-de-l'Île-de-Montréal,Child,Production
39443,https://github.com/ror-community/ror-updates/issues/39443,"Add a new organization to ROR: 
 
Santé Québec",CIUSSS du Centre-Ouest-de-l'Île-de-Montréal,https://ror.org/03qbtqz88,https://ror.org/028t2bs12,Santé Québec,Parent,Release
39443,https://github.com/ror-community/ror-updates/issues/39443,"Add a new organization to ROR: 
 
Santé Québec",Santé Québec,https://ror.org/028t2bs12,https://ror.org/00enf6a78,Centre intégré universitaire de santé et de services sociaux de l'Ouest-de-l’Île-de-Montréal,Child,Production
39443,https://github.com/ror-community/ror-updates/issues/39443,"Add a new organization to ROR: 
 
Santé Québec",Centre intégré universitaire de santé et de services sociaux de l'Ouest-de-l’Île-de-Montréal,https://ror.org/00enf6a78,https://ror.org/028t2bs12,Santé Québec,Parent,Release
39443,https://github.com/ror-community/ror-updates/issues/39443,"Add a new organization to ROR: 
 
Santé Québec",Santé Québec,https://ror.org/028t2bs12,https://ror.org/03vs03g62,Montreal Heart Institute,Child,Production
39443,https://github.com/ror-community/ror-updates/issues/39443,"Add a new organization to ROR: 
 
Santé Québec",Montreal Heart Institute,https://ror.org/03vs03g62,https://ror.org/028t2bs12,Santé Québec,Parent,Release
39443,https://github.com/ror-community/ror-updates/issues/39443,"Add a new organization to ROR: 
 
Santé Québec",Santé Québec,https://ror.org/028t2bs12,https://ror.org/02w6r0892,Institut national de psychiatrie légale Philippe-Pinel,Child,Production
39443,https://github.com/ror-community/ror-updates/issues/39443,"Add a new organization to ROR: 
 
Santé Québec",Institut national de psychiatrie légale Philippe-Pinel,https://ror.org/02w6r0892,https://ror.org/028t2bs12,Santé Québec,Parent,Release
39443,https://github.com/ror-community/ror-updates/issues/39443,"Add a new organization to ROR: 
 
Santé Québec",Santé Québec,https://ror.org/028t2bs12,https://ror.org/03n9mt987,Centre intégré universitaire de santé et de services sociaux du Nord-de-l’Île-de-Montréal,Child,Production
39443,https://github.com/ror-community/ror-updates/issues/39443,"Add a new organization to ROR: 
 
Santé Québec",Centre intégré universitaire de santé et de services sociaux du Nord-de-l’Île-de-Montréal,https://ror.org/03n9mt987,https://ror.org/028t2bs12,Santé Québec,Parent,Release
39443,https://github.com/ror-community/ror-updates/issues/39443,"Add a new organization to ROR: 
 
Santé Québec",Santé Québec,https://ror.org/028t2bs12,https://ror.org/00vbjyq64,Centre Intégré Universitaire de Santé et de Services Sociaux du Saguenay–Lac-Saint-Jean,Child,Production
39443,https://github.com/ror-community/ror-updates/issues/39443,"Add a new organization to ROR: 
 
Santé Québec",Centre Intégré Universitaire de Santé et de Services Sociaux du Saguenay–Lac-Saint-Jean,https://ror.org/00vbjyq64,https://ror.org/028t2bs12,Santé Québec,Parent,Release
39490,https://github.com/ror-community/ror-updates/issues/39490,"Add a new organization to ROR: 
 
Epidémiologie clinique et vieillissement",Epidémiologie clinique et vieillissement,https://ror.org/02ec07q56,https://ror.org/02ryfmr77,Université des Antilles,Parent,Production
39490,https://github.com/ror-community/ror-updates/issues/39490,"Add a new organization to ROR: 
 
Epidémiologie clinique et vieillissement",Université des Antilles,https://ror.org/02ryfmr77,https://ror.org/02ec07q56,Epidémiologie clinique et vieillissement,Child,Release
39490,https://github.com/ror-community/ror-updates/issues/39490,"Add a new organization to ROR: 
 
Epidémiologie clinique et vieillissement",Epidémiologie clinique et vieillissement,https://ror.org/02ec07q56,https://ror.org/0376kfa34,Centre Hospitalier Universitaire de Martinique,Parent,Production
39490,https://github.com/ror-community/ror-updates/issues/39490,"Add a new organization to ROR: 
 
Epidémiologie clinique et vieillissement",Centre Hospitalier Universitaire de Martinique,https://ror.org/0376kfa34,https://ror.org/02ec07q56,Epidémiologie clinique et vieillissement,Child,Release
39491,https://github.com/ror-community/ror-updates/issues/39491,"Add a new organization to ROR: 
 
Connaissance et Valorisation : Chimie des matériaux Environnement, Energie","Connaissance et Valorisation : Chimie des matériaux Environnement, Energie",https://ror.org/00xv84r58,https://ror.org/02ryfmr77,Université des Antilles,Parent,Production
39491,https://github.com/ror-community/ror-updates/issues/39491,"Add a new organization to ROR: 
 
Connaissance et Valorisation : Chimie des matériaux Environnement, Energie",Université des Antilles,https://ror.org/02ryfmr77,https://ror.org/00xv84r58,"Connaissance et Valorisation : Chimie des matériaux Environnement, Energie",Child,Release
39492,https://github.com/ror-community/ror-updates/issues/39492,"Add a new organization to ROR: 
 
Archéologie Industrielle, Histoire, Patrimoine/Géographie- Développement Environnement de la Caraïbe","Archéologie Industrielle, Histoire, Patrimoine/Géographie-Développement, Environnement de la Caraïbe",https://ror.org/04hwvtm24,https://ror.org/02ryfmr77,Université des Antilles,Parent,Production
39492,https://github.com/ror-community/ror-updates/issues/39492,"Add a new organization to ROR: 
 
Archéologie Industrielle, Histoire, Patrimoine/Géographie- Développement Environnement de la Caraïbe",Université des Antilles,https://ror.org/02ryfmr77,https://ror.org/04hwvtm24,"Archéologie Industrielle, Histoire, Patrimoine/Géographie-Développement, Environnement de la Caraïbe",Child,Release
39492,https://github.com/ror-community/ror-updates/issues/39492,"Add a new organization to ROR: 
 
Archéologie Industrielle, Histoire, Patrimoine/Géographie- Développement Environnement de la Caraïbe","Archéologie Industrielle, Histoire, Patrimoine/Géographie-Développement, Environnement de la Caraïbe",https://ror.org/04hwvtm24,https://ror.org/02feahw73,Centre National de la Recherche Scientifique,Parent,Production
39492,https://github.com/ror-community/ror-updates/issues/39492,"Add a new organization to ROR: 
 
Archéologie Industrielle, Histoire, Patrimoine/Géographie- Développement Environnement de la Caraïbe",Centre National de la Recherche Scientifique,https://ror.org/02feahw73,https://ror.org/04hwvtm24,"Archéologie Industrielle, Histoire, Patrimoine/Géographie-Développement, Environnement de la Caraïbe",Child,Release
39494,https://github.com/ror-community/ror-updates/issues/39494,"Add a new organization to ROR: 
 
Centre de recherche en économie et en droit sur le développement",Centre de recherche en économie et en droit sur le développement insulaire,https://ror.org/01dhep773,https://ror.org/02ryfmr77,Université des Antilles,Parent,Production
39494,https://github.com/ror-community/ror-updates/issues/39494,"Add a new organization to ROR: 
 
Centre de recherche en économie et en droit sur le développement",Université des Antilles,https://ror.org/02ryfmr77,https://ror.org/01dhep773,Centre de recherche en économie et en droit sur le développement insulaire,Child,Release
39493,https://github.com/ror-community/ror-updates/issues/39493,"Add a new organization to ROR: 
 
Management, Économie, Modélisation, Informatique et Aide à la Décision","Management, Économie, Modélisation, Informatique et Aide à la Décision",https://ror.org/0547mqq58,https://ror.org/02ryfmr77,Université des Antilles,Parent,Production
39493,https://github.com/ror-community/ror-updates/issues/39493,"Add a new organization to ROR: 
 
Management, Économie, Modélisation, Informatique et Aide à la Décision",Université des Antilles,https://ror.org/02ryfmr77,https://ror.org/0547mqq58,"Management, Économie, Modélisation, Informatique et Aide à la Décision",Child,Release
39509,https://github.com/ror-community/ror-updates/issues/39509,"Add a new organization to ROR: 
 
Xiangxi Tujia and Miao Autonomous Prefecture People's Hospital",Xiangxi Tujia and Miao Autonomous Prefecture People's Hospital,https://ror.org/03d966663,https://ror.org/056szk247,Jishou University,Related,Production
39509,https://github.com/ror-community/ror-updates/issues/39509,"Add a new organization to ROR: 
 
Xiangxi Tujia and Miao Autonomous Prefecture People's Hospital",Jishou University,https://ror.org/056szk247,https://ror.org/03d966663,Xiangxi Tujia and Miao Autonomous Prefecture People's Hospital,Related,Release
39532,https://github.com/ror-community/ror-updates/issues/39532,"Add a new organization to ROR: 
 
Geistes- und kulturwissenschaftliche Forschungsinfrastrukturen e.V.",Geistes- und kulturwissenschaftliche Forschungsinfrastrukturen e.V.,https://ror.org/01qfmzg56,https://ror.org/00hvwkt50,Leibniz Institute for the German Language,Related,Production
39532,https://github.com/ror-community/ror-updates/issues/39532,"Add a new organization to ROR: 
 
Geistes- und kulturwissenschaftliche Forschungsinfrastrukturen e.V.",Leibniz Institute for the German Language,https://ror.org/00hvwkt50,https://ror.org/01qfmzg56,Geistes- und kulturwissenschaftliche Forschungsinfrastrukturen e.V.,Related,Release
39532,https://github.com/ror-community/ror-updates/issues/39532,"Add a new organization to ROR: 
 
Geistes- und kulturwissenschaftliche Forschungsinfrastrukturen e.V.",Geistes- und kulturwissenschaftliche Forschungsinfrastrukturen e.V.,https://ror.org/01qfmzg56,https://ror.org/05745n787,Niedersächsische Staats-und Universitätsbibliothek Göttingen,Related,Production
39532,https://github.com/ror-community/ror-updates/issues/39532,"Add a new organization to ROR: 
 
Geistes- und kulturwissenschaftliche Forschungsinfrastrukturen e.V.",Niedersächsische Staats-und Universitätsbibliothek Göttingen,https://ror.org/05745n787,https://ror.org/01qfmzg56,Geistes- und kulturwissenschaftliche Forschungsinfrastrukturen e.V.,Related,Release
39558,https://github.com/ror-community/ror-updates/issues/39558,"Add a new organization to ROR: 
 
Adaptation, Climat Tropical, Exercice et Santé","Adaptation, Climat Tropical, Exercice et Santé",https://ror.org/033gay985,https://ror.org/02ryfmr77,Université des Antilles,Parent,Production
39558,https://github.com/ror-community/ror-updates/issues/39558,"Add a new organization to ROR: 
 
Adaptation, Climat Tropical, Exercice et Santé",Université des Antilles,https://ror.org/02ryfmr77,https://ror.org/033gay985,"Adaptation, Climat Tropical, Exercice et Santé",Child,Release
39558,https://github.com/ror-community/ror-updates/issues/39558,"Add a new organization to ROR: 
 
Adaptation, Climat Tropical, Exercice et Santé","Adaptation, Climat Tropical, Exercice et Santé",https://ror.org/033gay985,https://ror.org/02vjkv261,Inserm,Parent,Production
39558,https://github.com/ror-community/ror-updates/issues/39558,"Add a new organization to ROR: 
 
Adaptation, Climat Tropical, Exercice et Santé",Inserm,https://ror.org/02vjkv261,https://ror.org/033gay985,"Adaptation, Climat Tropical, Exercice et Santé",Child,Release
39560,https://github.com/ror-community/ror-updates/issues/39560,"Add a new organization to ROR: 
 
Centre de Recherche Interdisciplinaire en Lettres, Langues, Arts et Sciences Humaines","Centre de Recherche Interdisciplinaire en Lettres, Langues, Arts et Sciences Humaines",https://ror.org/04fq95z33,https://ror.org/02ryfmr77,Université des Antilles,Parent,Production
39560,https://github.com/ror-community/ror-updates/issues/39560,"Add a new organization to ROR: 
 
Centre de Recherche Interdisciplinaire en Lettres, Langues, Arts et Sciences Humaines",Université des Antilles,https://ror.org/02ryfmr77,https://ror.org/04fq95z33,"Centre de Recherche Interdisciplinaire en Lettres, Langues, Arts et Sciences Humaines",Child,Release
39562,https://github.com/ror-community/ror-updates/issues/39562,"Add a new organization to ROR: 
 
Centre de Recherches et de Ressources en Education et Formation",Centre de Recherches et de Ressources en Éducation et Formation,https://ror.org/048bnmy10,https://ror.org/02ryfmr77,Université des Antilles,Parent,Production
39562,https://github.com/ror-community/ror-updates/issues/39562,"Add a new organization to ROR: 
 
Centre de Recherches et de Ressources en Education et Formation",Université des Antilles,https://ror.org/02ryfmr77,https://ror.org/048bnmy10,Centre de Recherches et de Ressources en Éducation et Formation,Child,Release
39563,https://github.com/ror-community/ror-updates/issues/39563,"Add a new organization to ROR: 
 
Laboratoire des Matériaux et Molécules en Milieu Agressif ",Laboratoire des Matériaux et Molécules en Milieu Agressif,https://ror.org/05x9ptf98,https://ror.org/02ryfmr77,Université des Antilles,Parent,Production
39563,https://github.com/ror-community/ror-updates/issues/39563,"Add a new organization to ROR: 
 
Laboratoire des Matériaux et Molécules en Milieu Agressif ",Université des Antilles,https://ror.org/02ryfmr77,https://ror.org/05x9ptf98,Laboratoire des Matériaux et Molécules en Milieu Agressif,Child,Release
39563,https://github.com/ror-community/ror-updates/issues/39563,"Add a new organization to ROR: 
 
Laboratoire des Matériaux et Molécules en Milieu Agressif ",Laboratoire des Matériaux et Molécules en Milieu Agressif,https://ror.org/05x9ptf98,https://ror.org/05s6rge65,École Centrale de Lyon,Related,Production
39563,https://github.com/ror-community/ror-updates/issues/39563,"Add a new organization to ROR: 
 
Laboratoire des Matériaux et Molécules en Milieu Agressif ",École Centrale de Lyon,https://ror.org/05s6rge65,https://ror.org/05x9ptf98,Laboratoire des Matériaux et Molécules en Milieu Agressif,Related,Release
39815,https://github.com/ror-community/ror-updates/issues/39815,"Add a new organization to ROR: 
 
Nigam Institute Of Engineering and Technology",Nigam Institute of Engineering and Technology,https://ror.org/04622ye77,https://ror.org/03vqjtg68,Biju Patnaik University of Technology,Related,Production
39815,https://github.com/ror-community/ror-updates/issues/39815,"Add a new organization to ROR: 
 
Nigam Institute Of Engineering and Technology",Biju Patnaik University of Technology,https://ror.org/03vqjtg68,https://ror.org/04622ye77,Nigam Institute of Engineering and Technology,Related,Release
39850,https://github.com/ror-community/ror-updates/issues/39850,Add a new organization to ROR: Australian Defence Force (Australia),Australian Defence Force,https://ror.org/047fqap31,https://ror.org/0314h5y94,Australian Government,Parent,Production
39850,https://github.com/ror-community/ror-updates/issues/39850,Add a new organization to ROR: Australian Defence Force (Australia),Australian Government,https://ror.org/0314h5y94,https://ror.org/047fqap31,Australian Defence Force,Child,Release
39850,https://github.com/ror-community/ror-updates/issues/39850,Add a new organization to ROR: Australian Defence Force (Australia),Australian Defence Force,https://ror.org/047fqap31,https://ror.org/051wnqr14,Department of Defence,Related,Production
39850,https://github.com/ror-community/ror-updates/issues/39850,Add a new organization to ROR: Australian Defence Force (Australia),Department of Defence,https://ror.org/051wnqr14,https://ror.org/047fqap31,Australian Defence Force,Related,Release
39850,https://github.com/ror-community/ror-updates/issues/39850,Add a new organization to ROR: Australian Defence Force (Australia),Australian Defence Force,https://ror.org/047fqap31,https://ror.org/01v5gaf74,Royal Australian Air Force,Child,Production
39850,https://github.com/ror-community/ror-updates/issues/39850,Add a new organization to ROR: Australian Defence Force (Australia),Royal Australian Air Force,https://ror.org/01v5gaf74,https://ror.org/047fqap31,Australian Defence Force,Parent,Release
39844,https://github.com/ror-community/ror-updates/issues/39844,"Add a new organization to ROR: 
 
State Scientific Research Institute for Informatization and Economic Modeling",State Research Institute for Informatization and Economic Modeling,https://ror.org/0124pkn71,https://ror.org/00epmtw64,Government of Ukraine,Parent,Production
39844,https://github.com/ror-community/ror-updates/issues/39844,"Add a new organization to ROR: 
 
State Scientific Research Institute for Informatization and Economic Modeling",Government of Ukraine,https://ror.org/00epmtw64,https://ror.org/0124pkn71,State Research Institute for Informatization and Economic Modeling,Child,Release
39783,https://github.com/ror-community/ror-updates/issues/39783,"Add a new organization to ROR: 
 
Instituto de Ciencias Ambientales y Ecológicas",Instituto de Ciencias Ambientales y Ecológicas,https://ror.org/00t4fvv78,https://ror.org/02h1b1x27,University of the Andes,Parent,Production
39783,https://github.com/ror-community/ror-updates/issues/39783,"Add a new organization to ROR: 
 
Instituto de Ciencias Ambientales y Ecológicas",University of the Andes,https://ror.org/02h1b1x27,https://ror.org/00t4fvv78,Instituto de Ciencias Ambientales y Ecológicas,Child,Release
39758,https://github.com/ror-community/ror-updates/issues/39758,"Add a new organization to ROR: 
 
Government Centre of Legal Education, Govt. of West Bengal",Government Centre of Legal Education,https://ror.org/01qf1sz76,https://ror.org/05cyd8v32,University of Burdwan,Related,Production
39758,https://github.com/ror-community/ror-updates/issues/39758,"Add a new organization to ROR: 
 
Government Centre of Legal Education, Govt. of West Bengal",University of Burdwan,https://ror.org/05cyd8v32,https://ror.org/01qf1sz76,Government Centre of Legal Education,Related,Release
39619,https://github.com/ror-community/ror-updates/issues/39619,"Add a new organization to ROR: 
 
ÉCOlogie TERrestre CAribéenne",ÉCOlogie TERrestre CAribéenne,https://ror.org/04t5knd29,https://ror.org/02ryfmr77,Université des Antilles,Parent,Production
39619,https://github.com/ror-community/ror-updates/issues/39619,"Add a new organization to ROR: 
 
ÉCOlogie TERrestre CAribéenne",Université des Antilles,https://ror.org/02ryfmr77,https://ror.org/04t5knd29,ÉCOlogie TERrestre CAribéenne,Child,Release
39620,https://github.com/ror-community/ror-updates/issues/39620,"Add a new organization to ROR: 
 
Laboratoire de Mathématiques Informatique et Applications",Laboratoire de Mathématiques Informatique et Applications,https://ror.org/03ra9d040,https://ror.org/02ryfmr77,Université des Antilles,Parent,Production
39620,https://github.com/ror-community/ror-updates/issues/39620,"Add a new organization to ROR: 
 
Laboratoire de Mathématiques Informatique et Applications",Université des Antilles,https://ror.org/02ryfmr77,https://ror.org/03ra9d040,Laboratoire de Mathématiques Informatique et Applications,Child,Release
39621,https://github.com/ror-community/ror-updates/issues/39621,"Add a new organization to ROR: 
 
Laboratoire de Recherche en Géosciences et Energies",Laboratoire de Recherche en Géosciences et Energies,https://ror.org/05kdkc041,https://ror.org/02ryfmr77,Université des Antilles,Parent,Production
39621,https://github.com/ror-community/ror-updates/issues/39621,"Add a new organization to ROR: 
 
Laboratoire de Recherche en Géosciences et Energies",Université des Antilles,https://ror.org/02ryfmr77,https://ror.org/05kdkc041,Laboratoire de Recherche en Géosciences et Energies,Child,Release
39622,https://github.com/ror-community/ror-updates/issues/39622,"Add a new organization to ROR: 
 
Pathologie cardiovasculaire, toxicité environnementale et envenimations","Pathologie cardiovasculaire, toxicité environnementale et envenimations",https://ror.org/044407k22,https://ror.org/02ryfmr77,Université des Antilles,Parent,Production
39622,https://github.com/ror-community/ror-updates/issues/39622,"Add a new organization to ROR: 
 
Pathologie cardiovasculaire, toxicité environnementale et envenimations",Université des Antilles,https://ror.org/02ryfmr77,https://ror.org/044407k22,"Pathologie cardiovasculaire, toxicité environnementale et envenimations",Child,Release
39624,https://github.com/ror-community/ror-updates/issues/39624,"Add a new organization to ROR: 
 
Cancer et Environnement Localisation Tête et Cou",Cancer et Environnement Localisation Tête et Cou,https://ror.org/0154g5c32,https://ror.org/02ryfmr77,Université des Antilles,Parent,Production
39624,https://github.com/ror-community/ror-updates/issues/39624,"Add a new organization to ROR: 
 
Cancer et Environnement Localisation Tête et Cou",Université des Antilles,https://ror.org/02ryfmr77,https://ror.org/0154g5c32,Cancer et Environnement Localisation Tête et Cou,Child,Release
39624,https://github.com/ror-community/ror-updates/issues/39624,"Add a new organization to ROR: 
 
Cancer et Environnement Localisation Tête et Cou",Cancer et Environnement Localisation Tête et Cou,https://ror.org/0154g5c32,https://ror.org/04sfmcd28,Centre Hospitalier Universitaire Pointe-à-Pitre,Parent,Production
39624,https://github.com/ror-community/ror-updates/issues/39624,"Add a new organization to ROR: 
 
Cancer et Environnement Localisation Tête et Cou",Centre Hospitalier Universitaire Pointe-à-Pitre,https://ror.org/04sfmcd28,https://ror.org/0154g5c32,Cancer et Environnement Localisation Tête et Cou,Child,Release
39810,https://github.com/ror-community/ror-updates/issues/39810,"Add a new organization to ROR: 
 
Instituto de Investigaciones en Recursos Naturales y Sustentabilidad José Sánchez Labrador S.J.",Instituto de Investigaciones en Recursos Naturales y Sustentabilidad José Sánchez Labrador S.J.,https://ror.org/02ds1yf79,https://ror.org/04hehwn14,Universidad Católica de Córdoba,Parent,Production
39810,https://github.com/ror-community/ror-updates/issues/39810,"Add a new organization to ROR: 
 
Instituto de Investigaciones en Recursos Naturales y Sustentabilidad José Sánchez Labrador S.J.",Universidad Católica de Córdoba,https://ror.org/04hehwn14,https://ror.org/02ds1yf79,Instituto de Investigaciones en Recursos Naturales y Sustentabilidad José Sánchez Labrador S.J.,Child,Release
39810,https://github.com/ror-community/ror-updates/issues/39810,"Add a new organization to ROR: 
 
Instituto de Investigaciones en Recursos Naturales y Sustentabilidad José Sánchez Labrador S.J.",Instituto de Investigaciones en Recursos Naturales y Sustentabilidad José Sánchez Labrador S.J.,https://ror.org/02ds1yf79,https://ror.org/03cqe8w59,Consejo Nacional de Investigaciones Científicas y Técnicas,Parent,Production
39810,https://github.com/ror-community/ror-updates/issues/39810,"Add a new organization to ROR: 
 
Instituto de Investigaciones en Recursos Naturales y Sustentabilidad José Sánchez Labrador S.J.",Consejo Nacional de Investigaciones Científicas y Técnicas,https://ror.org/03cqe8w59,https://ror.org/02ds1yf79,Instituto de Investigaciones en Recursos Naturales y Sustentabilidad José Sánchez Labrador S.J.,Child,Release
39874,https://github.com/ror-community/ror-updates/issues/39874,"Add a new organization to ROR: U.S. Fish and Wildlife Service, Alaska Region","U.S. Fish and Wildlife Service, Alaska Region",https://ror.org/00z1xcy56,https://ror.org/04k7dar27,United States Fish and Wildlife Service,Parent,Production
39874,https://github.com/ror-community/ror-updates/issues/39874,"Add a new organization to ROR: U.S. Fish and Wildlife Service, Alaska Region",United States Fish and Wildlife Service,https://ror.org/04k7dar27,https://ror.org/00z1xcy56,"U.S. Fish and Wildlife Service, Alaska Region",Child,Release
39903,https://github.com/ror-community/ror-updates/issues/39903,"Add a new organization to ROR: 
 
Philippine Carabao Center",Philippine Carabao Center,https://ror.org/01yj63052,https://ror.org/038wwg650,Department of Agriculture,Parent,Production
39903,https://github.com/ror-community/ror-updates/issues/39903,"Add a new organization to ROR: 
 
Philippine Carabao Center",Department of Agriculture,https://ror.org/038wwg650,https://ror.org/01yj63052,Philippine Carabao Center,Child,Release
39907,https://github.com/ror-community/ror-updates/issues/39907,"Add a new organization to ROR: 
 
National Water Quality Laboratory",National Water Quality Laboratory,https://ror.org/01g75q377,https://ror.org/035a68863,United States Geological Survey,Parent,Production
39907,https://github.com/ror-community/ror-updates/issues/39907,"Add a new organization to ROR: 
 
National Water Quality Laboratory",United States Geological Survey,https://ror.org/035a68863,https://ror.org/01g75q377,National Water Quality Laboratory,Child,Release
39921,https://github.com/ror-community/ror-updates/issues/39921,"Add a new organization to ROR: 
 
Instituto de Humanidades",Instituto de Humanidades,https://ror.org/04z2t6t44,https://ror.org/03cqe8w59,Consejo Nacional de Investigaciones Científicas y Técnicas,Parent,Production
39921,https://github.com/ror-community/ror-updates/issues/39921,"Add a new organization to ROR: 
 
Instituto de Humanidades",Consejo Nacional de Investigaciones Científicas y Técnicas,https://ror.org/03cqe8w59,https://ror.org/04z2t6t44,Instituto de Humanidades,Child,Release
39921,https://github.com/ror-community/ror-updates/issues/39921,"Add a new organization to ROR: 
 
Instituto de Humanidades",Instituto de Humanidades,https://ror.org/04z2t6t44,https://ror.org/056tb7j80,Universidad Nacional de Córdoba,Parent,Production
39921,https://github.com/ror-community/ror-updates/issues/39921,"Add a new organization to ROR: 
 
Instituto de Humanidades",Universidad Nacional de Córdoba,https://ror.org/056tb7j80,https://ror.org/04z2t6t44,Instituto de Humanidades,Child,Release
36950,https://github.com/ror-community/ror-updates/issues/36950,"Add a new organization to ROR: 
 
Emergency Care BC of the Provincial Health Services Authority",Emergency Care BC,https://ror.org/04bz8e995,https://ror.org/01jvd8304,Provincial Health Services Authority,Parent,Production
36950,https://github.com/ror-community/ror-updates/issues/36950,"Add a new organization to ROR: 
 
Emergency Care BC of the Provincial Health Services Authority",Provincial Health Services Authority,https://ror.org/01jvd8304,https://ror.org/04bz8e995,Emergency Care BC,Child,Release
37122,https://github.com/ror-community/ror-updates/issues/37122,"Add a new organization to ROR: 
 
The International Ornithologists' Union",International Ornithologists' Union,https://ror.org/022zjtg71,https://ror.org/04h5sdx36,International Union of Biological Sciences,Related,Production
37122,https://github.com/ror-community/ror-updates/issues/37122,"Add a new organization to ROR: 
 
The International Ornithologists' Union",International Union of Biological Sciences,https://ror.org/04h5sdx36,https://ror.org/022zjtg71,International Ornithologists' Union,Related,Release
37122,https://github.com/ror-community/ror-updates/issues/37122,"Add a new organization to ROR: 
 
The International Ornithologists' Union",International Ornithologists' Union,https://ror.org/022zjtg71,https://ror.org/05ect4e57,Louisiana State University,Related,Production
37122,https://github.com/ror-community/ror-updates/issues/37122,"Add a new organization to ROR: 
 
The International Ornithologists' Union",Louisiana State University,https://ror.org/05ect4e57,https://ror.org/022zjtg71,International Ornithologists' Union,Related,Release
37242,https://github.com/ror-community/ror-updates/issues/37242,"Add a new organization to ROR: 
 
Bank of Montreal",Bank of Montreal (Canada),https://ror.org/0181pdn86,https://ror.org/04ggy2f63,BMO Harris Bank (United States),Child,Production
37242,https://github.com/ror-community/ror-updates/issues/37242,"Add a new organization to ROR: 
 
Bank of Montreal",BMO Harris Bank (United States),https://ror.org/04ggy2f63,https://ror.org/0181pdn86,Bank of Montreal (Canada),Parent,Release
39983,https://github.com/ror-community/ror-updates/issues/39983,Modify the information in an existing ROR record: Institut d'électronique de microélectronique et de nanotechnologie - https://ror.org/02q4res37,Institut d'électronique de microélectronique et de nanotechnologie,https://ror.org/02q4res37,https://ror.org/01x441g73,École Centrale de Lille,Parent,Production
39983,https://github.com/ror-community/ror-updates/issues/39983,Modify the information in an existing ROR record: Institut d'électronique de microélectronique et de nanotechnologie - https://ror.org/02q4res37,École Centrale de Lille,https://ror.org/01x441g73,https://ror.org/02q4res37,Institut d'électronique de microélectronique et de nanotechnologie,Child,Release
39983,https://github.com/ror-community/ror-updates/issues/39983,Modify the information in an existing ROR record: Institut d'électronique de microélectronique et de nanotechnologie - https://ror.org/02q4res37,Institut d'électronique de microélectronique et de nanotechnologie,https://ror.org/02q4res37,https://ror.org/02evec030,JUNIA,Parent,Production
39983,https://github.com/ror-community/ror-updates/issues/39983,Modify the information in an existing ROR record: Institut d'électronique de microélectronique et de nanotechnologie - https://ror.org/02q4res37,JUNIA,https://ror.org/02evec030,https://ror.org/02q4res37,Institut d'électronique de microélectronique et de nanotechnologie,Child,Release
39983,https://github.com/ror-community/ror-updates/issues/39983,Modify the information in an existing ROR record: Institut d'électronique de microélectronique et de nanotechnologie - https://ror.org/02q4res37,Institut d'électronique de microélectronique et de nanotechnologie,https://ror.org/02q4res37,https://ror.org/041yg4h55,École Nationale Supérieure de Chimie de Lille,Delete,Production
39983,https://github.com/ror-community/ror-updates/issues/39983,Modify the information in an existing ROR record: Institut d'électronique de microélectronique et de nanotechnologie - https://ror.org/02q4res37,École Nationale Supérieure de Chimie de Lille,https://ror.org/041yg4h55,https://ror.org/02q4res37,Institut d'électronique de microélectronique et de nanotechnologie,Delete,Release
39983,https://github.com/ror-community/ror-updates/issues/39983,Modify the information in an existing ROR record: Institut d'électronique de microélectronique et de nanotechnologie - https://ror.org/02q4res37,Institut d'électronique de microélectronique et de nanotechnologie,https://ror.org/02q4res37,https://ror.org/017h2rd72,Institut Supérieur de l'Électronique et du Numérique,Delete,Production
39983,https://github.com/ror-community/ror-updates/issues/39983,Modify the information in an existing ROR record: Institut d'électronique de microélectronique et de nanotechnologie - https://ror.org/02q4res37,Institut Supérieur de l'Électronique et du Numérique,https://ror.org/017h2rd72,https://ror.org/02q4res37,Institut d'électronique de microélectronique et de nanotechnologie,Delete,Release
39983,https://github.com/ror-community/ror-updates/issues/39983,Modify the information in an existing ROR record: Institut d'électronique de microélectronique et de nanotechnologie - https://ror.org/02q4res37,Institut d'électronique de microélectronique et de nanotechnologie,https://ror.org/02q4res37,https://ror.org/041rsh762,INSA Hauts-de-France,Delete,Production
39983,https://github.com/ror-community/ror-updates/issues/39983,Modify the information in an existing ROR record: Institut d'électronique de microélectronique et de nanotechnologie - https://ror.org/02q4res37,INSA Hauts-de-France,https://ror.org/041rsh762,https://ror.org/02q4res37,Institut d'électronique de microélectronique et de nanotechnologie,Delete,Release
39979,https://github.com/ror-community/ror-updates/issues/39979,"Modify the information in an existing ROR record: Centre d'Etudes et de Recherches Administratives, Politiques et Sociales - https://ror.org/03n91q085","Centre d'Etudes et de Recherches Administratives, Politiques et Sociales",https://ror.org/03n91q085,https://ror.org/05dm31p35,Sciences Po Lille,Related,Production
39979,https://github.com/ror-community/ror-updates/issues/39979,"Modify the information in an existing ROR record: Centre d'Etudes et de Recherches Administratives, Politiques et Sociales - https://ror.org/03n91q085",Sciences Po Lille,https://ror.org/05dm31p35,https://ror.org/03n91q085,"Centre d'Etudes et de Recherches Administratives, Politiques et Sociales",Related,Release
39984,https://github.com/ror-community/ror-updates/issues/39984,Modify the information in an existing ROR record: (Epi)génomique fonctionnelle métabolique et des dysfonctions dans le diabète de type 2 et des maladies associées - https://ror.org/04k5h2q42,(Epi)génomique fonctionnelle métabolique et des dysfonctions dans le diabète de type 2 et des maladies associées,https://ror.org/04k5h2q42,https://ror.org/0300mzg60,Integrated Genomics and Metabolic Diseases Modeling,Successor,Production
37351,https://github.com/ror-community/ror-updates/issues/37351,Add a new organization to ROR: Al-Thagher General Hospital,Al-Thagher General Hospital,https://ror.org/02tahra41,https://ror.org/03sbrg850,Jeddah First Health Cluster,Parent,Production
37351,https://github.com/ror-community/ror-updates/issues/37351,Add a new organization to ROR: Al-Thagher General Hospital,Jeddah First Health Cluster,https://ror.org/03sbrg850,https://ror.org/02tahra41,Al-Thagher General Hospital,Child,Release
37352,https://github.com/ror-community/ror-updates/issues/37352,Add a new organization to ROR: Adham General Hospital,Adham General Hospital,https://ror.org/01f7g7x62,https://ror.org/03sbrg850,Jeddah First Health Cluster,Parent,Production
37352,https://github.com/ror-community/ror-updates/issues/37352,Add a new organization to ROR: Adham General Hospital,Jeddah First Health Cluster,https://ror.org/03sbrg850,https://ror.org/01f7g7x62,Adham General Hospital,Child,Release
37353,https://github.com/ror-community/ror-updates/issues/37353,Add a new organization to ROR: Al-Lith General Hospital,Al Lith General Hospital,https://ror.org/024tkdh72,https://ror.org/03sbrg850,Jeddah First Health Cluster,Parent,Production
37353,https://github.com/ror-community/ror-updates/issues/37353,Add a new organization to ROR: Al-Lith General Hospital,Jeddah First Health Cluster,https://ror.org/03sbrg850,https://ror.org/024tkdh72,Al Lith General Hospital,Child,Release
39992,https://github.com/ror-community/ror-updates/issues/39992,Modify the information in an existing ROR record: Maison Européenne des Sciences de l'Homme et de la Société - https://ror.org/00m090414,Maison Européenne des Sciences de l'Homme et de la Société,https://ror.org/00m090414,https://ror.org/025s1b152,Université Catholique de Lille,Parent,Production
39992,https://github.com/ror-community/ror-updates/issues/39992,Modify the information in an existing ROR record: Maison Européenne des Sciences de l'Homme et de la Société - https://ror.org/00m090414,Université Catholique de Lille,https://ror.org/025s1b152,https://ror.org/00m090414,Maison Européenne des Sciences de l'Homme et de la Société,Child,Release
39995,https://github.com/ror-community/ror-updates/issues/39995,"Modify the information in an existing ROR record: Protéomique, Réponse Inflammatoire et Spectrométrie de Masse - https://ror.org/05dm3m993","Protéomique, Réponse Inflammatoire et Spectrométrie de Masse",https://ror.org/05dm3m993,https://ror.org/03xfq7a50,Centre Oscar Lambret,Parent,Production
39995,https://github.com/ror-community/ror-updates/issues/39995,"Modify the information in an existing ROR record: Protéomique, Réponse Inflammatoire et Spectrométrie de Masse - https://ror.org/05dm3m993",Centre Oscar Lambret,https://ror.org/03xfq7a50,https://ror.org/05dm3m993,"Protéomique, Réponse Inflammatoire et Spectrométrie de Masse",Child,Release
39996,https://github.com/ror-community/ror-updates/issues/39996,"Modify the information in an existing ROR record: Récepteurs Nucléaires, Maladies Cardiovasculaires et Diabète - https://ror.org/05xanhp90","Récepteurs Nucléaires, Maladies Cardiovasculaires et Diabète",https://ror.org/05xanhp90,https://ror.org/02ppyfa04,Centre Hospitalier Universitaire de Lille,Parent,Production
39996,https://github.com/ror-community/ror-updates/issues/39996,"Modify the information in an existing ROR record: Récepteurs Nucléaires, Maladies Cardiovasculaires et Diabète - https://ror.org/05xanhp90",Centre Hospitalier Universitaire de Lille,https://ror.org/02ppyfa04,https://ror.org/05xanhp90,"Récepteurs Nucléaires, Maladies Cardiovasculaires et Diabète",Child,Release
39997,https://github.com/ror-community/ror-updates/issues/39997,Modify the information in an existing ROR record: Sciences Cognitives et Sciences Affectives - https://ror.org/05rqwc876,Sciences Cognitives et Sciences Affectives,https://ror.org/05rqwc876,https://ror.org/02ppyfa04,Centre Hospitalier Universitaire de Lille,Delete,Production
39997,https://github.com/ror-community/ror-updates/issues/39997,Modify the information in an existing ROR record: Sciences Cognitives et Sciences Affectives - https://ror.org/05rqwc876,Centre Hospitalier Universitaire de Lille,https://ror.org/02ppyfa04,https://ror.org/05rqwc876,Sciences Cognitives et Sciences Affectives,Delete,Release
39998,https://github.com/ror-community/ror-updates/issues/39998,"Modify the information in an existing ROR record: Territoires, Villes, Environnement & Société - https://ror.org/04kwqat20","Territoires, Villes, Environnement & Société",https://ror.org/04kwqat20,https://ror.org/003ckn545,Laboratoire d'Économie Mathématique et de Microéconomie Appliquée,Delete,Production
39998,https://github.com/ror-community/ror-updates/issues/39998,"Modify the information in an existing ROR record: Territoires, Villes, Environnement & Société - https://ror.org/04kwqat20",Laboratoire d'Économie Mathématique et de Microéconomie Appliquée,https://ror.org/003ckn545,https://ror.org/04kwqat20,"Territoires, Villes, Environnement & Société",Delete,Release
39999,https://github.com/ror-community/ror-updates/issues/39999,Modify the information in an existing ROR record: Unité Matériaux et Transformations - https://ror.org/03q99v794,Unité Matériaux et Transformations,https://ror.org/03q99v794,https://ror.org/01x441g73,École Centrale de Lille,Parent,Production
39999,https://github.com/ror-community/ror-updates/issues/39999,Modify the information in an existing ROR record: Unité Matériaux et Transformations - https://ror.org/03q99v794,École Centrale de Lille,https://ror.org/01x441g73,https://ror.org/03q99v794,Unité Matériaux et Transformations,Child,Release
39999,https://github.com/ror-community/ror-updates/issues/39999,Modify the information in an existing ROR record: Unité Matériaux et Transformations - https://ror.org/03q99v794,Unité Matériaux et Transformations,https://ror.org/03q99v794,https://ror.org/041yg4h55,École Nationale Supérieure de Chimie de Lille,Delete,Production
39999,https://github.com/ror-community/ror-updates/issues/39999,Modify the information in an existing ROR record: Unité Matériaux et Transformations - https://ror.org/03q99v794,École Nationale Supérieure de Chimie de Lille,https://ror.org/041yg4h55,https://ror.org/03q99v794,Unité Matériaux et Transformations,Delete,Release
40000,https://github.com/ror-community/ror-updates/issues/40000,Modify the information in an existing ROR record: Unité de Glycobiologie Structurale et Fonctionnelle - https://ror.org/02g6y2720,Unité de Glycobiologie Structurale et Fonctionnelle,https://ror.org/02g6y2720,https://ror.org/003vg9w96,"Institut National de Recherche pour l'Agriculture, l'Alimentation et l'Environnement",Delete,Production
40000,https://github.com/ror-community/ror-updates/issues/40000,Modify the information in an existing ROR record: Unité de Glycobiologie Structurale et Fonctionnelle - https://ror.org/02g6y2720,"Institut National de Recherche pour l'Agriculture, l'Alimentation et l'Environnement",https://ror.org/003vg9w96,https://ror.org/02g6y2720,Unité de Glycobiologie Structurale et Fonctionnelle,Delete,Release
40001,https://github.com/ror-community/ror-updates/issues/40001,"Modify the information in an existing ROR record: Unité de Recherche Pluridisciplinaire Sport, Santé, Société - https://ror.org/03eq8fa86","Unité de Recherche Pluridisciplinaire Sport, Santé, Société",https://ror.org/03eq8fa86,https://ror.org/02ppyfa04,Centre Hospitalier Universitaire de Lille,Related,Production
40001,https://github.com/ror-community/ror-updates/issues/40001,"Modify the information in an existing ROR record: Unité de Recherche Pluridisciplinaire Sport, Santé, Société - https://ror.org/03eq8fa86",Centre Hospitalier Universitaire de Lille,https://ror.org/02ppyfa04,https://ror.org/03eq8fa86,"Unité de Recherche Pluridisciplinaire Sport, Santé, Société",Related,Release
40002,https://github.com/ror-community/ror-updates/issues/40002,Modify the information in an existing ROR record: UMR Transfrontalière BioEcoAgro - https://ror.org/032v67m28,UMR Transfrontalière BioEcoAgro,https://ror.org/032v67m28,https://ror.org/02evec030,JUNIA,Parent,Production
40002,https://github.com/ror-community/ror-updates/issues/40002,Modify the information in an existing ROR record: UMR Transfrontalière BioEcoAgro - https://ror.org/032v67m28,JUNIA,https://ror.org/02evec030,https://ror.org/032v67m28,UMR Transfrontalière BioEcoAgro,Child,Release
40002,https://github.com/ror-community/ror-updates/issues/40002,Modify the information in an existing ROR record: UMR Transfrontalière BioEcoAgro - https://ror.org/032v67m28,UMR Transfrontalière BioEcoAgro,https://ror.org/032v67m28,https://ror.org/0471kz689,"Agence Nationale de Sécurité Sanitaire de l’Alimentation, de l’Environnement et du Travail",Related,Production
40002,https://github.com/ror-community/ror-updates/issues/40002,Modify the information in an existing ROR record: UMR Transfrontalière BioEcoAgro - https://ror.org/032v67m28,"Agence Nationale de Sécurité Sanitaire de l’Alimentation, de l’Environnement et du Travail",https://ror.org/0471kz689,https://ror.org/032v67m28,UMR Transfrontalière BioEcoAgro,Related,Release
39898,https://github.com/ror-community/ror-updates/issues/39898,"Modify the information in an existing ROR record: 
École Nationale Supérieure d'Architecture de Strasbourg https://ror.org/02btqjz37
",École Nationale Supérieure d'Architecture de Strasbourg,https://ror.org/02btqjz37,https://ror.org/00pg6eq24,Université de Strasbourg,Delete,Production
39898,https://github.com/ror-community/ror-updates/issues/39898,"Modify the information in an existing ROR record: 
École Nationale Supérieure d'Architecture de Strasbourg https://ror.org/02btqjz37
",Université de Strasbourg,https://ror.org/00pg6eq24,https://ror.org/02btqjz37,École Nationale Supérieure d'Architecture de Strasbourg,Delete,Release
39898,https://github.com/ror-community/ror-updates/issues/39898,"Modify the information in an existing ROR record: 
École Nationale Supérieure d'Architecture de Strasbourg https://ror.org/02btqjz37
",École Nationale Supérieure d'Architecture de Strasbourg,https://ror.org/02btqjz37,https://ror.org/00pg6eq24,Université de Strasbourg,Related,Production
39898,https://github.com/ror-community/ror-updates/issues/39898,"Modify the information in an existing ROR record: 
École Nationale Supérieure d'Architecture de Strasbourg https://ror.org/02btqjz37
",Université de Strasbourg,https://ror.org/00pg6eq24,https://ror.org/02btqjz37,École Nationale Supérieure d'Architecture de Strasbourg,Related,Release
39129,https://github.com/ror-community/ror-updates/issues/39129,"Modify the information in an existing ROR record: 
OST - Ostschweizer Fachhochschule https://ror.org/038mj2660
",OST - Ostschweizer Fachhochschule,https://ror.org/038mj2660,https://ror.org/038mj2660,OST - Ostschweizer Fachhochschule,Delete,Production
39129,https://github.com/ror-community/ror-updates/issues/39129,"Modify the information in an existing ROR record: 
OST - Ostschweizer Fachhochschule https://ror.org/038mj2660
",OST - Ostschweizer Fachhochschule,https://ror.org/038mj2660,https://ror.org/038mj2660,OST - Ostschweizer Fachhochschule,Delete,Release
39129,https://github.com/ror-community/ror-updates/issues/39129,"Modify the information in an existing ROR record: 
OST - Ostschweizer Fachhochschule https://ror.org/038mj2660
",OST - Ostschweizer Fachhochschule,https://ror.org/038mj2660,https://ror.org/03mg0ce08,Interstate University of Applied Sciences of Technology Buchs,Delete,Production
39129,https://github.com/ror-community/ror-updates/issues/39129,"Modify the information in an existing ROR record: 
OST - Ostschweizer Fachhochschule https://ror.org/038mj2660
",Interstate University of Applied Sciences of Technology Buchs,https://ror.org/03mg0ce08,https://ror.org/038mj2660,OST - Ostschweizer Fachhochschule,Delete,Release
39129,https://github.com/ror-community/ror-updates/issues/39129,"Modify the information in an existing ROR record: 
OST - Ostschweizer Fachhochschule https://ror.org/038mj2660
",OST - Ostschweizer Fachhochschule,https://ror.org/038mj2660,https://ror.org/03mg0ce08,Interstate University of Applied Sciences of Technology Buchs,Predecessor,Production
39129,https://github.com/ror-community/ror-updates/issues/39129,"Modify the information in an existing ROR record: 
OST - Ostschweizer Fachhochschule https://ror.org/038mj2660
",Interstate University of Applied Sciences of Technology Buchs,https://ror.org/03mg0ce08,https://ror.org/038mj2660,OST - Ostschweizer Fachhochschule,Successor,Release
40006,https://github.com/ror-community/ror-updates/issues/40006,Modify the information in an existing ROR record: IMPact de l'Environnement Chimique sur la Santé humaine - https://ror.org/0455vgw31,IMPact de l'Environnement Chimique sur la Santé humaine,https://ror.org/0455vgw31,https://ror.org/02vjkv261,Inserm,Delete,Production
40006,https://github.com/ror-community/ror-updates/issues/40006,Modify the information in an existing ROR record: IMPact de l'Environnement Chimique sur la Santé humaine - https://ror.org/0455vgw31,Inserm,https://ror.org/02vjkv261,https://ror.org/0455vgw31,IMPact de l'Environnement Chimique sur la Santé humaine,Delete,Release
40018,https://github.com/ror-community/ror-updates/issues/40018,Modify the information in an existing ROR record: Institut de RadioAstronomie Millimétrique - https://ror.org/00t9y0z13,Institut de RadioAstronomie Millimétrique,https://ror.org/00t9y0z13,https://ror.org/02feahw73,Centre National de la Recherche Scientifique,Parent,Production
40018,https://github.com/ror-community/ror-updates/issues/40018,Modify the information in an existing ROR record: Institut de RadioAstronomie Millimétrique - https://ror.org/00t9y0z13,Centre National de la Recherche Scientifique,https://ror.org/02feahw73,https://ror.org/00t9y0z13,Institut de RadioAstronomie Millimétrique,Child,Release
40009,https://github.com/ror-community/ror-updates/issues/40009,Modify the information in an existing ROR record: Laboratoire de Génie Civil et Géo Environnement - https://ror.org/00fh1dw28,Laboratoire de Génie Civil et Géo Environnement,https://ror.org/00fh1dw28,https://ror.org/02evec030,JUNIA,Parent,Production
40009,https://github.com/ror-community/ror-updates/issues/40009,Modify the information in an existing ROR record: Laboratoire de Génie Civil et Géo Environnement - https://ror.org/00fh1dw28,JUNIA,https://ror.org/02evec030,https://ror.org/00fh1dw28,Laboratoire de Génie Civil et Géo Environnement,Child,Release
40009,https://github.com/ror-community/ror-updates/issues/40009,Modify the information in an existing ROR record: Laboratoire de Génie Civil et Géo Environnement - https://ror.org/00fh1dw28,Laboratoire de Génie Civil et Géo Environnement,https://ror.org/00fh1dw28,https://ror.org/042rh9p26,IMT Nord Europe,Delete,Production
40009,https://github.com/ror-community/ror-updates/issues/40009,Modify the information in an existing ROR record: Laboratoire de Génie Civil et Géo Environnement - https://ror.org/00fh1dw28,IMT Nord Europe,https://ror.org/042rh9p26,https://ror.org/00fh1dw28,Laboratoire de Génie Civil et Géo Environnement,Delete,Release
40009,https://github.com/ror-community/ror-updates/issues/40009,Modify the information in an existing ROR record: Laboratoire de Génie Civil et Géo Environnement - https://ror.org/00fh1dw28,Laboratoire de Génie Civil et Géo Environnement,https://ror.org/00fh1dw28,https://ror.org/042rh9p26,IMT Nord Europe,Parent,Production
40009,https://github.com/ror-community/ror-updates/issues/40009,Modify the information in an existing ROR record: Laboratoire de Génie Civil et Géo Environnement - https://ror.org/00fh1dw28,IMT Nord Europe,https://ror.org/042rh9p26,https://ror.org/00fh1dw28,Laboratoire de Génie Civil et Géo Environnement,Child,Release
40015,https://github.com/ror-community/ror-updates/issues/40015,Modify the information in an existing ROR record: Facteurs de risque et déterminants moléculaires des maladies liées au vieillissement - https://ror.org/03rvrjk28,Facteurs de risque et déterminants moléculaires des maladies liées au vieillissement,https://ror.org/03rvrjk28,https://ror.org/02vjkv261,Inserm,Parent,Production
40015,https://github.com/ror-community/ror-updates/issues/40015,Modify the information in an existing ROR record: Facteurs de risque et déterminants moléculaires des maladies liées au vieillissement - https://ror.org/03rvrjk28,Inserm,https://ror.org/02vjkv261,https://ror.org/03rvrjk28,Facteurs de risque et déterminants moléculaires des maladies liées au vieillissement,Child,Release
40017,https://github.com/ror-community/ror-updates/issues/40017,Modify the information in an existing ROR record: Unité de Mécanique de Lille - Joseph Boussinesq - https://ror.org/00tt79z10,Unité de Mécanique de Lille - Joseph Boussinesq,https://ror.org/00tt79z10,https://ror.org/01x441g73,École Centrale de Lille,Delete,Production
40017,https://github.com/ror-community/ror-updates/issues/40017,Modify the information in an existing ROR record: Unité de Mécanique de Lille - Joseph Boussinesq - https://ror.org/00tt79z10,École Centrale de Lille,https://ror.org/01x441g73,https://ror.org/00tt79z10,Unité de Mécanique de Lille - Joseph Boussinesq,Delete,Release
40027,https://github.com/ror-community/ror-updates/issues/40027,Modify the information in an existing ROR record: LACTH - Laboratoire d'Architecture Conception Territoire Histoire Matérialité - https://ror.org/0409gk363,LACTH - Laboratoire d'Architecture Conception Territoire Histoire Matérialité,https://ror.org/0409gk363,https://ror.org/02xredb51,École Nationale Supérieure d'Architecture et de Paysage de Lille,Parent,Production
40027,https://github.com/ror-community/ror-updates/issues/40027,Modify the information in an existing ROR record: LACTH - Laboratoire d'Architecture Conception Territoire Histoire Matérialité - https://ror.org/0409gk363,École Nationale Supérieure d'Architecture et de Paysage de Lille,https://ror.org/02xredb51,https://ror.org/0409gk363,LACTH - Laboratoire d'Architecture Conception Territoire Histoire Matérialité,Child,Release
40027,https://github.com/ror-community/ror-updates/issues/40027,Modify the information in an existing ROR record: LACTH - Laboratoire d'Architecture Conception Territoire Histoire Matérialité - https://ror.org/0409gk363,LACTH - Laboratoire d'Architecture Conception Territoire Histoire Matérialité,https://ror.org/0409gk363,https://ror.org/017rnyz40,Ministère de la Culture,Parent,Production
40027,https://github.com/ror-community/ror-updates/issues/40027,Modify the information in an existing ROR record: LACTH - Laboratoire d'Architecture Conception Territoire Histoire Matérialité - https://ror.org/0409gk363,Ministère de la Culture,https://ror.org/017rnyz40,https://ror.org/0409gk363,LACTH - Laboratoire d'Architecture Conception Territoire Histoire Matérialité,Child,Release
40032,https://github.com/ror-community/ror-updates/issues/40032,Modify the information in an existing ROR record: Maladies RAres du DEveloppement embryonnaire et du MEtabolisme - https://ror.org/04dsjbp13,Maladies RAres du DEveloppement embryonnaire et du MEtabolisme,https://ror.org/04dsjbp13,https://ror.org/02ppyfa04,Centre Hospitalier Universitaire de Lille,Parent,Production
40032,https://github.com/ror-community/ror-updates/issues/40032,Modify the information in an existing ROR record: Maladies RAres du DEveloppement embryonnaire et du MEtabolisme - https://ror.org/04dsjbp13,Centre Hospitalier Universitaire de Lille,https://ror.org/02ppyfa04,https://ror.org/04dsjbp13,Maladies RAres du DEveloppement embryonnaire et du MEtabolisme,Child,Release
40033,https://github.com/ror-community/ror-updates/issues/40033,Modify the information in an existing ROR record: Center for Infection and Immunity of Lille - https://ror.org/00dyt5s15,Center for Infection and Immunity of Lille,https://ror.org/00dyt5s15,https://ror.org/02ppyfa04,Centre Hospitalier Universitaire de Lille,Parent,Production
40033,https://github.com/ror-community/ror-updates/issues/40033,Modify the information in an existing ROR record: Center for Infection and Immunity of Lille - https://ror.org/00dyt5s15,Centre Hospitalier Universitaire de Lille,https://ror.org/02ppyfa04,https://ror.org/00dyt5s15,Center for Infection and Immunity of Lille,Child,Release
40034,https://github.com/ror-community/ror-updates/issues/40034,Modify the information in an existing ROR record: Institut Chevreul - https://ror.org/048k52v18,Institut Chevreul,https://ror.org/048k52v18,https://ror.org/02kzqn938,Université de Lille,Parent,Production
40034,https://github.com/ror-community/ror-updates/issues/40034,Modify the information in an existing ROR record: Institut Chevreul - https://ror.org/048k52v18,Université de Lille,https://ror.org/02kzqn938,https://ror.org/048k52v18,Institut Chevreul,Child,Release
40034,https://github.com/ror-community/ror-updates/issues/40034,Modify the information in an existing ROR record: Institut Chevreul - https://ror.org/048k52v18,Institut Chevreul,https://ror.org/048k52v18,https://ror.org/01x441g73,École Centrale de Lille,Parent,Production
40034,https://github.com/ror-community/ror-updates/issues/40034,Modify the information in an existing ROR record: Institut Chevreul - https://ror.org/048k52v18,École Centrale de Lille,https://ror.org/01x441g73,https://ror.org/048k52v18,Institut Chevreul,Child,Release
40034,https://github.com/ror-community/ror-updates/issues/40034,Modify the information in an existing ROR record: Institut Chevreul - https://ror.org/048k52v18,Institut Chevreul,https://ror.org/048k52v18,https://ror.org/003vg9w96,"Institut National de Recherche pour l'Agriculture, l'Alimentation et l'Environnement",Parent,Production
40034,https://github.com/ror-community/ror-updates/issues/40034,Modify the information in an existing ROR record: Institut Chevreul - https://ror.org/048k52v18,"Institut National de Recherche pour l'Agriculture, l'Alimentation et l'Environnement",https://ror.org/003vg9w96,https://ror.org/048k52v18,Institut Chevreul,Child,Release
40034,https://github.com/ror-community/ror-updates/issues/40034,Modify the information in an existing ROR record: Institut Chevreul - https://ror.org/048k52v18,Institut Chevreul,https://ror.org/048k52v18,https://ror.org/053x9s498,Université d'Artois,Parent,Production
40034,https://github.com/ror-community/ror-updates/issues/40034,Modify the information in an existing ROR record: Institut Chevreul - https://ror.org/048k52v18,Université d'Artois,https://ror.org/053x9s498,https://ror.org/048k52v18,Institut Chevreul,Child,Release
40036,https://github.com/ror-community/ror-updates/issues/40036,Modify the information in an existing ROR record: Laboratoire d'Électrotechnique et d'Électronique de Puissance de Lille - https://ror.org/0186z1m53,Laboratoire d'Électrotechnique et d'Électronique de Puissance de Lille,https://ror.org/0186z1m53,https://ror.org/02evec030,JUNIA,Parent,Production
40036,https://github.com/ror-community/ror-updates/issues/40036,Modify the information in an existing ROR record: Laboratoire d'Électrotechnique et d'Électronique de Puissance de Lille - https://ror.org/0186z1m53,JUNIA,https://ror.org/02evec030,https://ror.org/0186z1m53,Laboratoire d'Électrotechnique et d'Électronique de Puissance de Lille,Child,Release
40036,https://github.com/ror-community/ror-updates/issues/40036,Modify the information in an existing ROR record: Laboratoire d'Électrotechnique et d'Électronique de Puissance de Lille - https://ror.org/0186z1m53,Laboratoire d'Électrotechnique et d'Électronique de Puissance de Lille,https://ror.org/0186z1m53,https://ror.org/0185jey51,Hautes Études d'Ingénieur,Delete,Production
40036,https://github.com/ror-community/ror-updates/issues/40036,Modify the information in an existing ROR record: Laboratoire d'Électrotechnique et d'Électronique de Puissance de Lille - https://ror.org/0186z1m53,Hautes Études d'Ingénieur,https://ror.org/0185jey51,https://ror.org/0186z1m53,Laboratoire d'Électrotechnique et d'Électronique de Puissance de Lille,Delete,Release
40038,https://github.com/ror-community/ror-updates/issues/40038,Modify the information in an existing ROR record: Lille Économie Management - https://ror.org/05bz47575,Lille Économie Management,https://ror.org/05bz47575,https://ror.org/025s1b152,Université Catholique de Lille,Delete,Production
40038,https://github.com/ror-community/ror-updates/issues/40038,Modify the information in an existing ROR record: Lille Économie Management - https://ror.org/05bz47575,Université Catholique de Lille,https://ror.org/025s1b152,https://ror.org/05bz47575,Lille Économie Management,Delete,Release
40038,https://github.com/ror-community/ror-updates/issues/40038,Modify the information in an existing ROR record: Lille Économie Management - https://ror.org/05bz47575,Lille Économie Management,https://ror.org/05bz47575,https://ror.org/04jqeag92,Institut d'Economie Scientifique Et de Gestion,Parent,Production
40038,https://github.com/ror-community/ror-updates/issues/40038,Modify the information in an existing ROR record: Lille Économie Management - https://ror.org/05bz47575,Institut d'Economie Scientifique Et de Gestion,https://ror.org/04jqeag92,https://ror.org/05bz47575,Lille Économie Management,Child,Release
40038,https://github.com/ror-community/ror-updates/issues/40038,Modify the information in an existing ROR record: Lille Économie Management - https://ror.org/05bz47575,Lille Économie Management,https://ror.org/05bz47575,https://ror.org/02gdcg342,Université du littoral côte d'opale,Parent,Production
40038,https://github.com/ror-community/ror-updates/issues/40038,Modify the information in an existing ROR record: Lille Économie Management - https://ror.org/05bz47575,Université du littoral côte d'opale,https://ror.org/02gdcg342,https://ror.org/05bz47575,Lille Économie Management,Child,Release
40039,https://github.com/ror-community/ror-updates/issues/40039,Modify the information in an existing ROR record: Laboratoire d’Océanologie et de Géosciences - https://ror.org/05m14rs93,Laboratoire d’Océanologie et de Géosciences,https://ror.org/05m14rs93,https://ror.org/05q3vnk25,Institut de Recherche pour le Développement,Parent,Production
40039,https://github.com/ror-community/ror-updates/issues/40039,Modify the information in an existing ROR record: Laboratoire d’Océanologie et de Géosciences - https://ror.org/05m14rs93,Institut de Recherche pour le Développement,https://ror.org/05q3vnk25,https://ror.org/05m14rs93,Laboratoire d’Océanologie et de Géosciences,Child,Release
40040,https://github.com/ror-community/ror-updates/issues/40040,Modify the information in an existing ROR record: Laboratoire Temps Espace - https://ror.org/03hgsyv65,Laboratoire Temps Espace,https://ror.org/03hgsyv65,https://ror.org/02kzqn938,Université de Lille,Parent,Production
40040,https://github.com/ror-community/ror-updates/issues/40040,Modify the information in an existing ROR record: Laboratoire Temps Espace - https://ror.org/03hgsyv65,Université de Lille,https://ror.org/02kzqn938,https://ror.org/03hgsyv65,Laboratoire Temps Espace,Child,Release
40072,https://github.com/ror-community/ror-updates/issues/40072,Add a new organization to ROR: Xinjiang Industrial Vocational and Technical University (China),Xinjiang Industrial Vocational and Technical University,https://ror.org/05ynr8237,https://ror.org/01mj1ap13,Xinjiang Industry Technical College,Predecessor,Production
40072,https://github.com/ror-community/ror-updates/issues/40072,Add a new organization to ROR: Xinjiang Industrial Vocational and Technical University (China),Xinjiang Industry Technical College,https://ror.org/01mj1ap13,https://ror.org/05ynr8237,Xinjiang Industrial Vocational and Technical University,Successor,Release
40104,https://github.com/ror-community/ror-updates/issues/40104,Add a new organization to ROR: PRES Grenoble,Pôle de recherche et d'enseignement supérieur Université de Grenoble,https://ror.org/04668v621,https://ror.org/05v727m31,Communauté Université Grenoble Alpes,Successor,Production
40104,https://github.com/ror-community/ror-updates/issues/40104,Add a new organization to ROR: PRES Grenoble,Communauté Université Grenoble Alpes,https://ror.org/05v727m31,https://ror.org/04668v621,Pôle de recherche et d'enseignement supérieur Université de Grenoble,Predecessor,Release
40107,https://github.com/ror-community/ror-updates/issues/40107,Add a new organization to ROR : PRES Paris Est,Pôle de recherche et d'enseignement supérieur Université Paris-Est,https://ror.org/005hkz789,https://ror.org/0268ecp52,Paris-Est Sup,Successor,Production
40107,https://github.com/ror-community/ror-updates/issues/40107,Add a new organization to ROR : PRES Paris Est,Paris-Est Sup,https://ror.org/0268ecp52,https://ror.org/005hkz789,Pôle de recherche et d'enseignement supérieur Université Paris-Est,Predecessor,Release
40108,https://github.com/ror-community/ror-updates/issues/40108,Add a new organization to ROR : COMUE Université côte d'Azur,Communauté d'universités et d'établissements Université Côte d'Azur,https://ror.org/043nf8v57,https://ror.org/019tgvf94,Université Côte d'Azur,Successor,Production
40108,https://github.com/ror-community/ror-updates/issues/40108,Add a new organization to ROR : COMUE Université côte d'Azur,Université Côte d'Azur,https://ror.org/019tgvf94,https://ror.org/043nf8v57,Communauté d'universités et d'établissements Université Côte d'Azur,Predecessor,Release
40111,https://github.com/ror-community/ror-updates/issues/40111,Add a new organization to ROR : Université Antilles-Guyane,Université des Antilles et de la Guyane,https://ror.org/04j01fs61,https://ror.org/02ryfmr77,Université des Antilles,Successor,Production
40111,https://github.com/ror-community/ror-updates/issues/40111,Add a new organization to ROR : Université Antilles-Guyane,Université des Antilles,https://ror.org/02ryfmr77,https://ror.org/04j01fs61,Université des Antilles et de la Guyane,Predecessor,Release
40111,https://github.com/ror-community/ror-updates/issues/40111,Add a new organization to ROR : Université Antilles-Guyane,Université des Antilles et de la Guyane,https://ror.org/04j01fs61,https://ror.org/00nb39k71,University of French Guiana,Successor,Production
40111,https://github.com/ror-community/ror-updates/issues/40111,Add a new organization to ROR : Université Antilles-Guyane,University of French Guiana,https://ror.org/00nb39k71,https://ror.org/04j01fs61,Université des Antilles et de la Guyane,Predecessor,Release
40098,https://github.com/ror-community/ror-updates/issues/40098,Add a new organization to ROR: Pak International Medical College,Pak International Medical College,https://ror.org/02y49qz04,https://ror.org/00nv6q035,Khyber Medical University,Related,Production
40098,https://github.com/ror-community/ror-updates/issues/40098,Add a new organization to ROR: Pak International Medical College,Khyber Medical University,https://ror.org/00nv6q035,https://ror.org/02y49qz04,Pak International Medical College,Related,Release
29912,https://github.com/ror-community/ror-updates/issues/29912,"Add a new organization to ROR: 
 
JDMVP's, Arts, Science and Commerce College, Varangaon-425506","Arts, Science and Commerce College, Varangaon",https://ror.org/05qmycx30,https://ror.org/04g7tnd56,Kavayitri Bahinabai Chaudhari North Maharashtra University,Related,Production
29912,https://github.com/ror-community/ror-updates/issues/29912,"Add a new organization to ROR: 
 
JDMVP's, Arts, Science and Commerce College, Varangaon-425506",Kavayitri Bahinabai Chaudhari North Maharashtra University,https://ror.org/04g7tnd56,https://ror.org/05qmycx30,"Arts, Science and Commerce College, Varangaon",Related,Release
40112,https://github.com/ror-community/ror-updates/issues/40112,"Add a new organization to ROR: 
 
African Regional Centre for Space Science and Technology Education in English (ARCSSTE-E)",African Regional Centre for Space Science and Technology Education in English,https://ror.org/03hpx0h32,https://ror.org/04qsamf92,United Nations Office for Outer Space Affairs,Related,Production
40112,https://github.com/ror-community/ror-updates/issues/40112,"Add a new organization to ROR: 
 
African Regional Centre for Space Science and Technology Education in English (ARCSSTE-E)",United Nations Office for Outer Space Affairs,https://ror.org/04qsamf92,https://ror.org/03hpx0h32,African Regional Centre for Space Science and Technology Education in English,Related,Release
40095,https://github.com/ror-community/ror-updates/issues/40095,"Add a new organization to ROR: 
 
DNCVPS Shirish Madhukarrao Chaudhari College, Jalgaon ","Shirish Madhukarrao Chaudhari College, Jalgaon",https://ror.org/05wgw2804,https://ror.org/04g7tnd56,Kavayitri Bahinabai Chaudhari North Maharashtra University,Related,Production
40095,https://github.com/ror-community/ror-updates/issues/40095,"Add a new organization to ROR: 
 
DNCVPS Shirish Madhukarrao Chaudhari College, Jalgaon ",Kavayitri Bahinabai Chaudhari North Maharashtra University,https://ror.org/04g7tnd56,https://ror.org/05wgw2804,"Shirish Madhukarrao Chaudhari College, Jalgaon",Related,Release
40227,https://github.com/ror-community/ror-updates/issues/40227,Modify the information in an existing ROR record: Biologie du Chloroplaste et Perception de la Lumière chez les Microalgues - https://ror.org/04ezpxa16,Biologie du Chloroplaste et Perception de la Lumière chez les Microalgues,https://ror.org/04ezpxa16,https://ror.org/001r32c80,Biologie du chloroplaste et perception de la lumière chez les micro-algues,Successor,Production
40232,https://github.com/ror-community/ror-updates/issues/40232,Modify the information in an existing ROR record: Institut d’Epidémiologie et de Neurologie Tropicale - https://ror.org/0529q4s79,Institut d’Epidémiologie et de Neurologie Tropicale,https://ror.org/0529q4s79,https://ror.org/03xssrp53,Délégation Régionale Occitanie Pyrénées,Delete,Production
40232,https://github.com/ror-community/ror-updates/issues/40232,Modify the information in an existing ROR record: Institut d’Epidémiologie et de Neurologie Tropicale - https://ror.org/0529q4s79,Délégation Régionale Occitanie Pyrénées,https://ror.org/03xssrp53,https://ror.org/0529q4s79,Institut d’Epidémiologie et de Neurologie Tropicale,Delete,Release
40233,https://github.com/ror-community/ror-updates/issues/40233,Modify the information in an existing ROR record: Institut d’Epidémiologie et de Neurologie Tropicale - https://ror.org/023h4a821,Institut d’Epidémiologie et de Neurologie Tropicale,https://ror.org/023h4a821,https://ror.org/0529q4s79,Institut d’Epidémiologie Neurologique et de Neurologie Tropicale,Successor,Production
40179,https://github.com/ror-community/ror-updates/issues/40179,"Add a new organization to ROR: 
 
Wah Medical College",Wah Medical College,https://ror.org/046gjbj53,https://ror.org/04tj88f69,National University of Medical Sciences,Related,Production
40179,https://github.com/ror-community/ror-updates/issues/40179,"Add a new organization to ROR: 
 
Wah Medical College",National University of Medical Sciences,https://ror.org/04tj88f69,https://ror.org/046gjbj53,Wah Medical College,Related,Release
40234,https://github.com/ror-community/ror-updates/issues/40234,Modify the information in an existing ROR record: Interdisciplinary Center for Archaeology and the Evolution of Human Behaviour - https://ror.org/0193mb561,Interdisciplinary Center for Archaeology and the Evolution of Human Behaviour,https://ror.org/0193mb561,https://ror.org/014g34x36,University of Algarve,Parent,Production
40234,https://github.com/ror-community/ror-updates/issues/40234,Modify the information in an existing ROR record: Interdisciplinary Center for Archaeology and the Evolution of Human Behaviour - https://ror.org/0193mb561,University of Algarve,https://ror.org/014g34x36,https://ror.org/0193mb561,Interdisciplinary Center for Archaeology and the Evolution of Human Behaviour,Child,Release
40235,https://github.com/ror-community/ror-updates/issues/40235,Modify the information in an existing ROR record: Centro Interdisciplinar de Arqueologia e Evolução do Comportamento Humano - https://ror.org/05x0rpm45,Centro Interdisciplinar de Arqueologia e Evolução do Comportamento Humano,https://ror.org/05x0rpm45,https://ror.org/0193mb561,Interdisciplinary Center for Archaeology and the Evolution of Human Behaviour,Successor,Production
40169,https://github.com/ror-community/ror-updates/issues/40169,"Add a new organization to ROR: 
 
Ministry of Human Rights",Ministry of Human Rights,https://ror.org/02wj15c94,https://ror.org/00pnp4y96,Government of Pakistan,Parent,Production
40169,https://github.com/ror-community/ror-updates/issues/40169,"Add a new organization to ROR: 
 
Ministry of Human Rights",Government of Pakistan,https://ror.org/00pnp4y96,https://ror.org/02wj15c94,Ministry of Human Rights,Child,Release
39211,https://github.com/ror-community/ror-updates/issues/39211,"Add a new organization to ROR: 
 
Center for Plant Cell Biology",Center for Plant Cell Biology,https://ror.org/01wwbfd82,https://ror.org/03nawhv43,"University of California, Riverside",Parent,Production
39211,https://github.com/ror-community/ror-updates/issues/39211,"Add a new organization to ROR: 
 
Center for Plant Cell Biology","University of California, Riverside",https://ror.org/03nawhv43,https://ror.org/01wwbfd82,Center for Plant Cell Biology,Child,Release
39213,https://github.com/ror-community/ror-updates/issues/39213,"Add a new organization to ROR: 
 
Environmental Dynamics and GeoEcology Institute",Environmental Dynamics and GeoEcology Institute,https://ror.org/0167y3755,https://ror.org/03nawhv43,"University of California, Riverside",Parent,Production
39213,https://github.com/ror-community/ror-updates/issues/39213,"Add a new organization to ROR: 
 
Environmental Dynamics and GeoEcology Institute","University of California, Riverside",https://ror.org/03nawhv43,https://ror.org/0167y3755,Environmental Dynamics and GeoEcology Institute,Child,Release
39289,https://github.com/ror-community/ror-updates/issues/39289,"Add a new organization to ROR: 
 
Center for Geospatial Sciences",Center for Geospatial Sciences,https://ror.org/01e8tjs89,https://ror.org/03nawhv43,"University of California, Riverside",Parent,Production
39289,https://github.com/ror-community/ror-updates/issues/39289,"Add a new organization to ROR: 
 
Center for Geospatial Sciences","University of California, Riverside",https://ror.org/03nawhv43,https://ror.org/01e8tjs89,Center for Geospatial Sciences,Child,Release
39375,https://github.com/ror-community/ror-updates/issues/39375,"Add a new organization to ROR: 
 
Statewide Air Pollution Research Center",Statewide Air Pollution Research Center,https://ror.org/049c12836,https://ror.org/03nawhv43,"University of California, Riverside",Parent,Production
39375,https://github.com/ror-community/ror-updates/issues/39375,"Add a new organization to ROR: 
 
Statewide Air Pollution Research Center","University of California, Riverside",https://ror.org/03nawhv43,https://ror.org/049c12836,Statewide Air Pollution Research Center,Child,Release
39330,https://github.com/ror-community/ror-updates/issues/39330,"Add a new organization to ROR: 
 
Center for Infectious Disease and Vector Research",Center for Infectious Disease and Vector Research,https://ror.org/01xcv5323,https://ror.org/03nawhv43,"University of California, Riverside",Parent,Production
39330,https://github.com/ror-community/ror-updates/issues/39330,"Add a new organization to ROR: 
 
Center for Infectious Disease and Vector Research","University of California, Riverside",https://ror.org/03nawhv43,https://ror.org/01xcv5323,Center for Infectious Disease and Vector Research,Child,Release
39204,https://github.com/ror-community/ror-updates/issues/39204,"Add a new organization to ROR: 
 
Institute for Integrative Genome Biology",Institute for Integrative Genome Biology,https://ror.org/00cpdm633,https://ror.org/03nawhv43,"University of California, Riverside",Parent,Production
39204,https://github.com/ror-community/ror-updates/issues/39204,"Add a new organization to ROR: 
 
Institute for Integrative Genome Biology","University of California, Riverside",https://ror.org/03nawhv43,https://ror.org/00cpdm633,Institute for Integrative Genome Biology,Child,Release
39207,https://github.com/ror-community/ror-updates/issues/39207,"Add a new organization to ROR: 
 
Center for Environmental Research and Technology",Center for Environmental Research and Technology,https://ror.org/045q9he82,https://ror.org/03nawhv43,"University of California, Riverside",Parent,Production
39207,https://github.com/ror-community/ror-updates/issues/39207,"Add a new organization to ROR: 
 
Center for Environmental Research and Technology","University of California, Riverside",https://ror.org/03nawhv43,https://ror.org/045q9he82,Center for Environmental Research and Technology,Child,Release
40276,https://github.com/ror-community/ror-updates/issues/40276,Add a new organization to ROR: Satkhira Medical College,Satkhira Medical College,https://ror.org/00htgfe32,https://ror.org/04b7fym73,Khulna Medical University,Related,Production
40276,https://github.com/ror-community/ror-updates/issues/40276,Add a new organization to ROR: Satkhira Medical College,Khulna Medical University,https://ror.org/04b7fym73,https://ror.org/00htgfe32,Satkhira Medical College,Related,Release
33033,https://github.com/ror-community/ror-updates/issues/33033,"Add a new organization to ROR: 
 
International School of Management Excellence, Bengaluru, Indai",International School of Management Excellence,https://ror.org/00ms8qy16,https://ror.org/050j2vm64,Bangalore University,Related,Production
33033,https://github.com/ror-community/ror-updates/issues/33033,"Add a new organization to ROR: 
 
International School of Management Excellence, Bengaluru, Indai",Bangalore University,https://ror.org/050j2vm64,https://ror.org/00ms8qy16,International School of Management Excellence,Related,Release
40268,https://github.com/ror-community/ror-updates/issues/40268,"Add a new organization to ROR: 
 
Budge Budge College",Budge Budge College,https://ror.org/04pd53009,https://ror.org/01e7v7w47,University of Calcutta,Related,Production
40268,https://github.com/ror-community/ror-updates/issues/40268,"Add a new organization to ROR: 
 
Budge Budge College",University of Calcutta,https://ror.org/01e7v7w47,https://ror.org/04pd53009,Budge Budge College,Related,Release
40130,https://github.com/ror-community/ror-updates/issues/40130,"Add a new organization to ROR: 
 
Tashkent Botanical Garden named after academician F.N. Rusanov",Tashkent Botanical Garden named after academician F.N. Rusanov,https://ror.org/03xkpv090,https://ror.org/02t61ez16,Institute of Botany of the Academy of Sciences of Uzbekistan,Parent,Release
40130,https://github.com/ror-community/ror-updates/issues/40130,"Add a new organization to ROR: 
 
Tashkent Botanical Garden named after academician F.N. Rusanov",Institute of Botany of the Academy of Sciences of Uzbekistan,https://ror.org/02t61ez16,https://ror.org/03xkpv090,Tashkent Botanical Garden named after academician F.N. Rusanov,Child,Release
40165,https://github.com/ror-community/ror-updates/issues/40165,"Add a new organization to ROR: 
 
M. S. Hrushevsky Institute of Ukrainian Archeography and Source Studies of the National Academy of Sciences of Ukraine",M. S. Hrushevsky Institute of Ukrainian Archeography and Source Studies of the National Academy of Sciences of Ukraine,https://ror.org/04vy84n95,https://ror.org/00je4t102,National Academy of Sciences of Ukraine,Parent,Production
40165,https://github.com/ror-community/ror-updates/issues/40165,"Add a new organization to ROR: 
 
M. S. Hrushevsky Institute of Ukrainian Archeography and Source Studies of the National Academy of Sciences of Ukraine",National Academy of Sciences of Ukraine,https://ror.org/00je4t102,https://ror.org/04vy84n95,M. S. Hrushevsky Institute of Ukrainian Archeography and Source Studies of the National Academy of Sciences of Ukraine,Child,Release
40196,https://github.com/ror-community/ror-updates/issues/40196,"Add a new organization to ROR: 
 
Sri Venkateshwaraa Dental College,Puducherry","Sri Venkateshwaraa Dental College, Puducherry",https://ror.org/05xq77g61,https://ror.org/01qybkd90,Sri Venkateshwaraa Medical College Hospital and Research Centre,Related,Production
40196,https://github.com/ror-community/ror-updates/issues/40196,"Add a new organization to ROR: 
 
Sri Venkateshwaraa Dental College,Puducherry",Sri Venkateshwaraa Medical College Hospital and Research Centre,https://ror.org/01qybkd90,https://ror.org/05xq77g61,"Sri Venkateshwaraa Dental College, Puducherry",Related,Release
40196,https://github.com/ror-community/ror-updates/issues/40196,"Add a new organization to ROR: 
 
Sri Venkateshwaraa Dental College,Puducherry","Sri Venkateshwaraa Dental College, Puducherry",https://ror.org/05xq77g61,https://ror.org/01a3mef16,Pondicherry University,Related,Production
40196,https://github.com/ror-community/ror-updates/issues/40196,"Add a new organization to ROR: 
 
Sri Venkateshwaraa Dental College,Puducherry",Pondicherry University,https://ror.org/01a3mef16,https://ror.org/05xq77g61,"Sri Venkateshwaraa Dental College, Puducherry",Related,Release
40207,https://github.com/ror-community/ror-updates/issues/40207,Add a new organization to ROR: National Center for Mental Health Promotion (Saudi Arabia),National Center for Mental Health Promotion,https://ror.org/03xs6sx07,https://ror.org/030atj633,Ministry of Health,Parent,Production
40207,https://github.com/ror-community/ror-updates/issues/40207,Add a new organization to ROR: National Center for Mental Health Promotion (Saudi Arabia),Ministry of Health,https://ror.org/030atj633,https://ror.org/03xs6sx07,National Center for Mental Health Promotion,Child,Release
40244,https://github.com/ror-community/ror-updates/issues/40244,Add a new organization to ROR: Unicaf University (UNICAF),Unicaf University,https://ror.org/03da2mr46,https://ror.org/00m3pr919,Unicaf (Cyprus),Parent,Release
40244,https://github.com/ror-community/ror-updates/issues/40244,Add a new organization to ROR: Unicaf University (UNICAF),Unicaf (Cyprus),https://ror.org/00m3pr919,https://ror.org/03da2mr46,Unicaf University,Child,Release
40339,https://github.com/ror-community/ror-updates/issues/40339,Add a new organization to ROR: UNICAF,Unicaf (Cyprus),https://ror.org/00m3pr919,https://ror.org/05a66nm37,Unicaf University Zambia,Child,Production
40339,https://github.com/ror-community/ror-updates/issues/40339,Add a new organization to ROR: UNICAF,Unicaf University Zambia,https://ror.org/05a66nm37,https://ror.org/00m3pr919,Unicaf (Cyprus),Parent,Release
40293,https://github.com/ror-community/ror-updates/issues/40293,"Add a new organization to ROR: 
 
UNIVERSITY OF MEDICAL SCIENCES AND TECHNOLOGY RWANDA",University of Medical Sciences and Technology Rwanda,https://ror.org/016r9qd12,https://ror.org/01rztx461,University of Medical Sciences and Technology,Related,Production
40293,https://github.com/ror-community/ror-updates/issues/40293,"Add a new organization to ROR: 
 
UNIVERSITY OF MEDICAL SCIENCES AND TECHNOLOGY RWANDA",University of Medical Sciences and Technology,https://ror.org/01rztx461,https://ror.org/016r9qd12,University of Medical Sciences and Technology Rwanda,Related,Release
40291,https://github.com/ror-community/ror-updates/issues/40291,"Add a new organization to ROR: 
 
Centre interdisciplinaire de recherche en réadaptation et en intégration sociale (Cirris)",Centre interdisciplinaire de recherche en réadaptation et intégration sociale,https://ror.org/0214hkz02,https://ror.org/00pamm417,Centre intégré universitaire de santé et de services sociaux de la Capitale-Nationale,Parent,Production
40291,https://github.com/ror-community/ror-updates/issues/40291,"Add a new organization to ROR: 
 
Centre interdisciplinaire de recherche en réadaptation et en intégration sociale (Cirris)",Centre intégré universitaire de santé et de services sociaux de la Capitale-Nationale,https://ror.org/00pamm417,https://ror.org/0214hkz02,Centre interdisciplinaire de recherche en réadaptation et intégration sociale,Child,Release
40291,https://github.com/ror-community/ror-updates/issues/40291,"Add a new organization to ROR: 
 
Centre interdisciplinaire de recherche en réadaptation et en intégration sociale (Cirris)",Centre interdisciplinaire de recherche en réadaptation et intégration sociale,https://ror.org/0214hkz02,https://ror.org/04sjchr03,Université Laval,Related,Production
40291,https://github.com/ror-community/ror-updates/issues/40291,"Add a new organization to ROR: 
 
Centre interdisciplinaire de recherche en réadaptation et en intégration sociale (Cirris)",Université Laval,https://ror.org/04sjchr03,https://ror.org/0214hkz02,Centre interdisciplinaire de recherche en réadaptation et intégration sociale,Related,Release
37887,https://github.com/ror-community/ror-updates/issues/37887,"Add a new organization to ROR: 
 
Itaú Cultural",Itaú Cultural,https://ror.org/03mpe3e92,https://ror.org/04hdat864,Fundação Itaú,Parent,Release
37887,https://github.com/ror-community/ror-updates/issues/37887,"Add a new organization to ROR: 
 
Itaú Cultural",Fundação Itaú,https://ror.org/04hdat864,https://ror.org/03mpe3e92,Itaú Cultural,Child,Release
37912,https://github.com/ror-community/ror-updates/issues/37912,"Add a new organization to ROR: 
 
University College of Health and Well-being, Kintampo","College of Health and Well-Being, Kintampo",https://ror.org/045xeeh69,https://ror.org/05c7h4935,Ministry of Health,Parent,Production
37912,https://github.com/ror-community/ror-updates/issues/37912,"Add a new organization to ROR: 
 
University College of Health and Well-being, Kintampo",Ministry of Health,https://ror.org/05c7h4935,https://ror.org/045xeeh69,"College of Health and Well-Being, Kintampo",Child,Release
38251,https://github.com/ror-community/ror-updates/issues/38251,Add a new organization to ROR: Dayanand Subhash National (P.G.) College,"D.S.N. College, Unnao",https://ror.org/04wewty42,https://ror.org/040qxz868,Chhatrapati Shahu Ji Maharaj University,Related,Production
38251,https://github.com/ror-community/ror-updates/issues/38251,Add a new organization to ROR: Dayanand Subhash National (P.G.) College,Chhatrapati Shahu Ji Maharaj University,https://ror.org/040qxz868,https://ror.org/04wewty42,"D.S.N. College, Unnao",Related,Release
38247,https://github.com/ror-community/ror-updates/issues/38247,Add a new organization to ROR: Dhenkanal Autonomous College,Dhenkanal Autonomous College,https://ror.org/055ya8h92,https://ror.org/0034eez47,Utkal University,Related,Production
38247,https://github.com/ror-community/ror-updates/issues/38247,Add a new organization to ROR: Dhenkanal Autonomous College,Utkal University,https://ror.org/0034eez47,https://ror.org/055ya8h92,Dhenkanal Autonomous College,Related,Release
38233,https://github.com/ror-community/ror-updates/issues/38233,Add a new organization to ROR: Harish Chandra Post Graduate College,"Harish Chandra Post Graduate College, Varanasi",https://ror.org/049rhes90,https://ror.org/006qz8583,Mahatma Gandhi Kashi Vidyapith,Related,Production
38233,https://github.com/ror-community/ror-updates/issues/38233,Add a new organization to ROR: Harish Chandra Post Graduate College,Mahatma Gandhi Kashi Vidyapith,https://ror.org/006qz8583,https://ror.org/049rhes90,"Harish Chandra Post Graduate College, Varanasi",Related,Release
38214,https://github.com/ror-community/ror-updates/issues/38214,"Add a new organization to ROR: Shri Shivaji Education Society, Amravati's Science College","Shri Shivaji Education Society, Amravati's Science College, Nagpur",https://ror.org/022bn6861,https://ror.org/04esgv207,Rashtrasant Tukadoji Maharaj Nagpur University,Related,Production
38214,https://github.com/ror-community/ror-updates/issues/38214,"Add a new organization to ROR: Shri Shivaji Education Society, Amravati's Science College",Rashtrasant Tukadoji Maharaj Nagpur University,https://ror.org/04esgv207,https://ror.org/022bn6861,"Shri Shivaji Education Society, Amravati's Science College, Nagpur",Related,Release
38203,https://github.com/ror-community/ror-updates/issues/38203,Add a new organization to ROR: Insight Molecular Diagnostics Inc. *en,"Insight Molecular Diagnostics, Inc (United States)",https://ror.org/045weg456,https://ror.org/03ymtp346,Insight Genetics (United States),Predecessor,Production
38203,https://github.com/ror-community/ror-updates/issues/38203,Add a new organization to ROR: Insight Molecular Diagnostics Inc. *en,Insight Genetics (United States),https://ror.org/03ymtp346,https://ror.org/045weg456,"Insight Molecular Diagnostics, Inc (United States)",Successor,Release
38321,https://github.com/ror-community/ror-updates/issues/38321,Add a new organization to ROR: Samanta Chandra Sekhar Autonomous College,"Samanta Chandra Sekhar Autonomous College, Puri",https://ror.org/02y2shv26,https://ror.org/0034eez47,Utkal University,Related,Production
38321,https://github.com/ror-community/ror-updates/issues/38321,Add a new organization to ROR: Samanta Chandra Sekhar Autonomous College,Utkal University,https://ror.org/0034eez47,https://ror.org/02y2shv26,"Samanta Chandra Sekhar Autonomous College, Puri",Related,Release
37936,https://github.com/ror-community/ror-updates/issues/37936,Add a new organization to ROR: Dr. Baba Saheb Ambedkar Medical College and Hospital (India),Dr. Baba Saheb Ambedkar Medical College and Hospital,https://ror.org/008rsrk77,https://ror.org/02zxdwc71,Dr Baba Saheb Ambedkar Hospital,Related,Production
37936,https://github.com/ror-community/ror-updates/issues/37936,Add a new organization to ROR: Dr. Baba Saheb Ambedkar Medical College and Hospital (India),Dr Baba Saheb Ambedkar Hospital,https://ror.org/02zxdwc71,https://ror.org/008rsrk77,Dr. Baba Saheb Ambedkar Medical College and Hospital,Related,Release
37936,https://github.com/ror-community/ror-updates/issues/37936,Add a new organization to ROR: Dr. Baba Saheb Ambedkar Medical College and Hospital (India),Dr. Baba Saheb Ambedkar Medical College and Hospital,https://ror.org/008rsrk77,https://ror.org/034q1za58,Guru Gobind Singh Indraprastha University,Related,Production
37936,https://github.com/ror-community/ror-updates/issues/37936,Add a new organization to ROR: Dr. Baba Saheb Ambedkar Medical College and Hospital (India),Guru Gobind Singh Indraprastha University,https://ror.org/034q1za58,https://ror.org/008rsrk77,Dr. Baba Saheb Ambedkar Medical College and Hospital,Related,Release
38264,https://github.com/ror-community/ror-updates/issues/38264,Add a new organization to ROR: Kalyan Post Graduate College,Kalyan Post Graduate College,https://ror.org/04z98ja03,https://ror.org/022ctcp45,Hemchand Yadav Vishwavidyalaya,Related,Production
38264,https://github.com/ror-community/ror-updates/issues/38264,Add a new organization to ROR: Kalyan Post Graduate College,Hemchand Yadav Vishwavidyalaya,https://ror.org/022ctcp45,https://ror.org/04z98ja03,Kalyan Post Graduate College,Related,Release
34864,https://github.com/ror-community/ror-updates/issues/34864,Modify the information in an existing ROR record: Office of Security - https://ror.org/008fa9s48,Office of Security,https://ror.org/008fa9s48,https://ror.org/039928415,Office of Environmental Protection and ES&H Reporting,Delete,Production
34864,https://github.com/ror-community/ror-updates/issues/34864,Modify the information in an existing ROR record: Office of Security - https://ror.org/008fa9s48,Office of Environmental Protection and ES&H Reporting,https://ror.org/039928415,https://ror.org/008fa9s48,Office of Security,Delete,Release
34863,https://github.com/ror-community/ror-updates/issues/34863,Modify the information in an existing ROR record: Office of Environmental Protection and ES&H Reporting - https://ror.org/039928415,Office of Environmental Protection and ES&H Reporting,https://ror.org/039928415,https://ror.org/008fa9s48,Office of Security,Delete,Production
34863,https://github.com/ror-community/ror-updates/issues/34863,Modify the information in an existing ROR record: Office of Environmental Protection and ES&H Reporting - https://ror.org/039928415,Office of Security,https://ror.org/008fa9s48,https://ror.org/039928415,Office of Environmental Protection and ES&H Reporting,Delete,Release
34862,https://github.com/ror-community/ror-updates/issues/34862,Modify the information in an existing ROR record: Office of Enterprise Assessments - https://ror.org/035fxjt55,Office of Enterprise Assessments,https://ror.org/035fxjt55,https://ror.org/01bj3aw27,United States Department of Energy,Delete,Production
34862,https://github.com/ror-community/ror-updates/issues/34862,Modify the information in an existing ROR record: Office of Enterprise Assessments - https://ror.org/035fxjt55,United States Department of Energy,https://ror.org/01bj3aw27,https://ror.org/035fxjt55,Office of Enterprise Assessments,Delete,Release
34862,https://github.com/ror-community/ror-updates/issues/34862,Modify the information in an existing ROR record: Office of Enterprise Assessments - https://ror.org/035fxjt55,Office of Enterprise Assessments,https://ror.org/035fxjt55,https://ror.org/028rfb880,Office of Secretary of Energy,Parent,Production
34862,https://github.com/ror-community/ror-updates/issues/34862,Modify the information in an existing ROR record: Office of Enterprise Assessments - https://ror.org/035fxjt55,Office of Secretary of Energy,https://ror.org/028rfb880,https://ror.org/035fxjt55,Office of Enterprise Assessments,Child,Release
34861,https://github.com/ror-community/ror-updates/issues/34861,Modify the information in an existing ROR record: Wind Energy Technologies Office - https://ror.org/01qvmna33,Wind Energy Technologies Office,https://ror.org/01qvmna33,https://ror.org/00p6app11,Office of Renewable Energy,Delete,Production
34861,https://github.com/ror-community/ror-updates/issues/34861,Modify the information in an existing ROR record: Wind Energy Technologies Office - https://ror.org/01qvmna33,Office of Renewable Energy,https://ror.org/00p6app11,https://ror.org/01qvmna33,Wind Energy Technologies Office,Delete,Release
34861,https://github.com/ror-community/ror-updates/issues/34861,Modify the information in an existing ROR record: Wind Energy Technologies Office - https://ror.org/01qvmna33,Wind Energy Technologies Office,https://ror.org/01qvmna33,https://ror.org/05c5gw140,Integrated Energy Systems Office,Successor,Production
34861,https://github.com/ror-community/ror-updates/issues/34861,Modify the information in an existing ROR record: Wind Energy Technologies Office - https://ror.org/01qvmna33,Integrated Energy Systems Office,https://ror.org/05c5gw140,https://ror.org/01qvmna33,Wind Energy Technologies Office,Predecessor,Release
34860,https://github.com/ror-community/ror-updates/issues/34860,Modify the information in an existing ROR record: Water Power Technologies Office - https://ror.org/01d947q34,Water Power Technologies Office,https://ror.org/01d947q34,https://ror.org/00p6app11,Office of Renewable Energy,Delete,Production
34860,https://github.com/ror-community/ror-updates/issues/34860,Modify the information in an existing ROR record: Water Power Technologies Office - https://ror.org/01d947q34,Office of Renewable Energy,https://ror.org/00p6app11,https://ror.org/01d947q34,Water Power Technologies Office,Delete,Release
34860,https://github.com/ror-community/ror-updates/issues/34860,Modify the information in an existing ROR record: Water Power Technologies Office - https://ror.org/01d947q34,Water Power Technologies Office,https://ror.org/01d947q34,https://ror.org/042re8k35,Office of Energy Technology,Parent,Production
34860,https://github.com/ror-community/ror-updates/issues/34860,Modify the information in an existing ROR record: Water Power Technologies Office - https://ror.org/01d947q34,Office of Energy Technology,https://ror.org/042re8k35,https://ror.org/01d947q34,Water Power Technologies Office,Child,Release
34859,https://github.com/ror-community/ror-updates/issues/34859,Modify the information in an existing ROR record: Solar Energy Technologies Office - https://ror.org/033jmdj81,Solar Energy Technologies Office,https://ror.org/033jmdj81,https://ror.org/02xznz413,Office of Critical Minerals and Energy Innovation,Delete,Production
34859,https://github.com/ror-community/ror-updates/issues/34859,Modify the information in an existing ROR record: Solar Energy Technologies Office - https://ror.org/033jmdj81,Office of Critical Minerals and Energy Innovation,https://ror.org/02xznz413,https://ror.org/033jmdj81,Solar Energy Technologies Office,Delete,Release
34859,https://github.com/ror-community/ror-updates/issues/34859,Modify the information in an existing ROR record: Solar Energy Technologies Office - https://ror.org/033jmdj81,Solar Energy Technologies Office,https://ror.org/033jmdj81,https://ror.org/05c5gw140,Integrated Energy Systems Office,Successor,Production
34859,https://github.com/ror-community/ror-updates/issues/34859,Modify the information in an existing ROR record: Solar Energy Technologies Office - https://ror.org/033jmdj81,Integrated Energy Systems Office,https://ror.org/05c5gw140,https://ror.org/033jmdj81,Solar Energy Technologies Office,Predecessor,Release
34854,https://github.com/ror-community/ror-updates/issues/34854,Modify the information in an existing ROR record: Bioenergy Technologies Office - https://ror.org/01qrpsa36,Bioenergy Technologies Office,https://ror.org/01qrpsa36,https://ror.org/02xznz413,Office of Critical Minerals and Energy Innovation,Delete,Production
34854,https://github.com/ror-community/ror-updates/issues/34854,Modify the information in an existing ROR record: Bioenergy Technologies Office - https://ror.org/01qrpsa36,Office of Critical Minerals and Energy Innovation,https://ror.org/02xznz413,https://ror.org/01qrpsa36,Bioenergy Technologies Office,Delete,Release
34854,https://github.com/ror-community/ror-updates/issues/34854,Modify the information in an existing ROR record: Bioenergy Technologies Office - https://ror.org/01qrpsa36,Bioenergy Technologies Office,https://ror.org/01qrpsa36,https://ror.org/018ts6k76,Alternative Fuels and Feedstocks Office,Successor,Production
34854,https://github.com/ror-community/ror-updates/issues/34854,Modify the information in an existing ROR record: Bioenergy Technologies Office - https://ror.org/01qrpsa36,Alternative Fuels and Feedstocks Office,https://ror.org/018ts6k76,https://ror.org/01qrpsa36,Bioenergy Technologies Office,Predecessor,Release
34853,https://github.com/ror-community/ror-updates/issues/34853,Modify the information in an existing ROR record: Industrial Efficiency and Decarbonization Office - https://ror.org/05vk3sy20,Industrial Efficiency and Decarbonization Office,https://ror.org/05vk3sy20,https://ror.org/03esms521,Advanced Materials and Manufacturing Technologies Office,Delete,Production
34853,https://github.com/ror-community/ror-updates/issues/34853,Modify the information in an existing ROR record: Industrial Efficiency and Decarbonization Office - https://ror.org/05vk3sy20,Advanced Materials and Manufacturing Technologies Office,https://ror.org/03esms521,https://ror.org/05vk3sy20,Industrial Efficiency and Decarbonization Office,Delete,Release
34853,https://github.com/ror-community/ror-updates/issues/34853,Modify the information in an existing ROR record: Industrial Efficiency and Decarbonization Office - https://ror.org/05vk3sy20,Industrial Efficiency and Decarbonization Office,https://ror.org/05vk3sy20,https://ror.org/020vj6986,Industrial Technologies Office,Successor,Production
34853,https://github.com/ror-community/ror-updates/issues/34853,Modify the information in an existing ROR record: Industrial Efficiency and Decarbonization Office - https://ror.org/05vk3sy20,Industrial Technologies Office,https://ror.org/020vj6986,https://ror.org/05vk3sy20,Industrial Efficiency and Decarbonization Office,Predecessor,Release
34847,https://github.com/ror-community/ror-updates/issues/34847,Modify the information in an existing ROR record: Office of the Chief Information Officer - https://ror.org/00hvbwp12,Office of the Chief Information Officer,https://ror.org/00hvbwp12,https://ror.org/01bj3aw27,United States Department of Energy,Delete,Production
34847,https://github.com/ror-community/ror-updates/issues/34847,Modify the information in an existing ROR record: Office of the Chief Information Officer - https://ror.org/00hvbwp12,United States Department of Energy,https://ror.org/01bj3aw27,https://ror.org/00hvbwp12,Office of the Chief Information Officer,Delete,Release
34847,https://github.com/ror-community/ror-updates/issues/34847,Modify the information in an existing ROR record: Office of the Chief Information Officer - https://ror.org/00hvbwp12,Office of the Chief Information Officer,https://ror.org/00hvbwp12,https://ror.org/028rfb880,Office of Secretary of Energy,Parent,Production
34847,https://github.com/ror-community/ror-updates/issues/34847,Modify the information in an existing ROR record: Office of the Chief Information Officer - https://ror.org/00hvbwp12,Office of Secretary of Energy,https://ror.org/028rfb880,https://ror.org/00hvbwp12,Office of the Chief Information Officer,Child,Release
34837,https://github.com/ror-community/ror-updates/issues/34837,Modify the information in an existing ROR record: Office of Renewable Energy - https://ror.org/00p6app11,Office of Renewable Energy,https://ror.org/00p6app11,https://ror.org/02xznz413,Office of Critical Minerals and Energy Innovation,Delete,Production
34837,https://github.com/ror-community/ror-updates/issues/34837,Modify the information in an existing ROR record: Office of Renewable Energy - https://ror.org/00p6app11,Office of Critical Minerals and Energy Innovation,https://ror.org/02xznz413,https://ror.org/00p6app11,Office of Renewable Energy,Delete,Release
34837,https://github.com/ror-community/ror-updates/issues/34837,Modify the information in an existing ROR record: Office of Renewable Energy - https://ror.org/00p6app11,Office of Renewable Energy,https://ror.org/00p6app11,https://ror.org/02xznz413,Office of Critical Minerals and Energy Innovation,Successor,Production
34837,https://github.com/ror-community/ror-updates/issues/34837,Modify the information in an existing ROR record: Office of Renewable Energy - https://ror.org/00p6app11,Office of Critical Minerals and Energy Innovation,https://ror.org/02xznz413,https://ror.org/00p6app11,Office of Renewable Energy,Predecessor,Release
33538,https://github.com/ror-community/ror-updates/issues/33538,Modify the information in an existing ROR record: V. T. Choksi Sarvajanik College of Education - https://ror.org/00w0b6m86,V. T. Choksi Sarvajanik College of Education,https://ror.org/00w0b6m86,https://ror.org/04frnz493,Veer Narmad South Gujarat University,Related,Production
33538,https://github.com/ror-community/ror-updates/issues/33538,Modify the information in an existing ROR record: V. T. Choksi Sarvajanik College of Education - https://ror.org/00w0b6m86,Veer Narmad South Gujarat University,https://ror.org/04frnz493,https://ror.org/00w0b6m86,V. T. Choksi Sarvajanik College of Education,Related,Release
35131,https://github.com/ror-community/ror-updates/issues/35131,"Modify the information in an existing ROR record: 
Stellwagen Bank National Marine Sanctuary https://ror.org/012q9wx84
",Stellwagen Bank National Marine Sanctuary,https://ror.org/012q9wx84,https://ror.org/02k4h0334,NOAA National Ocean Service,Parent,Production
35131,https://github.com/ror-community/ror-updates/issues/35131,"Modify the information in an existing ROR record: 
Stellwagen Bank National Marine Sanctuary https://ror.org/012q9wx84
",NOAA National Ocean Service,https://ror.org/02k4h0334,https://ror.org/012q9wx84,Stellwagen Bank National Marine Sanctuary,Child,Release
35050,https://github.com/ror-community/ror-updates/issues/35050,"Modify the information in an existing ROR record: 
GERFLINT https://ror.org/02fek2d03
",GERFLINT,https://ror.org/02fek2d03,https://ror.org/0581esp57,Fondation Maison des Sciences de l'Homme,Delete,Production
35050,https://github.com/ror-community/ror-updates/issues/35050,"Modify the information in an existing ROR record: 
GERFLINT https://ror.org/02fek2d03
",Fondation Maison des Sciences de l'Homme,https://ror.org/0581esp57,https://ror.org/02fek2d03,GERFLINT,Delete,Release
34987,https://github.com/ror-community/ror-updates/issues/34987,Modify the information in an existing ROR record: Jardins botaniques du Grand Nancy et de l'Université de Lorraine,Jardins botaniques du Grand Nancy et de l'Université de Lorraine,https://ror.org/05kxdq627,https://ror.org/05ncw0t52,Métropole du Grand Nancy,Parent,Production
34987,https://github.com/ror-community/ror-updates/issues/34987,Modify the information in an existing ROR record: Jardins botaniques du Grand Nancy et de l'Université de Lorraine,Métropole du Grand Nancy,https://ror.org/05ncw0t52,https://ror.org/05kxdq627,Jardins botaniques du Grand Nancy et de l'Université de Lorraine,Child,Release
34986,https://github.com/ror-community/ror-updates/issues/34986,Modify the information in an existing ROR record: Labex ARBRE,Labex ARBRE,https://ror.org/00gyb4719,https://ror.org/04vfs2w97,Université de Lorraine,Delete,Production
34986,https://github.com/ror-community/ror-updates/issues/34986,Modify the information in an existing ROR record: Labex ARBRE,Université de Lorraine,https://ror.org/04vfs2w97,https://ror.org/00gyb4719,Labex ARBRE,Delete,Release
34986,https://github.com/ror-community/ror-updates/issues/34986,Modify the information in an existing ROR record: Labex ARBRE,Labex ARBRE,https://ror.org/00gyb4719,https://ror.org/04vfs2w97,Université de Lorraine,Related,Production
34986,https://github.com/ror-community/ror-updates/issues/34986,Modify the information in an existing ROR record: Labex ARBRE,Université de Lorraine,https://ror.org/04vfs2w97,https://ror.org/00gyb4719,Labex ARBRE,Related,Release
34885,https://github.com/ror-community/ror-updates/issues/34885,Modify the information in an existing ROR record: Office of Petroleum Reserves - https://ror.org/05svhk535,Office of Petroleum Reserves,https://ror.org/05svhk535,https://ror.org/041g4v832,"Office of Cybersecurity, Energy Security, and Emergency Response",Delete,Production
34885,https://github.com/ror-community/ror-updates/issues/34885,Modify the information in an existing ROR record: Office of Petroleum Reserves - https://ror.org/05svhk535,"Office of Cybersecurity, Energy Security, and Emergency Response",https://ror.org/041g4v832,https://ror.org/05svhk535,Office of Petroleum Reserves,Delete,Release
34885,https://github.com/ror-community/ror-updates/issues/34885,Modify the information in an existing ROR record: Office of Petroleum Reserves - https://ror.org/05svhk535,Office of Petroleum Reserves,https://ror.org/05svhk535,https://ror.org/044yhc868,Office of Strategic Resources,Parent,Production
34885,https://github.com/ror-community/ror-updates/issues/34885,Modify the information in an existing ROR record: Office of Petroleum Reserves - https://ror.org/05svhk535,Office of Strategic Resources,https://ror.org/044yhc868,https://ror.org/05svhk535,Office of Petroleum Reserves,Child,Release
34873,https://github.com/ror-community/ror-updates/issues/34873,Modify the information in an existing ROR record: Office of Integrated Waste Management - https://ror.org/031mgyp05,Office of Integrated Waste Management,https://ror.org/031mgyp05,https://ror.org/05tj7dm33,Office of Nuclear Energy,Delete,Production
34873,https://github.com/ror-community/ror-updates/issues/34873,Modify the information in an existing ROR record: Office of Integrated Waste Management - https://ror.org/031mgyp05,Office of Nuclear Energy,https://ror.org/05tj7dm33,https://ror.org/031mgyp05,Office of Integrated Waste Management,Delete,Release
34873,https://github.com/ror-community/ror-updates/issues/34873,Modify the information in an existing ROR record: Office of Integrated Waste Management - https://ror.org/031mgyp05,Office of Integrated Waste Management,https://ror.org/031mgyp05,https://ror.org/03naxhj05,Spent Fuel and Waste Disposition,Parent,Production
34873,https://github.com/ror-community/ror-updates/issues/34873,Modify the information in an existing ROR record: Office of Integrated Waste Management - https://ror.org/031mgyp05,Spent Fuel and Waste Disposition,https://ror.org/03naxhj05,https://ror.org/031mgyp05,Office of Integrated Waste Management,Child,Release
34871,https://github.com/ror-community/ror-updates/issues/34871,"Modify the information in an existing ROR record: Office of Nuclear Materials Production, Management, and Protection - https://ror.org/02gy5dj09","Office of Nuclear Materials Production, Management, and Protection",https://ror.org/02gy5dj09,https://ror.org/05tj7dm33,Office of Nuclear Energy,Delete,Production
34871,https://github.com/ror-community/ror-updates/issues/34871,"Modify the information in an existing ROR record: Office of Nuclear Materials Production, Management, and Protection - https://ror.org/02gy5dj09",Office of Nuclear Energy,https://ror.org/05tj7dm33,https://ror.org/02gy5dj09,"Office of Nuclear Materials Production, Management, and Protection",Delete,Release
34871,https://github.com/ror-community/ror-updates/issues/34871,"Modify the information in an existing ROR record: Office of Nuclear Materials Production, Management, and Protection - https://ror.org/02gy5dj09","Office of Nuclear Materials Production, Management, and Protection",https://ror.org/02gy5dj09,https://ror.org/03gjh3k29,Nuclear Infrastructure Programs,Parent,Production
34871,https://github.com/ror-community/ror-updates/issues/34871,"Modify the information in an existing ROR record: Office of Nuclear Materials Production, Management, and Protection - https://ror.org/02gy5dj09",Nuclear Infrastructure Programs,https://ror.org/03gjh3k29,https://ror.org/02gy5dj09,"Office of Nuclear Materials Production, Management, and Protection",Child,Release
34870,https://github.com/ror-community/ror-updates/issues/34870,Modify the information in an existing ROR record: Office of Materials and Chemical Technologies - https://ror.org/004nzga04,Office of Materials and Chemical Technologies,https://ror.org/004nzga04,https://ror.org/05tj7dm33,Office of Nuclear Energy,Delete,Production
34870,https://github.com/ror-community/ror-updates/issues/34870,Modify the information in an existing ROR record: Office of Materials and Chemical Technologies - https://ror.org/004nzga04,Office of Nuclear Energy,https://ror.org/05tj7dm33,https://ror.org/004nzga04,Office of Materials and Chemical Technologies,Delete,Release
34870,https://github.com/ror-community/ror-updates/issues/34870,Modify the information in an existing ROR record: Office of Materials and Chemical Technologies - https://ror.org/004nzga04,Office of Materials and Chemical Technologies,https://ror.org/004nzga04,https://ror.org/04bfwqa71,Nuclear Fuel Cycle and Supply Chain,Parent,Production
34870,https://github.com/ror-community/ror-updates/issues/34870,Modify the information in an existing ROR record: Office of Materials and Chemical Technologies - https://ror.org/004nzga04,Nuclear Fuel Cycle and Supply Chain,https://ror.org/04bfwqa71,https://ror.org/004nzga04,Office of Materials and Chemical Technologies,Child,Release
34869,https://github.com/ror-community/ror-updates/issues/34869,Modify the information in an existing ROR record: Office of Advanced Fuels Technologies - https://ror.org/01j67h539,Office of Advanced Fuels Technologies,https://ror.org/01j67h539,https://ror.org/05tj7dm33,Office of Nuclear Energy,Delete,Production
34869,https://github.com/ror-community/ror-updates/issues/34869,Modify the information in an existing ROR record: Office of Advanced Fuels Technologies - https://ror.org/01j67h539,Office of Nuclear Energy,https://ror.org/05tj7dm33,https://ror.org/01j67h539,Office of Advanced Fuels Technologies,Delete,Release
34869,https://github.com/ror-community/ror-updates/issues/34869,Modify the information in an existing ROR record: Office of Advanced Fuels Technologies - https://ror.org/01j67h539,Office of Advanced Fuels Technologies,https://ror.org/01j67h539,https://ror.org/04bfwqa71,Nuclear Fuel Cycle and Supply Chain,Parent,Production
34869,https://github.com/ror-community/ror-updates/issues/34869,Modify the information in an existing ROR record: Office of Advanced Fuels Technologies - https://ror.org/01j67h539,Nuclear Fuel Cycle and Supply Chain,https://ror.org/04bfwqa71,https://ror.org/01j67h539,Office of Advanced Fuels Technologies,Child,Release
34867,https://github.com/ror-community/ror-updates/issues/34867,Modify the information in an existing ROR record: Office of International Nuclear Safety - https://ror.org/01xenw941,Office of International Nuclear Safety,https://ror.org/01xenw941,https://ror.org/05tj7dm33,Office of Nuclear Energy,Delete,Production
34867,https://github.com/ror-community/ror-updates/issues/34867,Modify the information in an existing ROR record: Office of International Nuclear Safety - https://ror.org/01xenw941,Office of Nuclear Energy,https://ror.org/05tj7dm33,https://ror.org/01xenw941,Office of International Nuclear Safety,Delete,Release
34867,https://github.com/ror-community/ror-updates/issues/34867,Modify the information in an existing ROR record: Office of International Nuclear Safety - https://ror.org/01xenw941,Office of International Nuclear Safety,https://ror.org/01xenw941,https://ror.org/049t0bn51,International Nuclear Energy Policy and Cooperation,Parent,Production
34867,https://github.com/ror-community/ror-updates/issues/34867,Modify the information in an existing ROR record: Office of International Nuclear Safety - https://ror.org/01xenw941,International Nuclear Energy Policy and Cooperation,https://ror.org/049t0bn51,https://ror.org/01xenw941,Office of International Nuclear Safety,Child,Release
34866,https://github.com/ror-community/ror-updates/issues/34866,"Modify the information in an existing ROR record: Office of Bilateral, Multilateral, and Commercial Cooperation - https://ror.org/04n45zg06","Office of Bilateral, Multilateral, and Commercial Cooperation",https://ror.org/04n45zg06,https://ror.org/05tj7dm33,Office of Nuclear Energy,Delete,Production
34866,https://github.com/ror-community/ror-updates/issues/34866,"Modify the information in an existing ROR record: Office of Bilateral, Multilateral, and Commercial Cooperation - https://ror.org/04n45zg06",Office of Nuclear Energy,https://ror.org/05tj7dm33,https://ror.org/04n45zg06,"Office of Bilateral, Multilateral, and Commercial Cooperation",Delete,Release
34866,https://github.com/ror-community/ror-updates/issues/34866,"Modify the information in an existing ROR record: Office of Bilateral, Multilateral, and Commercial Cooperation - https://ror.org/04n45zg06","Office of Bilateral, Multilateral, and Commercial Cooperation",https://ror.org/04n45zg06,https://ror.org/049t0bn51,International Nuclear Energy Policy and Cooperation,Parent,Production
34866,https://github.com/ror-community/ror-updates/issues/34866,"Modify the information in an existing ROR record: Office of Bilateral, Multilateral, and Commercial Cooperation - https://ror.org/04n45zg06",International Nuclear Energy Policy and Cooperation,https://ror.org/049t0bn51,https://ror.org/04n45zg06,"Office of Bilateral, Multilateral, and Commercial Cooperation",Child,Release
38252,https://github.com/ror-community/ror-updates/issues/38252,Add a new organization to ROR: Shri Shikshayatan College,Shri Shikshayatan College,https://ror.org/02z5kvt88,https://ror.org/01e7v7w47,University of Calcutta,Related,Production
38252,https://github.com/ror-community/ror-updates/issues/38252,Add a new organization to ROR: Shri Shikshayatan College,University of Calcutta,https://ror.org/01e7v7w47,https://ror.org/02z5kvt88,Shri Shikshayatan College,Related,Release
35796,https://github.com/ror-community/ror-updates/issues/35796,Modify the information in an existing ROR record: Closure of the Centre de Morphologie Mathématique - CMM,Centre de Morphologie Mathématique - CMM,https://ror.org/0579t4s85,https://ror.org/05v18pj17,Centre de Statistique et Images,Successor,Production
35796,https://github.com/ror-community/ror-updates/issues/35796,Modify the information in an existing ROR record: Closure of the Centre de Morphologie Mathématique - CMM,Centre de Statistique et Images,https://ror.org/05v18pj17,https://ror.org/0579t4s85,Centre de Morphologie Mathématique - CMM,Predecessor,Release
38266,https://github.com/ror-community/ror-updates/issues/38266,Add a new organization to ROR: Asia Pacific Institute of Information Technology SD India,Asia Pacific Institute of Information Technology SD India,https://ror.org/00zgm0n11,https://ror.org/019bzvf55,Kurukshetra University,Related,Production
38266,https://github.com/ror-community/ror-updates/issues/38266,Add a new organization to ROR: Asia Pacific Institute of Information Technology SD India,Kurukshetra University,https://ror.org/019bzvf55,https://ror.org/00zgm0n11,Asia Pacific Institute of Information Technology SD India,Related,Release
40351,https://github.com/ror-community/ror-updates/issues/40351,"Add a new organization to ROR: Stratégies d’investigations analytiques : Médicaments, bioMatériaux, tissus et Matrices biologiques (France)","Stratégies d’investigations analytiques : Médicaments, bioMatériaux, tissus et Matrices biologiques",https://ror.org/004xtka85,https://ror.org/02v6n0329,Lipides: systèmes analytiques et biologiques,Predecessor,Production
40351,https://github.com/ror-community/ror-updates/issues/40351,"Add a new organization to ROR: Stratégies d’investigations analytiques : Médicaments, bioMatériaux, tissus et Matrices biologiques (France)",Lipides: systèmes analytiques et biologiques,https://ror.org/02v6n0329,https://ror.org/004xtka85,"Stratégies d’investigations analytiques : Médicaments, bioMatériaux, tissus et Matrices biologiques",Successor,Release
40351,https://github.com/ror-community/ror-updates/issues/40351,"Add a new organization to ROR: Stratégies d’investigations analytiques : Médicaments, bioMatériaux, tissus et Matrices biologiques (France)","Stratégies d’investigations analytiques : Médicaments, bioMatériaux, tissus et Matrices biologiques",https://ror.org/004xtka85,https://ror.org/04p1n4n05,Matériaux et santé,Predecessor,Production
40351,https://github.com/ror-community/ror-updates/issues/40351,"Add a new organization to ROR: Stratégies d’investigations analytiques : Médicaments, bioMatériaux, tissus et Matrices biologiques (France)",Matériaux et santé,https://ror.org/04p1n4n05,https://ror.org/004xtka85,"Stratégies d’investigations analytiques : Médicaments, bioMatériaux, tissus et Matrices biologiques",Successor,Release
40351,https://github.com/ror-community/ror-updates/issues/40351,"Add a new organization to ROR: Stratégies d’investigations analytiques : Médicaments, bioMatériaux, tissus et Matrices biologiques (France)","Stratégies d’investigations analytiques : Médicaments, bioMatériaux, tissus et Matrices biologiques",https://ror.org/004xtka85,https://ror.org/03xjwb503,Université Paris-Saclay,Parent,Production
40351,https://github.com/ror-community/ror-updates/issues/40351,"Add a new organization to ROR: Stratégies d’investigations analytiques : Médicaments, bioMatériaux, tissus et Matrices biologiques (France)",Université Paris-Saclay,https://ror.org/03xjwb503,https://ror.org/004xtka85,"Stratégies d’investigations analytiques : Médicaments, bioMatériaux, tissus et Matrices biologiques",Child,Release
35551,https://github.com/ror-community/ror-updates/issues/35551,"Modify the information in an existing ROR record: 
Academician F. H. Burchak Scientific-Research Institute of Private Law and Entrepreneurship https://ror.org/02hhf2525
",Academician F. H. Burchak Scientific-Research Institute of Private Law and Entrepreneurship,https://ror.org/02hhf2525,https://ror.org/02wnejx52,National Academy of Legal Sciences of Ukraine,Parent,Production
35551,https://github.com/ror-community/ror-updates/issues/35551,"Modify the information in an existing ROR record: 
Academician F. H. Burchak Scientific-Research Institute of Private Law and Entrepreneurship https://ror.org/02hhf2525
",National Academy of Legal Sciences of Ukraine,https://ror.org/02wnejx52,https://ror.org/02hhf2525,Academician F. H. Burchak Scientific-Research Institute of Private Law and Entrepreneurship,Child,Release
38276,https://github.com/ror-community/ror-updates/issues/38276,Add a new organization to ROR: Sovarani Memorial College,Sovarani Memorial College,https://ror.org/03zxt5894,https://ror.org/01e7v7w47,University of Calcutta,Related,Production
38276,https://github.com/ror-community/ror-updates/issues/38276,Add a new organization to ROR: Sovarani Memorial College,University of Calcutta,https://ror.org/01e7v7w47,https://ror.org/03zxt5894,Sovarani Memorial College,Related,Release
38277,https://github.com/ror-community/ror-updates/issues/38277,Add a new organization to ROR: Pattamundai College,Pattamundai College,https://ror.org/05a51q079,https://ror.org/0034eez47,Utkal University,Related,Production
38277,https://github.com/ror-community/ror-updates/issues/38277,Add a new organization to ROR: Pattamundai College,Utkal University,https://ror.org/0034eez47,https://ror.org/05a51q079,Pattamundai College,Related,Release
38279,https://github.com/ror-community/ror-updates/issues/38279,Add a new organization to ROR: Buxi Jagabandhu Bidyadhar Autonomous College,Buxi Jagabandhu Bidyadhar Autonomous College,https://ror.org/02ret5d68,https://ror.org/0034eez47,Utkal University,Related,Production
38279,https://github.com/ror-community/ror-updates/issues/38279,Add a new organization to ROR: Buxi Jagabandhu Bidyadhar Autonomous College,Utkal University,https://ror.org/0034eez47,https://ror.org/02ret5d68,Buxi Jagabandhu Bidyadhar Autonomous College,Related,Release
38280,https://github.com/ror-community/ror-updates/issues/38280,"Add a new organization to ROR: Government College, Tonk","Government College, Tonk",https://ror.org/01hbet866,https://ror.org/0229k3q35,Maharshi Dayanand Saraswati University,Related,Production
38280,https://github.com/ror-community/ror-updates/issues/38280,"Add a new organization to ROR: Government College, Tonk",Maharshi Dayanand Saraswati University,https://ror.org/0229k3q35,https://ror.org/01hbet866,"Government College, Tonk",Related,Release
38282,https://github.com/ror-community/ror-updates/issues/38282,Add a new organization to ROR: Sobhasaria Group of Institutions,Sobhasaria Group of Institutions,https://ror.org/05scy5127,https://ror.org/04se5tt51,Bikaner Technical University,Related,Production
38282,https://github.com/ror-community/ror-updates/issues/38282,Add a new organization to ROR: Sobhasaria Group of Institutions,Bikaner Technical University,https://ror.org/04se5tt51,https://ror.org/05scy5127,Sobhasaria Group of Institutions,Related,Release
36638,https://github.com/ror-community/ror-updates/issues/36638,"Modify the information in an existing ROR record: 
SONDRA https://ror.org/02b9d0n72
",SONDRA,https://ror.org/02b9d0n72,https://ror.org/005y2ap84,Office National d'Études et de Recherches Aérospatiales,Parent,Production
36638,https://github.com/ror-community/ror-updates/issues/36638,"Modify the information in an existing ROR record: 
SONDRA https://ror.org/02b9d0n72
",Office National d'Études et de Recherches Aérospatiales,https://ror.org/005y2ap84,https://ror.org/02b9d0n72,SONDRA,Child,Release
36575,https://github.com/ror-community/ror-updates/issues/36575,"Modify the information in an existing ROR record: 
Stanford Cardiovascular Institute https://ror.org/03kk52s14 
",Stanford Cardiovascular Institute,https://ror.org/03kk52s14,https://ror.org/03mtd9a03,Stanford Medicine,Parent,Production
36575,https://github.com/ror-community/ror-updates/issues/36575,"Modify the information in an existing ROR record: 
Stanford Cardiovascular Institute https://ror.org/03kk52s14 
",Stanford Medicine,https://ror.org/03mtd9a03,https://ror.org/03kk52s14,Stanford Cardiovascular Institute,Child,Release
36424,https://github.com/ror-community/ror-updates/issues/36424,Modify the information in an existing ROR record: Wilhelm Löhe University for Applied Sciences,Wilhelm Löhe University for Applied Sciences,https://ror.org/03bh13774,https://ror.org/00g07sz63,SRH Hochschule Heidelberg,Successor,Production
36424,https://github.com/ror-community/ror-updates/issues/36424,Modify the information in an existing ROR record: Wilhelm Löhe University for Applied Sciences,SRH Hochschule Heidelberg,https://ror.org/00g07sz63,https://ror.org/03bh13774,Wilhelm Löhe University for Applied Sciences,Predecessor,Release
36422,https://github.com/ror-community/ror-updates/issues/36422,Modify the information in an existing ROR record: SRH University Berlin,SRH University Berlin,https://ror.org/01prjcc04,https://ror.org/00g07sz63,SRH Hochschule Heidelberg,Successor,Production
36422,https://github.com/ror-community/ror-updates/issues/36422,Modify the information in an existing ROR record: SRH University Berlin,SRH Hochschule Heidelberg,https://ror.org/00g07sz63,https://ror.org/01prjcc04,SRH University Berlin,Predecessor,Release
36364,https://github.com/ror-community/ror-updates/issues/36364,"Modify the information in an existing ROR record: 
Centro de Física Computacional https://ror.org/05dsdbp53
",Centro de Física Computacional,https://ror.org/05dsdbp53,https://ror.org/00qsh5z35,Centro de Física da Universidade de Coimbra,Successor,Production
36364,https://github.com/ror-community/ror-updates/issues/36364,"Modify the information in an existing ROR record: 
Centro de Física Computacional https://ror.org/05dsdbp53
",Centro de Física da Universidade de Coimbra,https://ror.org/00qsh5z35,https://ror.org/05dsdbp53,Centro de Física Computacional,Predecessor,Release
36316,https://github.com/ror-community/ror-updates/issues/36316,"Modify the information in an existing ROR record: 
Plant Sciences Institute https://ror.org/01xztc839
",Plant Sciences Institute,https://ror.org/01xztc839,https://ror.org/04rswrd78,Iowa State University,Parent,Production
36316,https://github.com/ror-community/ror-updates/issues/36316,"Modify the information in an existing ROR record: 
Plant Sciences Institute https://ror.org/01xztc839
",Iowa State University,https://ror.org/04rswrd78,https://ror.org/01xztc839,Plant Sciences Institute,Child,Release
35985,https://github.com/ror-community/ror-updates/issues/35985,"Modify the information in an existing ROR record: 
Office of the Under Secretary of Energy https://ror.org/03bqy0f38
",Office of the Under Secretary of Energy,https://ror.org/03bqy0f38,https://ror.org/01bj3aw27,United States Department of Energy,Parent,Production
35985,https://github.com/ror-community/ror-updates/issues/35985,"Modify the information in an existing ROR record: 
Office of the Under Secretary of Energy https://ror.org/03bqy0f38
",United States Department of Energy,https://ror.org/01bj3aw27,https://ror.org/03bqy0f38,Office of the Under Secretary of Energy,Child,Release
37438,https://github.com/ror-community/ror-updates/issues/37438,Modify the information in an existing ROR record: Laboratoire d'Optique et Biosciences - https://ror.org/000p29f53,Laboratoire d'Optique et Biosciences,https://ror.org/000p29f53,https://ror.org/042tfbd02,Institut Polytechnique de Paris,Related,Production
37438,https://github.com/ror-community/ror-updates/issues/37438,Modify the information in an existing ROR record: Laboratoire d'Optique et Biosciences - https://ror.org/000p29f53,Institut Polytechnique de Paris,https://ror.org/042tfbd02,https://ror.org/000p29f53,Laboratoire d'Optique et Biosciences,Related,Release
37204,https://github.com/ror-community/ror-updates/issues/37204,"Modify the information in an existing ROR record: 
NORRAG Global Education Centre https://ror.org/05pmj4p65
",NORRAG Global Education Centre,https://ror.org/05pmj4p65,https://ror.org/007ygn379,Graduate Institute of International and Development Studies,Delete,Production
37204,https://github.com/ror-community/ror-updates/issues/37204,"Modify the information in an existing ROR record: 
NORRAG Global Education Centre https://ror.org/05pmj4p65
",Graduate Institute of International and Development Studies,https://ror.org/007ygn379,https://ror.org/05pmj4p65,NORRAG Global Education Centre,Delete,Release
37204,https://github.com/ror-community/ror-updates/issues/37204,"Modify the information in an existing ROR record: 
NORRAG Global Education Centre https://ror.org/05pmj4p65
",NORRAG Global Education Centre,https://ror.org/05pmj4p65,https://ror.org/007ygn379,Graduate Institute of International and Development Studies,Parent,Production
37204,https://github.com/ror-community/ror-updates/issues/37204,"Modify the information in an existing ROR record: 
NORRAG Global Education Centre https://ror.org/05pmj4p65
",Graduate Institute of International and Development Studies,https://ror.org/007ygn379,https://ror.org/05pmj4p65,NORRAG Global Education Centre,Child,Release
36982,https://github.com/ror-community/ror-updates/issues/36982,"Modify the information in an existing ROR record: 
Department of Mines, Industry Regulation and Safety https://ror.org/04mr78v45
","Department of Mines, Industry Regulation and Safety",https://ror.org/04mr78v45,https://ror.org/05h2dda38,Geological Survey of Western Australia,Delete,Production
36982,https://github.com/ror-community/ror-updates/issues/36982,"Modify the information in an existing ROR record: 
Department of Mines, Industry Regulation and Safety https://ror.org/04mr78v45
",Geological Survey of Western Australia,https://ror.org/05h2dda38,https://ror.org/04mr78v45,"Department of Mines, Industry Regulation and Safety",Delete,Release
36927,https://github.com/ror-community/ror-updates/issues/36927,"Modify the information in an existing ROR record: 
NOAA Office of Modeling and Development https://ror.org/01pbt4y78
",NOAA Office of Modeling and Development,https://ror.org/01pbt4y78,https://ror.org/00ndyev54,NOAA National Centers for Environmental Prediction,Delete,Production
36927,https://github.com/ror-community/ror-updates/issues/36927,"Modify the information in an existing ROR record: 
NOAA Office of Modeling and Development https://ror.org/01pbt4y78
",NOAA National Centers for Environmental Prediction,https://ror.org/00ndyev54,https://ror.org/01pbt4y78,NOAA Office of Modeling and Development,Delete,Release
36927,https://github.com/ror-community/ror-updates/issues/36927,"Modify the information in an existing ROR record: 
NOAA Office of Modeling and Development https://ror.org/01pbt4y78
",NOAA Office of Modeling and Development,https://ror.org/01pbt4y78,https://ror.org/00tgqzw13,NOAA National Weather Service,Parent,Production
36927,https://github.com/ror-community/ror-updates/issues/36927,"Modify the information in an existing ROR record: 
NOAA Office of Modeling and Development https://ror.org/01pbt4y78
",NOAA National Weather Service,https://ror.org/00tgqzw13,https://ror.org/01pbt4y78,NOAA Office of Modeling and Development,Child,Release
36686,https://github.com/ror-community/ror-updates/issues/36686,Modify the information in an existing ROR record: Minneapolis Public Library - https://ror.org/032tz4q83,Minneapolis Public Library,https://ror.org/032tz4q83,https://ror.org/05gjbhz21,Hennepin County Library,Delete,Production
36686,https://github.com/ror-community/ror-updates/issues/36686,Modify the information in an existing ROR record: Minneapolis Public Library - https://ror.org/032tz4q83,Hennepin County Library,https://ror.org/05gjbhz21,https://ror.org/032tz4q83,Minneapolis Public Library,Delete,Release
36686,https://github.com/ror-community/ror-updates/issues/36686,Modify the information in an existing ROR record: Minneapolis Public Library - https://ror.org/032tz4q83,Minneapolis Public Library,https://ror.org/032tz4q83,https://ror.org/05gjbhz21,Hennepin County Library,Successor,Production
36686,https://github.com/ror-community/ror-updates/issues/36686,Modify the information in an existing ROR record: Minneapolis Public Library - https://ror.org/032tz4q83,Hennepin County Library,https://ror.org/05gjbhz21,https://ror.org/032tz4q83,Minneapolis Public Library,Predecessor,Release
37632,https://github.com/ror-community/ror-updates/issues/37632,Modify the information in an existing ROR record: Innovationsgesellschaft Technische Universität Braunschweig - https://ror.org/03rshf720,Innovationsgesellschaft Technische Universität Braunschweig,https://ror.org/03rshf720,https://ror.org/010nsgg66,Technische Universität Braunschweig,Parent,Production
37632,https://github.com/ror-community/ror-updates/issues/37632,Modify the information in an existing ROR record: Innovationsgesellschaft Technische Universität Braunschweig - https://ror.org/03rshf720,Technische Universität Braunschweig,https://ror.org/010nsgg66,https://ror.org/03rshf720,Innovationsgesellschaft Technische Universität Braunschweig,Child,Release
37611,https://github.com/ror-community/ror-updates/issues/37611,Modify the information in an existing ROR record: Manisa Celal Bayar Üniversitesi Hafsa Sultan Hastanesi - https://ror.org/03jzx6k15,Manisa Celal Bayar Üniversitesi Hafsa Sultan Hastanesi,https://ror.org/03jzx6k15,https://ror.org/053f2w588,Manisa Celal Bayar University,Parent,Production
37611,https://github.com/ror-community/ror-updates/issues/37611,Modify the information in an existing ROR record: Manisa Celal Bayar Üniversitesi Hafsa Sultan Hastanesi - https://ror.org/03jzx6k15,Manisa Celal Bayar University,https://ror.org/053f2w588,https://ror.org/03jzx6k15,Manisa Celal Bayar Üniversitesi Hafsa Sultan Hastanesi,Child,Release
37610,https://github.com/ror-community/ror-updates/issues/37610,Modify the information in an existing ROR record: Laboratoire d'Excellence TULIP - https://ror.org/03j65n394,Laboratoire d'Excellence TULIP,https://ror.org/03j65n394,https://ror.org/02v6kpv12,Université Toulouse III - Paul Sabatier,Parent,Production
37610,https://github.com/ror-community/ror-updates/issues/37610,Modify the information in an existing ROR record: Laboratoire d'Excellence TULIP - https://ror.org/03j65n394,Université Toulouse III - Paul Sabatier,https://ror.org/02v6kpv12,https://ror.org/03j65n394,Laboratoire d'Excellence TULIP,Child,Release
37559,https://github.com/ror-community/ror-updates/issues/37559,Modify the information in an existing ROR record: Neuro-SU - https://ror.org/02pgsjq66,Neuro-SU,https://ror.org/02pgsjq66,https://ror.org/02en5vm52,Sorbonne Université,Parent,Production
37559,https://github.com/ror-community/ror-updates/issues/37559,Modify the information in an existing ROR record: Neuro-SU - https://ror.org/02pgsjq66,Sorbonne Université,https://ror.org/02en5vm52,https://ror.org/02pgsjq66,Neuro-SU,Child,Release
37489,https://github.com/ror-community/ror-updates/issues/37489,Modify the information in an existing ROR record: Association Instituto Tecnológico Metalmecánico - https://ror.org/010pkhb41,Association Instituto Tecnológico Metalmecánico,https://ror.org/010pkhb41,https://ror.org/057f9wg13,"Instituto Tecnológico Metalmecánico, Mueble, Madera, Embalaje y Afines",Successor,Production
37489,https://github.com/ror-community/ror-updates/issues/37489,Modify the information in an existing ROR record: Association Instituto Tecnológico Metalmecánico - https://ror.org/010pkhb41,"Instituto Tecnológico Metalmecánico, Mueble, Madera, Embalaje y Afines",https://ror.org/057f9wg13,https://ror.org/010pkhb41,Association Instituto Tecnológico Metalmecánico,Predecessor,Release
38011,https://github.com/ror-community/ror-updates/issues/38011,"Modify the information in an existing ROR record: 
Adelaide University https://ror.org/028g18b61
",Adelaide University,https://ror.org/028g18b61,https://ror.org/01p93h210,University of South Australia,Predecessor,Production
38011,https://github.com/ror-community/ror-updates/issues/38011,"Modify the information in an existing ROR record: 
Adelaide University https://ror.org/028g18b61
",University of South Australia,https://ror.org/01p93h210,https://ror.org/028g18b61,Adelaide University,Successor,Release
37916,https://github.com/ror-community/ror-updates/issues/37916,"Modify the information in an existing ROR record: 
Arts and Theatre Institute https://ror.org/024jn1h80
",Arts and Theatre Institute,https://ror.org/024jn1h80,https://ror.org/01pzyyx54,National Information and Consulting Centre for Culture,Predecessor,Production
37916,https://github.com/ror-community/ror-updates/issues/37916,"Modify the information in an existing ROR record: 
Arts and Theatre Institute https://ror.org/024jn1h80
",National Information and Consulting Centre for Culture,https://ror.org/01pzyyx54,https://ror.org/024jn1h80,Arts and Theatre Institute,Successor,Release
37691,https://github.com/ror-community/ror-updates/issues/37691,Modify the information in an existing ROR record: Chalmers Ventures (Sweden) - https://ror.org/053v58q79,Chalmers Ventures (Sweden),https://ror.org/053v58q79,https://ror.org/040wg7k59,Chalmers University of Technology,Related,Production
37691,https://github.com/ror-community/ror-updates/issues/37691,Modify the information in an existing ROR record: Chalmers Ventures (Sweden) - https://ror.org/053v58q79,Chalmers University of Technology,https://ror.org/040wg7k59,https://ror.org/053v58q79,Chalmers Ventures (Sweden),Related,Release
37649,https://github.com/ror-community/ror-updates/issues/37649,Modify the information in an existing ROR record: Centre d’Investigation Clinique des Hôpitaux Universitaires de Strasbourg - https://ror.org/03zsnyg10,Centre d’Investigation Clinique des Hôpitaux Universitaires de Strasbourg,https://ror.org/03zsnyg10,https://ror.org/04bckew43,Hôpitaux Universitaires de Strasbourg,Parent,Production
37649,https://github.com/ror-community/ror-updates/issues/37649,Modify the information in an existing ROR record: Centre d’Investigation Clinique des Hôpitaux Universitaires de Strasbourg - https://ror.org/03zsnyg10,Hôpitaux Universitaires de Strasbourg,https://ror.org/04bckew43,https://ror.org/03zsnyg10,Centre d’Investigation Clinique des Hôpitaux Universitaires de Strasbourg,Child,Release
40361,https://github.com/ror-community/ror-updates/issues/40361,Add a new organization to ROR: STMIK Bumigora Mataram (Indonesia),STMIK Bumigora Mataram,https://ror.org/05tzjg471,https://ror.org/027r5pw20,Universitas Bumigora,Successor,Production
40361,https://github.com/ror-community/ror-updates/issues/40361,Add a new organization to ROR: STMIK Bumigora Mataram (Indonesia),Universitas Bumigora,https://ror.org/027r5pw20,https://ror.org/05tzjg471,STMIK Bumigora Mataram,Predecessor,Release
40362,https://github.com/ror-community/ror-updates/issues/40362,Add a new organization to ROR: STIBA Bumigora Mataram (Indonesia),Sekolah Tinggi Bahasa Asing Bumigora Mataram,https://ror.org/05ccv6y79,https://ror.org/027r5pw20,Universitas Bumigora,Successor,Production
40362,https://github.com/ror-community/ror-updates/issues/40362,Add a new organization to ROR: STIBA Bumigora Mataram (Indonesia),Universitas Bumigora,https://ror.org/027r5pw20,https://ror.org/05ccv6y79,Sekolah Tinggi Bahasa Asing Bumigora Mataram,Predecessor,Release
38602,https://github.com/ror-community/ror-updates/issues/38602,"Modify the information in an existing ROR record: 
Seismological Facility for the Advancement of Geoscience (NSF SAGE Facility) https://ror.org/057py8t43
",Seismological Facility for the Advancement of Geoscience (NSF SAGE Facility),https://ror.org/057py8t43,https://ror.org/049an7s37,NSF National Geophysical Facility,Delete,Production
38602,https://github.com/ror-community/ror-updates/issues/38602,"Modify the information in an existing ROR record: 
Seismological Facility for the Advancement of Geoscience (NSF SAGE Facility) https://ror.org/057py8t43
",NSF National Geophysical Facility,https://ror.org/049an7s37,https://ror.org/057py8t43,Seismological Facility for the Advancement of Geoscience (NSF SAGE Facility),Delete,Release
38602,https://github.com/ror-community/ror-updates/issues/38602,"Modify the information in an existing ROR record: 
Seismological Facility for the Advancement of Geoscience (NSF SAGE Facility) https://ror.org/057py8t43
",Seismological Facility for the Advancement of Geoscience (NSF SAGE Facility),https://ror.org/057py8t43,https://ror.org/049an7s37,NSF National Geophysical Facility,Successor,Production
38602,https://github.com/ror-community/ror-updates/issues/38602,"Modify the information in an existing ROR record: 
Seismological Facility for the Advancement of Geoscience (NSF SAGE Facility) https://ror.org/057py8t43
",NSF National Geophysical Facility,https://ror.org/049an7s37,https://ror.org/057py8t43,Seismological Facility for the Advancement of Geoscience (NSF SAGE Facility),Predecessor,Release
38601,https://github.com/ror-community/ror-updates/issues/38601,"Modify the information in an existing ROR record: 
Geodetic Facility for the Advancement of Geoscience (NSF GAGE Facility) https://ror.org/03c1c5b19
",Geodetic Facility for the Advancement of Geoscience (NSF GAGE Facility),https://ror.org/03c1c5b19,https://ror.org/049an7s37,NSF National Geophysical Facility,Delete,Production
38601,https://github.com/ror-community/ror-updates/issues/38601,"Modify the information in an existing ROR record: 
Geodetic Facility for the Advancement of Geoscience (NSF GAGE Facility) https://ror.org/03c1c5b19
",NSF National Geophysical Facility,https://ror.org/049an7s37,https://ror.org/03c1c5b19,Geodetic Facility for the Advancement of Geoscience (NSF GAGE Facility),Delete,Release
38601,https://github.com/ror-community/ror-updates/issues/38601,"Modify the information in an existing ROR record: 
Geodetic Facility for the Advancement of Geoscience (NSF GAGE Facility) https://ror.org/03c1c5b19
",Geodetic Facility for the Advancement of Geoscience (NSF GAGE Facility),https://ror.org/03c1c5b19,https://ror.org/049an7s37,NSF National Geophysical Facility,Successor,Production
38601,https://github.com/ror-community/ror-updates/issues/38601,"Modify the information in an existing ROR record: 
Geodetic Facility for the Advancement of Geoscience (NSF GAGE Facility) https://ror.org/03c1c5b19
",NSF National Geophysical Facility,https://ror.org/049an7s37,https://ror.org/03c1c5b19,Geodetic Facility for the Advancement of Geoscience (NSF GAGE Facility),Predecessor,Release
38412,https://github.com/ror-community/ror-updates/issues/38412,"Modify the information in an existing ROR record: 
arxiv https://ror.org/00m2zh467
",arxiv,https://ror.org/00m2zh467,https://ror.org/05bnh6r87,Cornell University,Delete,Production
38412,https://github.com/ror-community/ror-updates/issues/38412,"Modify the information in an existing ROR record: 
arxiv https://ror.org/00m2zh467
",Cornell University,https://ror.org/05bnh6r87,https://ror.org/00m2zh467,arxiv,Delete,Release
39099,https://github.com/ror-community/ror-updates/issues/39099,Modify the information in an existing ROR record: St. Jerome's University - https://ror.org/05fwyj602,St. Jerome's University,https://ror.org/05fwyj602,https://ror.org/01aff2v68,University of Waterloo,Related,Production
39099,https://github.com/ror-community/ror-updates/issues/39099,Modify the information in an existing ROR record: St. Jerome's University - https://ror.org/05fwyj602,University of Waterloo,https://ror.org/01aff2v68,https://ror.org/05fwyj602,St. Jerome's University,Related,Release
39591,https://github.com/ror-community/ror-updates/issues/39591,"Modify the information in an existing ROR record: 
Complejo Asistencial Universitario de León https://ror.org/02ezdtk74
",Complejo Asistencial Universitario de León,https://ror.org/02ezdtk74,https://ror.org/05gn84d31,Hospital Universitario de León,Delete,Production
39591,https://github.com/ror-community/ror-updates/issues/39591,"Modify the information in an existing ROR record: 
Complejo Asistencial Universitario de León https://ror.org/02ezdtk74
",Hospital Universitario de León,https://ror.org/05gn84d31,https://ror.org/02ezdtk74,Complejo Asistencial Universitario de León,Delete,Release
39591,https://github.com/ror-community/ror-updates/issues/39591,"Modify the information in an existing ROR record: 
Complejo Asistencial Universitario de León https://ror.org/02ezdtk74
",Complejo Asistencial Universitario de León,https://ror.org/02ezdtk74,https://ror.org/04drn4e72,Hospital Monte San Isidro,Delete,Production
39591,https://github.com/ror-community/ror-updates/issues/39591,"Modify the information in an existing ROR record: 
Complejo Asistencial Universitario de León https://ror.org/02ezdtk74
",Hospital Monte San Isidro,https://ror.org/04drn4e72,https://ror.org/02ezdtk74,Complejo Asistencial Universitario de León,Delete,Release
39591,https://github.com/ror-community/ror-updates/issues/39591,"Modify the information in an existing ROR record: 
Complejo Asistencial Universitario de León https://ror.org/02ezdtk74
",Complejo Asistencial Universitario de León,https://ror.org/02ezdtk74,https://ror.org/02y6nf290,Hospital Santa Isabel,Delete,Production
39591,https://github.com/ror-community/ror-updates/issues/39591,"Modify the information in an existing ROR record: 
Complejo Asistencial Universitario de León https://ror.org/02ezdtk74
",Hospital Santa Isabel,https://ror.org/02y6nf290,https://ror.org/02ezdtk74,Complejo Asistencial Universitario de León,Delete,Release
39206,https://github.com/ror-community/ror-updates/issues/39206,Modify the information in an existing ROR record: Marum - https://ror.org/02gn1ar53,Marum,https://ror.org/02gn1ar53,https://ror.org/04ers2y35,University of Bremen,Delete,Production
39206,https://github.com/ror-community/ror-updates/issues/39206,Modify the information in an existing ROR record: Marum - https://ror.org/02gn1ar53,University of Bremen,https://ror.org/04ers2y35,https://ror.org/02gn1ar53,Marum,Delete,Release
39206,https://github.com/ror-community/ror-updates/issues/39206,Modify the information in an existing ROR record: Marum - https://ror.org/02gn1ar53,Marum,https://ror.org/02gn1ar53,https://ror.org/04ers2y35,University of Bremen,Parent,Production
39206,https://github.com/ror-community/ror-updates/issues/39206,Modify the information in an existing ROR record: Marum - https://ror.org/02gn1ar53,University of Bremen,https://ror.org/04ers2y35,https://ror.org/02gn1ar53,Marum,Child,Release
40239,https://github.com/ror-community/ror-updates/issues/40239,"Modify the information in an existing ROR record: 
Centre de recherche sur le vieillissement https://ror.org/01bpsk167
",Centre de recherche sur le vieillissement,https://ror.org/01bpsk167,https://ror.org/00kybxq39,Université de Sherbrooke,Delete,Production
40239,https://github.com/ror-community/ror-updates/issues/40239,"Modify the information in an existing ROR record: 
Centre de recherche sur le vieillissement https://ror.org/01bpsk167
",Université de Sherbrooke,https://ror.org/00kybxq39,https://ror.org/01bpsk167,Centre de recherche sur le vieillissement,Delete,Release
40239,https://github.com/ror-community/ror-updates/issues/40239,"Modify the information in an existing ROR record: 
Centre de recherche sur le vieillissement https://ror.org/01bpsk167
",Centre de recherche sur le vieillissement,https://ror.org/01bpsk167,https://ror.org/00kybxq39,Université de Sherbrooke,Parent,Production
40239,https://github.com/ror-community/ror-updates/issues/40239,"Modify the information in an existing ROR record: 
Centre de recherche sur le vieillissement https://ror.org/01bpsk167
",Université de Sherbrooke,https://ror.org/00kybxq39,https://ror.org/01bpsk167,Centre de recherche sur le vieillissement,Child,Release
33153,https://github.com/ror-community/ror-updates/issues/33153,Modify the information in an existing ROR record: Ministry of Culture - https://ror.org/028chwx32,Ministry of Culture,https://ror.org/028chwx32,https://ror.org/036h6g940,Government of India,Parent,Production
33153,https://github.com/ror-community/ror-updates/issues/33153,Modify the information in an existing ROR record: Ministry of Culture - https://ror.org/028chwx32,Government of India,https://ror.org/036h6g940,https://ror.org/028chwx32,Ministry of Culture,Child,Release
33430,https://github.com/ror-community/ror-updates/issues/33430,Modify the information in an existing ROR record: Ministry of Agriculture & Farmers Welfare - https://ror.org/01d1n9n57,Ministry of Agriculture & Farmers Welfare,https://ror.org/01d1n9n57,https://ror.org/036h6g940,Government of India,Parent,Production
33430,https://github.com/ror-community/ror-updates/issues/33430,Modify the information in an existing ROR record: Ministry of Agriculture & Farmers Welfare - https://ror.org/01d1n9n57,Government of India,https://ror.org/036h6g940,https://ror.org/01d1n9n57,Ministry of Agriculture & Farmers Welfare,Child,Release
34460,https://github.com/ror-community/ror-updates/issues/34460,Modify the information in an existing ROR record: Centro Universitario de Occidente - https://ror.org/039n74540,Centro Universitario de Occidente,https://ror.org/039n74540,https://ror.org/01b4w2923,Universidad de San Carlos de Guatemala,Parent,Production
34460,https://github.com/ror-community/ror-updates/issues/34460,Modify the information in an existing ROR record: Centro Universitario de Occidente - https://ror.org/039n74540,Universidad de San Carlos de Guatemala,https://ror.org/01b4w2923,https://ror.org/039n74540,Centro Universitario de Occidente,Child,Release
36423,https://github.com/ror-community/ror-updates/issues/36423,Modify the information in an existing ROR record: SRH Berlin School of Design and Communication,SRH Berlin School of Design and Communication,https://ror.org/03037cz33,https://ror.org/00g07sz63,SRH Hochschule Heidelberg,Parent,Production
36423,https://github.com/ror-community/ror-updates/issues/36423,Modify the information in an existing ROR record: SRH Berlin School of Design and Communication,SRH Hochschule Heidelberg,https://ror.org/00g07sz63,https://ror.org/03037cz33,SRH Berlin School of Design and Communication,Child,Release
36685,https://github.com/ror-community/ror-updates/issues/36685,Modify the information in an existing ROR record: https://ror.org/03b982x90,Post Graduate Medical Institute,https://ror.org/03b982x90,https://ror.org/0308pxz24,Services Hospital,Delete,Production
36685,https://github.com/ror-community/ror-updates/issues/36685,Modify the information in an existing ROR record: https://ror.org/03b982x90,Services Hospital,https://ror.org/0308pxz24,https://ror.org/03b982x90,Post Graduate Medical Institute,Delete,Release
40383,https://github.com/ror-community/ror-updates/issues/40383,Add a new organization to ROR: CSIR-National Institute of Science Communication and Policy Research,CSIR-National Institute of Science Communication and Policy Research,https://ror.org/0258ts921,https://ror.org/04v5nnm54,National Institute of Science Communication and Information Resources,Predecessor,Production
40383,https://github.com/ror-community/ror-updates/issues/40383,Add a new organization to ROR: CSIR-National Institute of Science Communication and Policy Research,National Institute of Science Communication and Information Resources,https://ror.org/04v5nnm54,https://ror.org/0258ts921,CSIR-National Institute of Science Communication and Policy Research,Successor,Release
40383,https://github.com/ror-community/ror-updates/issues/40383,Add a new organization to ROR: CSIR-National Institute of Science Communication and Policy Research,CSIR-National Institute of Science Communication and Policy Research,https://ror.org/0258ts921,https://ror.org/02zm5j810,"National Institute of Science, Technology and Development Studies",Predecessor,Production
40383,https://github.com/ror-community/ror-updates/issues/40383,Add a new organization to ROR: CSIR-National Institute of Science Communication and Policy Research,"National Institute of Science, Technology and Development Studies",https://ror.org/02zm5j810,https://ror.org/0258ts921,CSIR-National Institute of Science Communication and Policy Research,Successor,Release
40383,https://github.com/ror-community/ror-updates/issues/40383,Add a new organization to ROR: CSIR-National Institute of Science Communication and Policy Research,CSIR-National Institute of Science Communication and Policy Research,https://ror.org/0258ts921,https://ror.org/021wm7p51,Council of Scientific and Industrial Research,Parent,Production
40383,https://github.com/ror-community/ror-updates/issues/40383,Add a new organization to ROR: CSIR-National Institute of Science Communication and Policy Research,Council of Scientific and Industrial Research,https://ror.org/021wm7p51,https://ror.org/0258ts921,CSIR-National Institute of Science Communication and Policy Research,Child,Release
40383,https://github.com/ror-community/ror-updates/issues/40383,Add a new organization to ROR: CSIR-National Institute of Science Communication and Policy Research,CSIR-National Institute of Science Communication and Policy Research,https://ror.org/0258ts921,https://ror.org/02q2dh819,National Science Library,Child,Production
40383,https://github.com/ror-community/ror-updates/issues/40383,Add a new organization to ROR: CSIR-National Institute of Science Communication and Policy Research,National Science Library,https://ror.org/02q2dh819,https://ror.org/0258ts921,CSIR-National Institute of Science Communication and Policy Research,Parent,Release
38299,https://github.com/ror-community/ror-updates/issues/38299,Add a new organization to ROR: Maharishi College of Natural Law,Maharishi College of Natural Law,https://ror.org/05ctkrm45,https://ror.org/0034eez47,Utkal University,Related,Production
38299,https://github.com/ror-community/ror-updates/issues/38299,Add a new organization to ROR: Maharishi College of Natural Law,Utkal University,https://ror.org/0034eez47,https://ror.org/05ctkrm45,Maharishi College of Natural Law,Related,Release
38305,https://github.com/ror-community/ror-updates/issues/38305,Add a new organization to ROR: Swami Vivekananda Memorial Autonomous College,Swami Vivekananda Memorial Autonomous College,https://ror.org/001f5x497,https://ror.org/0034eez47,Utkal University,Related,Production
38305,https://github.com/ror-community/ror-updates/issues/38305,Add a new organization to ROR: Swami Vivekananda Memorial Autonomous College,Utkal University,https://ror.org/0034eez47,https://ror.org/001f5x497,Swami Vivekananda Memorial Autonomous College,Related,Release
38312,https://github.com/ror-community/ror-updates/issues/38312,Add a new organization to ROR: St. Andrew's College,St. Andrew's College,https://ror.org/035he0228,https://ror.org/004wf8x96,Deen Dayal Upadhyaya Gorakhpur University,Related,Production
38312,https://github.com/ror-community/ror-updates/issues/38312,Add a new organization to ROR: St. Andrew's College,Deen Dayal Upadhyaya Gorakhpur University,https://ror.org/004wf8x96,https://ror.org/035he0228,St. Andrew's College,Related,Release
38314,https://github.com/ror-community/ror-updates/issues/38314,Add a new organization to ROR: Kedarnath Girdharilal Khatri Degree College,Kedarnath Girdharilal Khatri Degree College,https://ror.org/023zvrm36,https://ror.org/02e3nay30,M.J.P. Rohilkhand University,Related,Production
38314,https://github.com/ror-community/ror-updates/issues/38314,Add a new organization to ROR: Kedarnath Girdharilal Khatri Degree College,M.J.P. Rohilkhand University,https://ror.org/02e3nay30,https://ror.org/023zvrm36,Kedarnath Girdharilal Khatri Degree College,Related,Release
38325,https://github.com/ror-community/ror-updates/issues/38325,Add a new organization to ROR: Gyan Jyoti College,Gyan Jyoti College,https://ror.org/00fsbs973,https://ror.org/039w8qr24,North Bengal University,Related,Production
38325,https://github.com/ror-community/ror-updates/issues/38325,Add a new organization to ROR: Gyan Jyoti College,North Bengal University,https://ror.org/039w8qr24,https://ror.org/00fsbs973,Gyan Jyoti College,Related,Release
37572,https://github.com/ror-community/ror-updates/issues/37572,Modify the information in an existing ROR record: Cancer Research Institute of the Slovak Academy of Sciences - https://ror.org/02v8wkr26,Cancer Research Institute of the Slovak Academy of Sciences,https://ror.org/02v8wkr26,https://ror.org/02s3ds748,Biomedical Research Center of the Slovak Academy of Sciences,Parent,Production
37572,https://github.com/ror-community/ror-updates/issues/37572,Modify the information in an existing ROR record: Cancer Research Institute of the Slovak Academy of Sciences - https://ror.org/02v8wkr26,Biomedical Research Center of the Slovak Academy of Sciences,https://ror.org/02s3ds748,https://ror.org/02v8wkr26,Cancer Research Institute of the Slovak Academy of Sciences,Child,Release
37572,https://github.com/ror-community/ror-updates/issues/37572,Modify the information in an existing ROR record: Cancer Research Institute of the Slovak Academy of Sciences - https://ror.org/02v8wkr26,Cancer Research Institute of the Slovak Academy of Sciences,https://ror.org/02v8wkr26,https://ror.org/03h7qq074,Slovak Academy of Sciences,Delete,Production
37572,https://github.com/ror-community/ror-updates/issues/37572,Modify the information in an existing ROR record: Cancer Research Institute of the Slovak Academy of Sciences - https://ror.org/02v8wkr26,Slovak Academy of Sciences,https://ror.org/03h7qq074,https://ror.org/02v8wkr26,Cancer Research Institute of the Slovak Academy of Sciences,Delete,Release
37569,https://github.com/ror-community/ror-updates/issues/37569,Modify the information in an existing ROR record: Institute for Agricultural and Forest Systems in the Mediterranean - https://ror.org/02the9q75,Institute for Agricultural and Forest Systems in the Mediterranean,https://ror.org/02the9q75,https://ror.org/04zaypm56,National Research Council,Parent,Production
37569,https://github.com/ror-community/ror-updates/issues/37569,Modify the information in an existing ROR record: Institute for Agricultural and Forest Systems in the Mediterranean - https://ror.org/02the9q75,National Research Council,https://ror.org/04zaypm56,https://ror.org/02the9q75,Institute for Agricultural and Forest Systems in the Mediterranean,Child,Release
37568,https://github.com/ror-community/ror-updates/issues/37568,Modify the information in an existing ROR record: Technology Centre Prague - https://ror.org/02tc3qm58,Technology Centre Prague,https://ror.org/02tc3qm58,https://ror.org/053avzc18,Czech Academy of Sciences,Related,Production
37568,https://github.com/ror-community/ror-updates/issues/37568,Modify the information in an existing ROR record: Technology Centre Prague - https://ror.org/02tc3qm58,Czech Academy of Sciences,https://ror.org/053avzc18,https://ror.org/02tc3qm58,Technology Centre Prague,Related,Release
37567,https://github.com/ror-community/ror-updates/issues/37567,Modify the information in an existing ROR record: Helmholtz Institute Jena - https://ror.org/02rzw6h69,Helmholtz Institute Jena,https://ror.org/02rzw6h69,https://ror.org/0281dp749,Helmholtz Association of German Research Centres,Related,Production
37567,https://github.com/ror-community/ror-updates/issues/37567,Modify the information in an existing ROR record: Helmholtz Institute Jena - https://ror.org/02rzw6h69,Helmholtz Association of German Research Centres,https://ror.org/0281dp749,https://ror.org/02rzw6h69,Helmholtz Institute Jena,Related,Release
37565,https://github.com/ror-community/ror-updates/issues/37565,Modify the information in an existing ROR record: Universitätsklinikum Krems - https://ror.org/02r2nns16,Universitätsklinikum Krems,https://ror.org/02r2nns16,https://ror.org/04t79ze18,Karl Landsteiner University of Health Sciences,Related,Production
37565,https://github.com/ror-community/ror-updates/issues/37565,Modify the information in an existing ROR record: Universitätsklinikum Krems - https://ror.org/02r2nns16,Karl Landsteiner University of Health Sciences,https://ror.org/04t79ze18,https://ror.org/02r2nns16,Universitätsklinikum Krems,Related,Release
37564,https://github.com/ror-community/ror-updates/issues/37564,Modify the information in an existing ROR record: Spanish National Centre for Cardiovascular Research - https://ror.org/02qs1a797,Spanish National Centre for Cardiovascular Research,https://ror.org/02qs1a797,https://ror.org/00ca2c886,Instituto de Salud Carlos III,Parent,Production
37564,https://github.com/ror-community/ror-updates/issues/37564,Modify the information in an existing ROR record: Spanish National Centre for Cardiovascular Research - https://ror.org/02qs1a797,Instituto de Salud Carlos III,https://ror.org/00ca2c886,https://ror.org/02qs1a797,Spanish National Centre for Cardiovascular Research,Child,Release
37564,https://github.com/ror-community/ror-updates/issues/37564,Modify the information in an existing ROR record: Spanish National Centre for Cardiovascular Research - https://ror.org/02qs1a797,Spanish National Centre for Cardiovascular Research,https://ror.org/02qs1a797,https://ror.org/00y6q9n79,Ministry of Health,Delete,Production
37564,https://github.com/ror-community/ror-updates/issues/37564,Modify the information in an existing ROR record: Spanish National Centre for Cardiovascular Research - https://ror.org/02qs1a797,Ministry of Health,https://ror.org/00y6q9n79,https://ror.org/02qs1a797,Spanish National Centre for Cardiovascular Research,Delete,Release
37560,https://github.com/ror-community/ror-updates/issues/37560,Modify the information in an existing ROR record: NIHR Nottingham Digestive Diseases Biomedical Research Unit - https://ror.org/02ppy9c89,NIHR Nottingham Digestive Diseases Biomedical Research Unit,https://ror.org/02ppy9c89,https://ror.org/046cr9566,Nottingham Biomedical Research Centre,Successor,Production
37560,https://github.com/ror-community/ror-updates/issues/37560,Modify the information in an existing ROR record: NIHR Nottingham Digestive Diseases Biomedical Research Unit - https://ror.org/02ppy9c89,Nottingham Biomedical Research Centre,https://ror.org/046cr9566,https://ror.org/02ppy9c89,NIHR Nottingham Digestive Diseases Biomedical Research Unit,Predecessor,Release
37556,https://github.com/ror-community/ror-updates/issues/37556,Modify the information in an existing ROR record: NIHR Bristol Biomedical Research Centre - https://ror.org/02mtt1z51,NIHR Bristol Biomedical Research Centre,https://ror.org/02mtt1z51,https://ror.org/0524sp257,University of Bristol,Delete,Production
37556,https://github.com/ror-community/ror-updates/issues/37556,Modify the information in an existing ROR record: NIHR Bristol Biomedical Research Centre - https://ror.org/02mtt1z51,University of Bristol,https://ror.org/0524sp257,https://ror.org/02mtt1z51,NIHR Bristol Biomedical Research Centre,Delete,Release
37556,https://github.com/ror-community/ror-updates/issues/37556,Modify the information in an existing ROR record: NIHR Bristol Biomedical Research Centre - https://ror.org/02mtt1z51,NIHR Bristol Biomedical Research Centre,https://ror.org/02mtt1z51,https://ror.org/0524sp257,University of Bristol,Related,Production
37556,https://github.com/ror-community/ror-updates/issues/37556,Modify the information in an existing ROR record: NIHR Bristol Biomedical Research Centre - https://ror.org/02mtt1z51,University of Bristol,https://ror.org/0524sp257,https://ror.org/02mtt1z51,NIHR Bristol Biomedical Research Centre,Related,Release
37556,https://github.com/ror-community/ror-updates/issues/37556,Modify the information in an existing ROR record: NIHR Bristol Biomedical Research Centre - https://ror.org/02mtt1z51,NIHR Bristol Biomedical Research Centre,https://ror.org/02mtt1z51,https://ror.org/054vvq170,Bristol NHS Foundation Trust,Parent,Production
37556,https://github.com/ror-community/ror-updates/issues/37556,Modify the information in an existing ROR record: NIHR Bristol Biomedical Research Centre - https://ror.org/02mtt1z51,Bristol NHS Foundation Trust,https://ror.org/054vvq170,https://ror.org/02mtt1z51,NIHR Bristol Biomedical Research Centre,Child,Release
37555,https://github.com/ror-community/ror-updates/issues/37555,Modify the information in an existing ROR record: Istituto Nazionale per la Fisica della Materia - https://ror.org/02kswma64,Istituto Nazionale per la Fisica della Materia,https://ror.org/02kswma64,https://ror.org/04zaypm56,National Research Council,Delete,Production
37555,https://github.com/ror-community/ror-updates/issues/37555,Modify the information in an existing ROR record: Istituto Nazionale per la Fisica della Materia - https://ror.org/02kswma64,National Research Council,https://ror.org/04zaypm56,https://ror.org/02kswma64,Istituto Nazionale per la Fisica della Materia,Delete,Release
37555,https://github.com/ror-community/ror-updates/issues/37555,Modify the information in an existing ROR record: Istituto Nazionale per la Fisica della Materia - https://ror.org/02kswma64,Istituto Nazionale per la Fisica della Materia,https://ror.org/02kswma64,https://ror.org/04zaypm56,National Research Council,Successor,Production
37555,https://github.com/ror-community/ror-updates/issues/37555,Modify the information in an existing ROR record: Istituto Nazionale per la Fisica della Materia - https://ror.org/02kswma64,National Research Council,https://ror.org/04zaypm56,https://ror.org/02kswma64,Istituto Nazionale per la Fisica della Materia,Predecessor,Release
37554,https://github.com/ror-community/ror-updates/issues/37554,Modify the information in an existing ROR record: Lead Discovery Center (Germany) - https://ror.org/02jy4mx12,Lead Discovery Center (Germany),https://ror.org/02jy4mx12,https://ror.org/01hhn8329,Max Planck Society,Related,Production
37554,https://github.com/ror-community/ror-updates/issues/37554,Modify the information in an existing ROR record: Lead Discovery Center (Germany) - https://ror.org/02jy4mx12,Max Planck Society,https://ror.org/01hhn8329,https://ror.org/02jy4mx12,Lead Discovery Center (Germany),Related,Release
37548,https://github.com/ror-community/ror-updates/issues/37548,Modify the information in an existing ROR record: Délégation Paris 5 - https://ror.org/02e0y6e06,Délégation Paris 5,https://ror.org/02e0y6e06,https://ror.org/00jyt4d57,L’Inserm dans Paris et l’Île-de-France Centre Nord,Successor,Production
37548,https://github.com/ror-community/ror-updates/issues/37548,Modify the information in an existing ROR record: Délégation Paris 5 - https://ror.org/02e0y6e06,L’Inserm dans Paris et l’Île-de-France Centre Nord,https://ror.org/00jyt4d57,https://ror.org/02e0y6e06,Délégation Paris 5,Predecessor,Release
37544,https://github.com/ror-community/ror-updates/issues/37544,Modify the information in an existing ROR record: Research Institute of Pomology and Floriculture - https://ror.org/029zea722,Research Institute of Pomology and Floriculture,https://ror.org/029zea722,https://ror.org/047xkjw67,Instytut Ogrodnictwa – Państwowy Instytut Badawczy,Successor,Production
37544,https://github.com/ror-community/ror-updates/issues/37544,Modify the information in an existing ROR record: Research Institute of Pomology and Floriculture - https://ror.org/029zea722,Instytut Ogrodnictwa – Państwowy Instytut Badawczy,https://ror.org/047xkjw67,https://ror.org/029zea722,Research Institute of Pomology and Floriculture,Predecessor,Release
37543,https://github.com/ror-community/ror-updates/issues/37543,Modify the information in an existing ROR record: Institute of Ecosystem Study - https://ror.org/029k6t707,Institute of Ecosystem Study,https://ror.org/029k6t707,https://ror.org/00keh9s20,Consiglio Nazionale delle Ricerche - Istituto di Ricerca sugli Ecosistemi Terrestri,Successor,Production
37543,https://github.com/ror-community/ror-updates/issues/37543,Modify the information in an existing ROR record: Institute of Ecosystem Study - https://ror.org/029k6t707,Consiglio Nazionale delle Ricerche - Istituto di Ricerca sugli Ecosistemi Terrestri,https://ror.org/00keh9s20,https://ror.org/029k6t707,Institute of Ecosystem Study,Predecessor,Release
37543,https://github.com/ror-community/ror-updates/issues/37543,Modify the information in an existing ROR record: Institute of Ecosystem Study - https://ror.org/029k6t707,Institute of Ecosystem Study,https://ror.org/029k6t707,https://ror.org/02db0kh50,Water Research Institute,Successor,Production
37543,https://github.com/ror-community/ror-updates/issues/37543,Modify the information in an existing ROR record: Institute of Ecosystem Study - https://ror.org/029k6t707,Water Research Institute,https://ror.org/02db0kh50,https://ror.org/029k6t707,Institute of Ecosystem Study,Predecessor,Release
40395,https://github.com/ror-community/ror-updates/issues/40395,Modify the information in an existing ROR record: Centro de Estudos do Ambiente e do Mar - https://ror.org/03q36qm19,Centro de Estudos do Ambiente e do Mar,https://ror.org/03q36qm19,https://ror.org/01c27hj86,University of Lisbon,Parent,Production
40395,https://github.com/ror-community/ror-updates/issues/40395,Modify the information in an existing ROR record: Centro de Estudos do Ambiente e do Mar - https://ror.org/03q36qm19,University of Lisbon,https://ror.org/01c27hj86,https://ror.org/03q36qm19,Centro de Estudos do Ambiente e do Mar,Child,Release
40396,https://github.com/ror-community/ror-updates/issues/40396,Modify the information in an existing ROR record: S.B.Ü. Bursa Yüksek İhtisas Eğitim ve Araştırma Hastanesi - https://ror.org/05nhkt138,S.B.Ü. Bursa Yüksek İhtisas Eğitim ve Araştırma Hastanesi,https://ror.org/05nhkt138,https://ror.org/03k7bde87,Sağlık Bilimleri Üniversitesi,Related,Production
40396,https://github.com/ror-community/ror-updates/issues/40396,Modify the information in an existing ROR record: S.B.Ü. Bursa Yüksek İhtisas Eğitim ve Araştırma Hastanesi - https://ror.org/05nhkt138,Sağlık Bilimleri Üniversitesi,https://ror.org/03k7bde87,https://ror.org/05nhkt138,S.B.Ü. Bursa Yüksek İhtisas Eğitim ve Araştırma Hastanesi,Related,Release
40399,https://github.com/ror-community/ror-updates/issues/40399,Modify the information in an existing ROR record: Dongwha Pharm (South Korea) - https://ror.org/00nz5p994,Dongwha Pharm (South Korea),https://ror.org/00nz5p994,https://ror.org/04xc7cw12,Dong Wha Pharm (South Korea),Successor,Production
40400,https://github.com/ror-community/ror-updates/issues/40400,"Modify the information in an existing ROR record: Bando Chemical Industries, Ltd. (Japan) - https://ror.org/026b4y463","Bando Chemical Industries, Ltd. (Japan)",https://ror.org/026b4y463,https://ror.org/02cdwar72,Bando Chemical Industries (Japan),Successor,Production
40404,https://github.com/ror-community/ror-updates/issues/40404,Modify the information in an existing ROR record: Digital Catapult - https://ror.org/03n5g6138,Digital Catapult,https://ror.org/03n5g6138,https://ror.org/03wsc5672,Digital Catapult (United Kingdom),Successor,Production
40405,https://github.com/ror-community/ror-updates/issues/40405,Modify the information in an existing ROR record: Centro de Estudos do Ambiente e do Mar - https://ror.org/03h86rm10,Centro de Estudos do Ambiente e do Mar,https://ror.org/03h86rm10,https://ror.org/03q36qm19,Centro de Estudos Ambientais e Marinhos,Successor,Production
40406,https://github.com/ror-community/ror-updates/issues/40406,Modify the information in an existing ROR record: S.B.Ü. Bursa Yüksek İhtisas Eğitim ve Araştırma Hastanesi - https://ror.org/01180xq90,S.B.Ü. Bursa Yüksek İhtisas Eğitim ve Araştırma Hastanesi,https://ror.org/01180xq90,https://ror.org/05nhkt138,Bursa Yuksek Ihtisas Egitim Ve Arastirma Hastanesi,Successor,Production
40407,https://github.com/ror-community/ror-updates/issues/40407,Modify the information in an existing ROR record: Tomey Corporation - https://ror.org/03hyjk182,Tomey Corporation,https://ror.org/03hyjk182,https://ror.org/00c06mw10,Tomey (Japan),Successor,Production
40408,https://github.com/ror-community/ror-updates/issues/40408,Add a new organization to ROR: Sevastopol State University (Ukraine),Sevastopol State University,https://ror.org/00m88tr89,https://ror.org/053mxw461,Sevastopol National Technical University,Predecessor,Production
40408,https://github.com/ror-community/ror-updates/issues/40408,Add a new organization to ROR: Sevastopol State University (Ukraine),Sevastopol National Technical University,https://ror.org/053mxw461,https://ror.org/00m88tr89,Sevastopol State University,Successor,Release
40408,https://github.com/ror-community/ror-updates/issues/40408,Add a new organization to ROR: Sevastopol State University (Ukraine),Sevastopol State University,https://ror.org/00m88tr89,https://ror.org/01rd41j61,Sevastopol National University of Nuclear Energy and Industry,Predecessor,Production
40408,https://github.com/ror-community/ror-updates/issues/40408,Add a new organization to ROR: Sevastopol State University (Ukraine),Sevastopol National University of Nuclear Energy and Industry,https://ror.org/01rd41j61,https://ror.org/00m88tr89,Sevastopol State University,Successor,Release
40412,https://github.com/ror-community/ror-updates/issues/40412,Modify the information in an existing ROR record: Breakthrough T1D UK - https://ror.org/0332bbh94,Breakthrough T1D UK,https://ror.org/0332bbh94,https://ror.org/00vqxjy61,Breakthrough T1D,Related,Production
40412,https://github.com/ror-community/ror-updates/issues/40412,Modify the information in an existing ROR record: Breakthrough T1D UK - https://ror.org/0332bbh94,Breakthrough T1D,https://ror.org/00vqxjy61,https://ror.org/0332bbh94,Breakthrough T1D UK,Related,Release
40414,https://github.com/ror-community/ror-updates/issues/40414,Modify the information in an existing ROR record: British Lung Foundation - https://ror.org/05qnwyb92,British Lung Foundation,https://ror.org/05qnwyb92,https://ror.org/03z7xev21,Asthma UK,Predecessor,Production
40414,https://github.com/ror-community/ror-updates/issues/40414,Modify the information in an existing ROR record: British Lung Foundation - https://ror.org/05qnwyb92,Asthma UK,https://ror.org/03z7xev21,https://ror.org/05qnwyb92,British Lung Foundation,Successor,Release
40416,https://github.com/ror-community/ror-updates/issues/40416,Modify the information in an existing ROR record: Qualis Health - https://ror.org/007476v46,Qualis Health,https://ror.org/007476v46,https://ror.org/05cewnq61,HealthInsight,Predecessor,Production
40416,https://github.com/ror-community/ror-updates/issues/40416,Modify the information in an existing ROR record: Qualis Health - https://ror.org/007476v46,HealthInsight,https://ror.org/05cewnq61,https://ror.org/007476v46,Qualis Health,Successor,Release
40418,https://github.com/ror-community/ror-updates/issues/40418,Modify the information in an existing ROR record: HealthInsight - https://ror.org/05cewnq61,HealthInsight,https://ror.org/05cewnq61,https://ror.org/007476v46,Qualis Health,Successor,Production
40418,https://github.com/ror-community/ror-updates/issues/40418,Modify the information in an existing ROR record: HealthInsight - https://ror.org/05cewnq61,Qualis Health,https://ror.org/007476v46,https://ror.org/05cewnq61,HealthInsight,Predecessor,Release
40419,https://github.com/ror-community/ror-updates/issues/40419,Modify the information in an existing ROR record: State Key Laboratory of Heavy Oil - https://ror.org/006rwj939,State Key Laboratory of Heavy Oil,https://ror.org/006rwj939,https://ror.org/05gbn2817,"China University of Petroleum, East China",Parent,Production
40419,https://github.com/ror-community/ror-updates/issues/40419,Modify the information in an existing ROR record: State Key Laboratory of Heavy Oil - https://ror.org/006rwj939,"China University of Petroleum, East China",https://ror.org/05gbn2817,https://ror.org/006rwj939,State Key Laboratory of Heavy Oil,Child,Release
40421,https://github.com/ror-community/ror-updates/issues/40421,Modify the information in an existing ROR record: Unidade Local de Saúde do Alto Ave - https://ror.org/049cs4442,Unidade Local de Saúde do Alto Ave,https://ror.org/049cs4442,https://ror.org/00y0jw647,Hospital da Senhora da Oliveira Guimarães,Predecessor,Production
40421,https://github.com/ror-community/ror-updates/issues/40421,Modify the information in an existing ROR record: Unidade Local de Saúde do Alto Ave - https://ror.org/049cs4442,Hospital da Senhora da Oliveira Guimarães,https://ror.org/00y0jw647,https://ror.org/049cs4442,Unidade Local de Saúde do Alto Ave,Successor,Release
40422,https://github.com/ror-community/ror-updates/issues/40422,Modify the information in an existing ROR record: Shared Health Manitoba - https://ror.org/03rvea339,Shared Health Manitoba,https://ror.org/03rvea339,https://ror.org/00yqy0q42,Shared Health,Successor,Production
40423,https://github.com/ror-community/ror-updates/issues/40423,Modify the information in an existing ROR record: Breakthrough T1D UK - https://ror.org/042hqe202,Breakthrough T1D UK,https://ror.org/042hqe202,https://ror.org/0332bbh94,Juvenile Diabetes Research Foundation,Successor,Production
40424,https://github.com/ror-community/ror-updates/issues/40424,Modify the information in an existing ROR record: Freiwillige Akademische Gesellschaft - https://ror.org/00krb3q77,Freiwillige Akademische Gesellschaft,https://ror.org/00krb3q77,https://ror.org/05y4zkz43,Freiwilligen Akademischen Gesellschaft,Successor,Production
40425,https://github.com/ror-community/ror-updates/issues/40425,Modify the information in an existing ROR record: Stelic Institute (Japan) - https://ror.org/04g5kkh98,Stelic Institute (Japan),https://ror.org/04g5kkh98,https://ror.org/05gpmjj80,Stelic (Japan),Successor,Production
40426,https://github.com/ror-community/ror-updates/issues/40426,Modify the information in an existing ROR record: Karamay Central Hospital of Xinjiang - https://ror.org/04cxszt91,Karamay Central Hospital of Xinjiang,https://ror.org/04cxszt91,https://ror.org/047ytwp82,Karamay Central Hospital,Successor,Production
40427,https://github.com/ror-community/ror-updates/issues/40427,Modify the information in an existing ROR record: Hospital da Senhora da Oliveira Guimarães - https://ror.org/00y0jw647,Hospital da Senhora da Oliveira Guimarães,https://ror.org/00y0jw647,https://ror.org/049cs4442,Unidade Local de Saude do Alto Ave,Successor,Production
40427,https://github.com/ror-community/ror-updates/issues/40427,Modify the information in an existing ROR record: Hospital da Senhora da Oliveira Guimarães - https://ror.org/00y0jw647,Unidade Local de Saude do Alto Ave,https://ror.org/049cs4442,https://ror.org/00y0jw647,Hospital da Senhora da Oliveira Guimarães,Predecessor,Release
40468,https://github.com/ror-community/ror-updates/issues/40468,Modify the information in an existing ROR record: Fundación IDONIAL - https://ror.org/01gf4rc63,Fundación IDONIAL,https://ror.org/01gf4rc63,https://ror.org/030r0t953,Instituto Tecnológico de Materiales de Asturias,Predecessor,Production
40468,https://github.com/ror-community/ror-updates/issues/40468,Modify the information in an existing ROR record: Fundación IDONIAL - https://ror.org/01gf4rc63,Instituto Tecnológico de Materiales de Asturias,https://ror.org/030r0t953,https://ror.org/01gf4rc63,Fundación IDONIAL,Successor,Release
