Issue # from Github,Issue URL,Issue title from Github,Name of org in Record ID,Record ID,Related ID,Name of org in Related ID,Relationship of Related ID to Record ID,Current location of Related ID
38346,https://github.com/ror-community/ror-updates/issues/38346,Add a new organization to ROR: Raja Narendra Lal Khan Women's College,Raja Narendra Lal Khan Women's College,https://ror.org/00erbtd26,https://ror.org/027jsza11,Vidyasagar University,Related,Production
38346,https://github.com/ror-community/ror-updates/issues/38346,Add a new organization to ROR: Raja Narendra Lal Khan Women's College,Vidyasagar University,https://ror.org/027jsza11,https://ror.org/00erbtd26,Raja Narendra Lal Khan Women's College,Related,Release
38347,https://github.com/ror-community/ror-updates/issues/38347,Add a new organization to ROR: Kabi Samrat Upendra Bhanja College,Kabi Samrat Upendra Bhanja College,https://ror.org/050m7bz89,https://ror.org/03m3xkg41,Berhampur University,Related,Production
38347,https://github.com/ror-community/ror-updates/issues/38347,Add a new organization to ROR: Kabi Samrat Upendra Bhanja College,Berhampur University,https://ror.org/03m3xkg41,https://ror.org/050m7bz89,Kabi Samrat Upendra Bhanja College,Related,Release
40076,https://github.com/ror-community/ror-updates/issues/40076,"Add a new organization to ROR: 
 
Universitet FSIN Rossii",Universitet FSIN Rossii,https://ror.org/00ka5x776,https://ror.org/03grptj54,Federal Penitentiary Service,Parent,Production
40076,https://github.com/ror-community/ror-updates/issues/40076,"Add a new organization to ROR: 
 
Universitet FSIN Rossii",Federal Penitentiary Service,https://ror.org/03grptj54,https://ror.org/00ka5x776,Universitet FSIN Rossii,Child,Release
40195,https://github.com/ror-community/ror-updates/issues/40195,"Add a new organization to ROR: 
 
University of Technology and Applied Sciences - Shinas",University of Technology and Applied Sciences - Shinas,https://ror.org/006p4qp02,https://ror.org/0157tcg24,University of Technology and Applied Sciences,Parent,Production
40195,https://github.com/ror-community/ror-updates/issues/40195,"Add a new organization to ROR: 
 
University of Technology and Applied Sciences - Shinas",University of Technology and Applied Sciences,https://ror.org/0157tcg24,https://ror.org/006p4qp02,University of Technology and Applied Sciences - Shinas,Child,Release
39486,https://github.com/ror-community/ror-updates/issues/39486,"Add a new organization to ROR: 
 
Pontificia Universidad Católica del Ecuador Sede Ambato",Pontificia Universidad Católica del Ecuador Sede Ambato,https://ror.org/04c5d5q43,https://ror.org/02qztda51,Pontificia Universidad Católica del Ecuador,Parent,Production
39486,https://github.com/ror-community/ror-updates/issues/39486,"Add a new organization to ROR: 
 
Pontificia Universidad Católica del Ecuador Sede Ambato",Pontificia Universidad Católica del Ecuador,https://ror.org/02qztda51,https://ror.org/04c5d5q43,Pontificia Universidad Católica del Ecuador Sede Ambato,Child,Release
39196,https://github.com/ror-community/ror-updates/issues/39196,"Add a new organization to ROR: 
 
Kaiser Permanente Northern California",Kaiser Permanente Northern California,https://ror.org/0302f6d89,https://ror.org/00t60zh31,Kaiser Permanente,Parent,Production
39196,https://github.com/ror-community/ror-updates/issues/39196,"Add a new organization to ROR: 
 
Kaiser Permanente Northern California",Kaiser Permanente,https://ror.org/00t60zh31,https://ror.org/0302f6d89,Kaiser Permanente Northern California,Child,Release
38496,https://github.com/ror-community/ror-updates/issues/38496,"Add a new organization to ROR: 
 
United Nations University Centre for Policy Research",United Nations University Centre for Policy Research,https://ror.org/00h5fsc46,https://ror.org/02339sc10,United Nations University Operating Unit on Policy-Driven Electronic Governance,Related,Production
38496,https://github.com/ror-community/ror-updates/issues/38496,"Add a new organization to ROR: 
 
United Nations University Centre for Policy Research",United Nations University Operating Unit on Policy-Driven Electronic Governance,https://ror.org/02339sc10,https://ror.org/00h5fsc46,United Nations University Centre for Policy Research,Related,Release
38496,https://github.com/ror-community/ror-updates/issues/38496,"Add a new organization to ROR: 
 
United Nations University Centre for Policy Research",United Nations University Centre for Policy Research,https://ror.org/00h5fsc46,https://ror.org/04kkx4y96,United Nations University,Parent,Production
38496,https://github.com/ror-community/ror-updates/issues/38496,"Add a new organization to ROR: 
 
United Nations University Centre for Policy Research",United Nations University,https://ror.org/04kkx4y96,https://ror.org/00h5fsc46,United Nations University Centre for Policy Research,Child,Release
33750,https://github.com/ror-community/ror-updates/issues/33750,"Add a new organization to ROR: 
 
SERVICO DE APOIO AS MICRO E PEQUENAS EMPRESAS DO ESTADO DE RONDONIA",Serviço de Apoio às Micro e Pequenas Empresas do Estado de Rondônia,https://ror.org/0556x0514,https://ror.org/00qjxh243,Brazilian Micro and Small Enterprises Support Service,Parent,Production
33750,https://github.com/ror-community/ror-updates/issues/33750,"Add a new organization to ROR: 
 
SERVICO DE APOIO AS MICRO E PEQUENAS EMPRESAS DO ESTADO DE RONDONIA",Brazilian Micro and Small Enterprises Support Service,https://ror.org/00qjxh243,https://ror.org/0556x0514,Serviço de Apoio às Micro e Pequenas Empresas do Estado de Rondônia,Child,Release
33599,https://github.com/ror-community/ror-updates/issues/33599,"Add a new organization to ROR: 
 
Takeda Pharma sp. z o.o. (Poland)",Takeda (Poland),https://ror.org/00w8t6n25,https://ror.org/04hjbmv12,Takeda (Japan),Parent,Production
33599,https://github.com/ror-community/ror-updates/issues/33599,"Add a new organization to ROR: 
 
Takeda Pharma sp. z o.o. (Poland)",Takeda (Japan),https://ror.org/04hjbmv12,https://ror.org/00w8t6n25,Takeda (Poland),Child,Release
33599,https://github.com/ror-community/ror-updates/issues/33599,"Add a new organization to ROR: 
 
Takeda Pharma sp. z o.o. (Poland)",Takeda (Poland),https://ror.org/00w8t6n25,https://ror.org/00f2tsn51,Takeda (Italy),Related,Production
33599,https://github.com/ror-community/ror-updates/issues/33599,"Add a new organization to ROR: 
 
Takeda Pharma sp. z o.o. (Poland)",Takeda (Italy),https://ror.org/00f2tsn51,https://ror.org/00w8t6n25,Takeda (Poland),Related,Release
33599,https://github.com/ror-community/ror-updates/issues/33599,"Add a new organization to ROR: 
 
Takeda Pharma sp. z o.o. (Poland)",Takeda (Poland),https://ror.org/00w8t6n25,https://ror.org/048p4wq89,Takeda (France),Related,Production
33599,https://github.com/ror-community/ror-updates/issues/33599,"Add a new organization to ROR: 
 
Takeda Pharma sp. z o.o. (Poland)",Takeda (France),https://ror.org/048p4wq89,https://ror.org/00w8t6n25,Takeda (Poland),Related,Release
33599,https://github.com/ror-community/ror-updates/issues/33599,"Add a new organization to ROR: 
 
Takeda Pharma sp. z o.o. (Poland)",Takeda (Poland),https://ror.org/00w8t6n25,https://ror.org/038sjwf38,Takeda (Norway),Related,Production
33599,https://github.com/ror-community/ror-updates/issues/33599,"Add a new organization to ROR: 
 
Takeda Pharma sp. z o.o. (Poland)",Takeda (Norway),https://ror.org/038sjwf38,https://ror.org/00w8t6n25,Takeda (Poland),Related,Release
33599,https://github.com/ror-community/ror-updates/issues/33599,"Add a new organization to ROR: 
 
Takeda Pharma sp. z o.o. (Poland)",Takeda (Poland),https://ror.org/00w8t6n25,https://ror.org/00dzggj72,Takeda (Singapore),Related,Production
33599,https://github.com/ror-community/ror-updates/issues/33599,"Add a new organization to ROR: 
 
Takeda Pharma sp. z o.o. (Poland)",Takeda (Singapore),https://ror.org/00dzggj72,https://ror.org/00w8t6n25,Takeda (Poland),Related,Release
33599,https://github.com/ror-community/ror-updates/issues/33599,"Add a new organization to ROR: 
 
Takeda Pharma sp. z o.o. (Poland)",Takeda (Poland),https://ror.org/00w8t6n25,https://ror.org/056d2rn68,Takeda (Canada),Related,Production
33599,https://github.com/ror-community/ror-updates/issues/33599,"Add a new organization to ROR: 
 
Takeda Pharma sp. z o.o. (Poland)",Takeda (Canada),https://ror.org/056d2rn68,https://ror.org/00w8t6n25,Takeda (Poland),Related,Release
33599,https://github.com/ror-community/ror-updates/issues/33599,"Add a new organization to ROR: 
 
Takeda Pharma sp. z o.o. (Poland)",Takeda (Poland),https://ror.org/00w8t6n25,https://ror.org/03xqv3p85,Takeda (Germany),Related,Production
33599,https://github.com/ror-community/ror-updates/issues/33599,"Add a new organization to ROR: 
 
Takeda Pharma sp. z o.o. (Poland)",Takeda (Germany),https://ror.org/03xqv3p85,https://ror.org/00w8t6n25,Takeda (Poland),Related,Release
33599,https://github.com/ror-community/ror-updates/issues/33599,"Add a new organization to ROR: 
 
Takeda Pharma sp. z o.o. (Poland)",Takeda (Poland),https://ror.org/00w8t6n25,https://ror.org/03bsswy66,Takeda (Denmark),Related,Production
33599,https://github.com/ror-community/ror-updates/issues/33599,"Add a new organization to ROR: 
 
Takeda Pharma sp. z o.o. (Poland)",Takeda (Denmark),https://ror.org/03bsswy66,https://ror.org/00w8t6n25,Takeda (Poland),Related,Release
33599,https://github.com/ror-community/ror-updates/issues/33599,"Add a new organization to ROR: 
 
Takeda Pharma sp. z o.o. (Poland)",Takeda (Poland),https://ror.org/00w8t6n25,https://ror.org/049a8xm46,Takeda (Belgium),Related,Production
33599,https://github.com/ror-community/ror-updates/issues/33599,"Add a new organization to ROR: 
 
Takeda Pharma sp. z o.o. (Poland)",Takeda (Belgium),https://ror.org/049a8xm46,https://ror.org/00w8t6n25,Takeda (Poland),Related,Release
33599,https://github.com/ror-community/ror-updates/issues/33599,"Add a new organization to ROR: 
 
Takeda Pharma sp. z o.o. (Poland)",Takeda (Poland),https://ror.org/00w8t6n25,https://ror.org/00ycncb81,Takeda (Netherlands),Related,Production
33599,https://github.com/ror-community/ror-updates/issues/33599,"Add a new organization to ROR: 
 
Takeda Pharma sp. z o.o. (Poland)",Takeda (Netherlands),https://ror.org/00ycncb81,https://ror.org/00w8t6n25,Takeda (Poland),Related,Release
33599,https://github.com/ror-community/ror-updates/issues/33599,"Add a new organization to ROR: 
 
Takeda Pharma sp. z o.o. (Poland)",Takeda (Poland),https://ror.org/00w8t6n25,https://ror.org/01tzqyt58,Takeda (Portugal),Related,Production
33599,https://github.com/ror-community/ror-updates/issues/33599,"Add a new organization to ROR: 
 
Takeda Pharma sp. z o.o. (Poland)",Takeda (Portugal),https://ror.org/01tzqyt58,https://ror.org/00w8t6n25,Takeda (Poland),Related,Release
33599,https://github.com/ror-community/ror-updates/issues/33599,"Add a new organization to ROR: 
 
Takeda Pharma sp. z o.o. (Poland)",Takeda (Poland),https://ror.org/00w8t6n25,https://ror.org/003na7826,Takeda (Ireland),Related,Production
33599,https://github.com/ror-community/ror-updates/issues/33599,"Add a new organization to ROR: 
 
Takeda Pharma sp. z o.o. (Poland)",Takeda (Ireland),https://ror.org/003na7826,https://ror.org/00w8t6n25,Takeda (Poland),Related,Release
33599,https://github.com/ror-community/ror-updates/issues/33599,"Add a new organization to ROR: 
 
Takeda Pharma sp. z o.o. (Poland)",Takeda (Poland),https://ror.org/00w8t6n25,https://ror.org/04jfar564,Takeda (Australia),Related,Production
33599,https://github.com/ror-community/ror-updates/issues/33599,"Add a new organization to ROR: 
 
Takeda Pharma sp. z o.o. (Poland)",Takeda (Australia),https://ror.org/04jfar564,https://ror.org/00w8t6n25,Takeda (Poland),Related,Release
33599,https://github.com/ror-community/ror-updates/issues/33599,"Add a new organization to ROR: 
 
Takeda Pharma sp. z o.o. (Poland)",Takeda (Poland),https://ror.org/00w8t6n25,https://ror.org/04pfpqx12,Takeda (Sweden),Related,Production
33599,https://github.com/ror-community/ror-updates/issues/33599,"Add a new organization to ROR: 
 
Takeda Pharma sp. z o.o. (Poland)",Takeda (Sweden),https://ror.org/04pfpqx12,https://ror.org/00w8t6n25,Takeda (Poland),Related,Release
33599,https://github.com/ror-community/ror-updates/issues/33599,"Add a new organization to ROR: 
 
Takeda Pharma sp. z o.o. (Poland)",Takeda (Poland),https://ror.org/00w8t6n25,https://ror.org/04nm3yk20,Takeda (Austria),Related,Production
33599,https://github.com/ror-community/ror-updates/issues/33599,"Add a new organization to ROR: 
 
Takeda Pharma sp. z o.o. (Poland)",Takeda (Austria),https://ror.org/04nm3yk20,https://ror.org/00w8t6n25,Takeda (Poland),Related,Release
33599,https://github.com/ror-community/ror-updates/issues/33599,"Add a new organization to ROR: 
 
Takeda Pharma sp. z o.o. (Poland)",Takeda (Poland),https://ror.org/00w8t6n25,https://ror.org/002ysmy84,Takeda (Switzerland),Related,Production
33599,https://github.com/ror-community/ror-updates/issues/33599,"Add a new organization to ROR: 
 
Takeda Pharma sp. z o.o. (Poland)",Takeda (Switzerland),https://ror.org/002ysmy84,https://ror.org/00w8t6n25,Takeda (Poland),Related,Release
33599,https://github.com/ror-community/ror-updates/issues/33599,"Add a new organization to ROR: 
 
Takeda Pharma sp. z o.o. (Poland)",Takeda (Poland),https://ror.org/00w8t6n25,https://ror.org/03bygaq51,Takeda (United States),Related,Production
33599,https://github.com/ror-community/ror-updates/issues/33599,"Add a new organization to ROR: 
 
Takeda Pharma sp. z o.o. (Poland)",Takeda (United States),https://ror.org/03bygaq51,https://ror.org/00w8t6n25,Takeda (Poland),Related,Release
33599,https://github.com/ror-community/ror-updates/issues/33599,"Add a new organization to ROR: 
 
Takeda Pharma sp. z o.o. (Poland)",Takeda (Poland),https://ror.org/00w8t6n25,https://ror.org/05c0v3585,Takeda (United Kingdom),Related,Production
33599,https://github.com/ror-community/ror-updates/issues/33599,"Add a new organization to ROR: 
 
Takeda Pharma sp. z o.o. (Poland)",Takeda (United Kingdom),https://ror.org/05c0v3585,https://ror.org/00w8t6n25,Takeda (Poland),Related,Release
37929,https://github.com/ror-community/ror-updates/issues/37929,"Add a new organization to ROR: 
 
Christus Muguerza Hospital Betania",Christus Muguerza Hospital Betania,https://ror.org/01bxfmk72,https://ror.org/016b66y19,Hospital Christus Muguerza Alta Especialidad,Related,Production
37929,https://github.com/ror-community/ror-updates/issues/37929,"Add a new organization to ROR: 
 
Christus Muguerza Hospital Betania",Hospital Christus Muguerza Alta Especialidad,https://ror.org/016b66y19,https://ror.org/01bxfmk72,Christus Muguerza Hospital Betania,Related,Release
39670,https://github.com/ror-community/ror-updates/issues/39670,"Add a new organization to ROR: 
 
Sapporo University of Health Sciences",Sapporo University of Health Sciences,https://ror.org/044g90p69,https://ror.org/04bz6gw73,Sapporo University,Parent,Production
39670,https://github.com/ror-community/ror-updates/issues/39670,"Add a new organization to ROR: 
 
Sapporo University of Health Sciences",Sapporo University,https://ror.org/04bz6gw73,https://ror.org/044g90p69,Sapporo University of Health Sciences,Child,Release
39527,https://github.com/ror-community/ror-updates/issues/39527,"Add a new organization to ROR: 
 
INSTITUTO TECNOLÓGICO DE CAMPECHE",Instituto Tecnológico de Campeche,https://ror.org/052vrb971,https://ror.org/00davry38,Tecnológico Nacional de México,Parent,Production
39527,https://github.com/ror-community/ror-updates/issues/39527,"Add a new organization to ROR: 
 
INSTITUTO TECNOLÓGICO DE CAMPECHE",Tecnológico Nacional de México,https://ror.org/00davry38,https://ror.org/052vrb971,Instituto Tecnológico de Campeche,Child,Release
40340,https://github.com/ror-community/ror-updates/issues/40340,"Add a new organization to ROR: 
 
Dhaka School of Economics",Dhaka School of Economics,https://ror.org/01gk2fg97,https://ror.org/05wv2vq37,University of Dhaka,Parent,Production
40340,https://github.com/ror-community/ror-updates/issues/40340,"Add a new organization to ROR: 
 
Dhaka School of Economics",University of Dhaka,https://ror.org/05wv2vq37,https://ror.org/01gk2fg97,Dhaka School of Economics,Child,Release
40488,https://github.com/ror-community/ror-updates/issues/40488,"Add a new organization to ROR: 
 
Tecnológico Nacional de México / ITS de Cajeme",Instituto Tecnológico Superior de Cajeme,https://ror.org/04a6szv46,https://ror.org/00davry38,Tecnológico Nacional de México,Parent,Production
40488,https://github.com/ror-community/ror-updates/issues/40488,"Add a new organization to ROR: 
 
Tecnológico Nacional de México / ITS de Cajeme",Tecnológico Nacional de México,https://ror.org/00davry38,https://ror.org/04a6szv46,Instituto Tecnológico Superior de Cajeme,Child,Release
39452,https://github.com/ror-community/ror-updates/issues/39452,"Add a new organization to ROR: 
 
Instituto Tecnológico Superior de Champotón",Instituto Tecnológico Superior de Champotón,https://ror.org/056773140,https://ror.org/01n9atz77,Instituto Tecnológico Superior de Tlatlauquitepec,Parent,Production
39452,https://github.com/ror-community/ror-updates/issues/39452,"Add a new organization to ROR: 
 
Instituto Tecnológico Superior de Champotón",Instituto Tecnológico Superior de Tlatlauquitepec,https://ror.org/01n9atz77,https://ror.org/056773140,Instituto Tecnológico Superior de Champotón,Child,Release
38937,https://github.com/ror-community/ror-updates/issues/38937,"Add a new organization to ROR: 
 
Unidade Local de Saúde de Matosinhos",Unidade Local de Saúde de Matosinhos,https://ror.org/02y5td103,https://ror.org/05y39br74,Unidade Local de Saúde de Braga,Related,Production
38937,https://github.com/ror-community/ror-updates/issues/38937,"Add a new organization to ROR: 
 
Unidade Local de Saúde de Matosinhos",Unidade Local de Saúde de Braga,https://ror.org/05y39br74,https://ror.org/02y5td103,Unidade Local de Saúde de Matosinhos,Related,Release
40349,https://github.com/ror-community/ror-updates/issues/40349,"Add a new organization to ROR: 
 
Medical Supplies Center of PLA General Hospital",Medical Supplies Center,https://ror.org/00trsr683,https://ror.org/04gw3ra78,Chinese PLA General Hospital,Related,Production
40349,https://github.com/ror-community/ror-updates/issues/40349,"Add a new organization to ROR: 
 
Medical Supplies Center of PLA General Hospital",Chinese PLA General Hospital,https://ror.org/04gw3ra78,https://ror.org/00trsr683,Medical Supplies Center,Related,Release
40300,https://github.com/ror-community/ror-updates/issues/40300,"Add a new organization to ROR: 
 
Universidade Rovuma",Universidade Rovuma,https://ror.org/01q93d479,https://ror.org/0331kj160,Pedagogical University,Predecessor,Production
40300,https://github.com/ror-community/ror-updates/issues/40300,"Add a new organization to ROR: 
 
Universidade Rovuma",Pedagogical University,https://ror.org/0331kj160,https://ror.org/01q93d479,Universidade Rovuma,Successor,Release
40354,https://github.com/ror-community/ror-updates/issues/40354,"Add a new organization to ROR: 
 
KNAW Humanities Cluster",KNAW Humanities Cluster,https://ror.org/03d6d4g93,https://ror.org/043c0p156,Royal Netherlands Academy of Arts and Sciences,Parent,Production
40354,https://github.com/ror-community/ror-updates/issues/40354,"Add a new organization to ROR: 
 
KNAW Humanities Cluster",Royal Netherlands Academy of Arts and Sciences,https://ror.org/043c0p156,https://ror.org/03d6d4g93,KNAW Humanities Cluster,Child,Release
40354,https://github.com/ror-community/ror-updates/issues/40354,"Add a new organization to ROR: 
 
KNAW Humanities Cluster",KNAW Humanities Cluster,https://ror.org/03d6d4g93,https://ror.org/05dq4pp56,International Institute of Social History,Parent,Production
40354,https://github.com/ror-community/ror-updates/issues/40354,"Add a new organization to ROR: 
 
KNAW Humanities Cluster",International Institute of Social History,https://ror.org/05dq4pp56,https://ror.org/03d6d4g93,KNAW Humanities Cluster,Child,Release
40354,https://github.com/ror-community/ror-updates/issues/40354,"Add a new organization to ROR: 
 
KNAW Humanities Cluster",KNAW Humanities Cluster,https://ror.org/03d6d4g93,https://ror.org/05kaxyq51,Meertens Institute,Parent,Production
40354,https://github.com/ror-community/ror-updates/issues/40354,"Add a new organization to ROR: 
 
KNAW Humanities Cluster",Meertens Institute,https://ror.org/05kaxyq51,https://ror.org/03d6d4g93,KNAW Humanities Cluster,Child,Release
40354,https://github.com/ror-community/ror-updates/issues/40354,"Add a new organization to ROR: 
 
KNAW Humanities Cluster",KNAW Humanities Cluster,https://ror.org/03d6d4g93,https://ror.org/05kaxyq51,Meertens Institute,Parent,Production
40354,https://github.com/ror-community/ror-updates/issues/40354,"Add a new organization to ROR: 
 
KNAW Humanities Cluster",Meertens Institute,https://ror.org/05kaxyq51,https://ror.org/03d6d4g93,KNAW Humanities Cluster,Child,Release
40466,https://github.com/ror-community/ror-updates/issues/40466,"Add a new organization to ROR: 
 
PRISM Sorbonne",PRISM Sorbonne,https://ror.org/046crpj40,https://ror.org/002t25c44,Université Paris 1 Panthéon-Sorbonne,Parent,Production
40466,https://github.com/ror-community/ror-updates/issues/40466,"Add a new organization to ROR: 
 
PRISM Sorbonne",Université Paris 1 Panthéon-Sorbonne,https://ror.org/002t25c44,https://ror.org/046crpj40,PRISM Sorbonne,Child,Release
39571,https://github.com/ror-community/ror-updates/issues/39571,"Add a new organization to ROR: 
 
TecNM Campus Nuevo Casas Grandes",Instituto Tecnológico Superior de Nuevo Casas Grandes,https://ror.org/01tatr935,https://ror.org/00davry38,Tecnológico Nacional de México,Parent,Production
39571,https://github.com/ror-community/ror-updates/issues/39571,"Add a new organization to ROR: 
 
TecNM Campus Nuevo Casas Grandes",Tecnológico Nacional de México,https://ror.org/00davry38,https://ror.org/01tatr935,Instituto Tecnológico Superior de Nuevo Casas Grandes,Child,Release
39895,https://github.com/ror-community/ror-updates/issues/39895,"Add a new organization to ROR: 
 
Institut National des Sciences et Techniques Nucléaires - Madagascar",Institut National des Sciences et Techniques Nucléaires - Madagascar,https://ror.org/04hcck091,https://ror.org/05nddf786,Institut national des sciences et techniques nucléaires,Related,Production
39895,https://github.com/ror-community/ror-updates/issues/39895,"Add a new organization to ROR: 
 
Institut National des Sciences et Techniques Nucléaires - Madagascar",Institut national des sciences et techniques nucléaires,https://ror.org/05nddf786,https://ror.org/04hcck091,Institut National des Sciences et Techniques Nucléaires - Madagascar,Related,Release
39075,https://github.com/ror-community/ror-updates/issues/39075,Add a new organization to ROR: Muséum-Aquarium de Nancy*fr,Muséum-Aquarium de Nancy,https://ror.org/00xpee159,https://ror.org/05amtr914,Récolnat,Related,Production
39075,https://github.com/ror-community/ror-updates/issues/39075,Add a new organization to ROR: Muséum-Aquarium de Nancy*fr,Récolnat,https://ror.org/05amtr914,https://ror.org/00xpee159,Muséum-Aquarium de Nancy,Related,Release
40125,https://github.com/ror-community/ror-updates/issues/40125,Add a new organization to ROR: Prof. Rajendra Singh (Rajju Bhaiya) University,Prof. Rajendra Singh (Rajju Bhaiya) University,https://ror.org/01g9yfh62,https://ror.org/02bc3st21,"Post Graduate College Patti, Pratapgarh",Related,Production
40125,https://github.com/ror-community/ror-updates/issues/40125,Add a new organization to ROR: Prof. Rajendra Singh (Rajju Bhaiya) University,"Post Graduate College Patti, Pratapgarh",https://ror.org/02bc3st21,https://ror.org/01g9yfh62,Prof. Rajendra Singh (Rajju Bhaiya) University,Related,Release
39073,https://github.com/ror-community/ror-updates/issues/39073,Add a new organization to ROR: Conservatoire Botanique National de Mascarin*fr,Conservatoire Botanique National de Mascarin,https://ror.org/014rygw86,https://ror.org/05amtr914,Récolnat,Related,Production
39073,https://github.com/ror-community/ror-updates/issues/39073,Add a new organization to ROR: Conservatoire Botanique National de Mascarin*fr,Récolnat,https://ror.org/05amtr914,https://ror.org/014rygw86,Conservatoire Botanique National de Mascarin,Related,Release
39083,https://github.com/ror-community/ror-updates/issues/39083,Add a new organization to ROR: Muséum d'histoire naturelle d'Aix-en-Provence*fr,Muséum d'histoire naturelle d'Aix-en-Provence,https://ror.org/017ktch51,https://ror.org/05amtr914,Récolnat,Related,Production
39083,https://github.com/ror-community/ror-updates/issues/39083,Add a new organization to ROR: Muséum d'histoire naturelle d'Aix-en-Provence*fr,Récolnat,https://ror.org/05amtr914,https://ror.org/017ktch51,Muséum d'histoire naturelle d'Aix-en-Provence,Related,Release
39380,https://github.com/ror-community/ror-updates/issues/39380,Add a new organization to ROR: Add a new organization to ROR: College of Science and Technology of Qaminis,College of Science and Technology of Qaminis,https://ror.org/0292p3t06,https://ror.org/01b1zcy98,Ministry of Technical and Vocational Education,Parent,Production
39380,https://github.com/ror-community/ror-updates/issues/39380,Add a new organization to ROR: Add a new organization to ROR: College of Science and Technology of Qaminis,Ministry of Technical and Vocational Education,https://ror.org/01b1zcy98,https://ror.org/0292p3t06,College of Science and Technology of Qaminis,Child,Release
39630,https://github.com/ror-community/ror-updates/issues/39630,"Add a new organization to ROR: 
 
Ad-din Momin Medical College",Ad-din Momin Medical College,https://ror.org/01vjx9266,https://ror.org/044phck88,Ad-din Women's Medical College,Related,Production
39630,https://github.com/ror-community/ror-updates/issues/39630,"Add a new organization to ROR: 
 
Ad-din Momin Medical College",Ad-din Women's Medical College,https://ror.org/044phck88,https://ror.org/01vjx9266,Ad-din Momin Medical College,Related,Release
40533,https://github.com/ror-community/ror-updates/issues/40533,"Add a new organization to ROR: 
 
Servicio Agrícola y Ganadero",Servicio Agrícola y Ganadero,https://ror.org/01z6d8k43,https://ror.org/05nqvv719,Ministerio de Agricultura,Parent,Production
40533,https://github.com/ror-community/ror-updates/issues/40533,"Add a new organization to ROR: 
 
Servicio Agrícola y Ganadero",Ministerio de Agricultura,https://ror.org/05nqvv719,https://ror.org/01z6d8k43,Servicio Agrícola y Ganadero,Child,Release
40525,https://github.com/ror-community/ror-updates/issues/40525,"Add a new organization to ROR: 
 
Centre d'étude des techniques, des connaissances et des pratiques","Centre d'étude des techniques, des connaissances et des pratiques",https://ror.org/02awedr85,https://ror.org/002t25c44,Université Paris 1 Panthéon-Sorbonne,Parent,Production
40525,https://github.com/ror-community/ror-updates/issues/40525,"Add a new organization to ROR: 
 
Centre d'étude des techniques, des connaissances et des pratiques",Université Paris 1 Panthéon-Sorbonne,https://ror.org/002t25c44,https://ror.org/02awedr85,"Centre d'étude des techniques, des connaissances et des pratiques",Child,Release
38836,https://github.com/ror-community/ror-updates/issues/38836,"Add a new organization to ROR: 
 
Icelandic Museum of Natural History",Náttúruminjasafn Íslands,https://ror.org/03asx1469,https://ror.org/00cs35d33,Náttúrufræðistofnun,Related,Production
38836,https://github.com/ror-community/ror-updates/issues/38836,"Add a new organization to ROR: 
 
Icelandic Museum of Natural History",Náttúrufræðistofnun,https://ror.org/00cs35d33,https://ror.org/03asx1469,Náttúruminjasafn Íslands,Related,Release
38897,https://github.com/ror-community/ror-updates/issues/38897,"Add a new organization to ROR: 
 
Islamic Azad University, Kish International Branch","Islamic Azad University, Kish Branch",https://ror.org/05fpfkg42,https://ror.org/01kzn7k21,"Islamic Azad University, Tehran",Parent,Production
38897,https://github.com/ror-community/ror-updates/issues/38897,"Add a new organization to ROR: 
 
Islamic Azad University, Kish International Branch","Islamic Azad University, Tehran",https://ror.org/01kzn7k21,https://ror.org/05fpfkg42,"Islamic Azad University, Kish Branch",Child,Release
40453,https://github.com/ror-community/ror-updates/issues/40453,"Add a new organization to ROR: 
 
Islamic Research Foundation",Islamic Research Foundation,https://ror.org/01ydb5429,https://ror.org/007jfm765,Imam Reza International University,Related,Production
40453,https://github.com/ror-community/ror-updates/issues/40453,"Add a new organization to ROR: 
 
Islamic Research Foundation",Imam Reza International University,https://ror.org/007jfm765,https://ror.org/01ydb5429,Islamic Research Foundation,Related,Release
40453,https://github.com/ror-community/ror-updates/issues/40453,"Add a new organization to ROR: 
 
Islamic Research Foundation",Islamic Research Foundation,https://ror.org/01ydb5429,https://ror.org/01s5r7k60,Razavi University of Islamic Sciences,Related,Production
40453,https://github.com/ror-community/ror-updates/issues/40453,"Add a new organization to ROR: 
 
Islamic Research Foundation",Razavi University of Islamic Sciences,https://ror.org/01s5r7k60,https://ror.org/01ydb5429,Islamic Research Foundation,Related,Release
39649,https://github.com/ror-community/ror-updates/issues/39649,"Add a new organization to ROR: 
 
Instituto de Estudios Políticos Andinos",Instituto de Estudios Políticos Andinos,https://ror.org/05p95kx19,https://ror.org/006vs7897,National University of San Marcos,Related,Production
39649,https://github.com/ror-community/ror-updates/issues/39649,"Add a new organization to ROR: 
 
Instituto de Estudios Políticos Andinos",National University of San Marcos,https://ror.org/006vs7897,https://ror.org/05p95kx19,Instituto de Estudios Políticos Andinos,Related,Release
40292,https://github.com/ror-community/ror-updates/issues/40292,Add a new organization to ROR: Climate Media Factory,Climate Media Factory (Germany),https://ror.org/00wfjhc88,https://ror.org/03e8s1d88,Potsdam Institute for Climate Impact Research,Related,Production
40292,https://github.com/ror-community/ror-updates/issues/40292,Add a new organization to ROR: Climate Media Factory,Potsdam Institute for Climate Impact Research,https://ror.org/03e8s1d88,https://ror.org/00wfjhc88,Climate Media Factory (Germany),Related,Release
40292,https://github.com/ror-community/ror-updates/issues/40292,Add a new organization to ROR: Climate Media Factory,Climate Media Factory (Germany),https://ror.org/00wfjhc88,https://ror.org/04qbqv677,Filmuniversität Babelsberg KONRAD WOLF,Related,Production
40292,https://github.com/ror-community/ror-updates/issues/40292,Add a new organization to ROR: Climate Media Factory,Filmuniversität Babelsberg KONRAD WOLF,https://ror.org/04qbqv677,https://ror.org/00wfjhc88,Climate Media Factory (Germany),Related,Release
39226,https://github.com/ror-community/ror-updates/issues/39226,"Add a new organization to ROR: 
 
The First Affiliated Hospital of Guangxi University of Science and Technology",First Affiliated Hospital of Guangxi University of Science and Technology,https://ror.org/01dsyj258,https://ror.org/02fj6b627,Guangxi University of Science and Technology,Parent,Production
39226,https://github.com/ror-community/ror-updates/issues/39226,"Add a new organization to ROR: 
 
The First Affiliated Hospital of Guangxi University of Science and Technology",Guangxi University of Science and Technology,https://ror.org/02fj6b627,https://ror.org/01dsyj258,First Affiliated Hospital of Guangxi University of Science and Technology,Child,Release
40556,https://github.com/ror-community/ror-updates/issues/40556,Add a new organization to ROR: Government Dyal Singh Graduate College,Govt. Dyal Singh Graduate College Lahore,https://ror.org/04r9nbq14,https://ror.org/040gec961,"Government College University, Lahore",Related,Production
40556,https://github.com/ror-community/ror-updates/issues/40556,Add a new organization to ROR: Government Dyal Singh Graduate College,"Government College University, Lahore",https://ror.org/040gec961,https://ror.org/04r9nbq14,Govt. Dyal Singh Graduate College Lahore,Related,Release
40556,https://github.com/ror-community/ror-updates/issues/40556,Add a new organization to ROR: Government Dyal Singh Graduate College,Govt. Dyal Singh Graduate College Lahore,https://ror.org/04r9nbq14,https://ror.org/011maz450,University of the Punjab,Related,Production
40556,https://github.com/ror-community/ror-updates/issues/40556,Add a new organization to ROR: Government Dyal Singh Graduate College,University of the Punjab,https://ror.org/011maz450,https://ror.org/04r9nbq14,Govt. Dyal Singh Graduate College Lahore,Related,Release
39076,https://github.com/ror-community/ror-updates/issues/39076,Add a new organization to ROR: Muséum d'Histoire naturelle de Nice*fr,Muséum d'Histoire naturelle de Nice,https://ror.org/04cceae97,https://ror.org/05amtr914,Récolnat,Related,Production
39076,https://github.com/ror-community/ror-updates/issues/39076,Add a new organization to ROR: Muséum d'Histoire naturelle de Nice*fr,Récolnat,https://ror.org/05amtr914,https://ror.org/04cceae97,Muséum d'Histoire naturelle de Nice,Related,Release
39077,https://github.com/ror-community/ror-updates/issues/39077,Add a new organization to ROR: Muséum d'Histoire naturelle de La Rochelle*fr,Muséum d'Histoire naturelle de La Rochelle,https://ror.org/00yymzj49,https://ror.org/05amtr914,Récolnat,Related,Production
39077,https://github.com/ror-community/ror-updates/issues/39077,Add a new organization to ROR: Muséum d'Histoire naturelle de La Rochelle*fr,Récolnat,https://ror.org/05amtr914,https://ror.org/00yymzj49,Muséum d'Histoire naturelle de La Rochelle,Related,Release
39078,https://github.com/ror-community/ror-updates/issues/39078,Add a new organization to ROR: Société Botanique d'Alsace*fr,Société Botanique d'Alsace,https://ror.org/013ysg352,https://ror.org/05amtr914,Récolnat,Related,Production
39078,https://github.com/ror-community/ror-updates/issues/39078,Add a new organization to ROR: Société Botanique d'Alsace*fr,Récolnat,https://ror.org/05amtr914,https://ror.org/013ysg352,Société Botanique d'Alsace,Related,Release
39079,https://github.com/ror-community/ror-updates/issues/39079,Add a new organization to ROR: Muséum d’histoire naturelle de Besançon*fr,Muséum d’histoire naturelle de Besançon,https://ror.org/049dkr906,https://ror.org/05amtr914,Récolnat,Related,Production
39079,https://github.com/ror-community/ror-updates/issues/39079,Add a new organization to ROR: Muséum d’histoire naturelle de Besançon*fr,Récolnat,https://ror.org/05amtr914,https://ror.org/049dkr906,Muséum d’histoire naturelle de Besançon,Related,Release
39081,https://github.com/ror-community/ror-updates/issues/39081,Add a new organization to ROR: Musée Pierre-Noël*fr,Musée Pierre-Noël,https://ror.org/00j3gj660,https://ror.org/05amtr914,Récolnat,Related,Production
39081,https://github.com/ror-community/ror-updates/issues/39081,Add a new organization to ROR: Musée Pierre-Noël*fr,Récolnat,https://ror.org/05amtr914,https://ror.org/00j3gj660,Musée Pierre-Noël,Related,Release
36052,https://github.com/ror-community/ror-updates/issues/36052,Add a new organization to ROR: Arison ESG Center (Israel),Arison ESG Center,https://ror.org/03f9t5s27,https://ror.org/01px5cv07,Reichman University,Parent,Production
36052,https://github.com/ror-community/ror-updates/issues/36052,Add a new organization to ROR: Arison ESG Center (Israel),Reichman University,https://ror.org/01px5cv07,https://ror.org/03f9t5s27,Arison ESG Center,Child,Release
36053,https://github.com/ror-community/ror-updates/issues/36053,Add a new organization to ROR: The Phoenix Institute for Capital Market Research (Israel),The Phoenix Institute for Capital Market Research,https://ror.org/05yj9hz93,https://ror.org/01px5cv07,Reichman University,Parent,Production
36053,https://github.com/ror-community/ror-updates/issues/36053,Add a new organization to ROR: The Phoenix Institute for Capital Market Research (Israel),Reichman University,https://ror.org/01px5cv07,https://ror.org/05yj9hz93,The Phoenix Institute for Capital Market Research,Child,Release
36055,https://github.com/ror-community/ror-updates/issues/36055,Add a new organization to ROR: Yannay Institute for Energy Security (Israel),Yannay Institute for Energy Security,https://ror.org/01kpfg185,https://ror.org/01px5cv07,Reichman University,Parent,Production
36055,https://github.com/ror-community/ror-updates/issues/36055,Add a new organization to ROR: Yannay Institute for Energy Security (Israel),Reichman University,https://ror.org/01px5cv07,https://ror.org/01kpfg185,Yannay Institute for Energy Security,Child,Release
36056,https://github.com/ror-community/ror-updates/issues/36056,Add a new organization to ROR: Behavioral Political Science (BPS) Lab (Israel),Behavioral Political Science (BPS) Lab,https://ror.org/046gm3p97,https://ror.org/01px5cv07,Reichman University,Parent,Production
36056,https://github.com/ror-community/ror-updates/issues/36056,Add a new organization to ROR: Behavioral Political Science (BPS) Lab (Israel),Reichman University,https://ror.org/01px5cv07,https://ror.org/046gm3p97,Behavioral Political Science (BPS) Lab,Child,Release
36059,https://github.com/ror-community/ror-updates/issues/36059,Add a new organization to ROR: DICE - Lab for Judgement and Decision-Making (Israel),Dice Research Center,https://ror.org/05d2h4q93,https://ror.org/01px5cv07,Reichman University,Parent,Production
36059,https://github.com/ror-community/ror-updates/issues/36059,Add a new organization to ROR: DICE - Lab for Judgement and Decision-Making (Israel),Reichman University,https://ror.org/01px5cv07,https://ror.org/05d2h4q93,Dice Research Center,Child,Release
36060,https://github.com/ror-community/ror-updates/issues/36060,Add a new organization to ROR: Power & Social Change Lab (Israel),Power & Social Change Lab,https://ror.org/02txrp252,https://ror.org/01px5cv07,Reichman University,Parent,Production
36060,https://github.com/ror-community/ror-updates/issues/36060,Add a new organization to ROR: Power & Social Change Lab (Israel),Reichman University,https://ror.org/01px5cv07,https://ror.org/02txrp252,Power & Social Change Lab,Child,Release
36061,https://github.com/ror-community/ror-updates/issues/36061,Add a new organization to ROR: Sexuality in Close Relationships Lab (Israel),Sexuality in Close Relationships Lab,https://ror.org/03d39xg22,https://ror.org/01px5cv07,Reichman University,Parent,Production
36061,https://github.com/ror-community/ror-updates/issues/36061,Add a new organization to ROR: Sexuality in Close Relationships Lab (Israel),Reichman University,https://ror.org/01px5cv07,https://ror.org/03d39xg22,Sexuality in Close Relationships Lab,Child,Release
36063,https://github.com/ror-community/ror-updates/issues/36063,Add a new organization to ROR: LGBTQ+ Psychology Lab (Israel),LGBTQ+ Psychology Lab,https://ror.org/04nc90r26,https://ror.org/01px5cv07,Reichman University,Parent,Production
36063,https://github.com/ror-community/ror-updates/issues/36063,Add a new organization to ROR: LGBTQ+ Psychology Lab (Israel),Reichman University,https://ror.org/01px5cv07,https://ror.org/04nc90r26,LGBTQ+ Psychology Lab,Child,Release
36065,https://github.com/ror-community/ror-updates/issues/36065,Add a new organization to ROR: SEL.IL - Promoting Social-Emotional Learning in Israel (Israel),SEL.IL - Promoting Social-Emotional Learning in Israel,https://ror.org/026tz2q03,https://ror.org/01px5cv07,Reichman University,Parent,Production
36065,https://github.com/ror-community/ror-updates/issues/36065,Add a new organization to ROR: SEL.IL - Promoting Social-Emotional Learning in Israel (Israel),Reichman University,https://ror.org/01px5cv07,https://ror.org/026tz2q03,SEL.IL - Promoting Social-Emotional Learning in Israel,Child,Release
36070,https://github.com/ror-community/ror-updates/issues/36070,"Add a new organization to ROR: The Sport, Media and Society (SMS) Research Lab (Israel)","The Sport, Media and Society (SMS) Research Lab",https://ror.org/01pvp7j77,https://ror.org/01px5cv07,Reichman University,Parent,Production
36070,https://github.com/ror-community/ror-updates/issues/36070,"Add a new organization to ROR: The Sport, Media and Society (SMS) Research Lab (Israel)",Reichman University,https://ror.org/01px5cv07,https://ror.org/01pvp7j77,"The Sport, Media and Society (SMS) Research Lab",Child,Release
36073,https://github.com/ror-community/ror-updates/issues/36073,Add a new organization to ROR: The Ruth and Meir Rosental Brain Imaging Center (Israel),The Ruth and Meir Rosental Brain Imaging Center,https://ror.org/00a5rcb62,https://ror.org/01px5cv07,Reichman University,Parent,Production
36073,https://github.com/ror-community/ror-updates/issues/36073,Add a new organization to ROR: The Ruth and Meir Rosental Brain Imaging Center (Israel),Reichman University,https://ror.org/01px5cv07,https://ror.org/00a5rcb62,The Ruth and Meir Rosental Brain Imaging Center,Child,Release
36074,https://github.com/ror-community/ror-updates/issues/36074,Add a new organization to ROR: Pearl-Ellen Gordon Resilience Center (Israel),Pearl-Ellen Gordon Resilience Center,https://ror.org/040f1d783,https://ror.org/01ev6yf32,The Therapeutic Clinic at the Baruch Ivcher School of Psychology,Parent,Production
36074,https://github.com/ror-community/ror-updates/issues/36074,Add a new organization to ROR: Pearl-Ellen Gordon Resilience Center (Israel),The Therapeutic Clinic at the Baruch Ivcher School of Psychology,https://ror.org/01ev6yf32,https://ror.org/040f1d783,Pearl-Ellen Gordon Resilience Center,Child,Release
40601,https://github.com/ror-community/ror-updates/issues/40601,Add a new organization to ROR: WWF Brazil,WWF-Brasil,https://ror.org/01vbmfx04,https://ror.org/00ppaw753,World Wide Fund for Nature,Parent,Production
40601,https://github.com/ror-community/ror-updates/issues/40601,Add a new organization to ROR: WWF Brazil,World Wide Fund for Nature,https://ror.org/00ppaw753,https://ror.org/01vbmfx04,WWF-Brasil,Child,Release
40596,https://github.com/ror-community/ror-updates/issues/40596,"Add a new organization to ROR: 
 
PES College of Engineering, Mandya, Karnataka","P.E.S. College of Engineering, Mandya",https://ror.org/02787tm24,https://ror.org/00ha14p11,Visvesvaraya Technological University,Related,Production
40596,https://github.com/ror-community/ror-updates/issues/40596,"Add a new organization to ROR: 
 
PES College of Engineering, Mandya, Karnataka",Visvesvaraya Technological University,https://ror.org/00ha14p11,https://ror.org/02787tm24,"P.E.S. College of Engineering, Mandya",Related,Release
40586,https://github.com/ror-community/ror-updates/issues/40586,Add a new organization to ROR: China Academy of Aerospace Aerodynamics (China),China Academy of Aerospace Aerodynamics,https://ror.org/03rsmr631,https://ror.org/01z8tr155,China Aerospace Science and Technology Corporation,Parent,Production
40586,https://github.com/ror-community/ror-updates/issues/40586,Add a new organization to ROR: China Academy of Aerospace Aerodynamics (China),China Aerospace Science and Technology Corporation,https://ror.org/01z8tr155,https://ror.org/03rsmr631,China Academy of Aerospace Aerodynamics,Child,Release
40576,https://github.com/ror-community/ror-updates/issues/40576,Add a new organization to ROR: Fundación Sanatorio Adaro (Spain),Fundación Sanatorio Adaro,https://ror.org/0042rdk82,https://ror.org/00kj4ev13,Servicio de Salud del Principado de Asturias,Related,Production
40576,https://github.com/ror-community/ror-updates/issues/40576,Add a new organization to ROR: Fundación Sanatorio Adaro (Spain),Servicio de Salud del Principado de Asturias,https://ror.org/00kj4ev13,https://ror.org/0042rdk82,Fundación Sanatorio Adaro,Related,Release
40562,https://github.com/ror-community/ror-updates/issues/40562,"Add a new organization to ROR: 
 
Brussels School of Governance",Brussels School of Governance,https://ror.org/00dqsbt93,https://ror.org/006e5kg04,Vrije Universiteit Brussel,Parent,Production
40562,https://github.com/ror-community/ror-updates/issues/40562,"Add a new organization to ROR: 
 
Brussels School of Governance",Vrije Universiteit Brussel,https://ror.org/006e5kg04,https://ror.org/00dqsbt93,Brussels School of Governance,Child,Release
40562,https://github.com/ror-community/ror-updates/issues/40562,"Add a new organization to ROR: 
 
Brussels School of Governance",Brussels School of Governance,https://ror.org/00dqsbt93,https://ror.org/025qq8j12,Vesalius College,Child,Production
40562,https://github.com/ror-community/ror-updates/issues/40562,"Add a new organization to ROR: 
 
Brussels School of Governance",Vesalius College,https://ror.org/025qq8j12,https://ror.org/00dqsbt93,Brussels School of Governance,Parent,Release
40664,https://github.com/ror-community/ror-updates/issues/40664,"Add a new organization to ROR: 
 
CIHR Pan-Canadian Network for HIV and STBBI Clinical Trials Research",CIHR Pan-Canadian Network for HIV and STBBI Clinical Trials Research,https://ror.org/04bj7s466,https://ror.org/01gavpb45,Canadian Institutes of Health Research,Parent,Production
40664,https://github.com/ror-community/ror-updates/issues/40664,"Add a new organization to ROR: 
 
CIHR Pan-Canadian Network for HIV and STBBI Clinical Trials Research",Canadian Institutes of Health Research,https://ror.org/01gavpb45,https://ror.org/04bj7s466,CIHR Pan-Canadian Network for HIV and STBBI Clinical Trials Research,Child,Release
40667,https://github.com/ror-community/ror-updates/issues/40667,Add a new organization to ROR: Deep Space Exploration Laboratory (China),Deep Space Exploration Laboratory,https://ror.org/026z4ds93,https://ror.org/004vanv95,China National Space Administration,Related,Production
40667,https://github.com/ror-community/ror-updates/issues/40667,Add a new organization to ROR: Deep Space Exploration Laboratory (China),China National Space Administration,https://ror.org/004vanv95,https://ror.org/026z4ds93,Deep Space Exploration Laboratory,Related,Release
40667,https://github.com/ror-community/ror-updates/issues/40667,Add a new organization to ROR: Deep Space Exploration Laboratory (China),Deep Space Exploration Laboratory,https://ror.org/026z4ds93,https://ror.org/04c4dkn09,University of Science and Technology of China,Related,Production
40667,https://github.com/ror-community/ror-updates/issues/40667,Add a new organization to ROR: Deep Space Exploration Laboratory (China),University of Science and Technology of China,https://ror.org/04c4dkn09,https://ror.org/026z4ds93,Deep Space Exploration Laboratory,Related,Release
40669,https://github.com/ror-community/ror-updates/issues/40669,Add a new organization to ROR: A.T. Still Research Institute (United States),A.T. Still Research Institute,https://ror.org/04cnjw771,https://ror.org/05hr6q169,A.T. Still University,Parent,Production
40669,https://github.com/ror-community/ror-updates/issues/40669,Add a new organization to ROR: A.T. Still Research Institute (United States),A.T. Still University,https://ror.org/05hr6q169,https://ror.org/04cnjw771,A.T. Still Research Institute,Child,Release
38413,https://github.com/ror-community/ror-updates/issues/38413,"Add a new organization to ROR: 
 
Michigan Publishing",Michigan Publishing,https://ror.org/005g7fs66,https://ror.org/00jmfr291,University of Michigan,Parent,Production
38413,https://github.com/ror-community/ror-updates/issues/38413,"Add a new organization to ROR: 
 
Michigan Publishing",University of Michigan,https://ror.org/00jmfr291,https://ror.org/005g7fs66,Michigan Publishing,Child,Release
38413,https://github.com/ror-community/ror-updates/issues/38413,"Add a new organization to ROR: 
 
Michigan Publishing",Michigan Publishing,https://ror.org/005g7fs66,https://ror.org/00rx1p510,University of Michigan Press,Related,Production
38413,https://github.com/ror-community/ror-updates/issues/38413,"Add a new organization to ROR: 
 
Michigan Publishing",University of Michigan Press,https://ror.org/00rx1p510,https://ror.org/005g7fs66,Michigan Publishing,Related,Release
38540,https://github.com/ror-community/ror-updates/issues/38540,"Add a new organization to ROR: 
 
Institute for Humanities and Social Studies",Institute for Humanities and Social Studies,https://ror.org/0585nt370,https://ror.org/0126z4b94,"Academic Center for Education, Culture and Research",Parent,Production
38540,https://github.com/ror-community/ror-updates/issues/38540,"Add a new organization to ROR: 
 
Institute for Humanities and Social Studies","Academic Center for Education, Culture and Research",https://ror.org/0126z4b94,https://ror.org/0585nt370,Institute for Humanities and Social Studies,Child,Release
40324,https://github.com/ror-community/ror-updates/issues/40324,"Add a new organization to ROR: 
 
PEIRENE",PEIRENE,https://ror.org/053x8em07,https://ror.org/02cp04407,Université de Limoges,Parent,Production
40324,https://github.com/ror-community/ror-updates/issues/40324,"Add a new organization to ROR: 
 
PEIRENE",Université de Limoges,https://ror.org/02cp04407,https://ror.org/053x8em07,PEIRENE,Child,Release
40324,https://github.com/ror-community/ror-updates/issues/40324,"Add a new organization to ROR: 
 
PEIRENE",PEIRENE,https://ror.org/053x8em07,https://ror.org/0260bjh30,"Laboratoire des Agroressources, Biomolécules et Chimie pour l’Innovation en Santé",Successor,Production
40324,https://github.com/ror-community/ror-updates/issues/40324,"Add a new organization to ROR: 
 
PEIRENE","Laboratoire des Agroressources, Biomolécules et Chimie pour l’Innovation en Santé",https://ror.org/0260bjh30,https://ror.org/053x8em07,PEIRENE,Predecessor,Release
40324,https://github.com/ror-community/ror-updates/issues/40324,"Add a new organization to ROR: 
 
PEIRENE",PEIRENE,https://ror.org/053x8em07,https://ror.org/00by9h273,Eau Environnement Limoges,Successor,Production
40324,https://github.com/ror-community/ror-updates/issues/40324,"Add a new organization to ROR: 
 
PEIRENE",Eau Environnement Limoges,https://ror.org/00by9h273,https://ror.org/053x8em07,PEIRENE,Predecessor,Release
40329,https://github.com/ror-community/ror-updates/issues/40329,"Add a new organization to ROR: 
 
Ciblage individuel et prévention des risques de traitements immunosupresseurs et de la transplantation",Ciblage individuel et prévention des risques de traitements immunosupresseurs et de la transplantation,https://ror.org/03wbncc78,https://ror.org/02cp04407,Université de Limoges,Parent,Production
40329,https://github.com/ror-community/ror-updates/issues/40329,"Add a new organization to ROR: 
 
Ciblage individuel et prévention des risques de traitements immunosupresseurs et de la transplantation",Université de Limoges,https://ror.org/02cp04407,https://ror.org/03wbncc78,Ciblage individuel et prévention des risques de traitements immunosupresseurs et de la transplantation,Child,Release
40329,https://github.com/ror-community/ror-updates/issues/40329,"Add a new organization to ROR: 
 
Ciblage individuel et prévention des risques de traitements immunosupresseurs et de la transplantation",Ciblage individuel et prévention des risques de traitements immunosupresseurs et de la transplantation,https://ror.org/03wbncc78,https://ror.org/02vjkv261,Inserm,Parent,Production
40329,https://github.com/ror-community/ror-updates/issues/40329,"Add a new organization to ROR: 
 
Ciblage individuel et prévention des risques de traitements immunosupresseurs et de la transplantation",Inserm,https://ror.org/02vjkv261,https://ror.org/03wbncc78,Ciblage individuel et prévention des risques de traitements immunosupresseurs et de la transplantation,Child,Release
40329,https://github.com/ror-community/ror-updates/issues/40329,"Add a new organization to ROR: 
 
Ciblage individuel et prévention des risques de traitements immunosupresseurs et de la transplantation",Ciblage individuel et prévention des risques de traitements immunosupresseurs et de la transplantation,https://ror.org/03wbncc78,https://ror.org/01tc2d264,Centre Hospitalier Universitaire de Limoges,Parent,Production
40329,https://github.com/ror-community/ror-updates/issues/40329,"Add a new organization to ROR: 
 
Ciblage individuel et prévention des risques de traitements immunosupresseurs et de la transplantation",Centre Hospitalier Universitaire de Limoges,https://ror.org/01tc2d264,https://ror.org/03wbncc78,Ciblage individuel et prévention des risques de traitements immunosupresseurs et de la transplantation,Child,Release
40329,https://github.com/ror-community/ror-updates/issues/40329,"Add a new organization to ROR: 
 
Ciblage individuel et prévention des risques de traitements immunosupresseurs et de la transplantation",Ciblage individuel et prévention des risques de traitements immunosupresseurs et de la transplantation,https://ror.org/03wbncc78,https://ror.org/013dngs07,Pharmacologie & Transplantation,Successor,Production
40329,https://github.com/ror-community/ror-updates/issues/40329,"Add a new organization to ROR: 
 
Ciblage individuel et prévention des risques de traitements immunosupresseurs et de la transplantation",Pharmacologie & Transplantation,https://ror.org/013dngs07,https://ror.org/03wbncc78,Ciblage individuel et prévention des risques de traitements immunosupresseurs et de la transplantation,Predecessor,Release
40332,https://github.com/ror-community/ror-updates/issues/40332,"Add a new organization to ROR: 
 
	Maintenance Myélinique et Neuropathies Périphériques",Maintenance Myélinique et Neuropathies Périphériques,https://ror.org/00v7k7x33,https://ror.org/02cp04407,Université de Limoges,Parent,Production
40332,https://github.com/ror-community/ror-updates/issues/40332,"Add a new organization to ROR: 
 
	Maintenance Myélinique et Neuropathies Périphériques",Université de Limoges,https://ror.org/02cp04407,https://ror.org/00v7k7x33,Maintenance Myélinique et Neuropathies Périphériques,Child,Release
40332,https://github.com/ror-community/ror-updates/issues/40332,"Add a new organization to ROR: 
 
	Maintenance Myélinique et Neuropathies Périphériques",Maintenance Myélinique et Neuropathies Périphériques,https://ror.org/00v7k7x33,https://ror.org/040rsxp47,Neuropathies Périphériques et Innovations Thérapeutiques,Successor,Production
40332,https://github.com/ror-community/ror-updates/issues/40332,"Add a new organization to ROR: 
 
	Maintenance Myélinique et Neuropathies Périphériques",Neuropathies Périphériques et Innovations Thérapeutiques,https://ror.org/040rsxp47,https://ror.org/00v7k7x33,Maintenance Myélinique et Neuropathies Périphériques,Predecessor,Release
40522,https://github.com/ror-community/ror-updates/issues/40522,"Add a new organization to ROR: 
 
Centre de recherche en informatique (Paris)",Centre de recherche en informatique (Paris),https://ror.org/03vqacf92,https://ror.org/002t25c44,Université Paris 1 Panthéon-Sorbonne,Parent,Production
40522,https://github.com/ror-community/ror-updates/issues/40522,"Add a new organization to ROR: 
 
Centre de recherche en informatique (Paris)",Université Paris 1 Panthéon-Sorbonne,https://ror.org/002t25c44,https://ror.org/03vqacf92,Centre de recherche en informatique (Paris),Child,Release
40572,https://github.com/ror-community/ror-updates/issues/40572,Add a new organization to ROR: Hospital de Jarrio (Spain),Hospital de Jarrio,https://ror.org/040x3m252,https://ror.org/00kj4ev13,Servicio de Salud del Principado de Asturias,Parent,Production
40572,https://github.com/ror-community/ror-updates/issues/40572,Add a new organization to ROR: Hospital de Jarrio (Spain),Servicio de Salud del Principado de Asturias,https://ror.org/00kj4ev13,https://ror.org/040x3m252,Hospital de Jarrio,Child,Release
40573,https://github.com/ror-community/ror-updates/issues/40573,Add a new organization to ROR: Fundación Hospital de Avilés (Spain),Fundación Hospital de Avilés,https://ror.org/020k2jj97,https://ror.org/00kj4ev13,Servicio de Salud del Principado de Asturias,Related,Production
40573,https://github.com/ror-community/ror-updates/issues/40573,Add a new organization to ROR: Fundación Hospital de Avilés (Spain),Servicio de Salud del Principado de Asturias,https://ror.org/00kj4ev13,https://ror.org/020k2jj97,Fundación Hospital de Avilés,Related,Release
40574,https://github.com/ror-community/ror-updates/issues/40574,Add a new organization to ROR: Hospital Vital Álvarez-Buylla (Spain),Hospital Vital Álvarez-Buylla,https://ror.org/03hp6a618,https://ror.org/00kj4ev13,Servicio de Salud del Principado de Asturias,Parent,Production
40574,https://github.com/ror-community/ror-updates/issues/40574,Add a new organization to ROR: Hospital Vital Álvarez-Buylla (Spain),Servicio de Salud del Principado de Asturias,https://ror.org/00kj4ev13,https://ror.org/03hp6a618,Hospital Vital Álvarez-Buylla,Child,Release
40575,https://github.com/ror-community/ror-updates/issues/40575,Add a new organization to ROR: Hospital de Cruz Roja de Gijón (Spain),Hospital Cruz Roja Española de Gijón,https://ror.org/01qv57a24,https://ror.org/00kj4ev13,Servicio de Salud del Principado de Asturias,Related,Production
40575,https://github.com/ror-community/ror-updates/issues/40575,Add a new organization to ROR: Hospital de Cruz Roja de Gijón (Spain),Servicio de Salud del Principado de Asturias,https://ror.org/00kj4ev13,https://ror.org/01qv57a24,Hospital Cruz Roja Española de Gijón,Related,Release
40644,https://github.com/ror-community/ror-updates/issues/40644,"Add a new organization to ROR: 
 
Centres Científics i Tecnològics de la Universitat de Barcelona",Centres Científics i Tecnològics de la Universitat de Barcelona,https://ror.org/048kkhy84,https://ror.org/021018s57,Universitat de Barcelona,Parent,Production
40644,https://github.com/ror-community/ror-updates/issues/40644,"Add a new organization to ROR: 
 
Centres Científics i Tecnològics de la Universitat de Barcelona",Universitat de Barcelona,https://ror.org/021018s57,https://ror.org/048kkhy84,Centres Científics i Tecnològics de la Universitat de Barcelona,Child,Release
40658,https://github.com/ror-community/ror-updates/issues/40658,"Add a new organization to ROR: 
 
Institut de recherche en droit international et européen de la Sorbonne",Institut de recherche en droit international et européen de la Sorbonne,https://ror.org/01s9f5528,https://ror.org/002t25c44,Université Paris 1 Panthéon-Sorbonne,Parent,Production
40658,https://github.com/ror-community/ror-updates/issues/40658,"Add a new organization to ROR: 
 
Institut de recherche en droit international et européen de la Sorbonne",Université Paris 1 Panthéon-Sorbonne,https://ror.org/002t25c44,https://ror.org/01s9f5528,Institut de recherche en droit international et européen de la Sorbonne,Child,Release
40659,https://github.com/ror-community/ror-updates/issues/40659,"Add a new organization to ROR: 
 
Institut de recherche juridique de la Sorbonne",Institut de recherche juridique de la Sorbonne,https://ror.org/028maqp62,https://ror.org/002t25c44,Université Paris 1 Panthéon-Sorbonne,Parent,Production
40659,https://github.com/ror-community/ror-updates/issues/40659,"Add a new organization to ROR: 
 
Institut de recherche juridique de la Sorbonne",Université Paris 1 Panthéon-Sorbonne,https://ror.org/002t25c44,https://ror.org/028maqp62,Institut de recherche juridique de la Sorbonne,Child,Release
40660,https://github.com/ror-community/ror-updates/issues/40660,"Add a new organization to ROR: 
 
Universidad Nacional Autónoma de México, Facultad de Estudios Superiores Iztacala","Universidad Nacional Autónoma de México, Facultad de Estudios Superiores Iztacala",https://ror.org/04h0jke78,https://ror.org/01tmp8f25,Universidad Nacional Autónoma de México,Parent,Production
40660,https://github.com/ror-community/ror-updates/issues/40660,"Add a new organization to ROR: 
 
Universidad Nacional Autónoma de México, Facultad de Estudios Superiores Iztacala",Universidad Nacional Autónoma de México,https://ror.org/01tmp8f25,https://ror.org/04h0jke78,"Universidad Nacional Autónoma de México, Facultad de Estudios Superiores Iztacala",Child,Release
39296,https://github.com/ror-community/ror-updates/issues/39296,"Add a new organization to ROR: 
 
Stem Cell Disease Modelling Laboratory",Stem Cell Disease Modelling Laboratory,https://ror.org/05cj91009,https://ror.org/01ej9dk98,The University of Melbourne,Parent,Production
39296,https://github.com/ror-community/ror-updates/issues/39296,"Add a new organization to ROR: 
 
Stem Cell Disease Modelling Laboratory",The University of Melbourne,https://ror.org/01ej9dk98,https://ror.org/05cj91009,Stem Cell Disease Modelling Laboratory,Child,Release
39296,https://github.com/ror-community/ror-updates/issues/39296,"Add a new organization to ROR: 
 
Stem Cell Disease Modelling Laboratory",Stem Cell Disease Modelling Laboratory,https://ror.org/05cj91009,https://ror.org/0201hm243,Phenomics Australia,Related,Production
39296,https://github.com/ror-community/ror-updates/issues/39296,"Add a new organization to ROR: 
 
Stem Cell Disease Modelling Laboratory",Phenomics Australia,https://ror.org/0201hm243,https://ror.org/05cj91009,Stem Cell Disease Modelling Laboratory,Related,Release
39225,https://github.com/ror-community/ror-updates/issues/39225,"Add a new organization to ROR: 
 
Kurdistan Agricultural and Natural Resources Research and Education Center, Agricultural Research, Education and .Extension Organization (AREEO), Sanandaj, Iran",Kurdistan Agricultural and Natural Resources Research and Education Center,https://ror.org/004x3qe20,https://ror.org/032hv6w38,Agricultural Research & Education Organization,Parent,Production
39225,https://github.com/ror-community/ror-updates/issues/39225,"Add a new organization to ROR: 
 
Kurdistan Agricultural and Natural Resources Research and Education Center, Agricultural Research, Education and .Extension Organization (AREEO), Sanandaj, Iran",Agricultural Research & Education Organization,https://ror.org/032hv6w38,https://ror.org/004x3qe20,Kurdistan Agricultural and Natural Resources Research and Education Center,Child,Release
39181,https://github.com/ror-community/ror-updates/issues/39181,"Add a new organization to ROR: 
 
EUROPEAN RESEARCH COLLEGE LONDON LTD",European Research College London,https://ror.org/012xf2079,https://ror.org/00hjhrf26,European Research University,Parent,Production
39181,https://github.com/ror-community/ror-updates/issues/39181,"Add a new organization to ROR: 
 
EUROPEAN RESEARCH COLLEGE LONDON LTD",European Research University,https://ror.org/00hjhrf26,https://ror.org/012xf2079,European Research College London,Child,Release
39804,https://github.com/ror-community/ror-updates/issues/39804,"Add a new organization to ROR: 
 
PTT Bilgi Teknolojileri A.Ş.",PTT Bilgi Teknolojileri A.Ş. (Türkiye),https://ror.org/00ydvm368,https://ror.org/03zqjy339,PTT,Related,Production
39804,https://github.com/ror-community/ror-updates/issues/39804,"Add a new organization to ROR: 
 
PTT Bilgi Teknolojileri A.Ş.",PTT,https://ror.org/03zqjy339,https://ror.org/00ydvm368,PTT Bilgi Teknolojileri A.Ş. (Türkiye),Related,Release
39653,https://github.com/ror-community/ror-updates/issues/39653,"Add a new organization to ROR: 
 
International Academy of Cardiovascular Sciences",International Academy of Cardiovascular Sciences,https://ror.org/03xjc7t06,https://ror.org/02xerpt86,St. Boniface Hospital,Related,Production
39653,https://github.com/ror-community/ror-updates/issues/39653,"Add a new organization to ROR: 
 
International Academy of Cardiovascular Sciences",St. Boniface Hospital,https://ror.org/02xerpt86,https://ror.org/03xjc7t06,International Academy of Cardiovascular Sciences,Related,Release
39653,https://github.com/ror-community/ror-updates/issues/39653,"Add a new organization to ROR: 
 
International Academy of Cardiovascular Sciences",International Academy of Cardiovascular Sciences,https://ror.org/03xjc7t06,https://ror.org/02gfys938,University of Manitoba,Related,Production
39653,https://github.com/ror-community/ror-updates/issues/39653,"Add a new organization to ROR: 
 
International Academy of Cardiovascular Sciences",University of Manitoba,https://ror.org/02gfys938,https://ror.org/03xjc7t06,International Academy of Cardiovascular Sciences,Related,Release
39373,https://github.com/ror-community/ror-updates/issues/39373,"Add a new organization to ROR: Karmaveer Bhaurao Patil University, Satara (India)","Karmaveer Bhaurao Patil University, Satara",https://ror.org/03vgp7623,https://ror.org/034ffw198,Rayat Shikshan Sanstha,Parent,Production
39373,https://github.com/ror-community/ror-updates/issues/39373,"Add a new organization to ROR: Karmaveer Bhaurao Patil University, Satara (India)",Rayat Shikshan Sanstha,https://ror.org/034ffw198,https://ror.org/03vgp7623,"Karmaveer Bhaurao Patil University, Satara",Child,Release
40729,https://github.com/ror-community/ror-updates/issues/40729,Add a new organization to ROR: Shimane Medical University (Japan),Shimane Medical University,https://ror.org/04kg5pk90,https://ror.org/01jaaym28,Shimane University,Successor,Production
40729,https://github.com/ror-community/ror-updates/issues/40729,Add a new organization to ROR: Shimane Medical University (Japan),Shimane University,https://ror.org/01jaaym28,https://ror.org/04kg5pk90,Shimane Medical University,Predecessor,Release
40782,https://github.com/ror-community/ror-updates/issues/40782,Add a new organization to ROR: Hopkins Memorial Forest (United States),Hopkins Memorial Forest,https://ror.org/04zn5ec60,https://ror.org/04avkmd49,Williams College,Parent,Production
40782,https://github.com/ror-community/ror-updates/issues/40782,Add a new organization to ROR: Hopkins Memorial Forest (United States),Williams College,https://ror.org/04avkmd49,https://ror.org/04zn5ec60,Hopkins Memorial Forest,Child,Release
40783,https://github.com/ror-community/ror-updates/issues/40783,Add a new organization to ROR: Rice Creek Field Station (United States),Rice Creek Field Station,https://ror.org/05ak7b142,https://ror.org/01597g643,State University of New York at Oswego,Parent,Production
40783,https://github.com/ror-community/ror-updates/issues/40783,Add a new organization to ROR: Rice Creek Field Station (United States),State University of New York at Oswego,https://ror.org/01597g643,https://ror.org/05ak7b142,Rice Creek Field Station,Child,Release
40741,https://github.com/ror-community/ror-updates/issues/40741,Add a new organization to ROR: Embrapa Acre (Brazil),Embrapa Acre,https://ror.org/00hq8d042,https://ror.org/0482b5b22,Brazilian Agricultural Research Corporation,Parent,Production
40741,https://github.com/ror-community/ror-updates/issues/40741,Add a new organization to ROR: Embrapa Acre (Brazil),Brazilian Agricultural Research Corporation,https://ror.org/0482b5b22,https://ror.org/00hq8d042,Embrapa Acre,Child,Release
40741,https://github.com/ror-community/ror-updates/issues/40741,Add a new organization to ROR: Embrapa Acre (Brazil),Embrapa Acre,https://ror.org/00hq8d042,https://ror.org/04mj0y667,"Ministry of Agriculture, Livestock, and Food Supply",Related,Production
40741,https://github.com/ror-community/ror-updates/issues/40741,Add a new organization to ROR: Embrapa Acre (Brazil),"Ministry of Agriculture, Livestock, and Food Supply",https://ror.org/04mj0y667,https://ror.org/00hq8d042,Embrapa Acre,Related,Release
41004,https://github.com/ror-community/ror-updates/issues/41004,Add a new organization to ROR: Alberta Health Services North Zone (Canada),Alberta Health Services North Zone,https://ror.org/010zb3f51,https://ror.org/02nt5es71,Alberta Health Services,Parent,Production
41004,https://github.com/ror-community/ror-updates/issues/41004,Add a new organization to ROR: Alberta Health Services North Zone (Canada),Alberta Health Services,https://ror.org/02nt5es71,https://ror.org/010zb3f51,Alberta Health Services North Zone,Child,Release
41005,https://github.com/ror-community/ror-updates/issues/41005,Add a new organization to ROR: Centre d'analyse des politiques publiques (Canada),Centre d'analyse des politiques publiques,https://ror.org/045jh4194,https://ror.org/04sjchr03,Université Laval,Parent,Production
41005,https://github.com/ror-community/ror-updates/issues/41005,Add a new organization to ROR: Centre d'analyse des politiques publiques (Canada),Université Laval,https://ror.org/04sjchr03,https://ror.org/045jh4194,Centre d'analyse des politiques publiques,Child,Release
40932,https://github.com/ror-community/ror-updates/issues/40932,Add a new organization to ROR: Good Housekeeping (United States),Good Housekeeping (United States),https://ror.org/03pvbr875,https://ror.org/006s3gt16,Hearst (United States),Parent,Production
40932,https://github.com/ror-community/ror-updates/issues/40932,Add a new organization to ROR: Good Housekeeping (United States),Hearst (United States),https://ror.org/006s3gt16,https://ror.org/03pvbr875,Good Housekeeping (United States),Child,Release
40755,https://github.com/ror-community/ror-updates/issues/40755,Add a new organization to ROR: Embrapa Fisheries and Aquaculture (Brazil),Embrapa Pesca e Aquicultura,https://ror.org/02pt0rz79,https://ror.org/0482b5b22,Brazilian Agricultural Research Corporation,Parent,Production
40755,https://github.com/ror-community/ror-updates/issues/40755,Add a new organization to ROR: Embrapa Fisheries and Aquaculture (Brazil),Brazilian Agricultural Research Corporation,https://ror.org/0482b5b22,https://ror.org/02pt0rz79,Embrapa Pesca e Aquicultura,Child,Release
40695,https://github.com/ror-community/ror-updates/issues/40695,"Add a new organization to ROR: 
 
CTNNB1 Foundation, The Gene Therapy Research Institute",CTNNB1 Foundation,https://ror.org/04s8y1677,https://ror.org/01nr6fy72,Ljubljana University Medical Centre,Related,Production
40695,https://github.com/ror-community/ror-updates/issues/40695,"Add a new organization to ROR: 
 
CTNNB1 Foundation, The Gene Therapy Research Institute",Ljubljana University Medical Centre,https://ror.org/01nr6fy72,https://ror.org/04s8y1677,CTNNB1 Foundation,Related,Release
40695,https://github.com/ror-community/ror-updates/issues/40695,"Add a new organization to ROR: 
 
CTNNB1 Foundation, The Gene Therapy Research Institute",CTNNB1 Foundation,https://ror.org/04s8y1677,https://ror.org/050mac570,National Institute of Chemistry,Related,Production
40695,https://github.com/ror-community/ror-updates/issues/40695,"Add a new organization to ROR: 
 
CTNNB1 Foundation, The Gene Therapy Research Institute",National Institute of Chemistry,https://ror.org/050mac570,https://ror.org/04s8y1677,CTNNB1 Foundation,Related,Release
41122,https://github.com/ror-community/ror-updates/issues/41122,Add a new organization to ROR: Shenzhen Audencia Financial Technology Institute (China),Shenzhen Audencia Financial Technology Institute,https://ror.org/00tjwb927,https://ror.org/01vy4gh70,Shenzhen University,Parent,Production
41122,https://github.com/ror-community/ror-updates/issues/41122,Add a new organization to ROR: Shenzhen Audencia Financial Technology Institute (China),Shenzhen University,https://ror.org/01vy4gh70,https://ror.org/00tjwb927,Shenzhen Audencia Financial Technology Institute,Child,Release
41122,https://github.com/ror-community/ror-updates/issues/41122,Add a new organization to ROR: Shenzhen Audencia Financial Technology Institute (China),Shenzhen Audencia Financial Technology Institute,https://ror.org/00tjwb927,https://ror.org/000axn811,Audencia Business School,Parent,Production
41122,https://github.com/ror-community/ror-updates/issues/41122,Add a new organization to ROR: Shenzhen Audencia Financial Technology Institute (China),Audencia Business School,https://ror.org/000axn811,https://ror.org/00tjwb927,Shenzhen Audencia Financial Technology Institute,Child,Release
41109,https://github.com/ror-community/ror-updates/issues/41109,Add a new organization to ROR: Kenai Fjords National Park,Kenai Fjords National Park,https://ror.org/019mb0g65,https://ror.org/044zqqy65,National Park Service,Parent,Production
41109,https://github.com/ror-community/ror-updates/issues/41109,Add a new organization to ROR: Kenai Fjords National Park,National Park Service,https://ror.org/044zqqy65,https://ror.org/019mb0g65,Kenai Fjords National Park,Child,Release
41110,https://github.com/ror-community/ror-updates/issues/41110,Add a new organization to ROR: Kings Canyon National Park,Kings Canyon National Park,https://ror.org/03er63k37,https://ror.org/044zqqy65,National Park Service,Parent,Production
41110,https://github.com/ror-community/ror-updates/issues/41110,Add a new organization to ROR: Kings Canyon National Park,National Park Service,https://ror.org/044zqqy65,https://ror.org/03er63k37,Kings Canyon National Park,Child,Release
34503,https://github.com/ror-community/ror-updates/issues/34503,"Add a new organization to ROR: 
 
St.Xavier's College (Autonomous), Burdwan","St. Xavier's College (Autonomous), Burdwan",https://ror.org/00zpvzc35,https://ror.org/05cyd8v32,University of Burdwan,Related,Production
34503,https://github.com/ror-community/ror-updates/issues/34503,"Add a new organization to ROR: 
 
St.Xavier's College (Autonomous), Burdwan",University of Burdwan,https://ror.org/05cyd8v32,https://ror.org/00zpvzc35,"St. Xavier's College (Autonomous), Burdwan",Related,Release
40706,https://github.com/ror-community/ror-updates/issues/40706,"Add a new organization to ROR: 
 
Centre d’Etudes et de Recherches Juridiques en Droit des Affaires",Centre d’Etudes et de Recherches Juridiques en Droit des Affaires,https://ror.org/00gx7c060,https://ror.org/02ryfmr77,Université des Antilles,Parent,Production
40706,https://github.com/ror-community/ror-updates/issues/40706,"Add a new organization to ROR: 
 
Centre d’Etudes et de Recherches Juridiques en Droit des Affaires",Université des Antilles,https://ror.org/02ryfmr77,https://ror.org/00gx7c060,Centre d’Etudes et de Recherches Juridiques en Droit des Affaires,Child,Release
40709,https://github.com/ror-community/ror-updates/issues/40709,"Add a new organization to ROR: 
 
Equipe interdisciplinaire de recherches sur le tourisme",Equipe interdisciplinaire de recherches sur le tourisme,https://ror.org/046s1hz59,https://ror.org/002t25c44,Université Paris 1 Panthéon-Sorbonne,Parent,Production
40709,https://github.com/ror-community/ror-updates/issues/40709,"Add a new organization to ROR: 
 
Equipe interdisciplinaire de recherches sur le tourisme",Université Paris 1 Panthéon-Sorbonne,https://ror.org/002t25c44,https://ror.org/046s1hz59,Equipe interdisciplinaire de recherches sur le tourisme,Child,Release
40732,https://github.com/ror-community/ror-updates/issues/40732,"Add a new organization to ROR: 
 
Dresden Center for Nanoanalysis",Dresden Center for Nanoanalysis,https://ror.org/01qxdbm71,https://ror.org/00g3vrr12,Center for Advancing Electronics Dresden,Parent,Production
40732,https://github.com/ror-community/ror-updates/issues/40732,"Add a new organization to ROR: 
 
Dresden Center for Nanoanalysis",Center for Advancing Electronics Dresden,https://ror.org/00g3vrr12,https://ror.org/01qxdbm71,Dresden Center for Nanoanalysis,Child,Release
39435,https://github.com/ror-community/ror-updates/issues/39435,"Add a new organization to ROR: 
 
TITANE: Modélisation, traitement et apprentissage 3D","TITANE: Modélisation, traitement et apprentissage 3D",https://ror.org/05aa6tr52,https://ror.org/01nzkaw91,Centre Inria d'Université Côte d'Azur,Parent,Production
39435,https://github.com/ror-community/ror-updates/issues/39435,"Add a new organization to ROR: 
 
TITANE: Modélisation, traitement et apprentissage 3D",Centre Inria d'Université Côte d'Azur,https://ror.org/01nzkaw91,https://ror.org/05aa6tr52,"TITANE: Modélisation, traitement et apprentissage 3D",Child,Release
40838,https://github.com/ror-community/ror-updates/issues/40838,Add a new organization to ROR: CBS News (United States),CBS News (United States),https://ror.org/05pndp722,https://ror.org/05f5ptb49,CBS Corporation (United States),Parent,Production
40838,https://github.com/ror-community/ror-updates/issues/40838,Add a new organization to ROR: CBS News (United States),CBS Corporation (United States),https://ror.org/05f5ptb49,https://ror.org/05pndp722,CBS News (United States),Child,Release
34362,https://github.com/ror-community/ror-updates/issues/34362,Add a new organization to ROR: Dumkal Institute of Engineering & Technology (India),Dumkal Institute of Engineering & Technology,https://ror.org/00kqmky15,https://ror.org/030tcae29,"Maulana Abul Kalam Azad University of Technology, West Bengal",Related,Production
34362,https://github.com/ror-community/ror-updates/issues/34362,Add a new organization to ROR: Dumkal Institute of Engineering & Technology (India),"Maulana Abul Kalam Azad University of Technology, West Bengal",https://ror.org/030tcae29,https://ror.org/00kqmky15,Dumkal Institute of Engineering & Technology,Related,Release
41238,https://github.com/ror-community/ror-updates/issues/41238,Modify the information in an existing ROR record: Observatoire des Sciences de l'Environnement de Rennes - https://ror.org/05pwkex33,Observatoire des Sciences de l'Environnement de Rennes,https://ror.org/05pwkex33,https://ror.org/022b0h879,Institut de Physique de Rennes,Child,Production
41238,https://github.com/ror-community/ror-updates/issues/41238,Modify the information in an existing ROR record: Observatoire des Sciences de l'Environnement de Rennes - https://ror.org/05pwkex33,Institut de Physique de Rennes,https://ror.org/022b0h879,https://ror.org/05pwkex33,Observatoire des Sciences de l'Environnement de Rennes,Parent,Release
37101,https://github.com/ror-community/ror-updates/issues/37101,Add a new organization to ROR: Institute of Lawmaking and Scientific-Legal Expertises of National Academy of Sciences of Ukraine (Ukraine),Institute of Lawmaking and Scientific-Legal Expertises of National Academy of Sciences of Ukraine,https://ror.org/024477m37,https://ror.org/00je4t102,National Academy of Sciences of Ukraine,Parent,Production
37101,https://github.com/ror-community/ror-updates/issues/37101,Add a new organization to ROR: Institute of Lawmaking and Scientific-Legal Expertises of National Academy of Sciences of Ukraine (Ukraine),National Academy of Sciences of Ukraine,https://ror.org/00je4t102,https://ror.org/024477m37,Institute of Lawmaking and Scientific-Legal Expertises of National Academy of Sciences of Ukraine,Child,Release
41265,https://github.com/ror-community/ror-updates/issues/41265,Add a new organization to ROR: Dutch Caribbean Digital Competence Network (Aruba),Dutch Caribbean Digital Competence Network,https://ror.org/02z259g72,https://ror.org/05cdyhf91,University of Aruba,Related,Production
41265,https://github.com/ror-community/ror-updates/issues/41265,Add a new organization to ROR: Dutch Caribbean Digital Competence Network (Aruba),University of Aruba,https://ror.org/05cdyhf91,https://ror.org/02z259g72,Dutch Caribbean Digital Competence Network,Related,Release
41265,https://github.com/ror-community/ror-updates/issues/41265,Add a new organization to ROR: Dutch Caribbean Digital Competence Network (Aruba),Dutch Caribbean Digital Competence Network,https://ror.org/02z259g72,https://ror.org/02a46nr93,University of Curaçao,Related,Production
41265,https://github.com/ror-community/ror-updates/issues/41265,Add a new organization to ROR: Dutch Caribbean Digital Competence Network (Aruba),University of Curaçao,https://ror.org/02a46nr93,https://ror.org/02z259g72,Dutch Caribbean Digital Competence Network,Related,Release
41269,https://github.com/ror-community/ror-updates/issues/41269,Add a new organization to ROR: Geological Survey of Newfoundland and Labrador (Canada),Geological Survey of Newfoundland and Labrador,https://ror.org/0295wwp09,https://ror.org/01jet5b79,Government of Newfoundland and Labrador,Parent,Production
41269,https://github.com/ror-community/ror-updates/issues/41269,Add a new organization to ROR: Geological Survey of Newfoundland and Labrador (Canada),Government of Newfoundland and Labrador,https://ror.org/01jet5b79,https://ror.org/0295wwp09,Geological Survey of Newfoundland and Labrador,Child,Release
41283,https://github.com/ror-community/ror-updates/issues/41283,Modify the information in an existing ROR record: Xinhua College of Ningxia University - https://ror.org/04qj1ts81,Xinhua College of Ningxia University,https://ror.org/04qj1ts81,https://ror.org/04j7b2v61,Ningxia University,Parent,Production
41283,https://github.com/ror-community/ror-updates/issues/41283,Modify the information in an existing ROR record: Xinhua College of Ningxia University - https://ror.org/04qj1ts81,Ningxia University,https://ror.org/04j7b2v61,https://ror.org/04qj1ts81,Xinhua College of Ningxia University,Child,Release
39644,https://github.com/ror-community/ror-updates/issues/39644,"Add a new organization to ROR: 
 
State Institution “The National Institute of Traumatology and Orthopedics” of the National Academy of Medical Sciences of Ukraine""",State Institution “National Institute of Traumatology and Orthopedics of the National Academy of Medical Sciences of Ukraine”,https://ror.org/026y64y79,https://ror.org/042dnf796,National Academy of Medical Sciences of Ukraine,Parent,Production
39644,https://github.com/ror-community/ror-updates/issues/39644,"Add a new organization to ROR: 
 
State Institution “The National Institute of Traumatology and Orthopedics” of the National Academy of Medical Sciences of Ukraine""",National Academy of Medical Sciences of Ukraine,https://ror.org/042dnf796,https://ror.org/026y64y79,State Institution “National Institute of Traumatology and Orthopedics of the National Academy of Medical Sciences of Ukraine”,Child,Release
25983,https://github.com/ror-community/ror-updates/issues/25983,Add a new organization to ROR: Scanlon Foundation Research Institute (Australia),Scanlon Foundation Research Institute,https://ror.org/04fpwnx27,https://ror.org/026yc4h19,Scanlon Foundation,Parent,Production
25983,https://github.com/ror-community/ror-updates/issues/25983,Add a new organization to ROR: Scanlon Foundation Research Institute (Australia),Scanlon Foundation,https://ror.org/026yc4h19,https://ror.org/04fpwnx27,Scanlon Foundation Research Institute,Child,Release
30640,https://github.com/ror-community/ror-updates/issues/30640,Add a new organization to ROR: Hospital Zonal General de Agudos Dr. Arturo Oñativia (Argentina),Hospital Zonal General de Agudos Dr. Arturo Oñativia,https://ror.org/040179b85,https://ror.org/05evttw71,Ministerio de Salud - Provincia de Buenos Aires,Parent,Production
30640,https://github.com/ror-community/ror-updates/issues/30640,Add a new organization to ROR: Hospital Zonal General de Agudos Dr. Arturo Oñativia (Argentina),Ministerio de Salud - Provincia de Buenos Aires,https://ror.org/05evttw71,https://ror.org/040179b85,Hospital Zonal General de Agudos Dr. Arturo Oñativia,Child,Release
30673,https://github.com/ror-community/ror-updates/issues/30673,"Add a new organization to ROR: Government Graduate College, Mandi Bahauddin (Pakistan)","Government Graduate College, Mandi Bahauddin",https://ror.org/0209pjd18,https://ror.org/011maz450,University of the Punjab,Related,Production
30673,https://github.com/ror-community/ror-updates/issues/30673,"Add a new organization to ROR: Government Graduate College, Mandi Bahauddin (Pakistan)",University of the Punjab,https://ror.org/011maz450,https://ror.org/0209pjd18,"Government Graduate College, Mandi Bahauddin",Related,Release
30756,https://github.com/ror-community/ror-updates/issues/30756,Add a new organization to ROR: O. O. Potebnia Institute of Linguistics of the National Academy of Sciences of Ukraine (Ukraine),O. O. Potebnia Institute of Linguistics of the National Academy of Sciences of Ukraine,https://ror.org/04cq75n53,https://ror.org/00je4t102,National Academy of Sciences of Ukraine,Parent,Production
30756,https://github.com/ror-community/ror-updates/issues/30756,Add a new organization to ROR: O. O. Potebnia Institute of Linguistics of the National Academy of Sciences of Ukraine (Ukraine),National Academy of Sciences of Ukraine,https://ror.org/00je4t102,https://ror.org/04cq75n53,O. O. Potebnia Institute of Linguistics of the National Academy of Sciences of Ukraine,Child,Release
31372,https://github.com/ror-community/ror-updates/issues/31372,"Add a new organization to ROR: M.P. Semenenko Institute of Geochemistry, Mineralogy and Ore Formation of NAS of Ukraine (Ukraine)","M.P. Semenenko Institute of Geochemistry, Mineralogy and Ore Formation of NAS of Ukraine",https://ror.org/04tg6aw54,https://ror.org/00je4t102,National Academy of Sciences of Ukraine,Parent,Production
31372,https://github.com/ror-community/ror-updates/issues/31372,"Add a new organization to ROR: M.P. Semenenko Institute of Geochemistry, Mineralogy and Ore Formation of NAS of Ukraine (Ukraine)",National Academy of Sciences of Ukraine,https://ror.org/00je4t102,https://ror.org/04tg6aw54,"M.P. Semenenko Institute of Geochemistry, Mineralogy and Ore Formation of NAS of Ukraine",Child,Release
31386,https://github.com/ror-community/ror-updates/issues/31386,"Add a new organization to ROR: Mahatma Gandhi College, Darbhanga (India)","Mahatma Gandhi College, Darbhanga",https://ror.org/03gtxjd05,https://ror.org/00pqvmk25,Lalit Narayan Mithila University,Related,Production
31386,https://github.com/ror-community/ror-updates/issues/31386,"Add a new organization to ROR: Mahatma Gandhi College, Darbhanga (India)",Lalit Narayan Mithila University,https://ror.org/00pqvmk25,https://ror.org/03gtxjd05,"Mahatma Gandhi College, Darbhanga",Related,Release
31503,https://github.com/ror-community/ror-updates/issues/31503,Add a new organization to ROR: PRISM (Plateforme de Recherche en Imagerie et Spectroscopie Multimodales) (France),PRISM,https://ror.org/05nvd9v97,https://ror.org/003vg9w96,"Institut National de Recherche pour l'Agriculture, l'Alimentation et l'Environnement",Parent,Production
31503,https://github.com/ror-community/ror-updates/issues/31503,Add a new organization to ROR: PRISM (Plateforme de Recherche en Imagerie et Spectroscopie Multimodales) (France),"Institut National de Recherche pour l'Agriculture, l'Alimentation et l'Environnement",https://ror.org/003vg9w96,https://ror.org/05nvd9v97,PRISM,Child,Release
31503,https://github.com/ror-community/ror-updates/issues/31503,Add a new organization to ROR: PRISM (Plateforme de Recherche en Imagerie et Spectroscopie Multimodales) (France),PRISM,https://ror.org/05nvd9v97,https://ror.org/015m7wh34,Université de Rennes,Parent,Production
31503,https://github.com/ror-community/ror-updates/issues/31503,Add a new organization to ROR: PRISM (Plateforme de Recherche en Imagerie et Spectroscopie Multimodales) (France),Université de Rennes,https://ror.org/015m7wh34,https://ror.org/05nvd9v97,PRISM,Child,Release
31503,https://github.com/ror-community/ror-updates/issues/31503,Add a new organization to ROR: PRISM (Plateforme de Recherche en Imagerie et Spectroscopie Multimodales) (France),PRISM,https://ror.org/05nvd9v97,https://ror.org/04yrqp957,Université d'Angers,Parent,Production
31503,https://github.com/ror-community/ror-updates/issues/31503,Add a new organization to ROR: PRISM (Plateforme de Recherche en Imagerie et Spectroscopie Multimodales) (France),Université d'Angers,https://ror.org/04yrqp957,https://ror.org/05nvd9v97,PRISM,Child,Release
31542,https://github.com/ror-community/ror-updates/issues/31542,Add a new organization to ROR: Stephens College of Pharmacy (India),Stephens College of Pharmacy,https://ror.org/01rda2q45,https://ror.org/03cxje698,Stephens Group of Institutions,Parent,Production
31542,https://github.com/ror-community/ror-updates/issues/31542,Add a new organization to ROR: Stephens College of Pharmacy (India),Stephens Group of Institutions,https://ror.org/03cxje698,https://ror.org/01rda2q45,Stephens College of Pharmacy,Child,Release
31542,https://github.com/ror-community/ror-updates/issues/31542,Add a new organization to ROR: Stephens College of Pharmacy (India),Stephens College of Pharmacy,https://ror.org/01rda2q45,https://ror.org/02retg991,University of Jammu,Related,Production
31542,https://github.com/ror-community/ror-updates/issues/31542,Add a new organization to ROR: Stephens College of Pharmacy (India),University of Jammu,https://ror.org/02retg991,https://ror.org/01rda2q45,Stephens College of Pharmacy,Related,Release
31976,https://github.com/ror-community/ror-updates/issues/31976,"Add a new organization to ROR: 
 
Shahid Padmdhar Singh Government Autonomous PG College Satna ","Shaheed Padamdhar Singh Government Post-Graduate College, Satna",https://ror.org/025bp6t82,https://ror.org/03n20pp93,Awadhesh Pratap Singh University,Related,Production
31976,https://github.com/ror-community/ror-updates/issues/31976,"Add a new organization to ROR: 
 
Shahid Padmdhar Singh Government Autonomous PG College Satna ",Awadhesh Pratap Singh University,https://ror.org/03n20pp93,https://ror.org/025bp6t82,"Shaheed Padamdhar Singh Government Post-Graduate College, Satna",Related,Release
40899,https://github.com/ror-community/ror-updates/issues/40899,Add a new organization to ROR: Edison Research (United States),Edison Research at SSRS (United States),https://ror.org/035j5ph62,https://ror.org/02ajkzj32,Social Science Research Solutions (United States),Parent,Production
40899,https://github.com/ror-community/ror-updates/issues/40899,Add a new organization to ROR: Edison Research (United States),Social Science Research Solutions (United States),https://ror.org/02ajkzj32,https://ror.org/035j5ph62,Edison Research at SSRS (United States),Child,Release
40885,https://github.com/ror-community/ror-updates/issues/40885,Add a new organization to ROR: Office of Special Education Programs (United States),Office of Special Education Programs,https://ror.org/05wxnb224,https://ror.org/031s4pb13,Office of Special Education and Rehabilitative Services,Parent,Production
40885,https://github.com/ror-community/ror-updates/issues/40885,Add a new organization to ROR: Office of Special Education Programs (United States),Office of Special Education and Rehabilitative Services,https://ror.org/031s4pb13,https://ror.org/05wxnb224,Office of Special Education Programs,Child,Release
40889,https://github.com/ror-community/ror-updates/issues/40889,Add a new organization to ROR: Department of Census (Taiwan),Department of Census,https://ror.org/043kvs625,https://ror.org/047sxv749,"Directorate General of Budget, Accounting and Statistics, Executive Yuan, R.O.C.",Parent,Release
40889,https://github.com/ror-community/ror-updates/issues/40889,Add a new organization to ROR: Department of Census (Taiwan),"Directorate General of Budget, Accounting and Statistics, Executive Yuan, R.O.C.",https://ror.org/047sxv749,https://ror.org/043kvs625,Department of Census,Child,Release
40856,https://github.com/ror-community/ror-updates/issues/40856,"Add a new organization to ROR: Directorate-General of Budget, Accounting and Statistics (Taiwan)","Directorate General of Budget, Accounting and Statistics, Executive Yuan, R.O.C.",https://ror.org/047sxv749,https://ror.org/05t0w3074,Government of the Republic of China,Parent,Production
40856,https://github.com/ror-community/ror-updates/issues/40856,"Add a new organization to ROR: Directorate-General of Budget, Accounting and Statistics (Taiwan)",Government of the Republic of China,https://ror.org/05t0w3074,https://ror.org/047sxv749,"Directorate General of Budget, Accounting and Statistics, Executive Yuan, R.O.C.",Child,Release
40881,https://github.com/ror-community/ror-updates/issues/40881,Add a new organization to ROR: Crimes against Children Research Center (United States),Crimes against Children Research Center,https://ror.org/002x5h253,https://ror.org/01rmh9n78,University of New Hampshire,Parent,Production
40881,https://github.com/ror-community/ror-updates/issues/40881,Add a new organization to ROR: Crimes against Children Research Center (United States),University of New Hampshire,https://ror.org/01rmh9n78,https://ror.org/002x5h253,Crimes against Children Research Center,Child,Release
40874,https://github.com/ror-community/ror-updates/issues/40874,Add a new organization to ROR: Conference of State Court Administrators (United States),Conference of State Court Administrators,https://ror.org/00yh30h36,https://ror.org/049c2z606,National Center for State Courts,Related,Production
40874,https://github.com/ror-community/ror-updates/issues/40874,Add a new organization to ROR: Conference of State Court Administrators (United States),National Center for State Courts,https://ror.org/049c2z606,https://ror.org/00yh30h36,Conference of State Court Administrators,Related,Release
40873,https://github.com/ror-community/ror-updates/issues/40873,Add a new organization to ROR: Comparative Study of Electoral Systems (United States),Comparative Study of Election Surveys,https://ror.org/03rntae66,https://ror.org/018afyw53,GESIS - Leibniz Institute for the Social Sciences,Related,Production
40873,https://github.com/ror-community/ror-updates/issues/40873,Add a new organization to ROR: Comparative Study of Electoral Systems (United States),GESIS - Leibniz Institute for the Social Sciences,https://ror.org/018afyw53,https://ror.org/03rntae66,Comparative Study of Election Surveys,Related,Release
40873,https://github.com/ror-community/ror-updates/issues/40873,Add a new organization to ROR: Comparative Study of Electoral Systems (United States),Comparative Study of Election Surveys,https://ror.org/03rntae66,https://ror.org/02vm5rt34,Vanderbilt University,Related,Production
40873,https://github.com/ror-community/ror-updates/issues/40873,Add a new organization to ROR: Comparative Study of Electoral Systems (United States),Vanderbilt University,https://ror.org/02vm5rt34,https://ror.org/03rntae66,Comparative Study of Election Surveys,Related,Release
32368,https://github.com/ror-community/ror-updates/issues/32368,"Add a new organization to ROR: 
 
Medavie Foundation",Medavie Foundation,https://ror.org/00k3kkr85,https://ror.org/0511nn663,Medavie Blue Cross,Related,Production
32368,https://github.com/ror-community/ror-updates/issues/32368,"Add a new organization to ROR: 
 
Medavie Foundation",Medavie Blue Cross,https://ror.org/0511nn663,https://ror.org/00k3kkr85,Medavie Foundation,Related,Release
32394,https://github.com/ror-community/ror-updates/issues/32394,"Add a new organization to ROR: 
 
Department of Education - Schools Division of Rizal",Department of Education - Schools Division of Rizal,https://ror.org/0296jys27,https://ror.org/029705428,Department of Education,Parent,Production
32394,https://github.com/ror-community/ror-updates/issues/32394,"Add a new organization to ROR: 
 
Department of Education - Schools Division of Rizal",Department of Education,https://ror.org/029705428,https://ror.org/0296jys27,Department of Education - Schools Division of Rizal,Child,Release
32489,https://github.com/ror-community/ror-updates/issues/32489,"Add a new organization to ROR: 
 
The University of Keele, Greece - ULE",Keele University Greece,https://ror.org/058gffr10,https://ror.org/00340yn33,Keele University,Parent,Production
32489,https://github.com/ror-community/ror-updates/issues/32489,"Add a new organization to ROR: 
 
The University of Keele, Greece - ULE",Keele University,https://ror.org/00340yn33,https://ror.org/058gffr10,Keele University Greece,Child,Release
32738,https://github.com/ror-community/ror-updates/issues/32738,"Add a new organization to ROR: 
 
Scientific and Production Center ""Armbiotechnology"" Ministery of Science and Education of Repuplic of Armenia AM",Scientific and Production Center “Armbiotechnology” NAS RA,https://ror.org/05y8qwa75,https://ror.org/04mczx267,National Academy of Sciences of Armenia,Parent,Production
32738,https://github.com/ror-community/ror-updates/issues/32738,"Add a new organization to ROR: 
 
Scientific and Production Center ""Armbiotechnology"" Ministery of Science and Education of Repuplic of Armenia AM",National Academy of Sciences of Armenia,https://ror.org/04mczx267,https://ror.org/05y8qwa75,Scientific and Production Center “Armbiotechnology” NAS RA,Child,Release
32920,https://github.com/ror-community/ror-updates/issues/32920,"Add a new organization to ROR: 
 
Cherkasy Research Station of Bioresources of the National Academy of Agrarian Sciences of Ukraine",Institute of Bioresources of the National Academy of Agrarian Sciences of Ukraine,https://ror.org/034813220,https://ror.org/001040111,National Academy of Agrarian Sciences of Ukraine,Parent,Production
32920,https://github.com/ror-community/ror-updates/issues/32920,"Add a new organization to ROR: 
 
Cherkasy Research Station of Bioresources of the National Academy of Agrarian Sciences of Ukraine",National Academy of Agrarian Sciences of Ukraine,https://ror.org/001040111,https://ror.org/034813220,Institute of Bioresources of the National Academy of Agrarian Sciences of Ukraine,Child,Release
33011,https://github.com/ror-community/ror-updates/issues/33011,"Add a new organization to ROR: 
 
Institute of Agricultural Microbiology and Agro-industrial Manufacture of National Academy of Agrarian Sciences of Ukraine",Institute of Agricultural Microbiology and Agro-industrial Manufacture of National Academy of Agrarian Sciences of Ukraine,https://ror.org/03m511156,https://ror.org/001040111,National Academy of Agrarian Sciences of Ukraine,Parent,Production
33011,https://github.com/ror-community/ror-updates/issues/33011,"Add a new organization to ROR: 
 
Institute of Agricultural Microbiology and Agro-industrial Manufacture of National Academy of Agrarian Sciences of Ukraine",National Academy of Agrarian Sciences of Ukraine,https://ror.org/001040111,https://ror.org/03m511156,Institute of Agricultural Microbiology and Agro-industrial Manufacture of National Academy of Agrarian Sciences of Ukraine,Child,Release
33260,https://github.com/ror-community/ror-updates/issues/33260,"Add a new organization to ROR: 
 
Sri Venkateshwaraa College of Physiotherapy,Ariyur,Pondicherry,India",Sri Venkateshwaraa College of Physiotherapy,https://ror.org/04p50g788,https://ror.org/01a3mef16,Pondicherry University,Related,Production
33260,https://github.com/ror-community/ror-updates/issues/33260,"Add a new organization to ROR: 
 
Sri Venkateshwaraa College of Physiotherapy,Ariyur,Pondicherry,India",Pondicherry University,https://ror.org/01a3mef16,https://ror.org/04p50g788,Sri Venkateshwaraa College of Physiotherapy,Related,Release
33418,https://github.com/ror-community/ror-updates/issues/33418,"Add a new organization to ROR: 
 
“Ion I.C. Brătianu” Institute of Political Science and International Relations of the Romanian Academy",Institutul de Științe Politice și Relații Internaționale „Ion I.C. Brătianu” al Academiei Române,https://ror.org/02yzyy391,https://ror.org/0561n6946,Romanian Academy,Parent,Production
33418,https://github.com/ror-community/ror-updates/issues/33418,"Add a new organization to ROR: 
 
“Ion I.C. Brătianu” Institute of Political Science and International Relations of the Romanian Academy",Romanian Academy,https://ror.org/0561n6946,https://ror.org/02yzyy391,Institutul de Științe Politice și Relații Internaționale „Ion I.C. Brătianu” al Academiei Române,Child,Release
33721,https://github.com/ror-community/ror-updates/issues/33721,Add a new organization to ROR: Jiangsu Lihua Foods Group Co Ltd,Jiangsu Lihua Foods Group Co. Ltd. (China),https://ror.org/00hwqcb79,https://ror.org/05xnfzt09,Lihua Nanjing Industrial Research Institute Co. Ltd. (China),Child,Production
33721,https://github.com/ror-community/ror-updates/issues/33721,Add a new organization to ROR: Jiangsu Lihua Foods Group Co Ltd,Lihua Nanjing Industrial Research Institute Co. Ltd. (China),https://ror.org/05xnfzt09,https://ror.org/00hwqcb79,Jiangsu Lihua Foods Group Co. Ltd. (China),Parent,Release
33805,https://github.com/ror-community/ror-updates/issues/33805,"Add a new organization to ROR: 
 
INSTITUTO TECNOLOGICO SUPERIOR DE FRESNILLO ITSF ",Instituto Tecnológico Superior de Fresnillo,https://ror.org/00yhy3857,https://ror.org/00davry38,Tecnológico Nacional de México,Parent,Production
33805,https://github.com/ror-community/ror-updates/issues/33805,"Add a new organization to ROR: 
 
INSTITUTO TECNOLOGICO SUPERIOR DE FRESNILLO ITSF ",Tecnológico Nacional de México,https://ror.org/00davry38,https://ror.org/00yhy3857,Instituto Tecnológico Superior de Fresnillo,Child,Release
33881,https://github.com/ror-community/ror-updates/issues/33881,"Add a new organization to ROR: 
 
Canadian Women's Heart Health Centre",Canadian Women's Heart Health Centre,https://ror.org/02em12y09,https://ror.org/00h533452,Ottawa Heart Institute,Parent,Production
33881,https://github.com/ror-community/ror-updates/issues/33881,"Add a new organization to ROR: 
 
Canadian Women's Heart Health Centre",Ottawa Heart Institute,https://ror.org/00h533452,https://ror.org/02em12y09,Canadian Women's Heart Health Centre,Child,Release
34051,https://github.com/ror-community/ror-updates/issues/34051,"Add a new organization to ROR: 
 
Instituto de Investigación Sanitaria Hospital Universitari Vall d’Hebron (IIS IR-HUVH)",Institut d'Investigació Sanitària Acreditat Institut de Recerca - Hospital Universitari Vall d'Hebron,https://ror.org/04a30t809,https://ror.org/03ba28x55,Vall d'Hebron Hospital Universitari,Related,Production
34051,https://github.com/ror-community/ror-updates/issues/34051,"Add a new organization to ROR: 
 
Instituto de Investigación Sanitaria Hospital Universitari Vall d’Hebron (IIS IR-HUVH)",Vall d'Hebron Hospital Universitari,https://ror.org/03ba28x55,https://ror.org/04a30t809,Institut d'Investigació Sanitària Acreditat Institut de Recerca - Hospital Universitari Vall d'Hebron,Related,Release
34051,https://github.com/ror-community/ror-updates/issues/34051,"Add a new organization to ROR: 
 
Instituto de Investigación Sanitaria Hospital Universitari Vall d’Hebron (IIS IR-HUVH)",Institut d'Investigació Sanitària Acreditat Institut de Recerca - Hospital Universitari Vall d'Hebron,https://ror.org/04a30t809,https://ror.org/01d5vx451,Vall d'Hebron Institut de Recerca,Related,Production
34051,https://github.com/ror-community/ror-updates/issues/34051,"Add a new organization to ROR: 
 
Instituto de Investigación Sanitaria Hospital Universitari Vall d’Hebron (IIS IR-HUVH)",Vall d'Hebron Institut de Recerca,https://ror.org/01d5vx451,https://ror.org/04a30t809,Institut d'Investigació Sanitària Acreditat Institut de Recerca - Hospital Universitari Vall d'Hebron,Related,Release
34051,https://github.com/ror-community/ror-updates/issues/34051,"Add a new organization to ROR: 
 
Instituto de Investigación Sanitaria Hospital Universitari Vall d’Hebron (IIS IR-HUVH)",Institut d'Investigació Sanitària Acreditat Institut de Recerca - Hospital Universitari Vall d'Hebron,https://ror.org/04a30t809,https://ror.org/054xx3904,Vall d'Hebron Institute of Oncology,Related,Production
34051,https://github.com/ror-community/ror-updates/issues/34051,"Add a new organization to ROR: 
 
Instituto de Investigación Sanitaria Hospital Universitari Vall d’Hebron (IIS IR-HUVH)",Vall d'Hebron Institute of Oncology,https://ror.org/054xx3904,https://ror.org/04a30t809,Institut d'Investigació Sanitària Acreditat Institut de Recerca - Hospital Universitari Vall d'Hebron,Related,Release
34051,https://github.com/ror-community/ror-updates/issues/34051,"Add a new organization to ROR: 
 
Instituto de Investigación Sanitaria Hospital Universitari Vall d’Hebron (IIS IR-HUVH)",Institut d'Investigació Sanitària Acreditat Institut de Recerca - Hospital Universitari Vall d'Hebron,https://ror.org/04a30t809,https://ror.org/052g8jq94,Universitat Autònoma de Barcelona,Related,Production
34051,https://github.com/ror-community/ror-updates/issues/34051,"Add a new organization to ROR: 
 
Instituto de Investigación Sanitaria Hospital Universitari Vall d’Hebron (IIS IR-HUVH)",Universitat Autònoma de Barcelona,https://ror.org/052g8jq94,https://ror.org/04a30t809,Institut d'Investigació Sanitària Acreditat Institut de Recerca - Hospital Universitari Vall d'Hebron,Related,Release
34051,https://github.com/ror-community/ror-updates/issues/34051,"Add a new organization to ROR: 
 
Instituto de Investigación Sanitaria Hospital Universitari Vall d’Hebron (IIS IR-HUVH)",Institut d'Investigació Sanitària Acreditat Institut de Recerca - Hospital Universitari Vall d'Hebron,https://ror.org/04a30t809,https://ror.org/053d4n634,Banc de Sang i Teixits,Related,Production
34051,https://github.com/ror-community/ror-updates/issues/34051,"Add a new organization to ROR: 
 
Instituto de Investigación Sanitaria Hospital Universitari Vall d’Hebron (IIS IR-HUVH)",Banc de Sang i Teixits,https://ror.org/053d4n634,https://ror.org/04a30t809,Institut d'Investigació Sanitària Acreditat Institut de Recerca - Hospital Universitari Vall d'Hebron,Related,Release
34051,https://github.com/ror-community/ror-updates/issues/34051,"Add a new organization to ROR: 
 
Instituto de Investigación Sanitaria Hospital Universitari Vall d’Hebron (IIS IR-HUVH)",Institut d'Investigació Sanitària Acreditat Institut de Recerca - Hospital Universitari Vall d'Hebron,https://ror.org/04a30t809,https://ror.org/02pmnab85,Institut de Diagnòstic per la Imatge,Related,Production
34051,https://github.com/ror-community/ror-updates/issues/34051,"Add a new organization to ROR: 
 
Instituto de Investigación Sanitaria Hospital Universitari Vall d’Hebron (IIS IR-HUVH)",Institut de Diagnòstic per la Imatge,https://ror.org/02pmnab85,https://ror.org/04a30t809,Institut d'Investigació Sanitària Acreditat Institut de Recerca - Hospital Universitari Vall d'Hebron,Related,Release
34109,https://github.com/ror-community/ror-updates/issues/34109,"Add a new organization to ROR: 
 
Department of Education Balanga City",Schools Division Office of Balanga City,https://ror.org/04ftwp719,https://ror.org/029705428,Department of Education,Parent,Production
34109,https://github.com/ror-community/ror-updates/issues/34109,"Add a new organization to ROR: 
 
Department of Education Balanga City",Department of Education,https://ror.org/029705428,https://ror.org/04ftwp719,Schools Division Office of Balanga City,Child,Release
34265,https://github.com/ror-community/ror-updates/issues/34265,Add a new organization to ROR: T.I. Vyazemsky Karadag Scientific Station – Nature Reserve of the RAS (Ukraine),T.I. Vyazemsky Karadag Scientific Station – Nature Reserve of the RAS,https://ror.org/023pwk995,https://ror.org/03qf4s180,A.O. Kovalevsky Institute of Biology of the Southern Seas,Parent,Production
34265,https://github.com/ror-community/ror-updates/issues/34265,Add a new organization to ROR: T.I. Vyazemsky Karadag Scientific Station – Nature Reserve of the RAS (Ukraine),A.O. Kovalevsky Institute of Biology of the Southern Seas,https://ror.org/03qf4s180,https://ror.org/023pwk995,T.I. Vyazemsky Karadag Scientific Station – Nature Reserve of the RAS,Child,Release
34329,https://github.com/ror-community/ror-updates/issues/34329,Add a new organization to ROR: RSO Soeharso Surakarta (Indonesia),RSO Soeharso Surakarta,https://ror.org/02nwd8b83,https://ror.org/03r419717,Kementerian Kesehatan Republik Indonesia,Parent,Production
34329,https://github.com/ror-community/ror-updates/issues/34329,Add a new organization to ROR: RSO Soeharso Surakarta (Indonesia),Kementerian Kesehatan Republik Indonesia,https://ror.org/03r419717,https://ror.org/02nwd8b83,RSO Soeharso Surakarta,Child,Release
34330,https://github.com/ror-community/ror-updates/issues/34330,Add a new organization to ROR: Nehru Institute of Health Sciences (India),Nehru Institute of Health Sciences,https://ror.org/01cj0nw21,https://ror.org/00b3mhg89,Tamil Nadu Dr. M.G.R. Medical University,Related,Production
34330,https://github.com/ror-community/ror-updates/issues/34330,Add a new organization to ROR: Nehru Institute of Health Sciences (India),Tamil Nadu Dr. M.G.R. Medical University,https://ror.org/00b3mhg89,https://ror.org/01cj0nw21,Nehru Institute of Health Sciences,Related,Release
34359,https://github.com/ror-community/ror-updates/issues/34359,Add a new organization to ROR: Instituto Tecnológico Superior de Pátzcuaro (Mexico),Instituto Tecnológico Superior de Pátzcuaro,https://ror.org/01xggha72,https://ror.org/00davry38,Tecnológico Nacional de México,Parent,Production
34359,https://github.com/ror-community/ror-updates/issues/34359,Add a new organization to ROR: Instituto Tecnológico Superior de Pátzcuaro (Mexico),Tecnológico Nacional de México,https://ror.org/00davry38,https://ror.org/01xggha72,Instituto Tecnológico Superior de Pátzcuaro,Child,Release
34364,https://github.com/ror-community/ror-updates/issues/34364,Add a new organization to ROR: Anil Neerukonda Institute of Technology & Sciences (India),Anil Neerukonda Institute of Technology & Sciences,https://ror.org/03a3yp789,https://ror.org/049skhf47,Andhra University,Related,Production
34364,https://github.com/ror-community/ror-updates/issues/34364,Add a new organization to ROR: Anil Neerukonda Institute of Technology & Sciences (India),Andhra University,https://ror.org/049skhf47,https://ror.org/03a3yp789,Anil Neerukonda Institute of Technology & Sciences,Related,Release
34390,https://github.com/ror-community/ror-updates/issues/34390,"Add a new organization to ROR: General Hospital Lagos, Odan (Nigeria)","General Hospital Lagos, Odan",https://ror.org/02hy8pr78,https://ror.org/01zxtjz26,Lagos State Government,Parent,Production
34390,https://github.com/ror-community/ror-updates/issues/34390,"Add a new organization to ROR: General Hospital Lagos, Odan (Nigeria)",Lagos State Government,https://ror.org/01zxtjz26,https://ror.org/02hy8pr78,"General Hospital Lagos, Odan",Child,Release
34524,https://github.com/ror-community/ror-updates/issues/34524,Add a new organization to ROR: Taiwan Sugar Corporation (Taiwan),Taiwan Sugar Corporation,https://ror.org/014erh021,https://ror.org/042ge0913,Ministry of Economic Affairs,Parent,Production
34524,https://github.com/ror-community/ror-updates/issues/34524,Add a new organization to ROR: Taiwan Sugar Corporation (Taiwan),Ministry of Economic Affairs,https://ror.org/042ge0913,https://ror.org/014erh021,Taiwan Sugar Corporation,Child,Release
34530,https://github.com/ror-community/ror-updates/issues/34530,Add a new organization to ROR: BC Transplant (Canada),BC Transplant,https://ror.org/04q4f2309,https://ror.org/01jvd8304,Provincial Health Services Authority,Parent,Production
34530,https://github.com/ror-community/ror-updates/issues/34530,Add a new organization to ROR: BC Transplant (Canada),Provincial Health Services Authority,https://ror.org/01jvd8304,https://ror.org/04q4f2309,BC Transplant,Child,Release
34547,https://github.com/ror-community/ror-updates/issues/34547,Add a new organization to ROR: Interagency Arctic Research Policy Committee (United States),Interagency Arctic Research Policy Committee,https://ror.org/00q48mc43,https://ror.org/02rcrvv70,Government of the United States of America,Parent,Production
34547,https://github.com/ror-community/ror-updates/issues/34547,Add a new organization to ROR: Interagency Arctic Research Policy Committee (United States),Government of the United States of America,https://ror.org/02rcrvv70,https://ror.org/00q48mc43,Interagency Arctic Research Policy Committee,Child,Release
34909,https://github.com/ror-community/ror-updates/issues/34909,Add a new organization to ROR: African and Caribbean Council on HIV/AIDS in Ontario (Canada),African and Caribbean Council on HIV/AIDS in Ontario,https://ror.org/01s33r033,https://ror.org/02ecczf03,Ontario AIDS Network,Parent,Production
34909,https://github.com/ror-community/ror-updates/issues/34909,Add a new organization to ROR: African and Caribbean Council on HIV/AIDS in Ontario (Canada),Ontario AIDS Network,https://ror.org/02ecczf03,https://ror.org/01s33r033,African and Caribbean Council on HIV/AIDS in Ontario,Child,Release
34947,https://github.com/ror-community/ror-updates/issues/34947,Add a new organization to ROR: K.L.E. Society's S. Nijalingappa College (India),K.L.E. Society's S. Nijalingappa College,https://ror.org/02rrd5v53,https://ror.org/04cpe8e53,Bengaluru City University,Related,Production
34947,https://github.com/ror-community/ror-updates/issues/34947,Add a new organization to ROR: K.L.E. Society's S. Nijalingappa College (India),Bengaluru City University,https://ror.org/04cpe8e53,https://ror.org/02rrd5v53,K.L.E. Society's S. Nijalingappa College,Related,Release
34949,https://github.com/ror-community/ror-updates/issues/34949,Add a new organization to ROR: Centre for Freudian Analysis and Research (United Kingdom),Centre for Freudian Analysis and Research,https://ror.org/03xjcy204,https://ror.org/05rahmh70,United Kingdom Council for Psychotherapy,Related,Production
34949,https://github.com/ror-community/ror-updates/issues/34949,Add a new organization to ROR: Centre for Freudian Analysis and Research (United Kingdom),United Kingdom Council for Psychotherapy,https://ror.org/05rahmh70,https://ror.org/03xjcy204,Centre for Freudian Analysis and Research,Related,Release
41075,https://github.com/ror-community/ror-updates/issues/41075,"Add a new organization to ROR: 
 
Narh-Bita College",Narh-Bita College,https://ror.org/03q52z164,https://ror.org/0492nfe34,University of Cape Coast,Related,Production
41075,https://github.com/ror-community/ror-updates/issues/41075,"Add a new organization to ROR: 
 
Narh-Bita College",University of Cape Coast,https://ror.org/0492nfe34,https://ror.org/03q52z164,Narh-Bita College,Related,Release
41147,https://github.com/ror-community/ror-updates/issues/41147,"Add a new organization to ROR: 
 
Ismail National Mahila P.G. College, Meerut",Ismail National Mahila P.G. College,https://ror.org/02brc7w60,https://ror.org/01hzdv945,Chaudhary Charan Singh University,Related,Production
41147,https://github.com/ror-community/ror-updates/issues/41147,"Add a new organization to ROR: 
 
Ismail National Mahila P.G. College, Meerut",Chaudhary Charan Singh University,https://ror.org/01hzdv945,https://ror.org/02brc7w60,Ismail National Mahila P.G. College,Related,Release
35034,https://github.com/ror-community/ror-updates/issues/35034,"Add a new organization to ROR: 
 
Batshaw Youth and Family Centres (Quebec)/Les Centres de la jeunesse et de la famille Batshaw",Batshaw Youth and Family Centres,https://ror.org/0475vws16,https://ror.org/00enf6a78,Centre intégré universitaire de santé et de services sociaux de l'Ouest-de-l’Île-de-Montréal,Parent,Production
35034,https://github.com/ror-community/ror-updates/issues/35034,"Add a new organization to ROR: 
 
Batshaw Youth and Family Centres (Quebec)/Les Centres de la jeunesse et de la famille Batshaw",Centre intégré universitaire de santé et de services sociaux de l'Ouest-de-l’Île-de-Montréal,https://ror.org/00enf6a78,https://ror.org/0475vws16,Batshaw Youth and Family Centres,Child,Release
35049,https://github.com/ror-community/ror-updates/issues/35049,"Add a new organization to ROR: 
 
Hôpital de Chicoutimi ",Hôpital de Chicoutimi,https://ror.org/01thfx675,https://ror.org/00vbjyq64,Centre Intégré Universitaire de Santé et de Services Sociaux du Saguenay–Lac-Saint-Jean,Parent,Production
35049,https://github.com/ror-community/ror-updates/issues/35049,"Add a new organization to ROR: 
 
Hôpital de Chicoutimi ",Centre Intégré Universitaire de Santé et de Services Sociaux du Saguenay–Lac-Saint-Jean,https://ror.org/00vbjyq64,https://ror.org/01thfx675,Hôpital de Chicoutimi,Child,Release
35237,https://github.com/ror-community/ror-updates/issues/35237,"Add a new organization to ROR: 
 
Kommission für bayerische Landegeschichte bei der Bayerischen Akademie der Wissenschaften",Kommission für bayerische Landesgeschichte bei der Bayerischen Akademie der Wissenschaften,https://ror.org/00c7cyc56,https://ror.org/001rdaz60,Bavarian Academy of Sciences and Humanities,Parent,Production
35237,https://github.com/ror-community/ror-updates/issues/35237,"Add a new organization to ROR: 
 
Kommission für bayerische Landegeschichte bei der Bayerischen Akademie der Wissenschaften",Bavarian Academy of Sciences and Humanities,https://ror.org/001rdaz60,https://ror.org/00c7cyc56,Kommission für bayerische Landesgeschichte bei der Bayerischen Akademie der Wissenschaften,Child,Release
35365,https://github.com/ror-community/ror-updates/issues/35365,"Add a new organization to ROR: 
 
Toxoplasma, Parasitic and Mycotic Infections","Toxoplasma, Parasitic and Mycotic Infections",https://ror.org/00z63k464,https://ror.org/00pg6eq24,Université de Strasbourg,Parent,Production
35365,https://github.com/ror-community/ror-updates/issues/35365,"Add a new organization to ROR: 
 
Toxoplasma, Parasitic and Mycotic Infections",Université de Strasbourg,https://ror.org/00pg6eq24,https://ror.org/00z63k464,"Toxoplasma, Parasitic and Mycotic Infections",Child,Release
35426,https://github.com/ror-community/ror-updates/issues/35426,"Add a new organization to ROR: 
 
Inter American University of Puerto Rico, Aguadilla Campus ","Universidad Interamericana de Puerto Rico, Recinto de Aguadilla",https://ror.org/05v1a4y27,https://ror.org/00xcgnn15,InterAmerican University of Puerto Rico,Parent,Production
35426,https://github.com/ror-community/ror-updates/issues/35426,"Add a new organization to ROR: 
 
Inter American University of Puerto Rico, Aguadilla Campus ",InterAmerican University of Puerto Rico,https://ror.org/00xcgnn15,https://ror.org/05v1a4y27,"Universidad Interamericana de Puerto Rico, Recinto de Aguadilla",Child,Release
35502,https://github.com/ror-community/ror-updates/issues/35502,"Add a new organization to ROR: 
 
ResearchNB",ResearchNB,https://ror.org/002gxvs60,https://ror.org/00hg4tf86,New Brunswick Health Research Foundation,Predecessor,Production
35502,https://github.com/ror-community/ror-updates/issues/35502,"Add a new organization to ROR: 
 
ResearchNB",New Brunswick Health Research Foundation,https://ror.org/00hg4tf86,https://ror.org/002gxvs60,ResearchNB,Successor,Release
35502,https://github.com/ror-community/ror-updates/issues/35502,"Add a new organization to ROR: 
 
ResearchNB",ResearchNB,https://ror.org/002gxvs60,https://ror.org/00cvaph79,BioNB,Predecessor,Production
35502,https://github.com/ror-community/ror-updates/issues/35502,"Add a new organization to ROR: 
 
ResearchNB",BioNB,https://ror.org/00cvaph79,https://ror.org/002gxvs60,ResearchNB,Successor,Release
35597,https://github.com/ror-community/ror-updates/issues/35597,Add a new organization to ROR:,Instituto Tecnológico Superior de Monclova,https://ror.org/0374jdk59,https://ror.org/00davry38,Tecnológico Nacional de México,Parent,Production
35597,https://github.com/ror-community/ror-updates/issues/35597,Add a new organization to ROR:,Tecnológico Nacional de México,https://ror.org/00davry38,https://ror.org/0374jdk59,Instituto Tecnológico Superior de Monclova,Child,Release
35776,https://github.com/ror-community/ror-updates/issues/35776,"Add a new organization to ROR: 
 
The Berlin Mathematics Research Center MATH+",Berlin Mathematics Research Center MATH+,https://ror.org/0578c3627,https://ror.org/046ak2485,Freie Universität Berlin,Related,Production
35776,https://github.com/ror-community/ror-updates/issues/35776,"Add a new organization to ROR: 
 
The Berlin Mathematics Research Center MATH+",Freie Universität Berlin,https://ror.org/046ak2485,https://ror.org/0578c3627,Berlin Mathematics Research Center MATH+,Related,Release
35776,https://github.com/ror-community/ror-updates/issues/35776,"Add a new organization to ROR: 
 
The Berlin Mathematics Research Center MATH+",Berlin Mathematics Research Center MATH+,https://ror.org/0578c3627,https://ror.org/01hcx6992,Humboldt-Universität zu Berlin,Related,Production
35776,https://github.com/ror-community/ror-updates/issues/35776,"Add a new organization to ROR: 
 
The Berlin Mathematics Research Center MATH+",Humboldt-Universität zu Berlin,https://ror.org/01hcx6992,https://ror.org/0578c3627,Berlin Mathematics Research Center MATH+,Related,Release
35776,https://github.com/ror-community/ror-updates/issues/35776,"Add a new organization to ROR: 
 
The Berlin Mathematics Research Center MATH+",Berlin Mathematics Research Center MATH+,https://ror.org/0578c3627,https://ror.org/03v4gjf40,Technische Universität Berlin,Related,Production
35776,https://github.com/ror-community/ror-updates/issues/35776,"Add a new organization to ROR: 
 
The Berlin Mathematics Research Center MATH+",Technische Universität Berlin,https://ror.org/03v4gjf40,https://ror.org/0578c3627,Berlin Mathematics Research Center MATH+,Related,Release
35776,https://github.com/ror-community/ror-updates/issues/35776,"Add a new organization to ROR: 
 
The Berlin Mathematics Research Center MATH+",Berlin Mathematics Research Center MATH+,https://ror.org/0578c3627,https://ror.org/00h1x4t21,Weierstrass Institute for Applied Analysis and Stochastics,Related,Production
35776,https://github.com/ror-community/ror-updates/issues/35776,"Add a new organization to ROR: 
 
The Berlin Mathematics Research Center MATH+",Weierstrass Institute for Applied Analysis and Stochastics,https://ror.org/00h1x4t21,https://ror.org/0578c3627,Berlin Mathematics Research Center MATH+,Related,Release
35776,https://github.com/ror-community/ror-updates/issues/35776,"Add a new organization to ROR: 
 
The Berlin Mathematics Research Center MATH+",Berlin Mathematics Research Center MATH+,https://ror.org/0578c3627,https://ror.org/02eva5865,Zuse Institute Berlin,Related,Production
35776,https://github.com/ror-community/ror-updates/issues/35776,"Add a new organization to ROR: 
 
The Berlin Mathematics Research Center MATH+",Zuse Institute Berlin,https://ror.org/02eva5865,https://ror.org/0578c3627,Berlin Mathematics Research Center MATH+,Related,Release
35893,https://github.com/ror-community/ror-updates/issues/35893,"Add a new organization to ROR: 
 
ASR Homoeopathic Medical College , Tadepalligudem ",ASR Homoeopathic Medical College & Hospital,https://ror.org/012zgxx62,https://ror.org/04kyt9204,Dr. NTR University of Health Sciences,Related,Production
35893,https://github.com/ror-community/ror-updates/issues/35893,"Add a new organization to ROR: 
 
ASR Homoeopathic Medical College , Tadepalligudem ",Dr. NTR University of Health Sciences,https://ror.org/04kyt9204,https://ror.org/012zgxx62,ASR Homoeopathic Medical College & Hospital,Related,Release
35970,https://github.com/ror-community/ror-updates/issues/35970,"Add a new organization to ROR: 
 
Slovenský archív sociálnych dát",Slovak Archive of Social Data,https://ror.org/02rhq5r04,https://ror.org/00y4h0j70,Institute for Sociology of the Slovak Academy of Sciences,Related,Production
35970,https://github.com/ror-community/ror-updates/issues/35970,"Add a new organization to ROR: 
 
Slovenský archív sociálnych dát",Institute for Sociology of the Slovak Academy of Sciences,https://ror.org/00y4h0j70,https://ror.org/02rhq5r04,Slovak Archive of Social Data,Related,Release
35970,https://github.com/ror-community/ror-updates/issues/35970,"Add a new organization to ROR: 
 
Slovenský archív sociálnych dát",Slovak Archive of Social Data,https://ror.org/02rhq5r04,https://ror.org/0587ef340,Comenius University Bratislava,Related,Production
35970,https://github.com/ror-community/ror-updates/issues/35970,"Add a new organization to ROR: 
 
Slovenský archív sociálnych dát",Comenius University Bratislava,https://ror.org/0587ef340,https://ror.org/02rhq5r04,Slovak Archive of Social Data,Related,Release
36004,https://github.com/ror-community/ror-updates/issues/36004,"Add a new organization to ROR: 
 
Vignan's Institute of Management and Technology for Women",Vignan's Institute of Management and Technology for Women,https://ror.org/01ay1sd10,https://ror.org/002tchr49,"Jawaharlal Nehru Technological University, Hyderabad",Related,Production
36004,https://github.com/ror-community/ror-updates/issues/36004,"Add a new organization to ROR: 
 
Vignan's Institute of Management and Technology for Women","Jawaharlal Nehru Technological University, Hyderabad",https://ror.org/002tchr49,https://ror.org/01ay1sd10,Vignan's Institute of Management and Technology for Women,Related,Release
36303,https://github.com/ror-community/ror-updates/issues/36303,"Add a new organization to ROR: 
 
Ice Memory Foundation",Ice Memory Foundation,https://ror.org/043895j60,https://ror.org/043ty3k50,Fondation Université Grenoble Alpes,Parent,Production
36303,https://github.com/ror-community/ror-updates/issues/36303,"Add a new organization to ROR: 
 
Ice Memory Foundation",Fondation Université Grenoble Alpes,https://ror.org/043ty3k50,https://ror.org/043895j60,Ice Memory Foundation,Child,Release
36331,https://github.com/ror-community/ror-updates/issues/36331,"Add a new organization to ROR: 
 
Rourkela Institute of Technology Kalunga ",Rourkela Institute of Technology,https://ror.org/000rr3b95,https://ror.org/03vqjtg68,Biju Patnaik University of Technology,Related,Production
36331,https://github.com/ror-community/ror-updates/issues/36331,"Add a new organization to ROR: 
 
Rourkela Institute of Technology Kalunga ",Biju Patnaik University of Technology,https://ror.org/03vqjtg68,https://ror.org/000rr3b95,Rourkela Institute of Technology,Related,Release
36373,https://github.com/ror-community/ror-updates/issues/36373,"Add a new organization to ROR: 
 
Tribhuvan University, Institute of Engineering, Thapathali Campus",Institute of Engineering Thapathali Campus,https://ror.org/02zdzt011,https://ror.org/03ny67e60,Institute of Engineering,Parent,Production
36373,https://github.com/ror-community/ror-updates/issues/36373,"Add a new organization to ROR: 
 
Tribhuvan University, Institute of Engineering, Thapathali Campus",Institute of Engineering,https://ror.org/03ny67e60,https://ror.org/02zdzt011,Institute of Engineering Thapathali Campus,Child,Release
36474,https://github.com/ror-community/ror-updates/issues/36474,"Add a new organization to ROR: 
 
A.R.College of Pharmacy abd G.H. Patel Institute of Pharmacy",A. R. College of Pharmacy & G. H. Patel Institute of Pharmacy,https://ror.org/04b26rh03,https://ror.org/059x8vm09,Gujarat Technological University,Related,Production
36474,https://github.com/ror-community/ror-updates/issues/36474,"Add a new organization to ROR: 
 
A.R.College of Pharmacy abd G.H. Patel Institute of Pharmacy",Gujarat Technological University,https://ror.org/059x8vm09,https://ror.org/04b26rh03,A. R. College of Pharmacy & G. H. Patel Institute of Pharmacy,Related,Release
36478,https://github.com/ror-community/ror-updates/issues/36478,"Add a new organization to ROR: 
 
UNDRR",United Nations Office for Disaster Risk Reduction,https://ror.org/05p00eh83,https://ror.org/006kxhp52,United Nations,Parent,Production
36478,https://github.com/ror-community/ror-updates/issues/36478,"Add a new organization to ROR: 
 
UNDRR",United Nations,https://ror.org/006kxhp52,https://ror.org/05p00eh83,United Nations Office for Disaster Risk Reduction,Child,Release
36503,https://github.com/ror-community/ror-updates/issues/36503,"Add a new organization to ROR: 
 
Birendra Multiple Campus",Birendra Multiple Campus,https://ror.org/059taby59,https://ror.org/02rg1r889,Tribhuvan University,Parent,Production
36503,https://github.com/ror-community/ror-updates/issues/36503,"Add a new organization to ROR: 
 
Birendra Multiple Campus",Tribhuvan University,https://ror.org/02rg1r889,https://ror.org/059taby59,Birendra Multiple Campus,Child,Release
36512,https://github.com/ror-community/ror-updates/issues/36512,"Add a new organization to ROR: 
 
Council for International Organizations of Medical Sciences",Council for International Organizations of Medical Sciences,https://ror.org/03vqmn951,https://ror.org/01f80g185,World Health Organization,Related,Production
36512,https://github.com/ror-community/ror-updates/issues/36512,"Add a new organization to ROR: 
 
Council for International Organizations of Medical Sciences",World Health Organization,https://ror.org/01f80g185,https://ror.org/03vqmn951,Council for International Organizations of Medical Sciences,Related,Release
36512,https://github.com/ror-community/ror-updates/issues/36512,"Add a new organization to ROR: 
 
Council for International Organizations of Medical Sciences",Council for International Organizations of Medical Sciences,https://ror.org/03vqmn951,https://ror.org/04h4z8k05,UNESCO,Related,Production
36512,https://github.com/ror-community/ror-updates/issues/36512,"Add a new organization to ROR: 
 
Council for International Organizations of Medical Sciences",UNESCO,https://ror.org/04h4z8k05,https://ror.org/03vqmn951,Council for International Organizations of Medical Sciences,Related,Release
36550,https://github.com/ror-community/ror-updates/issues/36550,"Add a new organization to ROR: 
 
Sri SUkhmani College of Law",Sri Sukhmani College of Law,https://ror.org/02qeaxr50,https://ror.org/00xdn8y92,Punjabi University,Related,Production
36550,https://github.com/ror-community/ror-updates/issues/36550,"Add a new organization to ROR: 
 
Sri SUkhmani College of Law",Punjabi University,https://ror.org/00xdn8y92,https://ror.org/02qeaxr50,Sri Sukhmani College of Law,Related,Release
36824,https://github.com/ror-community/ror-updates/issues/36824,"Add a new organization to ROR: S.M. Institute of Technology, Brahmapur, Odisha, India",Sanjay Memorial Institute of Technology,https://ror.org/04q085w79,https://ror.org/05wfext57,P.G. Centre for Management Studies,Child,Production
36824,https://github.com/ror-community/ror-updates/issues/36824,"Add a new organization to ROR: S.M. Institute of Technology, Brahmapur, Odisha, India",P.G. Centre for Management Studies,https://ror.org/05wfext57,https://ror.org/04q085w79,Sanjay Memorial Institute of Technology,Parent,Release
36824,https://github.com/ror-community/ror-updates/issues/36824,"Add a new organization to ROR: S.M. Institute of Technology, Brahmapur, Odisha, India",Sanjay Memorial Institute of Technology,https://ror.org/04q085w79,https://ror.org/03vqjtg68,Biju Patnaik University of Technology,Related,Production
36824,https://github.com/ror-community/ror-updates/issues/36824,"Add a new organization to ROR: S.M. Institute of Technology, Brahmapur, Odisha, India",Biju Patnaik University of Technology,https://ror.org/03vqjtg68,https://ror.org/04q085w79,Sanjay Memorial Institute of Technology,Related,Release
36906,https://github.com/ror-community/ror-updates/issues/36906,"Add a new organization to ROR: 
 
Moscow Multidisciplinary Clinical Center ""Kommunarka""","Moscow Multidisciplinary Clinical Center ""Kommunarka""",https://ror.org/04wp5yq54,https://ror.org/018159086,Pirogov Russian National Research Medical University,Related,Production
36906,https://github.com/ror-community/ror-updates/issues/36906,"Add a new organization to ROR: 
 
Moscow Multidisciplinary Clinical Center ""Kommunarka""",Pirogov Russian National Research Medical University,https://ror.org/018159086,https://ror.org/04wp5yq54,"Moscow Multidisciplinary Clinical Center ""Kommunarka""",Related,Release
36916,https://github.com/ror-community/ror-updates/issues/36916,"Add a new organization to ROR: 
 
Instituto Superior Tecnológico Ismael Pérez Pazmiño",Instituto Superior Tecnológico Ismael Pérez Pazmiño,https://ror.org/05wq4yh03,https://ror.org/056c6e777,"Secretaría de Educación Superior, Ciencia, Tecnología e Innovación",Parent,Production
36916,https://github.com/ror-community/ror-updates/issues/36916,"Add a new organization to ROR: 
 
Instituto Superior Tecnológico Ismael Pérez Pazmiño","Secretaría de Educación Superior, Ciencia, Tecnología e Innovación",https://ror.org/056c6e777,https://ror.org/05wq4yh03,Instituto Superior Tecnológico Ismael Pérez Pazmiño,Child,Release
36938,https://github.com/ror-community/ror-updates/issues/36938,"Add a new organization to ROR: 
 
Supply Chain Intelligence Institute Austria",Supply Chain Intelligence Institute Austria,https://ror.org/00pf4da41,https://ror.org/0515pjs57,Austrian Institute of Economic Research,Related,Production
36938,https://github.com/ror-community/ror-updates/issues/36938,"Add a new organization to ROR: 
 
Supply Chain Intelligence Institute Austria",Austrian Institute of Economic Research,https://ror.org/0515pjs57,https://ror.org/00pf4da41,Supply Chain Intelligence Institute Austria,Related,Release
36938,https://github.com/ror-community/ror-updates/issues/36938,"Add a new organization to ROR: 
 
Supply Chain Intelligence Institute Austria",Supply Chain Intelligence Institute Austria,https://ror.org/00pf4da41,https://ror.org/023dz9m50,Complexity Science Hub,Related,Production
36938,https://github.com/ror-community/ror-updates/issues/36938,"Add a new organization to ROR: 
 
Supply Chain Intelligence Institute Austria",Complexity Science Hub,https://ror.org/023dz9m50,https://ror.org/00pf4da41,Supply Chain Intelligence Institute Austria,Related,Release
36938,https://github.com/ror-community/ror-updates/issues/36938,"Add a new organization to ROR: 
 
Supply Chain Intelligence Institute Austria",Supply Chain Intelligence Institute Austria,https://ror.org/00pf4da41,https://ror.org/03jqp6d56,University of Applied Sciences Upper Austria,Related,Production
36938,https://github.com/ror-community/ror-updates/issues/36938,"Add a new organization to ROR: 
 
Supply Chain Intelligence Institute Austria",University of Applied Sciences Upper Austria,https://ror.org/03jqp6d56,https://ror.org/00pf4da41,Supply Chain Intelligence Institute Austria,Related,Release
36994,https://github.com/ror-community/ror-updates/issues/36994,"Add a new organization to ROR: 
 
Ghent Centre for Digital Humanities",Ghent Centre for Digital Humanities,https://ror.org/033xkh119,https://ror.org/00cv9y106,Ghent University,Parent,Production
36994,https://github.com/ror-community/ror-updates/issues/36994,"Add a new organization to ROR: 
 
Ghent Centre for Digital Humanities",Ghent University,https://ror.org/00cv9y106,https://ror.org/033xkh119,Ghent Centre for Digital Humanities,Child,Release
36997,https://github.com/ror-community/ror-updates/issues/36997,"Add a new organization to ROR: 
 
KAKOJAN COLLEGE",Kakojan College,https://ror.org/03xkspx94,https://ror.org/045kfbt16,Dibrugarh University,Related,Production
36997,https://github.com/ror-community/ror-updates/issues/36997,"Add a new organization to ROR: 
 
KAKOJAN COLLEGE",Dibrugarh University,https://ror.org/045kfbt16,https://ror.org/03xkspx94,Kakojan College,Related,Release
37048,https://github.com/ror-community/ror-updates/issues/37048,"Add a new organization to ROR: 
 
Kandra Radha Kanta Kundu Mahavidyalaya",Kandra Radhakanta Kundu Mahavidyalaya,https://ror.org/0374qb759,https://ror.org/05cyd8v32,University of Burdwan,Related,Production
37048,https://github.com/ror-community/ror-updates/issues/37048,"Add a new organization to ROR: 
 
Kandra Radha Kanta Kundu Mahavidyalaya",University of Burdwan,https://ror.org/05cyd8v32,https://ror.org/0374qb759,Kandra Radhakanta Kundu Mahavidyalaya,Related,Release
37069,https://github.com/ror-community/ror-updates/issues/37069,"Add a new organization to ROR: 
 
State Institution «Ivan Franko Institute of the National Academy of Sciences of Ukraine»",State Institution «Ivan Franko Institute of the National Academy of Sciences of Ukraine»,https://ror.org/029060g92,https://ror.org/00je4t102,National Academy of Sciences of Ukraine,Parent,Production
37069,https://github.com/ror-community/ror-updates/issues/37069,"Add a new organization to ROR: 
 
State Institution «Ivan Franko Institute of the National Academy of Sciences of Ukraine»",National Academy of Sciences of Ukraine,https://ror.org/00je4t102,https://ror.org/029060g92,State Institution «Ivan Franko Institute of the National Academy of Sciences of Ukraine»,Child,Release
37074,https://github.com/ror-community/ror-updates/issues/37074,"Add a new organization to ROR: 
 
College of Micronesia Land Grant Program",College of Micronesia Land Grant Program,https://ror.org/04f33xy49,https://ror.org/03bcj4564,College of Micronesia-FSM,Related,Production
37074,https://github.com/ror-community/ror-updates/issues/37074,"Add a new organization to ROR: 
 
College of Micronesia Land Grant Program",College of Micronesia-FSM,https://ror.org/03bcj4564,https://ror.org/04f33xy49,College of Micronesia Land Grant Program,Related,Release
37074,https://github.com/ror-community/ror-updates/issues/37074,"Add a new organization to ROR: 
 
College of Micronesia Land Grant Program",College of Micronesia Land Grant Program,https://ror.org/04f33xy49,https://ror.org/024vfck88,Palau Community College,Related,Production
37074,https://github.com/ror-community/ror-updates/issues/37074,"Add a new organization to ROR: 
 
College of Micronesia Land Grant Program",Palau Community College,https://ror.org/024vfck88,https://ror.org/04f33xy49,College of Micronesia Land Grant Program,Related,Release
37082,https://github.com/ror-community/ror-updates/issues/37082,"Add a new organization to ROR: 
 
PNSD Rosella Hightower",Pôle National Supérieur de Danse Rosella Hightower,https://ror.org/0040tbt15,https://ror.org/019tgvf94,Université Côte d'Azur,Parent,Production
37082,https://github.com/ror-community/ror-updates/issues/37082,"Add a new organization to ROR: 
 
PNSD Rosella Hightower",Université Côte d'Azur,https://ror.org/019tgvf94,https://ror.org/0040tbt15,Pôle National Supérieur de Danse Rosella Hightower,Child,Release
37085,https://github.com/ror-community/ror-updates/issues/37085,"Add a new organization to ROR: 
 
Fundación Europea Sociedad y Educación",Fundación Europea Sociedad y Educación,https://ror.org/04h846t13,https://ror.org/04ra91131,Fundación Ramón Areces,Related,Production
37085,https://github.com/ror-community/ror-updates/issues/37085,"Add a new organization to ROR: 
 
Fundación Europea Sociedad y Educación",Fundación Ramón Areces,https://ror.org/04ra91131,https://ror.org/04h846t13,Fundación Europea Sociedad y Educación,Related,Release
37126,https://github.com/ror-community/ror-updates/issues/37126,"Add a new organization to ROR: 
 
Politeknik Ketenagakerjaan",Politeknik Ketenagakerjaan,https://ror.org/02kf0v411,https://ror.org/02jjp6g62,Kementerian Ketenagakerjaan Republik Indonesia,Parent,Production
37126,https://github.com/ror-community/ror-updates/issues/37126,"Add a new organization to ROR: 
 
Politeknik Ketenagakerjaan",Kementerian Ketenagakerjaan Republik Indonesia,https://ror.org/02jjp6g62,https://ror.org/02kf0v411,Politeknik Ketenagakerjaan,Child,Release
37159,https://github.com/ror-community/ror-updates/issues/37159,"Add a new organization to ROR: 
 
Maharaja Lakshmeshwar Singh Memorial College, Darbhanga",Maharaj Lakshmishwar Singh Memorial College,https://ror.org/01c15cd75,https://ror.org/00pqvmk25,Lalit Narayan Mithila University,Parent,Production
37159,https://github.com/ror-community/ror-updates/issues/37159,"Add a new organization to ROR: 
 
Maharaja Lakshmeshwar Singh Memorial College, Darbhanga",Lalit Narayan Mithila University,https://ror.org/00pqvmk25,https://ror.org/01c15cd75,Maharaj Lakshmishwar Singh Memorial College,Child,Release
37867,https://github.com/ror-community/ror-updates/issues/37867,"Add a new organization to ROR: 
 
Sri Sarada College of Education (Autonomous) Salem - 16",Sri Sarada College of Education (Autonomous),https://ror.org/04j7tf635,https://ror.org/007qxz427,Tamil Nadu Teachers Education University,Related,Production
37867,https://github.com/ror-community/ror-updates/issues/37867,"Add a new organization to ROR: 
 
Sri Sarada College of Education (Autonomous) Salem - 16",Tamil Nadu Teachers Education University,https://ror.org/007qxz427,https://ror.org/04j7tf635,Sri Sarada College of Education (Autonomous),Related,Release
37885,https://github.com/ror-community/ror-updates/issues/37885,"Add a new organization to ROR: 
 
Yeshwantrao Chavan College of Engineering, Nagpur",Yeshwantrao Chavan College of Engineering,https://ror.org/03bfzc083,https://ror.org/04esgv207,Rashtrasant Tukadoji Maharaj Nagpur University,Related,Production
37885,https://github.com/ror-community/ror-updates/issues/37885,"Add a new organization to ROR: 
 
Yeshwantrao Chavan College of Engineering, Nagpur",Rashtrasant Tukadoji Maharaj Nagpur University,https://ror.org/04esgv207,https://ror.org/03bfzc083,Yeshwantrao Chavan College of Engineering,Related,Release
38012,https://github.com/ror-community/ror-updates/issues/38012,"Add a new organization to ROR: 
 
Cyber Hankuk University of Foreign Studies",Cyber Hankuk University of Foreign Studies,https://ror.org/01b95n767,https://ror.org/051q2m369,Hankuk University of Foreign Studies,Related,Production
38012,https://github.com/ror-community/ror-updates/issues/38012,"Add a new organization to ROR: 
 
Cyber Hankuk University of Foreign Studies",Hankuk University of Foreign Studies,https://ror.org/051q2m369,https://ror.org/01b95n767,Cyber Hankuk University of Foreign Studies,Related,Release
38039,https://github.com/ror-community/ror-updates/issues/38039,"Add a new organization to ROR: 
 
MKSSS's K.B. Joshi Institute Of Information Technology",Maharshi Karve Stree Shikshan Samstha's K. B. Joshi Institute of Information Technology,https://ror.org/04k5k9e43,https://ror.org/05fnn5020,Shreemati Nathibai Damodar Thackersey Women's University,Related,Production
38039,https://github.com/ror-community/ror-updates/issues/38039,"Add a new organization to ROR: 
 
MKSSS's K.B. Joshi Institute Of Information Technology",Shreemati Nathibai Damodar Thackersey Women's University,https://ror.org/05fnn5020,https://ror.org/04k5k9e43,Maharshi Karve Stree Shikshan Samstha's K. B. Joshi Institute of Information Technology,Related,Release
38571,https://github.com/ror-community/ror-updates/issues/38571,"Add a new organization to ROR: 
 
Government Kolasib College",Government Kolasib College,https://ror.org/05a8mqr98,https://ror.org/04b1m3e94,Mizoram University,Related,Production
38571,https://github.com/ror-community/ror-updates/issues/38571,"Add a new organization to ROR: 
 
Government Kolasib College",Mizoram University,https://ror.org/04b1m3e94,https://ror.org/05a8mqr98,Government Kolasib College,Related,Release
38948,https://github.com/ror-community/ror-updates/issues/38948,"Add a new organization to ROR: 
 
JSPM'S Rajarshi Shahu College of Engineering",JSPM's Rajarshi Shahu College of Engineering,https://ror.org/05jnzdx13,https://ror.org/044g6d731,Savitribai Phule Pune University,Related,Production
38948,https://github.com/ror-community/ror-updates/issues/38948,"Add a new organization to ROR: 
 
JSPM'S Rajarshi Shahu College of Engineering",Savitribai Phule Pune University,https://ror.org/044g6d731,https://ror.org/05jnzdx13,JSPM's Rajarshi Shahu College of Engineering,Related,Release
38971,https://github.com/ror-community/ror-updates/issues/38971,"Add a new organization to ROR: 
 
Fine Arts Institute Uzbekistan Academy of Sciences",Institute of Art Studies,https://ror.org/01tfjck07,https://ror.org/01xgfaw76,Academy of Sciences Republic of Uzbekistan,Parent,Production
38971,https://github.com/ror-community/ror-updates/issues/38971,"Add a new organization to ROR: 
 
Fine Arts Institute Uzbekistan Academy of Sciences",Academy of Sciences Republic of Uzbekistan,https://ror.org/01xgfaw76,https://ror.org/01tfjck07,Institute of Art Studies,Child,Release
39008,https://github.com/ror-community/ror-updates/issues/39008,"Add a new organization to ROR: 
 
Sheffield Children's Hospital Charity",Sheffield Children's Hospital Charity,https://ror.org/04pkcf957,https://ror.org/02md8hv62,Sheffield Children's NHS Foundation Trust,Related,Production
39008,https://github.com/ror-community/ror-updates/issues/39008,"Add a new organization to ROR: 
 
Sheffield Children's Hospital Charity",Sheffield Children's NHS Foundation Trust,https://ror.org/02md8hv62,https://ror.org/04pkcf957,Sheffield Children's Hospital Charity,Related,Release
39022,https://github.com/ror-community/ror-updates/issues/39022,"Add a new organization to ROR: 
 
Government Girls Degree College DLW Varanasi UP India","Government Girls Degree College, DLW, Varanasi",https://ror.org/01r09ty90,https://ror.org/006qz8583,Mahatma Gandhi Kashi Vidyapith,Related,Production
39022,https://github.com/ror-community/ror-updates/issues/39022,"Add a new organization to ROR: 
 
Government Girls Degree College DLW Varanasi UP India",Mahatma Gandhi Kashi Vidyapith,https://ror.org/006qz8583,https://ror.org/01r09ty90,"Government Girls Degree College, DLW, Varanasi",Related,Release
39221,https://github.com/ror-community/ror-updates/issues/39221,"Add a new organization to ROR: 
 
Research Institute of Hawzah and University (RIHU)",Research Institute of Hawzah and University,https://ror.org/053dpnb13,https://ror.org/004v5tb85,"Ministry of Science, Research and Technology",Parent,Production
39221,https://github.com/ror-community/ror-updates/issues/39221,"Add a new organization to ROR: 
 
Research Institute of Hawzah and University (RIHU)","Ministry of Science, Research and Technology",https://ror.org/004v5tb85,https://ror.org/053dpnb13,Research Institute of Hawzah and University,Child,Release
39227,https://github.com/ror-community/ror-updates/issues/39227,"Add a new organization to ROR: 
 
The First People's Hospital of Pinghu",The First People's Hospital of Pinghu,https://ror.org/00ctqmj48,https://ror.org/05gpas306,Hangzhou Medical College,Related,Production
39227,https://github.com/ror-community/ror-updates/issues/39227,"Add a new organization to ROR: 
 
The First People's Hospital of Pinghu",Hangzhou Medical College,https://ror.org/05gpas306,https://ror.org/00ctqmj48,The First People's Hospital of Pinghu,Related,Release
39260,https://github.com/ror-community/ror-updates/issues/39260,"Add a new organization to ROR: 
 
Guizhou Power Grid Co. Ltd","Guizhou Power Grid Co., Ltd. (China)",https://ror.org/04n5vvh78,https://ror.org/03hkh9419,China Southern Power Grid (China),Parent,Production
39260,https://github.com/ror-community/ror-updates/issues/39260,"Add a new organization to ROR: 
 
Guizhou Power Grid Co. Ltd",China Southern Power Grid (China),https://ror.org/03hkh9419,https://ror.org/04n5vvh78,"Guizhou Power Grid Co., Ltd. (China)",Child,Release
39263,https://github.com/ror-community/ror-updates/issues/39263,"Add a new organization to ROR: 
 
The People's Hospital of Chuxiong Yi Autonomous Prefecture",The People's Hospital of Chuxiong Yi Autonomous Prefecture,https://ror.org/00syn8y15,https://ror.org/02y7rck89,Dali University,Related,Production
39263,https://github.com/ror-community/ror-updates/issues/39263,"Add a new organization to ROR: 
 
The People's Hospital of Chuxiong Yi Autonomous Prefecture",Dali University,https://ror.org/02y7rck89,https://ror.org/00syn8y15,The People's Hospital of Chuxiong Yi Autonomous Prefecture,Related,Release
39312,https://github.com/ror-community/ror-updates/issues/39312,"Add a new organization to ROR: 
 
Universitas Harkat Negeri",Universitas Harkat Negeri,https://ror.org/04ysf8r87,https://ror.org/00fjzc349,Politeknik Harapan Bersama,Predecessor,Production
39312,https://github.com/ror-community/ror-updates/issues/39312,"Add a new organization to ROR: 
 
Universitas Harkat Negeri",Politeknik Harapan Bersama,https://ror.org/00fjzc349,https://ror.org/04ysf8r87,Universitas Harkat Negeri,Successor,Release
39361,https://github.com/ror-community/ror-updates/issues/39361,"Add a new organization to ROR: 
 
 SURYCAT: Sécurité, cryptographie, codes, algèbre et algorithmes","SURYCAT: Sécurité, cryptographie, codes, algèbre et algorithmes",https://ror.org/00ky8c092,https://ror.org/04afed728,Laboratoire d'Informatique de l'École Polytechnique,Parent,Production
39361,https://github.com/ror-community/ror-updates/issues/39361,"Add a new organization to ROR: 
 
 SURYCAT: Sécurité, cryptographie, codes, algèbre et algorithmes",Laboratoire d'Informatique de l'École Polytechnique,https://ror.org/04afed728,https://ror.org/00ky8c092,"SURYCAT: Sécurité, cryptographie, codes, algèbre et algorithmes",Child,Release
39361,https://github.com/ror-community/ror-updates/issues/39361,"Add a new organization to ROR: 
 
 SURYCAT: Sécurité, cryptographie, codes, algèbre et algorithmes","SURYCAT: Sécurité, cryptographie, codes, algèbre et algorithmes",https://ror.org/00ky8c092,https://ror.org/026839t73,Centre Inria de l'Institut Polytechnique de Paris,Parent,Production
39361,https://github.com/ror-community/ror-updates/issues/39361,"Add a new organization to ROR: 
 
 SURYCAT: Sécurité, cryptographie, codes, algèbre et algorithmes",Centre Inria de l'Institut Polytechnique de Paris,https://ror.org/026839t73,https://ror.org/00ky8c092,"SURYCAT: Sécurité, cryptographie, codes, algèbre et algorithmes",Child,Release
39361,https://github.com/ror-community/ror-updates/issues/39361,"Add a new organization to ROR: 
 
 SURYCAT: Sécurité, cryptographie, codes, algèbre et algorithmes","SURYCAT: Sécurité, cryptographie, codes, algèbre et algorithmes",https://ror.org/00ky8c092,https://ror.org/0315e5x55,Centre Inria de Saclay,Parent,Production
39361,https://github.com/ror-community/ror-updates/issues/39361,"Add a new organization to ROR: 
 
 SURYCAT: Sécurité, cryptographie, codes, algèbre et algorithmes",Centre Inria de Saclay,https://ror.org/0315e5x55,https://ror.org/00ky8c092,"SURYCAT: Sécurité, cryptographie, codes, algèbre et algorithmes",Child,Release
39363,https://github.com/ror-community/ror-updates/issues/39363,"Add a new organization to ROR: 
 
ANANKE: Analyse et méthodes numériques pour l'estimation fondée sur la physique ",ANANKE,https://ror.org/04dfdb155,https://ror.org/026839t73,Centre Inria de l'Institut Polytechnique de Paris,Parent,Production
39363,https://github.com/ror-community/ror-updates/issues/39363,"Add a new organization to ROR: 
 
ANANKE: Analyse et méthodes numériques pour l'estimation fondée sur la physique ",Centre Inria de l'Institut Polytechnique de Paris,https://ror.org/026839t73,https://ror.org/04dfdb155,ANANKE,Child,Release
39388,https://github.com/ror-community/ror-updates/issues/39388,"Add a new organization to ROR: 
 
MGM MEDICAL COLLEGE PANVEL","MGM Medical College, Panvel",https://ror.org/02j6ytg78,https://ror.org/01nxyxz54,Mahatma Gandhi Mission Institute of Health Sciences,Parent,Production
39388,https://github.com/ror-community/ror-updates/issues/39388,"Add a new organization to ROR: 
 
MGM MEDICAL COLLEGE PANVEL",Mahatma Gandhi Mission Institute of Health Sciences,https://ror.org/01nxyxz54,https://ror.org/02j6ytg78,"MGM Medical College, Panvel",Child,Release
39391,https://github.com/ror-community/ror-updates/issues/39391,"Add a new organization to ROR: 
 
Linquan County People's Hospital",Linquan County People's Hospital,https://ror.org/03d8kx660,https://ror.org/02njz9p87,Fuyang Normal University,Related,Production
39391,https://github.com/ror-community/ror-updates/issues/39391,"Add a new organization to ROR: 
 
Linquan County People's Hospital",Fuyang Normal University,https://ror.org/02njz9p87,https://ror.org/03d8kx660,Linquan County People's Hospital,Related,Release
39522,https://github.com/ror-community/ror-updates/issues/39522,"Add a new organization to ROR: 
 
Adhiyamaan college of agriculture and research",Adhiyamaan College of Agriculture and Research,https://ror.org/00e7sxn20,https://ror.org/04fs90r60,Tamil Nadu Agricultural University,Related,Production
39522,https://github.com/ror-community/ror-updates/issues/39522,"Add a new organization to ROR: 
 
Adhiyamaan college of agriculture and research",Tamil Nadu Agricultural University,https://ror.org/04fs90r60,https://ror.org/00e7sxn20,Adhiyamaan College of Agriculture and Research,Related,Release
39540,https://github.com/ror-community/ror-updates/issues/39540,"Add a new organization to ROR: 
 
Centre d'Innovation en Télécommunications et Intégration de services",Center of Innovation in Telecommunications and Integration of Service,https://ror.org/04sg00p82,https://ror.org/050jn9y42,Institut National des Sciences Appliquées de Lyon,Parent,Production
39540,https://github.com/ror-community/ror-updates/issues/39540,"Add a new organization to ROR: 
 
Centre d'Innovation en Télécommunications et Intégration de services",Institut National des Sciences Appliquées de Lyon,https://ror.org/050jn9y42,https://ror.org/04sg00p82,Center of Innovation in Telecommunications and Integration of Service,Child,Release
39540,https://github.com/ror-community/ror-updates/issues/39540,"Add a new organization to ROR: 
 
Centre d'Innovation en Télécommunications et Intégration de services",Center of Innovation in Telecommunications and Integration of Service,https://ror.org/04sg00p82,https://ror.org/02kvxyf05,Institut national de recherche en sciences et technologies du numérique,Parent,Production
39540,https://github.com/ror-community/ror-updates/issues/39540,"Add a new organization to ROR: 
 
Centre d'Innovation en Télécommunications et Intégration de services",Institut national de recherche en sciences et technologies du numérique,https://ror.org/02kvxyf05,https://ror.org/04sg00p82,Center of Innovation in Telecommunications and Integration of Service,Child,Release
39603,https://github.com/ror-community/ror-updates/issues/39603,"Add a new organization to ROR: 
 
Government Medical College, Kathua","Government Medical College, Kathua",https://ror.org/020k82424,https://ror.org/02retg991,University of Jammu,Related,Production
39603,https://github.com/ror-community/ror-updates/issues/39603,"Add a new organization to ROR: 
 
Government Medical College, Kathua",University of Jammu,https://ror.org/02retg991,https://ror.org/020k82424,"Government Medical College, Kathua",Related,Release
39715,https://github.com/ror-community/ror-updates/issues/39715,"Add a new organization to ROR: 
 
G.S. Pysarenko Institute for Problem of Strength of the National Academy of Sciences of Ukraine",G. S. Pysarenko Institute for Problems of Strength of the National Academy of Sciences of Ukraine,https://ror.org/02m5xpx10,https://ror.org/00je4t102,National Academy of Sciences of Ukraine,Parent,Production
39715,https://github.com/ror-community/ror-updates/issues/39715,"Add a new organization to ROR: 
 
G.S. Pysarenko Institute for Problem of Strength of the National Academy of Sciences of Ukraine",National Academy of Sciences of Ukraine,https://ror.org/00je4t102,https://ror.org/02m5xpx10,G. S. Pysarenko Institute for Problems of Strength of the National Academy of Sciences of Ukraine,Child,Release
39716,https://github.com/ror-community/ror-updates/issues/39716,"Add a new organization to ROR: 
 
Anjuman E Islam Education Societys Anjuman Islam Janjira Degree College",Anjuman Islam Janjira Degree College of Science,https://ror.org/035r3zd52,https://ror.org/032hdk172,University of Mumbai,Related,Production
39716,https://github.com/ror-community/ror-updates/issues/39716,"Add a new organization to ROR: 
 
Anjuman E Islam Education Societys Anjuman Islam Janjira Degree College",University of Mumbai,https://ror.org/032hdk172,https://ror.org/035r3zd52,Anjuman Islam Janjira Degree College of Science,Related,Release
39724,https://github.com/ror-community/ror-updates/issues/39724,"Add a new organization to ROR: 
 
Academia de la Llingua Asturiana",Academia de la Lengua Asturiana,https://ror.org/04bjqtx19,https://ror.org/05mj4yh71,Gobierno del Principado de Asturias,Parent,Production
39724,https://github.com/ror-community/ror-updates/issues/39724,"Add a new organization to ROR: 
 
Academia de la Llingua Asturiana",Gobierno del Principado de Asturias,https://ror.org/05mj4yh71,https://ror.org/04bjqtx19,Academia de la Lengua Asturiana,Child,Release
39832,https://github.com/ror-community/ror-updates/issues/39832,"Add a new organization to ROR: 
 
Ukrainian Theriological Society (subtitle 'Theriological School')",Ukrainian Theriological Society,https://ror.org/01a931d80,https://ror.org/00je4t102,National Academy of Sciences of Ukraine,Related,Production
39832,https://github.com/ror-community/ror-updates/issues/39832,"Add a new organization to ROR: 
 
Ukrainian Theriological Society (subtitle 'Theriological School')",National Academy of Sciences of Ukraine,https://ror.org/00je4t102,https://ror.org/01a931d80,Ukrainian Theriological Society,Related,Release
39866,https://github.com/ror-community/ror-updates/issues/39866,"Add a new organization to ROR: 
 
Agricultural Development Trust's Shardabai Pawar Mahila Arts, Commerce and Science College, Shardanagar, Baramati","Shardabai Pawar Mahila Arts, Commerce and Science College",https://ror.org/001pr6s27,https://ror.org/044g6d731,Savitribai Phule Pune University,Related,Production
39866,https://github.com/ror-community/ror-updates/issues/39866,"Add a new organization to ROR: 
 
Agricultural Development Trust's Shardabai Pawar Mahila Arts, Commerce and Science College, Shardanagar, Baramati",Savitribai Phule Pune University,https://ror.org/044g6d731,https://ror.org/001pr6s27,"Shardabai Pawar Mahila Arts, Commerce and Science College",Related,Release
39934,https://github.com/ror-community/ror-updates/issues/39934,"Add a new organization to ROR: 
 
Govt. Zirtiri Residential Science College",Govt. Zirtiri Residential Science College,https://ror.org/01r5a2h19,https://ror.org/04b1m3e94,Mizoram University,Related,Production
39934,https://github.com/ror-community/ror-updates/issues/39934,"Add a new organization to ROR: 
 
Govt. Zirtiri Residential Science College",Mizoram University,https://ror.org/04b1m3e94,https://ror.org/01r5a2h19,Govt. Zirtiri Residential Science College,Related,Release
40046,https://github.com/ror-community/ror-updates/issues/40046,"Add a new organization to ROR: 
 
Milli Eğitim Akademisi Başkanlığı",Millî Eğitim Akademisi Başkanlığı,https://ror.org/04ctq8d75,https://ror.org/00jga9g46,Mi̇lli̇ Eği̇ti̇m Bakanliği,Parent,Production
40046,https://github.com/ror-community/ror-updates/issues/40046,"Add a new organization to ROR: 
 
Milli Eğitim Akademisi Başkanlığı",Mi̇lli̇ Eği̇ti̇m Bakanliği,https://ror.org/00jga9g46,https://ror.org/04ctq8d75,Millî Eğitim Akademisi Başkanlığı,Child,Release
40057,https://github.com/ror-community/ror-updates/issues/40057,"Add a new organization to ROR: Dong-Eui Institute of Technology (동의과학대학교), Busan, Republic of Korea",Dong-Eui Institute of Technology,https://ror.org/04189hf20,https://ror.org/059g69b28,Dong-Eui University,Related,Production
40057,https://github.com/ror-community/ror-updates/issues/40057,"Add a new organization to ROR: Dong-Eui Institute of Technology (동의과학대학교), Busan, Republic of Korea",Dong-Eui University,https://ror.org/059g69b28,https://ror.org/04189hf20,Dong-Eui Institute of Technology,Related,Release
40205,https://github.com/ror-community/ror-updates/issues/40205,"Add a new organization to ROR: 
 
United Bible Societies",United Bible Societies,https://ror.org/036wvaa36,https://ror.org/03tfjft98,American Bible Society,Related,Production
40205,https://github.com/ror-community/ror-updates/issues/40205,"Add a new organization to ROR: 
 
United Bible Societies",American Bible Society,https://ror.org/03tfjft98,https://ror.org/036wvaa36,United Bible Societies,Related,Release
40253,https://github.com/ror-community/ror-updates/issues/40253,"Add a new organization to ROR: 
 
Mahatma Gandhi Mission's Medical College and Hospital, Nerul","MGM Medical College, Nerul",https://ror.org/051dq2v14,https://ror.org/01nxyxz54,Mahatma Gandhi Mission Institute of Health Sciences,Parent,Production
40253,https://github.com/ror-community/ror-updates/issues/40253,"Add a new organization to ROR: 
 
Mahatma Gandhi Mission's Medical College and Hospital, Nerul",Mahatma Gandhi Mission Institute of Health Sciences,https://ror.org/01nxyxz54,https://ror.org/051dq2v14,"MGM Medical College, Nerul",Child,Release
40299,https://github.com/ror-community/ror-updates/issues/40299,"Add a new organization to ROR: 
 
Centre d'Information et de Documentation Scientifique et Technique",Centre d’Information et de Documentation Scientifique et Technique,https://ror.org/057yhvg11,https://ror.org/001ykgy03,Ministère de l’Enseignement Supérieur et de la Recherche Scientifique,Parent,Production
40299,https://github.com/ror-community/ror-updates/issues/40299,"Add a new organization to ROR: 
 
Centre d'Information et de Documentation Scientifique et Technique",Ministère de l’Enseignement Supérieur et de la Recherche Scientifique,https://ror.org/001ykgy03,https://ror.org/057yhvg11,Centre d’Information et de Documentation Scientifique et Technique,Child,Release
40344,https://github.com/ror-community/ror-updates/issues/40344,"Add a new organization to ROR: 
 
The Libyan Academy for Postgraduate Studies-Misurata ",The Libyan Academy for Postgraduate Studies-Misurata,https://ror.org/050rpcw19,https://ror.org/05s3qq987,Libyan Academy,Parent,Production
40344,https://github.com/ror-community/ror-updates/issues/40344,"Add a new organization to ROR: 
 
The Libyan Academy for Postgraduate Studies-Misurata ",Libyan Academy,https://ror.org/05s3qq987,https://ror.org/050rpcw19,The Libyan Academy for Postgraduate Studies-Misurata,Child,Release
40477,https://github.com/ror-community/ror-updates/issues/40477,"Add a new organization to ROR: 
 
Universitas Riyadlul Ulum",Universitas Riyadlul Ulum,https://ror.org/049326j41,https://ror.org/0165jn475,Sekolah Tinggi Ilmu Adab dan Budaya Islam Riyadlul Ulum,Predecessor,Production
40477,https://github.com/ror-community/ror-updates/issues/40477,"Add a new organization to ROR: 
 
Universitas Riyadlul Ulum",Sekolah Tinggi Ilmu Adab dan Budaya Islam Riyadlul Ulum,https://ror.org/0165jn475,https://ror.org/049326j41,Universitas Riyadlul Ulum,Successor,Release
40606,https://github.com/ror-community/ror-updates/issues/40606,"Add a new organization to ROR: 
 
Army Institute of Technology, Pune","Army Institute of Technology, Pune",https://ror.org/05gqbhv12,https://ror.org/044g6d731,Savitribai Phule Pune University,Related,Production
40606,https://github.com/ror-community/ror-updates/issues/40606,"Add a new organization to ROR: 
 
Army Institute of Technology, Pune",Savitribai Phule Pune University,https://ror.org/044g6d731,https://ror.org/05gqbhv12,"Army Institute of Technology, Pune",Related,Release
40647,https://github.com/ror-community/ror-updates/issues/40647,"Add a new organization to ROR: 
 
P.O.F Hospital Wah Cantt",POF Hospital,https://ror.org/03a7xbf44,https://ror.org/046gjbj53,Wah Medical College,Related,Production
40647,https://github.com/ror-community/ror-updates/issues/40647,"Add a new organization to ROR: 
 
P.O.F Hospital Wah Cantt",Wah Medical College,https://ror.org/046gjbj53,https://ror.org/03a7xbf44,POF Hospital,Related,Release
40652,https://github.com/ror-community/ror-updates/issues/40652,"Add a new organization to ROR: 
 
Satyawati College (Evening), University of Delhi",Satyawati College (Evening),https://ror.org/02qx3qy30,https://ror.org/04gzb2213,University of Delhi,Parent,Production
40652,https://github.com/ror-community/ror-updates/issues/40652,"Add a new organization to ROR: 
 
Satyawati College (Evening), University of Delhi",University of Delhi,https://ror.org/04gzb2213,https://ror.org/02qx3qy30,Satyawati College (Evening),Child,Release
41007,https://github.com/ror-community/ror-updates/issues/41007,Modify the information in an existing ROR record: Agronomie - https://ror.org/02cptmd52,Agronomie,https://ror.org/02cptmd52,https://ror.org/03xjwb503,Université Paris-Saclay,Parent,Production
41007,https://github.com/ror-community/ror-updates/issues/41007,Modify the information in an existing ROR record: Agronomie - https://ror.org/02cptmd52,Université Paris-Saclay,https://ror.org/03xjwb503,https://ror.org/02cptmd52,Agronomie,Child,Release
41008,https://github.com/ror-community/ror-updates/issues/41008,Modify the information in an existing ROR record: Centre de Biologie pour la Gestion des Populations - https://ror.org/05h7ddb14,Centre de Biologie pour la Gestion des Populations,https://ror.org/05h7ddb14,https://ror.org/03rnk6m14,Institut Agro Montpellier,Delete,Production
41008,https://github.com/ror-community/ror-updates/issues/41008,Modify the information in an existing ROR record: Centre de Biologie pour la Gestion des Populations - https://ror.org/05h7ddb14,Institut Agro Montpellier,https://ror.org/03rnk6m14,https://ror.org/05h7ddb14,Centre de Biologie pour la Gestion des Populations,Delete,Release
41010,https://github.com/ror-community/ror-updates/issues/41010,Modify the information in an existing ROR record: Services déconcentrés d'appui à la recherche Occitanie-Toulouse - https://ror.org/02sxjwh33,Services déconcentrés d'appui à la recherche Occitanie-Toulouse,https://ror.org/02sxjwh33,https://ror.org/05ev54a13,Laboratoire d'Économie des Ressources Naturelles,Delete,Production
41010,https://github.com/ror-community/ror-updates/issues/41010,Modify the information in an existing ROR record: Services déconcentrés d'appui à la recherche Occitanie-Toulouse - https://ror.org/02sxjwh33,Laboratoire d'Économie des Ressources Naturelles,https://ror.org/05ev54a13,https://ror.org/02sxjwh33,Services déconcentrés d'appui à la recherche Occitanie-Toulouse,Delete,Release
41012,https://github.com/ror-community/ror-updates/issues/41012,Modify the information in an existing ROR record: Services déconcentrés d'appui à la recherche Ile-de-France-Jouy-en-Josas-Antony - https://ror.org/00gtg0p11,Services déconcentrés d'appui à la recherche Ile-de-France-Jouy-en-Josas-Antony,https://ror.org/00gtg0p11,https://ror.org/027364b18,Bipar,Delete,Production
41012,https://github.com/ror-community/ror-updates/issues/41012,Modify the information in an existing ROR record: Services déconcentrés d'appui à la recherche Ile-de-France-Jouy-en-Josas-Antony - https://ror.org/00gtg0p11,Bipar,https://ror.org/027364b18,https://ror.org/00gtg0p11,Services déconcentrés d'appui à la recherche Ile-de-France-Jouy-en-Josas-Antony,Delete,Release
41012,https://github.com/ror-community/ror-updates/issues/41012,Modify the information in an existing ROR record: Services déconcentrés d'appui à la recherche Ile-de-France-Jouy-en-Josas-Antony - https://ror.org/00gtg0p11,Services déconcentrés d'appui à la recherche Ile-de-France-Jouy-en-Josas-Antony,https://ror.org/00gtg0p11,https://ror.org/0471cyx86,Microbiologie de l’alimentation au service de la santé,Delete,Production
41012,https://github.com/ror-community/ror-updates/issues/41012,Modify the information in an existing ROR record: Services déconcentrés d'appui à la recherche Ile-de-France-Jouy-en-Josas-Antony - https://ror.org/00gtg0p11,Microbiologie de l’alimentation au service de la santé,https://ror.org/0471cyx86,https://ror.org/00gtg0p11,Services déconcentrés d'appui à la recherche Ile-de-France-Jouy-en-Josas-Antony,Delete,Release
41013,https://github.com/ror-community/ror-updates/issues/41013,Modify the information in an existing ROR record: Antenne Services déconcentrés d'appui à la recherche Grand Est-Nancy/Colmar - https://ror.org/00zg31r41,Antenne Services déconcentrés d'appui à la recherche Grand Est-Nancy/Colmar,https://ror.org/00zg31r41,https://ror.org/02ynmc580,Laboratoire Animal et Agroécosystèmes,Delete,Production
41013,https://github.com/ror-community/ror-updates/issues/41013,Modify the information in an existing ROR record: Antenne Services déconcentrés d'appui à la recherche Grand Est-Nancy/Colmar - https://ror.org/00zg31r41,Laboratoire Animal et Agroécosystèmes,https://ror.org/02ynmc580,https://ror.org/00zg31r41,Antenne Services déconcentrés d'appui à la recherche Grand Est-Nancy/Colmar,Delete,Release
41013,https://github.com/ror-community/ror-updates/issues/41013,Modify the information in an existing ROR record: Antenne Services déconcentrés d'appui à la recherche Grand Est-Nancy/Colmar - https://ror.org/00zg31r41,Antenne Services déconcentrés d'appui à la recherche Grand Est-Nancy/Colmar,https://ror.org/00zg31r41,https://ror.org/03c4rpa03,Interactions Arbres-Microorganismes,Delete,Production
41013,https://github.com/ror-community/ror-updates/issues/41013,Modify the information in an existing ROR record: Antenne Services déconcentrés d'appui à la recherche Grand Est-Nancy/Colmar - https://ror.org/00zg31r41,Interactions Arbres-Microorganismes,https://ror.org/03c4rpa03,https://ror.org/00zg31r41,Antenne Services déconcentrés d'appui à la recherche Grand Est-Nancy/Colmar,Delete,Release
41013,https://github.com/ror-community/ror-updates/issues/41013,Modify the information in an existing ROR record: Antenne Services déconcentrés d'appui à la recherche Grand Est-Nancy/Colmar - https://ror.org/00zg31r41,Antenne Services déconcentrés d'appui à la recherche Grand Est-Nancy/Colmar,https://ror.org/00zg31r41,https://ror.org/01e8etd40,Laboratoire Sols et Environnement,Delete,Production
41013,https://github.com/ror-community/ror-updates/issues/41013,Modify the information in an existing ROR record: Antenne Services déconcentrés d'appui à la recherche Grand Est-Nancy/Colmar - https://ror.org/00zg31r41,Laboratoire Sols et Environnement,https://ror.org/01e8etd40,https://ror.org/00zg31r41,Antenne Services déconcentrés d'appui à la recherche Grand Est-Nancy/Colmar,Delete,Release
41013,https://github.com/ror-community/ror-updates/issues/41013,Modify the information in an existing ROR record: Antenne Services déconcentrés d'appui à la recherche Grand Est-Nancy/Colmar - https://ror.org/00zg31r41,Antenne Services déconcentrés d'appui à la recherche Grand Est-Nancy/Colmar,https://ror.org/00zg31r41,https://ror.org/01d5v2p67,Silva,Delete,Production
41013,https://github.com/ror-community/ror-updates/issues/41013,Modify the information in an existing ROR record: Antenne Services déconcentrés d'appui à la recherche Grand Est-Nancy/Colmar - https://ror.org/00zg31r41,Silva,https://ror.org/01d5v2p67,https://ror.org/00zg31r41,Antenne Services déconcentrés d'appui à la recherche Grand Est-Nancy/Colmar,Delete,Release
41014,https://github.com/ror-community/ror-updates/issues/41014,Modify the information in an existing ROR record: Services déconcentrés d'appui à la recherche Occitanie-Montpellier - https://ror.org/03fkrcm40,Services déconcentrés d'appui à la recherche Occitanie-Montpellier,https://ror.org/03fkrcm40,https://ror.org/006fhby04,"Animal, Santé, Territoires, Risques et Ecosystèmes",Delete,Production
41014,https://github.com/ror-community/ror-updates/issues/41014,Modify the information in an existing ROR record: Services déconcentrés d'appui à la recherche Occitanie-Montpellier - https://ror.org/03fkrcm40,"Animal, Santé, Territoires, Risques et Ecosystèmes",https://ror.org/006fhby04,https://ror.org/03fkrcm40,Services déconcentrés d'appui à la recherche Occitanie-Montpellier,Delete,Release
41014,https://github.com/ror-community/ror-updates/issues/41014,Modify the information in an existing ROR record: Services déconcentrés d'appui à la recherche Occitanie-Montpellier - https://ror.org/03fkrcm40,Services déconcentrés d'appui à la recherche Occitanie-Montpellier,https://ror.org/03fkrcm40,https://ror.org/020nks034,UMR Botanique et Modélisation de l’Architecture des Plantes et des végétations,Delete,Production
41014,https://github.com/ror-community/ror-updates/issues/41014,Modify the information in an existing ROR record: Services déconcentrés d'appui à la recherche Occitanie-Montpellier - https://ror.org/03fkrcm40,UMR Botanique et Modélisation de l’Architecture des Plantes et des végétations,https://ror.org/020nks034,https://ror.org/03fkrcm40,Services déconcentrés d'appui à la recherche Occitanie-Montpellier,Delete,Release
41014,https://github.com/ror-community/ror-updates/issues/41014,Modify the information in an existing ROR record: Services déconcentrés d'appui à la recherche Occitanie-Montpellier - https://ror.org/03fkrcm40,Services déconcentrés d'appui à la recherche Occitanie-Montpellier,https://ror.org/03fkrcm40,https://ror.org/00b80ez59,Ecologie fonctionnelle & biogéochimie des sols & des agro-systèmes,Delete,Production
41014,https://github.com/ror-community/ror-updates/issues/41014,Modify the information in an existing ROR record: Services déconcentrés d'appui à la recherche Occitanie-Montpellier - https://ror.org/03fkrcm40,Ecologie fonctionnelle & biogéochimie des sols & des agro-systèmes,https://ror.org/00b80ez59,https://ror.org/03fkrcm40,Services déconcentrés d'appui à la recherche Occitanie-Montpellier,Delete,Release
41014,https://github.com/ror-community/ror-updates/issues/41014,Modify the information in an existing ROR record: Services déconcentrés d'appui à la recherche Occitanie-Montpellier - https://ror.org/03fkrcm40,Services déconcentrés d'appui à la recherche Occitanie-Montpellier,https://ror.org/03fkrcm40,https://ror.org/04w07sc25,Sciences pour L’Œnologie,Delete,Production
41014,https://github.com/ror-community/ror-updates/issues/41014,Modify the information in an existing ROR record: Services déconcentrés d'appui à la recherche Occitanie-Montpellier - https://ror.org/03fkrcm40,Sciences pour L’Œnologie,https://ror.org/04w07sc25,https://ror.org/03fkrcm40,Services déconcentrés d'appui à la recherche Occitanie-Montpellier,Delete,Release
41014,https://github.com/ror-community/ror-updates/issues/41014,Modify the information in an existing ROR record: Services déconcentrés d'appui à la recherche Occitanie-Montpellier - https://ror.org/03fkrcm40,Services déconcentrés d'appui à la recherche Occitanie-Montpellier,https://ror.org/03fkrcm40,https://ror.org/05merjr74,Systèmes d’élevage méditerranéens et tropicaux,Delete,Production
41014,https://github.com/ror-community/ror-updates/issues/41014,Modify the information in an existing ROR record: Services déconcentrés d'appui à la recherche Occitanie-Montpellier - https://ror.org/03fkrcm40,Systèmes d’élevage méditerranéens et tropicaux,https://ror.org/05merjr74,https://ror.org/03fkrcm40,Services déconcentrés d'appui à la recherche Occitanie-Montpellier,Delete,Release
41015,https://github.com/ror-community/ror-updates/issues/41015,Modify the information in an existing ROR record: Services déconcentrés d'appui à la recherche Provence-Alpes-Côte d'Azur - https://ror.org/03qbdej90,Services déconcentrés d'appui à la recherche Provence-Alpes-Côte d'Azur,https://ror.org/03qbdej90,https://ror.org/021x7r354,Biodiversité et Biotechnologie Fongiques,Delete,Production
41015,https://github.com/ror-community/ror-updates/issues/41015,Modify the information in an existing ROR record: Services déconcentrés d'appui à la recherche Provence-Alpes-Côte d'Azur - https://ror.org/03qbdej90,Biodiversité et Biotechnologie Fongiques,https://ror.org/021x7r354,https://ror.org/03qbdej90,Services déconcentrés d'appui à la recherche Provence-Alpes-Côte d'Azur,Delete,Release
41015,https://github.com/ror-community/ror-updates/issues/41015,Modify the information in an existing ROR record: Services déconcentrés d'appui à la recherche Provence-Alpes-Côte d'Azur - https://ror.org/03qbdej90,Services déconcentrés d'appui à la recherche Provence-Alpes-Côte d'Azur,https://ror.org/03qbdej90,https://ror.org/01xdxaz62,Sécurité et Qualité des Produits d'Origine Végétale,Delete,Production
41015,https://github.com/ror-community/ror-updates/issues/41015,Modify the information in an existing ROR record: Services déconcentrés d'appui à la recherche Provence-Alpes-Côte d'Azur - https://ror.org/03qbdej90,Sécurité et Qualité des Produits d'Origine Végétale,https://ror.org/01xdxaz62,https://ror.org/03qbdej90,Services déconcentrés d'appui à la recherche Provence-Alpes-Côte d'Azur,Delete,Release
41016,https://github.com/ror-community/ror-updates/issues/41016,Modify the information in an existing ROR record: Services déconcentrés d'appui à la recherche Nouvelle-Aquitaine-Bordeaux - https://ror.org/00tebkv94,Services déconcentrés d'appui à la recherche Nouvelle-Aquitaine-Bordeaux,https://ror.org/00tebkv94,https://ror.org/00ccpdp17,Biologie du Fruit et Pathologie,Delete,Production
41016,https://github.com/ror-community/ror-updates/issues/41016,Modify the information in an existing ROR record: Services déconcentrés d'appui à la recherche Nouvelle-Aquitaine-Bordeaux - https://ror.org/00tebkv94,Biologie du Fruit et Pathologie,https://ror.org/00ccpdp17,https://ror.org/00tebkv94,Services déconcentrés d'appui à la recherche Nouvelle-Aquitaine-Bordeaux,Delete,Release
41016,https://github.com/ror-community/ror-updates/issues/41016,Modify the information in an existing ROR record: Services déconcentrés d'appui à la recherche Nouvelle-Aquitaine-Bordeaux - https://ror.org/00tebkv94,Services déconcentrés d'appui à la recherche Nouvelle-Aquitaine-Bordeaux,https://ror.org/00tebkv94,https://ror.org/004q3z910,Ecophysiologie et Génomique Fonctionnelle de la Vigne,Delete,Production
41016,https://github.com/ror-community/ror-updates/issues/41016,Modify the information in an existing ROR record: Services déconcentrés d'appui à la recherche Nouvelle-Aquitaine-Bordeaux - https://ror.org/00tebkv94,Ecophysiologie et Génomique Fonctionnelle de la Vigne,https://ror.org/004q3z910,https://ror.org/00tebkv94,Services déconcentrés d'appui à la recherche Nouvelle-Aquitaine-Bordeaux,Delete,Release
41016,https://github.com/ror-community/ror-updates/issues/41016,Modify the information in an existing ROR record: Services déconcentrés d'appui à la recherche Nouvelle-Aquitaine-Bordeaux - https://ror.org/00tebkv94,Services déconcentrés d'appui à la recherche Nouvelle-Aquitaine-Bordeaux,https://ror.org/00tebkv94,https://ror.org/04hw9c755,NutriNeuro,Delete,Production
41016,https://github.com/ror-community/ror-updates/issues/41016,Modify the information in an existing ROR record: Services déconcentrés d'appui à la recherche Nouvelle-Aquitaine-Bordeaux - https://ror.org/00tebkv94,NutriNeuro,https://ror.org/04hw9c755,https://ror.org/00tebkv94,Services déconcentrés d'appui à la recherche Nouvelle-Aquitaine-Bordeaux,Delete,Release
41016,https://github.com/ror-community/ror-updates/issues/41016,Modify the information in an existing ROR record: Services déconcentrés d'appui à la recherche Nouvelle-Aquitaine-Bordeaux - https://ror.org/00tebkv94,Services déconcentrés d'appui à la recherche Nouvelle-Aquitaine-Bordeaux,https://ror.org/00tebkv94,https://ror.org/021wgs783,Nutrition Metabolism Aquaculture,Delete,Production
41016,https://github.com/ror-community/ror-updates/issues/41016,Modify the information in an existing ROR record: Services déconcentrés d'appui à la recherche Nouvelle-Aquitaine-Bordeaux - https://ror.org/00tebkv94,Nutrition Metabolism Aquaculture,https://ror.org/021wgs783,https://ror.org/00tebkv94,Services déconcentrés d'appui à la recherche Nouvelle-Aquitaine-Bordeaux,Delete,Release
41016,https://github.com/ror-community/ror-updates/issues/41016,Modify the information in an existing ROR record: Services déconcentrés d'appui à la recherche Nouvelle-Aquitaine-Bordeaux - https://ror.org/00tebkv94,Services déconcentrés d'appui à la recherche Nouvelle-Aquitaine-Bordeaux,https://ror.org/00tebkv94,https://ror.org/0473hxz56,Unité mixte de recherche Œnologie,Delete,Production
41016,https://github.com/ror-community/ror-updates/issues/41016,Modify the information in an existing ROR record: Services déconcentrés d'appui à la recherche Nouvelle-Aquitaine-Bordeaux - https://ror.org/00tebkv94,Unité mixte de recherche Œnologie,https://ror.org/0473hxz56,https://ror.org/00tebkv94,Services déconcentrés d'appui à la recherche Nouvelle-Aquitaine-Bordeaux,Delete,Release
41016,https://github.com/ror-community/ror-updates/issues/41016,Modify the information in an existing ROR record: Services déconcentrés d'appui à la recherche Nouvelle-Aquitaine-Bordeaux - https://ror.org/00tebkv94,Services déconcentrés d'appui à la recherche Nouvelle-Aquitaine-Bordeaux,https://ror.org/00tebkv94,https://ror.org/020dmyn61,EMERGREEN,Delete,Production
41016,https://github.com/ror-community/ror-updates/issues/41016,Modify the information in an existing ROR record: Services déconcentrés d'appui à la recherche Nouvelle-Aquitaine-Bordeaux - https://ror.org/00tebkv94,EMERGREEN,https://ror.org/020dmyn61,https://ror.org/00tebkv94,Services déconcentrés d'appui à la recherche Nouvelle-Aquitaine-Bordeaux,Delete,Release
41017,https://github.com/ror-community/ror-updates/issues/41017,Modify the information in an existing ROR record: Services déconcentrés d'appui à la recherche Pays de la Loire - https://ror.org/020jynt45,Services déconcentrés d'appui à la recherche Pays de la Loire,https://ror.org/020jynt45,https://ror.org/00kewvc41,Laboratoire D'étude des Résidus et Contaminants Dans les Aliments,Delete,Production
41017,https://github.com/ror-community/ror-updates/issues/41017,Modify the information in an existing ROR record: Services déconcentrés d'appui à la recherche Pays de la Loire - https://ror.org/020jynt45,Laboratoire D'étude des Résidus et Contaminants Dans les Aliments,https://ror.org/00kewvc41,https://ror.org/020jynt45,Services déconcentrés d'appui à la recherche Pays de la Loire,Delete,Release
41017,https://github.com/ror-community/ror-updates/issues/41017,Modify the information in an existing ROR record: Services déconcentrés d'appui à la recherche Pays de la Loire - https://ror.org/020jynt45,Services déconcentrés d'appui à la recherche Pays de la Loire,https://ror.org/020jynt45,https://ror.org/000n0fx93,Signalisation Fonctionnelle des Canaux Ioniques et Récepteurs,Delete,Production
41017,https://github.com/ror-community/ror-updates/issues/41017,Modify the information in an existing ROR record: Services déconcentrés d'appui à la recherche Pays de la Loire - https://ror.org/020jynt45,Signalisation Fonctionnelle des Canaux Ioniques et Récepteurs,https://ror.org/000n0fx93,https://ror.org/020jynt45,Services déconcentrés d'appui à la recherche Pays de la Loire,Delete,Release
41017,https://github.com/ror-community/ror-updates/issues/41017,Modify the information in an existing ROR record: Services déconcentrés d'appui à la recherche Pays de la Loire - https://ror.org/020jynt45,Services déconcentrés d'appui à la recherche Pays de la Loire,https://ror.org/020jynt45,https://ror.org/02xq0x374,Institut de Recherche en Horticulture et Semences,Delete,Production
41017,https://github.com/ror-community/ror-updates/issues/41017,Modify the information in an existing ROR record: Services déconcentrés d'appui à la recherche Pays de la Loire - https://ror.org/020jynt45,Institut de Recherche en Horticulture et Semences,https://ror.org/02xq0x374,https://ror.org/020jynt45,Services déconcentrés d'appui à la recherche Pays de la Loire,Delete,Release
41017,https://github.com/ror-community/ror-updates/issues/41017,Modify the information in an existing ROR record: Services déconcentrés d'appui à la recherche Pays de la Loire - https://ror.org/020jynt45,Services déconcentrés d'appui à la recherche Pays de la Loire,https://ror.org/020jynt45,https://ror.org/002a9y532,Unité de Recherche Technologie et Analyses Laitières,Delete,Production
41017,https://github.com/ror-community/ror-updates/issues/41017,Modify the information in an existing ROR record: Services déconcentrés d'appui à la recherche Pays de la Loire - https://ror.org/020jynt45,Unité de Recherche Technologie et Analyses Laitières,https://ror.org/002a9y532,https://ror.org/020jynt45,Services déconcentrés d'appui à la recherche Pays de la Loire,Delete,Release
41018,https://github.com/ror-community/ror-updates/issues/41018,Modify the information in an existing ROR record: Services déconcentrés d'appui à la recherche Clermont-Auvergne-Rhône-Alpes - https://ror.org/04aqtsh50,Services déconcentrés d'appui à la recherche Clermont-Auvergne-Rhône-Alpes,https://ror.org/04aqtsh50,https://ror.org/04397qy32,"Génétique, Diversité, Écophysiologie des Céréales",Delete,Production
41018,https://github.com/ror-community/ror-updates/issues/41018,Modify the information in an existing ROR record: Services déconcentrés d'appui à la recherche Clermont-Auvergne-Rhône-Alpes - https://ror.org/04aqtsh50,"Génétique, Diversité, Écophysiologie des Céréales",https://ror.org/04397qy32,https://ror.org/04aqtsh50,Services déconcentrés d'appui à la recherche Clermont-Auvergne-Rhône-Alpes,Delete,Release
41019,https://github.com/ror-community/ror-updates/issues/41019,Modify the information in an existing ROR record: Centre de Traitement de l'Information Génétique - https://ror.org/05h7q1840,Centre de Traitement de l'Information Génétique,https://ror.org/05h7q1840,https://ror.org/03xjwb503,Université Paris-Saclay,Parent,Production
41019,https://github.com/ror-community/ror-updates/issues/41019,Modify the information in an existing ROR record: Centre de Traitement de l'Information Génétique - https://ror.org/05h7q1840,Université Paris-Saclay,https://ror.org/03xjwb503,https://ror.org/05h7q1840,Centre de Traitement de l'Information Génétique,Child,Release
41020,https://github.com/ror-community/ror-updates/issues/41020,Modify the information in an existing ROR record: Virologie et Immunologie Moléculaires - https://ror.org/01jvz7e61,Virologie et Immunologie Moléculaires,https://ror.org/01jvz7e61,https://ror.org/03xjwb503,Université Paris-Saclay,Parent,Production
41020,https://github.com/ror-community/ror-updates/issues/41020,Modify the information in an existing ROR record: Virologie et Immunologie Moléculaires - https://ror.org/01jvz7e61,Université Paris-Saclay,https://ror.org/03xjwb503,https://ror.org/01jvz7e61,Virologie et Immunologie Moléculaires,Child,Release
41021,https://github.com/ror-community/ror-updates/issues/41021,Modify the information in an existing ROR record: IERP : Infectiologie Expérimentale des Rongeurs et Poissons - https://ror.org/01t3qpe29,IERP : Infectiologie Expérimentale des Rongeurs et Poissons,https://ror.org/01t3qpe29,https://ror.org/03xjwb503,Université Paris-Saclay,Parent,Production
41021,https://github.com/ror-community/ror-updates/issues/41021,Modify the information in an existing ROR record: IERP : Infectiologie Expérimentale des Rongeurs et Poissons - https://ror.org/01t3qpe29,Université Paris-Saclay,https://ror.org/03xjwb503,https://ror.org/01t3qpe29,IERP : Infectiologie Expérimentale des Rongeurs et Poissons,Child,Release
41022,https://github.com/ror-community/ror-updates/issues/41022,Modify the information in an existing ROR record: Ressources génomique-info - https://ror.org/04etk8241,Ressources génomique-info,https://ror.org/04etk8241,https://ror.org/03xjwb503,Université Paris-Saclay,Parent,Production
41022,https://github.com/ror-community/ror-updates/issues/41022,Modify the information in an existing ROR record: Ressources génomique-info - https://ror.org/04etk8241,Université Paris-Saclay,https://ror.org/03xjwb503,https://ror.org/04etk8241,Ressources génomique-info,Child,Release
41023,https://github.com/ror-community/ror-updates/issues/41023,Modify the information in an existing ROR record: Unité Expérimentale Versailles Saclay - https://ror.org/02y8eey83,Unité Expérimentale Versailles Saclay,https://ror.org/02y8eey83,https://ror.org/03xjwb503,Université Paris-Saclay,Parent,Production
41023,https://github.com/ror-community/ror-updates/issues/41023,Modify the information in an existing ROR record: Unité Expérimentale Versailles Saclay - https://ror.org/02y8eey83,Université Paris-Saclay,https://ror.org/03xjwb503,https://ror.org/02y8eey83,Unité Expérimentale Versailles Saclay,Child,Release
41024,https://github.com/ror-community/ror-updates/issues/41024,Modify the information in an existing ROR record: Etude du Polymorphisme des Génomes Végétaux - https://ror.org/048dnaz08,Etude du Polymorphisme des Génomes Végétaux,https://ror.org/048dnaz08,https://ror.org/03xjwb503,Université Paris-Saclay,Parent,Production
41024,https://github.com/ror-community/ror-updates/issues/41024,Modify the information in an existing ROR record: Etude du Polymorphisme des Génomes Végétaux - https://ror.org/048dnaz08,Université Paris-Saclay,https://ror.org/03xjwb503,https://ror.org/048dnaz08,Etude du Polymorphisme des Génomes Végétaux,Child,Release
41025,https://github.com/ror-community/ror-updates/issues/41025,Modify the information in an existing ROR record: Sciences de l'animal de Jouy - https://ror.org/04ztc2y03,Sciences de l'animal de Jouy,https://ror.org/04ztc2y03,https://ror.org/03xjwb503,Université Paris-Saclay,Parent,Production
41025,https://github.com/ror-community/ror-updates/issues/41025,Modify the information in an existing ROR record: Sciences de l'animal de Jouy - https://ror.org/04ztc2y03,Université Paris-Saclay,https://ror.org/03xjwb503,https://ror.org/04ztc2y03,Sciences de l'animal de Jouy,Child,Release
41026,https://github.com/ror-community/ror-updates/issues/41026,Modify the information in an existing ROR record: MetaGenoPolis - https://ror.org/00j4knb04,MetaGenoPolis,https://ror.org/00j4knb04,https://ror.org/03xjwb503,Université Paris-Saclay,Parent,Production
41026,https://github.com/ror-community/ror-updates/issues/41026,Modify the information in an existing ROR record: MetaGenoPolis - https://ror.org/00j4knb04,Université Paris-Saclay,https://ror.org/03xjwb503,https://ror.org/00j4knb04,MetaGenoPolis,Child,Release
41027,https://github.com/ror-community/ror-updates/issues/41027,Modify the information in an existing ROR record: Mathématiques et Informatique Appliquées du Génome à l'Environnement - https://ror.org/05qdnns64,Mathématiques et Informatique Appliquées du Génome à l'Environnement,https://ror.org/05qdnns64,https://ror.org/03xjwb503,Université Paris-Saclay,Parent,Production
41027,https://github.com/ror-community/ror-updates/issues/41027,Modify the information in an existing ROR record: Mathématiques et Informatique Appliquées du Génome à l'Environnement - https://ror.org/05qdnns64,Université Paris-Saclay,https://ror.org/03xjwb503,https://ror.org/05qdnns64,Mathématiques et Informatique Appliquées du Génome à l'Environnement,Child,Release
41028,https://github.com/ror-community/ror-updates/issues/41028,Modify the information in an existing ROR record: Génie des procédés FRIgorifiques pour la Sécurité alimentaire et l'Environnement - https://ror.org/03gvw0533,Génie des procédés FRIgorifiques pour la Sécurité alimentaire et l'Environnement,https://ror.org/03gvw0533,https://ror.org/03xjwb503,Université Paris-Saclay,Parent,Production
41028,https://github.com/ror-community/ror-updates/issues/41028,Modify the information in an existing ROR record: Génie des procédés FRIgorifiques pour la Sécurité alimentaire et l'Environnement - https://ror.org/03gvw0533,Université Paris-Saclay,https://ror.org/03xjwb503,https://ror.org/03gvw0533,Génie des procédés FRIgorifiques pour la Sécurité alimentaire et l'Environnement,Child,Release
41029,https://github.com/ror-community/ror-updates/issues/41029,Modify the information in an existing ROR record: PRocédés biOtechnologiques au Service de l'Environnement - https://ror.org/051qwvk84,PRocédés biOtechnologiques au Service de l'Environnement,https://ror.org/051qwvk84,https://ror.org/03xjwb503,Université Paris-Saclay,Parent,Production
41029,https://github.com/ror-community/ror-updates/issues/41029,Modify the information in an existing ROR record: PRocédés biOtechnologiques au Service de l'Environnement - https://ror.org/051qwvk84,Université Paris-Saclay,https://ror.org/03xjwb503,https://ror.org/051qwvk84,PRocédés biOtechnologiques au Service de l'Environnement,Child,Release
41030,https://github.com/ror-community/ror-updates/issues/41030,"Modify the information in an existing ROR record: Hydrosystèmes continentaux anthropisés : ressources, risques, restauration - https://ror.org/00ndgn179","Hydrosystèmes continentaux anthropisés : ressources, risques, restauration",https://ror.org/00ndgn179,https://ror.org/03xjwb503,Université Paris-Saclay,Parent,Production
41030,https://github.com/ror-community/ror-updates/issues/41030,"Modify the information in an existing ROR record: Hydrosystèmes continentaux anthropisés : ressources, risques, restauration - https://ror.org/00ndgn179",Université Paris-Saclay,https://ror.org/03xjwb503,https://ror.org/00ndgn179,"Hydrosystèmes continentaux anthropisés : ressources, risques, restauration",Child,Release
41031,https://github.com/ror-community/ror-updates/issues/41031,Modify the information in an existing ROR record: Démonstrateur préindustriel Ferments du Futur - https://ror.org/02y37b355,Démonstrateur préindustriel Ferments du Futur,https://ror.org/02y37b355,https://ror.org/03xjwb503,Université Paris-Saclay,Parent,Production
41031,https://github.com/ror-community/ror-updates/issues/41031,Modify the information in an existing ROR record: Démonstrateur préindustriel Ferments du Futur - https://ror.org/02y37b355,Université Paris-Saclay,https://ror.org/03xjwb503,https://ror.org/02y37b355,Démonstrateur préindustriel Ferments du Futur,Child,Release
41032,https://github.com/ror-community/ror-updates/issues/41032,Modify the information in an existing ROR record: Laboratoire Animal et Agroécosystèmes - https://ror.org/02ynmc580,Laboratoire Animal et Agroécosystèmes,https://ror.org/02ynmc580,https://ror.org/003vg9w96,"Institut National de Recherche pour l'Agriculture, l'Alimentation et l'Environnement",Parent,Production
41032,https://github.com/ror-community/ror-updates/issues/41032,Modify the information in an existing ROR record: Laboratoire Animal et Agroécosystèmes - https://ror.org/02ynmc580,"Institut National de Recherche pour l'Agriculture, l'Alimentation et l'Environnement",https://ror.org/003vg9w96,https://ror.org/02ynmc580,Laboratoire Animal et Agroécosystèmes,Child,Release
41032,https://github.com/ror-community/ror-updates/issues/41032,Modify the information in an existing ROR record: Laboratoire Animal et Agroécosystèmes - https://ror.org/02ynmc580,Laboratoire Animal et Agroécosystèmes,https://ror.org/02ynmc580,https://ror.org/00zg31r41,Antenne Services déconcentrés d'appui à la recherche Grand Est-Nancy/Colmar,Delete,Production
41032,https://github.com/ror-community/ror-updates/issues/41032,Modify the information in an existing ROR record: Laboratoire Animal et Agroécosystèmes - https://ror.org/02ynmc580,Antenne Services déconcentrés d'appui à la recherche Grand Est-Nancy/Colmar,https://ror.org/00zg31r41,https://ror.org/02ynmc580,Laboratoire Animal et Agroécosystèmes,Delete,Release
41033,https://github.com/ror-community/ror-updates/issues/41033,Modify the information in an existing ROR record: Sécurité et Qualité des Produits d'Origine Végétale - https://ror.org/01xdxaz62,Sécurité et Qualité des Produits d'Origine Végétale,https://ror.org/01xdxaz62,https://ror.org/003vg9w96,"Institut National de Recherche pour l'Agriculture, l'Alimentation et l'Environnement",Parent,Production
41033,https://github.com/ror-community/ror-updates/issues/41033,Modify the information in an existing ROR record: Sécurité et Qualité des Produits d'Origine Végétale - https://ror.org/01xdxaz62,"Institut National de Recherche pour l'Agriculture, l'Alimentation et l'Environnement",https://ror.org/003vg9w96,https://ror.org/01xdxaz62,Sécurité et Qualité des Produits d'Origine Végétale,Child,Release
41033,https://github.com/ror-community/ror-updates/issues/41033,Modify the information in an existing ROR record: Sécurité et Qualité des Produits d'Origine Végétale - https://ror.org/01xdxaz62,Sécurité et Qualité des Produits d'Origine Végétale,https://ror.org/01xdxaz62,https://ror.org/03qbdej90,Services déconcentrés d'appui à la recherche Provence-Alpes-Côte d'Azur,Delete,Production
41033,https://github.com/ror-community/ror-updates/issues/41033,Modify the information in an existing ROR record: Sécurité et Qualité des Produits d'Origine Végétale - https://ror.org/01xdxaz62,Services déconcentrés d'appui à la recherche Provence-Alpes-Côte d'Azur,https://ror.org/03qbdej90,https://ror.org/01xdxaz62,Sécurité et Qualité des Produits d'Origine Végétale,Delete,Release
41034,https://github.com/ror-community/ror-updates/issues/41034,Modify the information in an existing ROR record: Microbiologie Environnement Digestif Santé - https://ror.org/03d0rdy88,Microbiologie Environnement Digestif Santé,https://ror.org/03d0rdy88,https://ror.org/003vg9w96,"Institut National de Recherche pour l'Agriculture, l'Alimentation et l'Environnement",Parent,Production
41034,https://github.com/ror-community/ror-updates/issues/41034,Modify the information in an existing ROR record: Microbiologie Environnement Digestif Santé - https://ror.org/03d0rdy88,"Institut National de Recherche pour l'Agriculture, l'Alimentation et l'Environnement",https://ror.org/003vg9w96,https://ror.org/03d0rdy88,Microbiologie Environnement Digestif Santé,Child,Release
41035,https://github.com/ror-community/ror-updates/issues/41035,Modify the information in an existing ROR record: Physique et Physiologie Intégratives de l'Arbre en Environnement Fluctuant - https://ror.org/03atqv648,Physique et Physiologie Intégratives de l'Arbre en Environnement Fluctuant,https://ror.org/03atqv648,https://ror.org/003vg9w96,"Institut National de Recherche pour l'Agriculture, l'Alimentation et l'Environnement",Parent,Production
41035,https://github.com/ror-community/ror-updates/issues/41035,Modify the information in an existing ROR record: Physique et Physiologie Intégratives de l'Arbre en Environnement Fluctuant - https://ror.org/03atqv648,"Institut National de Recherche pour l'Agriculture, l'Alimentation et l'Environnement",https://ror.org/003vg9w96,https://ror.org/03atqv648,Physique et Physiologie Intégratives de l'Arbre en Environnement Fluctuant,Child,Release
41036,https://github.com/ror-community/ror-updates/issues/41036,Modify the information in an existing ROR record: Systèmes d’élevage méditerranéens et tropicaux - https://ror.org/05merjr74,Systèmes d’élevage méditerranéens et tropicaux,https://ror.org/05merjr74,https://ror.org/003vg9w96,"Institut National de Recherche pour l'Agriculture, l'Alimentation et l'Environnement",Parent,Production
41036,https://github.com/ror-community/ror-updates/issues/41036,Modify the information in an existing ROR record: Systèmes d’élevage méditerranéens et tropicaux - https://ror.org/05merjr74,"Institut National de Recherche pour l'Agriculture, l'Alimentation et l'Environnement",https://ror.org/003vg9w96,https://ror.org/05merjr74,Systèmes d’élevage méditerranéens et tropicaux,Child,Release
41036,https://github.com/ror-community/ror-updates/issues/41036,Modify the information in an existing ROR record: Systèmes d’élevage méditerranéens et tropicaux - https://ror.org/05merjr74,Systèmes d’élevage méditerranéens et tropicaux,https://ror.org/05merjr74,https://ror.org/03fkrcm40,Services déconcentrés d'appui à la recherche Occitanie-Montpellier,Delete,Production
41036,https://github.com/ror-community/ror-updates/issues/41036,Modify the information in an existing ROR record: Systèmes d’élevage méditerranéens et tropicaux - https://ror.org/05merjr74,Services déconcentrés d'appui à la recherche Occitanie-Montpellier,https://ror.org/03fkrcm40,https://ror.org/05merjr74,Systèmes d’élevage méditerranéens et tropicaux,Delete,Release
41037,https://github.com/ror-community/ror-updates/issues/41037,Modify the information in an existing ROR record: UMR Botanique et Modélisation de l’Architecture des Plantes et des végétations - https://ror.org/020nks034,UMR Botanique et Modélisation de l’Architecture des Plantes et des végétations,https://ror.org/020nks034,https://ror.org/003vg9w96,"Institut National de Recherche pour l'Agriculture, l'Alimentation et l'Environnement",Parent,Production
41037,https://github.com/ror-community/ror-updates/issues/41037,Modify the information in an existing ROR record: UMR Botanique et Modélisation de l’Architecture des Plantes et des végétations - https://ror.org/020nks034,"Institut National de Recherche pour l'Agriculture, l'Alimentation et l'Environnement",https://ror.org/003vg9w96,https://ror.org/020nks034,UMR Botanique et Modélisation de l’Architecture des Plantes et des végétations,Child,Release
41037,https://github.com/ror-community/ror-updates/issues/41037,Modify the information in an existing ROR record: UMR Botanique et Modélisation de l’Architecture des Plantes et des végétations - https://ror.org/020nks034,UMR Botanique et Modélisation de l’Architecture des Plantes et des végétations,https://ror.org/020nks034,https://ror.org/03fkrcm40,Services déconcentrés d'appui à la recherche Occitanie-Montpellier,Delete,Production
41037,https://github.com/ror-community/ror-updates/issues/41037,Modify the information in an existing ROR record: UMR Botanique et Modélisation de l’Architecture des Plantes et des végétations - https://ror.org/020nks034,Services déconcentrés d'appui à la recherche Occitanie-Montpellier,https://ror.org/03fkrcm40,https://ror.org/020nks034,UMR Botanique et Modélisation de l’Architecture des Plantes et des végétations,Delete,Release
41038,https://github.com/ror-community/ror-updates/issues/41038,Modify the information in an existing ROR record: Bipar - https://ror.org/027364b18,Bipar,https://ror.org/027364b18,https://ror.org/003vg9w96,"Institut National de Recherche pour l'Agriculture, l'Alimentation et l'Environnement",Parent,Production
41038,https://github.com/ror-community/ror-updates/issues/41038,Modify the information in an existing ROR record: Bipar - https://ror.org/027364b18,"Institut National de Recherche pour l'Agriculture, l'Alimentation et l'Environnement",https://ror.org/003vg9w96,https://ror.org/027364b18,Bipar,Child,Release
41038,https://github.com/ror-community/ror-updates/issues/41038,Modify the information in an existing ROR record: Bipar - https://ror.org/027364b18,Bipar,https://ror.org/027364b18,https://ror.org/00gtg0p11,Services déconcentrés d'appui à la recherche Ile-de-France-Jouy-en-Josas-Antony,Delete,Production
41038,https://github.com/ror-community/ror-updates/issues/41038,Modify the information in an existing ROR record: Bipar - https://ror.org/027364b18,Services déconcentrés d'appui à la recherche Ile-de-France-Jouy-en-Josas-Antony,https://ror.org/00gtg0p11,https://ror.org/027364b18,Bipar,Delete,Release
41039,https://github.com/ror-community/ror-updates/issues/41039,Modify the information in an existing ROR record: Sciences pour L’Œnologie - https://ror.org/04w07sc25,Sciences pour L’Œnologie,https://ror.org/04w07sc25,https://ror.org/003vg9w96,"Institut National de Recherche pour l'Agriculture, l'Alimentation et l'Environnement",Parent,Production
41039,https://github.com/ror-community/ror-updates/issues/41039,Modify the information in an existing ROR record: Sciences pour L’Œnologie - https://ror.org/04w07sc25,"Institut National de Recherche pour l'Agriculture, l'Alimentation et l'Environnement",https://ror.org/003vg9w96,https://ror.org/04w07sc25,Sciences pour L’Œnologie,Child,Release
41039,https://github.com/ror-community/ror-updates/issues/41039,Modify the information in an existing ROR record: Sciences pour L’Œnologie - https://ror.org/04w07sc25,Sciences pour L’Œnologie,https://ror.org/04w07sc25,https://ror.org/03fkrcm40,Services déconcentrés d'appui à la recherche Occitanie-Montpellier,Delete,Production
41039,https://github.com/ror-community/ror-updates/issues/41039,Modify the information in an existing ROR record: Sciences pour L’Œnologie - https://ror.org/04w07sc25,Services déconcentrés d'appui à la recherche Occitanie-Montpellier,https://ror.org/03fkrcm40,https://ror.org/04w07sc25,Sciences pour L’Œnologie,Delete,Release
41040,https://github.com/ror-community/ror-updates/issues/41040,"Modify the information in an existing ROR record: Génétique, Diversité, Écophysiologie des Céréales - https://ror.org/04397qy32","Génétique, Diversité, Écophysiologie des Céréales",https://ror.org/04397qy32,https://ror.org/003vg9w96,"Institut National de Recherche pour l'Agriculture, l'Alimentation et l'Environnement",Parent,Production
41040,https://github.com/ror-community/ror-updates/issues/41040,"Modify the information in an existing ROR record: Génétique, Diversité, Écophysiologie des Céréales - https://ror.org/04397qy32","Institut National de Recherche pour l'Agriculture, l'Alimentation et l'Environnement",https://ror.org/003vg9w96,https://ror.org/04397qy32,"Génétique, Diversité, Écophysiologie des Céréales",Child,Release
41040,https://github.com/ror-community/ror-updates/issues/41040,"Modify the information in an existing ROR record: Génétique, Diversité, Écophysiologie des Céréales - https://ror.org/04397qy32","Génétique, Diversité, Écophysiologie des Céréales",https://ror.org/04397qy32,https://ror.org/04aqtsh50,Services déconcentrés d'appui à la recherche Clermont-Auvergne-Rhône-Alpes,Delete,Production
41040,https://github.com/ror-community/ror-updates/issues/41040,"Modify the information in an existing ROR record: Génétique, Diversité, Écophysiologie des Céréales - https://ror.org/04397qy32",Services déconcentrés d'appui à la recherche Clermont-Auvergne-Rhône-Alpes,https://ror.org/04aqtsh50,https://ror.org/04397qy32,"Génétique, Diversité, Écophysiologie des Céréales",Delete,Release
41041,https://github.com/ror-community/ror-updates/issues/41041,Modify the information in an existing ROR record: Laboratoire Sols et Environnement - https://ror.org/01e8etd40,Laboratoire Sols et Environnement,https://ror.org/01e8etd40,https://ror.org/003vg9w96,"Institut National de Recherche pour l'Agriculture, l'Alimentation et l'Environnement",Parent,Production
41041,https://github.com/ror-community/ror-updates/issues/41041,Modify the information in an existing ROR record: Laboratoire Sols et Environnement - https://ror.org/01e8etd40,"Institut National de Recherche pour l'Agriculture, l'Alimentation et l'Environnement",https://ror.org/003vg9w96,https://ror.org/01e8etd40,Laboratoire Sols et Environnement,Child,Release
41041,https://github.com/ror-community/ror-updates/issues/41041,Modify the information in an existing ROR record: Laboratoire Sols et Environnement - https://ror.org/01e8etd40,Laboratoire Sols et Environnement,https://ror.org/01e8etd40,https://ror.org/00zg31r41,Antenne Services déconcentrés d'appui à la recherche Grand Est-Nancy/Colmar,Delete,Production
41041,https://github.com/ror-community/ror-updates/issues/41041,Modify the information in an existing ROR record: Laboratoire Sols et Environnement - https://ror.org/01e8etd40,Antenne Services déconcentrés d'appui à la recherche Grand Est-Nancy/Colmar,https://ror.org/00zg31r41,https://ror.org/01e8etd40,Laboratoire Sols et Environnement,Delete,Release
41042,https://github.com/ror-community/ror-updates/issues/41042,Modify the information in an existing ROR record: Interactions Arbres-Microorganismes - https://ror.org/03c4rpa03,Interactions Arbres-Microorganismes,https://ror.org/03c4rpa03,https://ror.org/003vg9w96,"Institut National de Recherche pour l'Agriculture, l'Alimentation et l'Environnement",Parent,Production
41042,https://github.com/ror-community/ror-updates/issues/41042,Modify the information in an existing ROR record: Interactions Arbres-Microorganismes - https://ror.org/03c4rpa03,"Institut National de Recherche pour l'Agriculture, l'Alimentation et l'Environnement",https://ror.org/003vg9w96,https://ror.org/03c4rpa03,Interactions Arbres-Microorganismes,Child,Release
41042,https://github.com/ror-community/ror-updates/issues/41042,Modify the information in an existing ROR record: Interactions Arbres-Microorganismes - https://ror.org/03c4rpa03,Interactions Arbres-Microorganismes,https://ror.org/03c4rpa03,https://ror.org/00zg31r41,Antenne Services déconcentrés d'appui à la recherche Grand Est-Nancy/Colmar,Delete,Production
41042,https://github.com/ror-community/ror-updates/issues/41042,Modify the information in an existing ROR record: Interactions Arbres-Microorganismes - https://ror.org/03c4rpa03,Antenne Services déconcentrés d'appui à la recherche Grand Est-Nancy/Colmar,https://ror.org/00zg31r41,https://ror.org/03c4rpa03,Interactions Arbres-Microorganismes,Delete,Release
41043,https://github.com/ror-community/ror-updates/issues/41043,Modify the information in an existing ROR record: Biodiversité et Biotechnologie Fongiques - https://ror.org/021x7r354,Biodiversité et Biotechnologie Fongiques,https://ror.org/021x7r354,https://ror.org/003vg9w96,"Institut National de Recherche pour l'Agriculture, l'Alimentation et l'Environnement",Parent,Production
41043,https://github.com/ror-community/ror-updates/issues/41043,Modify the information in an existing ROR record: Biodiversité et Biotechnologie Fongiques - https://ror.org/021x7r354,"Institut National de Recherche pour l'Agriculture, l'Alimentation et l'Environnement",https://ror.org/003vg9w96,https://ror.org/021x7r354,Biodiversité et Biotechnologie Fongiques,Child,Release
41043,https://github.com/ror-community/ror-updates/issues/41043,Modify the information in an existing ROR record: Biodiversité et Biotechnologie Fongiques - https://ror.org/021x7r354,Biodiversité et Biotechnologie Fongiques,https://ror.org/021x7r354,https://ror.org/03qbdej90,Services déconcentrés d'appui à la recherche Provence-Alpes-Côte d'Azur,Delete,Production
41043,https://github.com/ror-community/ror-updates/issues/41043,Modify the information in an existing ROR record: Biodiversité et Biotechnologie Fongiques - https://ror.org/021x7r354,Services déconcentrés d'appui à la recherche Provence-Alpes-Côte d'Azur,https://ror.org/03qbdej90,https://ror.org/021x7r354,Biodiversité et Biotechnologie Fongiques,Delete,Release
41044,https://github.com/ror-community/ror-updates/issues/41044,Modify the information in an existing ROR record: Ecologie fonctionnelle & biogéochimie des sols & des agro-systèmes - https://ror.org/00b80ez59,Ecologie fonctionnelle & biogéochimie des sols & des agro-systèmes,https://ror.org/00b80ez59,https://ror.org/003vg9w96,"Institut National de Recherche pour l'Agriculture, l'Alimentation et l'Environnement",Parent,Production
41044,https://github.com/ror-community/ror-updates/issues/41044,Modify the information in an existing ROR record: Ecologie fonctionnelle & biogéochimie des sols & des agro-systèmes - https://ror.org/00b80ez59,"Institut National de Recherche pour l'Agriculture, l'Alimentation et l'Environnement",https://ror.org/003vg9w96,https://ror.org/00b80ez59,Ecologie fonctionnelle & biogéochimie des sols & des agro-systèmes,Child,Release
41044,https://github.com/ror-community/ror-updates/issues/41044,Modify the information in an existing ROR record: Ecologie fonctionnelle & biogéochimie des sols & des agro-systèmes - https://ror.org/00b80ez59,Ecologie fonctionnelle & biogéochimie des sols & des agro-systèmes,https://ror.org/00b80ez59,https://ror.org/03fkrcm40,Services déconcentrés d'appui à la recherche Occitanie-Montpellier,Delete,Production
41044,https://github.com/ror-community/ror-updates/issues/41044,Modify the information in an existing ROR record: Ecologie fonctionnelle & biogéochimie des sols & des agro-systèmes - https://ror.org/00b80ez59,Services déconcentrés d'appui à la recherche Occitanie-Montpellier,https://ror.org/03fkrcm40,https://ror.org/00b80ez59,Ecologie fonctionnelle & biogéochimie des sols & des agro-systèmes,Delete,Release
41045,https://github.com/ror-community/ror-updates/issues/41045,Modify the information in an existing ROR record: NutriNeuro - https://ror.org/04hw9c755,NutriNeuro,https://ror.org/04hw9c755,https://ror.org/003vg9w96,"Institut National de Recherche pour l'Agriculture, l'Alimentation et l'Environnement",Parent,Production
41045,https://github.com/ror-community/ror-updates/issues/41045,Modify the information in an existing ROR record: NutriNeuro - https://ror.org/04hw9c755,"Institut National de Recherche pour l'Agriculture, l'Alimentation et l'Environnement",https://ror.org/003vg9w96,https://ror.org/04hw9c755,NutriNeuro,Child,Release
41045,https://github.com/ror-community/ror-updates/issues/41045,Modify the information in an existing ROR record: NutriNeuro - https://ror.org/04hw9c755,NutriNeuro,https://ror.org/04hw9c755,https://ror.org/00tebkv94,Services déconcentrés d'appui à la recherche Nouvelle-Aquitaine-Bordeaux,Delete,Production
41045,https://github.com/ror-community/ror-updates/issues/41045,Modify the information in an existing ROR record: NutriNeuro - https://ror.org/04hw9c755,Services déconcentrés d'appui à la recherche Nouvelle-Aquitaine-Bordeaux,https://ror.org/00tebkv94,https://ror.org/04hw9c755,NutriNeuro,Delete,Release
41046,https://github.com/ror-community/ror-updates/issues/41046,Modify the information in an existing ROR record: Ecophysiologie et Génomique Fonctionnelle de la Vigne - https://ror.org/004q3z910,Ecophysiologie et Génomique Fonctionnelle de la Vigne,https://ror.org/004q3z910,https://ror.org/003vg9w96,"Institut National de Recherche pour l'Agriculture, l'Alimentation et l'Environnement",Parent,Production
41046,https://github.com/ror-community/ror-updates/issues/41046,Modify the information in an existing ROR record: Ecophysiologie et Génomique Fonctionnelle de la Vigne - https://ror.org/004q3z910,"Institut National de Recherche pour l'Agriculture, l'Alimentation et l'Environnement",https://ror.org/003vg9w96,https://ror.org/004q3z910,Ecophysiologie et Génomique Fonctionnelle de la Vigne,Child,Release
41046,https://github.com/ror-community/ror-updates/issues/41046,Modify the information in an existing ROR record: Ecophysiologie et Génomique Fonctionnelle de la Vigne - https://ror.org/004q3z910,Ecophysiologie et Génomique Fonctionnelle de la Vigne,https://ror.org/004q3z910,https://ror.org/00tebkv94,Services déconcentrés d'appui à la recherche Nouvelle-Aquitaine-Bordeaux,Delete,Production
41046,https://github.com/ror-community/ror-updates/issues/41046,Modify the information in an existing ROR record: Ecophysiologie et Génomique Fonctionnelle de la Vigne - https://ror.org/004q3z910,Services déconcentrés d'appui à la recherche Nouvelle-Aquitaine-Bordeaux,https://ror.org/00tebkv94,https://ror.org/004q3z910,Ecophysiologie et Génomique Fonctionnelle de la Vigne,Delete,Release
41047,https://github.com/ror-community/ror-updates/issues/41047,"Modify the information in an existing ROR record: Animal, Santé, Territoires, Risques et Ecosystèmes - https://ror.org/006fhby04","Animal, Santé, Territoires, Risques et Ecosystèmes",https://ror.org/006fhby04,https://ror.org/003vg9w96,"Institut National de Recherche pour l'Agriculture, l'Alimentation et l'Environnement",Parent,Production
41047,https://github.com/ror-community/ror-updates/issues/41047,"Modify the information in an existing ROR record: Animal, Santé, Territoires, Risques et Ecosystèmes - https://ror.org/006fhby04","Institut National de Recherche pour l'Agriculture, l'Alimentation et l'Environnement",https://ror.org/003vg9w96,https://ror.org/006fhby04,"Animal, Santé, Territoires, Risques et Ecosystèmes",Child,Release
41047,https://github.com/ror-community/ror-updates/issues/41047,"Modify the information in an existing ROR record: Animal, Santé, Territoires, Risques et Ecosystèmes - https://ror.org/006fhby04","Animal, Santé, Territoires, Risques et Ecosystèmes",https://ror.org/006fhby04,https://ror.org/03fkrcm40,Services déconcentrés d'appui à la recherche Occitanie-Montpellier,Delete,Production
41047,https://github.com/ror-community/ror-updates/issues/41047,"Modify the information in an existing ROR record: Animal, Santé, Territoires, Risques et Ecosystèmes - https://ror.org/006fhby04",Services déconcentrés d'appui à la recherche Occitanie-Montpellier,https://ror.org/03fkrcm40,https://ror.org/006fhby04,"Animal, Santé, Territoires, Risques et Ecosystèmes",Delete,Release
41048,https://github.com/ror-community/ror-updates/issues/41048,Modify the information in an existing ROR record: GEVES - https://ror.org/056ms9a36,GEVES,https://ror.org/056ms9a36,https://ror.org/003vg9w96,"Institut National de Recherche pour l'Agriculture, l'Alimentation et l'Environnement",Parent,Production
41048,https://github.com/ror-community/ror-updates/issues/41048,Modify the information in an existing ROR record: GEVES - https://ror.org/056ms9a36,"Institut National de Recherche pour l'Agriculture, l'Alimentation et l'Environnement",https://ror.org/003vg9w96,https://ror.org/056ms9a36,GEVES,Child,Release
41048,https://github.com/ror-community/ror-updates/issues/41048,Modify the information in an existing ROR record: GEVES - https://ror.org/056ms9a36,GEVES,https://ror.org/056ms9a36,https://ror.org/05y503v71,Institut National de la Recherche Agronomique,Delete,Production
41048,https://github.com/ror-community/ror-updates/issues/41048,Modify the information in an existing ROR record: GEVES - https://ror.org/056ms9a36,Institut National de la Recherche Agronomique,https://ror.org/05y503v71,https://ror.org/056ms9a36,GEVES,Delete,Release
41049,https://github.com/ror-community/ror-updates/issues/41049,Modify the information in an existing ROR record: Microbiologie de l’alimentation au service de la santé - https://ror.org/0471cyx86,Microbiologie de l’alimentation au service de la santé,https://ror.org/0471cyx86,https://ror.org/003vg9w96,"Institut National de Recherche pour l'Agriculture, l'Alimentation et l'Environnement",Parent,Production
41049,https://github.com/ror-community/ror-updates/issues/41049,Modify the information in an existing ROR record: Microbiologie de l’alimentation au service de la santé - https://ror.org/0471cyx86,"Institut National de Recherche pour l'Agriculture, l'Alimentation et l'Environnement",https://ror.org/003vg9w96,https://ror.org/0471cyx86,Microbiologie de l’alimentation au service de la santé,Child,Release
41049,https://github.com/ror-community/ror-updates/issues/41049,Modify the information in an existing ROR record: Microbiologie de l’alimentation au service de la santé - https://ror.org/0471cyx86,Microbiologie de l’alimentation au service de la santé,https://ror.org/0471cyx86,https://ror.org/00gtg0p11,Services déconcentrés d'appui à la recherche Ile-de-France-Jouy-en-Josas-Antony,Delete,Production
41049,https://github.com/ror-community/ror-updates/issues/41049,Modify the information in an existing ROR record: Microbiologie de l’alimentation au service de la santé - https://ror.org/0471cyx86,Services déconcentrés d'appui à la recherche Ile-de-France-Jouy-en-Josas-Antony,https://ror.org/00gtg0p11,https://ror.org/0471cyx86,Microbiologie de l’alimentation au service de la santé,Delete,Release
41050,https://github.com/ror-community/ror-updates/issues/41050,"Modify the information in an existing ROR record: Physiologie, Ecologie et Environnement - https://ror.org/00xe97z49","Physiologie, Ecologie et Environnement",https://ror.org/00xe97z49,https://ror.org/003vg9w96,"Institut National de Recherche pour l'Agriculture, l'Alimentation et l'Environnement",Parent,Production
41050,https://github.com/ror-community/ror-updates/issues/41050,"Modify the information in an existing ROR record: Physiologie, Ecologie et Environnement - https://ror.org/00xe97z49","Institut National de Recherche pour l'Agriculture, l'Alimentation et l'Environnement",https://ror.org/003vg9w96,https://ror.org/00xe97z49,"Physiologie, Ecologie et Environnement",Child,Release
41051,https://github.com/ror-community/ror-updates/issues/41051,Modify the information in an existing ROR record: Laboratoire D'étude des Résidus et Contaminants Dans les Aliments - https://ror.org/00kewvc41,Laboratoire D'étude des Résidus et Contaminants Dans les Aliments,https://ror.org/00kewvc41,https://ror.org/003vg9w96,"Institut National de Recherche pour l'Agriculture, l'Alimentation et l'Environnement",Parent,Production
41051,https://github.com/ror-community/ror-updates/issues/41051,Modify the information in an existing ROR record: Laboratoire D'étude des Résidus et Contaminants Dans les Aliments - https://ror.org/00kewvc41,"Institut National de Recherche pour l'Agriculture, l'Alimentation et l'Environnement",https://ror.org/003vg9w96,https://ror.org/00kewvc41,Laboratoire D'étude des Résidus et Contaminants Dans les Aliments,Child,Release
41051,https://github.com/ror-community/ror-updates/issues/41051,Modify the information in an existing ROR record: Laboratoire D'étude des Résidus et Contaminants Dans les Aliments - https://ror.org/00kewvc41,Laboratoire D'étude des Résidus et Contaminants Dans les Aliments,https://ror.org/00kewvc41,https://ror.org/020jynt45,Services déconcentrés d'appui à la recherche Pays de la Loire,Delete,Production
41051,https://github.com/ror-community/ror-updates/issues/41051,Modify the information in an existing ROR record: Laboratoire D'étude des Résidus et Contaminants Dans les Aliments - https://ror.org/00kewvc41,Services déconcentrés d'appui à la recherche Pays de la Loire,https://ror.org/020jynt45,https://ror.org/00kewvc41,Laboratoire D'étude des Résidus et Contaminants Dans les Aliments,Delete,Release
41052,https://github.com/ror-community/ror-updates/issues/41052,Modify the information in an existing ROR record: Signalisation Fonctionnelle des Canaux Ioniques et Récepteurs - https://ror.org/000n0fx93,Signalisation Fonctionnelle des Canaux Ioniques et Récepteurs,https://ror.org/000n0fx93,https://ror.org/003vg9w96,"Institut National de Recherche pour l'Agriculture, l'Alimentation et l'Environnement",Parent,Production
41052,https://github.com/ror-community/ror-updates/issues/41052,Modify the information in an existing ROR record: Signalisation Fonctionnelle des Canaux Ioniques et Récepteurs - https://ror.org/000n0fx93,"Institut National de Recherche pour l'Agriculture, l'Alimentation et l'Environnement",https://ror.org/003vg9w96,https://ror.org/000n0fx93,Signalisation Fonctionnelle des Canaux Ioniques et Récepteurs,Child,Release
41052,https://github.com/ror-community/ror-updates/issues/41052,Modify the information in an existing ROR record: Signalisation Fonctionnelle des Canaux Ioniques et Récepteurs - https://ror.org/000n0fx93,Signalisation Fonctionnelle des Canaux Ioniques et Récepteurs,https://ror.org/000n0fx93,https://ror.org/04yrqp957,Université d'Angers,Parent,Production
41052,https://github.com/ror-community/ror-updates/issues/41052,Modify the information in an existing ROR record: Signalisation Fonctionnelle des Canaux Ioniques et Récepteurs - https://ror.org/000n0fx93,Université d'Angers,https://ror.org/04yrqp957,https://ror.org/000n0fx93,Signalisation Fonctionnelle des Canaux Ioniques et Récepteurs,Child,Release
41052,https://github.com/ror-community/ror-updates/issues/41052,Modify the information in an existing ROR record: Signalisation Fonctionnelle des Canaux Ioniques et Récepteurs - https://ror.org/000n0fx93,Signalisation Fonctionnelle des Canaux Ioniques et Récepteurs,https://ror.org/000n0fx93,https://ror.org/020jynt45,Services déconcentrés d'appui à la recherche Pays de la Loire,Delete,Production
41052,https://github.com/ror-community/ror-updates/issues/41052,Modify the information in an existing ROR record: Signalisation Fonctionnelle des Canaux Ioniques et Récepteurs - https://ror.org/000n0fx93,Services déconcentrés d'appui à la recherche Pays de la Loire,https://ror.org/020jynt45,https://ror.org/000n0fx93,Signalisation Fonctionnelle des Canaux Ioniques et Récepteurs,Delete,Release
41053,https://github.com/ror-community/ror-updates/issues/41053,Modify the information in an existing ROR record: Biologie du Fruit et Pathologie - https://ror.org/00ccpdp17,Biologie du Fruit et Pathologie,https://ror.org/00ccpdp17,https://ror.org/003vg9w96,"Institut National de Recherche pour l'Agriculture, l'Alimentation et l'Environnement",Parent,Production
41053,https://github.com/ror-community/ror-updates/issues/41053,Modify the information in an existing ROR record: Biologie du Fruit et Pathologie - https://ror.org/00ccpdp17,"Institut National de Recherche pour l'Agriculture, l'Alimentation et l'Environnement",https://ror.org/003vg9w96,https://ror.org/00ccpdp17,Biologie du Fruit et Pathologie,Child,Release
41053,https://github.com/ror-community/ror-updates/issues/41053,Modify the information in an existing ROR record: Biologie du Fruit et Pathologie - https://ror.org/00ccpdp17,Biologie du Fruit et Pathologie,https://ror.org/00ccpdp17,https://ror.org/00tebkv94,Services déconcentrés d'appui à la recherche Nouvelle-Aquitaine-Bordeaux,Delete,Production
41053,https://github.com/ror-community/ror-updates/issues/41053,Modify the information in an existing ROR record: Biologie du Fruit et Pathologie - https://ror.org/00ccpdp17,Services déconcentrés d'appui à la recherche Nouvelle-Aquitaine-Bordeaux,https://ror.org/00tebkv94,https://ror.org/00ccpdp17,Biologie du Fruit et Pathologie,Delete,Release
41054,https://github.com/ror-community/ror-updates/issues/41054,Modify the information in an existing ROR record: Centre d'Etudes Biologiques de Chizé - https://ror.org/00s8hq550,Centre d'Etudes Biologiques de Chizé,https://ror.org/00s8hq550,https://ror.org/003vg9w96,"Institut National de Recherche pour l'Agriculture, l'Alimentation et l'Environnement",Parent,Production
41054,https://github.com/ror-community/ror-updates/issues/41054,Modify the information in an existing ROR record: Centre d'Etudes Biologiques de Chizé - https://ror.org/00s8hq550,"Institut National de Recherche pour l'Agriculture, l'Alimentation et l'Environnement",https://ror.org/003vg9w96,https://ror.org/00s8hq550,Centre d'Etudes Biologiques de Chizé,Child,Release
41055,https://github.com/ror-community/ror-updates/issues/41055,Modify the information in an existing ROR record: Fondation Pour la Recherche Sur la Biodiversité - https://ror.org/05x5km989,Fondation Pour la Recherche Sur la Biodiversité,https://ror.org/05x5km989,https://ror.org/003vg9w96,"Institut National de Recherche pour l'Agriculture, l'Alimentation et l'Environnement",Parent,Production
41055,https://github.com/ror-community/ror-updates/issues/41055,Modify the information in an existing ROR record: Fondation Pour la Recherche Sur la Biodiversité - https://ror.org/05x5km989,"Institut National de Recherche pour l'Agriculture, l'Alimentation et l'Environnement",https://ror.org/003vg9w96,https://ror.org/05x5km989,Fondation Pour la Recherche Sur la Biodiversité,Child,Release
41056,https://github.com/ror-community/ror-updates/issues/41056,Modify the information in an existing ROR record: Unité mixte de recherche Œnologie - https://ror.org/0473hxz56,Unité mixte de recherche Œnologie,https://ror.org/0473hxz56,https://ror.org/003vg9w96,"Institut National de Recherche pour l'Agriculture, l'Alimentation et l'Environnement",Parent,Production
41056,https://github.com/ror-community/ror-updates/issues/41056,Modify the information in an existing ROR record: Unité mixte de recherche Œnologie - https://ror.org/0473hxz56,"Institut National de Recherche pour l'Agriculture, l'Alimentation et l'Environnement",https://ror.org/003vg9w96,https://ror.org/0473hxz56,Unité mixte de recherche Œnologie,Child,Release
41056,https://github.com/ror-community/ror-updates/issues/41056,Modify the information in an existing ROR record: Unité mixte de recherche Œnologie - https://ror.org/0473hxz56,Unité mixte de recherche Œnologie,https://ror.org/0473hxz56,https://ror.org/00har9915,École Nationale Supérieure des Sciences Agronomiques de Bordeaux-Aquitaine,Parent,Production
41056,https://github.com/ror-community/ror-updates/issues/41056,Modify the information in an existing ROR record: Unité mixte de recherche Œnologie - https://ror.org/0473hxz56,École Nationale Supérieure des Sciences Agronomiques de Bordeaux-Aquitaine,https://ror.org/00har9915,https://ror.org/0473hxz56,Unité mixte de recherche Œnologie,Child,Release
41056,https://github.com/ror-community/ror-updates/issues/41056,Modify the information in an existing ROR record: Unité mixte de recherche Œnologie - https://ror.org/0473hxz56,Unité mixte de recherche Œnologie,https://ror.org/0473hxz56,https://ror.org/00tebkv94,Services déconcentrés d'appui à la recherche Nouvelle-Aquitaine-Bordeaux,Delete,Production
41056,https://github.com/ror-community/ror-updates/issues/41056,Modify the information in an existing ROR record: Unité mixte de recherche Œnologie - https://ror.org/0473hxz56,Services déconcentrés d'appui à la recherche Nouvelle-Aquitaine-Bordeaux,https://ror.org/00tebkv94,https://ror.org/0473hxz56,Unité mixte de recherche Œnologie,Delete,Release
41057,https://github.com/ror-community/ror-updates/issues/41057,Modify the information in an existing ROR record: Laboratoire d'Ecologie des Hydrosystèmes Naturels et Anthropisés - https://ror.org/05pny1q12,Laboratoire d'Ecologie des Hydrosystèmes Naturels et Anthropisés,https://ror.org/05pny1q12,https://ror.org/003vg9w96,"Institut National de Recherche pour l'Agriculture, l'Alimentation et l'Environnement",Parent,Production
41057,https://github.com/ror-community/ror-updates/issues/41057,Modify the information in an existing ROR record: Laboratoire d'Ecologie des Hydrosystèmes Naturels et Anthropisés - https://ror.org/05pny1q12,"Institut National de Recherche pour l'Agriculture, l'Alimentation et l'Environnement",https://ror.org/003vg9w96,https://ror.org/05pny1q12,Laboratoire d'Ecologie des Hydrosystèmes Naturels et Anthropisés,Child,Release
41058,https://github.com/ror-community/ror-updates/issues/41058,"Modify the information in an existing ROR record: Microbe, Intestine, Inflammation and Host Susceptibility - https://ror.org/02q7f3j18","Microbe, Intestine, Inflammation and Host Susceptibility",https://ror.org/02q7f3j18,https://ror.org/003vg9w96,"Institut National de Recherche pour l'Agriculture, l'Alimentation et l'Environnement",Parent,Production
41058,https://github.com/ror-community/ror-updates/issues/41058,"Modify the information in an existing ROR record: Microbe, Intestine, Inflammation and Host Susceptibility - https://ror.org/02q7f3j18","Institut National de Recherche pour l'Agriculture, l'Alimentation et l'Environnement",https://ror.org/003vg9w96,https://ror.org/02q7f3j18,"Microbe, Intestine, Inflammation and Host Susceptibility",Child,Release
41059,https://github.com/ror-community/ror-updates/issues/41059,Modify the information in an existing ROR record: Institut Français de Bioinformatique - https://ror.org/045f7pv37,Institut Français de Bioinformatique,https://ror.org/045f7pv37,https://ror.org/003vg9w96,"Institut National de Recherche pour l'Agriculture, l'Alimentation et l'Environnement",Parent,Production
41059,https://github.com/ror-community/ror-updates/issues/41059,Modify the information in an existing ROR record: Institut Français de Bioinformatique - https://ror.org/045f7pv37,"Institut National de Recherche pour l'Agriculture, l'Alimentation et l'Environnement",https://ror.org/003vg9w96,https://ror.org/045f7pv37,Institut Français de Bioinformatique,Child,Release
41060,https://github.com/ror-community/ror-updates/issues/41060,Modify the information in an existing ROR record: Toulouse School of Economics Research - https://ror.org/01p34ac69,Toulouse School of Economics Research,https://ror.org/01p34ac69,https://ror.org/003vg9w96,"Institut National de Recherche pour l'Agriculture, l'Alimentation et l'Environnement",Parent,Production
41060,https://github.com/ror-community/ror-updates/issues/41060,Modify the information in an existing ROR record: Toulouse School of Economics Research - https://ror.org/01p34ac69,"Institut National de Recherche pour l'Agriculture, l'Alimentation et l'Environnement",https://ror.org/003vg9w96,https://ror.org/01p34ac69,Toulouse School of Economics Research,Child,Release
41061,https://github.com/ror-community/ror-updates/issues/41061,Modify the information in an existing ROR record: Peuplements végétaux et bioagresseurs en milieu tropical - https://ror.org/03mj14b52,Peuplements végétaux et bioagresseurs en milieu tropical,https://ror.org/03mj14b52,https://ror.org/003vg9w96,"Institut National de Recherche pour l'Agriculture, l'Alimentation et l'Environnement",Parent,Production
41061,https://github.com/ror-community/ror-updates/issues/41061,Modify the information in an existing ROR record: Peuplements végétaux et bioagresseurs en milieu tropical - https://ror.org/03mj14b52,"Institut National de Recherche pour l'Agriculture, l'Alimentation et l'Environnement",https://ror.org/003vg9w96,https://ror.org/03mj14b52,Peuplements végétaux et bioagresseurs en milieu tropical,Child,Release
41062,https://github.com/ror-community/ror-updates/issues/41062,Modify the information in an existing ROR record: Institut de Recherche Interdisciplinaire en Sciences Sociales - https://ror.org/05mmjvv12,Institut de Recherche Interdisciplinaire en Sciences Sociales,https://ror.org/05mmjvv12,https://ror.org/003vg9w96,"Institut National de Recherche pour l'Agriculture, l'Alimentation et l'Environnement",Parent,Production
41062,https://github.com/ror-community/ror-updates/issues/41062,Modify the information in an existing ROR record: Institut de Recherche Interdisciplinaire en Sciences Sociales - https://ror.org/05mmjvv12,"Institut National de Recherche pour l'Agriculture, l'Alimentation et l'Environnement",https://ror.org/003vg9w96,https://ror.org/05mmjvv12,Institut de Recherche Interdisciplinaire en Sciences Sociales,Child,Release
41063,https://github.com/ror-community/ror-updates/issues/41063,Modify the information in an existing ROR record: Centre Maurice-Halbwachs - https://ror.org/01paa1e42,Centre Maurice-Halbwachs,https://ror.org/01paa1e42,https://ror.org/003vg9w96,"Institut National de Recherche pour l'Agriculture, l'Alimentation et l'Environnement",Parent,Production
41063,https://github.com/ror-community/ror-updates/issues/41063,Modify the information in an existing ROR record: Centre Maurice-Halbwachs - https://ror.org/01paa1e42,"Institut National de Recherche pour l'Agriculture, l'Alimentation et l'Environnement",https://ror.org/003vg9w96,https://ror.org/01paa1e42,Centre Maurice-Halbwachs,Child,Release
41064,https://github.com/ror-community/ror-updates/issues/41064,Modify the information in an existing ROR record: Silva - https://ror.org/01d5v2p67,Silva,https://ror.org/01d5v2p67,https://ror.org/003vg9w96,"Institut National de Recherche pour l'Agriculture, l'Alimentation et l'Environnement",Parent,Production
41064,https://github.com/ror-community/ror-updates/issues/41064,Modify the information in an existing ROR record: Silva - https://ror.org/01d5v2p67,"Institut National de Recherche pour l'Agriculture, l'Alimentation et l'Environnement",https://ror.org/003vg9w96,https://ror.org/01d5v2p67,Silva,Child,Release
41064,https://github.com/ror-community/ror-updates/issues/41064,Modify the information in an existing ROR record: Silva - https://ror.org/01d5v2p67,Silva,https://ror.org/01d5v2p67,https://ror.org/00zg31r41,Antenne Services déconcentrés d'appui à la recherche Grand Est-Nancy/Colmar,Delete,Production
41064,https://github.com/ror-community/ror-updates/issues/41064,Modify the information in an existing ROR record: Silva - https://ror.org/01d5v2p67,Antenne Services déconcentrés d'appui à la recherche Grand Est-Nancy/Colmar,https://ror.org/00zg31r41,https://ror.org/01d5v2p67,Silva,Delete,Release
41065,https://github.com/ror-community/ror-updates/issues/41065,Modify the information in an existing ROR record: Bordeaux Sciences Économiques - https://ror.org/014vz2d20,Bordeaux Sciences Économiques,https://ror.org/014vz2d20,https://ror.org/003vg9w96,"Institut National de Recherche pour l'Agriculture, l'Alimentation et l'Environnement",Parent,Production
41065,https://github.com/ror-community/ror-updates/issues/41065,Modify the information in an existing ROR record: Bordeaux Sciences Économiques - https://ror.org/014vz2d20,"Institut National de Recherche pour l'Agriculture, l'Alimentation et l'Environnement",https://ror.org/003vg9w96,https://ror.org/014vz2d20,Bordeaux Sciences Économiques,Child,Release
41066,https://github.com/ror-community/ror-updates/issues/41066,Modify the information in an existing ROR record: Laboratoire d'Etudes et de Recherche sur le Matériau Bois - https://ror.org/01sp9jb48,Laboratoire d'Etudes et de Recherche sur le Matériau Bois,https://ror.org/01sp9jb48,https://ror.org/003vg9w96,"Institut National de Recherche pour l'Agriculture, l'Alimentation et l'Environnement",Parent,Production
41066,https://github.com/ror-community/ror-updates/issues/41066,Modify the information in an existing ROR record: Laboratoire d'Etudes et de Recherche sur le Matériau Bois - https://ror.org/01sp9jb48,"Institut National de Recherche pour l'Agriculture, l'Alimentation et l'Environnement",https://ror.org/003vg9w96,https://ror.org/01sp9jb48,Laboratoire d'Etudes et de Recherche sur le Matériau Bois,Child,Release
41067,https://github.com/ror-community/ror-updates/issues/41067,Modify the information in an existing ROR record: UAR POREA - https://ror.org/005ksrc76,UAR POREA,https://ror.org/005ksrc76,https://ror.org/003vg9w96,"Institut National de Recherche pour l'Agriculture, l'Alimentation et l'Environnement",Parent,Production
41067,https://github.com/ror-community/ror-updates/issues/41067,Modify the information in an existing ROR record: UAR POREA - https://ror.org/005ksrc76,"Institut National de Recherche pour l'Agriculture, l'Alimentation et l'Environnement",https://ror.org/003vg9w96,https://ror.org/005ksrc76,UAR POREA,Child,Release
41068,https://github.com/ror-community/ror-updates/issues/41068,Modify the information in an existing ROR record: Résistance Induite et Bioprotection des Plantes - https://ror.org/00p7v1s94,Résistance Induite et Bioprotection des Plantes,https://ror.org/00p7v1s94,https://ror.org/003vg9w96,"Institut National de Recherche pour l'Agriculture, l'Alimentation et l'Environnement",Parent,Production
41068,https://github.com/ror-community/ror-updates/issues/41068,Modify the information in an existing ROR record: Résistance Induite et Bioprotection des Plantes - https://ror.org/00p7v1s94,"Institut National de Recherche pour l'Agriculture, l'Alimentation et l'Environnement",https://ror.org/003vg9w96,https://ror.org/00p7v1s94,Résistance Induite et Bioprotection des Plantes,Child,Release
41069,https://github.com/ror-community/ror-updates/issues/41069,Modify the information in an existing ROR record: Centre de Recherche en Odontologie Clinique - https://ror.org/01rp22j96,Centre de Recherche en Odontologie Clinique,https://ror.org/01rp22j96,https://ror.org/003vg9w96,"Institut National de Recherche pour l'Agriculture, l'Alimentation et l'Environnement",Parent,Production
41069,https://github.com/ror-community/ror-updates/issues/41069,Modify the information in an existing ROR record: Centre de Recherche en Odontologie Clinique - https://ror.org/01rp22j96,"Institut National de Recherche pour l'Agriculture, l'Alimentation et l'Environnement",https://ror.org/003vg9w96,https://ror.org/01rp22j96,Centre de Recherche en Odontologie Clinique,Child,Release
41070,https://github.com/ror-community/ror-updates/issues/41070,Modify the information in an existing ROR record: Laboratoire de Génie des Procédés – Environnement – Agro-alimentaire - https://ror.org/05ngxmx20,Laboratoire de Génie des Procédés – Environnement – Agro-alimentaire,https://ror.org/05ngxmx20,https://ror.org/003vg9w96,"Institut National de Recherche pour l'Agriculture, l'Alimentation et l'Environnement",Parent,Production
41070,https://github.com/ror-community/ror-updates/issues/41070,Modify the information in an existing ROR record: Laboratoire de Génie des Procédés – Environnement – Agro-alimentaire - https://ror.org/05ngxmx20,"Institut National de Recherche pour l'Agriculture, l'Alimentation et l'Environnement",https://ror.org/003vg9w96,https://ror.org/05ngxmx20,Laboratoire de Génie des Procédés – Environnement – Agro-alimentaire,Child,Release
41071,https://github.com/ror-community/ror-updates/issues/41071,Modify the information in an existing ROR record: Institut des Géosciences de l'Environnement - https://ror.org/01wwcfa26,Institut des Géosciences de l'Environnement,https://ror.org/01wwcfa26,https://ror.org/003vg9w96,"Institut National de Recherche pour l'Agriculture, l'Alimentation et l'Environnement",Parent,Production
41071,https://github.com/ror-community/ror-updates/issues/41071,Modify the information in an existing ROR record: Institut des Géosciences de l'Environnement - https://ror.org/01wwcfa26,"Institut National de Recherche pour l'Agriculture, l'Alimentation et l'Environnement",https://ror.org/003vg9w96,https://ror.org/01wwcfa26,Institut des Géosciences de l'Environnement,Child,Release
41072,https://github.com/ror-community/ror-updates/issues/41072,Modify the information in an existing ROR record: Laboratoire d'études rurales - https://ror.org/00rj8cd91,Laboratoire d'études rurales,https://ror.org/00rj8cd91,https://ror.org/003vg9w96,"Institut National de Recherche pour l'Agriculture, l'Alimentation et l'Environnement",Parent,Production
41072,https://github.com/ror-community/ror-updates/issues/41072,Modify the information in an existing ROR record: Laboratoire d'études rurales - https://ror.org/00rj8cd91,"Institut National de Recherche pour l'Agriculture, l'Alimentation et l'Environnement",https://ror.org/003vg9w96,https://ror.org/00rj8cd91,Laboratoire d'études rurales,Child,Release
41073,https://github.com/ror-community/ror-updates/issues/41073,"Modify the information in an existing ROR record: Sociétés, Acteurs, Gouvernement en Europe - https://ror.org/00bhwwh42","Sociétés, Acteurs, Gouvernement en Europe",https://ror.org/00bhwwh42,https://ror.org/003vg9w96,"Institut National de Recherche pour l'Agriculture, l'Alimentation et l'Environnement",Parent,Production
41073,https://github.com/ror-community/ror-updates/issues/41073,"Modify the information in an existing ROR record: Sociétés, Acteurs, Gouvernement en Europe - https://ror.org/00bhwwh42","Institut National de Recherche pour l'Agriculture, l'Alimentation et l'Environnement",https://ror.org/003vg9w96,https://ror.org/00bhwwh42,"Sociétés, Acteurs, Gouvernement en Europe",Child,Release
38358,https://github.com/ror-community/ror-updates/issues/38358,Modify the information in an existing ROR record: Research Square (United States) - https://ror.org/00c0gj024,Research Square (United States),https://ror.org/00c0gj024,https://ror.org/0117jxy09,Springer Nature (Germany),Parent,Production
38358,https://github.com/ror-community/ror-updates/issues/38358,Modify the information in an existing ROR record: Research Square (United States) - https://ror.org/00c0gj024,Springer Nature (Germany),https://ror.org/0117jxy09,https://ror.org/00c0gj024,Research Square (United States),Child,Release
38461,https://github.com/ror-community/ror-updates/issues/38461,"Modify the information in an existing ROR record: 
TUM Klinikum (Rechts der Isar) https://ror.org/04jc43x05
",TUM Klinikum (Rechts der Isar),https://ror.org/04jc43x05,https://ror.org/02kkvpp62,Technical University of Munich,Parent,Production
38461,https://github.com/ror-community/ror-updates/issues/38461,"Modify the information in an existing ROR record: 
TUM Klinikum (Rechts der Isar) https://ror.org/04jc43x05
",Technical University of Munich,https://ror.org/02kkvpp62,https://ror.org/04jc43x05,TUM Klinikum (Rechts der Isar),Child,Release
38461,https://github.com/ror-community/ror-updates/issues/38461,"Modify the information in an existing ROR record: 
TUM Klinikum (Rechts der Isar) https://ror.org/04jc43x05
",TUM Klinikum (Rechts der Isar),https://ror.org/04jc43x05,https://ror.org/04hbwba26,Deutsches Herzzentrum München,Child,Production
38461,https://github.com/ror-community/ror-updates/issues/38461,"Modify the information in an existing ROR record: 
TUM Klinikum (Rechts der Isar) https://ror.org/04jc43x05
",Deutsches Herzzentrum München,https://ror.org/04hbwba26,https://ror.org/04jc43x05,TUM Klinikum (Rechts der Isar),Parent,Release
38850,https://github.com/ror-community/ror-updates/issues/38850,Modify the information in an existing ROR record: Ankara Atatürk Eğitim ve Araştırma Hastanesi - https://ror.org/00kmzyw28,Ankara Atatürk Eğitim ve Araştırma Hastanesi,https://ror.org/00kmzyw28,https://ror.org/033fqnp11,Ankara Bilkent City Hospital,Successor,Production
38850,https://github.com/ror-community/ror-updates/issues/38850,Modify the information in an existing ROR record: Ankara Atatürk Eğitim ve Araştırma Hastanesi - https://ror.org/00kmzyw28,Ankara Bilkent City Hospital,https://ror.org/033fqnp11,https://ror.org/00kmzyw28,Ankara Atatürk Eğitim ve Araştırma Hastanesi,Predecessor,Release
38999,https://github.com/ror-community/ror-updates/issues/38999,"Modify the information in an existing ROR record: 
AtkinsRéalis https://ror.org/00qcr4910
",AtkinsRéalis,https://ror.org/00qcr4910,https://ror.org/03k1gyh28,SNC-Lavalin (Canada),Parent,Production
38999,https://github.com/ror-community/ror-updates/issues/38999,"Modify the information in an existing ROR record: 
AtkinsRéalis https://ror.org/00qcr4910
",SNC-Lavalin (Canada),https://ror.org/03k1gyh28,https://ror.org/00qcr4910,AtkinsRéalis,Child,Release
38999,https://github.com/ror-community/ror-updates/issues/38999,"Modify the information in an existing ROR record: 
AtkinsRéalis https://ror.org/00qcr4910
",AtkinsRéalis,https://ror.org/00qcr4910,https://ror.org/036r3bf08,Atkins (Norway),Child,Production
38999,https://github.com/ror-community/ror-updates/issues/38999,"Modify the information in an existing ROR record: 
AtkinsRéalis https://ror.org/00qcr4910
",Atkins (Norway),https://ror.org/036r3bf08,https://ror.org/00qcr4910,AtkinsRéalis,Parent,Release
38999,https://github.com/ror-community/ror-updates/issues/38999,"Modify the information in an existing ROR record: 
AtkinsRéalis https://ror.org/00qcr4910
",AtkinsRéalis,https://ror.org/00qcr4910,https://ror.org/05df6vn84,Atkins (United States),Child,Production
38999,https://github.com/ror-community/ror-updates/issues/38999,"Modify the information in an existing ROR record: 
AtkinsRéalis https://ror.org/00qcr4910
",Atkins (United States),https://ror.org/05df6vn84,https://ror.org/00qcr4910,AtkinsRéalis,Parent,Release
39278,https://github.com/ror-community/ror-updates/issues/39278,Modify the information in an existing ROR record: Rasmussen College - https://ror.org/03f516154,Rasmussen College,https://ror.org/03f516154,https://ror.org/02890tv09,American Public University System,Parent,Production
39278,https://github.com/ror-community/ror-updates/issues/39278,Modify the information in an existing ROR record: Rasmussen College - https://ror.org/03f516154,American Public University System,https://ror.org/02890tv09,https://ror.org/03f516154,Rasmussen College,Child,Release
39545,https://github.com/ror-community/ror-updates/issues/39545,"Modify the information in an existing ROR record: 
Leipzig University https://ror.org/03s7gtk40
",Leipzig University,https://ror.org/03s7gtk40,https://ror.org/05s928n76,Bach Archiv Leipzig,Related,Production
39545,https://github.com/ror-community/ror-updates/issues/39545,"Modify the information in an existing ROR record: 
Leipzig University https://ror.org/03s7gtk40
",Bach Archiv Leipzig,https://ror.org/05s928n76,https://ror.org/03s7gtk40,Leipzig University,Related,Release
39613,https://github.com/ror-community/ror-updates/issues/39613,"Modify the information in an existing ROR record: 
BA School of Business and Finance https://ror.org/04xvv6376
",BA School of Business and Finance,https://ror.org/04xvv6376,https://ror.org/05g3mes96,University of Latvia,Parent,Production
39613,https://github.com/ror-community/ror-updates/issues/39613,"Modify the information in an existing ROR record: 
BA School of Business and Finance https://ror.org/04xvv6376
",University of Latvia,https://ror.org/05g3mes96,https://ror.org/04xvv6376,BA School of Business and Finance,Child,Release
39633,https://github.com/ror-community/ror-updates/issues/39633,"Modify the information in an existing ROR record: 
Taizhou People's Hospital https://ror.org/02fvevm64
",Taizhou People's Hospital,https://ror.org/02fvevm64,https://ror.org/059gcgy73,Nanjing Medical University,Related,Production
39633,https://github.com/ror-community/ror-updates/issues/39633,"Modify the information in an existing ROR record: 
Taizhou People's Hospital https://ror.org/02fvevm64
",Nanjing Medical University,https://ror.org/059gcgy73,https://ror.org/02fvevm64,Taizhou People's Hospital,Related,Release
39680,https://github.com/ror-community/ror-updates/issues/39680,"Modify the information in an existing ROR record: 
City University of Hong Kong, Shenzhen Research Institute https://ror.org/00xc0ma20
","City University of Hong Kong, Shenzhen Research Institute",https://ror.org/00xc0ma20,https://ror.org/03q8dnn23,City University of Hong Kong,Parent,Production
39680,https://github.com/ror-community/ror-updates/issues/39680,"Modify the information in an existing ROR record: 
City University of Hong Kong, Shenzhen Research Institute https://ror.org/00xc0ma20
",City University of Hong Kong,https://ror.org/03q8dnn23,https://ror.org/00xc0ma20,"City University of Hong Kong, Shenzhen Research Institute",Child,Release
39692,https://github.com/ror-community/ror-updates/issues/39692,"Modify the information in an existing ROR record: 
Moscow State University https://ror.org/050a13t43
",Moscow State University,https://ror.org/050a13t43,https://ror.org/010pmpe69,Lomonosov Moscow State University,Parent,Production
39692,https://github.com/ror-community/ror-updates/issues/39692,"Modify the information in an existing ROR record: 
Moscow State University https://ror.org/050a13t43
",Lomonosov Moscow State University,https://ror.org/010pmpe69,https://ror.org/050a13t43,Moscow State University,Child,Release
39702,https://github.com/ror-community/ror-updates/issues/39702,"Modify the information in an existing ROR record: 
Louisiana State University https://ror.org/05ect4e57
",Louisiana State University,https://ror.org/05ect4e57,https://ror.org/01qv8fp92,Louisiana State University Health Sciences Center New Orleans,Delete,Production
39702,https://github.com/ror-community/ror-updates/issues/39702,"Modify the information in an existing ROR record: 
Louisiana State University https://ror.org/05ect4e57
",Louisiana State University Health Sciences Center New Orleans,https://ror.org/01qv8fp92,https://ror.org/05ect4e57,Louisiana State University,Delete,Release
39702,https://github.com/ror-community/ror-updates/issues/39702,"Modify the information in an existing ROR record: 
Louisiana State University https://ror.org/05ect4e57
",Louisiana State University,https://ror.org/05ect4e57,https://ror.org/040cnym54,Pennington Biomedical Research Center,Child,Production
39702,https://github.com/ror-community/ror-updates/issues/39702,"Modify the information in an existing ROR record: 
Louisiana State University https://ror.org/05ect4e57
",Pennington Biomedical Research Center,https://ror.org/040cnym54,https://ror.org/05ect4e57,Louisiana State University,Parent,Release
39702,https://github.com/ror-community/ror-updates/issues/39702,"Modify the information in an existing ROR record: 
Louisiana State University https://ror.org/05ect4e57
",Louisiana State University,https://ror.org/05ect4e57,https://ror.org/01b8rza40,Louisiana State University Agricultural Center,Child,Production
39702,https://github.com/ror-community/ror-updates/issues/39702,"Modify the information in an existing ROR record: 
Louisiana State University https://ror.org/05ect4e57
",Louisiana State University Agricultural Center,https://ror.org/01b8rza40,https://ror.org/05ect4e57,Louisiana State University,Parent,Release
39702,https://github.com/ror-community/ror-updates/issues/39702,"Modify the information in an existing ROR record: 
Louisiana State University https://ror.org/05ect4e57
",Louisiana State University,https://ror.org/05ect4e57,https://ror.org/03151rh82,Louisiana State University Health Sciences Center Shreveport,Child,Production
39702,https://github.com/ror-community/ror-updates/issues/39702,"Modify the information in an existing ROR record: 
Louisiana State University https://ror.org/05ect4e57
",Louisiana State University Health Sciences Center Shreveport,https://ror.org/03151rh82,https://ror.org/05ect4e57,Louisiana State University,Parent,Release
39702,https://github.com/ror-community/ror-updates/issues/39702,"Modify the information in an existing ROR record: 
Louisiana State University https://ror.org/05ect4e57
",Louisiana State University,https://ror.org/05ect4e57,https://ror.org/01qv8fp92,Louisiana State University Health Sciences Center New Orleans,Child,Production
39702,https://github.com/ror-community/ror-updates/issues/39702,"Modify the information in an existing ROR record: 
Louisiana State University https://ror.org/05ect4e57
",Louisiana State University Health Sciences Center New Orleans,https://ror.org/01qv8fp92,https://ror.org/05ect4e57,Louisiana State University,Parent,Release
39703,https://github.com/ror-community/ror-updates/issues/39703,"Modify the information in an existing ROR record: 
Louisiana State University System https://ror.org/022gnbj15
",Louisiana State University System,https://ror.org/022gnbj15,https://ror.org/01qv8fp92,Louisiana State University Health Sciences Center New Orleans,Delete,Production
39703,https://github.com/ror-community/ror-updates/issues/39703,"Modify the information in an existing ROR record: 
Louisiana State University System https://ror.org/022gnbj15
",Louisiana State University Health Sciences Center New Orleans,https://ror.org/01qv8fp92,https://ror.org/022gnbj15,Louisiana State University System,Delete,Release
39703,https://github.com/ror-community/ror-updates/issues/39703,"Modify the information in an existing ROR record: 
Louisiana State University System https://ror.org/022gnbj15
",Louisiana State University System,https://ror.org/022gnbj15,https://ror.org/03151rh82,Louisiana State University Health Sciences Center Shreveport,Delete,Production
39703,https://github.com/ror-community/ror-updates/issues/39703,"Modify the information in an existing ROR record: 
Louisiana State University System https://ror.org/022gnbj15
",Louisiana State University Health Sciences Center Shreveport,https://ror.org/03151rh82,https://ror.org/022gnbj15,Louisiana State University System,Delete,Release
39703,https://github.com/ror-community/ror-updates/issues/39703,"Modify the information in an existing ROR record: 
Louisiana State University System https://ror.org/022gnbj15
",Louisiana State University System,https://ror.org/022gnbj15,https://ror.org/01b8rza40,Louisiana State University Agricultural Center,Delete,Production
39703,https://github.com/ror-community/ror-updates/issues/39703,"Modify the information in an existing ROR record: 
Louisiana State University System https://ror.org/022gnbj15
",Louisiana State University Agricultural Center,https://ror.org/01b8rza40,https://ror.org/022gnbj15,Louisiana State University System,Delete,Release
39703,https://github.com/ror-community/ror-updates/issues/39703,"Modify the information in an existing ROR record: 
Louisiana State University System https://ror.org/022gnbj15
",Louisiana State University System,https://ror.org/022gnbj15,https://ror.org/040cnym54,Pennington Biomedical Research Center,Delete,Production
39703,https://github.com/ror-community/ror-updates/issues/39703,"Modify the information in an existing ROR record: 
Louisiana State University System https://ror.org/022gnbj15
",Pennington Biomedical Research Center,https://ror.org/040cnym54,https://ror.org/022gnbj15,Louisiana State University System,Delete,Release
39745,https://github.com/ror-community/ror-updates/issues/39745,"Modify the information in an existing ROR record: 
Embrapa Cassava & Fruits https://ror.org/04fc54m22
",Embrapa Cassava & Fruits,https://ror.org/04fc54m22,https://ror.org/0482b5b22,Brazilian Agricultural Research Corporation,Parent,Production
39745,https://github.com/ror-community/ror-updates/issues/39745,"Modify the information in an existing ROR record: 
Embrapa Cassava & Fruits https://ror.org/04fc54m22
",Brazilian Agricultural Research Corporation,https://ror.org/0482b5b22,https://ror.org/04fc54m22,Embrapa Cassava & Fruits,Child,Release
39803,https://github.com/ror-community/ror-updates/issues/39803,"Modify the information in an existing ROR record: 
 Universidad de Ciencias Médicas de Ciego de Ávila https://ror.org/00avz5239
",Universidad de Ciencias Médicas de Ciego de Ávila,https://ror.org/00avz5239,https://ror.org/01kbkse74,The Enteric Nervous System in Gut and Brain Disorders,Delete,Production
39803,https://github.com/ror-community/ror-updates/issues/39803,"Modify the information in an existing ROR record: 
 Universidad de Ciencias Médicas de Ciego de Ávila https://ror.org/00avz5239
",The Enteric Nervous System in Gut and Brain Disorders,https://ror.org/01kbkse74,https://ror.org/00avz5239,Universidad de Ciencias Médicas de Ciego de Ávila,Delete,Release
39830,https://github.com/ror-community/ror-updates/issues/39830,"Modify the information in an existing ROR record: 
Central European Institute of Technology https://ror.org/01p7k1986
",Central European Institute of Technology,https://ror.org/01p7k1986,https://ror.org/058aeep47,Mendel University in Brno,Related,Production
39830,https://github.com/ror-community/ror-updates/issues/39830,"Modify the information in an existing ROR record: 
Central European Institute of Technology https://ror.org/01p7k1986
",Mendel University in Brno,https://ror.org/058aeep47,https://ror.org/01p7k1986,Central European Institute of Technology,Related,Release
39858,https://github.com/ror-community/ror-updates/issues/39858,"Modify the information in an existing ROR record: 
Harvard Global Health Institute https://ror.org/055avk103
",Harvard Global Health Institute,https://ror.org/055avk103,https://ror.org/03vek6s52,Harvard University,Parent,Production
39858,https://github.com/ror-community/ror-updates/issues/39858,"Modify the information in an existing ROR record: 
Harvard Global Health Institute https://ror.org/055avk103
",Harvard University,https://ror.org/03vek6s52,https://ror.org/055avk103,Harvard Global Health Institute,Child,Release
40044,https://github.com/ror-community/ror-updates/issues/40044,Modify the information in an existing ROR record: Multi-omique et physiopathologie des maladies métaboliques - https://ror.org/0300mzg60,Multi-omique et physiopathologie des maladies métaboliques,https://ror.org/0300mzg60,https://ror.org/02vjkv261,Inserm,Parent,Production
40044,https://github.com/ror-community/ror-updates/issues/40044,Modify the information in an existing ROR record: Multi-omique et physiopathologie des maladies métaboliques - https://ror.org/0300mzg60,Inserm,https://ror.org/02vjkv261,https://ror.org/0300mzg60,Multi-omique et physiopathologie des maladies métaboliques,Child,Release
40044,https://github.com/ror-community/ror-updates/issues/40044,Modify the information in an existing ROR record: Multi-omique et physiopathologie des maladies métaboliques - https://ror.org/0300mzg60,Multi-omique et physiopathologie des maladies métaboliques,https://ror.org/0300mzg60,https://ror.org/02ppyfa04,Centre Hospitalier Universitaire de Lille,Parent,Production
40044,https://github.com/ror-community/ror-updates/issues/40044,Modify the information in an existing ROR record: Multi-omique et physiopathologie des maladies métaboliques - https://ror.org/0300mzg60,Centre Hospitalier Universitaire de Lille,https://ror.org/02ppyfa04,https://ror.org/0300mzg60,Multi-omique et physiopathologie des maladies métaboliques,Child,Release
40044,https://github.com/ror-community/ror-updates/issues/40044,Modify the information in an existing ROR record: Multi-omique et physiopathologie des maladies métaboliques - https://ror.org/0300mzg60,Multi-omique et physiopathologie des maladies métaboliques,https://ror.org/0300mzg60,https://ror.org/05n2c8735,European Genomic Institute for Diabetes,Parent,Production
40044,https://github.com/ror-community/ror-updates/issues/40044,Modify the information in an existing ROR record: Multi-omique et physiopathologie des maladies métaboliques - https://ror.org/0300mzg60,European Genomic Institute for Diabetes,https://ror.org/05n2c8735,https://ror.org/0300mzg60,Multi-omique et physiopathologie des maladies métaboliques,Child,Release
40097,https://github.com/ror-community/ror-updates/issues/40097,"Modify the information in an existing ROR record: 
Bielefeld University Library and Bielefeld University https://ror.org/00e8qq940 and https://ror.org/02hpadn98
",Bielefeld University Library and Bielefeld University,https://ror.org/00e8qq940,https://ror.org/02hpadn98,Bielefeld University,Parent,Production
40097,https://github.com/ror-community/ror-updates/issues/40097,"Modify the information in an existing ROR record: 
Bielefeld University Library and Bielefeld University https://ror.org/00e8qq940 and https://ror.org/02hpadn98
",Bielefeld University,https://ror.org/02hpadn98,https://ror.org/00e8qq940,Bielefeld University Library and Bielefeld University,Child,Release
40224,https://github.com/ror-community/ror-updates/issues/40224,"Modify the information in an existing ROR record: 
Centre Européen de la Céramique https://ror.org/04k4pxr75
",Centre Européen de la Céramique,https://ror.org/04k4pxr75,https://ror.org/02cp04407,Université de Limoges,Parent,Production
40224,https://github.com/ror-community/ror-updates/issues/40224,"Modify the information in an existing ROR record: 
Centre Européen de la Céramique https://ror.org/04k4pxr75
",Université de Limoges,https://ror.org/02cp04407,https://ror.org/04k4pxr75,Centre Européen de la Céramique,Child,Release
40279,https://github.com/ror-community/ror-updates/issues/40279,Modify the information in an existing ROR record: Siberian State Aerospace University,Siberian State Aerospace University,https://ror.org/05r50mj29,https://ror.org/03djm2720,Siberian State Technological University,Predecessor,Production
40279,https://github.com/ror-community/ror-updates/issues/40279,Modify the information in an existing ROR record: Siberian State Aerospace University,Siberian State Technological University,https://ror.org/03djm2720,https://ror.org/05r50mj29,Siberian State Aerospace University,Successor,Release
40511,https://github.com/ror-community/ror-updates/issues/40511,Modify the information in an existing ROR record: John Wiley & Sons https://ror.org/02xe89706,John Wiley & Sons,https://ror.org/02xe89706,https://ror.org/000gm1k91,John Wiley & Sons (Germany),Child,Production
40511,https://github.com/ror-community/ror-updates/issues/40511,Modify the information in an existing ROR record: John Wiley & Sons https://ror.org/02xe89706,John Wiley & Sons (Germany),https://ror.org/000gm1k91,https://ror.org/02xe89706,John Wiley & Sons,Parent,Release
40511,https://github.com/ror-community/ror-updates/issues/40511,Modify the information in an existing ROR record: John Wiley & Sons https://ror.org/02xe89706,John Wiley & Sons,https://ror.org/02xe89706,https://ror.org/01zm94433,John Wiley & Sons (United Kingdom),Child,Production
40511,https://github.com/ror-community/ror-updates/issues/40511,Modify the information in an existing ROR record: John Wiley & Sons https://ror.org/02xe89706,John Wiley & Sons (United Kingdom),https://ror.org/01zm94433,https://ror.org/02xe89706,John Wiley & Sons,Parent,Release
40511,https://github.com/ror-community/ror-updates/issues/40511,Modify the information in an existing ROR record: John Wiley & Sons https://ror.org/02xe89706,John Wiley & Sons,https://ror.org/02xe89706,https://ror.org/03z1mhq06,Atypon (United States),Child,Production
40511,https://github.com/ror-community/ror-updates/issues/40511,Modify the information in an existing ROR record: John Wiley & Sons https://ror.org/02xe89706,Atypon (United States),https://ror.org/03z1mhq06,https://ror.org/02xe89706,John Wiley & Sons,Parent,Release
40511,https://github.com/ror-community/ror-updates/issues/40511,Modify the information in an existing ROR record: John Wiley & Sons https://ror.org/02xe89706,John Wiley & Sons,https://ror.org/02xe89706,https://ror.org/02avhnb77,Emerald Group Publishing (United Kingdom),Child,Production
40511,https://github.com/ror-community/ror-updates/issues/40511,Modify the information in an existing ROR record: John Wiley & Sons https://ror.org/02xe89706,Emerald Group Publishing (United Kingdom),https://ror.org/02avhnb77,https://ror.org/02xe89706,John Wiley & Sons,Parent,Release
40577,https://github.com/ror-community/ror-updates/issues/40577,Modify the information in an existing ROR record: Hospital Monte Naranco - https://ror.org/04c1s4764,Hospital Monte Naranco,https://ror.org/04c1s4764,https://ror.org/00kj4ev13,Servicio de Salud del Principado de Asturias,Parent,Production
40577,https://github.com/ror-community/ror-updates/issues/40577,Modify the information in an existing ROR record: Hospital Monte Naranco - https://ror.org/04c1s4764,Servicio de Salud del Principado de Asturias,https://ror.org/00kj4ev13,https://ror.org/04c1s4764,Hospital Monte Naranco,Child,Release
40578,https://github.com/ror-community/ror-updates/issues/40578,Modify the information in an existing ROR record: Hospital Carmen y Severo Ochoa - https://ror.org/01azs0t89,Hospital Carmen y Severo Ochoa,https://ror.org/01azs0t89,https://ror.org/00kj4ev13,Servicio de Salud del Principado de Asturias,Parent,Production
40578,https://github.com/ror-community/ror-updates/issues/40578,Modify the information in an existing ROR record: Hospital Carmen y Severo Ochoa - https://ror.org/01azs0t89,Servicio de Salud del Principado de Asturias,https://ror.org/00kj4ev13,https://ror.org/01azs0t89,Hospital Carmen y Severo Ochoa,Child,Release
40578,https://github.com/ror-community/ror-updates/issues/40578,Modify the information in an existing ROR record: Hospital Carmen y Severo Ochoa - https://ror.org/01azs0t89,Hospital Carmen y Severo Ochoa,https://ror.org/01azs0t89,https://ror.org/05mj4yh71,Gobierno del Principado de Asturias,Delete,Production
40578,https://github.com/ror-community/ror-updates/issues/40578,Modify the information in an existing ROR record: Hospital Carmen y Severo Ochoa - https://ror.org/01azs0t89,Gobierno del Principado de Asturias,https://ror.org/05mj4yh71,https://ror.org/01azs0t89,Hospital Carmen y Severo Ochoa,Delete,Release
40579,https://github.com/ror-community/ror-updates/issues/40579,Modify the information in an existing ROR record: Fundación Hospital de Jove - https://ror.org/01byf4846,Fundación Hospital de Jove,https://ror.org/01byf4846,https://ror.org/00kj4ev13,Servicio de Salud del Principado de Asturias,Related,Production
40579,https://github.com/ror-community/ror-updates/issues/40579,Modify the information in an existing ROR record: Fundación Hospital de Jove - https://ror.org/01byf4846,Servicio de Salud del Principado de Asturias,https://ror.org/00kj4ev13,https://ror.org/01byf4846,Fundación Hospital de Jove,Related,Release
40580,https://github.com/ror-community/ror-updates/issues/40580,Modify the information in an existing ROR record: Instituto Nacional de Silicosis - https://ror.org/05ymqz659,Instituto Nacional de Silicosis,https://ror.org/05ymqz659,https://ror.org/00kj4ev13,Servicio de Salud del Principado de Asturias,Parent,Production
40580,https://github.com/ror-community/ror-updates/issues/40580,Modify the information in an existing ROR record: Instituto Nacional de Silicosis - https://ror.org/05ymqz659,Servicio de Salud del Principado de Asturias,https://ror.org/00kj4ev13,https://ror.org/05ymqz659,Instituto Nacional de Silicosis,Child,Release
40581,https://github.com/ror-community/ror-updates/issues/40581,Modify the information in an existing ROR record: Servicio de Salud del Principado de Asturias - https://ror.org/00kj4ev13,Servicio de Salud del Principado de Asturias,https://ror.org/00kj4ev13,https://ror.org/05mj4yh71,Gobierno del Principado de Asturias,Parent,Production
40581,https://github.com/ror-community/ror-updates/issues/40581,Modify the information in an existing ROR record: Servicio de Salud del Principado de Asturias - https://ror.org/00kj4ev13,Gobierno del Principado de Asturias,https://ror.org/05mj4yh71,https://ror.org/00kj4ev13,Servicio de Salud del Principado de Asturias,Child,Release
40582,https://github.com/ror-community/ror-updates/issues/40582,Modify the information in an existing ROR record: Instituto de Investigación Sanitaria del Principado de Asturias - https://ror.org/05xzb7x97,Instituto de Investigación Sanitaria del Principado de Asturias,https://ror.org/05xzb7x97,https://ror.org/05mj4yh71,Gobierno del Principado de Asturias,Parent,Production
40582,https://github.com/ror-community/ror-updates/issues/40582,Modify the information in an existing ROR record: Instituto de Investigación Sanitaria del Principado de Asturias - https://ror.org/05xzb7x97,Gobierno del Principado de Asturias,https://ror.org/05mj4yh71,https://ror.org/05xzb7x97,Instituto de Investigación Sanitaria del Principado de Asturias,Child,Release
40582,https://github.com/ror-community/ror-updates/issues/40582,Modify the information in an existing ROR record: Instituto de Investigación Sanitaria del Principado de Asturias - https://ror.org/05xzb7x97,Instituto de Investigación Sanitaria del Principado de Asturias,https://ror.org/05xzb7x97,https://ror.org/006gksa02,Universidad de Oviedo,Related,Production
40582,https://github.com/ror-community/ror-updates/issues/40582,Modify the information in an existing ROR record: Instituto de Investigación Sanitaria del Principado de Asturias - https://ror.org/05xzb7x97,Universidad de Oviedo,https://ror.org/006gksa02,https://ror.org/05xzb7x97,Instituto de Investigación Sanitaria del Principado de Asturias,Related,Release
40614,https://github.com/ror-community/ror-updates/issues/40614,Modify the information in an existing ROR record: GWT-TUD GmbH (Germany) - https://ror.org/012d0t602,GWT-TUD GmbH (Germany),https://ror.org/012d0t602,https://ror.org/049ag6g97,GWT-TUD (Germany),Successor,Production
40614,https://github.com/ror-community/ror-updates/issues/40614,Modify the information in an existing ROR record: GWT-TUD GmbH (Germany) - https://ror.org/012d0t602,GWT-TUD (Germany),https://ror.org/049ag6g97,https://ror.org/012d0t602,GWT-TUD GmbH (Germany),Predecessor,Release
40619,https://github.com/ror-community/ror-updates/issues/40619,Modify the information in an existing ROR record: Cell Therapy Catapult - https://ror.org/04ffjez92,Cell Therapy Catapult,https://ror.org/04ffjez92,https://ror.org/0134kq024,Cell and Gene Therapy Catapult,Successor,Production
40619,https://github.com/ror-community/ror-updates/issues/40619,Modify the information in an existing ROR record: Cell Therapy Catapult - https://ror.org/04ffjez92,Cell and Gene Therapy Catapult,https://ror.org/0134kq024,https://ror.org/04ffjez92,Cell Therapy Catapult,Predecessor,Release
40620,https://github.com/ror-community/ror-updates/issues/40620,Modify the information in an existing ROR record: Southport and Ormskirk Hospital NHS Trust - https://ror.org/0586bt104,Southport and Ormskirk Hospital NHS Trust,https://ror.org/0586bt104,https://ror.org/02e6wxz44,St Helens and Knowsley Teaching Hospitals NHS Trust,Successor,Production
40620,https://github.com/ror-community/ror-updates/issues/40620,Modify the information in an existing ROR record: Southport and Ormskirk Hospital NHS Trust - https://ror.org/0586bt104,St Helens and Knowsley Teaching Hospitals NHS Trust,https://ror.org/02e6wxz44,https://ror.org/0586bt104,Southport and Ormskirk Hospital NHS Trust,Predecessor,Release
40621,https://github.com/ror-community/ror-updates/issues/40621,Modify the information in an existing ROR record: Fondation Pierre Mercier pour la science - https://ror.org/04t8x1s67,Fondation Pierre Mercier pour la science,https://ror.org/04t8x1s67,https://ror.org/042j59742,Fondation Pierre Mercier pour la Science,Successor,Production
40621,https://github.com/ror-community/ror-updates/issues/40621,Modify the information in an existing ROR record: Fondation Pierre Mercier pour la science - https://ror.org/04t8x1s67,Fondation Pierre Mercier pour la Science,https://ror.org/042j59742,https://ror.org/04t8x1s67,Fondation Pierre Mercier pour la science,Predecessor,Release
40622,https://github.com/ror-community/ror-updates/issues/40622,Modify the information in an existing ROR record: British Council (Ireland) - https://ror.org/04q9fd590,British Council (Ireland),https://ror.org/04q9fd590,https://ror.org/00t3pr326,British Council,Parent,Production
40622,https://github.com/ror-community/ror-updates/issues/40622,Modify the information in an existing ROR record: British Council (Ireland) - https://ror.org/04q9fd590,British Council,https://ror.org/00t3pr326,https://ror.org/04q9fd590,British Council (Ireland),Child,Release
40624,https://github.com/ror-community/ror-updates/issues/40624,Modify the information in an existing ROR record: British Council (Brazil) - https://ror.org/03sp64371,British Council (Brazil),https://ror.org/03sp64371,https://ror.org/00t3pr326,British Council,Parent,Production
40624,https://github.com/ror-community/ror-updates/issues/40624,Modify the information in an existing ROR record: British Council (Brazil) - https://ror.org/03sp64371,British Council,https://ror.org/00t3pr326,https://ror.org/03sp64371,British Council (Brazil),Child,Release
40625,https://github.com/ror-community/ror-updates/issues/40625,Modify the information in an existing ROR record: British Council (India) - https://ror.org/03f8ja864,British Council (India),https://ror.org/03f8ja864,https://ror.org/00t3pr326,British Council,Parent,Production
40625,https://github.com/ror-community/ror-updates/issues/40625,Modify the information in an existing ROR record: British Council (India) - https://ror.org/03f8ja864,British Council,https://ror.org/00t3pr326,https://ror.org/03f8ja864,British Council (India),Child,Release
40626,https://github.com/ror-community/ror-updates/issues/40626,Modify the information in an existing ROR record: British Council (Kenya) - https://ror.org/0410jfe71,British Council (Kenya),https://ror.org/0410jfe71,https://ror.org/00t3pr326,British Council,Parent,Production
40626,https://github.com/ror-community/ror-updates/issues/40626,Modify the information in an existing ROR record: British Council (Kenya) - https://ror.org/0410jfe71,British Council,https://ror.org/00t3pr326,https://ror.org/0410jfe71,British Council (Kenya),Child,Release
40628,https://github.com/ror-community/ror-updates/issues/40628,Modify the information in an existing ROR record: British Council (Egypt) - https://ror.org/004wta052,British Council (Egypt),https://ror.org/004wta052,https://ror.org/00t3pr326,British Council,Parent,Production
40628,https://github.com/ror-community/ror-updates/issues/40628,Modify the information in an existing ROR record: British Council (Egypt) - https://ror.org/004wta052,British Council,https://ror.org/00t3pr326,https://ror.org/004wta052,British Council (Egypt),Child,Release
40630,https://github.com/ror-community/ror-updates/issues/40630,Modify the information in an existing ROR record: GWT-TUD GmbH (Germany) - https://ror.org/012d0t602,GWT-TUD GmbH (Germany),https://ror.org/012d0t602,https://ror.org/049ag6g97,GWT-TUD (Germany),Successor,Production
40630,https://github.com/ror-community/ror-updates/issues/40630,Modify the information in an existing ROR record: GWT-TUD GmbH (Germany) - https://ror.org/012d0t602,GWT-TUD (Germany),https://ror.org/049ag6g97,https://ror.org/012d0t602,GWT-TUD GmbH (Germany),Predecessor,Release
40632,https://github.com/ror-community/ror-updates/issues/40632,Modify the information in an existing ROR record: Łukasiewicz Research Network - Institute of Welding - https://ror.org/05xx8bb48,Łukasiewicz Research Network - Institute of Welding,https://ror.org/05xx8bb48,https://ror.org/01fbjr446,Instytut Metalurgii Żelaza im. Stanisława Staszica,Successor,Production
40632,https://github.com/ror-community/ror-updates/issues/40632,Modify the information in an existing ROR record: Łukasiewicz Research Network - Institute of Welding - https://ror.org/05xx8bb48,Instytut Metalurgii Żelaza im. Stanisława Staszica,https://ror.org/01fbjr446,https://ror.org/05xx8bb48,Łukasiewicz Research Network - Institute of Welding,Predecessor,Release
40636,https://github.com/ror-community/ror-updates/issues/40636,"Modify the information in an existing ROR record: State Enterprise ""National Institute for Development Infrastructure"" - https://ror.org/02p4mdk41","State Enterprise ""National Institute for Development Infrastructure""",https://ror.org/02p4mdk41,https://ror.org/013fj3d42,"State Enterprise ""National Institute for Development Infrastructure""",Successor,Production
40636,https://github.com/ror-community/ror-updates/issues/40636,"Modify the information in an existing ROR record: State Enterprise ""National Institute for Development Infrastructure"" - https://ror.org/02p4mdk41","State Enterprise ""National Institute for Development Infrastructure""",https://ror.org/013fj3d42,https://ror.org/02p4mdk41,"State Enterprise ""National Institute for Development Infrastructure""",Predecessor,Release
40638,https://github.com/ror-community/ror-updates/issues/40638,Modify the information in an existing ROR record: St. Joseph’s College of Engineering - https://ror.org/01g3pby21,St. Joseph’s College of Engineering,https://ror.org/01g3pby21,https://ror.org/01qhf1r47,"Anna University, Chennai",Related,Production
40638,https://github.com/ror-community/ror-updates/issues/40638,Modify the information in an existing ROR record: St. Joseph’s College of Engineering - https://ror.org/01g3pby21,"Anna University, Chennai",https://ror.org/01qhf1r47,https://ror.org/01g3pby21,St. Joseph’s College of Engineering,Related,Release
40742,https://github.com/ror-community/ror-updates/issues/40742,Add a new organization to ROR: Embrapa Agrobiology (Brazil),Embrapa Agrobiology,https://ror.org/02kvpbs23,https://ror.org/0482b5b22,Brazilian Agricultural Research Corporation,Parent,Production
40742,https://github.com/ror-community/ror-updates/issues/40742,Add a new organization to ROR: Embrapa Agrobiology (Brazil),Brazilian Agricultural Research Corporation,https://ror.org/0482b5b22,https://ror.org/02kvpbs23,Embrapa Agrobiology,Child,Release
40742,https://github.com/ror-community/ror-updates/issues/40742,Add a new organization to ROR: Embrapa Agrobiology (Brazil),Embrapa Agrobiology,https://ror.org/02kvpbs23,https://ror.org/04mj0y667,"Ministry of Agriculture, Livestock, and Food Supply",Related,Production
40742,https://github.com/ror-community/ror-updates/issues/40742,Add a new organization to ROR: Embrapa Agrobiology (Brazil),"Ministry of Agriculture, Livestock, and Food Supply",https://ror.org/04mj0y667,https://ror.org/02kvpbs23,Embrapa Agrobiology,Related,Release
40743,https://github.com/ror-community/ror-updates/issues/40743,Add a new organization to ROR: Embrapa Agroenergy (Brazil),Embrapa Agroenergia,https://ror.org/05gpwkk43,https://ror.org/0482b5b22,Brazilian Agricultural Research Corporation,Parent,Production
40743,https://github.com/ror-community/ror-updates/issues/40743,Add a new organization to ROR: Embrapa Agroenergy (Brazil),Brazilian Agricultural Research Corporation,https://ror.org/0482b5b22,https://ror.org/05gpwkk43,Embrapa Agroenergia,Child,Release
40743,https://github.com/ror-community/ror-updates/issues/40743,Add a new organization to ROR: Embrapa Agroenergy (Brazil),Embrapa Agroenergia,https://ror.org/05gpwkk43,https://ror.org/04mj0y667,"Ministry of Agriculture, Livestock, and Food Supply",Related,Production
40743,https://github.com/ror-community/ror-updates/issues/40743,Add a new organization to ROR: Embrapa Agroenergy (Brazil),"Ministry of Agriculture, Livestock, and Food Supply",https://ror.org/04mj0y667,https://ror.org/05gpwkk43,Embrapa Agroenergia,Related,Release
40744,https://github.com/ror-community/ror-updates/issues/40744,Add a new organization to ROR: Embrapa Agrosilvopastoral (Brazil),Embrapa Agrossilvipastoril,https://ror.org/00k7msc84,https://ror.org/0482b5b22,Brazilian Agricultural Research Corporation,Parent,Production
40744,https://github.com/ror-community/ror-updates/issues/40744,Add a new organization to ROR: Embrapa Agrosilvopastoral (Brazil),Brazilian Agricultural Research Corporation,https://ror.org/0482b5b22,https://ror.org/00k7msc84,Embrapa Agrossilvipastoril,Child,Release
40744,https://github.com/ror-community/ror-updates/issues/40744,Add a new organization to ROR: Embrapa Agrosilvopastoral (Brazil),Embrapa Agrossilvipastoril,https://ror.org/00k7msc84,https://ror.org/04mj0y667,"Ministry of Agriculture, Livestock, and Food Supply",Related,Production
40744,https://github.com/ror-community/ror-updates/issues/40744,Add a new organization to ROR: Embrapa Agrosilvopastoral (Brazil),"Ministry of Agriculture, Livestock, and Food Supply",https://ror.org/04mj0y667,https://ror.org/00k7msc84,Embrapa Agrossilvipastoril,Related,Release
40745,https://github.com/ror-community/ror-updates/issues/40745,Add a new organization to ROR: Embrapa Amapá (Brazil),Embrapa Amapá,https://ror.org/00hegjn45,https://ror.org/0482b5b22,Brazilian Agricultural Research Corporation,Parent,Production
40745,https://github.com/ror-community/ror-updates/issues/40745,Add a new organization to ROR: Embrapa Amapá (Brazil),Brazilian Agricultural Research Corporation,https://ror.org/0482b5b22,https://ror.org/00hegjn45,Embrapa Amapá,Child,Release
40745,https://github.com/ror-community/ror-updates/issues/40745,Add a new organization to ROR: Embrapa Amapá (Brazil),Embrapa Amapá,https://ror.org/00hegjn45,https://ror.org/04mj0y667,"Ministry of Agriculture, Livestock, and Food Supply",Related,Production
40745,https://github.com/ror-community/ror-updates/issues/40745,Add a new organization to ROR: Embrapa Amapá (Brazil),"Ministry of Agriculture, Livestock, and Food Supply",https://ror.org/04mj0y667,https://ror.org/00hegjn45,Embrapa Amapá,Related,Release
40746,https://github.com/ror-community/ror-updates/issues/40746,Add a new organization to ROR: Embrapa Beef Cattle (Brazil),Embrapa Gado de Corte,https://ror.org/02gmyb224,https://ror.org/0482b5b22,Brazilian Agricultural Research Corporation,Parent,Production
40746,https://github.com/ror-community/ror-updates/issues/40746,Add a new organization to ROR: Embrapa Beef Cattle (Brazil),Brazilian Agricultural Research Corporation,https://ror.org/0482b5b22,https://ror.org/02gmyb224,Embrapa Gado de Corte,Child,Release
40746,https://github.com/ror-community/ror-updates/issues/40746,Add a new organization to ROR: Embrapa Beef Cattle (Brazil),Embrapa Gado de Corte,https://ror.org/02gmyb224,https://ror.org/04mj0y667,"Ministry of Agriculture, Livestock, and Food Supply",Related,Production
40746,https://github.com/ror-community/ror-updates/issues/40746,Add a new organization to ROR: Embrapa Beef Cattle (Brazil),"Ministry of Agriculture, Livestock, and Food Supply",https://ror.org/04mj0y667,https://ror.org/02gmyb224,Embrapa Gado de Corte,Related,Release
40747,https://github.com/ror-community/ror-updates/issues/40747,Add a new organization to ROR: Embrapa Cerrados (Brazil),Embrapa Cerrados,https://ror.org/01km6g468,https://ror.org/0482b5b22,Brazilian Agricultural Research Corporation,Parent,Production
40747,https://github.com/ror-community/ror-updates/issues/40747,Add a new organization to ROR: Embrapa Cerrados (Brazil),Brazilian Agricultural Research Corporation,https://ror.org/0482b5b22,https://ror.org/01km6g468,Embrapa Cerrados,Child,Release
40747,https://github.com/ror-community/ror-updates/issues/40747,Add a new organization to ROR: Embrapa Cerrados (Brazil),Embrapa Cerrados,https://ror.org/01km6g468,https://ror.org/04mj0y667,"Ministry of Agriculture, Livestock, and Food Supply",Related,Production
40747,https://github.com/ror-community/ror-updates/issues/40747,Add a new organization to ROR: Embrapa Cerrados (Brazil),"Ministry of Agriculture, Livestock, and Food Supply",https://ror.org/04mj0y667,https://ror.org/01km6g468,Embrapa Cerrados,Related,Release
40748,https://github.com/ror-community/ror-updates/issues/40748,Add a new organization to ROR: Embrapa Coastal Tablelands (Brazil),Embrapa Coastal Tablelands,https://ror.org/05y73qn22,https://ror.org/0482b5b22,Brazilian Agricultural Research Corporation,Parent,Production
40748,https://github.com/ror-community/ror-updates/issues/40748,Add a new organization to ROR: Embrapa Coastal Tablelands (Brazil),Brazilian Agricultural Research Corporation,https://ror.org/0482b5b22,https://ror.org/05y73qn22,Embrapa Coastal Tablelands,Child,Release
40748,https://github.com/ror-community/ror-updates/issues/40748,Add a new organization to ROR: Embrapa Coastal Tablelands (Brazil),Embrapa Coastal Tablelands,https://ror.org/05y73qn22,https://ror.org/04mj0y667,"Ministry of Agriculture, Livestock, and Food Supply",Related,Production
40748,https://github.com/ror-community/ror-updates/issues/40748,Add a new organization to ROR: Embrapa Coastal Tablelands (Brazil),"Ministry of Agriculture, Livestock, and Food Supply",https://ror.org/04mj0y667,https://ror.org/05y73qn22,Embrapa Coastal Tablelands,Related,Release
40749,https://github.com/ror-community/ror-updates/issues/40749,Add a new organization to ROR: Embrapa Coffee (Brazil),Embrapa Coffee,https://ror.org/00qs9c946,https://ror.org/0482b5b22,Brazilian Agricultural Research Corporation,Parent,Production
40749,https://github.com/ror-community/ror-updates/issues/40749,Add a new organization to ROR: Embrapa Coffee (Brazil),Brazilian Agricultural Research Corporation,https://ror.org/0482b5b22,https://ror.org/00qs9c946,Embrapa Coffee,Child,Release
40749,https://github.com/ror-community/ror-updates/issues/40749,Add a new organization to ROR: Embrapa Coffee (Brazil),Embrapa Coffee,https://ror.org/00qs9c946,https://ror.org/04mj0y667,"Ministry of Agriculture, Livestock, and Food Supply",Related,Production
40749,https://github.com/ror-community/ror-updates/issues/40749,Add a new organization to ROR: Embrapa Coffee (Brazil),"Ministry of Agriculture, Livestock, and Food Supply",https://ror.org/04mj0y667,https://ror.org/00qs9c946,Embrapa Coffee,Related,Release
40750,https://github.com/ror-community/ror-updates/issues/40750,Add a new organization to ROR: Embrapa Cotton (Brazil),Embrapa Algodão,https://ror.org/03je87132,https://ror.org/0482b5b22,Brazilian Agricultural Research Corporation,Parent,Production
40750,https://github.com/ror-community/ror-updates/issues/40750,Add a new organization to ROR: Embrapa Cotton (Brazil),Brazilian Agricultural Research Corporation,https://ror.org/0482b5b22,https://ror.org/03je87132,Embrapa Algodão,Child,Release
40750,https://github.com/ror-community/ror-updates/issues/40750,Add a new organization to ROR: Embrapa Cotton (Brazil),Embrapa Algodão,https://ror.org/03je87132,https://ror.org/04mj0y667,"Ministry of Agriculture, Livestock, and Food Supply",Related,Production
40750,https://github.com/ror-community/ror-updates/issues/40750,Add a new organization to ROR: Embrapa Cotton (Brazil),"Ministry of Agriculture, Livestock, and Food Supply",https://ror.org/04mj0y667,https://ror.org/03je87132,Embrapa Algodão,Related,Release
40751,https://github.com/ror-community/ror-updates/issues/40751,Add a new organization to ROR: Embrapa Dairy Cattle (Brazil),Embrapa Gado de Leite,https://ror.org/0446waw32,https://ror.org/0482b5b22,Brazilian Agricultural Research Corporation,Parent,Production
40751,https://github.com/ror-community/ror-updates/issues/40751,Add a new organization to ROR: Embrapa Dairy Cattle (Brazil),Brazilian Agricultural Research Corporation,https://ror.org/0482b5b22,https://ror.org/0446waw32,Embrapa Gado de Leite,Child,Release
40751,https://github.com/ror-community/ror-updates/issues/40751,Add a new organization to ROR: Embrapa Dairy Cattle (Brazil),Embrapa Gado de Leite,https://ror.org/0446waw32,https://ror.org/04mj0y667,"Ministry of Agriculture, Livestock, and Food Supply",Related,Production
40751,https://github.com/ror-community/ror-updates/issues/40751,Add a new organization to ROR: Embrapa Dairy Cattle (Brazil),"Ministry of Agriculture, Livestock, and Food Supply",https://ror.org/04mj0y667,https://ror.org/0446waw32,Embrapa Gado de Leite,Related,Release
40752,https://github.com/ror-community/ror-updates/issues/40752,Add a new organization to ROR: Embrapa Digital Agriculture (Brazil),Embrapa Digital Agriculture,https://ror.org/03d8jng87,https://ror.org/0482b5b22,Brazilian Agricultural Research Corporation,Parent,Production
40752,https://github.com/ror-community/ror-updates/issues/40752,Add a new organization to ROR: Embrapa Digital Agriculture (Brazil),Brazilian Agricultural Research Corporation,https://ror.org/0482b5b22,https://ror.org/03d8jng87,Embrapa Digital Agriculture,Child,Release
40752,https://github.com/ror-community/ror-updates/issues/40752,Add a new organization to ROR: Embrapa Digital Agriculture (Brazil),Embrapa Digital Agriculture,https://ror.org/03d8jng87,https://ror.org/04mj0y667,"Ministry of Agriculture, Livestock, and Food Supply",Related,Production
40752,https://github.com/ror-community/ror-updates/issues/40752,Add a new organization to ROR: Embrapa Digital Agriculture (Brazil),"Ministry of Agriculture, Livestock, and Food Supply",https://ror.org/04mj0y667,https://ror.org/03d8jng87,Embrapa Digital Agriculture,Related,Release
40753,https://github.com/ror-community/ror-updates/issues/40753,Add a new organization to ROR: Embrapa Eastern Amazon (Brazil),Embrapa Amazônia Oriental,https://ror.org/02dtfrf90,https://ror.org/0482b5b22,Brazilian Agricultural Research Corporation,Parent,Production
40753,https://github.com/ror-community/ror-updates/issues/40753,Add a new organization to ROR: Embrapa Eastern Amazon (Brazil),Brazilian Agricultural Research Corporation,https://ror.org/0482b5b22,https://ror.org/02dtfrf90,Embrapa Amazônia Oriental,Child,Release
40753,https://github.com/ror-community/ror-updates/issues/40753,Add a new organization to ROR: Embrapa Eastern Amazon (Brazil),Embrapa Amazônia Oriental,https://ror.org/02dtfrf90,https://ror.org/04mj0y667,"Ministry of Agriculture, Livestock, and Food Supply",Related,Production
40753,https://github.com/ror-community/ror-updates/issues/40753,Add a new organization to ROR: Embrapa Eastern Amazon (Brazil),"Ministry of Agriculture, Livestock, and Food Supply",https://ror.org/04mj0y667,https://ror.org/02dtfrf90,Embrapa Amazônia Oriental,Related,Release
40754,https://github.com/ror-community/ror-updates/issues/40754,Add a new organization to ROR: Embrapa Environment (Brazil),Embrapa Meio Ambiente,https://ror.org/02fjvyj03,https://ror.org/0482b5b22,Brazilian Agricultural Research Corporation,Parent,Production
40754,https://github.com/ror-community/ror-updates/issues/40754,Add a new organization to ROR: Embrapa Environment (Brazil),Brazilian Agricultural Research Corporation,https://ror.org/0482b5b22,https://ror.org/02fjvyj03,Embrapa Meio Ambiente,Child,Release
40754,https://github.com/ror-community/ror-updates/issues/40754,Add a new organization to ROR: Embrapa Environment (Brazil),Embrapa Meio Ambiente,https://ror.org/02fjvyj03,https://ror.org/04mj0y667,"Ministry of Agriculture, Livestock, and Food Supply",Related,Production
40754,https://github.com/ror-community/ror-updates/issues/40754,Add a new organization to ROR: Embrapa Environment (Brazil),"Ministry of Agriculture, Livestock, and Food Supply",https://ror.org/04mj0y667,https://ror.org/02fjvyj03,Embrapa Meio Ambiente,Related,Release
40756,https://github.com/ror-community/ror-updates/issues/40756,Add a new organization to ROR: Embrapa Food and Territories (Brazil),Embrapa Food and Territories,https://ror.org/04a5asm12,https://ror.org/0482b5b22,Brazilian Agricultural Research Corporation,Parent,Production
40756,https://github.com/ror-community/ror-updates/issues/40756,Add a new organization to ROR: Embrapa Food and Territories (Brazil),Brazilian Agricultural Research Corporation,https://ror.org/0482b5b22,https://ror.org/04a5asm12,Embrapa Food and Territories,Child,Release
40756,https://github.com/ror-community/ror-updates/issues/40756,Add a new organization to ROR: Embrapa Food and Territories (Brazil),Embrapa Food and Territories,https://ror.org/04a5asm12,https://ror.org/04mj0y667,"Ministry of Agriculture, Livestock, and Food Supply",Related,Production
40756,https://github.com/ror-community/ror-updates/issues/40756,Add a new organization to ROR: Embrapa Food and Territories (Brazil),"Ministry of Agriculture, Livestock, and Food Supply",https://ror.org/04mj0y667,https://ror.org/04a5asm12,Embrapa Food and Territories,Related,Release
40757,https://github.com/ror-community/ror-updates/issues/40757,Add a new organization to ROR: Embrapa Food Technology (Brazil),Embrapa Agroindústria de Alimentos,https://ror.org/052116s12,https://ror.org/0482b5b22,Brazilian Agricultural Research Corporation,Parent,Production
40757,https://github.com/ror-community/ror-updates/issues/40757,Add a new organization to ROR: Embrapa Food Technology (Brazil),Brazilian Agricultural Research Corporation,https://ror.org/0482b5b22,https://ror.org/052116s12,Embrapa Agroindústria de Alimentos,Child,Release
40757,https://github.com/ror-community/ror-updates/issues/40757,Add a new organization to ROR: Embrapa Food Technology (Brazil),Embrapa Agroindústria de Alimentos,https://ror.org/052116s12,https://ror.org/04mj0y667,"Ministry of Agriculture, Livestock, and Food Supply",Related,Production
40757,https://github.com/ror-community/ror-updates/issues/40757,Add a new organization to ROR: Embrapa Food Technology (Brazil),"Ministry of Agriculture, Livestock, and Food Supply",https://ror.org/04mj0y667,https://ror.org/052116s12,Embrapa Agroindústria de Alimentos,Related,Release
40758,https://github.com/ror-community/ror-updates/issues/40758,Add a new organization to ROR: Embrapa Genetic Resources and Biotechnology (Brazil),Embrapa Recursos Genéticos e Biotecnologia,https://ror.org/047y8rp84,https://ror.org/0482b5b22,Brazilian Agricultural Research Corporation,Parent,Production
40758,https://github.com/ror-community/ror-updates/issues/40758,Add a new organization to ROR: Embrapa Genetic Resources and Biotechnology (Brazil),Brazilian Agricultural Research Corporation,https://ror.org/0482b5b22,https://ror.org/047y8rp84,Embrapa Recursos Genéticos e Biotecnologia,Child,Release
40758,https://github.com/ror-community/ror-updates/issues/40758,Add a new organization to ROR: Embrapa Genetic Resources and Biotechnology (Brazil),Embrapa Recursos Genéticos e Biotecnologia,https://ror.org/047y8rp84,https://ror.org/04mj0y667,"Ministry of Agriculture, Livestock, and Food Supply",Related,Production
40758,https://github.com/ror-community/ror-updates/issues/40758,Add a new organization to ROR: Embrapa Genetic Resources and Biotechnology (Brazil),"Ministry of Agriculture, Livestock, and Food Supply",https://ror.org/04mj0y667,https://ror.org/047y8rp84,Embrapa Recursos Genéticos e Biotecnologia,Related,Release
40759,https://github.com/ror-community/ror-updates/issues/40759,Add a new organization to ROR: Embrapa Goats and Sheep (Brazil),Embrapa Goats and Sheep,https://ror.org/00btxq994,https://ror.org/0482b5b22,Brazilian Agricultural Research Corporation,Parent,Production
40759,https://github.com/ror-community/ror-updates/issues/40759,Add a new organization to ROR: Embrapa Goats and Sheep (Brazil),Brazilian Agricultural Research Corporation,https://ror.org/0482b5b22,https://ror.org/00btxq994,Embrapa Goats and Sheep,Child,Release
40759,https://github.com/ror-community/ror-updates/issues/40759,Add a new organization to ROR: Embrapa Goats and Sheep (Brazil),Embrapa Goats and Sheep,https://ror.org/00btxq994,https://ror.org/04mj0y667,"Ministry of Agriculture, Livestock, and Food Supply",Related,Production
40759,https://github.com/ror-community/ror-updates/issues/40759,Add a new organization to ROR: Embrapa Goats and Sheep (Brazil),"Ministry of Agriculture, Livestock, and Food Supply",https://ror.org/04mj0y667,https://ror.org/00btxq994,Embrapa Goats and Sheep,Related,Release
40760,https://github.com/ror-community/ror-updates/issues/40760,Add a new organization to ROR: Embrapa Grape and Wine (Brazil),Embrapa Uva e Vinho,https://ror.org/00sdy1r75,https://ror.org/0482b5b22,Brazilian Agricultural Research Corporation,Parent,Production
40760,https://github.com/ror-community/ror-updates/issues/40760,Add a new organization to ROR: Embrapa Grape and Wine (Brazil),Brazilian Agricultural Research Corporation,https://ror.org/0482b5b22,https://ror.org/00sdy1r75,Embrapa Uva e Vinho,Child,Release
40760,https://github.com/ror-community/ror-updates/issues/40760,Add a new organization to ROR: Embrapa Grape and Wine (Brazil),Embrapa Uva e Vinho,https://ror.org/00sdy1r75,https://ror.org/04mj0y667,"Ministry of Agriculture, Livestock, and Food Supply",Related,Production
40760,https://github.com/ror-community/ror-updates/issues/40760,Add a new organization to ROR: Embrapa Grape and Wine (Brazil),"Ministry of Agriculture, Livestock, and Food Supply",https://ror.org/04mj0y667,https://ror.org/00sdy1r75,Embrapa Uva e Vinho,Related,Release
40761,https://github.com/ror-community/ror-updates/issues/40761,Add a new organization to ROR: Embrapa Instrumentation (Brazil),Embrapa Instrumentação,https://ror.org/00s9y8q63,https://ror.org/0482b5b22,Brazilian Agricultural Research Corporation,Parent,Production
40761,https://github.com/ror-community/ror-updates/issues/40761,Add a new organization to ROR: Embrapa Instrumentation (Brazil),Brazilian Agricultural Research Corporation,https://ror.org/0482b5b22,https://ror.org/00s9y8q63,Embrapa Instrumentação,Child,Release
40761,https://github.com/ror-community/ror-updates/issues/40761,Add a new organization to ROR: Embrapa Instrumentation (Brazil),Embrapa Instrumentação,https://ror.org/00s9y8q63,https://ror.org/04mj0y667,"Ministry of Agriculture, Livestock, and Food Supply",Related,Production
40761,https://github.com/ror-community/ror-updates/issues/40761,Add a new organization to ROR: Embrapa Instrumentation (Brazil),"Ministry of Agriculture, Livestock, and Food Supply",https://ror.org/04mj0y667,https://ror.org/00s9y8q63,Embrapa Instrumentação,Related,Release
40762,https://github.com/ror-community/ror-updates/issues/40762,Add a new organization to ROR: Embrapa Maize and Sorghum (Brazil),Embrapa Milho e Sorgo,https://ror.org/03bk4ej62,https://ror.org/0482b5b22,Brazilian Agricultural Research Corporation,Parent,Production
40762,https://github.com/ror-community/ror-updates/issues/40762,Add a new organization to ROR: Embrapa Maize and Sorghum (Brazil),Brazilian Agricultural Research Corporation,https://ror.org/0482b5b22,https://ror.org/03bk4ej62,Embrapa Milho e Sorgo,Child,Release
40762,https://github.com/ror-community/ror-updates/issues/40762,Add a new organization to ROR: Embrapa Maize and Sorghum (Brazil),Embrapa Milho e Sorgo,https://ror.org/03bk4ej62,https://ror.org/04mj0y667,"Ministry of Agriculture, Livestock, and Food Supply",Related,Production
40762,https://github.com/ror-community/ror-updates/issues/40762,Add a new organization to ROR: Embrapa Maize and Sorghum (Brazil),"Ministry of Agriculture, Livestock, and Food Supply",https://ror.org/04mj0y667,https://ror.org/03bk4ej62,Embrapa Milho e Sorgo,Related,Release
40763,https://github.com/ror-community/ror-updates/issues/40763,Add a new organization to ROR: Embrapa Maranhão (Brazil),Embrapa Maranhão,https://ror.org/04tgq4e52,https://ror.org/0482b5b22,Brazilian Agricultural Research Corporation,Parent,Production
40763,https://github.com/ror-community/ror-updates/issues/40763,Add a new organization to ROR: Embrapa Maranhão (Brazil),Brazilian Agricultural Research Corporation,https://ror.org/0482b5b22,https://ror.org/04tgq4e52,Embrapa Maranhão,Child,Release
40763,https://github.com/ror-community/ror-updates/issues/40763,Add a new organization to ROR: Embrapa Maranhão (Brazil),Embrapa Maranhão,https://ror.org/04tgq4e52,https://ror.org/04mj0y667,"Ministry of Agriculture, Livestock, and Food Supply",Related,Production
40763,https://github.com/ror-community/ror-updates/issues/40763,Add a new organization to ROR: Embrapa Maranhão (Brazil),"Ministry of Agriculture, Livestock, and Food Supply",https://ror.org/04mj0y667,https://ror.org/04tgq4e52,Embrapa Maranhão,Related,Release
40764,https://github.com/ror-community/ror-updates/issues/40764,Add a new organization to ROR: Embrapa Mid-North (Brazil),Embrapa Meio-Norte,https://ror.org/01d74vf67,https://ror.org/0482b5b22,Brazilian Agricultural Research Corporation,Parent,Production
40764,https://github.com/ror-community/ror-updates/issues/40764,Add a new organization to ROR: Embrapa Mid-North (Brazil),Brazilian Agricultural Research Corporation,https://ror.org/0482b5b22,https://ror.org/01d74vf67,Embrapa Meio-Norte,Child,Release
40764,https://github.com/ror-community/ror-updates/issues/40764,Add a new organization to ROR: Embrapa Mid-North (Brazil),Embrapa Meio-Norte,https://ror.org/01d74vf67,https://ror.org/04mj0y667,"Ministry of Agriculture, Livestock, and Food Supply",Related,Production
40764,https://github.com/ror-community/ror-updates/issues/40764,Add a new organization to ROR: Embrapa Mid-North (Brazil),"Ministry of Agriculture, Livestock, and Food Supply",https://ror.org/04mj0y667,https://ror.org/01d74vf67,Embrapa Meio-Norte,Related,Release
40765,https://github.com/ror-community/ror-updates/issues/40765,Add a new organization to ROR: Embrapa Pantanal (Brazil),Embrapa Pantanal,https://ror.org/02g38tv88,https://ror.org/0482b5b22,Brazilian Agricultural Research Corporation,Parent,Production
40765,https://github.com/ror-community/ror-updates/issues/40765,Add a new organization to ROR: Embrapa Pantanal (Brazil),Brazilian Agricultural Research Corporation,https://ror.org/0482b5b22,https://ror.org/02g38tv88,Embrapa Pantanal,Child,Release
40765,https://github.com/ror-community/ror-updates/issues/40765,Add a new organization to ROR: Embrapa Pantanal (Brazil),Embrapa Pantanal,https://ror.org/02g38tv88,https://ror.org/04mj0y667,"Ministry of Agriculture, Livestock, and Food Supply",Related,Production
40765,https://github.com/ror-community/ror-updates/issues/40765,Add a new organization to ROR: Embrapa Pantanal (Brazil),"Ministry of Agriculture, Livestock, and Food Supply",https://ror.org/04mj0y667,https://ror.org/02g38tv88,Embrapa Pantanal,Related,Release
40766,https://github.com/ror-community/ror-updates/issues/40766,Add a new organization to ROR: Embrapa Rondônia (Brazil),Embrapa Rondônia,https://ror.org/0592yx093,https://ror.org/0482b5b22,Brazilian Agricultural Research Corporation,Parent,Production
40766,https://github.com/ror-community/ror-updates/issues/40766,Add a new organization to ROR: Embrapa Rondônia (Brazil),Brazilian Agricultural Research Corporation,https://ror.org/0482b5b22,https://ror.org/0592yx093,Embrapa Rondônia,Child,Release
40766,https://github.com/ror-community/ror-updates/issues/40766,Add a new organization to ROR: Embrapa Rondônia (Brazil),Embrapa Rondônia,https://ror.org/0592yx093,https://ror.org/04mj0y667,"Ministry of Agriculture, Livestock, and Food Supply",Related,Production
40766,https://github.com/ror-community/ror-updates/issues/40766,Add a new organization to ROR: Embrapa Rondônia (Brazil),"Ministry of Agriculture, Livestock, and Food Supply",https://ror.org/04mj0y667,https://ror.org/0592yx093,Embrapa Rondônia,Related,Release
40768,https://github.com/ror-community/ror-updates/issues/40768,Add a new organization to ROR: Embrapa Roraima (Brazil),Embrapa Roraima,https://ror.org/04ktny528,https://ror.org/0482b5b22,Brazilian Agricultural Research Corporation,Parent,Production
40768,https://github.com/ror-community/ror-updates/issues/40768,Add a new organization to ROR: Embrapa Roraima (Brazil),Brazilian Agricultural Research Corporation,https://ror.org/0482b5b22,https://ror.org/04ktny528,Embrapa Roraima,Child,Release
40768,https://github.com/ror-community/ror-updates/issues/40768,Add a new organization to ROR: Embrapa Roraima (Brazil),Embrapa Roraima,https://ror.org/04ktny528,https://ror.org/04mj0y667,"Ministry of Agriculture, Livestock, and Food Supply",Related,Production
40768,https://github.com/ror-community/ror-updates/issues/40768,Add a new organization to ROR: Embrapa Roraima (Brazil),"Ministry of Agriculture, Livestock, and Food Supply",https://ror.org/04mj0y667,https://ror.org/04ktny528,Embrapa Roraima,Related,Release
40769,https://github.com/ror-community/ror-updates/issues/40769,Add a new organization to ROR: Embrapa Semi-Arid Region (Brazil),Embrapa Semiárido,https://ror.org/02h0x6s81,https://ror.org/0482b5b22,Brazilian Agricultural Research Corporation,Parent,Production
40769,https://github.com/ror-community/ror-updates/issues/40769,Add a new organization to ROR: Embrapa Semi-Arid Region (Brazil),Brazilian Agricultural Research Corporation,https://ror.org/0482b5b22,https://ror.org/02h0x6s81,Embrapa Semiárido,Child,Release
40769,https://github.com/ror-community/ror-updates/issues/40769,Add a new organization to ROR: Embrapa Semi-Arid Region (Brazil),Embrapa Semiárido,https://ror.org/02h0x6s81,https://ror.org/04mj0y667,"Ministry of Agriculture, Livestock, and Food Supply",Related,Production
40769,https://github.com/ror-community/ror-updates/issues/40769,Add a new organization to ROR: Embrapa Semi-Arid Region (Brazil),"Ministry of Agriculture, Livestock, and Food Supply",https://ror.org/04mj0y667,https://ror.org/02h0x6s81,Embrapa Semiárido,Related,Release
40770,https://github.com/ror-community/ror-updates/issues/40770,Add a new organization to ROR: Embrapa Soils (Brazil),Embrapa Solos,https://ror.org/0273d8861,https://ror.org/0482b5b22,Brazilian Agricultural Research Corporation,Parent,Production
40770,https://github.com/ror-community/ror-updates/issues/40770,Add a new organization to ROR: Embrapa Soils (Brazil),Brazilian Agricultural Research Corporation,https://ror.org/0482b5b22,https://ror.org/0273d8861,Embrapa Solos,Child,Release
40770,https://github.com/ror-community/ror-updates/issues/40770,Add a new organization to ROR: Embrapa Soils (Brazil),Embrapa Solos,https://ror.org/0273d8861,https://ror.org/04mj0y667,"Ministry of Agriculture, Livestock, and Food Supply",Related,Production
40770,https://github.com/ror-community/ror-updates/issues/40770,Add a new organization to ROR: Embrapa Soils (Brazil),"Ministry of Agriculture, Livestock, and Food Supply",https://ror.org/04mj0y667,https://ror.org/0273d8861,Embrapa Solos,Related,Release
40771,https://github.com/ror-community/ror-updates/issues/40771,Add a new organization to ROR: Embrapa Southeastern Livestock (Brazil),Embrapa Southeastern Livestock,https://ror.org/02tcyjz11,https://ror.org/0482b5b22,Brazilian Agricultural Research Corporation,Parent,Production
40771,https://github.com/ror-community/ror-updates/issues/40771,Add a new organization to ROR: Embrapa Southeastern Livestock (Brazil),Brazilian Agricultural Research Corporation,https://ror.org/0482b5b22,https://ror.org/02tcyjz11,Embrapa Southeastern Livestock,Child,Release
40771,https://github.com/ror-community/ror-updates/issues/40771,Add a new organization to ROR: Embrapa Southeastern Livestock (Brazil),Embrapa Southeastern Livestock,https://ror.org/02tcyjz11,https://ror.org/04mj0y667,"Ministry of Agriculture, Livestock, and Food Supply",Related,Production
40771,https://github.com/ror-community/ror-updates/issues/40771,Add a new organization to ROR: Embrapa Southeastern Livestock (Brazil),"Ministry of Agriculture, Livestock, and Food Supply",https://ror.org/04mj0y667,https://ror.org/02tcyjz11,Embrapa Southeastern Livestock,Related,Release
40772,https://github.com/ror-community/ror-updates/issues/40772,Add a new organization to ROR: Embrapa Southern Livestock (Brazil),Embrapa Southern Livestock,https://ror.org/058j9ky09,https://ror.org/0482b5b22,Brazilian Agricultural Research Corporation,Parent,Production
40772,https://github.com/ror-community/ror-updates/issues/40772,Add a new organization to ROR: Embrapa Southern Livestock (Brazil),Brazilian Agricultural Research Corporation,https://ror.org/0482b5b22,https://ror.org/058j9ky09,Embrapa Southern Livestock,Child,Release
40772,https://github.com/ror-community/ror-updates/issues/40772,Add a new organization to ROR: Embrapa Southern Livestock (Brazil),Embrapa Southern Livestock,https://ror.org/058j9ky09,https://ror.org/04mj0y667,"Ministry of Agriculture, Livestock, and Food Supply",Related,Production
40772,https://github.com/ror-community/ror-updates/issues/40772,Add a new organization to ROR: Embrapa Southern Livestock (Brazil),"Ministry of Agriculture, Livestock, and Food Supply",https://ror.org/04mj0y667,https://ror.org/058j9ky09,Embrapa Southern Livestock,Related,Release
40773,https://github.com/ror-community/ror-updates/issues/40773,Add a new organization to ROR: Embrapa Soybean (Brazil),Embrapa Soja,https://ror.org/04gwy3h27,https://ror.org/0482b5b22,Brazilian Agricultural Research Corporation,Parent,Production
40773,https://github.com/ror-community/ror-updates/issues/40773,Add a new organization to ROR: Embrapa Soybean (Brazil),Brazilian Agricultural Research Corporation,https://ror.org/0482b5b22,https://ror.org/04gwy3h27,Embrapa Soja,Child,Release
40773,https://github.com/ror-community/ror-updates/issues/40773,Add a new organization to ROR: Embrapa Soybean (Brazil),Embrapa Soja,https://ror.org/04gwy3h27,https://ror.org/04mj0y667,"Ministry of Agriculture, Livestock, and Food Supply",Related,Production
40773,https://github.com/ror-community/ror-updates/issues/40773,Add a new organization to ROR: Embrapa Soybean (Brazil),"Ministry of Agriculture, Livestock, and Food Supply",https://ror.org/04mj0y667,https://ror.org/04gwy3h27,Embrapa Soja,Related,Release
40774,https://github.com/ror-community/ror-updates/issues/40774,Add a new organization to ROR: Embrapa Swine and Poultry (Brazil),Embrapa Suínos e Aves,https://ror.org/00yxdqk51,https://ror.org/0482b5b22,Brazilian Agricultural Research Corporation,Parent,Production
40774,https://github.com/ror-community/ror-updates/issues/40774,Add a new organization to ROR: Embrapa Swine and Poultry (Brazil),Brazilian Agricultural Research Corporation,https://ror.org/0482b5b22,https://ror.org/00yxdqk51,Embrapa Suínos e Aves,Child,Release
40774,https://github.com/ror-community/ror-updates/issues/40774,Add a new organization to ROR: Embrapa Swine and Poultry (Brazil),Embrapa Suínos e Aves,https://ror.org/00yxdqk51,https://ror.org/04mj0y667,"Ministry of Agriculture, Livestock, and Food Supply",Related,Production
40774,https://github.com/ror-community/ror-updates/issues/40774,Add a new organization to ROR: Embrapa Swine and Poultry (Brazil),"Ministry of Agriculture, Livestock, and Food Supply",https://ror.org/04mj0y667,https://ror.org/00yxdqk51,Embrapa Suínos e Aves,Related,Release
40775,https://github.com/ror-community/ror-updates/issues/40775,Add a new organization to ROR: Embrapa Temperate Agriculture (Brazil),Embrapa Clima Temperado,https://ror.org/0483r1909,https://ror.org/0482b5b22,Brazilian Agricultural Research Corporation,Parent,Production
40775,https://github.com/ror-community/ror-updates/issues/40775,Add a new organization to ROR: Embrapa Temperate Agriculture (Brazil),Brazilian Agricultural Research Corporation,https://ror.org/0482b5b22,https://ror.org/0483r1909,Embrapa Clima Temperado,Child,Release
40775,https://github.com/ror-community/ror-updates/issues/40775,Add a new organization to ROR: Embrapa Temperate Agriculture (Brazil),Embrapa Clima Temperado,https://ror.org/0483r1909,https://ror.org/04mj0y667,"Ministry of Agriculture, Livestock, and Food Supply",Related,Production
40775,https://github.com/ror-community/ror-updates/issues/40775,Add a new organization to ROR: Embrapa Temperate Agriculture (Brazil),"Ministry of Agriculture, Livestock, and Food Supply",https://ror.org/04mj0y667,https://ror.org/0483r1909,Embrapa Clima Temperado,Related,Release
40776,https://github.com/ror-community/ror-updates/issues/40776,Add a new organization to ROR: Embrapa Territorial (Brazil),Embrapa Territorial,https://ror.org/03kwn5g72,https://ror.org/0482b5b22,Brazilian Agricultural Research Corporation,Parent,Production
40776,https://github.com/ror-community/ror-updates/issues/40776,Add a new organization to ROR: Embrapa Territorial (Brazil),Brazilian Agricultural Research Corporation,https://ror.org/0482b5b22,https://ror.org/03kwn5g72,Embrapa Territorial,Child,Release
40776,https://github.com/ror-community/ror-updates/issues/40776,Add a new organization to ROR: Embrapa Territorial (Brazil),Embrapa Territorial,https://ror.org/03kwn5g72,https://ror.org/04mj0y667,"Ministry of Agriculture, Livestock, and Food Supply",Related,Production
40776,https://github.com/ror-community/ror-updates/issues/40776,Add a new organization to ROR: Embrapa Territorial (Brazil),"Ministry of Agriculture, Livestock, and Food Supply",https://ror.org/04mj0y667,https://ror.org/03kwn5g72,Embrapa Territorial,Related,Release
40777,https://github.com/ror-community/ror-updates/issues/40777,Add a new organization to ROR: Embrapa Vegetables (Brazil),Embrapa Hortaliças,https://ror.org/00r8ysm53,https://ror.org/0482b5b22,Brazilian Agricultural Research Corporation,Parent,Production
40777,https://github.com/ror-community/ror-updates/issues/40777,Add a new organization to ROR: Embrapa Vegetables (Brazil),Brazilian Agricultural Research Corporation,https://ror.org/0482b5b22,https://ror.org/00r8ysm53,Embrapa Hortaliças,Child,Release
40777,https://github.com/ror-community/ror-updates/issues/40777,Add a new organization to ROR: Embrapa Vegetables (Brazil),Embrapa Hortaliças,https://ror.org/00r8ysm53,https://ror.org/04mj0y667,"Ministry of Agriculture, Livestock, and Food Supply",Related,Production
40777,https://github.com/ror-community/ror-updates/issues/40777,Add a new organization to ROR: Embrapa Vegetables (Brazil),"Ministry of Agriculture, Livestock, and Food Supply",https://ror.org/04mj0y667,https://ror.org/00r8ysm53,Embrapa Hortaliças,Related,Release
40778,https://github.com/ror-community/ror-updates/issues/40778,Add a new organization to ROR: Embrapa Western Agriculture (Brazil),Embrapa Agropecuária Oeste,https://ror.org/00acpwh83,https://ror.org/0482b5b22,Brazilian Agricultural Research Corporation,Parent,Production
40778,https://github.com/ror-community/ror-updates/issues/40778,Add a new organization to ROR: Embrapa Western Agriculture (Brazil),Brazilian Agricultural Research Corporation,https://ror.org/0482b5b22,https://ror.org/00acpwh83,Embrapa Agropecuária Oeste,Child,Release
40778,https://github.com/ror-community/ror-updates/issues/40778,Add a new organization to ROR: Embrapa Western Agriculture (Brazil),Embrapa Agropecuária Oeste,https://ror.org/00acpwh83,https://ror.org/04mj0y667,"Ministry of Agriculture, Livestock, and Food Supply",Related,Production
40778,https://github.com/ror-community/ror-updates/issues/40778,Add a new organization to ROR: Embrapa Western Agriculture (Brazil),"Ministry of Agriculture, Livestock, and Food Supply",https://ror.org/04mj0y667,https://ror.org/00acpwh83,Embrapa Agropecuária Oeste,Related,Release
40779,https://github.com/ror-community/ror-updates/issues/40779,Add a new organization to ROR: Embrapa Western Amazon (Brazil),Embrapa Amazônia Ocidental,https://ror.org/055gn3r50,https://ror.org/0482b5b22,Brazilian Agricultural Research Corporation,Parent,Production
40779,https://github.com/ror-community/ror-updates/issues/40779,Add a new organization to ROR: Embrapa Western Amazon (Brazil),Brazilian Agricultural Research Corporation,https://ror.org/0482b5b22,https://ror.org/055gn3r50,Embrapa Amazônia Ocidental,Child,Release
40779,https://github.com/ror-community/ror-updates/issues/40779,Add a new organization to ROR: Embrapa Western Amazon (Brazil),Embrapa Amazônia Ocidental,https://ror.org/055gn3r50,https://ror.org/04mj0y667,"Ministry of Agriculture, Livestock, and Food Supply",Related,Production
40779,https://github.com/ror-community/ror-updates/issues/40779,Add a new organization to ROR: Embrapa Western Amazon (Brazil),"Ministry of Agriculture, Livestock, and Food Supply",https://ror.org/04mj0y667,https://ror.org/055gn3r50,Embrapa Amazônia Ocidental,Related,Release
40780,https://github.com/ror-community/ror-updates/issues/40780,Add a new organization to ROR: Embrapa Wheat (Brazil),Embrapa Trigo,https://ror.org/04pj19j06,https://ror.org/0482b5b22,Brazilian Agricultural Research Corporation,Parent,Production
40780,https://github.com/ror-community/ror-updates/issues/40780,Add a new organization to ROR: Embrapa Wheat (Brazil),Brazilian Agricultural Research Corporation,https://ror.org/0482b5b22,https://ror.org/04pj19j06,Embrapa Trigo,Child,Release
40780,https://github.com/ror-community/ror-updates/issues/40780,Add a new organization to ROR: Embrapa Wheat (Brazil),Embrapa Trigo,https://ror.org/04pj19j06,https://ror.org/04mj0y667,"Ministry of Agriculture, Livestock, and Food Supply",Related,Production
40780,https://github.com/ror-community/ror-updates/issues/40780,Add a new organization to ROR: Embrapa Wheat (Brazil),"Ministry of Agriculture, Livestock, and Food Supply",https://ror.org/04mj0y667,https://ror.org/04pj19j06,Embrapa Trigo,Related,Release
41160,https://github.com/ror-community/ror-updates/issues/41160,Add a new organization to ROR: Institute of Linguistics named after Nasimi (Azerbaijan),Azərbaycan Milli Elmlər Akademiyası Nəsimi adına Dilçilik İnstitutu,https://ror.org/00xrgab03,https://ror.org/006m4q736,Azerbaijan National Academy of Sciences,Parent,Production
41160,https://github.com/ror-community/ror-updates/issues/41160,Add a new organization to ROR: Institute of Linguistics named after Nasimi (Azerbaijan),Azerbaijan National Academy of Sciences,https://ror.org/006m4q736,https://ror.org/00xrgab03,Azərbaycan Milli Elmlər Akademiyası Nəsimi adına Dilçilik İnstitutu,Child,Release
41161,https://github.com/ror-community/ror-updates/issues/41161,Add a new organization to ROR: National Hematology and Transfusiology Center (Azerbaijan),Milli Hematologiya və Transfuziologiya Mərkəzi,https://ror.org/00n6xnd81,https://ror.org/03d3w4k14,Ministry of Healthcare,Parent,Production
41161,https://github.com/ror-community/ror-updates/issues/41161,Add a new organization to ROR: National Hematology and Transfusiology Center (Azerbaijan),Ministry of Healthcare,https://ror.org/03d3w4k14,https://ror.org/00n6xnd81,Milli Hematologiya və Transfuziologiya Mərkəzi,Child,Release
41162,https://github.com/ror-community/ror-updates/issues/41162,Add a new organization to ROR: Institute of Folklore of ANAS (Azerbaijan),AMEA Folklor İnstitutu,https://ror.org/01dq87z21,https://ror.org/006m4q736,Azerbaijan National Academy of Sciences,Parent,Production
41162,https://github.com/ror-community/ror-updates/issues/41162,Add a new organization to ROR: Institute of Folklore of ANAS (Azerbaijan),Azerbaijan National Academy of Sciences,https://ror.org/006m4q736,https://ror.org/01dq87z21,AMEA Folklor İnstitutu,Child,Release
41163,https://github.com/ror-community/ror-updates/issues/41163,Add a new organization to ROR: National Museum of Azerbaijan Literature named after Nizami Ganjavi (Azerbaijan),Nizami Gəncəvi adına Milli Azərbaycan Ədəbiyyatı Muzeyi,https://ror.org/05mvfs470,https://ror.org/006m4q736,Azerbaijan National Academy of Sciences,Parent,Production
41163,https://github.com/ror-community/ror-updates/issues/41163,Add a new organization to ROR: National Museum of Azerbaijan Literature named after Nizami Ganjavi (Azerbaijan),Azerbaijan National Academy of Sciences,https://ror.org/006m4q736,https://ror.org/05mvfs470,Nizami Gəncəvi adına Milli Azərbaycan Ədəbiyyatı Muzeyi,Child,Release
41164,https://github.com/ror-community/ror-updates/issues/41164,Add a new organization to ROR: Oil and Gas Research and Design Institute (Azerbaijan),Neftqazelmitədqiqatlayihə İnstitutu,https://ror.org/01ekwrk92,https://ror.org/00tcejj11,State Oil Company of Azerbaijan Republic (Azerbaijan),Parent,Production
41164,https://github.com/ror-community/ror-updates/issues/41164,Add a new organization to ROR: Oil and Gas Research and Design Institute (Azerbaijan),State Oil Company of Azerbaijan Republic (Azerbaijan),https://ror.org/00tcejj11,https://ror.org/01ekwrk92,Neftqazelmitədqiqatlayihə İnstitutu,Child,Release
41165,https://github.com/ror-community/ror-updates/issues/41165,Add a new organization to ROR: Republican Seismic Survey Center (Azerbaijan),Respublika Seysmoloji Xidmət Mərkəzi,https://ror.org/01rk8sm46,https://ror.org/006m4q736,Azerbaijan National Academy of Sciences,Parent,Production
41165,https://github.com/ror-community/ror-updates/issues/41165,Add a new organization to ROR: Republican Seismic Survey Center (Azerbaijan),Azerbaijan National Academy of Sciences,https://ror.org/006m4q736,https://ror.org/01rk8sm46,Respublika Seysmoloji Xidmət Mərkəzi,Child,Release
41168,https://github.com/ror-community/ror-updates/issues/41168,Add a new organization to ROR: Institute of Microbiology (Azerbaijan),Mikrobiologiya İnstitutu,https://ror.org/02jt77354,https://ror.org/022arna15,Ministry of Science and Education Republic of Azerbaijan,Parent,Production
41168,https://github.com/ror-community/ror-updates/issues/41168,Add a new organization to ROR: Institute of Microbiology (Azerbaijan),Ministry of Science and Education Republic of Azerbaijan,https://ror.org/022arna15,https://ror.org/02jt77354,Mikrobiologiya İnstitutu,Child,Release
41168,https://github.com/ror-community/ror-updates/issues/41168,Add a new organization to ROR: Institute of Microbiology (Azerbaijan),Mikrobiologiya İnstitutu,https://ror.org/02jt77354,https://ror.org/01a2s8161,Institute of Molecular Biology,Successor,Production
41168,https://github.com/ror-community/ror-updates/issues/41168,Add a new organization to ROR: Institute of Microbiology (Azerbaijan),Institute of Molecular Biology,https://ror.org/01a2s8161,https://ror.org/02jt77354,Mikrobiologiya İnstitutu,Predecessor,Release
41169,https://github.com/ror-community/ror-updates/issues/41169,Add a new organization to ROR: Scientific Research Institute of Lung Diseases (Azerbaijan),Elmi-Tədqiqat Ağciyər Xəstəlikləri İnstitutu,https://ror.org/01k24j404,https://ror.org/03d3w4k14,Ministry of Healthcare,Parent,Production
41169,https://github.com/ror-community/ror-updates/issues/41169,Add a new organization to ROR: Scientific Research Institute of Lung Diseases (Azerbaijan),Ministry of Healthcare,https://ror.org/03d3w4k14,https://ror.org/01k24j404,Elmi-Tədqiqat Ağciyər Xəstəlikləri İnstitutu,Child,Release
41171,https://github.com/ror-community/ror-updates/issues/41171,Add a new organization to ROR: Institute of Philosophy and Sociology of ANAS (Azerbaijan),Azərbaycan Milli Elmlər Akademiyası Fəlsəfə və Sosiologiya İnstitutu,https://ror.org/00808js56,https://ror.org/006m4q736,Azerbaijan National Academy of Sciences,Parent,Production
41171,https://github.com/ror-community/ror-updates/issues/41171,Add a new organization to ROR: Institute of Philosophy and Sociology of ANAS (Azerbaijan),Azerbaijan National Academy of Sciences,https://ror.org/006m4q736,https://ror.org/00808js56,Azərbaycan Milli Elmlər Akademiyası Fəlsəfə və Sosiologiya İnstitutu,Child,Release
41172,https://github.com/ror-community/ror-updates/issues/41172,Add a new organization to ROR: Center for Public Health and Reforms (Azerbaijan),İctimai Səhiyyə və İslahatlar Mərkəzi,https://ror.org/005jrmw35,https://ror.org/03d3w4k14,Ministry of Healthcare,Parent,Production
41172,https://github.com/ror-community/ror-updates/issues/41172,Add a new organization to ROR: Center for Public Health and Reforms (Azerbaijan),Ministry of Healthcare,https://ror.org/03d3w4k14,https://ror.org/005jrmw35,İctimai Səhiyyə və İslahatlar Mərkəzi,Child,Release
41175,https://github.com/ror-community/ror-updates/issues/41175,Add a new organization to ROR: Scientific Research Institute of Traumatology and Orthopedics (Azerbaijan),Elmi-Tədqiqat Travmatologiya və Ortopediya İnstitutu,https://ror.org/05733x483,https://ror.org/03d3w4k14,Ministry of Healthcare,Parent,Production
41175,https://github.com/ror-community/ror-updates/issues/41175,Add a new organization to ROR: Scientific Research Institute of Traumatology and Orthopedics (Azerbaijan),Ministry of Healthcare,https://ror.org/03d3w4k14,https://ror.org/05733x483,Elmi-Tədqiqat Travmatologiya və Ortopediya İnstitutu,Child,Release
41176,https://github.com/ror-community/ror-updates/issues/41176,Add a new organization to ROR: Central Scientific Library of the Azerbaijan National Academy of Sciences (Azerbaijan),Mərkəzi Elmi Kitabxana,https://ror.org/02030bz93,https://ror.org/006m4q736,Azerbaijan National Academy of Sciences,Parent,Production
41176,https://github.com/ror-community/ror-updates/issues/41176,Add a new organization to ROR: Central Scientific Library of the Azerbaijan National Academy of Sciences (Azerbaijan),Azerbaijan National Academy of Sciences,https://ror.org/006m4q736,https://ror.org/02030bz93,Mərkəzi Elmi Kitabxana,Child,Release
41177,https://github.com/ror-community/ror-updates/issues/41177,Add a new organization to ROR: Lankaran Regional Scientific Center (Azerbaijan),Lənkəran Regional Elmi Mərkəzi,https://ror.org/03z0gqp27,https://ror.org/006m4q736,Azerbaijan National Academy of Sciences,Parent,Production
41177,https://github.com/ror-community/ror-updates/issues/41177,Add a new organization to ROR: Lankaran Regional Scientific Center (Azerbaijan),Azerbaijan National Academy of Sciences,https://ror.org/006m4q736,https://ror.org/03z0gqp27,Lənkəran Regional Elmi Mərkəzi,Child,Release
41179,https://github.com/ror-community/ror-updates/issues/41179,Add a new organization to ROR: Museum of Natural History (Azerbaijan),Təbiət Tarixi Muzeyi,https://ror.org/0538dhe24,https://ror.org/006m4q736,Azerbaijan National Academy of Sciences,Parent,Production
41179,https://github.com/ror-community/ror-updates/issues/41179,Add a new organization to ROR: Museum of Natural History (Azerbaijan),Azerbaijan National Academy of Sciences,https://ror.org/006m4q736,https://ror.org/0538dhe24,Təbiət Tarixi Muzeyi,Child,Release
41180,https://github.com/ror-community/ror-updates/issues/41180,Add a new organization to ROR: Nakhchivan Branch of ANAS (Azerbaijan),Azərbaycan Milli Elmlər Akademiyasının Naxçıvan Bölməsi,https://ror.org/00nf67z54,https://ror.org/006m4q736,Azerbaijan National Academy of Sciences,Parent,Production
41180,https://github.com/ror-community/ror-updates/issues/41180,Add a new organization to ROR: Nakhchivan Branch of ANAS (Azerbaijan),Azerbaijan National Academy of Sciences,https://ror.org/006m4q736,https://ror.org/00nf67z54,Azərbaycan Milli Elmlər Akademiyasının Naxçıvan Bölməsi,Child,Release
41183,https://github.com/ror-community/ror-updates/issues/41183,Add a new organization to ROR: Scientific Research Institute of Pediatrics named after K. Y. Farajova (Azerbaijan),K. Y. Fərəcova adına Elmi-Tədqiqat Pediatriya İnstitutu,https://ror.org/00j5zvb60,https://ror.org/03d3w4k14,Ministry of Healthcare,Parent,Production
41183,https://github.com/ror-community/ror-updates/issues/41183,Add a new organization to ROR: Scientific Research Institute of Pediatrics named after K. Y. Farajova (Azerbaijan),Ministry of Healthcare,https://ror.org/03d3w4k14,https://ror.org/00j5zvb60,K. Y. Fərəcova adına Elmi-Tədqiqat Pediatriya İnstitutu,Child,Release
41186,https://github.com/ror-community/ror-updates/issues/41186,Add a new organization to ROR: Scientific Research Institute of Obstetrics and Gynecology (Azerbaijan),Elmi-Tədqiqat Mamalıq və Ginekologiya İnstitutu,https://ror.org/0003sr890,https://ror.org/03d3w4k14,Ministry of Healthcare,Parent,Production
41186,https://github.com/ror-community/ror-updates/issues/41186,Add a new organization to ROR: Scientific Research Institute of Obstetrics and Gynecology (Azerbaijan),Ministry of Healthcare,https://ror.org/03d3w4k14,https://ror.org/0003sr890,Elmi-Tədqiqat Mamalıq və Ginekologiya İnstitutu,Child,Release
41187,https://github.com/ror-community/ror-updates/issues/41187,Add a new organization to ROR: Baku Branch of Sechenov University (Azerbaijan),İ.M. Seçenov adına Birinci Moskva Dövlət Tibb Universitetinin Bakı filialı,https://ror.org/03bvpck95,https://ror.org/02yqqv993,Sechenov University,Parent,Production
41187,https://github.com/ror-community/ror-updates/issues/41187,Add a new organization to ROR: Baku Branch of Sechenov University (Azerbaijan),Sechenov University,https://ror.org/02yqqv993,https://ror.org/03bvpck95,İ.M. Seçenov adına Birinci Moskva Dövlət Tibb Universitetinin Bakı filialı,Child,Release
41189,https://github.com/ror-community/ror-updates/issues/41189,Add a new organization to ROR: V. Y. Akhundov Scientific Research Institute of Medical Prevention (Azerbaijan),V. Y. Axundov adına Elmi-Tədqiqat Tibbi Profilaktika İnstitutu,https://ror.org/00xhw8p71,https://ror.org/03d3w4k14,Ministry of Healthcare,Parent,Production
41189,https://github.com/ror-community/ror-updates/issues/41189,Add a new organization to ROR: V. Y. Akhundov Scientific Research Institute of Medical Prevention (Azerbaijan),Ministry of Healthcare,https://ror.org/03d3w4k14,https://ror.org/00xhw8p71,V. Y. Axundov adına Elmi-Tədqiqat Tibbi Profilaktika İnstitutu,Child,Release
41191,https://github.com/ror-community/ror-updates/issues/41191,Add a new organization to ROR: Scientific Research Institute of Medical Rehabilitation (Azerbaijan),Elmi-Tədqiqat Tibbi Bərpa İnstitutu,https://ror.org/03h59en28,https://ror.org/03d3w4k14,Ministry of Healthcare,Parent,Production
41191,https://github.com/ror-community/ror-updates/issues/41191,Add a new organization to ROR: Scientific Research Institute of Medical Rehabilitation (Azerbaijan),Ministry of Healthcare,https://ror.org/03d3w4k14,https://ror.org/03h59en28,Elmi-Tədqiqat Tibbi Bərpa İnstitutu,Child,Release
41192,https://github.com/ror-community/ror-updates/issues/41192,Add a new organization to ROR: High Technologies Park (Azerbaijan),Yüksək Texnologiyalar Parkı,https://ror.org/02vh2an68,https://ror.org/022arna15,Ministry of Science and Education Republic of Azerbaijan,Parent,Production
41192,https://github.com/ror-community/ror-updates/issues/41192,Add a new organization to ROR: High Technologies Park (Azerbaijan),Ministry of Science and Education Republic of Azerbaijan,https://ror.org/022arna15,https://ror.org/02vh2an68,Yüksək Texnologiyalar Parkı,Child,Release
41193,https://github.com/ror-community/ror-updates/issues/41193,Add a new organization to ROR: State Agency for Science and Higher Education (Azerbaijan),Elm və Ali Təhsil üzrə Dövlət Agentliyi,https://ror.org/03znjhh70,https://ror.org/022arna15,Ministry of Science and Education Republic of Azerbaijan,Parent,Production
41193,https://github.com/ror-community/ror-updates/issues/41193,Add a new organization to ROR: State Agency for Science and Higher Education (Azerbaijan),Ministry of Science and Education Republic of Azerbaijan,https://ror.org/022arna15,https://ror.org/03znjhh70,Elm və Ali Təhsil üzrə Dövlət Agentliyi,Child,Release
41194,https://github.com/ror-community/ror-updates/issues/41194,Add a new organization to ROR: Education Quality Assurance Agency (Azerbaijan),Təhsildə Keyfiyyət Təminatı Agentliyi,https://ror.org/04ez0sc78,https://ror.org/022arna15,Ministry of Science and Education Republic of Azerbaijan,Parent,Production
41194,https://github.com/ror-community/ror-updates/issues/41194,Add a new organization to ROR: Education Quality Assurance Agency (Azerbaijan),Ministry of Science and Education Republic of Azerbaijan,https://ror.org/022arna15,https://ror.org/04ez0sc78,Təhsildə Keyfiyyət Təminatı Agentliyi,Child,Release
41197,https://github.com/ror-community/ror-updates/issues/41197,Add a new organization to ROR: Institute of Oriental Studies named after Academician Ziya Bunyadov (Azerbaijan),Akademik Ziya Bünyadov adına Şərqşünaslıq İnstitutu,https://ror.org/05c1q0702,https://ror.org/006m4q736,Azerbaijan National Academy of Sciences,Parent,Production
41197,https://github.com/ror-community/ror-updates/issues/41197,Add a new organization to ROR: Institute of Oriental Studies named after Academician Ziya Bunyadov (Azerbaijan),Azerbaijan National Academy of Sciences,https://ror.org/006m4q736,https://ror.org/05c1q0702,Akademik Ziya Bünyadov adına Şərqşünaslıq İnstitutu,Child,Release
41198,https://github.com/ror-community/ror-updates/issues/41198,Add a new organization to ROR: Republican Blood Bank (Azerbaijan),Respublika Qan Bankı,https://ror.org/046n86x62,https://ror.org/03d3w4k14,Ministry of Healthcare,Parent,Production
41198,https://github.com/ror-community/ror-updates/issues/41198,Add a new organization to ROR: Republican Blood Bank (Azerbaijan),Ministry of Healthcare,https://ror.org/03d3w4k14,https://ror.org/046n86x62,Respublika Qan Bankı,Child,Release
41199,https://github.com/ror-community/ror-updates/issues/41199,Add a new organization to ROR: Institute of Architecture and Art (Azerbaijan),Memarlıq və İncəsənət İnstitutu,https://ror.org/028pp7992,https://ror.org/006m4q736,Azerbaijan National Academy of Sciences,Parent,Production
41199,https://github.com/ror-community/ror-updates/issues/41199,Add a new organization to ROR: Institute of Architecture and Art (Azerbaijan),Azerbaijan National Academy of Sciences,https://ror.org/006m4q736,https://ror.org/028pp7992,Memarlıq və İncəsənət İnstitutu,Child,Release
41200,https://github.com/ror-community/ror-updates/issues/41200,Add a new organization to ROR: Institute of Biophysics (Azerbaijan),Biofizika İnstitutu,https://ror.org/02v6q6593,https://ror.org/022arna15,Ministry of Science and Education Republic of Azerbaijan,Parent,Production
41200,https://github.com/ror-community/ror-updates/issues/41200,Add a new organization to ROR: Institute of Biophysics (Azerbaijan),Ministry of Science and Education Republic of Azerbaijan,https://ror.org/022arna15,https://ror.org/02v6q6593,Biofizika İnstitutu,Child,Release
41200,https://github.com/ror-community/ror-updates/issues/41200,Add a new organization to ROR: Institute of Biophysics (Azerbaijan),Biofizika İnstitutu,https://ror.org/02v6q6593,https://ror.org/01a2s8161,Institute of Molecular Biology,Successor,Production
41200,https://github.com/ror-community/ror-updates/issues/41200,Add a new organization to ROR: Institute of Biophysics (Azerbaijan),Institute of Molecular Biology,https://ror.org/01a2s8161,https://ror.org/02v6q6593,Biofizika İnstitutu,Predecessor,Release
41201,https://github.com/ror-community/ror-updates/issues/41201,Add a new organization to ROR: Institute of Control Systems (Azerbaijan),İdarəetmə Sistemləri İnstitutu,https://ror.org/055cn3c64,https://ror.org/022arna15,Ministry of Science and Education Republic of Azerbaijan,Parent,Production
41201,https://github.com/ror-community/ror-updates/issues/41201,Add a new organization to ROR: Institute of Control Systems (Azerbaijan),Ministry of Science and Education Republic of Azerbaijan,https://ror.org/022arna15,https://ror.org/055cn3c64,İdarəetmə Sistemləri İnstitutu,Child,Release
41201,https://github.com/ror-community/ror-updates/issues/41201,Add a new organization to ROR: Institute of Control Systems (Azerbaijan),İdarəetmə Sistemləri İnstitutu,https://ror.org/055cn3c64,https://ror.org/0270n1948,Institute of Mathematics,Successor,Production
41201,https://github.com/ror-community/ror-updates/issues/41201,Add a new organization to ROR: Institute of Control Systems (Azerbaijan),Institute of Mathematics,https://ror.org/0270n1948,https://ror.org/055cn3c64,İdarəetmə Sistemləri İnstitutu,Predecessor,Release
41202,https://github.com/ror-community/ror-updates/issues/41202,Add a new organization to ROR: Oil and Gas Institute (Azerbaijan),Neft və Qaz İnstitutu,https://ror.org/00zh53136,https://ror.org/022arna15,Ministry of Science and Education Republic of Azerbaijan,Parent,Production
41202,https://github.com/ror-community/ror-updates/issues/41202,Add a new organization to ROR: Oil and Gas Institute (Azerbaijan),Ministry of Science and Education Republic of Azerbaijan,https://ror.org/022arna15,https://ror.org/00zh53136,Neft və Qaz İnstitutu,Child,Release
41203,https://github.com/ror-community/ror-updates/issues/41203,Add a new organization to ROR: Institute of Polymer Materials (Azerbaijan),Polimer Materialları İnstitutu,https://ror.org/02g8wsg60,https://ror.org/04zf66g39,Sumgayit State University,Parent,Production
41203,https://github.com/ror-community/ror-updates/issues/41203,Add a new organization to ROR: Institute of Polymer Materials (Azerbaijan),Sumgayit State University,https://ror.org/04zf66g39,https://ror.org/02g8wsg60,Polimer Materialları İnstitutu,Child,Release
41204,https://github.com/ror-community/ror-updates/issues/41204,Add a new organization to ROR: Institute of Radiation Problems (Azerbaijan),Radiasiya Problemləri İnstitutu,https://ror.org/039fxnq92,https://ror.org/022arna15,Ministry of Science and Education Republic of Azerbaijan,Parent,Production
41204,https://github.com/ror-community/ror-updates/issues/41204,Add a new organization to ROR: Institute of Radiation Problems (Azerbaijan),Ministry of Science and Education Republic of Azerbaijan,https://ror.org/022arna15,https://ror.org/039fxnq92,Radiasiya Problemləri İnstitutu,Child,Release
41206,https://github.com/ror-community/ror-updates/issues/41206,Add a new organization to ROR: Institute of Soil Science and Agrochemistry (Azerbaijan),Torpaqşünaslıq və Aqrokimya İnstitutu,https://ror.org/01r2wfj55,https://ror.org/022arna15,Ministry of Science and Education Republic of Azerbaijan,Parent,Production
41206,https://github.com/ror-community/ror-updates/issues/41206,Add a new organization to ROR: Institute of Soil Science and Agrochemistry (Azerbaijan),Ministry of Science and Education Republic of Azerbaijan,https://ror.org/022arna15,https://ror.org/01r2wfj55,Torpaqşünaslıq və Aqrokimya İnstitutu,Child,Release
41206,https://github.com/ror-community/ror-updates/issues/41206,Add a new organization to ROR: Institute of Soil Science and Agrochemistry (Azerbaijan),Torpaqşünaslıq və Aqrokimya İnstitutu,https://ror.org/01r2wfj55,https://ror.org/01m7dbh13,Institute of Geography,Successor,Production
41206,https://github.com/ror-community/ror-updates/issues/41206,Add a new organization to ROR: Institute of Soil Science and Agrochemistry (Azerbaijan),Institute of Geography,https://ror.org/01m7dbh13,https://ror.org/01r2wfj55,Torpaqşünaslıq və Aqrokimya İnstitutu,Predecessor,Release
41207,https://github.com/ror-community/ror-updates/issues/41207,Add a new organization to ROR: Institute of Economics (Azerbaijan),İqtisadiyyat İnstitutu,https://ror.org/02kr6zv42,https://ror.org/022arna15,Ministry of Science and Education Republic of Azerbaijan,Parent,Production
41207,https://github.com/ror-community/ror-updates/issues/41207,Add a new organization to ROR: Institute of Economics (Azerbaijan),Ministry of Science and Education Republic of Azerbaijan,https://ror.org/022arna15,https://ror.org/02kr6zv42,İqtisadiyyat İnstitutu,Child,Release
41208,https://github.com/ror-community/ror-updates/issues/41208,Add a new organization to ROR: Azerbaijan State Academy of Fine Arts (Azerbaijan),Azərbaycan Rəssamlıq Akademiyası,https://ror.org/04dc36b23,https://ror.org/022arna15,Ministry of Science and Education Republic of Azerbaijan,Parent,Production
41208,https://github.com/ror-community/ror-updates/issues/41208,Add a new organization to ROR: Azerbaijan State Academy of Fine Arts (Azerbaijan),Ministry of Science and Education Republic of Azerbaijan,https://ror.org/022arna15,https://ror.org/04dc36b23,Azərbaycan Rəssamlıq Akademiyası,Child,Release
41210,https://github.com/ror-community/ror-updates/issues/41210,Add a new organization to ROR: Institute of Geology (Azerbaijan),Geologiya İnstitutu,https://ror.org/00jpqpk14,https://ror.org/0126v6t20,Institute of Geology and Geophysics,Predecessor,Production
41210,https://github.com/ror-community/ror-updates/issues/41210,Add a new organization to ROR: Institute of Geology (Azerbaijan),Institute of Geology and Geophysics,https://ror.org/0126v6t20,https://ror.org/00jpqpk14,Geologiya İnstitutu,Successor,Release
41210,https://github.com/ror-community/ror-updates/issues/41210,Add a new organization to ROR: Institute of Geology (Azerbaijan),Geologiya İnstitutu,https://ror.org/00jpqpk14,https://ror.org/022arna15,Ministry of Science and Education Republic of Azerbaijan,Parent,Production
41210,https://github.com/ror-community/ror-updates/issues/41210,Add a new organization to ROR: Institute of Geology (Azerbaijan),Ministry of Science and Education Republic of Azerbaijan,https://ror.org/022arna15,https://ror.org/00jpqpk14,Geologiya İnstitutu,Child,Release
41211,https://github.com/ror-community/ror-updates/issues/41211,Add a new organization to ROR: Institute of Physics Public Legal Entity (Azerbaijan),Fizika İnstitutu Publik Hüquqi Şəxs,https://ror.org/01ynrc605,https://ror.org/013rnrt24,Institute of Physics,Predecessor,Production
41211,https://github.com/ror-community/ror-updates/issues/41211,Add a new organization to ROR: Institute of Physics Public Legal Entity (Azerbaijan),Institute of Physics,https://ror.org/013rnrt24,https://ror.org/01ynrc605,Fizika İnstitutu Publik Hüquqi Şəxs,Successor,Release
41211,https://github.com/ror-community/ror-updates/issues/41211,Add a new organization to ROR: Institute of Physics Public Legal Entity (Azerbaijan),Fizika İnstitutu Publik Hüquqi Şəxs,https://ror.org/01ynrc605,https://ror.org/022arna15,Ministry of Science and Education Republic of Azerbaijan,Parent,Production
41211,https://github.com/ror-community/ror-updates/issues/41211,Add a new organization to ROR: Institute of Physics Public Legal Entity (Azerbaijan),Ministry of Science and Education Republic of Azerbaijan,https://ror.org/022arna15,https://ror.org/01ynrc605,Fizika İnstitutu Publik Hüquqi Şəxs,Child,Release
40784,https://github.com/ror-community/ror-updates/issues/40784,Add a new organization to ROR: Tyson Research Center (United States),Tyson Research Center,https://ror.org/04vrw9r19,https://ror.org/01yc7t268,Washington University in St. Louis,Parent,Production
40784,https://github.com/ror-community/ror-updates/issues/40784,Add a new organization to ROR: Tyson Research Center (United States),Washington University in St. Louis,https://ror.org/01yc7t268,https://ror.org/04vrw9r19,Tyson Research Center,Child,Release
40786,https://github.com/ror-community/ror-updates/issues/40786,Add a new organization to ROR: Darrin Fresh Water Institute (United States),Darrin Fresh Water Institute,https://ror.org/01qx26647,https://ror.org/01rtyzb94,Rensselaer Polytechnic Institute,Parent,Production
40786,https://github.com/ror-community/ror-updates/issues/40786,Add a new organization to ROR: Darrin Fresh Water Institute (United States),Rensselaer Polytechnic Institute,https://ror.org/01rtyzb94,https://ror.org/01qx26647,Darrin Fresh Water Institute,Child,Release
40787,https://github.com/ror-community/ror-updates/issues/40787,Add a new organization to ROR: Brackenridge Field Laboratory (United States),Brackenridge Field Laboratory,https://ror.org/02vkxfs63,https://ror.org/00hj54h04,The University of Texas at Austin,Parent,Production
40787,https://github.com/ror-community/ror-updates/issues/40787,Add a new organization to ROR: Brackenridge Field Laboratory (United States),The University of Texas at Austin,https://ror.org/00hj54h04,https://ror.org/02vkxfs63,Brackenridge Field Laboratory,Child,Release
40788,https://github.com/ror-community/ror-updates/issues/40788,Add a new organization to ROR: Hill Country Field Station (United States),Hill Country Field Station,https://ror.org/037q9kx94,https://ror.org/00hj54h04,The University of Texas at Austin,Parent,Production
40788,https://github.com/ror-community/ror-updates/issues/40788,Add a new organization to ROR: Hill Country Field Station (United States),The University of Texas at Austin,https://ror.org/00hj54h04,https://ror.org/037q9kx94,Hill Country Field Station,Child,Release
40789,https://github.com/ror-community/ror-updates/issues/40789,Add a new organization to ROR: Lady Bird Johnson Wildflower Center (United States),Lady Bird Johnson Wildflower Center,https://ror.org/01bajmq03,https://ror.org/00hj54h04,The University of Texas at Austin,Parent,Production
40789,https://github.com/ror-community/ror-updates/issues/40789,Add a new organization to ROR: Lady Bird Johnson Wildflower Center (United States),The University of Texas at Austin,https://ror.org/00hj54h04,https://ror.org/01bajmq03,Lady Bird Johnson Wildflower Center,Child,Release
40790,https://github.com/ror-community/ror-updates/issues/40790,Add a new organization to ROR: University of Texas at Austin Marine Science Institute (United States),University of Texas at Austin Marine Science Institute,https://ror.org/00n7bxg43,https://ror.org/00hj54h04,The University of Texas at Austin,Parent,Production
40790,https://github.com/ror-community/ror-updates/issues/40790,Add a new organization to ROR: University of Texas at Austin Marine Science Institute (United States),The University of Texas at Austin,https://ror.org/00hj54h04,https://ror.org/00n7bxg43,University of Texas at Austin Marine Science Institute,Child,Release
40791,https://github.com/ror-community/ror-updates/issues/40791,Add a new organization to ROR: McDonald Observatory (United States),McDonald Observatory,https://ror.org/04rwr3y40,https://ror.org/00hj54h04,The University of Texas at Austin,Parent,Production
40791,https://github.com/ror-community/ror-updates/issues/40791,Add a new organization to ROR: McDonald Observatory (United States),The University of Texas at Austin,https://ror.org/00hj54h04,https://ror.org/04rwr3y40,McDonald Observatory,Child,Release
40792,https://github.com/ror-community/ror-updates/issues/40792,Add a new organization to ROR: Stengl Lost Pines Biological Station (United States),Stengl Lost Pines Biological Station,https://ror.org/00dnq0182,https://ror.org/00hj54h04,The University of Texas at Austin,Parent,Production
40792,https://github.com/ror-community/ror-updates/issues/40792,Add a new organization to ROR: Stengl Lost Pines Biological Station (United States),The University of Texas at Austin,https://ror.org/00hj54h04,https://ror.org/00dnq0182,Stengl Lost Pines Biological Station,Child,Release
40793,https://github.com/ror-community/ror-updates/issues/40793,Add a new organization to ROR: White Family Outdoor Learning Center (United States),The White Family Outdoor Learning Center,https://ror.org/00jpp9e81,https://ror.org/00hj54h04,The University of Texas at Austin,Parent,Production
40793,https://github.com/ror-community/ror-updates/issues/40793,Add a new organization to ROR: White Family Outdoor Learning Center (United States),The University of Texas at Austin,https://ror.org/00hj54h04,https://ror.org/00jpp9e81,The White Family Outdoor Learning Center,Child,Release
40796,https://github.com/ror-community/ror-updates/issues/40796,Add a new organization to ROR: Academy of Sciences of the Soviet Union (Russia),Academy of Sciences of the Soviet Union,https://ror.org/059mhqh10,https://ror.org/05qrfxd25,Russian Academy of Sciences,Successor,Production
40796,https://github.com/ror-community/ror-updates/issues/40796,Add a new organization to ROR: Academy of Sciences of the Soviet Union (Russia),Russian Academy of Sciences,https://ror.org/05qrfxd25,https://ror.org/059mhqh10,Academy of Sciences of the Soviet Union,Predecessor,Release
40802,https://github.com/ror-community/ror-updates/issues/40802,Add a new organization to ROR: Alliance for the Arts in Research Universities (United States),Alliance for the Arts in Research Universities,https://ror.org/02qdx5f25,https://ror.org/00jmfr291,University of Michigan,Parent,Production
40802,https://github.com/ror-community/ror-updates/issues/40802,Add a new organization to ROR: Alliance for the Arts in Research Universities (United States),University of Michigan,https://ror.org/00jmfr291,https://ror.org/02qdx5f25,Alliance for the Arts in Research Universities,Child,Release
40804,https://github.com/ror-community/ror-updates/issues/40804,Add a new organization to ROR: American Probation and Parole Association (United States),American Probation and Parole Association,https://ror.org/02f5x6p08,https://ror.org/03qz04022,Council of State Governments,Related,Production
40804,https://github.com/ror-community/ror-updates/issues/40804,Add a new organization to ROR: American Probation and Parole Association (United States),Council of State Governments,https://ror.org/03qz04022,https://ror.org/02f5x6p08,American Probation and Parole Association,Related,Release
40805,https://github.com/ror-community/ror-updates/issues/40805,Add a new organization to ROR: American Prosecutors Research Institute (United States),American Prosecutors Research Institute,https://ror.org/01vjdhg05,https://ror.org/04zy5hd61,National District Attorneys Association,Successor,Production
40805,https://github.com/ror-community/ror-updates/issues/40805,Add a new organization to ROR: American Prosecutors Research Institute (United States),National District Attorneys Association,https://ror.org/04zy5hd61,https://ror.org/01vjdhg05,American Prosecutors Research Institute,Predecessor,Release
40811,https://github.com/ror-community/ror-updates/issues/40811,Add a new organization to ROR: Associated Press-NORC Center for Public Affairs Research (United States),Associated Press-NORC Center for Public Affairs Research,https://ror.org/02nxsgd38,https://ror.org/02f0bym65,National Opinion Research Center,Parent,Production
40811,https://github.com/ror-community/ror-updates/issues/40811,Add a new organization to ROR: Associated Press-NORC Center for Public Affairs Research (United States),National Opinion Research Center,https://ror.org/02f0bym65,https://ror.org/02nxsgd38,Associated Press-NORC Center for Public Affairs Research,Child,Release
40811,https://github.com/ror-community/ror-updates/issues/40811,Add a new organization to ROR: Associated Press-NORC Center for Public Affairs Research (United States),Associated Press-NORC Center for Public Affairs Research,https://ror.org/02nxsgd38,https://ror.org/0231jxj79,Associated Press,Parent,Production
40811,https://github.com/ror-community/ror-updates/issues/40811,Add a new organization to ROR: Associated Press-NORC Center for Public Affairs Research (United States),Associated Press,https://ror.org/0231jxj79,https://ror.org/02nxsgd38,Associated Press-NORC Center for Public Affairs Research,Child,Release
40812,https://github.com/ror-community/ror-updates/issues/40812,Add a new organization to ROR: Association for Cultural Equity (United States),Association for Cultural Equity,https://ror.org/040bhvj69,https://ror.org/00g2xk477,Hunter College,Related,Production
40812,https://github.com/ror-community/ror-updates/issues/40812,Add a new organization to ROR: Association for Cultural Equity (United States),Hunter College,https://ror.org/00g2xk477,https://ror.org/040bhvj69,Association for Cultural Equity,Related,Release
40813,https://github.com/ror-community/ror-updates/issues/40813,Add a new organization to ROR: Association of Bookmobile & Outreach Services (United States),Association of Bookmobile & Outreach Services,https://ror.org/00nmvgp62,https://ror.org/03eg6ys02,American Library Association,Related,Production
40813,https://github.com/ror-community/ror-updates/issues/40813,Add a new organization to ROR: Association of Bookmobile & Outreach Services (United States),American Library Association,https://ror.org/03eg6ys02,https://ror.org/00nmvgp62,Association of Bookmobile & Outreach Services,Related,Release
40819,https://github.com/ror-community/ror-updates/issues/40819,Add a new organization to ROR: Big Brothers Big Sisters of America (United States),Big Brothers Big Sisters of America,https://ror.org/03f6zdt30,https://ror.org/0344pp695,Big Brothers Big Sisters of Vermilion County,Child,Production
40819,https://github.com/ror-community/ror-updates/issues/40819,Add a new organization to ROR: Big Brothers Big Sisters of America (United States),Big Brothers Big Sisters of Vermilion County,https://ror.org/0344pp695,https://ror.org/03f6zdt30,Big Brothers Big Sisters of America,Parent,Release
40822,https://github.com/ror-community/ror-updates/issues/40822,"Add a new organization to ROR: Black Knight, Inc. (United States)","Black Knight, Inc. (United States)",https://ror.org/03kka2346,https://ror.org/01yeyxy55,Intercontinental Exchange (United States),Parent,Production
40822,https://github.com/ror-community/ror-updates/issues/40822,"Add a new organization to ROR: Black Knight, Inc. (United States)",Intercontinental Exchange (United States),https://ror.org/01yeyxy55,https://ror.org/03kka2346,"Black Knight, Inc. (United States)",Child,Release
40823,https://github.com/ror-community/ror-updates/issues/40823,Add a new organization to ROR: Blue Cross of Western Pennsylvania (United States),Blue Cross of Western Pennsylvania,https://ror.org/05n0v1s55,https://ror.org/02q44wp02,Highmark Blue Cross Blue Shield,Successor,Production
40823,https://github.com/ror-community/ror-updates/issues/40823,Add a new organization to ROR: Blue Cross of Western Pennsylvania (United States),Highmark Blue Cross Blue Shield,https://ror.org/02q44wp02,https://ror.org/05n0v1s55,Blue Cross of Western Pennsylvania,Predecessor,Release
40827,https://github.com/ror-community/ror-updates/issues/40827,"Add a new organization to ROR: Buccaneer Computer Systems & Service, Inc. (United States)","Buccaneer Computer Systems & Service, Inc. (United States)",https://ror.org/00ggb1d18,https://ror.org/05pyq8e17,General Dynamics (United States),Parent,Production
40827,https://github.com/ror-community/ror-updates/issues/40827,"Add a new organization to ROR: Buccaneer Computer Systems & Service, Inc. (United States)",General Dynamics (United States),https://ror.org/05pyq8e17,https://ror.org/00ggb1d18,"Buccaneer Computer Systems & Service, Inc. (United States)",Child,Release
40830,https://github.com/ror-community/ror-updates/issues/40830,Add a new organization to ROR: Caliber Associates (United States),Caliber Associates (United States),https://ror.org/057dbs887,https://ror.org/0156f0c06,ICF International (United States),Successor,Production
40830,https://github.com/ror-community/ror-updates/issues/40830,Add a new organization to ROR: Caliber Associates (United States),ICF International (United States),https://ror.org/0156f0c06,https://ror.org/057dbs887,Caliber Associates (United States),Predecessor,Release
40831,https://github.com/ror-community/ror-updates/issues/40831,Add a new organization to ROR: California Adolescent Health Collaborative (United States),California Adolescent Health Collaborative,https://ror.org/0018fyb19,https://ror.org/019621n74,Public Health Institute,Parent,Production
40831,https://github.com/ror-community/ror-updates/issues/40831,Add a new organization to ROR: California Adolescent Health Collaborative (United States),Public Health Institute,https://ror.org/019621n74,https://ror.org/0018fyb19,California Adolescent Health Collaborative,Child,Release
40840,https://github.com/ror-community/ror-updates/issues/40840,Add a new organization to ROR: Center for Economic Studies (United States),Center for Economic Studies,https://ror.org/04668cx34,https://ror.org/01qn7cs15,United States Census Bureau,Parent,Production
40840,https://github.com/ror-community/ror-updates/issues/40840,Add a new organization to ROR: Center for Economic Studies (United States),United States Census Bureau,https://ror.org/01qn7cs15,https://ror.org/04668cx34,Center for Economic Studies,Child,Release
40841,https://github.com/ror-community/ror-updates/issues/40841,"Add a new organization to ROR: Center for Healthcare Evaluation, Research, and Promotion (United States)","Center for Healthcare Evaluation, Research, and Promotion",https://ror.org/02bh80g68,https://ror.org/05rsv9s98,United States Department of Veterans Affairs,Parent,Production
40841,https://github.com/ror-community/ror-updates/issues/40841,"Add a new organization to ROR: Center for Healthcare Evaluation, Research, and Promotion (United States)",United States Department of Veterans Affairs,https://ror.org/05rsv9s98,https://ror.org/02bh80g68,"Center for Healthcare Evaluation, Research, and Promotion",Child,Release
40841,https://github.com/ror-community/ror-updates/issues/40841,"Add a new organization to ROR: Center for Healthcare Evaluation, Research, and Promotion (United States)","Center for Healthcare Evaluation, Research, and Promotion",https://ror.org/02bh80g68,https://ror.org/02qm18h86,VA Pittsburgh Healthcare System,Related,Production
40841,https://github.com/ror-community/ror-updates/issues/40841,"Add a new organization to ROR: Center for Healthcare Evaluation, Research, and Promotion (United States)",VA Pittsburgh Healthcare System,https://ror.org/02qm18h86,https://ror.org/02bh80g68,"Center for Healthcare Evaluation, Research, and Promotion",Related,Release
40841,https://github.com/ror-community/ror-updates/issues/40841,"Add a new organization to ROR: Center for Healthcare Evaluation, Research, and Promotion (United States)","Center for Healthcare Evaluation, Research, and Promotion",https://ror.org/02bh80g68,https://ror.org/03j05zz84,Philadelphia VA Medical Center,Related,Production
40841,https://github.com/ror-community/ror-updates/issues/40841,"Add a new organization to ROR: Center for Healthcare Evaluation, Research, and Promotion (United States)",Philadelphia VA Medical Center,https://ror.org/03j05zz84,https://ror.org/02bh80g68,"Center for Healthcare Evaluation, Research, and Promotion",Related,Release
40858,https://github.com/ror-community/ror-updates/issues/40858,Add a new organization to ROR: City of Cincinnati (United States),City of Cincinnati,https://ror.org/05jphrg57,https://ror.org/00nxqj779,Cincinnati Health Department,Child,Production
40858,https://github.com/ror-community/ror-updates/issues/40858,Add a new organization to ROR: City of Cincinnati (United States),Cincinnati Health Department,https://ror.org/00nxqj779,https://ror.org/05jphrg57,City of Cincinnati,Parent,Release
40859,https://github.com/ror-community/ror-updates/issues/40859,Add a new organization to ROR: City of Philadelphia (United States),City of Philadelphia,https://ror.org/045da3v06,https://ror.org/000apqb71,Philadelphia Fire Department,Child,Production
40859,https://github.com/ror-community/ror-updates/issues/40859,Add a new organization to ROR: City of Philadelphia (United States),Philadelphia Fire Department,https://ror.org/000apqb71,https://ror.org/045da3v06,City of Philadelphia,Parent,Release
40859,https://github.com/ror-community/ror-updates/issues/40859,Add a new organization to ROR: City of Philadelphia (United States),City of Philadelphia,https://ror.org/045da3v06,https://ror.org/04qm8ac48,Philadelphia Department of Public Health,Child,Production
40859,https://github.com/ror-community/ror-updates/issues/40859,Add a new organization to ROR: City of Philadelphia (United States),Philadelphia Department of Public Health,https://ror.org/04qm8ac48,https://ror.org/045da3v06,City of Philadelphia,Parent,Release
40859,https://github.com/ror-community/ror-updates/issues/40859,Add a new organization to ROR: City of Philadelphia (United States),City of Philadelphia,https://ror.org/045da3v06,https://ror.org/03v275937,Philadelphia Water Department,Child,Production
40859,https://github.com/ror-community/ror-updates/issues/40859,Add a new organization to ROR: City of Philadelphia (United States),Philadelphia Water Department,https://ror.org/03v275937,https://ror.org/045da3v06,City of Philadelphia,Parent,Release
40863,https://github.com/ror-community/ror-updates/issues/40863,Add a new organization to ROR: Colorado Department of Corrections (United States),Colorado Department of Corrections,https://ror.org/00hkb5w24,https://ror.org/04gkdd804,State of Colorado,Parent,Production
40863,https://github.com/ror-community/ror-updates/issues/40863,Add a new organization to ROR: Colorado Department of Corrections (United States),State of Colorado,https://ror.org/04gkdd804,https://ror.org/00hkb5w24,Colorado Department of Corrections,Child,Release
40864,https://github.com/ror-community/ror-updates/issues/40864,Add a new organization to ROR: Colorado Department of Public Safety (United States),Colorado Department of Public Safety,https://ror.org/042e92259,https://ror.org/04gkdd804,State of Colorado,Parent,Production
40864,https://github.com/ror-community/ror-updates/issues/40864,Add a new organization to ROR: Colorado Department of Public Safety (United States),State of Colorado,https://ror.org/04gkdd804,https://ror.org/042e92259,Colorado Department of Public Safety,Child,Release
40867,https://github.com/ror-community/ror-updates/issues/40867,Add a new organization to ROR: Abigail Wexner Research Institute (United States),Abigail Wexner Research Institute,https://ror.org/010dtsm51,https://ror.org/003rfsp33,Nationwide Children's Hospital,Parent,Production
40867,https://github.com/ror-community/ror-updates/issues/40867,Add a new organization to ROR: Abigail Wexner Research Institute (United States),Nationwide Children's Hospital,https://ror.org/003rfsp33,https://ror.org/010dtsm51,Abigail Wexner Research Institute,Child,Release
40897,https://github.com/ror-community/ror-updates/issues/40897,"Add a new organization to ROR: Développement, Institutions et Mondialisation (France)","Développement, Institutions et Mondialisation",https://ror.org/00p5xqe08,https://ror.org/052bz7812,Université Paris Dauphine-PSL,Parent,Production
40897,https://github.com/ror-community/ror-updates/issues/40897,"Add a new organization to ROR: Développement, Institutions et Mondialisation (France)",Université Paris Dauphine-PSL,https://ror.org/052bz7812,https://ror.org/00p5xqe08,"Développement, Institutions et Mondialisation",Child,Release
40897,https://github.com/ror-community/ror-updates/issues/40897,"Add a new organization to ROR: Développement, Institutions et Mondialisation (France)","Développement, Institutions et Mondialisation",https://ror.org/00p5xqe08,https://ror.org/015q23935,Institut de Recherche pour le Développement,Parent,Production
40897,https://github.com/ror-community/ror-updates/issues/40897,"Add a new organization to ROR: Développement, Institutions et Mondialisation (France)",Institut de Recherche pour le Développement,https://ror.org/015q23935,https://ror.org/00p5xqe08,"Développement, Institutions et Mondialisation",Child,Release
40897,https://github.com/ror-community/ror-updates/issues/40897,"Add a new organization to ROR: Développement, Institutions et Mondialisation (France)","Développement, Institutions et Mondialisation",https://ror.org/00p5xqe08,https://ror.org/026exgg05,Laboratoire d’Economie de Dauphine,Parent,Production
40897,https://github.com/ror-community/ror-updates/issues/40897,"Add a new organization to ROR: Développement, Institutions et Mondialisation (France)",Laboratoire d’Economie de Dauphine,https://ror.org/026exgg05,https://ror.org/00p5xqe08,"Développement, Institutions et Mondialisation",Child,Release
40905,https://github.com/ror-community/ror-updates/issues/40905,Add a new organization to ROR: Directorate-General for Press and Communication (Belgium),Directorate-General for Communication,https://ror.org/046crct06,https://ror.org/00k4n6c32,European Commission,Parent,Production
40905,https://github.com/ror-community/ror-updates/issues/40905,Add a new organization to ROR: Directorate-General for Press and Communication (Belgium),European Commission,https://ror.org/00k4n6c32,https://ror.org/046crct06,Directorate-General for Communication,Child,Release
40906,https://github.com/ror-community/ror-updates/issues/40906,Add a new organization to ROR: Directorate-General for Justice and Home Affairs (Belgium),Directorate-General for Justice and Home Affairs,https://ror.org/05v0brg67,https://ror.org/00k4n6c32,European Commission,Parent,Production
40906,https://github.com/ror-community/ror-updates/issues/40906,Add a new organization to ROR: Directorate-General for Justice and Home Affairs (Belgium),European Commission,https://ror.org/00k4n6c32,https://ror.org/05v0brg67,Directorate-General for Justice and Home Affairs,Child,Release
40906,https://github.com/ror-community/ror-updates/issues/40906,Add a new organization to ROR: Directorate-General for Justice and Home Affairs (Belgium),Directorate-General for Justice and Home Affairs,https://ror.org/05v0brg67,https://ror.org/046epvs68,Directorate-General for Justice and Consumers,Successor,Production
40906,https://github.com/ror-community/ror-updates/issues/40906,Add a new organization to ROR: Directorate-General for Justice and Home Affairs (Belgium),Directorate-General for Justice and Consumers,https://ror.org/046epvs68,https://ror.org/05v0brg67,Directorate-General for Justice and Home Affairs,Predecessor,Release
40906,https://github.com/ror-community/ror-updates/issues/40906,Add a new organization to ROR: Directorate-General for Justice and Home Affairs (Belgium),Directorate-General for Justice and Home Affairs,https://ror.org/05v0brg67,https://ror.org/02qc43v06,Directorate-General for Migration and Home Affairs,Successor,Production
40906,https://github.com/ror-community/ror-updates/issues/40906,Add a new organization to ROR: Directorate-General for Justice and Home Affairs (Belgium),Directorate-General for Migration and Home Affairs,https://ror.org/02qc43v06,https://ror.org/05v0brg67,Directorate-General for Justice and Home Affairs,Predecessor,Release
40907,https://github.com/ror-community/ror-updates/issues/40907,Add a new organization to ROR: Directorate-General for Health and Consumer Protection (Belgium),Directorate-General for Health and Consumer Protection,https://ror.org/02wckkf60,https://ror.org/00k4n6c32,European Commission,Parent,Production
40907,https://github.com/ror-community/ror-updates/issues/40907,Add a new organization to ROR: Directorate-General for Health and Consumer Protection (Belgium),European Commission,https://ror.org/00k4n6c32,https://ror.org/02wckkf60,Directorate-General for Health and Consumer Protection,Child,Release
40907,https://github.com/ror-community/ror-updates/issues/40907,Add a new organization to ROR: Directorate-General for Health and Consumer Protection (Belgium),Directorate-General for Health and Consumer Protection,https://ror.org/02wckkf60,https://ror.org/046epvs68,Directorate-General for Justice and Consumers,Successor,Production
40907,https://github.com/ror-community/ror-updates/issues/40907,Add a new organization to ROR: Directorate-General for Health and Consumer Protection (Belgium),Directorate-General for Justice and Consumers,https://ror.org/046epvs68,https://ror.org/02wckkf60,Directorate-General for Health and Consumer Protection,Predecessor,Release
40907,https://github.com/ror-community/ror-updates/issues/40907,Add a new organization to ROR: Directorate-General for Health and Consumer Protection (Belgium),Directorate-General for Health and Consumer Protection,https://ror.org/02wckkf60,https://ror.org/0399w1j22,Directorate-General for Health and Food Safety,Successor,Production
40907,https://github.com/ror-community/ror-updates/issues/40907,Add a new organization to ROR: Directorate-General for Health and Consumer Protection (Belgium),Directorate-General for Health and Food Safety,https://ror.org/0399w1j22,https://ror.org/02wckkf60,Directorate-General for Health and Consumer Protection,Predecessor,Release
40917,https://github.com/ror-community/ror-updates/issues/40917,Add a new organization to ROR: Florida Department of Corrections (United States),Florida Department of Corrections,https://ror.org/00p9rt885,https://ror.org/04x1xkh65,State of Florida,Parent,Production
40917,https://github.com/ror-community/ror-updates/issues/40917,Add a new organization to ROR: Florida Department of Corrections (United States),State of Florida,https://ror.org/04x1xkh65,https://ror.org/00p9rt885,Florida Department of Corrections,Child,Release
40923,https://github.com/ror-community/ror-updates/issues/40923,Add a new organization to ROR: Gallup International Association (Austria),Gallup International Association,https://ror.org/04ejhev58,https://ror.org/01bzbbd61,Gallup Korea,Related,Production
40923,https://github.com/ror-community/ror-updates/issues/40923,Add a new organization to ROR: Gallup International Association (Austria),Gallup Korea,https://ror.org/01bzbbd61,https://ror.org/04ejhev58,Gallup International Association,Related,Release
40930,https://github.com/ror-community/ror-updates/issues/40930,Add a new organization to ROR: Georgia State University Research Foundation Inc. (United States),Georgia State University Research Foundation Inc.,https://ror.org/00pp8zy20,https://ror.org/03qt6ba18,Georgia State University,Related,Production
40930,https://github.com/ror-community/ror-updates/issues/40930,Add a new organization to ROR: Georgia State University Research Foundation Inc. (United States),Georgia State University,https://ror.org/03qt6ba18,https://ror.org/00pp8zy20,Georgia State University Research Foundation Inc.,Related,Release
40931,https://github.com/ror-community/ror-updates/issues/40931,Add a new organization to ROR: Greater Los Angeles Geriatric Research Education and Clinical Center (United States),Greater Los Angeles Geriatric Research Education and Clinical Center,https://ror.org/05r0j8x96,https://ror.org/05xcarb80,VA Greater Los Angeles Healthcare System,Parent,Production
40931,https://github.com/ror-community/ror-updates/issues/40931,Add a new organization to ROR: Greater Los Angeles Geriatric Research Education and Clinical Center (United States),VA Greater Los Angeles Healthcare System,https://ror.org/05xcarb80,https://ror.org/05r0j8x96,Greater Los Angeles Geriatric Research Education and Clinical Center,Child,Release
40942,https://github.com/ror-community/ror-updates/issues/40942,Add a new organization to ROR: Hennepin County Department of Community Corrections and Rehabilitation (United States),Hennepin County Department of Community Corrections and Rehabilitation,https://ror.org/04hb3d907,https://ror.org/022ebn524,Hennepin County,Parent,Production
40942,https://github.com/ror-community/ror-updates/issues/40942,Add a new organization to ROR: Hennepin County Department of Community Corrections and Rehabilitation (United States),Hennepin County,https://ror.org/022ebn524,https://ror.org/04hb3d907,Hennepin County Department of Community Corrections and Rehabilitation,Child,Release
40944,https://github.com/ror-community/ror-updates/issues/40944,Add a new organization to ROR: International Communications Research (United States),International Communications Research (United States),https://ror.org/0372cq990,https://ror.org/02ajkzj32,Social Science Research Solutions (United States),Successor,Production
40944,https://github.com/ror-community/ror-updates/issues/40944,Add a new organization to ROR: International Communications Research (United States),Social Science Research Solutions (United States),https://ror.org/02ajkzj32,https://ror.org/0372cq990,International Communications Research (United States),Predecessor,Release
40951,https://github.com/ror-community/ror-updates/issues/40951,Add a new organization to ROR: Institute for Innovation in Social Policy (United States),Institute for Innovation in Social Policy,https://ror.org/01mzeh234,https://ror.org/022x6qg61,Vassar College,Parent,Production
40951,https://github.com/ror-community/ror-updates/issues/40951,Add a new organization to ROR: Institute for Innovation in Social Policy (United States),Vassar College,https://ror.org/022x6qg61,https://ror.org/01mzeh234,Institute for Innovation in Social Policy,Child,Release
40957,https://github.com/ror-community/ror-updates/issues/40957,Add a new organization to ROR: Institute of Sociology (Vietnam),Institute of Sociology,https://ror.org/00e9tfz19,https://ror.org/01hk6w656,Vietnam Academy of Social Sciences,Parent,Production
40957,https://github.com/ror-community/ror-updates/issues/40957,Add a new organization to ROR: Institute of Sociology (Vietnam),Vietnam Academy of Social Sciences,https://ror.org/01hk6w656,https://ror.org/00e9tfz19,Institute of Sociology,Child,Release
40957,https://github.com/ror-community/ror-updates/issues/40957,Add a new organization to ROR: Institute of Sociology (Vietnam),Institute of Sociology,https://ror.org/00e9tfz19,https://ror.org/04q36hj25,Viện Xã hội học và Tâm lý học,Successor,Production
40957,https://github.com/ror-community/ror-updates/issues/40957,Add a new organization to ROR: Institute of Sociology (Vietnam),Viện Xã hội học và Tâm lý học,https://ror.org/04q36hj25,https://ror.org/00e9tfz19,Institute of Sociology,Predecessor,Release
40958,https://github.com/ror-community/ror-updates/issues/40958,Add a new organization to ROR: Instituto Nacional de Alimentação e Nutrição (Brazil),Instituto Nacional de Alimentação e Nutrição,https://ror.org/05qmgf836,https://ror.org/02y7p0749,Ministério da Saúde,Related,Production
40958,https://github.com/ror-community/ror-updates/issues/40958,Add a new organization to ROR: Instituto Nacional de Alimentação e Nutrição (Brazil),Ministério da Saúde,https://ror.org/02y7p0749,https://ror.org/05qmgf836,Instituto Nacional de Alimentação e Nutrição,Related,Release
40959,https://github.com/ror-community/ror-updates/issues/40959,Add a new organization to ROR: Instituto Universitario de Investigación Ortega-Marañón (Spain),Instituto Universitario de Investigación Ortega-Marañón,https://ror.org/050r4z322,https://ror.org/00fmts116,Fundación José Ortega y Gasset-Gregorio Marañón,Parent,Production
40959,https://github.com/ror-community/ror-updates/issues/40959,Add a new organization to ROR: Instituto Universitario de Investigación Ortega-Marañón (Spain),Fundación José Ortega y Gasset-Gregorio Marañón,https://ror.org/00fmts116,https://ror.org/050r4z322,Instituto Universitario de Investigación Ortega-Marañón,Child,Release
40965,https://github.com/ror-community/ror-updates/issues/40965,Add a new organization to ROR: Iowa Attorney General's Office (United States),State of Iowa Office of the Attorney General,https://ror.org/02kcxhm40,https://ror.org/00hpn2878,State of Iowa,Parent,Production
40965,https://github.com/ror-community/ror-updates/issues/40965,Add a new organization to ROR: Iowa Attorney General's Office (United States),State of Iowa,https://ror.org/00hpn2878,https://ror.org/02kcxhm40,State of Iowa Office of the Attorney General,Child,Release
40966,https://github.com/ror-community/ror-updates/issues/40966,Add a new organization to ROR: Iowa Consortium for Substance Abuse Research and Evaluation (United States),Iowa Consortium for Substance Abuse Research and Evaluation,https://ror.org/03cq8hj03,https://ror.org/036jqmy94,University of Iowa,Parent,Production
40966,https://github.com/ror-community/ror-updates/issues/40966,Add a new organization to ROR: Iowa Consortium for Substance Abuse Research and Evaluation (United States),University of Iowa,https://ror.org/036jqmy94,https://ror.org/03cq8hj03,Iowa Consortium for Substance Abuse Research and Evaluation,Child,Release
40969,https://github.com/ror-community/ror-updates/issues/40969,Add a new organization to ROR: Ithaka S+R (United States),Ithaka S+R,https://ror.org/03pwfze52,https://ror.org/018xens77,Ithaka Harbors,Parent,Production
40969,https://github.com/ror-community/ror-updates/issues/40969,Add a new organization to ROR: Ithaka S+R (United States),Ithaka Harbors,https://ror.org/018xens77,https://ror.org/03pwfze52,Ithaka S+R,Child,Release
41378,https://github.com/ror-community/ror-updates/issues/41378,Modify the information in an existing ROR record: Fatih University - https://ror.org/02wbrth70,Fatih University,https://ror.org/02wbrth70,https://ror.org/03a5qrr21,Istanbul University,Parent,Production
41378,https://github.com/ror-community/ror-updates/issues/41378,Modify the information in an existing ROR record: Fatih University - https://ror.org/02wbrth70,Istanbul University,https://ror.org/03a5qrr21,https://ror.org/02wbrth70,Fatih University,Child,Release
41379,https://github.com/ror-community/ror-updates/issues/41379,Modify the information in an existing ROR record: Amager Hospital - https://ror.org/02g2pz956,Amager Hospital,https://ror.org/02g2pz956,https://ror.org/05bpbnx46,Copenhagen University Hospital,Parent,Production
41379,https://github.com/ror-community/ror-updates/issues/41379,Modify the information in an existing ROR record: Amager Hospital - https://ror.org/02g2pz956,Copenhagen University Hospital,https://ror.org/05bpbnx46,https://ror.org/02g2pz956,Amager Hospital,Child,Release
41380,https://github.com/ror-community/ror-updates/issues/41380,Modify the information in an existing ROR record: Bispebjerg Hospital - https://ror.org/00td68a17,Bispebjerg Hospital,https://ror.org/00td68a17,https://ror.org/05bpbnx46,Copenhagen University Hospital,Parent,Production
41380,https://github.com/ror-community/ror-updates/issues/41380,Modify the information in an existing ROR record: Bispebjerg Hospital - https://ror.org/00td68a17,Copenhagen University Hospital,https://ror.org/05bpbnx46,https://ror.org/00td68a17,Bispebjerg Hospital,Child,Release
41381,https://github.com/ror-community/ror-updates/issues/41381,Modify the information in an existing ROR record: Frederiksberg Hospital - https://ror.org/00d264c35,Frederiksberg Hospital,https://ror.org/00d264c35,https://ror.org/05bpbnx46,Copenhagen University Hospital,Parent,Production
41381,https://github.com/ror-community/ror-updates/issues/41381,Modify the information in an existing ROR record: Frederiksberg Hospital - https://ror.org/00d264c35,Copenhagen University Hospital,https://ror.org/05bpbnx46,https://ror.org/00d264c35,Frederiksberg Hospital,Child,Release
41382,https://github.com/ror-community/ror-updates/issues/41382,Modify the information in an existing ROR record: Gentofte Hospital - https://ror.org/051dzw862,Gentofte Hospital,https://ror.org/051dzw862,https://ror.org/05bpbnx46,Copenhagen University Hospital,Parent,Production
41382,https://github.com/ror-community/ror-updates/issues/41382,Modify the information in an existing ROR record: Gentofte Hospital - https://ror.org/051dzw862,Copenhagen University Hospital,https://ror.org/05bpbnx46,https://ror.org/051dzw862,Gentofte Hospital,Child,Release
41383,https://github.com/ror-community/ror-updates/issues/41383,Modify the information in an existing ROR record: Herlev Hospital - https://ror.org/00wys9y90,Herlev Hospital,https://ror.org/00wys9y90,https://ror.org/05bpbnx46,Copenhagen University Hospital,Parent,Production
41383,https://github.com/ror-community/ror-updates/issues/41383,Modify the information in an existing ROR record: Herlev Hospital - https://ror.org/00wys9y90,Copenhagen University Hospital,https://ror.org/05bpbnx46,https://ror.org/00wys9y90,Herlev Hospital,Child,Release
41384,https://github.com/ror-community/ror-updates/issues/41384,Modify the information in an existing ROR record: Næstved Sygehus - https://ror.org/011dagb24,Næstved Sygehus,https://ror.org/011dagb24,https://ror.org/05bpbnx46,Copenhagen University Hospital,Parent,Production
41384,https://github.com/ror-community/ror-updates/issues/41384,Modify the information in an existing ROR record: Næstved Sygehus - https://ror.org/011dagb24,Copenhagen University Hospital,https://ror.org/05bpbnx46,https://ror.org/011dagb24,Næstved Sygehus,Child,Release
41385,https://github.com/ror-community/ror-updates/issues/41385,Modify the information in an existing ROR record: Ringsted Sygehus - https://ror.org/03gn6hs29,Ringsted Sygehus,https://ror.org/03gn6hs29,https://ror.org/05bpbnx46,Copenhagen University Hospital,Parent,Production
41385,https://github.com/ror-community/ror-updates/issues/41385,Modify the information in an existing ROR record: Ringsted Sygehus - https://ror.org/03gn6hs29,Copenhagen University Hospital,https://ror.org/05bpbnx46,https://ror.org/03gn6hs29,Ringsted Sygehus,Child,Release
41386,https://github.com/ror-community/ror-updates/issues/41386,Modify the information in an existing ROR record: Slagelse Hospital - https://ror.org/02cnrsw88,Slagelse Hospital,https://ror.org/02cnrsw88,https://ror.org/05bpbnx46,Copenhagen University Hospital,Parent,Production
41386,https://github.com/ror-community/ror-updates/issues/41386,Modify the information in an existing ROR record: Slagelse Hospital - https://ror.org/02cnrsw88,Copenhagen University Hospital,https://ror.org/05bpbnx46,https://ror.org/02cnrsw88,Slagelse Hospital,Child,Release
41387,https://github.com/ror-community/ror-updates/issues/41387,Modify the information in an existing ROR record: Cardiff and Vale University Health Board - https://ror.org/0489f6q08,Cardiff and Vale University Health Board,https://ror.org/0489f6q08,https://ror.org/03kk7td41,Cardiff University,Related,Production
41387,https://github.com/ror-community/ror-updates/issues/41387,Modify the information in an existing ROR record: Cardiff and Vale University Health Board - https://ror.org/0489f6q08,Cardiff University,https://ror.org/03kk7td41,https://ror.org/0489f6q08,Cardiff and Vale University Health Board,Related,Release
41388,https://github.com/ror-community/ror-updates/issues/41388,Modify the information in an existing ROR record: Chelsea and Westminster Hospital NHS Foundation Trust - https://ror.org/02gd18467,Chelsea and Westminster Hospital NHS Foundation Trust,https://ror.org/02gd18467,https://ror.org/041kmwe10,Imperial College London,Related,Production
41388,https://github.com/ror-community/ror-updates/issues/41388,Modify the information in an existing ROR record: Chelsea and Westminster Hospital NHS Foundation Trust - https://ror.org/02gd18467,Imperial College London,https://ror.org/041kmwe10,https://ror.org/02gd18467,Chelsea and Westminster Hospital NHS Foundation Trust,Related,Release
41389,https://github.com/ror-community/ror-updates/issues/41389,Modify the information in an existing ROR record: King's College Hospital NHS Foundation Trust - https://ror.org/01n0k5m85,King's College Hospital NHS Foundation Trust,https://ror.org/01n0k5m85,https://ror.org/0220mzb33,King's College London,Related,Production
41389,https://github.com/ror-community/ror-updates/issues/41389,Modify the information in an existing ROR record: King's College Hospital NHS Foundation Trust - https://ror.org/01n0k5m85,King's College London,https://ror.org/0220mzb33,https://ror.org/01n0k5m85,King's College Hospital NHS Foundation Trust,Related,Release
41390,https://github.com/ror-community/ror-updates/issues/41390,Modify the information in an existing ROR record: Belfast Health and Social Care Trust - https://ror.org/02tdmfk69,Belfast Health and Social Care Trust,https://ror.org/02tdmfk69,https://ror.org/00hswnk62,Queen's University Belfast,Related,Production
41390,https://github.com/ror-community/ror-updates/issues/41390,Modify the information in an existing ROR record: Belfast Health and Social Care Trust - https://ror.org/02tdmfk69,Queen's University Belfast,https://ror.org/00hswnk62,https://ror.org/02tdmfk69,Belfast Health and Social Care Trust,Related,Release
41391,https://github.com/ror-community/ror-updates/issues/41391,Modify the information in an existing ROR record: Northern Health and Social Care Trust - https://ror.org/01bgbk171,Northern Health and Social Care Trust,https://ror.org/01bgbk171,https://ror.org/00hswnk62,Queen's University Belfast,Related,Production
41391,https://github.com/ror-community/ror-updates/issues/41391,Modify the information in an existing ROR record: Northern Health and Social Care Trust - https://ror.org/01bgbk171,Queen's University Belfast,https://ror.org/00hswnk62,https://ror.org/01bgbk171,Northern Health and Social Care Trust,Related,Release
41392,https://github.com/ror-community/ror-updates/issues/41392,Modify the information in an existing ROR record: Southern Health and Social Care Trust - https://ror.org/02fjtnt35,Southern Health and Social Care Trust,https://ror.org/02fjtnt35,https://ror.org/00hswnk62,Queen's University Belfast,Related,Production
41392,https://github.com/ror-community/ror-updates/issues/41392,Modify the information in an existing ROR record: Southern Health and Social Care Trust - https://ror.org/02fjtnt35,Queen's University Belfast,https://ror.org/00hswnk62,https://ror.org/02fjtnt35,Southern Health and Social Care Trust,Related,Release
41393,https://github.com/ror-community/ror-updates/issues/41393,Modify the information in an existing ROR record: Craigavon Area Hospital - https://ror.org/03cngf009,Craigavon Area Hospital,https://ror.org/03cngf009,https://ror.org/02fjtnt35,Southern Health and Social Care Trust,Parent,Production
41393,https://github.com/ror-community/ror-updates/issues/41393,Modify the information in an existing ROR record: Craigavon Area Hospital - https://ror.org/03cngf009,Southern Health and Social Care Trust,https://ror.org/02fjtnt35,https://ror.org/03cngf009,Craigavon Area Hospital,Child,Release
41394,https://github.com/ror-community/ror-updates/issues/41394,Modify the information in an existing ROR record: Daisy Hill Hospital - https://ror.org/04sheqe49,Daisy Hill Hospital,https://ror.org/04sheqe49,https://ror.org/02fjtnt35,Southern Health and Social Care Trust,Parent,Production
41394,https://github.com/ror-community/ror-updates/issues/41394,Modify the information in an existing ROR record: Daisy Hill Hospital - https://ror.org/04sheqe49,Southern Health and Social Care Trust,https://ror.org/02fjtnt35,https://ror.org/04sheqe49,Daisy Hill Hospital,Child,Release
41395,https://github.com/ror-community/ror-updates/issues/41395,Modify the information in an existing ROR record: Birmingham Community Healthcare NHS Trust - https://ror.org/04r10g051,Birmingham Community Healthcare NHS Trust,https://ror.org/04r10g051,https://ror.org/03angcq70,University of Birmingham,Related,Production
41395,https://github.com/ror-community/ror-updates/issues/41395,Modify the information in an existing ROR record: Birmingham Community Healthcare NHS Trust - https://ror.org/04r10g051,University of Birmingham,https://ror.org/03angcq70,https://ror.org/04r10g051,Birmingham Community Healthcare NHS Trust,Related,Release
41396,https://github.com/ror-community/ror-updates/issues/41396,Modify the information in an existing ROR record: Brighton and Sussex Medical School - https://ror.org/01qz7fr76,Brighton and Sussex Medical School,https://ror.org/01qz7fr76,https://ror.org/03wvsyq85,University Hospitals Sussex NHS Foundation Trust,Related,Production
41396,https://github.com/ror-community/ror-updates/issues/41396,Modify the information in an existing ROR record: Brighton and Sussex Medical School - https://ror.org/01qz7fr76,University Hospitals Sussex NHS Foundation Trust,https://ror.org/03wvsyq85,https://ror.org/01qz7fr76,Brighton and Sussex Medical School,Related,Release
41397,https://github.com/ror-community/ror-updates/issues/41397,Modify the information in an existing ROR record: Cambridge University Hospitals NHS Foundation Trust - https://ror.org/04v54gj93,Cambridge University Hospitals NHS Foundation Trust,https://ror.org/04v54gj93,https://ror.org/013meh722,University of Cambridge,Related,Production
41397,https://github.com/ror-community/ror-updates/issues/41397,Modify the information in an existing ROR record: Cambridge University Hospitals NHS Foundation Trust - https://ror.org/04v54gj93,University of Cambridge,https://ror.org/013meh722,https://ror.org/04v54gj93,Cambridge University Hospitals NHS Foundation Trust,Related,Release
41398,https://github.com/ror-community/ror-updates/issues/41398,Modify the information in an existing ROR record: Cambridgeshire and Peterborough NHS Foundation Trust - https://ror.org/040ch0e11,Cambridgeshire and Peterborough NHS Foundation Trust,https://ror.org/040ch0e11,https://ror.org/013meh722,University of Cambridge,Related,Production
41398,https://github.com/ror-community/ror-updates/issues/41398,Modify the information in an existing ROR record: Cambridgeshire and Peterborough NHS Foundation Trust - https://ror.org/040ch0e11,University of Cambridge,https://ror.org/013meh722,https://ror.org/040ch0e11,Cambridgeshire and Peterborough NHS Foundation Trust,Related,Release
41399,https://github.com/ror-community/ror-updates/issues/41399,Modify the information in an existing ROR record: University of Cambridge - https://ror.org/013meh722,University of Cambridge,https://ror.org/013meh722,https://ror.org/00b31g692,Barts Health NHS Trust,Related,Production
41399,https://github.com/ror-community/ror-updates/issues/41399,Modify the information in an existing ROR record: University of Cambridge - https://ror.org/013meh722,Barts Health NHS Trust,https://ror.org/00b31g692,https://ror.org/013meh722,University of Cambridge,Related,Release
41400,https://github.com/ror-community/ror-updates/issues/41400,Modify the information in an existing ROR record: Queen Mary University of London - https://ror.org/026zzn846,Queen Mary University of London,https://ror.org/026zzn846,https://ror.org/00b31g692,Barts Health NHS Trust,Related,Production
41400,https://github.com/ror-community/ror-updates/issues/41400,Modify the information in an existing ROR record: Queen Mary University of London - https://ror.org/026zzn846,Barts Health NHS Trust,https://ror.org/00b31g692,https://ror.org/026zzn846,Queen Mary University of London,Related,Release
41401,https://github.com/ror-community/ror-updates/issues/41401,Modify the information in an existing ROR record: University College London - https://ror.org/02jx3x895,University College London,https://ror.org/02jx3x895,https://ror.org/00b31g692,Barts Health NHS Trust,Related,Production
41401,https://github.com/ror-community/ror-updates/issues/41401,Modify the information in an existing ROR record: University College London - https://ror.org/02jx3x895,Barts Health NHS Trust,https://ror.org/00b31g692,https://ror.org/02jx3x895,University College London,Related,Release
41402,https://github.com/ror-community/ror-updates/issues/41402,Modify the information in an existing ROR record: NHS Tayside - https://ror.org/000ywep40,NHS Tayside,https://ror.org/000ywep40,https://ror.org/03h2bxq36,University of Dundee,Related,Production
41402,https://github.com/ror-community/ror-updates/issues/41402,Modify the information in an existing ROR record: NHS Tayside - https://ror.org/000ywep40,University of Dundee,https://ror.org/03h2bxq36,https://ror.org/000ywep40,NHS Tayside,Related,Release
41403,https://github.com/ror-community/ror-updates/issues/41403,Modify the information in an existing ROR record: Blackpool Teaching Hospitals NHS Foundation Trust - https://ror.org/03444yt49,Blackpool Teaching Hospitals NHS Foundation Trust,https://ror.org/03444yt49,https://ror.org/04f2nsd36,Lancaster University,Related,Production
41403,https://github.com/ror-community/ror-updates/issues/41403,Modify the information in an existing ROR record: Blackpool Teaching Hospitals NHS Foundation Trust - https://ror.org/03444yt49,Lancaster University,https://ror.org/04f2nsd36,https://ror.org/03444yt49,Blackpool Teaching Hospitals NHS Foundation Trust,Related,Release
41404,https://github.com/ror-community/ror-updates/issues/41404,Modify the information in an existing ROR record: St. Luke's Episcopal Hospital - https://ror.org/0195twz09,St. Luke's Episcopal Hospital,https://ror.org/0195twz09,https://ror.org/02pttbw34,Baylor College of Medicine,Related,Production
41404,https://github.com/ror-community/ror-updates/issues/41404,Modify the information in an existing ROR record: St. Luke's Episcopal Hospital - https://ror.org/0195twz09,Baylor College of Medicine,https://ror.org/02pttbw34,https://ror.org/0195twz09,St. Luke's Episcopal Hospital,Related,Release
41405,https://github.com/ror-community/ror-updates/issues/41405,Modify the information in an existing ROR record: Duke Children's Hospital & Health Center - https://ror.org/03vnj0h28,Duke Children's Hospital & Health Center,https://ror.org/03vnj0h28,https://ror.org/03wfqwh68,Duke University Health System,Parent,Production
41405,https://github.com/ror-community/ror-updates/issues/41405,Modify the information in an existing ROR record: Duke Children's Hospital & Health Center - https://ror.org/03vnj0h28,Duke University Health System,https://ror.org/03wfqwh68,https://ror.org/03vnj0h28,Duke Children's Hospital & Health Center,Child,Release
41406,https://github.com/ror-community/ror-updates/issues/41406,Modify the information in an existing ROR record: Emory Healthcare - https://ror.org/00yksxf10,Emory Healthcare,https://ror.org/00yksxf10,https://ror.org/03czfpz43,Emory University,Parent,Production
41406,https://github.com/ror-community/ror-updates/issues/41406,Modify the information in an existing ROR record: Emory Healthcare - https://ror.org/00yksxf10,Emory University,https://ror.org/03czfpz43,https://ror.org/00yksxf10,Emory Healthcare,Child,Release
41407,https://github.com/ror-community/ror-updates/issues/41407,Modify the information in an existing ROR record: Brigham and Women's Hospital - https://ror.org/04b6nzv94,Brigham and Women's Hospital,https://ror.org/04b6nzv94,https://ror.org/05wvpxv85,Tufts University,Parent,Production
41407,https://github.com/ror-community/ror-updates/issues/41407,Modify the information in an existing ROR record: Brigham and Women's Hospital - https://ror.org/04b6nzv94,Tufts University,https://ror.org/05wvpxv85,https://ror.org/04b6nzv94,Brigham and Women's Hospital,Child,Release
41408,https://github.com/ror-community/ror-updates/issues/41408,Modify the information in an existing ROR record: Mount Auburn Hospital - https://ror.org/00nhpk003,Mount Auburn Hospital,https://ror.org/00nhpk003,https://ror.org/03vek6s52,Harvard University,Related,Production
41408,https://github.com/ror-community/ror-updates/issues/41408,Modify the information in an existing ROR record: Mount Auburn Hospital - https://ror.org/00nhpk003,Harvard University,https://ror.org/03vek6s52,https://ror.org/00nhpk003,Mount Auburn Hospital,Related,Release
41408,https://github.com/ror-community/ror-updates/issues/41408,Modify the information in an existing ROR record: Mount Auburn Hospital - https://ror.org/00nhpk003,Mount Auburn Hospital,https://ror.org/00nhpk003,https://ror.org/05qwgg493,Boston University,Related,Production
41408,https://github.com/ror-community/ror-updates/issues/41408,Modify the information in an existing ROR record: Mount Auburn Hospital - https://ror.org/00nhpk003,Boston University,https://ror.org/05qwgg493,https://ror.org/00nhpk003,Mount Auburn Hospital,Related,Release
41409,https://github.com/ror-community/ror-updates/issues/41409,Modify the information in an existing ROR record: Jesse Brown VA Medical Center - https://ror.org/049qtwc86,Jesse Brown VA Medical Center,https://ror.org/049qtwc86,https://ror.org/02mpq6x41,University of Illinois Chicago,Related,Production
41409,https://github.com/ror-community/ror-updates/issues/41409,Modify the information in an existing ROR record: Jesse Brown VA Medical Center - https://ror.org/049qtwc86,University of Illinois Chicago,https://ror.org/02mpq6x41,https://ror.org/049qtwc86,Jesse Brown VA Medical Center,Related,Release
41410,https://github.com/ror-community/ror-updates/issues/41410,Modify the information in an existing ROR record: The Ohio State University Comprehensive Cancer Center – Arthur G. James Cancer Hospital and Richard J. Solove Research Institute - https://ror.org/028t46f04,The Ohio State University Comprehensive Cancer Center – Arthur G. James Cancer Hospital and Richard J. Solove Research Institute,https://ror.org/028t46f04,https://ror.org/00c01js51,The Ohio State University Wexner Medical Center,Parent,Production
41410,https://github.com/ror-community/ror-updates/issues/41410,Modify the information in an existing ROR record: The Ohio State University Comprehensive Cancer Center – Arthur G. James Cancer Hospital and Richard J. Solove Research Institute - https://ror.org/028t46f04,The Ohio State University Wexner Medical Center,https://ror.org/00c01js51,https://ror.org/028t46f04,The Ohio State University Comprehensive Cancer Center – Arthur G. James Cancer Hospital and Richard J. Solove Research Institute,Child,Release
41411,https://github.com/ror-community/ror-updates/issues/41411,Modify the information in an existing ROR record: Lebanon VA Medical Center - https://ror.org/00ft0j474,Lebanon VA Medical Center,https://ror.org/00ft0j474,https://ror.org/04p491231,Pennsylvania State University,Related,Production
41411,https://github.com/ror-community/ror-updates/issues/41411,Modify the information in an existing ROR record: Lebanon VA Medical Center - https://ror.org/00ft0j474,Pennsylvania State University,https://ror.org/04p491231,https://ror.org/00ft0j474,Lebanon VA Medical Center,Related,Release
41412,https://github.com/ror-community/ror-updates/issues/41412,Modify the information in an existing ROR record: Stanford Health Care - https://ror.org/019wqcg20,Stanford Health Care,https://ror.org/019wqcg20,https://ror.org/00f54p054,Stanford University,Parent,Production
41412,https://github.com/ror-community/ror-updates/issues/41412,Modify the information in an existing ROR record: Stanford Health Care - https://ror.org/019wqcg20,Stanford University,https://ror.org/00f54p054,https://ror.org/019wqcg20,Stanford Health Care,Child,Release
41413,https://github.com/ror-community/ror-updates/issues/41413,Modify the information in an existing ROR record: Stony Brook University Hospital - https://ror.org/05wyq9e07,Stony Brook University Hospital,https://ror.org/05wyq9e07,https://ror.org/01882y777,Stony Brook Medicine,Parent,Production
41413,https://github.com/ror-community/ror-updates/issues/41413,Modify the information in an existing ROR record: Stony Brook University Hospital - https://ror.org/05wyq9e07,Stony Brook Medicine,https://ror.org/01882y777,https://ror.org/05wyq9e07,Stony Brook University Hospital,Child,Release
41414,https://github.com/ror-community/ror-updates/issues/41414,Modify the information in an existing ROR record: Stony Brook Children's Hospital - https://ror.org/056rkh971,Stony Brook Children's Hospital,https://ror.org/056rkh971,https://ror.org/01882y777,Stony Brook Medicine,Parent,Production
41414,https://github.com/ror-community/ror-updates/issues/41414,Modify the information in an existing ROR record: Stony Brook Children's Hospital - https://ror.org/056rkh971,Stony Brook Medicine,https://ror.org/01882y777,https://ror.org/056rkh971,Stony Brook Children's Hospital,Child,Release
41414,https://github.com/ror-community/ror-updates/issues/41414,Modify the information in an existing ROR record: Stony Brook Children's Hospital - https://ror.org/056rkh971,Stony Brook Children's Hospital,https://ror.org/056rkh971,https://ror.org/01q1z8k08,State University of New York,Parent,Production
41414,https://github.com/ror-community/ror-updates/issues/41414,Modify the information in an existing ROR record: Stony Brook Children's Hospital - https://ror.org/056rkh971,State University of New York,https://ror.org/01q1z8k08,https://ror.org/056rkh971,Stony Brook Children's Hospital,Child,Release
41415,https://github.com/ror-community/ror-updates/issues/41415,Modify the information in an existing ROR record: Temple University Hospital - https://ror.org/028rvnd71,Temple University Hospital,https://ror.org/028rvnd71,https://ror.org/02fhvxj45,Temple University Health System,Parent,Production
41415,https://github.com/ror-community/ror-updates/issues/41415,Modify the information in an existing ROR record: Temple University Hospital - https://ror.org/028rvnd71,Temple University Health System,https://ror.org/02fhvxj45,https://ror.org/028rvnd71,Temple University Hospital,Child,Release
41416,https://github.com/ror-community/ror-updates/issues/41416,Modify the information in an existing ROR record: MetroWest Medical Center - https://ror.org/05bpnne23,MetroWest Medical Center,https://ror.org/05bpnne23,https://ror.org/05qwgg493,Boston University,Related,Production
41416,https://github.com/ror-community/ror-updates/issues/41416,Modify the information in an existing ROR record: MetroWest Medical Center - https://ror.org/05bpnne23,Boston University,https://ror.org/05qwgg493,https://ror.org/05bpnne23,MetroWest Medical Center,Related,Release
41417,https://github.com/ror-community/ror-updates/issues/41417,Modify the information in an existing ROR record: Banner - University Medical Center Phoenix - https://ror.org/01cjjjf51,Banner - University Medical Center Phoenix,https://ror.org/01cjjjf51,https://ror.org/03m2x1q45,University of Arizona,Related,Production
41417,https://github.com/ror-community/ror-updates/issues/41417,Modify the information in an existing ROR record: Banner - University Medical Center Phoenix - https://ror.org/01cjjjf51,University of Arizona,https://ror.org/03m2x1q45,https://ror.org/01cjjjf51,Banner - University Medical Center Phoenix,Related,Release
41418,https://github.com/ror-community/ror-updates/issues/41418,Modify the information in an existing ROR record: Barrow Neurological Institute - https://ror.org/01fwrsq33,Barrow Neurological Institute,https://ror.org/01fwrsq33,https://ror.org/03m2x1q45,University of Arizona,Related,Production
41418,https://github.com/ror-community/ror-updates/issues/41418,Modify the information in an existing ROR record: Barrow Neurological Institute - https://ror.org/01fwrsq33,University of Arizona,https://ror.org/03m2x1q45,https://ror.org/01fwrsq33,Barrow Neurological Institute,Related,Release
41419,https://github.com/ror-community/ror-updates/issues/41419,Modify the information in an existing ROR record: Mayo Clinic in Arizona - https://ror.org/03jp40720,Mayo Clinic in Arizona,https://ror.org/03jp40720,https://ror.org/03m2x1q45,University of Arizona,Related,Production
41419,https://github.com/ror-community/ror-updates/issues/41419,Modify the information in an existing ROR record: Mayo Clinic in Arizona - https://ror.org/03jp40720,University of Arizona,https://ror.org/03m2x1q45,https://ror.org/03jp40720,Mayo Clinic in Arizona,Related,Release
41420,https://github.com/ror-community/ror-updates/issues/41420,Modify the information in an existing ROR record: Phoenix VA Health Care System - https://ror.org/024b7e967,Phoenix VA Health Care System,https://ror.org/024b7e967,https://ror.org/03m2x1q45,University of Arizona,Related,Production
41420,https://github.com/ror-community/ror-updates/issues/41420,Modify the information in an existing ROR record: Phoenix VA Health Care System - https://ror.org/024b7e967,University of Arizona,https://ror.org/03m2x1q45,https://ror.org/024b7e967,Phoenix VA Health Care System,Related,Release
41421,https://github.com/ror-community/ror-updates/issues/41421,Modify the information in an existing ROR record: Southern Arizona VA Health Care System - https://ror.org/00xb4cb83,Southern Arizona VA Health Care System,https://ror.org/00xb4cb83,https://ror.org/03m2x1q45,University of Arizona,Related,Production
41421,https://github.com/ror-community/ror-updates/issues/41421,Modify the information in an existing ROR record: Southern Arizona VA Health Care System - https://ror.org/00xb4cb83,University of Arizona,https://ror.org/03m2x1q45,https://ror.org/00xb4cb83,Southern Arizona VA Health Care System,Related,Release
41422,https://github.com/ror-community/ror-updates/issues/41422,Modify the information in an existing ROR record: St. Joseph's Hospital and Medical Center - https://ror.org/00m72wv30,St. Joseph's Hospital and Medical Center,https://ror.org/00m72wv30,https://ror.org/03m2x1q45,University of Arizona,Related,Production
41422,https://github.com/ror-community/ror-updates/issues/41422,Modify the information in an existing ROR record: St. Joseph's Hospital and Medical Center - https://ror.org/00m72wv30,University of Arizona,https://ror.org/03m2x1q45,https://ror.org/00m72wv30,St. Joseph's Hospital and Medical Center,Related,Release
41423,https://github.com/ror-community/ror-updates/issues/41423,Modify the information in an existing ROR record: Daniel Drake Center - https://ror.org/05223j896,Daniel Drake Center,https://ror.org/05223j896,https://ror.org/01e3m7079,University of Cincinnati,Related,Production
41423,https://github.com/ror-community/ror-updates/issues/41423,Modify the information in an existing ROR record: Daniel Drake Center - https://ror.org/05223j896,University of Cincinnati,https://ror.org/01e3m7079,https://ror.org/05223j896,Daniel Drake Center,Related,Release
41424,https://github.com/ror-community/ror-updates/issues/41424,Modify the information in an existing ROR record: Connecticut Children's Medical Center - https://ror.org/01a1jjn24,Connecticut Children's Medical Center,https://ror.org/01a1jjn24,https://ror.org/02der9h97,University of Connecticut,Related,Production
41424,https://github.com/ror-community/ror-updates/issues/41424,Modify the information in an existing ROR record: Connecticut Children's Medical Center - https://ror.org/01a1jjn24,University of Connecticut,https://ror.org/02der9h97,https://ror.org/01a1jjn24,Connecticut Children's Medical Center,Related,Release
41425,https://github.com/ror-community/ror-updates/issues/41425,Modify the information in an existing ROR record: Children's Hospital of Illinois - https://ror.org/0457mvc71,Children's Hospital of Illinois,https://ror.org/0457mvc71,https://ror.org/02qrdc062,Peoria campus of the University of Illinois System,Related,Production
41425,https://github.com/ror-community/ror-updates/issues/41425,Modify the information in an existing ROR record: Children's Hospital of Illinois - https://ror.org/0457mvc71,Peoria campus of the University of Illinois System,https://ror.org/02qrdc062,https://ror.org/0457mvc71,Children's Hospital of Illinois,Related,Release
41426,https://github.com/ror-community/ror-updates/issues/41426,Modify the information in an existing ROR record: VA Illiana Health Care System - https://ror.org/00kan1k39,VA Illiana Health Care System,https://ror.org/00kan1k39,https://ror.org/02qrdc062,Peoria campus of the University of Illinois System,Related,Production
41426,https://github.com/ror-community/ror-updates/issues/41426,Modify the information in an existing ROR record: VA Illiana Health Care System - https://ror.org/00kan1k39,Peoria campus of the University of Illinois System,https://ror.org/02qrdc062,https://ror.org/00kan1k39,VA Illiana Health Care System,Related,Release
41427,https://github.com/ror-community/ror-updates/issues/41427,Modify the information in an existing ROR record: University of Kentucky HealthCare - https://ror.org/05vvzn852,University of Kentucky HealthCare,https://ror.org/05vvzn852,https://ror.org/02k3smh20,University of Kentucky,Parent,Production
41427,https://github.com/ror-community/ror-updates/issues/41427,Modify the information in an existing ROR record: University of Kentucky HealthCare - https://ror.org/05vvzn852,University of Kentucky,https://ror.org/02k3smh20,https://ror.org/05vvzn852,University of Kentucky HealthCare,Child,Release
41428,https://github.com/ror-community/ror-updates/issues/41428,Modify the information in an existing ROR record: Jewish Hospital - https://ror.org/018s10n18,Jewish Hospital,https://ror.org/018s10n18,https://ror.org/01ckdn478,University of Louisville,Related,Production
41428,https://github.com/ror-community/ror-updates/issues/41428,Modify the information in an existing ROR record: Jewish Hospital - https://ror.org/018s10n18,University of Louisville,https://ror.org/01ckdn478,https://ror.org/018s10n18,Jewish Hospital,Related,Release
41429,https://github.com/ror-community/ror-updates/issues/41429,Modify the information in an existing ROR record: Kosair Children's Hospital - https://ror.org/01xxd6b82,Kosair Children's Hospital,https://ror.org/01xxd6b82,https://ror.org/01ckdn478,University of Louisville,Related,Production
41429,https://github.com/ror-community/ror-updates/issues/41429,Modify the information in an existing ROR record: Kosair Children's Hospital - https://ror.org/01xxd6b82,University of Louisville,https://ror.org/01ckdn478,https://ror.org/01xxd6b82,Kosair Children's Hospital,Related,Release
41430,https://github.com/ror-community/ror-updates/issues/41430,Modify the information in an existing ROR record: Norton Hospital - https://ror.org/03jhxhg55,Norton Hospital,https://ror.org/03jhxhg55,https://ror.org/01ckdn478,University of Louisville,Related,Production
41430,https://github.com/ror-community/ror-updates/issues/41430,Modify the information in an existing ROR record: Norton Hospital - https://ror.org/03jhxhg55,University of Louisville,https://ror.org/01ckdn478,https://ror.org/03jhxhg55,Norton Hospital,Related,Release
41431,https://github.com/ror-community/ror-updates/issues/41431,Modify the information in an existing ROR record: UMass Memorial Health Care - https://ror.org/00pq96s96,UMass Memorial Health Care,https://ror.org/00pq96s96,https://ror.org/0464eyp60,University of Massachusetts Chan Medical School,Parent,Production
41431,https://github.com/ror-community/ror-updates/issues/41431,Modify the information in an existing ROR record: UMass Memorial Health Care - https://ror.org/00pq96s96,University of Massachusetts Chan Medical School,https://ror.org/0464eyp60,https://ror.org/00pq96s96,UMass Memorial Health Care,Child,Release
41432,https://github.com/ror-community/ror-updates/issues/41432,Modify the information in an existing ROR record: UNM Children's Hospital - https://ror.org/01aq2mh35,UNM Children's Hospital,https://ror.org/01aq2mh35,https://ror.org/05fs6jp91,University of New Mexico,Parent,Production
41432,https://github.com/ror-community/ror-updates/issues/41432,Modify the information in an existing ROR record: UNM Children's Hospital - https://ror.org/01aq2mh35,University of New Mexico,https://ror.org/05fs6jp91,https://ror.org/01aq2mh35,UNM Children's Hospital,Child,Release
41433,https://github.com/ror-community/ror-updates/issues/41433,Modify the information in an existing ROR record: Dean McGee Eye Institute - https://ror.org/036kn0x67,Dean McGee Eye Institute,https://ror.org/036kn0x67,https://ror.org/0457zbj98,University of Oklahoma Health Sciences Center,Related,Production
41433,https://github.com/ror-community/ror-updates/issues/41433,Modify the information in an existing ROR record: Dean McGee Eye Institute - https://ror.org/036kn0x67,University of Oklahoma Health Sciences Center,https://ror.org/0457zbj98,https://ror.org/036kn0x67,Dean McGee Eye Institute,Related,Release
41434,https://github.com/ror-community/ror-updates/issues/41434,Modify the information in an existing ROR record: Chestnut Hill Hospital - https://ror.org/02nren818,Chestnut Hill Hospital,https://ror.org/02nren818,https://ror.org/02fhvxj45,Temple University Health System,Parent,Production
41434,https://github.com/ror-community/ror-updates/issues/41434,Modify the information in an existing ROR record: Chestnut Hill Hospital - https://ror.org/02nren818,Temple University Health System,https://ror.org/02fhvxj45,https://ror.org/02nren818,Chestnut Hill Hospital,Child,Release
41435,https://github.com/ror-community/ror-updates/issues/41435,Modify the information in an existing ROR record: St. Margaret Memorial Hospital - https://ror.org/04a0qsn58,St. Margaret Memorial Hospital,https://ror.org/04a0qsn58,https://ror.org/04ehecz88,University of Pittsburgh Medical Center,Parent,Production
41435,https://github.com/ror-community/ror-updates/issues/41435,Modify the information in an existing ROR record: St. Margaret Memorial Hospital - https://ror.org/04a0qsn58,University of Pittsburgh Medical Center,https://ror.org/04ehecz88,https://ror.org/04a0qsn58,St. Margaret Memorial Hospital,Child,Release
41436,https://github.com/ror-community/ror-updates/issues/41436,Modify the information in an existing ROR record: Magee-Womens Research Institute - https://ror.org/00rnw4e09,Magee-Womens Research Institute,https://ror.org/00rnw4e09,https://ror.org/01fbdn283,Magee-Womens Hospital,Related,Production
41436,https://github.com/ror-community/ror-updates/issues/41436,Modify the information in an existing ROR record: Magee-Womens Research Institute - https://ror.org/00rnw4e09,Magee-Womens Hospital,https://ror.org/01fbdn283,https://ror.org/00rnw4e09,Magee-Womens Research Institute,Related,Release
41437,https://github.com/ror-community/ror-updates/issues/41437,Modify the information in an existing ROR record: James A. Haley Veterans' Hospital - https://ror.org/006xyf785,James A. Haley Veterans' Hospital,https://ror.org/006xyf785,https://ror.org/032db5x82,University of South Florida,Related,Production
41437,https://github.com/ror-community/ror-updates/issues/41437,Modify the information in an existing ROR record: James A. Haley Veterans' Hospital - https://ror.org/006xyf785,University of South Florida,https://ror.org/032db5x82,https://ror.org/006xyf785,James A. Haley Veterans' Hospital,Related,Release
41438,https://github.com/ror-community/ror-updates/issues/41438,Modify the information in an existing ROR record: Bay Pines VA Healthcare System - https://ror.org/00paq4p43,Bay Pines VA Healthcare System,https://ror.org/00paq4p43,https://ror.org/032db5x82,University of South Florida,Related,Production
41438,https://github.com/ror-community/ror-updates/issues/41438,Modify the information in an existing ROR record: Bay Pines VA Healthcare System - https://ror.org/00paq4p43,University of South Florida,https://ror.org/032db5x82,https://ror.org/00paq4p43,Bay Pines VA Healthcare System,Related,Release
41439,https://github.com/ror-community/ror-updates/issues/41439,Modify the information in an existing ROR record: Montefiore Medical Center - https://ror.org/044ntvm43,Montefiore Medical Center,https://ror.org/044ntvm43,https://ror.org/045x93337,Yeshiva University,Parent,Production
41439,https://github.com/ror-community/ror-updates/issues/41439,Modify the information in an existing ROR record: Montefiore Medical Center - https://ror.org/044ntvm43,Yeshiva University,https://ror.org/045x93337,https://ror.org/044ntvm43,Montefiore Medical Center,Child,Release
41440,https://github.com/ror-community/ror-updates/issues/41440,Modify the information in an existing ROR record: Bronx Psychiatric Center - https://ror.org/041hmmv49,Bronx Psychiatric Center,https://ror.org/041hmmv49,https://ror.org/045x93337,Yeshiva University,Related,Production
41440,https://github.com/ror-community/ror-updates/issues/41440,Modify the information in an existing ROR record: Bronx Psychiatric Center - https://ror.org/041hmmv49,Yeshiva University,https://ror.org/045x93337,https://ror.org/041hmmv49,Bronx Psychiatric Center,Related,Release
41441,https://github.com/ror-community/ror-updates/issues/41441,Modify the information in an existing ROR record: Jamaica Hospital - https://ror.org/01xereq81,Jamaica Hospital,https://ror.org/01xereq81,https://ror.org/02r109517,Weill Cornell Medicine,Related,Production
41441,https://github.com/ror-community/ror-updates/issues/41441,Modify the information in an existing ROR record: Jamaica Hospital - https://ror.org/01xereq81,Weill Cornell Medicine,https://ror.org/02r109517,https://ror.org/01xereq81,Jamaica Hospital,Related,Release
41442,https://github.com/ror-community/ror-updates/issues/41442,Modify the information in an existing ROR record: Gangneung Asan Hospital - https://ror.org/03pw3x387,Gangneung Asan Hospital,https://ror.org/03pw3x387,https://ror.org/02c2f8975,University of Ulsan,Related,Production
41442,https://github.com/ror-community/ror-updates/issues/41442,Modify the information in an existing ROR record: Gangneung Asan Hospital - https://ror.org/03pw3x387,University of Ulsan,https://ror.org/02c2f8975,https://ror.org/03pw3x387,Gangneung Asan Hospital,Related,Release
41443,https://github.com/ror-community/ror-updates/issues/41443,Modify the information in an existing ROR record: Tianjin Medical University Cancer Institute and Hospital - https://ror.org/0152hn881,Tianjin Medical University Cancer Institute and Hospital,https://ror.org/0152hn881,https://ror.org/02mh8wx89,Tianjin Medical University,Related,Production
41443,https://github.com/ror-community/ror-updates/issues/41443,Modify the information in an existing ROR record: Tianjin Medical University Cancer Institute and Hospital - https://ror.org/0152hn881,Tianjin Medical University,https://ror.org/02mh8wx89,https://ror.org/0152hn881,Tianjin Medical University Cancer Institute and Hospital,Related,Release
41444,https://github.com/ror-community/ror-updates/issues/41444,Modify the information in an existing ROR record: China-Japan Friendship Hospital - https://ror.org/037cjxp13,China-Japan Friendship Hospital,https://ror.org/037cjxp13,https://ror.org/02mh8wx89,Tianjin Medical University,Related,Production
41444,https://github.com/ror-community/ror-updates/issues/41444,Modify the information in an existing ROR record: China-Japan Friendship Hospital - https://ror.org/037cjxp13,Tianjin Medical University,https://ror.org/02mh8wx89,https://ror.org/037cjxp13,China-Japan Friendship Hospital,Related,Release
41444,https://github.com/ror-community/ror-updates/issues/41444,Modify the information in an existing ROR record: China-Japan Friendship Hospital - https://ror.org/037cjxp13,China-Japan Friendship Hospital,https://ror.org/037cjxp13,https://ror.org/032d4f246,China Medical University,Related,Production
41444,https://github.com/ror-community/ror-updates/issues/41444,Modify the information in an existing ROR record: China-Japan Friendship Hospital - https://ror.org/037cjxp13,China Medical University,https://ror.org/032d4f246,https://ror.org/037cjxp13,China-Japan Friendship Hospital,Related,Release
41445,https://github.com/ror-community/ror-updates/issues/41445,Modify the information in an existing ROR record: Nanjing General Hospital of Nanjing Military Command - https://ror.org/04kmpyd03,Nanjing General Hospital of Nanjing Military Command,https://ror.org/04kmpyd03,https://ror.org/01rxvg760,Nanjing University,Related,Production
41445,https://github.com/ror-community/ror-updates/issues/41445,Modify the information in an existing ROR record: Nanjing General Hospital of Nanjing Military Command - https://ror.org/04kmpyd03,Nanjing University,https://ror.org/01rxvg760,https://ror.org/04kmpyd03,Nanjing General Hospital of Nanjing Military Command,Related,Release
41445,https://github.com/ror-community/ror-updates/issues/41445,Modify the information in an existing ROR record: Nanjing General Hospital of Nanjing Military Command - https://ror.org/04kmpyd03,Nanjing General Hospital of Nanjing Military Command,https://ror.org/04kmpyd03,https://ror.org/04tavpn47,Second Military Medical University,Related,Production
41445,https://github.com/ror-community/ror-updates/issues/41445,Modify the information in an existing ROR record: Nanjing General Hospital of Nanjing Military Command - https://ror.org/04kmpyd03,Second Military Medical University,https://ror.org/04tavpn47,https://ror.org/04kmpyd03,Nanjing General Hospital of Nanjing Military Command,Related,Release
41446,https://github.com/ror-community/ror-updates/issues/41446,Modify the information in an existing ROR record: Shanghai Changzheng Hospital - https://ror.org/0103dxn66,Shanghai Changzheng Hospital,https://ror.org/0103dxn66,https://ror.org/04tavpn47,Second Military Medical University,Related,Production
41446,https://github.com/ror-community/ror-updates/issues/41446,Modify the information in an existing ROR record: Shanghai Changzheng Hospital - https://ror.org/0103dxn66,Second Military Medical University,https://ror.org/04tavpn47,https://ror.org/0103dxn66,Shanghai Changzheng Hospital,Related,Release
41447,https://github.com/ror-community/ror-updates/issues/41447,Modify the information in an existing ROR record: Eastern Hepatobiliary Surgery Hospital - https://ror.org/043sbvg03,Eastern Hepatobiliary Surgery Hospital,https://ror.org/043sbvg03,https://ror.org/04tavpn47,Second Military Medical University,Related,Production
41447,https://github.com/ror-community/ror-updates/issues/41447,Modify the information in an existing ROR record: Eastern Hepatobiliary Surgery Hospital - https://ror.org/043sbvg03,Second Military Medical University,https://ror.org/04tavpn47,https://ror.org/043sbvg03,Eastern Hepatobiliary Surgery Hospital,Related,Release
41448,https://github.com/ror-community/ror-updates/issues/41448,Modify the information in an existing ROR record: Beijing Ditan Hospital - https://ror.org/05kkkes98,Beijing Ditan Hospital,https://ror.org/05kkkes98,https://ror.org/013xs5b60,Capital Medical University,Related,Production
41448,https://github.com/ror-community/ror-updates/issues/41448,Modify the information in an existing ROR record: Beijing Ditan Hospital - https://ror.org/05kkkes98,Capital Medical University,https://ror.org/013xs5b60,https://ror.org/05kkkes98,Beijing Ditan Hospital,Related,Release
41449,https://github.com/ror-community/ror-updates/issues/41449,Modify the information in an existing ROR record: Beijing Shijitan Hospital - https://ror.org/0569k1630,Beijing Shijitan Hospital,https://ror.org/0569k1630,https://ror.org/02v51f717,Peking University,Related,Production
41449,https://github.com/ror-community/ror-updates/issues/41449,Modify the information in an existing ROR record: Beijing Shijitan Hospital - https://ror.org/0569k1630,Peking University,https://ror.org/02v51f717,https://ror.org/0569k1630,Beijing Shijitan Hospital,Related,Release
41450,https://github.com/ror-community/ror-updates/issues/41450,"Modify the information in an existing ROR record: John H. Stroger, Jr. Hospital of Cook County - https://ror.org/05626m728","John H. Stroger, Jr. Hospital of Cook County",https://ror.org/05626m728,https://ror.org/01j7c0b24,Rush University Medical Center,Related,Production
41450,https://github.com/ror-community/ror-updates/issues/41450,"Modify the information in an existing ROR record: John H. Stroger, Jr. Hospital of Cook County - https://ror.org/05626m728",Rush University Medical Center,https://ror.org/01j7c0b24,https://ror.org/05626m728,"John H. Stroger, Jr. Hospital of Cook County",Related,Release
41450,https://github.com/ror-community/ror-updates/issues/41450,"Modify the information in an existing ROR record: John H. Stroger, Jr. Hospital of Cook County - https://ror.org/05626m728","John H. Stroger, Jr. Hospital of Cook County",https://ror.org/05626m728,https://ror.org/02mpq6x41,University of Illinois Chicago,Related,Production
41450,https://github.com/ror-community/ror-updates/issues/41450,"Modify the information in an existing ROR record: John H. Stroger, Jr. Hospital of Cook County - https://ror.org/05626m728",University of Illinois Chicago,https://ror.org/02mpq6x41,https://ror.org/05626m728,"John H. Stroger, Jr. Hospital of Cook County",Related,Release
41451,https://github.com/ror-community/ror-updates/issues/41451,Modify the information in an existing ROR record: Lehigh Valley Health Network - https://ror.org/00sf92s91,Lehigh Valley Health Network,https://ror.org/00sf92s91,https://ror.org/032db5x82,University of South Florida,Related,Production
41451,https://github.com/ror-community/ror-updates/issues/41451,Modify the information in an existing ROR record: Lehigh Valley Health Network - https://ror.org/00sf92s91,University of South Florida,https://ror.org/032db5x82,https://ror.org/00sf92s91,Lehigh Valley Health Network,Related,Release
41452,https://github.com/ror-community/ror-updates/issues/41452,Modify the information in an existing ROR record: Kingston General Hospital - https://ror.org/03zq81960,Kingston General Hospital,https://ror.org/03zq81960,https://ror.org/05bwaty49,Kingston Health Sciences Centre,Parent,Production
41452,https://github.com/ror-community/ror-updates/issues/41452,Modify the information in an existing ROR record: Kingston General Hospital - https://ror.org/03zq81960,Kingston Health Sciences Centre,https://ror.org/05bwaty49,https://ror.org/03zq81960,Kingston General Hospital,Child,Release
41453,https://github.com/ror-community/ror-updates/issues/41453,Modify the information in an existing ROR record: Royal Columbian Hospital - https://ror.org/05ymyxj51,Royal Columbian Hospital,https://ror.org/05ymyxj51,https://ror.org/03rmrcq20,University of British Columbia,Related,Production
41453,https://github.com/ror-community/ror-updates/issues/41453,Modify the information in an existing ROR record: Royal Columbian Hospital - https://ror.org/05ymyxj51,University of British Columbia,https://ror.org/03rmrcq20,https://ror.org/05ymyxj51,Royal Columbian Hospital,Related,Release
41454,https://github.com/ror-community/ror-updates/issues/41454,Modify the information in an existing ROR record: Hirosaki University Hospital - https://ror.org/05s3b4196,Hirosaki University Hospital,https://ror.org/05s3b4196,https://ror.org/02syg0q74,Hirosaki University,Parent,Production
41454,https://github.com/ror-community/ror-updates/issues/41454,Modify the information in an existing ROR record: Hirosaki University Hospital - https://ror.org/05s3b4196,Hirosaki University,https://ror.org/02syg0q74,https://ror.org/05s3b4196,Hirosaki University Hospital,Child,Release
41455,https://github.com/ror-community/ror-updates/issues/41455,Modify the information in an existing ROR record: St Vincent's Hospital Sydney - https://ror.org/000ed3w25,St Vincent's Hospital Sydney,https://ror.org/000ed3w25,https://ror.org/03r8z3t63,UNSW Sydney,Related,Production
41455,https://github.com/ror-community/ror-updates/issues/41455,Modify the information in an existing ROR record: St Vincent's Hospital Sydney - https://ror.org/000ed3w25,UNSW Sydney,https://ror.org/03r8z3t63,https://ror.org/000ed3w25,St Vincent's Hospital Sydney,Related,Release
41456,https://github.com/ror-community/ror-updates/issues/41456,Modify the information in an existing ROR record: Royal Darwin Hospital - https://ror.org/04jq72f57,Royal Darwin Hospital,https://ror.org/04jq72f57,https://ror.org/0384j8v12,The University of Sydney,Related,Production
41456,https://github.com/ror-community/ror-updates/issues/41456,Modify the information in an existing ROR record: Royal Darwin Hospital - https://ror.org/04jq72f57,The University of Sydney,https://ror.org/0384j8v12,https://ror.org/04jq72f57,Royal Darwin Hospital,Related,Release
41457,https://github.com/ror-community/ror-updates/issues/41457,Modify the information in an existing ROR record: Mercy Hospital for Women - https://ror.org/01ch4qb51,Mercy Hospital for Women,https://ror.org/01ch4qb51,https://ror.org/01ej9dk98,The University of Melbourne,Related,Production
41457,https://github.com/ror-community/ror-updates/issues/41457,Modify the information in an existing ROR record: Mercy Hospital for Women - https://ror.org/01ch4qb51,The University of Melbourne,https://ror.org/01ej9dk98,https://ror.org/01ch4qb51,Mercy Hospital for Women,Related,Release
41457,https://github.com/ror-community/ror-updates/issues/41457,Modify the information in an existing ROR record: Mercy Hospital for Women - https://ror.org/01ch4qb51,Mercy Hospital for Women,https://ror.org/01ch4qb51,https://ror.org/01rxfrp27,La Trobe University,Related,Production
41457,https://github.com/ror-community/ror-updates/issues/41457,Modify the information in an existing ROR record: Mercy Hospital for Women - https://ror.org/01ch4qb51,La Trobe University,https://ror.org/01rxfrp27,https://ror.org/01ch4qb51,Mercy Hospital for Women,Related,Release
41458,https://github.com/ror-community/ror-updates/issues/41458,Modify the information in an existing ROR record: Christchurch Hospital - https://ror.org/003nvpm64,Christchurch Hospital,https://ror.org/003nvpm64,https://ror.org/01jmxt844,University of Otago,Related,Production
41458,https://github.com/ror-community/ror-updates/issues/41458,Modify the information in an existing ROR record: Christchurch Hospital - https://ror.org/003nvpm64,University of Otago,https://ror.org/01jmxt844,https://ror.org/003nvpm64,Christchurch Hospital,Related,Release
41459,https://github.com/ror-community/ror-updates/issues/41459,Modify the information in an existing ROR record: China Medical University Hospital - https://ror.org/0368s4g32,China Medical University Hospital,https://ror.org/0368s4g32,https://ror.org/00v408z34,China Medical University,Related,Production
41459,https://github.com/ror-community/ror-updates/issues/41459,Modify the information in an existing ROR record: China Medical University Hospital - https://ror.org/0368s4g32,China Medical University,https://ror.org/00v408z34,https://ror.org/0368s4g32,China Medical University Hospital,Related,Release
41460,https://github.com/ror-community/ror-updates/issues/41460,Modify the information in an existing ROR record: Danderyds sjukhus - https://ror.org/00hm9kt34,Danderyds sjukhus,https://ror.org/00hm9kt34,https://ror.org/056d84691,Karolinska Institutet,Parent,Production
41460,https://github.com/ror-community/ror-updates/issues/41460,Modify the information in an existing ROR record: Danderyds sjukhus - https://ror.org/00hm9kt34,Karolinska Institutet,https://ror.org/056d84691,https://ror.org/00hm9kt34,Danderyds sjukhus,Child,Release
41461,https://github.com/ror-community/ror-updates/issues/41461,Modify the information in an existing ROR record: Cairo University hospitals - https://ror.org/058djb788,Cairo University hospitals,https://ror.org/058djb788,https://ror.org/03q21mh05,Cairo University,Related,Production
41461,https://github.com/ror-community/ror-updates/issues/41461,Modify the information in an existing ROR record: Cairo University hospitals - https://ror.org/058djb788,Cairo University,https://ror.org/03q21mh05,https://ror.org/058djb788,Cairo University hospitals,Related,Release
41462,https://github.com/ror-community/ror-updates/issues/41462,Modify the information in an existing ROR record: Centre Hospitalier Universitaire Brugmann - https://ror.org/011apjk30,Centre Hospitalier Universitaire Brugmann,https://ror.org/011apjk30,https://ror.org/006e5kg04,Vrije Universiteit Brussel,Related,Production
41462,https://github.com/ror-community/ror-updates/issues/41462,Modify the information in an existing ROR record: Centre Hospitalier Universitaire Brugmann - https://ror.org/011apjk30,Vrije Universiteit Brussel,https://ror.org/006e5kg04,https://ror.org/011apjk30,Centre Hospitalier Universitaire Brugmann,Related,Release
41463,https://github.com/ror-community/ror-updates/issues/41463,Modify the information in an existing ROR record: Temple Street Children's University Hospital - https://ror.org/0527gjc91,Temple Street Children's University Hospital,https://ror.org/0527gjc91,https://ror.org/05m7pjf47,University College Dublin,Related,Production
41463,https://github.com/ror-community/ror-updates/issues/41463,Modify the information in an existing ROR record: Temple Street Children's University Hospital - https://ror.org/0527gjc91,University College Dublin,https://ror.org/05m7pjf47,https://ror.org/0527gjc91,Temple Street Children's University Hospital,Related,Release
41464,https://github.com/ror-community/ror-updates/issues/41464,Modify the information in an existing ROR record: McGill University and Génome Québec Innovation Centre - https://ror.org/0589bxs97,McGill University and Génome Québec Innovation Centre,https://ror.org/0589bxs97,https://ror.org/01pxwe438,McGill University,Parent,Production
41464,https://github.com/ror-community/ror-updates/issues/41464,Modify the information in an existing ROR record: McGill University and Génome Québec Innovation Centre - https://ror.org/0589bxs97,McGill University,https://ror.org/01pxwe438,https://ror.org/0589bxs97,McGill University and Génome Québec Innovation Centre,Child,Release
41464,https://github.com/ror-community/ror-updates/issues/41464,Modify the information in an existing ROR record: McGill University and Génome Québec Innovation Centre - https://ror.org/0589bxs97,McGill University and Génome Québec Innovation Centre,https://ror.org/0589bxs97,https://ror.org/029s29983,Genome Canada,Parent,Production
41464,https://github.com/ror-community/ror-updates/issues/41464,Modify the information in an existing ROR record: McGill University and Génome Québec Innovation Centre - https://ror.org/0589bxs97,Genome Canada,https://ror.org/029s29983,https://ror.org/0589bxs97,McGill University and Génome Québec Innovation Centre,Child,Release
41465,https://github.com/ror-community/ror-updates/issues/41465,"Modify the information in an existing ROR record: Centro de Inovação, Empreendedorismo e Tecnologia - https://ror.org/05g65s446","Centro de Inovação, Empreendedorismo e Tecnologia",https://ror.org/05g65s446,https://ror.org/036rp1748,Universidade de São Paulo,Related,Production
41465,https://github.com/ror-community/ror-updates/issues/41465,"Modify the information in an existing ROR record: Centro de Inovação, Empreendedorismo e Tecnologia - https://ror.org/05g65s446",Universidade de São Paulo,https://ror.org/036rp1748,https://ror.org/05g65s446,"Centro de Inovação, Empreendedorismo e Tecnologia",Related,Release
41466,https://github.com/ror-community/ror-updates/issues/41466,Modify the information in an existing ROR record: Montreal Neurological Institute and Hospital - https://ror.org/05ghs6f64,Montreal Neurological Institute and Hospital,https://ror.org/05ghs6f64,https://ror.org/04cpxjv19,McGill University Health Centre,Parent,Production
41466,https://github.com/ror-community/ror-updates/issues/41466,Modify the information in an existing ROR record: Montreal Neurological Institute and Hospital - https://ror.org/05ghs6f64,McGill University Health Centre,https://ror.org/04cpxjv19,https://ror.org/05ghs6f64,Montreal Neurological Institute and Hospital,Child,Release
41467,https://github.com/ror-community/ror-updates/issues/41467,Modify the information in an existing ROR record: Frankfurt Institute for Advanced Studies - https://ror.org/05vmv8m79,Frankfurt Institute for Advanced Studies,https://ror.org/05vmv8m79,https://ror.org/04cvxnb49,Goethe University Frankfurt,Parent,Production
41467,https://github.com/ror-community/ror-updates/issues/41467,Modify the information in an existing ROR record: Frankfurt Institute for Advanced Studies - https://ror.org/05vmv8m79,Goethe University Frankfurt,https://ror.org/04cvxnb49,https://ror.org/05vmv8m79,Frankfurt Institute for Advanced Studies,Child,Release
41468,https://github.com/ror-community/ror-updates/issues/41468,Modify the information in an existing ROR record: Heidelberg Institute for Theoretical Studies - https://ror.org/01f7bcy98,Heidelberg Institute for Theoretical Studies,https://ror.org/01f7bcy98,https://ror.org/038t36y30,Heidelberg University,Parent,Production
41468,https://github.com/ror-community/ror-updates/issues/41468,Modify the information in an existing ROR record: Heidelberg Institute for Theoretical Studies - https://ror.org/01f7bcy98,Heidelberg University,https://ror.org/038t36y30,https://ror.org/01f7bcy98,Heidelberg Institute for Theoretical Studies,Child,Release
41468,https://github.com/ror-community/ror-updates/issues/41468,Modify the information in an existing ROR record: Heidelberg Institute for Theoretical Studies - https://ror.org/01f7bcy98,Heidelberg Institute for Theoretical Studies,https://ror.org/01f7bcy98,https://ror.org/04t3en479,Karlsruhe Institute of Technology,Parent,Production
41468,https://github.com/ror-community/ror-updates/issues/41468,Modify the information in an existing ROR record: Heidelberg Institute for Theoretical Studies - https://ror.org/01f7bcy98,Karlsruhe Institute of Technology,https://ror.org/04t3en479,https://ror.org/01f7bcy98,Heidelberg Institute for Theoretical Studies,Child,Release
41469,https://github.com/ror-community/ror-updates/issues/41469,Modify the information in an existing ROR record: National Center for Tumor Diseases - https://ror.org/01txwsw02,National Center for Tumor Diseases,https://ror.org/01txwsw02,https://ror.org/013czdx64,University Hospital Heidelberg,Parent,Production
41469,https://github.com/ror-community/ror-updates/issues/41469,Modify the information in an existing ROR record: National Center for Tumor Diseases - https://ror.org/01txwsw02,University Hospital Heidelberg,https://ror.org/013czdx64,https://ror.org/01txwsw02,National Center for Tumor Diseases,Child,Release
41469,https://github.com/ror-community/ror-updates/issues/41469,Modify the information in an existing ROR record: National Center for Tumor Diseases - https://ror.org/01txwsw02,National Center for Tumor Diseases,https://ror.org/01txwsw02,https://ror.org/038t36y30,Heidelberg University,Parent,Production
41469,https://github.com/ror-community/ror-updates/issues/41469,Modify the information in an existing ROR record: National Center for Tumor Diseases - https://ror.org/01txwsw02,Heidelberg University,https://ror.org/038t36y30,https://ror.org/01txwsw02,National Center for Tumor Diseases,Child,Release
41469,https://github.com/ror-community/ror-updates/issues/41469,Modify the information in an existing ROR record: National Center for Tumor Diseases - https://ror.org/01txwsw02,National Center for Tumor Diseases,https://ror.org/01txwsw02,https://ror.org/04cdgtt98,German Cancer Research Center,Parent,Production
41469,https://github.com/ror-community/ror-updates/issues/41469,Modify the information in an existing ROR record: National Center for Tumor Diseases - https://ror.org/01txwsw02,German Cancer Research Center,https://ror.org/04cdgtt98,https://ror.org/01txwsw02,National Center for Tumor Diseases,Child,Release
41470,https://github.com/ror-community/ror-updates/issues/41470,Modify the information in an existing ROR record: Bernstein Center for Computational Neuroscience Berlin - https://ror.org/05ewdps05,Bernstein Center for Computational Neuroscience Berlin,https://ror.org/05ewdps05,https://ror.org/001w7jn25,Charité - Universitätsmedizin Berlin,Parent,Production
41470,https://github.com/ror-community/ror-updates/issues/41470,Modify the information in an existing ROR record: Bernstein Center for Computational Neuroscience Berlin - https://ror.org/05ewdps05,Charité - Universitätsmedizin Berlin,https://ror.org/001w7jn25,https://ror.org/05ewdps05,Bernstein Center for Computational Neuroscience Berlin,Child,Release
41470,https://github.com/ror-community/ror-updates/issues/41470,Modify the information in an existing ROR record: Bernstein Center for Computational Neuroscience Berlin - https://ror.org/05ewdps05,Bernstein Center for Computational Neuroscience Berlin,https://ror.org/05ewdps05,https://ror.org/01hcx6992,Humboldt-Universität zu Berlin,Parent,Production
41470,https://github.com/ror-community/ror-updates/issues/41470,Modify the information in an existing ROR record: Bernstein Center for Computational Neuroscience Berlin - https://ror.org/05ewdps05,Humboldt-Universität zu Berlin,https://ror.org/01hcx6992,https://ror.org/05ewdps05,Bernstein Center for Computational Neuroscience Berlin,Child,Release
41470,https://github.com/ror-community/ror-updates/issues/41470,Modify the information in an existing ROR record: Bernstein Center for Computational Neuroscience Berlin - https://ror.org/05ewdps05,Bernstein Center for Computational Neuroscience Berlin,https://ror.org/05ewdps05,https://ror.org/03v4gjf40,Technische Universität Berlin,Parent,Production
41470,https://github.com/ror-community/ror-updates/issues/41470,Modify the information in an existing ROR record: Bernstein Center for Computational Neuroscience Berlin - https://ror.org/05ewdps05,Technische Universität Berlin,https://ror.org/03v4gjf40,https://ror.org/05ewdps05,Bernstein Center for Computational Neuroscience Berlin,Child,Release
41471,https://github.com/ror-community/ror-updates/issues/41471,Modify the information in an existing ROR record: CeNTech - https://ror.org/00wk05f95,CeNTech,https://ror.org/00wk05f95,https://ror.org/00pd74e08,University of Münster,Related,Production
41471,https://github.com/ror-community/ror-updates/issues/41471,Modify the information in an existing ROR record: CeNTech - https://ror.org/00wk05f95,University of Münster,https://ror.org/00pd74e08,https://ror.org/00wk05f95,CeNTech,Related,Release
41472,https://github.com/ror-community/ror-updates/issues/41472,Modify the information in an existing ROR record: Hertie Institute for Clinical Brain Research - https://ror.org/04zzwzx41,Hertie Institute for Clinical Brain Research,https://ror.org/04zzwzx41,https://ror.org/00pjgxh97,Universitätsklinikum Tübingen,Parent,Production
41472,https://github.com/ror-community/ror-updates/issues/41472,Modify the information in an existing ROR record: Hertie Institute for Clinical Brain Research - https://ror.org/04zzwzx41,Universitätsklinikum Tübingen,https://ror.org/00pjgxh97,https://ror.org/04zzwzx41,Hertie Institute for Clinical Brain Research,Child,Release
41473,https://github.com/ror-community/ror-updates/issues/41473,Modify the information in an existing ROR record: Helmholtz Institute Mainz - https://ror.org/024thra40,Helmholtz Institute Mainz,https://ror.org/024thra40,https://ror.org/023b0x485,Johannes Gutenberg University Mainz,Parent,Production
41473,https://github.com/ror-community/ror-updates/issues/41473,Modify the information in an existing ROR record: Helmholtz Institute Mainz - https://ror.org/024thra40,Johannes Gutenberg University Mainz,https://ror.org/023b0x485,https://ror.org/024thra40,Helmholtz Institute Mainz,Child,Release
41474,https://github.com/ror-community/ror-updates/issues/41474,Modify the information in an existing ROR record: Netherlands Institute for the Study of Crime and Law Enforcement - https://ror.org/03124pm05,Netherlands Institute for the Study of Crime and Law Enforcement,https://ror.org/03124pm05,https://ror.org/008xxew50,Vrije Universiteit Amsterdam,Related,Production
41474,https://github.com/ror-community/ror-updates/issues/41474,Modify the information in an existing ROR record: Netherlands Institute for the Study of Crime and Law Enforcement - https://ror.org/03124pm05,Vrije Universiteit Amsterdam,https://ror.org/008xxew50,https://ror.org/03124pm05,Netherlands Institute for the Study of Crime and Law Enforcement,Related,Release
41475,https://github.com/ror-community/ror-updates/issues/41475,Modify the information in an existing ROR record: Emma Kinderziekenhuis - https://ror.org/00bmv4102,Emma Kinderziekenhuis,https://ror.org/00bmv4102,https://ror.org/03t4gr691,Amsterdam UMC Location University of Amsterdam,Parent,Production
41475,https://github.com/ror-community/ror-updates/issues/41475,Modify the information in an existing ROR record: Emma Kinderziekenhuis - https://ror.org/00bmv4102,Amsterdam UMC Location University of Amsterdam,https://ror.org/03t4gr691,https://ror.org/00bmv4102,Emma Kinderziekenhuis,Child,Release
41476,https://github.com/ror-community/ror-updates/issues/41476,Modify the information in an existing ROR record: Institut Paoli-Calmettes - https://ror.org/04s3t1g37,Institut Paoli-Calmettes,https://ror.org/04s3t1g37,https://ror.org/035xkbk20,Aix-Marseille Université,Related,Production
41476,https://github.com/ror-community/ror-updates/issues/41476,Modify the information in an existing ROR record: Institut Paoli-Calmettes - https://ror.org/04s3t1g37,Aix-Marseille Université,https://ror.org/035xkbk20,https://ror.org/04s3t1g37,Institut Paoli-Calmettes,Related,Release
41477,https://github.com/ror-community/ror-updates/issues/41477,Modify the information in an existing ROR record: Université Paris-Est Créteil - https://ror.org/05ggc9x40,Université Paris-Est Créteil,https://ror.org/05ggc9x40,https://ror.org/0268ecp52,Paris-Est Sup,Parent,Production
41477,https://github.com/ror-community/ror-updates/issues/41477,Modify the information in an existing ROR record: Université Paris-Est Créteil - https://ror.org/05ggc9x40,Paris-Est Sup,https://ror.org/0268ecp52,https://ror.org/05ggc9x40,Université Paris-Est Créteil,Child,Release
41478,https://github.com/ror-community/ror-updates/issues/41478,Modify the information in an existing ROR record: Institut Charles Gerhardt Montpellier - https://ror.org/028wq3277,Institut Charles Gerhardt Montpellier,https://ror.org/028wq3277,https://ror.org/00190j002,Réseau sur le Stockage Electrochimique de l'énergie,Related,Production
41478,https://github.com/ror-community/ror-updates/issues/41478,Modify the information in an existing ROR record: Institut Charles Gerhardt Montpellier - https://ror.org/028wq3277,Réseau sur le Stockage Electrochimique de l'énergie,https://ror.org/00190j002,https://ror.org/028wq3277,Institut Charles Gerhardt Montpellier,Related,Release
41479,https://github.com/ror-community/ror-updates/issues/41479,Modify the information in an existing ROR record: Centre de Recherche en Nutrition Humaine d'Auvergne - https://ror.org/03rzyjb72,Centre de Recherche en Nutrition Humaine d'Auvergne,https://ror.org/03rzyjb72,https://ror.org/01a8ajp46,Université Clermont Auvergne,Parent,Production
41479,https://github.com/ror-community/ror-updates/issues/41479,Modify the information in an existing ROR record: Centre de Recherche en Nutrition Humaine d'Auvergne - https://ror.org/03rzyjb72,Université Clermont Auvergne,https://ror.org/01a8ajp46,https://ror.org/03rzyjb72,Centre de Recherche en Nutrition Humaine d'Auvergne,Child,Release
41479,https://github.com/ror-community/ror-updates/issues/41479,Modify the information in an existing ROR record: Centre de Recherche en Nutrition Humaine d'Auvergne - https://ror.org/03rzyjb72,Centre de Recherche en Nutrition Humaine d'Auvergne,https://ror.org/03rzyjb72,https://ror.org/02tcf7a68,Centre Hospitalier Universitaire de Clermont-Ferrand,Parent,Production
41479,https://github.com/ror-community/ror-updates/issues/41479,Modify the information in an existing ROR record: Centre de Recherche en Nutrition Humaine d'Auvergne - https://ror.org/03rzyjb72,Centre Hospitalier Universitaire de Clermont-Ferrand,https://ror.org/02tcf7a68,https://ror.org/03rzyjb72,Centre de Recherche en Nutrition Humaine d'Auvergne,Child,Release
41479,https://github.com/ror-community/ror-updates/issues/41479,Modify the information in an existing ROR record: Centre de Recherche en Nutrition Humaine d'Auvergne - https://ror.org/03rzyjb72,Centre de Recherche en Nutrition Humaine d'Auvergne,https://ror.org/03rzyjb72,https://ror.org/02vjkv261,Inserm,Parent,Production
41479,https://github.com/ror-community/ror-updates/issues/41479,Modify the information in an existing ROR record: Centre de Recherche en Nutrition Humaine d'Auvergne - https://ror.org/03rzyjb72,Inserm,https://ror.org/02vjkv261,https://ror.org/03rzyjb72,Centre de Recherche en Nutrition Humaine d'Auvergne,Child,Release
41480,https://github.com/ror-community/ror-updates/issues/41480,Modify the information in an existing ROR record: Emam Reza Hospital - https://ror.org/01f6t6q54,Emam Reza Hospital,https://ror.org/01f6t6q54,https://ror.org/04sfka033,Mashhad University of Medical Sciences,Related,Production
41480,https://github.com/ror-community/ror-updates/issues/41480,Modify the information in an existing ROR record: Emam Reza Hospital - https://ror.org/01f6t6q54,Mashhad University of Medical Sciences,https://ror.org/04sfka033,https://ror.org/01f6t6q54,Emam Reza Hospital,Related,Release
41481,https://github.com/ror-community/ror-updates/issues/41481,Modify the information in an existing ROR record: Shahid Kamyab Hospital - https://ror.org/02tj1w674,Shahid Kamyab Hospital,https://ror.org/02tj1w674,https://ror.org/04sfka033,Mashhad University of Medical Sciences,Related,Production
41481,https://github.com/ror-community/ror-updates/issues/41481,Modify the information in an existing ROR record: Shahid Kamyab Hospital - https://ror.org/02tj1w674,Mashhad University of Medical Sciences,https://ror.org/04sfka033,https://ror.org/02tj1w674,Shahid Kamyab Hospital,Related,Release
41482,https://github.com/ror-community/ror-updates/issues/41482,Modify the information in an existing ROR record: Al Nahdha Hospital - https://ror.org/04x16yc34,Al Nahdha Hospital,https://ror.org/04x16yc34,https://ror.org/04wq8zb47,Sultan Qaboos University,Related,Production
41482,https://github.com/ror-community/ror-updates/issues/41482,Modify the information in an existing ROR record: Al Nahdha Hospital - https://ror.org/04x16yc34,Sultan Qaboos University,https://ror.org/04wq8zb47,https://ror.org/04x16yc34,Al Nahdha Hospital,Related,Release
41483,https://github.com/ror-community/ror-updates/issues/41483,Modify the information in an existing ROR record: The People's Hospital of Guangxi Zhuang Autonomous Region - https://ror.org/02aa8kj12,The People's Hospital of Guangxi Zhuang Autonomous Region,https://ror.org/02aa8kj12,https://ror.org/03dveyr97,Guangxi Medical University,Related,Production
41483,https://github.com/ror-community/ror-updates/issues/41483,Modify the information in an existing ROR record: The People's Hospital of Guangxi Zhuang Autonomous Region - https://ror.org/02aa8kj12,Guangxi Medical University,https://ror.org/03dveyr97,https://ror.org/02aa8kj12,The People's Hospital of Guangxi Zhuang Autonomous Region,Related,Release
41484,https://github.com/ror-community/ror-updates/issues/41484,Modify the information in an existing ROR record: First Affiliated Hospital of Dalian Medical University - https://ror.org/055w74b96,First Affiliated Hospital of Dalian Medical University,https://ror.org/055w74b96,https://ror.org/04c8eg608,Dalian Medical University,Related,Production
41484,https://github.com/ror-community/ror-updates/issues/41484,Modify the information in an existing ROR record: First Affiliated Hospital of Dalian Medical University - https://ror.org/055w74b96,Dalian Medical University,https://ror.org/04c8eg608,https://ror.org/055w74b96,First Affiliated Hospital of Dalian Medical University,Related,Release
41485,https://github.com/ror-community/ror-updates/issues/41485,Modify the information in an existing ROR record: First Affiliated Hospital of Guangzhou Medical University - https://ror.org/00z0j0d77,First Affiliated Hospital of Guangzhou Medical University,https://ror.org/00z0j0d77,https://ror.org/00zat6v61,Guangzhou Medical University,Related,Production
41485,https://github.com/ror-community/ror-updates/issues/41485,Modify the information in an existing ROR record: First Affiliated Hospital of Guangzhou Medical University - https://ror.org/00z0j0d77,Guangzhou Medical University,https://ror.org/00zat6v61,https://ror.org/00z0j0d77,First Affiliated Hospital of Guangzhou Medical University,Related,Release
41486,https://github.com/ror-community/ror-updates/issues/41486,Modify the information in an existing ROR record: University Teaching Hospital of Yaounde - https://ror.org/042acmv76,University Teaching Hospital of Yaounde,https://ror.org/042acmv76,https://ror.org/022zbs961,Université de Yaoundé I,Related,Production
41486,https://github.com/ror-community/ror-updates/issues/41486,Modify the information in an existing ROR record: University Teaching Hospital of Yaounde - https://ror.org/042acmv76,Université de Yaoundé I,https://ror.org/022zbs961,https://ror.org/042acmv76,University Teaching Hospital of Yaounde,Related,Release
41487,https://github.com/ror-community/ror-updates/issues/41487,Modify the information in an existing ROR record: École des Hautes Études en Santé Publique - https://ror.org/01sc83v92,École des Hautes Études en Santé Publique,https://ror.org/01sc83v92,https://ror.org/015m7wh34,Université de Rennes,Parent,Production
41487,https://github.com/ror-community/ror-updates/issues/41487,Modify the information in an existing ROR record: École des Hautes Études en Santé Publique - https://ror.org/01sc83v92,Université de Rennes,https://ror.org/015m7wh34,https://ror.org/01sc83v92,École des Hautes Études en Santé Publique,Child,Release
41488,https://github.com/ror-community/ror-updates/issues/41488,Modify the information in an existing ROR record: International Business School at Vilnius University - https://ror.org/05p8tp630,International Business School at Vilnius University,https://ror.org/05p8tp630,https://ror.org/03nadee84,Vilnius University,Parent,Production
41488,https://github.com/ror-community/ror-updates/issues/41488,Modify the information in an existing ROR record: International Business School at Vilnius University - https://ror.org/05p8tp630,Vilnius University,https://ror.org/03nadee84,https://ror.org/05p8tp630,International Business School at Vilnius University,Child,Release
41489,https://github.com/ror-community/ror-updates/issues/41489,Modify the information in an existing ROR record: Hospital Center of Cova da Beira - https://ror.org/04sgttv52,Hospital Center of Cova da Beira,https://ror.org/04sgttv52,https://ror.org/03nf36p02,University of Beira Interior,Related,Production
41489,https://github.com/ror-community/ror-updates/issues/41489,Modify the information in an existing ROR record: Hospital Center of Cova da Beira - https://ror.org/04sgttv52,University of Beira Interior,https://ror.org/03nf36p02,https://ror.org/04sgttv52,Hospital Center of Cova da Beira,Related,Release
41490,https://github.com/ror-community/ror-updates/issues/41490,Modify the information in an existing ROR record: Centre Hospitalier Universitaire de Tivoli - https://ror.org/02zekek97,Centre Hospitalier Universitaire de Tivoli,https://ror.org/02zekek97,https://ror.org/01r9htc13,Université Libre de Bruxelles,Related,Production
41490,https://github.com/ror-community/ror-updates/issues/41490,Modify the information in an existing ROR record: Centre Hospitalier Universitaire de Tivoli - https://ror.org/02zekek97,Université Libre de Bruxelles,https://ror.org/01r9htc13,https://ror.org/02zekek97,Centre Hospitalier Universitaire de Tivoli,Related,Release
41491,https://github.com/ror-community/ror-updates/issues/41491,Modify the information in an existing ROR record: Institut pour la Recherche sur le Cancer de Lille - https://ror.org/01c8cwz57,Institut pour la Recherche sur le Cancer de Lille,https://ror.org/01c8cwz57,https://ror.org/02ppyfa04,Centre Hospitalier Universitaire de Lille,Related,Production
41491,https://github.com/ror-community/ror-updates/issues/41491,Modify the information in an existing ROR record: Institut pour la Recherche sur le Cancer de Lille - https://ror.org/01c8cwz57,Centre Hospitalier Universitaire de Lille,https://ror.org/02ppyfa04,https://ror.org/01c8cwz57,Institut pour la Recherche sur le Cancer de Lille,Related,Release
41491,https://github.com/ror-community/ror-updates/issues/41491,Modify the information in an existing ROR record: Institut pour la Recherche sur le Cancer de Lille - https://ror.org/01c8cwz57,Institut pour la Recherche sur le Cancer de Lille,https://ror.org/01c8cwz57,https://ror.org/03xfq7a50,Centre Oscar Lambret,Related,Production
41491,https://github.com/ror-community/ror-updates/issues/41491,Modify the information in an existing ROR record: Institut pour la Recherche sur le Cancer de Lille - https://ror.org/01c8cwz57,Centre Oscar Lambret,https://ror.org/03xfq7a50,https://ror.org/01c8cwz57,Institut pour la Recherche sur le Cancer de Lille,Related,Release
41492,https://github.com/ror-community/ror-updates/issues/41492,Modify the information in an existing ROR record: Institut National des Sciences Appliquées de Rennes - https://ror.org/04xaa4j22,Institut National des Sciences Appliquées de Rennes,https://ror.org/04xaa4j22,https://ror.org/015m7wh34,Université de Rennes,Parent,Production
41492,https://github.com/ror-community/ror-updates/issues/41492,Modify the information in an existing ROR record: Institut National des Sciences Appliquées de Rennes - https://ror.org/04xaa4j22,Université de Rennes,https://ror.org/015m7wh34,https://ror.org/04xaa4j22,Institut National des Sciences Appliquées de Rennes,Child,Release
41493,https://github.com/ror-community/ror-updates/issues/41493,Modify the information in an existing ROR record: Barnard College - https://ror.org/04rt94r53,Barnard College,https://ror.org/04rt94r53,https://ror.org/00hj8s172,Columbia University,Related,Production
41493,https://github.com/ror-community/ror-updates/issues/41493,Modify the information in an existing ROR record: Barnard College - https://ror.org/04rt94r53,Columbia University,https://ror.org/00hj8s172,https://ror.org/04rt94r53,Barnard College,Related,Release
41494,https://github.com/ror-community/ror-updates/issues/41494,Modify the information in an existing ROR record: Columbia University Irving Medical Center - https://ror.org/01esghr10,Columbia University Irving Medical Center,https://ror.org/01esghr10,https://ror.org/02c8hpe74,James J. Peters VA Medical Center,Related,Production
41494,https://github.com/ror-community/ror-updates/issues/41494,Modify the information in an existing ROR record: Columbia University Irving Medical Center - https://ror.org/01esghr10,James J. Peters VA Medical Center,https://ror.org/02c8hpe74,https://ror.org/01esghr10,Columbia University Irving Medical Center,Related,Release
41495,https://github.com/ror-community/ror-updates/issues/41495,Modify the information in an existing ROR record: Harborview Medical Center - https://ror.org/059jq5127,Harborview Medical Center,https://ror.org/059jq5127,https://ror.org/00wbzw723,University of Washington Medical Center,Parent,Production
41495,https://github.com/ror-community/ror-updates/issues/41495,Modify the information in an existing ROR record: Harborview Medical Center - https://ror.org/059jq5127,University of Washington Medical Center,https://ror.org/00wbzw723,https://ror.org/059jq5127,Harborview Medical Center,Child,Release
41496,https://github.com/ror-community/ror-updates/issues/41496,Modify the information in an existing ROR record: UW Health University Hospital - https://ror.org/02mqqhj42,UW Health University Hospital,https://ror.org/02mqqhj42,https://ror.org/01y2jtd41,University of Wisconsin–Madison,Parent,Production
41496,https://github.com/ror-community/ror-updates/issues/41496,Modify the information in an existing ROR record: UW Health University Hospital - https://ror.org/02mqqhj42,University of Wisconsin–Madison,https://ror.org/01y2jtd41,https://ror.org/02mqqhj42,UW Health University Hospital,Child,Release
41497,https://github.com/ror-community/ror-updates/issues/41497,Modify the information in an existing ROR record: UC San Diego Health System - https://ror.org/01kbfgm16,UC San Diego Health System,https://ror.org/01kbfgm16,https://ror.org/0168r3w48,University of California San Diego,Parent,Production
41497,https://github.com/ror-community/ror-updates/issues/41497,Modify the information in an existing ROR record: UC San Diego Health System - https://ror.org/01kbfgm16,University of California San Diego,https://ror.org/0168r3w48,https://ror.org/01kbfgm16,UC San Diego Health System,Child,Release
41498,https://github.com/ror-community/ror-updates/issues/41498,Modify the information in an existing ROR record: University of Florida Health - https://ror.org/04tk2gy88,University of Florida Health,https://ror.org/04tk2gy88,https://ror.org/02y3ad647,University of Florida,Parent,Production
41498,https://github.com/ror-community/ror-updates/issues/41498,Modify the information in an existing ROR record: University of Florida Health - https://ror.org/04tk2gy88,University of Florida,https://ror.org/02y3ad647,https://ror.org/04tk2gy88,University of Florida Health,Child,Release
41499,https://github.com/ror-community/ror-updates/issues/41499,Modify the information in an existing ROR record: Birmingham VA Medical Center - https://ror.org/0242qs713,Birmingham VA Medical Center,https://ror.org/0242qs713,https://ror.org/008s83205,University of Alabama at Birmingham,Related,Production
41499,https://github.com/ror-community/ror-updates/issues/41499,Modify the information in an existing ROR record: Birmingham VA Medical Center - https://ror.org/0242qs713,University of Alabama at Birmingham,https://ror.org/008s83205,https://ror.org/0242qs713,Birmingham VA Medical Center,Related,Release
41500,https://github.com/ror-community/ror-updates/issues/41500,Modify the information in an existing ROR record: Kansas City VA Medical Center - https://ror.org/050mdr969,Kansas City VA Medical Center,https://ror.org/050mdr969,https://ror.org/036c9yv20,University of Kansas Medical Center,Related,Production
41500,https://github.com/ror-community/ror-updates/issues/41500,Modify the information in an existing ROR record: Kansas City VA Medical Center - https://ror.org/050mdr969,University of Kansas Medical Center,https://ror.org/036c9yv20,https://ror.org/050mdr969,Kansas City VA Medical Center,Related,Release
41501,https://github.com/ror-community/ror-updates/issues/41501,Modify the information in an existing ROR record: Wuhan National Laboratory for Optoelectronics - https://ror.org/03c9ncn37,Wuhan National Laboratory for Optoelectronics,https://ror.org/03c9ncn37,https://ror.org/00p991c53,Huazhong University of Science and Technology,Related,Production
41501,https://github.com/ror-community/ror-updates/issues/41501,Modify the information in an existing ROR record: Wuhan National Laboratory for Optoelectronics - https://ror.org/03c9ncn37,Huazhong University of Science and Technology,https://ror.org/00p991c53,https://ror.org/03c9ncn37,Wuhan National Laboratory for Optoelectronics,Related,Release
41502,https://github.com/ror-community/ror-updates/issues/41502,Modify the information in an existing ROR record: Universitätsklinik Balgrist - https://ror.org/02yzaka98,Universitätsklinik Balgrist,https://ror.org/02yzaka98,https://ror.org/02crff812,University of Zurich,Related,Production
41502,https://github.com/ror-community/ror-updates/issues/41502,Modify the information in an existing ROR record: Universitätsklinik Balgrist - https://ror.org/02yzaka98,University of Zurich,https://ror.org/02crff812,https://ror.org/02yzaka98,Universitätsklinik Balgrist,Related,Release
41503,https://github.com/ror-community/ror-updates/issues/41503,Modify the information in an existing ROR record: Birmingham and Solihull Mental Health NHS Foundation Trust - https://ror.org/00cjeg736,Birmingham and Solihull Mental Health NHS Foundation Trust,https://ror.org/00cjeg736,https://ror.org/03angcq70,University of Birmingham,Related,Production
41503,https://github.com/ror-community/ror-updates/issues/41503,Modify the information in an existing ROR record: Birmingham and Solihull Mental Health NHS Foundation Trust - https://ror.org/00cjeg736,University of Birmingham,https://ror.org/03angcq70,https://ror.org/00cjeg736,Birmingham and Solihull Mental Health NHS Foundation Trust,Related,Release
41504,https://github.com/ror-community/ror-updates/issues/41504,Modify the information in an existing ROR record: University Hospital Plzen - https://ror.org/02c1tfz23,University Hospital Plzen,https://ror.org/02c1tfz23,https://ror.org/024d6js02,Charles University,Parent,Production
41504,https://github.com/ror-community/ror-updates/issues/41504,Modify the information in an existing ROR record: University Hospital Plzen - https://ror.org/02c1tfz23,Charles University,https://ror.org/024d6js02,https://ror.org/02c1tfz23,University Hospital Plzen,Child,Release
41505,https://github.com/ror-community/ror-updates/issues/41505,Modify the information in an existing ROR record: Fondazione IRCCS Ca' Granda Ospedale Maggiore Policlinico - https://ror.org/016zn0y21,Fondazione IRCCS Ca' Granda Ospedale Maggiore Policlinico,https://ror.org/016zn0y21,https://ror.org/00wjc7c48,University of Milan,Parent,Production
41505,https://github.com/ror-community/ror-updates/issues/41505,Modify the information in an existing ROR record: Fondazione IRCCS Ca' Granda Ospedale Maggiore Policlinico - https://ror.org/016zn0y21,University of Milan,https://ror.org/00wjc7c48,https://ror.org/016zn0y21,Fondazione IRCCS Ca' Granda Ospedale Maggiore Policlinico,Child,Release
41506,https://github.com/ror-community/ror-updates/issues/41506,Modify the information in an existing ROR record: Birmingham Women’s and Children’s NHS Foundation Trust - https://ror.org/056ajev02,Birmingham Women’s and Children’s NHS Foundation Trust,https://ror.org/056ajev02,https://ror.org/03angcq70,University of Birmingham,Related,Production
41506,https://github.com/ror-community/ror-updates/issues/41506,Modify the information in an existing ROR record: Birmingham Women’s and Children’s NHS Foundation Trust - https://ror.org/056ajev02,University of Birmingham,https://ror.org/03angcq70,https://ror.org/056ajev02,Birmingham Women’s and Children’s NHS Foundation Trust,Related,Release
41507,https://github.com/ror-community/ror-updates/issues/41507,Modify the information in an existing ROR record: Assistance Publique Hôpitaux de Marseille - https://ror.org/002cp4060,Assistance Publique Hôpitaux de Marseille,https://ror.org/002cp4060,https://ror.org/035xkbk20,Aix-Marseille Université,Parent,Production
41507,https://github.com/ror-community/ror-updates/issues/41507,Modify the information in an existing ROR record: Assistance Publique Hôpitaux de Marseille - https://ror.org/002cp4060,Aix-Marseille Université,https://ror.org/035xkbk20,https://ror.org/002cp4060,Assistance Publique Hôpitaux de Marseille,Child,Release
41508,https://github.com/ror-community/ror-updates/issues/41508,Modify the information in an existing ROR record: Greater Manchester Mental Health NHS Foundation Trust - https://ror.org/05sb89p83,Greater Manchester Mental Health NHS Foundation Trust,https://ror.org/05sb89p83,https://ror.org/027m9bs27,University of Manchester,Related,Production
41508,https://github.com/ror-community/ror-updates/issues/41508,Modify the information in an existing ROR record: Greater Manchester Mental Health NHS Foundation Trust - https://ror.org/05sb89p83,University of Manchester,https://ror.org/027m9bs27,https://ror.org/05sb89p83,Greater Manchester Mental Health NHS Foundation Trust,Related,Release
41509,https://github.com/ror-community/ror-updates/issues/41509,Modify the information in an existing ROR record: Uniwersytecki Szpital Dziecięcy - https://ror.org/009x1kj44,Uniwersytecki Szpital Dziecięcy,https://ror.org/009x1kj44,https://ror.org/03bqmcz70,Jagiellonian University,Parent,Production
41509,https://github.com/ror-community/ror-updates/issues/41509,Modify the information in an existing ROR record: Uniwersytecki Szpital Dziecięcy - https://ror.org/009x1kj44,Jagiellonian University,https://ror.org/03bqmcz70,https://ror.org/009x1kj44,Uniwersytecki Szpital Dziecięcy,Child,Release
41510,https://github.com/ror-community/ror-updates/issues/41510,Modify the information in an existing ROR record: Advocate Christ Medical Center - https://ror.org/04gw0wg65,Advocate Christ Medical Center,https://ror.org/04gw0wg65,https://ror.org/02mpq6x41,University of Illinois Chicago,Related,Production
41510,https://github.com/ror-community/ror-updates/issues/41510,Modify the information in an existing ROR record: Advocate Christ Medical Center - https://ror.org/04gw0wg65,University of Illinois Chicago,https://ror.org/02mpq6x41,https://ror.org/04gw0wg65,Advocate Christ Medical Center,Related,Release
41511,https://github.com/ror-community/ror-updates/issues/41511,Modify the information in an existing ROR record: Advocate Illinois Masonic Medical Center - https://ror.org/036vtmj33,Advocate Illinois Masonic Medical Center,https://ror.org/036vtmj33,https://ror.org/02mpq6x41,University of Illinois Chicago,Related,Production
41511,https://github.com/ror-community/ror-updates/issues/41511,Modify the information in an existing ROR record: Advocate Illinois Masonic Medical Center - https://ror.org/036vtmj33,University of Illinois Chicago,https://ror.org/02mpq6x41,https://ror.org/036vtmj33,Advocate Illinois Masonic Medical Center,Related,Release
41511,https://github.com/ror-community/ror-updates/issues/41511,Modify the information in an existing ROR record: Advocate Illinois Masonic Medical Center - https://ror.org/036vtmj33,Advocate Illinois Masonic Medical Center,https://ror.org/036vtmj33,https://ror.org/017zqws13,University of Minnesota,Related,Production
41511,https://github.com/ror-community/ror-updates/issues/41511,Modify the information in an existing ROR record: Advocate Illinois Masonic Medical Center - https://ror.org/036vtmj33,University of Minnesota,https://ror.org/017zqws13,https://ror.org/036vtmj33,Advocate Illinois Masonic Medical Center,Related,Release
41512,https://github.com/ror-community/ror-updates/issues/41512,Modify the information in an existing ROR record: Advocate Lutheran General Hospital - https://ror.org/04c8vnp90,Advocate Lutheran General Hospital,https://ror.org/04c8vnp90,https://ror.org/02mpq6x41,University of Illinois Chicago,Related,Production
41512,https://github.com/ror-community/ror-updates/issues/41512,Modify the information in an existing ROR record: Advocate Lutheran General Hospital - https://ror.org/04c8vnp90,University of Illinois Chicago,https://ror.org/02mpq6x41,https://ror.org/04c8vnp90,Advocate Lutheran General Hospital,Related,Release
41513,https://github.com/ror-community/ror-updates/issues/41513,Modify the information in an existing ROR record: Saint Luke's Hospital - https://ror.org/04k1cm432,Saint Luke's Hospital,https://ror.org/04k1cm432,https://ror.org/01w0d5g70,University of Missouri–Kansas City,Parent,Production
41513,https://github.com/ror-community/ror-updates/issues/41513,Modify the information in an existing ROR record: Saint Luke's Hospital - https://ror.org/04k1cm432,University of Missouri–Kansas City,https://ror.org/01w0d5g70,https://ror.org/04k1cm432,Saint Luke's Hospital,Child,Release
41514,https://github.com/ror-community/ror-updates/issues/41514,Modify the information in an existing ROR record: Boys Town National Research Hospital - https://ror.org/01q9r1072,Boys Town National Research Hospital,https://ror.org/01q9r1072,https://ror.org/00thqtb16,University of Nebraska Medical Center,Related,Production
41514,https://github.com/ror-community/ror-updates/issues/41514,Modify the information in an existing ROR record: Boys Town National Research Hospital - https://ror.org/01q9r1072,University of Nebraska Medical Center,https://ror.org/00thqtb16,https://ror.org/01q9r1072,Boys Town National Research Hospital,Related,Release
41515,https://github.com/ror-community/ror-updates/issues/41515,Modify the information in an existing ROR record: Oklahoma State University at Tulsa - https://ror.org/045zgf584,Oklahoma State University at Tulsa,https://ror.org/045zgf584,https://ror.org/01g9vbr38,Oklahoma State University,Parent,Production
41515,https://github.com/ror-community/ror-updates/issues/41515,Modify the information in an existing ROR record: Oklahoma State University at Tulsa - https://ror.org/045zgf584,Oklahoma State University,https://ror.org/01g9vbr38,https://ror.org/045zgf584,Oklahoma State University at Tulsa,Child,Release
41516,https://github.com/ror-community/ror-updates/issues/41516,Modify the information in an existing ROR record: Parkland Health & Hospital System - https://ror.org/04rt7ps04,Parkland Health & Hospital System,https://ror.org/04rt7ps04,https://ror.org/05byvp690,The University of Texas Southwestern Medical Center,Related,Production
41516,https://github.com/ror-community/ror-updates/issues/41516,Modify the information in an existing ROR record: Parkland Health & Hospital System - https://ror.org/04rt7ps04,The University of Texas Southwestern Medical Center,https://ror.org/05byvp690,https://ror.org/04rt7ps04,Parkland Health & Hospital System,Related,Release
41517,https://github.com/ror-community/ror-updates/issues/41517,Modify the information in an existing ROR record: Memorial Hermann–Texas Medical Center - https://ror.org/047225g28,Memorial Hermann–Texas Medical Center,https://ror.org/047225g28,https://ror.org/00dqsbj20,Texas Medical Center,Parent,Production
41517,https://github.com/ror-community/ror-updates/issues/41517,Modify the information in an existing ROR record: Memorial Hermann–Texas Medical Center - https://ror.org/047225g28,Texas Medical Center,https://ror.org/00dqsbj20,https://ror.org/047225g28,Memorial Hermann–Texas Medical Center,Child,Release
41517,https://github.com/ror-community/ror-updates/issues/41517,Modify the information in an existing ROR record: Memorial Hermann–Texas Medical Center - https://ror.org/047225g28,Memorial Hermann–Texas Medical Center,https://ror.org/047225g28,https://ror.org/03gds6c39,The University of Texas Health Science Center at Houston,Parent,Production
41517,https://github.com/ror-community/ror-updates/issues/41517,Modify the information in an existing ROR record: Memorial Hermann–Texas Medical Center - https://ror.org/047225g28,The University of Texas Health Science Center at Houston,https://ror.org/03gds6c39,https://ror.org/047225g28,Memorial Hermann–Texas Medical Center,Child,Release
41518,https://github.com/ror-community/ror-updates/issues/41518,Modify the information in an existing ROR record: Stony Brook Medicine - https://ror.org/01882y777,Stony Brook Medicine,https://ror.org/01882y777,https://ror.org/05qghxh33,Stony Brook University,Parent,Production
41518,https://github.com/ror-community/ror-updates/issues/41518,Modify the information in an existing ROR record: Stony Brook Medicine - https://ror.org/01882y777,Stony Brook University,https://ror.org/05qghxh33,https://ror.org/01882y777,Stony Brook Medicine,Child,Release
41519,https://github.com/ror-community/ror-updates/issues/41519,Modify the information in an existing ROR record: Institut Néel - https://ror.org/04dbzz632,Institut Néel,https://ror.org/04dbzz632,https://ror.org/05sbt2524,Institut polytechnique de Grenoble,Parent,Production
41519,https://github.com/ror-community/ror-updates/issues/41519,Modify the information in an existing ROR record: Institut Néel - https://ror.org/04dbzz632,Institut polytechnique de Grenoble,https://ror.org/05sbt2524,https://ror.org/04dbzz632,Institut Néel,Child,Release
41520,https://github.com/ror-community/ror-updates/issues/41520,Modify the information in an existing ROR record: Assistance Publique – Hôpitaux de Paris - https://ror.org/00pg5jh14,Assistance Publique – Hôpitaux de Paris,https://ror.org/00pg5jh14,https://ror.org/0199hds37,Université Sorbonne Paris Nord,Related,Production
41520,https://github.com/ror-community/ror-updates/issues/41520,Modify the information in an existing ROR record: Assistance Publique – Hôpitaux de Paris - https://ror.org/00pg5jh14,Université Sorbonne Paris Nord,https://ror.org/0199hds37,https://ror.org/00pg5jh14,Assistance Publique – Hôpitaux de Paris,Related,Release
41521,https://github.com/ror-community/ror-updates/issues/41521,Modify the information in an existing ROR record: Hôpital Sainte-Périne - https://ror.org/03h9w0610,Hôpital Sainte-Périne,https://ror.org/03h9w0610,https://ror.org/03mkjjy25,Université de Versailles Saint-Quentin-en-Yvelines,Related,Production
41521,https://github.com/ror-community/ror-updates/issues/41521,Modify the information in an existing ROR record: Hôpital Sainte-Périne - https://ror.org/03h9w0610,Université de Versailles Saint-Quentin-en-Yvelines,https://ror.org/03mkjjy25,https://ror.org/03h9w0610,Hôpital Sainte-Périne,Related,Release
41522,https://github.com/ror-community/ror-updates/issues/41522,Modify the information in an existing ROR record: Institut universitaire du cancer de Toulouse Oncopole - https://ror.org/014hxhm89,Institut universitaire du cancer de Toulouse Oncopole,https://ror.org/014hxhm89,https://ror.org/017h5q109,Centre Hospitalier Universitaire de Toulouse,Parent,Production
41522,https://github.com/ror-community/ror-updates/issues/41522,Modify the information in an existing ROR record: Institut universitaire du cancer de Toulouse Oncopole - https://ror.org/014hxhm89,Centre Hospitalier Universitaire de Toulouse,https://ror.org/017h5q109,https://ror.org/014hxhm89,Institut universitaire du cancer de Toulouse Oncopole,Child,Release
41522,https://github.com/ror-community/ror-updates/issues/41522,Modify the information in an existing ROR record: Institut universitaire du cancer de Toulouse Oncopole - https://ror.org/014hxhm89,Institut universitaire du cancer de Toulouse Oncopole,https://ror.org/014hxhm89,https://ror.org/03pa87f90,Institut Claudius Regaud,Parent,Production
41522,https://github.com/ror-community/ror-updates/issues/41522,Modify the information in an existing ROR record: Institut universitaire du cancer de Toulouse Oncopole - https://ror.org/014hxhm89,Institut Claudius Regaud,https://ror.org/03pa87f90,https://ror.org/014hxhm89,Institut universitaire du cancer de Toulouse Oncopole,Child,Release
41523,https://github.com/ror-community/ror-updates/issues/41523,Modify the information in an existing ROR record: Hôpital Albert Calmette - https://ror.org/00w81q081,Hôpital Albert Calmette,https://ror.org/00w81q081,https://ror.org/02ppyfa04,Centre Hospitalier Universitaire de Lille,Parent,Production
41523,https://github.com/ror-community/ror-updates/issues/41523,Modify the information in an existing ROR record: Hôpital Albert Calmette - https://ror.org/00w81q081,Centre Hospitalier Universitaire de Lille,https://ror.org/02ppyfa04,https://ror.org/00w81q081,Hôpital Albert Calmette,Child,Release
41524,https://github.com/ror-community/ror-updates/issues/41524,Modify the information in an existing ROR record: Université Paris Cité - https://ror.org/05f82e368,Université Paris Cité,https://ror.org/05f82e368,https://ror.org/03b4d6f26,Université Paris Lumières,Parent,Production
41524,https://github.com/ror-community/ror-updates/issues/41524,Modify the information in an existing ROR record: Université Paris Cité - https://ror.org/05f82e368,Université Paris Lumières,https://ror.org/03b4d6f26,https://ror.org/05f82e368,Université Paris Cité,Child,Release
41525,https://github.com/ror-community/ror-updates/issues/41525,Modify the information in an existing ROR record: Hôpital André Mignot - https://ror.org/02r29r389,Hôpital André Mignot,https://ror.org/02r29r389,https://ror.org/03mkjjy25,Université de Versailles Saint-Quentin-en-Yvelines,Related,Production
41525,https://github.com/ror-community/ror-updates/issues/41525,Modify the information in an existing ROR record: Hôpital André Mignot - https://ror.org/02r29r389,Université de Versailles Saint-Quentin-en-Yvelines,https://ror.org/03mkjjy25,https://ror.org/02r29r389,Hôpital André Mignot,Related,Release
41526,https://github.com/ror-community/ror-updates/issues/41526,Modify the information in an existing ROR record: Centre Hospitalier Intercommunal de Poissy - https://ror.org/015qy8r18,Centre Hospitalier Intercommunal de Poissy,https://ror.org/015qy8r18,https://ror.org/03mkjjy25,Université de Versailles Saint-Quentin-en-Yvelines,Related,Production
41526,https://github.com/ror-community/ror-updates/issues/41526,Modify the information in an existing ROR record: Centre Hospitalier Intercommunal de Poissy - https://ror.org/015qy8r18,Université de Versailles Saint-Quentin-en-Yvelines,https://ror.org/03mkjjy25,https://ror.org/015qy8r18,Centre Hospitalier Intercommunal de Poissy,Related,Release
41527,https://github.com/ror-community/ror-updates/issues/41527,Modify the information in an existing ROR record: Hôpital Foch - https://ror.org/058td2q88,Hôpital Foch,https://ror.org/058td2q88,https://ror.org/03mkjjy25,Université de Versailles Saint-Quentin-en-Yvelines,Related,Production
41527,https://github.com/ror-community/ror-updates/issues/41527,Modify the information in an existing ROR record: Hôpital Foch - https://ror.org/058td2q88,Université de Versailles Saint-Quentin-en-Yvelines,https://ror.org/03mkjjy25,https://ror.org/058td2q88,Hôpital Foch,Related,Release
41528,https://github.com/ror-community/ror-updates/issues/41528,Modify the information in an existing ROR record: Hôpital Ambroise-Paré - https://ror.org/03j6rvb05,Hôpital Ambroise-Paré,https://ror.org/03j6rvb05,https://ror.org/03mkjjy25,Université de Versailles Saint-Quentin-en-Yvelines,Related,Production
41528,https://github.com/ror-community/ror-updates/issues/41528,Modify the information in an existing ROR record: Hôpital Ambroise-Paré - https://ror.org/03j6rvb05,Université de Versailles Saint-Quentin-en-Yvelines,https://ror.org/03mkjjy25,https://ror.org/03j6rvb05,Hôpital Ambroise-Paré,Related,Release
41529,https://github.com/ror-community/ror-updates/issues/41529,Modify the information in an existing ROR record: Université Paris Lumières - https://ror.org/03b4d6f26,Université Paris Lumières,https://ror.org/03b4d6f26,https://ror.org/04wez5e68,Université Paris 8,Parent,Production
41529,https://github.com/ror-community/ror-updates/issues/41529,Modify the information in an existing ROR record: Université Paris Lumières - https://ror.org/03b4d6f26,Université Paris 8,https://ror.org/04wez5e68,https://ror.org/03b4d6f26,Université Paris Lumières,Child,Release
41529,https://github.com/ror-community/ror-updates/issues/41529,Modify the information in an existing ROR record: Université Paris Lumières - https://ror.org/03b4d6f26,Université Paris Lumières,https://ror.org/03b4d6f26,https://ror.org/013bkhk48,Université Paris Nanterre,Parent,Production
41529,https://github.com/ror-community/ror-updates/issues/41529,Modify the information in an existing ROR record: Université Paris Lumières - https://ror.org/03b4d6f26,Université Paris Nanterre,https://ror.org/013bkhk48,https://ror.org/03b4d6f26,Université Paris Lumières,Child,Release
41530,https://github.com/ror-community/ror-updates/issues/41530,Modify the information in an existing ROR record: Hôpital Gui de Chauliac - https://ror.org/02w35z347,Hôpital Gui de Chauliac,https://ror.org/02w35z347,https://ror.org/00mthsf17,Centre Hospitalier Universitaire de Montpellier,Parent,Production
41530,https://github.com/ror-community/ror-updates/issues/41530,Modify the information in an existing ROR record: Hôpital Gui de Chauliac - https://ror.org/02w35z347,Centre Hospitalier Universitaire de Montpellier,https://ror.org/00mthsf17,https://ror.org/02w35z347,Hôpital Gui de Chauliac,Child,Release
41531,https://github.com/ror-community/ror-updates/issues/41531,Modify the information in an existing ROR record: Centre Eugène Marquis - https://ror.org/01yezas83,Centre Eugène Marquis,https://ror.org/01yezas83,https://ror.org/05qec5a53,Centre Hospitalier Universitaire de Rennes,Related,Production
41531,https://github.com/ror-community/ror-updates/issues/41531,Modify the information in an existing ROR record: Centre Eugène Marquis - https://ror.org/01yezas83,Centre Hospitalier Universitaire de Rennes,https://ror.org/05qec5a53,https://ror.org/01yezas83,Centre Eugène Marquis,Related,Release
41532,https://github.com/ror-community/ror-updates/issues/41532,Modify the information in an existing ROR record: Centre Henri Becquerel - https://ror.org/00whhby07,Centre Henri Becquerel,https://ror.org/00whhby07,https://ror.org/04cdk4t75,Centre Hospitalier Universitaire de Rouen,Related,Production
41532,https://github.com/ror-community/ror-updates/issues/41532,Modify the information in an existing ROR record: Centre Henri Becquerel - https://ror.org/00whhby07,Centre Hospitalier Universitaire de Rouen,https://ror.org/04cdk4t75,https://ror.org/00whhby07,Centre Henri Becquerel,Related,Release
41533,https://github.com/ror-community/ror-updates/issues/41533,Modify the information in an existing ROR record: Institut Claudius Regaud - https://ror.org/03pa87f90,Institut Claudius Regaud,https://ror.org/03pa87f90,https://ror.org/02v6kpv12,Université Toulouse III - Paul Sabatier,Related,Production
41533,https://github.com/ror-community/ror-updates/issues/41533,Modify the information in an existing ROR record: Institut Claudius Regaud - https://ror.org/03pa87f90,Université Toulouse III - Paul Sabatier,https://ror.org/02v6kpv12,https://ror.org/03pa87f90,Institut Claudius Regaud,Related,Release
41534,https://github.com/ror-community/ror-updates/issues/41534,Modify the information in an existing ROR record: Centrale Lille Institut - https://ror.org/01x441g73,Centrale Lille Institut,https://ror.org/01x441g73,https://ror.org/02kzqn938,Université de Lille,Related,Production
41534,https://github.com/ror-community/ror-updates/issues/41534,Modify the information in an existing ROR record: Centrale Lille Institut - https://ror.org/01x441g73,Université de Lille,https://ror.org/02kzqn938,https://ror.org/01x441g73,Centrale Lille Institut,Related,Release
41535,https://github.com/ror-community/ror-updates/issues/41535,Modify the information in an existing ROR record: Institut d'Economie Scientifique Et de Gestion - https://ror.org/04jqeag92,Institut d'Economie Scientifique Et de Gestion,https://ror.org/04jqeag92,https://ror.org/025s1b152,Université Catholique de Lille,Parent,Production
41535,https://github.com/ror-community/ror-updates/issues/41535,Modify the information in an existing ROR record: Institut d'Economie Scientifique Et de Gestion - https://ror.org/04jqeag92,Université Catholique de Lille,https://ror.org/025s1b152,https://ror.org/04jqeag92,Institut d'Economie Scientifique Et de Gestion,Child,Release
41536,https://github.com/ror-community/ror-updates/issues/41536,Modify the information in an existing ROR record: Université Gustave Eiffel - https://ror.org/03x42jk29,Université Gustave Eiffel,https://ror.org/03x42jk29,https://ror.org/0268ecp52,Paris-Est Sup,Parent,Production
41536,https://github.com/ror-community/ror-updates/issues/41536,Modify the information in an existing ROR record: Université Gustave Eiffel - https://ror.org/03x42jk29,Paris-Est Sup,https://ror.org/0268ecp52,https://ror.org/03x42jk29,Université Gustave Eiffel,Child,Release
41537,https://github.com/ror-community/ror-updates/issues/41537,Modify the information in an existing ROR record: École Nationale Vétérinaire d'Alfort - https://ror.org/04k031t90,École Nationale Vétérinaire d'Alfort,https://ror.org/04k031t90,https://ror.org/0268ecp52,Paris-Est Sup,Parent,Production
41537,https://github.com/ror-community/ror-updates/issues/41537,Modify the information in an existing ROR record: École Nationale Vétérinaire d'Alfort - https://ror.org/04k031t90,Paris-Est Sup,https://ror.org/0268ecp52,https://ror.org/04k031t90,École Nationale Vétérinaire d'Alfort,Child,Release
41538,https://github.com/ror-community/ror-updates/issues/41538,Modify the information in an existing ROR record: Hospital Universitari i Politècnic La Fe - https://ror.org/01ar2v535,Hospital Universitari i Politècnic La Fe,https://ror.org/01ar2v535,https://ror.org/043nxc105,Universitat de València,Related,Production
41538,https://github.com/ror-community/ror-updates/issues/41538,Modify the information in an existing ROR record: Hospital Universitari i Politècnic La Fe - https://ror.org/01ar2v535,Universitat de València,https://ror.org/043nxc105,https://ror.org/01ar2v535,Hospital Universitari i Politècnic La Fe,Related,Release
41538,https://github.com/ror-community/ror-updates/issues/41538,Modify the information in an existing ROR record: Hospital Universitari i Politècnic La Fe - https://ror.org/01ar2v535,Hospital Universitari i Politècnic La Fe,https://ror.org/01ar2v535,https://ror.org/01460j859,Universitat Politècnica de València,Related,Production
41538,https://github.com/ror-community/ror-updates/issues/41538,Modify the information in an existing ROR record: Hospital Universitari i Politècnic La Fe - https://ror.org/01ar2v535,Universitat Politècnica de València,https://ror.org/01460j859,https://ror.org/01ar2v535,Hospital Universitari i Politècnic La Fe,Related,Release
41539,https://github.com/ror-community/ror-updates/issues/41539,Modify the information in an existing ROR record: Hospital General Universitario De Valencia - https://ror.org/03sz8rb35,Hospital General Universitario De Valencia,https://ror.org/03sz8rb35,https://ror.org/043nxc105,Universitat de València,Related,Production
41539,https://github.com/ror-community/ror-updates/issues/41539,Modify the information in an existing ROR record: Hospital General Universitario De Valencia - https://ror.org/03sz8rb35,Universitat de València,https://ror.org/043nxc105,https://ror.org/03sz8rb35,Hospital General Universitario De Valencia,Related,Release
41540,https://github.com/ror-community/ror-updates/issues/41540,Modify the information in an existing ROR record: Donostiako Unibertsitate Ospitalea - https://ror.org/04fkwzm96,Donostiako Unibertsitate Ospitalea,https://ror.org/04fkwzm96,https://ror.org/000xsnr85,University of the Basque Country,Parent,Production
41540,https://github.com/ror-community/ror-updates/issues/41540,Modify the information in an existing ROR record: Donostiako Unibertsitate Ospitalea - https://ror.org/04fkwzm96,University of the Basque Country,https://ror.org/000xsnr85,https://ror.org/04fkwzm96,Donostiako Unibertsitate Ospitalea,Child,Release
41541,https://github.com/ror-community/ror-updates/issues/41541,Modify the information in an existing ROR record: Hospital Regional Universitario de Málaga - https://ror.org/01mqsmm97,Hospital Regional Universitario de Málaga,https://ror.org/01mqsmm97,https://ror.org/036b2ww28,Universidad de Málaga,Related,Production
41541,https://github.com/ror-community/ror-updates/issues/41541,Modify the information in an existing ROR record: Hospital Regional Universitario de Málaga - https://ror.org/01mqsmm97,Universidad de Málaga,https://ror.org/036b2ww28,https://ror.org/01mqsmm97,Hospital Regional Universitario de Málaga,Related,Release
41542,https://github.com/ror-community/ror-updates/issues/41542,Modify the information in an existing ROR record: Ospedale San Paolo - https://ror.org/0026m8b31,Ospedale San Paolo,https://ror.org/0026m8b31,https://ror.org/00wjc7c48,University of Milan,Parent,Production
41542,https://github.com/ror-community/ror-updates/issues/41542,Modify the information in an existing ROR record: Ospedale San Paolo - https://ror.org/0026m8b31,University of Milan,https://ror.org/00wjc7c48,https://ror.org/0026m8b31,Ospedale San Paolo,Child,Release
41543,https://github.com/ror-community/ror-updates/issues/41543,Modify the information in an existing ROR record: Laboratoire de Chimie de Coordination - https://ror.org/01rtzw447,Laboratoire de Chimie de Coordination,https://ror.org/01rtzw447,https://ror.org/02v6kpv12,Université Toulouse III - Paul Sabatier,Parent,Production
41543,https://github.com/ror-community/ror-updates/issues/41543,Modify the information in an existing ROR record: Laboratoire de Chimie de Coordination - https://ror.org/01rtzw447,Université Toulouse III - Paul Sabatier,https://ror.org/02v6kpv12,https://ror.org/01rtzw447,Laboratoire de Chimie de Coordination,Child,Release
41544,https://github.com/ror-community/ror-updates/issues/41544,Modify the information in an existing ROR record: Laboratoire d'Enzymologie et Biochimie Structurales - https://ror.org/00j1y9t40,Laboratoire d'Enzymologie et Biochimie Structurales,https://ror.org/00j1y9t40,https://ror.org/03xjwb503,Université Paris-Saclay,Parent,Production
41544,https://github.com/ror-community/ror-updates/issues/41544,Modify the information in an existing ROR record: Laboratoire d'Enzymologie et Biochimie Structurales - https://ror.org/00j1y9t40,Université Paris-Saclay,https://ror.org/03xjwb503,https://ror.org/00j1y9t40,Laboratoire d'Enzymologie et Biochimie Structurales,Child,Release
41545,https://github.com/ror-community/ror-updates/issues/41545,"Modify the information in an existing ROR record: Institut d'Electronique, de Microélectronique et de Nanotechnologie - https://ror.org/02q4res37","Institut d'Electronique, de Microélectronique et de Nanotechnologie",https://ror.org/02q4res37,https://ror.org/00190j002,Réseau sur le Stockage Electrochimique de l'énergie,Related,Production
41545,https://github.com/ror-community/ror-updates/issues/41545,"Modify the information in an existing ROR record: Institut d'Electronique, de Microélectronique et de Nanotechnologie - https://ror.org/02q4res37",Réseau sur le Stockage Electrochimique de l'énergie,https://ror.org/00190j002,https://ror.org/02q4res37,"Institut d'Electronique, de Microélectronique et de Nanotechnologie",Related,Release
41546,https://github.com/ror-community/ror-updates/issues/41546,"Modify the information in an existing ROR record: Institut des Matériaux, de Microélectronique et des Nanosciences de Provence - https://ror.org/0238zyh04","Institut des Matériaux, de Microélectronique et des Nanosciences de Provence",https://ror.org/0238zyh04,https://ror.org/02vwykf33,ISEN Méditerranée,Parent,Production
41546,https://github.com/ror-community/ror-updates/issues/41546,"Modify the information in an existing ROR record: Institut des Matériaux, de Microélectronique et des Nanosciences de Provence - https://ror.org/0238zyh04",ISEN Méditerranée,https://ror.org/02vwykf33,https://ror.org/0238zyh04,"Institut des Matériaux, de Microélectronique et des Nanosciences de Provence",Child,Release
41547,https://github.com/ror-community/ror-updates/issues/41547,Modify the information in an existing ROR record: École Supérieure des Sciences Économiques et Commerciales - https://ror.org/02dga6j42,École Supérieure des Sciences Économiques et Commerciales,https://ror.org/02dga6j42,https://ror.org/043htjv09,CY Cergy Paris Université,Related,Production
41547,https://github.com/ror-community/ror-updates/issues/41547,Modify the information in an existing ROR record: École Supérieure des Sciences Économiques et Commerciales - https://ror.org/02dga6j42,CY Cergy Paris Université,https://ror.org/043htjv09,https://ror.org/02dga6j42,École Supérieure des Sciences Économiques et Commerciales,Related,Release
41548,https://github.com/ror-community/ror-updates/issues/41548,Modify the information in an existing ROR record: Anhanguera-Uniderp University - https://ror.org/00hbwk525,Anhanguera-Uniderp University,https://ror.org/00hbwk525,https://ror.org/03pxqf194,Centro Universitário Anhanguera,Parent,Production
41548,https://github.com/ror-community/ror-updates/issues/41548,Modify the information in an existing ROR record: Anhanguera-Uniderp University - https://ror.org/00hbwk525,Centro Universitário Anhanguera,https://ror.org/03pxqf194,https://ror.org/00hbwk525,Anhanguera-Uniderp University,Child,Release
41549,https://github.com/ror-community/ror-updates/issues/41549,Modify the information in an existing ROR record: Universidade Norte do Paraná - https://ror.org/00vvm7f23,Universidade Norte do Paraná,https://ror.org/00vvm7f23,https://ror.org/03pxqf194,Centro Universitário Anhanguera,Parent,Production
41549,https://github.com/ror-community/ror-updates/issues/41549,Modify the information in an existing ROR record: Universidade Norte do Paraná - https://ror.org/00vvm7f23,Centro Universitário Anhanguera,https://ror.org/03pxqf194,https://ror.org/00vvm7f23,Universidade Norte do Paraná,Child,Release
41550,https://github.com/ror-community/ror-updates/issues/41550,Modify the information in an existing ROR record: Alfred Health - https://ror.org/04scfb908,Alfred Health,https://ror.org/04scfb908,https://ror.org/02bfwt286,Monash University,Related,Production
41550,https://github.com/ror-community/ror-updates/issues/41550,Modify the information in an existing ROR record: Alfred Health - https://ror.org/04scfb908,Monash University,https://ror.org/02bfwt286,https://ror.org/04scfb908,Alfred Health,Related,Release
41551,https://github.com/ror-community/ror-updates/issues/41551,Modify the information in an existing ROR record: Fondation Ophtalmologique Adolphe de Rothschild - https://ror.org/02mdxv534,Fondation Ophtalmologique Adolphe de Rothschild,https://ror.org/02mdxv534,https://ror.org/05f82e368,Université Paris Cité,Related,Production
41551,https://github.com/ror-community/ror-updates/issues/41551,Modify the information in an existing ROR record: Fondation Ophtalmologique Adolphe de Rothschild - https://ror.org/02mdxv534,Université Paris Cité,https://ror.org/05f82e368,https://ror.org/02mdxv534,Fondation Ophtalmologique Adolphe de Rothschild,Related,Release
41552,https://github.com/ror-community/ror-updates/issues/41552,Modify the information in an existing ROR record: Institut Gustave Roussy - https://ror.org/0321g0743,Institut Gustave Roussy,https://ror.org/0321g0743,https://ror.org/03xjwb503,Université Paris-Saclay,Related,Production
41552,https://github.com/ror-community/ror-updates/issues/41552,Modify the information in an existing ROR record: Institut Gustave Roussy - https://ror.org/0321g0743,Université Paris-Saclay,https://ror.org/03xjwb503,https://ror.org/0321g0743,Institut Gustave Roussy,Related,Release
41553,https://github.com/ror-community/ror-updates/issues/41553,Modify the information in an existing ROR record: Institut de Physique Théorique - https://ror.org/058rvd314,Institut de Physique Théorique,https://ror.org/058rvd314,https://ror.org/03xjwb503,Université Paris-Saclay,Related,Production
41553,https://github.com/ror-community/ror-updates/issues/41553,Modify the information in an existing ROR record: Institut de Physique Théorique - https://ror.org/058rvd314,Université Paris-Saclay,https://ror.org/03xjwb503,https://ror.org/058rvd314,Institut de Physique Théorique,Related,Release
41554,https://github.com/ror-community/ror-updates/issues/41554,Modify the information in an existing ROR record: Institut de Recherche sur les Lois Fondamentales de l'Univers - https://ror.org/05k705z76,Institut de Recherche sur les Lois Fondamentales de l'Univers,https://ror.org/05k705z76,https://ror.org/03xjwb503,Université Paris-Saclay,Related,Production
41554,https://github.com/ror-community/ror-updates/issues/41554,Modify the information in an existing ROR record: Institut de Recherche sur les Lois Fondamentales de l'Univers - https://ror.org/05k705z76,Université Paris-Saclay,https://ror.org/03xjwb503,https://ror.org/05k705z76,Institut de Recherche sur les Lois Fondamentales de l'Univers,Related,Release
41555,https://github.com/ror-community/ror-updates/issues/41555,Modify the information in an existing ROR record: Institut Curie - https://ror.org/04t0gwh46,Institut Curie,https://ror.org/04t0gwh46,https://ror.org/013cjyk83,Université Paris Sciences et Lettres,Related,Production
41555,https://github.com/ror-community/ror-updates/issues/41555,Modify the information in an existing ROR record: Institut Curie - https://ror.org/04t0gwh46,Université Paris Sciences et Lettres,https://ror.org/013cjyk83,https://ror.org/04t0gwh46,Institut Curie,Related,Release
41556,https://github.com/ror-community/ror-updates/issues/41556,Modify the information in an existing ROR record: Centre Antoine Lacassagne - https://ror.org/05hmfw828,Centre Antoine Lacassagne,https://ror.org/05hmfw828,https://ror.org/019tgvf94,Université Côte d'Azur,Related,Production
41556,https://github.com/ror-community/ror-updates/issues/41556,Modify the information in an existing ROR record: Centre Antoine Lacassagne - https://ror.org/05hmfw828,Université Côte d'Azur,https://ror.org/019tgvf94,https://ror.org/05hmfw828,Centre Antoine Lacassagne,Related,Release
41557,https://github.com/ror-community/ror-updates/issues/41557,Modify the information in an existing ROR record: Institut de Chimie de la Matière Condensée de Bordeaux - https://ror.org/01nw6qk38,Institut de Chimie de la Matière Condensée de Bordeaux,https://ror.org/01nw6qk38,https://ror.org/00190j002,Réseau sur le Stockage Electrochimique de l'énergie,Related,Production
41557,https://github.com/ror-community/ror-updates/issues/41557,Modify the information in an existing ROR record: Institut de Chimie de la Matière Condensée de Bordeaux - https://ror.org/01nw6qk38,Réseau sur le Stockage Electrochimique de l'énergie,https://ror.org/00190j002,https://ror.org/01nw6qk38,Institut de Chimie de la Matière Condensée de Bordeaux,Related,Release
41558,https://github.com/ror-community/ror-updates/issues/41558,Modify the information in an existing ROR record: Institut de Recherche de Chimie Paris - https://ror.org/02s6m8n84,Institut de Recherche de Chimie Paris,https://ror.org/02s6m8n84,https://ror.org/00190j002,Réseau sur le Stockage Electrochimique de l'énergie,Related,Production
41558,https://github.com/ror-community/ror-updates/issues/41558,Modify the information in an existing ROR record: Institut de Recherche de Chimie Paris - https://ror.org/02s6m8n84,Réseau sur le Stockage Electrochimique de l'énergie,https://ror.org/00190j002,https://ror.org/02s6m8n84,Institut de Recherche de Chimie Paris,Related,Release
41559,https://github.com/ror-community/ror-updates/issues/41559,Modify the information in an existing ROR record: Institut Charles Sadron - https://ror.org/05whrjc31,Institut Charles Sadron,https://ror.org/05whrjc31,https://ror.org/001nta019,Institut National des Sciences Appliquées de Strasbourg,Parent,Production
41559,https://github.com/ror-community/ror-updates/issues/41559,Modify the information in an existing ROR record: Institut Charles Sadron - https://ror.org/05whrjc31,Institut National des Sciences Appliquées de Strasbourg,https://ror.org/001nta019,https://ror.org/05whrjc31,Institut Charles Sadron,Child,Release
41560,https://github.com/ror-community/ror-updates/issues/41560,Modify the information in an existing ROR record: Center for Infection and Immunity of Lille - https://ror.org/00dyt5s15,Center for Infection and Immunity of Lille,https://ror.org/00dyt5s15,https://ror.org/02vjkv261,Inserm,Parent,Production
41560,https://github.com/ror-community/ror-updates/issues/41560,Modify the information in an existing ROR record: Center for Infection and Immunity of Lille - https://ror.org/00dyt5s15,Inserm,https://ror.org/02vjkv261,https://ror.org/00dyt5s15,Center for Infection and Immunity of Lille,Child,Release
41561,https://github.com/ror-community/ror-updates/issues/41561,Modify the information in an existing ROR record: Lille Inflammation Research International Center - https://ror.org/03c3m6m66,Lille Inflammation Research International Center,https://ror.org/03c3m6m66,https://ror.org/02vjkv261,Inserm,Parent,Production
41561,https://github.com/ror-community/ror-updates/issues/41561,Modify the information in an existing ROR record: Lille Inflammation Research International Center - https://ror.org/03c3m6m66,Inserm,https://ror.org/02vjkv261,https://ror.org/03c3m6m66,Lille Inflammation Research International Center,Child,Release
41562,https://github.com/ror-community/ror-updates/issues/41562,Modify the information in an existing ROR record: Institut de Chimie Radicalaire - https://ror.org/000d5zy28,Institut de Chimie Radicalaire,https://ror.org/000d5zy28,https://ror.org/00190j002,Réseau sur le Stockage Electrochimique de l'énergie,Related,Production
41562,https://github.com/ror-community/ror-updates/issues/41562,Modify the information in an existing ROR record: Institut de Chimie Radicalaire - https://ror.org/000d5zy28,Réseau sur le Stockage Electrochimique de l'énergie,https://ror.org/00190j002,https://ror.org/000d5zy28,Institut de Chimie Radicalaire,Related,Release
41563,https://github.com/ror-community/ror-updates/issues/41563,Modify the information in an existing ROR record: Méditerranée Infection Foundation - https://ror.org/0068ff141,Méditerranée Infection Foundation,https://ror.org/0068ff141,https://ror.org/002cp4060,Assistance Publique Hôpitaux de Marseille,Parent,Production
41563,https://github.com/ror-community/ror-updates/issues/41563,Modify the information in an existing ROR record: Méditerranée Infection Foundation - https://ror.org/0068ff141,Assistance Publique Hôpitaux de Marseille,https://ror.org/002cp4060,https://ror.org/0068ff141,Méditerranée Infection Foundation,Child,Release
41563,https://github.com/ror-community/ror-updates/issues/41563,Modify the information in an existing ROR record: Méditerranée Infection Foundation - https://ror.org/0068ff141,Méditerranée Infection Foundation,https://ror.org/0068ff141,https://ror.org/035xkbk20,Aix-Marseille Université,Parent,Production
41563,https://github.com/ror-community/ror-updates/issues/41563,Modify the information in an existing ROR record: Méditerranée Infection Foundation - https://ror.org/0068ff141,Aix-Marseille Université,https://ror.org/035xkbk20,https://ror.org/0068ff141,Méditerranée Infection Foundation,Child,Release
41564,https://github.com/ror-community/ror-updates/issues/41564,Modify the information in an existing ROR record: Centre Interuniversitaire de Recherche et d’Ingénierie des Matériaux - https://ror.org/03xhggy77,Centre Interuniversitaire de Recherche et d’Ingénierie des Matériaux,https://ror.org/03xhggy77,https://ror.org/00190j002,Réseau sur le Stockage Electrochimique de l'énergie,Related,Production
41564,https://github.com/ror-community/ror-updates/issues/41564,Modify the information in an existing ROR record: Centre Interuniversitaire de Recherche et d’Ingénierie des Matériaux - https://ror.org/03xhggy77,Réseau sur le Stockage Electrochimique de l'énergie,https://ror.org/00190j002,https://ror.org/03xhggy77,Centre Interuniversitaire de Recherche et d’Ingénierie des Matériaux,Related,Release
41565,https://github.com/ror-community/ror-updates/issues/41565,Modify the information in an existing ROR record: Institut des Maladies Neurodégénératives - https://ror.org/001695n52,Institut des Maladies Neurodégénératives,https://ror.org/001695n52,https://ror.org/01hq89f96,Centre Hospitalier Universitaire de Bordeaux,Parent,Production
41565,https://github.com/ror-community/ror-updates/issues/41565,Modify the information in an existing ROR record: Institut des Maladies Neurodégénératives - https://ror.org/001695n52,Centre Hospitalier Universitaire de Bordeaux,https://ror.org/01hq89f96,https://ror.org/001695n52,Institut des Maladies Neurodégénératives,Child,Release
41565,https://github.com/ror-community/ror-updates/issues/41565,Modify the information in an existing ROR record: Institut des Maladies Neurodégénératives - https://ror.org/001695n52,Institut des Maladies Neurodégénératives,https://ror.org/001695n52,https://ror.org/02vjkv261,Inserm,Parent,Production
41565,https://github.com/ror-community/ror-updates/issues/41565,Modify the information in an existing ROR record: Institut des Maladies Neurodégénératives - https://ror.org/001695n52,Inserm,https://ror.org/02vjkv261,https://ror.org/001695n52,Institut des Maladies Neurodégénératives,Child,Release
41566,https://github.com/ror-community/ror-updates/issues/41566,Modify the information in an existing ROR record: National University Hospital - https://ror.org/04fp9fm22,National University Hospital,https://ror.org/04fp9fm22,https://ror.org/05tjjsh18,National University Health System,Parent,Production
41566,https://github.com/ror-community/ror-updates/issues/41566,Modify the information in an existing ROR record: National University Hospital - https://ror.org/04fp9fm22,National University Health System,https://ror.org/05tjjsh18,https://ror.org/04fp9fm22,National University Hospital,Child,Release
41567,https://github.com/ror-community/ror-updates/issues/41567,Modify the information in an existing ROR record: Ng Teng Fong General Hospital - https://ror.org/055vk7b41,Ng Teng Fong General Hospital,https://ror.org/055vk7b41,https://ror.org/05tjjsh18,National University Health System,Parent,Production
41567,https://github.com/ror-community/ror-updates/issues/41567,Modify the information in an existing ROR record: Ng Teng Fong General Hospital - https://ror.org/055vk7b41,National University Health System,https://ror.org/05tjjsh18,https://ror.org/055vk7b41,Ng Teng Fong General Hospital,Child,Release
41568,https://github.com/ror-community/ror-updates/issues/41568,Modify the information in an existing ROR record: Institute of Cell Biology and Immunology Thurgau - https://ror.org/030dhdf69,Institute of Cell Biology and Immunology Thurgau,https://ror.org/030dhdf69,https://ror.org/0546hnb39,University of Konstanz,Parent,Production
41568,https://github.com/ror-community/ror-updates/issues/41568,Modify the information in an existing ROR record: Institute of Cell Biology and Immunology Thurgau - https://ror.org/030dhdf69,University of Konstanz,https://ror.org/0546hnb39,https://ror.org/030dhdf69,Institute of Cell Biology and Immunology Thurgau,Child,Release
41569,https://github.com/ror-community/ror-updates/issues/41569,Modify the information in an existing ROR record: Klinički bolnički centar Osijek - https://ror.org/03vf51s41,Klinički bolnički centar Osijek,https://ror.org/03vf51s41,https://ror.org/05sw4wc49,University of Osijek,Related,Production
41569,https://github.com/ror-community/ror-updates/issues/41569,Modify the information in an existing ROR record: Klinički bolnički centar Osijek - https://ror.org/03vf51s41,University of Osijek,https://ror.org/05sw4wc49,https://ror.org/03vf51s41,Klinički bolnički centar Osijek,Related,Release
41570,https://github.com/ror-community/ror-updates/issues/41570,Modify the information in an existing ROR record: Instituto de Investigación Marqués de Valdecilla - https://ror.org/025gxrt12,Instituto de Investigación Marqués de Valdecilla,https://ror.org/025gxrt12,https://ror.org/046ffzj20,Universidad de Cantabria,Parent,Production
41570,https://github.com/ror-community/ror-updates/issues/41570,Modify the information in an existing ROR record: Instituto de Investigación Marqués de Valdecilla - https://ror.org/025gxrt12,Universidad de Cantabria,https://ror.org/046ffzj20,https://ror.org/025gxrt12,Instituto de Investigación Marqués de Valdecilla,Child,Release
41571,https://github.com/ror-community/ror-updates/issues/41571,Modify the information in an existing ROR record: Instituto de Investigación Biomédica de Lleida - https://ror.org/03mfyme49,Instituto de Investigación Biomédica de Lleida,https://ror.org/03mfyme49,https://ror.org/050c3cw24,Universitat de Lleida,Parent,Production
41571,https://github.com/ror-community/ror-updates/issues/41571,Modify the information in an existing ROR record: Instituto de Investigación Biomédica de Lleida - https://ror.org/03mfyme49,Universitat de Lleida,https://ror.org/050c3cw24,https://ror.org/03mfyme49,Instituto de Investigación Biomédica de Lleida,Child,Release
41572,https://github.com/ror-community/ror-updates/issues/41572,Modify the information in an existing ROR record: Ehime University Hospital - https://ror.org/01vpa9c32,Ehime University Hospital,https://ror.org/01vpa9c32,https://ror.org/017hkng22,Ehime University,Parent,Production
41572,https://github.com/ror-community/ror-updates/issues/41572,Modify the information in an existing ROR record: Ehime University Hospital - https://ror.org/01vpa9c32,Ehime University,https://ror.org/017hkng22,https://ror.org/01vpa9c32,Ehime University Hospital,Child,Release
41573,https://github.com/ror-community/ror-updates/issues/41573,Modify the information in an existing ROR record: Pusan National University Yangsan Hospital - https://ror.org/04kgg1090,Pusan National University Yangsan Hospital,https://ror.org/04kgg1090,https://ror.org/027zf7h57,Pusan National University Hospital,Parent,Production
41573,https://github.com/ror-community/ror-updates/issues/41573,Modify the information in an existing ROR record: Pusan National University Yangsan Hospital - https://ror.org/04kgg1090,Pusan National University Hospital,https://ror.org/027zf7h57,https://ror.org/04kgg1090,Pusan National University Yangsan Hospital,Child,Release
41574,https://github.com/ror-community/ror-updates/issues/41574,Modify the information in an existing ROR record: Centre Hospitalier Ibn Sina - https://ror.org/038zpvz53,Centre Hospitalier Ibn Sina,https://ror.org/038zpvz53,https://ror.org/00r8w8f84,Mohammed V University,Related,Production
41574,https://github.com/ror-community/ror-updates/issues/41574,Modify the information in an existing ROR record: Centre Hospitalier Ibn Sina - https://ror.org/038zpvz53,Mohammed V University,https://ror.org/00r8w8f84,https://ror.org/038zpvz53,Centre Hospitalier Ibn Sina,Related,Release
41575,https://github.com/ror-community/ror-updates/issues/41575,Modify the information in an existing ROR record: Hospital Barros Luco-Trudeau - https://ror.org/00gv7aj90,Hospital Barros Luco-Trudeau,https://ror.org/00gv7aj90,https://ror.org/02ma57s91,Universidad de Santiago de Chile,Related,Production
41575,https://github.com/ror-community/ror-updates/issues/41575,Modify the information in an existing ROR record: Hospital Barros Luco-Trudeau - https://ror.org/00gv7aj90,Universidad de Santiago de Chile,https://ror.org/02ma57s91,https://ror.org/00gv7aj90,Hospital Barros Luco-Trudeau,Related,Release
41575,https://github.com/ror-community/ror-updates/issues/41575,Modify the information in an existing ROR record: Hospital Barros Luco-Trudeau - https://ror.org/00gv7aj90,Hospital Barros Luco-Trudeau,https://ror.org/00gv7aj90,https://ror.org/047gc3g35,University of Chile,Related,Production
41575,https://github.com/ror-community/ror-updates/issues/41575,Modify the information in an existing ROR record: Hospital Barros Luco-Trudeau - https://ror.org/00gv7aj90,University of Chile,https://ror.org/047gc3g35,https://ror.org/00gv7aj90,Hospital Barros Luco-Trudeau,Related,Release
41576,https://github.com/ror-community/ror-updates/issues/41576,Modify the information in an existing ROR record: Guangzhou Women and Children Medical Center - https://ror.org/01g53at17,Guangzhou Women and Children Medical Center,https://ror.org/01g53at17,https://ror.org/0064kty71,Sun Yat-sen University,Related,Production
41576,https://github.com/ror-community/ror-updates/issues/41576,Modify the information in an existing ROR record: Guangzhou Women and Children Medical Center - https://ror.org/01g53at17,Sun Yat-sen University,https://ror.org/0064kty71,https://ror.org/01g53at17,Guangzhou Women and Children Medical Center,Related,Release
41576,https://github.com/ror-community/ror-updates/issues/41576,Modify the information in an existing ROR record: Guangzhou Women and Children Medical Center - https://ror.org/01g53at17,Guangzhou Women and Children Medical Center,https://ror.org/01g53at17,https://ror.org/02xe5ns62,Jinan University,Related,Production
41576,https://github.com/ror-community/ror-updates/issues/41576,Modify the information in an existing ROR record: Guangzhou Women and Children Medical Center - https://ror.org/01g53at17,Jinan University,https://ror.org/02xe5ns62,https://ror.org/01g53at17,Guangzhou Women and Children Medical Center,Related,Release
41577,https://github.com/ror-community/ror-updates/issues/41577,Modify the information in an existing ROR record: Colorado School of Public Health - https://ror.org/005x9g035,Colorado School of Public Health,https://ror.org/005x9g035,https://ror.org/03k1gpj17,Colorado State University,Related,Production
41577,https://github.com/ror-community/ror-updates/issues/41577,Modify the information in an existing ROR record: Colorado School of Public Health - https://ror.org/005x9g035,Colorado State University,https://ror.org/03k1gpj17,https://ror.org/005x9g035,Colorado School of Public Health,Related,Release
41577,https://github.com/ror-community/ror-updates/issues/41577,Modify the information in an existing ROR record: Colorado School of Public Health - https://ror.org/005x9g035,Colorado School of Public Health,https://ror.org/005x9g035,https://ror.org/016bysn57,University of Northern Colorado,Related,Production
41577,https://github.com/ror-community/ror-updates/issues/41577,Modify the information in an existing ROR record: Colorado School of Public Health - https://ror.org/005x9g035,University of Northern Colorado,https://ror.org/016bysn57,https://ror.org/005x9g035,Colorado School of Public Health,Related,Release
41577,https://github.com/ror-community/ror-updates/issues/41577,Modify the information in an existing ROR record: Colorado School of Public Health - https://ror.org/005x9g035,Colorado School of Public Health,https://ror.org/005x9g035,https://ror.org/03wmf1y16,University of Colorado Anschutz,Related,Production
41577,https://github.com/ror-community/ror-updates/issues/41577,Modify the information in an existing ROR record: Colorado School of Public Health - https://ror.org/005x9g035,University of Colorado Anschutz,https://ror.org/03wmf1y16,https://ror.org/005x9g035,Colorado School of Public Health,Related,Release
41578,https://github.com/ror-community/ror-updates/issues/41578,Modify the information in an existing ROR record: Laboratoire de Réactivité et Chimie des Solides - https://ror.org/02m9cs548,Laboratoire de Réactivité et Chimie des Solides,https://ror.org/02m9cs548,https://ror.org/00190j002,Réseau sur le Stockage Electrochimique de l'énergie,Related,Production
41578,https://github.com/ror-community/ror-updates/issues/41578,Modify the information in an existing ROR record: Laboratoire de Réactivité et Chimie des Solides - https://ror.org/02m9cs548,Réseau sur le Stockage Electrochimique de l'énergie,https://ror.org/00190j002,https://ror.org/02m9cs548,Laboratoire de Réactivité et Chimie des Solides,Related,Release
41579,https://github.com/ror-community/ror-updates/issues/41579,Modify the information in an existing ROR record: Laboratoire de Cristallographie et Sciences des Matériaux - https://ror.org/04310tc15,Laboratoire de Cristallographie et Sciences des Matériaux,https://ror.org/04310tc15,https://ror.org/00190j002,Réseau sur le Stockage Electrochimique de l'énergie,Related,Production
41579,https://github.com/ror-community/ror-updates/issues/41579,Modify the information in an existing ROR record: Laboratoire de Cristallographie et Sciences des Matériaux - https://ror.org/04310tc15,Réseau sur le Stockage Electrochimique de l'énergie,https://ror.org/00190j002,https://ror.org/04310tc15,Laboratoire de Cristallographie et Sciences des Matériaux,Related,Release
41580,https://github.com/ror-community/ror-updates/issues/41580,Modify the information in an existing ROR record: Laboratoire Analyse et Modélisation pour la Biologie et l'Environnement - https://ror.org/00wwxk695,Laboratoire Analyse et Modélisation pour la Biologie et l'Environnement,https://ror.org/00wwxk695,https://ror.org/00190j002,Réseau sur le Stockage Electrochimique de l'énergie,Related,Production
41580,https://github.com/ror-community/ror-updates/issues/41580,Modify the information in an existing ROR record: Laboratoire Analyse et Modélisation pour la Biologie et l'Environnement - https://ror.org/00wwxk695,Réseau sur le Stockage Electrochimique de l'énergie,https://ror.org/00190j002,https://ror.org/00wwxk695,Laboratoire Analyse et Modélisation pour la Biologie et l'Environnement,Related,Release
41581,https://github.com/ror-community/ror-updates/issues/41581,Modify the information in an existing ROR record: PHENIX laboratory - https://ror.org/046htjf88,PHENIX laboratory,https://ror.org/046htjf88,https://ror.org/00190j002,Réseau sur le Stockage Electrochimique de l'énergie,Related,Production
41581,https://github.com/ror-community/ror-updates/issues/41581,Modify the information in an existing ROR record: PHENIX laboratory - https://ror.org/046htjf88,Réseau sur le Stockage Electrochimique de l'énergie,https://ror.org/00190j002,https://ror.org/046htjf88,PHENIX laboratory,Related,Release
41582,https://github.com/ror-community/ror-updates/issues/41582,Modify the information in an existing ROR record: Laboratoire d’Electrochimie et de Physico-chimie des Matériaux et des Interfaces - https://ror.org/04axb9j69,Laboratoire d’Electrochimie et de Physico-chimie des Matériaux et des Interfaces,https://ror.org/04axb9j69,https://ror.org/00190j002,Réseau sur le Stockage Electrochimique de l'énergie,Related,Production
41582,https://github.com/ror-community/ror-updates/issues/41582,Modify the information in an existing ROR record: Laboratoire d’Electrochimie et de Physico-chimie des Matériaux et des Interfaces - https://ror.org/04axb9j69,Réseau sur le Stockage Electrochimique de l'énergie,https://ror.org/00190j002,https://ror.org/04axb9j69,Laboratoire d’Electrochimie et de Physico-chimie des Matériaux et des Interfaces,Related,Release
41583,https://github.com/ror-community/ror-updates/issues/41583,Modify the information in an existing ROR record: Institut des Sciences Analytiques et de Physico-Chimie pour l'Environnement et les Matériaux - https://ror.org/00222yk13,Institut des Sciences Analytiques et de Physico-Chimie pour l'Environnement et les Matériaux,https://ror.org/00222yk13,https://ror.org/00190j002,Réseau sur le Stockage Electrochimique de l'énergie,Related,Production
41583,https://github.com/ror-community/ror-updates/issues/41583,Modify the information in an existing ROR record: Institut des Sciences Analytiques et de Physico-Chimie pour l'Environnement et les Matériaux - https://ror.org/00222yk13,Réseau sur le Stockage Electrochimique de l'énergie,https://ror.org/00190j002,https://ror.org/00222yk13,Institut des Sciences Analytiques et de Physico-Chimie pour l'Environnement et les Matériaux,Related,Release
41583,https://github.com/ror-community/ror-updates/issues/41583,Modify the information in an existing ROR record: Institut des Sciences Analytiques et de Physico-Chimie pour l'Environnement et les Matériaux - https://ror.org/00222yk13,Institut des Sciences Analytiques et de Physico-Chimie pour l'Environnement et les Matériaux,https://ror.org/00222yk13,https://ror.org/03e8rf594,IMT Mines Alès,Parent,Production
41583,https://github.com/ror-community/ror-updates/issues/41583,Modify the information in an existing ROR record: Institut des Sciences Analytiques et de Physico-Chimie pour l'Environnement et les Matériaux - https://ror.org/00222yk13,IMT Mines Alès,https://ror.org/03e8rf594,https://ror.org/00222yk13,Institut des Sciences Analytiques et de Physico-Chimie pour l'Environnement et les Matériaux,Child,Release
41584,https://github.com/ror-community/ror-updates/issues/41584,Modify the information in an existing ROR record: Centre de Mise en Forme des Matériaux - https://ror.org/00qm1ye08,Centre de Mise en Forme des Matériaux,https://ror.org/00qm1ye08,https://ror.org/013cjyk83,Université Paris Sciences et Lettres,Parent,Production
41584,https://github.com/ror-community/ror-updates/issues/41584,Modify the information in an existing ROR record: Centre de Mise en Forme des Matériaux - https://ror.org/00qm1ye08,Université Paris Sciences et Lettres,https://ror.org/013cjyk83,https://ror.org/00qm1ye08,Centre de Mise en Forme des Matériaux,Child,Release
41585,https://github.com/ror-community/ror-updates/issues/41585,Modify the information in an existing ROR record: Collegio Carlo Alberto - https://ror.org/0397knh37,Collegio Carlo Alberto,https://ror.org/0397knh37,https://ror.org/048tbm396,University of Turin,Related,Production
41585,https://github.com/ror-community/ror-updates/issues/41585,Modify the information in an existing ROR record: Collegio Carlo Alberto - https://ror.org/0397knh37,University of Turin,https://ror.org/048tbm396,https://ror.org/0397knh37,Collegio Carlo Alberto,Related,Release
41585,https://github.com/ror-community/ror-updates/issues/41585,Modify the information in an existing ROR record: Collegio Carlo Alberto - https://ror.org/0397knh37,Collegio Carlo Alberto,https://ror.org/0397knh37,https://ror.org/00d1b1c41,Compagnia di San Paolo,Related,Production
41585,https://github.com/ror-community/ror-updates/issues/41585,Modify the information in an existing ROR record: Collegio Carlo Alberto - https://ror.org/0397knh37,Compagnia di San Paolo,https://ror.org/00d1b1c41,https://ror.org/0397knh37,Collegio Carlo Alberto,Related,Release
41586,https://github.com/ror-community/ror-updates/issues/41586,Modify the information in an existing ROR record: Cancer Registry of Norway - https://ror.org/03sm1ej59,Cancer Registry of Norway,https://ror.org/03sm1ej59,https://ror.org/00j9c2840,Oslo University Hospital,Related,Production
41586,https://github.com/ror-community/ror-updates/issues/41586,Modify the information in an existing ROR record: Cancer Registry of Norway - https://ror.org/03sm1ej59,Oslo University Hospital,https://ror.org/00j9c2840,https://ror.org/03sm1ej59,Cancer Registry of Norway,Related,Release
41587,https://github.com/ror-community/ror-updates/issues/41587,Modify the information in an existing ROR record: Bjerknes Centre for Climate Research - https://ror.org/011n96f14,Bjerknes Centre for Climate Research,https://ror.org/011n96f14,https://ror.org/03zga2b32,University of Bergen,Parent,Production
41587,https://github.com/ror-community/ror-updates/issues/41587,Modify the information in an existing ROR record: Bjerknes Centre for Climate Research - https://ror.org/011n96f14,University of Bergen,https://ror.org/03zga2b32,https://ror.org/011n96f14,Bjerknes Centre for Climate Research,Child,Release
41587,https://github.com/ror-community/ror-updates/issues/41587,Modify the information in an existing ROR record: Bjerknes Centre for Climate Research - https://ror.org/011n96f14,Bjerknes Centre for Climate Research,https://ror.org/011n96f14,https://ror.org/05ey0h058,Nansen Environmental and Remote Sensing Center,Parent,Production
41587,https://github.com/ror-community/ror-updates/issues/41587,Modify the information in an existing ROR record: Bjerknes Centre for Climate Research - https://ror.org/011n96f14,Nansen Environmental and Remote Sensing Center,https://ror.org/05ey0h058,https://ror.org/011n96f14,Bjerknes Centre for Climate Research,Child,Release
41587,https://github.com/ror-community/ror-updates/issues/41587,Modify the information in an existing ROR record: Bjerknes Centre for Climate Research - https://ror.org/011n96f14,Bjerknes Centre for Climate Research,https://ror.org/011n96f14,https://ror.org/05vg74d16,Norwegian Institute of Marine Research,Parent,Production
41587,https://github.com/ror-community/ror-updates/issues/41587,Modify the information in an existing ROR record: Bjerknes Centre for Climate Research - https://ror.org/011n96f14,Norwegian Institute of Marine Research,https://ror.org/05vg74d16,https://ror.org/011n96f14,Bjerknes Centre for Climate Research,Child,Release
41588,https://github.com/ror-community/ror-updates/issues/41588,Modify the information in an existing ROR record: International Research Institute of Stavanger - https://ror.org/0502t5s28,International Research Institute of Stavanger,https://ror.org/0502t5s28,https://ror.org/02qte9q33,University of Stavanger,Parent,Production
41588,https://github.com/ror-community/ror-updates/issues/41588,Modify the information in an existing ROR record: International Research Institute of Stavanger - https://ror.org/0502t5s28,University of Stavanger,https://ror.org/02qte9q33,https://ror.org/0502t5s28,International Research Institute of Stavanger,Child,Release
41596,https://github.com/ror-community/ror-updates/issues/41596,Add a new organization to ROR: Escape Studios (United Kingdom),Escape Studios,https://ror.org/05nfhtt82,https://ror.org/01tgmhj36,Coventry University,Related,Production
41596,https://github.com/ror-community/ror-updates/issues/41596,Add a new organization to ROR: Escape Studios (United Kingdom),Coventry University,https://ror.org/01tgmhj36,https://ror.org/05nfhtt82,Escape Studios,Related,Release
41602,https://github.com/ror-community/ror-updates/issues/41602,Add a new organization to ROR: UCL School of Pharmacy (United Kingdom),UCL School of Pharmacy,https://ror.org/01zna6t55,https://ror.org/02jx3x895,University College London,Parent,Production
41602,https://github.com/ror-community/ror-updates/issues/41602,Add a new organization to ROR: UCL School of Pharmacy (United Kingdom),University College London,https://ror.org/02jx3x895,https://ror.org/01zna6t55,UCL School of Pharmacy,Child,Release
41607,https://github.com/ror-community/ror-updates/issues/41607,"Add a new organization to ROR: Wyższa Szkoła Hotelarstwa, Gastronomii i Turystyki (Poland)","Wyższa Szkoła Hotelarstwa, Gastronomii i Turystyki",https://ror.org/022e3zt06,https://ror.org/00a6ywr91,Vistula School of Hospitality,Successor,Production
41607,https://github.com/ror-community/ror-updates/issues/41607,"Add a new organization to ROR: Wyższa Szkoła Hotelarstwa, Gastronomii i Turystyki (Poland)",Vistula School of Hospitality,https://ror.org/00a6ywr91,https://ror.org/022e3zt06,"Wyższa Szkoła Hotelarstwa, Gastronomii i Turystyki",Predecessor,Release
41609,https://github.com/ror-community/ror-updates/issues/41609,Add a new organization to ROR: Norwegian School of Information Technology (Norway),Norwegian School of Information Technology,https://ror.org/009j1e469,https://ror.org/02re25503,"Westerdals Oslo School of Arts, Communication and Technology",Successor,Production
41609,https://github.com/ror-community/ror-updates/issues/41609,Add a new organization to ROR: Norwegian School of Information Technology (Norway),"Westerdals Oslo School of Arts, Communication and Technology",https://ror.org/02re25503,https://ror.org/009j1e469,Norwegian School of Information Technology,Predecessor,Release
41610,https://github.com/ror-community/ror-updates/issues/41610,Add a new organization to ROR: Buskerud and Vestfold University College (Norway),Buskerud and Vestfold University College,https://ror.org/00bhc0620,https://ror.org/04k0yqc48,Buskerud University College,Predecessor,Production
41610,https://github.com/ror-community/ror-updates/issues/41610,Add a new organization to ROR: Buskerud and Vestfold University College (Norway),Buskerud University College,https://ror.org/04k0yqc48,https://ror.org/00bhc0620,Buskerud and Vestfold University College,Successor,Release
41610,https://github.com/ror-community/ror-updates/issues/41610,Add a new organization to ROR: Buskerud and Vestfold University College (Norway),Buskerud and Vestfold University College,https://ror.org/00bhc0620,https://ror.org/00zcy2665,Vestfold University College,Predecessor,Production
41610,https://github.com/ror-community/ror-updates/issues/41610,Add a new organization to ROR: Buskerud and Vestfold University College (Norway),Vestfold University College,https://ror.org/00zcy2665,https://ror.org/00bhc0620,Buskerud and Vestfold University College,Successor,Release
41610,https://github.com/ror-community/ror-updates/issues/41610,Add a new organization to ROR: Buskerud and Vestfold University College (Norway),Buskerud and Vestfold University College,https://ror.org/00bhc0620,https://ror.org/05ecg5h20,University of South-Eastern Norway,Successor,Production
41610,https://github.com/ror-community/ror-updates/issues/41610,Add a new organization to ROR: Buskerud and Vestfold University College (Norway),University of South-Eastern Norway,https://ror.org/05ecg5h20,https://ror.org/00bhc0620,Buskerud and Vestfold University College,Predecessor,Release
41611,https://github.com/ror-community/ror-updates/issues/41611,Add a new organization to ROR: Telemark University College (Norway),Telemark University College,https://ror.org/04kh49447,https://ror.org/05ecg5h20,University of South-Eastern Norway,Successor,Production
41611,https://github.com/ror-community/ror-updates/issues/41611,Add a new organization to ROR: Telemark University College (Norway),University of South-Eastern Norway,https://ror.org/05ecg5h20,https://ror.org/04kh49447,Telemark University College,Predecessor,Release
41612,https://github.com/ror-community/ror-updates/issues/41612,Add a new organization to ROR: Sør-Trøndelag University College (Norway),Høgskolen i Sør-Trøndelag,https://ror.org/006w3dn93,https://ror.org/05xg72x27,Norwegian University of Science and Technology,Successor,Production
41612,https://github.com/ror-community/ror-updates/issues/41612,Add a new organization to ROR: Sør-Trøndelag University College (Norway),Norwegian University of Science and Technology,https://ror.org/05xg72x27,https://ror.org/006w3dn93,Høgskolen i Sør-Trøndelag,Predecessor,Release
41613,https://github.com/ror-community/ror-updates/issues/41613,Add a new organization to ROR: Gjøvik University College (Norway),Gjøvik University College,https://ror.org/01rv54421,https://ror.org/05xg72x27,Norwegian University of Science and Technology,Successor,Production
41613,https://github.com/ror-community/ror-updates/issues/41613,Add a new organization to ROR: Gjøvik University College (Norway),Norwegian University of Science and Technology,https://ror.org/05xg72x27,https://ror.org/01rv54421,Gjøvik University College,Predecessor,Release
41614,https://github.com/ror-community/ror-updates/issues/41614,Add a new organization to ROR: Nord-Trøndelag University College (Norway),Høgskolen i Nord-Trøndelag,https://ror.org/04rddme10,https://ror.org/030mwrt98,Nord University,Successor,Production
41614,https://github.com/ror-community/ror-updates/issues/41614,Add a new organization to ROR: Nord-Trøndelag University College (Norway),Nord University,https://ror.org/030mwrt98,https://ror.org/04rddme10,Høgskolen i Nord-Trøndelag,Predecessor,Release
41615,https://github.com/ror-community/ror-updates/issues/41615,Add a new organization to ROR: Nesna University College (Norway),Høgskolen i Nesna,https://ror.org/05s3e4y08,https://ror.org/030mwrt98,Nord University,Successor,Production
41615,https://github.com/ror-community/ror-updates/issues/41615,Add a new organization to ROR: Nesna University College (Norway),Nord University,https://ror.org/030mwrt98,https://ror.org/05s3e4y08,Høgskolen i Nesna,Predecessor,Release
41616,https://github.com/ror-community/ror-updates/issues/41616,Add a new organization to ROR: Narvik University College (Norway),Narvik University College,https://ror.org/03gkhem91,https://ror.org/00wge5k78,UiT The Arctic University of Norway,Successor,Production
41616,https://github.com/ror-community/ror-updates/issues/41616,Add a new organization to ROR: Narvik University College (Norway),UiT The Arctic University of Norway,https://ror.org/00wge5k78,https://ror.org/03gkhem91,Narvik University College,Predecessor,Release
41617,https://github.com/ror-community/ror-updates/issues/41617,Add a new organization to ROR: Lillehammer University College (Norway),Lillehammer University College,https://ror.org/028791245,https://ror.org/02dx4dc92,University of Inland Norway,Successor,Production
41617,https://github.com/ror-community/ror-updates/issues/41617,Add a new organization to ROR: Lillehammer University College (Norway),University of Inland Norway,https://ror.org/02dx4dc92,https://ror.org/028791245,Lillehammer University College,Predecessor,Release
41618,https://github.com/ror-community/ror-updates/issues/41618,Add a new organization to ROR: Hedmark University College (Norway),Hedmark University College,https://ror.org/006x5v773,https://ror.org/02dx4dc92,University of Inland Norway,Successor,Production
41618,https://github.com/ror-community/ror-updates/issues/41618,Add a new organization to ROR: Hedmark University College (Norway),University of Inland Norway,https://ror.org/02dx4dc92,https://ror.org/006x5v773,Hedmark University College,Predecessor,Release
41619,https://github.com/ror-community/ror-updates/issues/41619,Add a new organization to ROR: Polytechnic of Varaždin (Croatia),Polytechnic of Varaždin,https://ror.org/00f87mx29,https://ror.org/01afbkc02,University North,Successor,Production
41619,https://github.com/ror-community/ror-updates/issues/41619,Add a new organization to ROR: Polytechnic of Varaždin (Croatia),University North,https://ror.org/01afbkc02,https://ror.org/00f87mx29,Polytechnic of Varaždin,Predecessor,Release
41622,https://github.com/ror-community/ror-updates/issues/41622,Add a new organization to ROR: Institut national supérieur du professorat et de l'éducation de la Nouvelle-Calédonie (New Caledonia),Institut national supérieur du professorat et de l'éducation de la Nouvelle-Calédonie,https://ror.org/01pv6r606,https://ror.org/02jrgcx64,University of New Caledonia,Parent,Production
41622,https://github.com/ror-community/ror-updates/issues/41622,Add a new organization to ROR: Institut national supérieur du professorat et de l'éducation de la Nouvelle-Calédonie (New Caledonia),University of New Caledonia,https://ror.org/02jrgcx64,https://ror.org/01pv6r606,Institut national supérieur du professorat et de l'éducation de la Nouvelle-Calédonie,Child,Release
41623,https://github.com/ror-community/ror-updates/issues/41623,Add a new organization to ROR: Institut Français de Mécanique Avancée (France),Institut Français de Mécanique Avancée,https://ror.org/03e70sr98,https://ror.org/02n5evf44,Sigma Clermont,Successor,Production
41623,https://github.com/ror-community/ror-updates/issues/41623,Add a new organization to ROR: Institut Français de Mécanique Avancée (France),Sigma Clermont,https://ror.org/02n5evf44,https://ror.org/03e70sr98,Institut Français de Mécanique Avancée,Predecessor,Release
41624,https://github.com/ror-community/ror-updates/issues/41624,Add a new organization to ROR: École régionale des beaux-arts de Rennes (France),École régionale des beaux-arts de Rennes,https://ror.org/00mrbth03,https://ror.org/04rw0w260,École Européenne Supérieure d'Art de Bretagne,Successor,Production
41624,https://github.com/ror-community/ror-updates/issues/41624,Add a new organization to ROR: École régionale des beaux-arts de Rennes (France),École Européenne Supérieure d'Art de Bretagne,https://ror.org/04rw0w260,https://ror.org/00mrbth03,École régionale des beaux-arts de Rennes,Predecessor,Release
41625,https://github.com/ror-community/ror-updates/issues/41625,Add a new organization to ROR: The Royal School of Library and Information Science (Denmark),The Royal School of Library and Information Science,https://ror.org/00hmp3e82,https://ror.org/035b05819,University of Copenhagen,Successor,Production
41625,https://github.com/ror-community/ror-updates/issues/41625,Add a new organization to ROR: The Royal School of Library and Information Science (Denmark),University of Copenhagen,https://ror.org/035b05819,https://ror.org/00hmp3e82,The Royal School of Library and Information Science,Predecessor,Release
41627,https://github.com/ror-community/ror-updates/issues/41627,Add a new organization to ROR: Central Bohemian Institute of Higher Education (Czechia),Central Bohemian Institute of Higher Education,https://ror.org/0015jr659,https://ror.org/015t1sz24,College of Information Management Business Administration and Law,Successor,Production
41627,https://github.com/ror-community/ror-updates/issues/41627,Add a new organization to ROR: Central Bohemian Institute of Higher Education (Czechia),College of Information Management Business Administration and Law,https://ror.org/015t1sz24,https://ror.org/0015jr659,Central Bohemian Institute of Higher Education,Predecessor,Release
41629,https://github.com/ror-community/ror-updates/issues/41629,Add a new organization to ROR: Cyprus School of Molecular Medicine (Cyprus),The Cyprus Institute of Neurology & Genetics - Postgraduate Education,https://ror.org/00v32pe12,https://ror.org/01ggsp920,Cyprus Institute of Neurology and Genetics,Parent,Production
41629,https://github.com/ror-community/ror-updates/issues/41629,Add a new organization to ROR: Cyprus School of Molecular Medicine (Cyprus),Cyprus Institute of Neurology and Genetics,https://ror.org/01ggsp920,https://ror.org/00v32pe12,The Cyprus Institute of Neurology & Genetics - Postgraduate Education,Child,Release
41630,https://github.com/ror-community/ror-updates/issues/41630,Add a new organization to ROR: Cyprus Police Academy (Cyprus),Cyprus Police Academy,https://ror.org/01tbpk274,https://ror.org/008y40y60,Cyprus Police,Parent,Production
41630,https://github.com/ror-community/ror-updates/issues/41630,Add a new organization to ROR: Cyprus Police Academy (Cyprus),Cyprus Police,https://ror.org/008y40y60,https://ror.org/01tbpk274,Cyprus Police Academy,Child,Release
41635,https://github.com/ror-community/ror-updates/issues/41635,Add a new organization to ROR: Katholieke Hogeschool Vives Zuid (Belgium),Katholieke Hogeschool Zuid-West-Vlaanderen,https://ror.org/01paesh88,https://ror.org/02rnb8t27,Katholieke Hogeschool Vives,Successor,Production
41635,https://github.com/ror-community/ror-updates/issues/41635,Add a new organization to ROR: Katholieke Hogeschool Vives Zuid (Belgium),Katholieke Hogeschool Vives,https://ror.org/02rnb8t27,https://ror.org/01paesh88,Katholieke Hogeschool Zuid-West-Vlaanderen,Predecessor,Release
41636,https://github.com/ror-community/ror-updates/issues/41636,Add a new organization to ROR: Katholieke Hogeschool Leuven (Belgium),Katholieke Hogeschool Leuven,https://ror.org/050hfs678,https://ror.org/03zq0dg86,University Colleges Leuven-Limburg,Successor,Production
41636,https://github.com/ror-community/ror-updates/issues/41636,Add a new organization to ROR: Katholieke Hogeschool Leuven (Belgium),University Colleges Leuven-Limburg,https://ror.org/03zq0dg86,https://ror.org/050hfs678,Katholieke Hogeschool Leuven,Predecessor,Release
41637,https://github.com/ror-community/ror-updates/issues/41637,Add a new organization to ROR: Katholieke Hogeschool Limburg (Belgium),Katholieke Hogeschool Limburg,https://ror.org/0003kr407,https://ror.org/03zq0dg86,University Colleges Leuven-Limburg,Successor,Production
41637,https://github.com/ror-community/ror-updates/issues/41637,Add a new organization to ROR: Katholieke Hogeschool Limburg (Belgium),University Colleges Leuven-Limburg,https://ror.org/03zq0dg86,https://ror.org/0003kr407,Katholieke Hogeschool Limburg,Predecessor,Release
41638,https://github.com/ror-community/ror-updates/issues/41638,Add a new organization to ROR: Institut Supérieur d'Agriculture de Lille (France),Institut Supérieur d'Agriculture de Lille,https://ror.org/00m3p2e79,https://ror.org/02evec030,JUNIA,Successor,Production
41638,https://github.com/ror-community/ror-updates/issues/41638,Add a new organization to ROR: Institut Supérieur d'Agriculture de Lille (France),JUNIA,https://ror.org/02evec030,https://ror.org/00m3p2e79,Institut Supérieur d'Agriculture de Lille,Predecessor,Release
41639,https://github.com/ror-community/ror-updates/issues/41639,Add a new organization to ROR: Fachhochschule für angewandte Militärwissenschaften (Austria),Fachhochschule für angewandte Militärwissenschaften,https://ror.org/01spxbf87,https://ror.org/02pfhbd70,Federal Ministry of Defence,Parent,Production
41639,https://github.com/ror-community/ror-updates/issues/41639,Add a new organization to ROR: Fachhochschule für angewandte Militärwissenschaften (Austria),Federal Ministry of Defence,https://ror.org/02pfhbd70,https://ror.org/01spxbf87,Fachhochschule für angewandte Militärwissenschaften,Child,Release
41642,https://github.com/ror-community/ror-updates/issues/41642,"Add a new organization to ROR: 
 
B.S.A. (P.G.) College, Mathura",Babu Shivnath Agrawal (PG) College,https://ror.org/036gbmg32,https://ror.org/00k4ab982,Dr. Bhimrao Ambedkar University,Related,Production
41642,https://github.com/ror-community/ror-updates/issues/41642,"Add a new organization to ROR: 
 
B.S.A. (P.G.) College, Mathura",Dr. Bhimrao Ambedkar University,https://ror.org/00k4ab982,https://ror.org/036gbmg32,Babu Shivnath Agrawal (PG) College,Related,Release
39686,https://github.com/ror-community/ror-updates/issues/39686,"Add a new organization to ROR: 
 
Croatian Association for Cancer Research",Hrvatsko društvo za istraživanje raka,https://ror.org/05rktfw30,https://ror.org/031p7wh32,European Association for Cancer Research,Related,Production
39686,https://github.com/ror-community/ror-updates/issues/39686,"Add a new organization to ROR: 
 
Croatian Association for Cancer Research",European Association for Cancer Research,https://ror.org/031p7wh32,https://ror.org/05rktfw30,Hrvatsko društvo za istraživanje raka,Related,Release
41916,https://github.com/ror-community/ror-updates/issues/41916,Modify the information in an existing ROR record: Instituto Tecnológico de Oaxaca - https://ror.org/03s3m8k31,Instituto Tecnológico de Oaxaca,https://ror.org/03s3m8k31,https://ror.org/00davry38,Tecnológico Nacional de México,Parent,Production
41916,https://github.com/ror-community/ror-updates/issues/41916,Modify the information in an existing ROR record: Instituto Tecnológico de Oaxaca - https://ror.org/03s3m8k31,Tecnológico Nacional de México,https://ror.org/00davry38,https://ror.org/03s3m8k31,Instituto Tecnológico de Oaxaca,Child,Release
41922,https://github.com/ror-community/ror-updates/issues/41922,Modify the information in an existing ROR record: BGE Technology (Germany) - https://ror.org/04g046t84,BGE Technology (Germany),https://ror.org/04g046t84,https://ror.org/050asrz41,Bundesgesellschaft für Endlagerung,Parent,Production
41922,https://github.com/ror-community/ror-updates/issues/41922,Modify the information in an existing ROR record: BGE Technology (Germany) - https://ror.org/04g046t84,Bundesgesellschaft für Endlagerung,https://ror.org/050asrz41,https://ror.org/04g046t84,BGE Technology (Germany),Child,Release
41923,https://github.com/ror-community/ror-updates/issues/41923,Modify the information in an existing ROR record: Abbasqulu Ağa Bakıxanov adına Tarix və Etnologiya İnstitutu - https://ror.org/01rbf3264,Abbasqulu Ağa Bakıxanov adına Tarix və Etnologiya İnstitutu,https://ror.org/01rbf3264,https://ror.org/006m4q736,Azerbaijan National Academy of Sciences,Parent,Production
41923,https://github.com/ror-community/ror-updates/issues/41923,Modify the information in an existing ROR record: Abbasqulu Ağa Bakıxanov adına Tarix və Etnologiya İnstitutu - https://ror.org/01rbf3264,Azerbaijan National Academy of Sciences,https://ror.org/006m4q736,https://ror.org/01rbf3264,Abbasqulu Ağa Bakıxanov adına Tarix və Etnologiya İnstitutu,Child,Release
41924,https://github.com/ror-community/ror-updates/issues/41924,Modify the information in an existing ROR record: Acumen (United States) - https://ror.org/01c0hdt76,Acumen (United States),https://ror.org/01c0hdt76,https://ror.org/04k6f4x16,Sphere Institute,Related,Production
41924,https://github.com/ror-community/ror-updates/issues/41924,Modify the information in an existing ROR record: Acumen (United States) - https://ror.org/01c0hdt76,Sphere Institute,https://ror.org/04k6f4x16,https://ror.org/01c0hdt76,Acumen (United States),Related,Release
